window_id,sequence_id,category,predicted_category,predicted_probability,correct,probability_apple,probability_ball,probability_baseballbat,probability_bench,probability_book,probability_bowl,probability_cake,probability_carrot,probability_chair,probability_cup,probability_frisbee,probability_handbag,probability_hydrant,probability_kite,probability_microwave,probability_mouse,probability_parkingmeter,probability_plant,probability_sandwich,probability_stopsign,probability_teddybear,probability_toilet,probability_toyplane,probability_toytruck,probability_umbrella,probability_wineglass
window-e1edbfe040dcbf2dec79,290_30764_58570,apple,bench,0.7006486654281616,False,0.003957090899348259,3.7834517570445314e-05,0.00031520589254796505,0.7006486654281616,0.0001340771996183321,2.662408071785194e-08,0.00557490810751915,1.8118314983439632e-05,9.720062735141255e-06,0.0012984437635168433,0.007829878479242325,0.009168935008347034,2.3636423374107096e-10,0.0018917395500466228,0.012406064197421074,1.816542680899147e-05,1.6656349188792774e-08,6.200725238159066e-06,2.6876873562287074e-06,8.097564285769465e-10,0.054554007947444916,2.5270224796258844e-05,0.00025845534401014447,0.00492100091651082,0.1956961303949356,0.0012274013133719563
window-ae68d79847b040fb5717,290_30764_58570,apple,umbrella,0.6644572019577026,False,2.658184530446306e-05,1.1920072211069055e-05,0.04258209094405174,0.10724197328090668,0.03452663496136665,6.892826718285505e-07,0.06690888106822968,4.845819148613373e-06,1.0692641581044882e-06,0.00024098032736219466,0.0241093672811985,0.03143729269504547,1.0501853831001995e-09,2.847147152351681e-05,0.015670694410800934,0.002128078369423747,4.995878377656027e-09,1.3370896340347826e-05,0.00035933966864831746,1.6034144678656048e-08,0.0013781329616904259,3.352545900270343e-05,0.002744115889072418,0.0003506537468638271,0.6644572019577026,0.005744113586843014
window-501907bd0e667a2054d4,290_30764_58570,apple,bench,0.32063060998916626,False,0.0012657020706683397,2.5788882339838892e-05,0.1781056523323059,0.32063060998916626,0.015536703169345856,4.0184568206314e-07,0.0030712143052369356,2.7860693080583587e-05,1.1720871043507941e-05,0.0001323935721302405,0.000821637746412307,0.10650046169757843,8.331522693971749e-10,1.8715766145760426e-06,0.05124964192509651,0.007602466270327568,4.4194820025822423e-10,0.00013851458788849413,0.00022969557903707027,1.3509841245706866e-08,0.005233554169535637,3.174601442879066e-05,0.001607386744581163,0.005103168543428183,0.2883111834526062,0.014360628090798855
window-95e7dc4645083785d668,290_30764_58570,apple,microwave,0.3207198977470398,False,0.016301652416586876,0.0006807368481531739,0.02982291579246521,0.22553840279579163,0.005300815682858229,4.494729637372075e-06,0.0059745353646576405,0.00037799697020091116,0.0029043485410511494,0.002467932179570198,1.800697464204859e-05,0.10068144649267197,2.5040222340066975e-07,0.0005066077574156225,0.3207198977470398,0.006624235305935144,4.768502748220271e-08,0.0013215080834925175,0.00010336261038901284,1.2442276375868033e-10,0.006042166147381067,0.0002831448509823531,0.01004101149737835,0.00469166086986661,0.15435220301151276,0.10524064302444458
window-584f77e403055e2362e3,351_37090_68533,apple,baseballbat,0.5297483205795288,False,0.0922764390707016,1.7660995581536554e-05,0.5297483205795288,5.19478953719954e-06,0.00010773029498523101,2.1576591208161133e-11,0.00039786630077287555,0.0002864497946575284,0.0009750770404934883,0.005363980308175087,1.3019371181144379e-05,0.001555882627144456,8.380899174653678e-08,6.116202257544501e-06,0.0001429758412996307,0.0014233242254704237,6.608366740108729e-14,5.1596329285530373e-05,2.4025455786613747e-05,1.5714510991299627e-15,0.000471017585368827,1.36540423412157e-08,0.3594585657119751,0.0015744473785161972,2.2249983885558322e-05,0.0060779801569879055
window-4bdcb0edbca0e6fc71db,351_37090_68533,apple,wineglass,0.41518718004226685,False,0.12748286128044128,0.009487980045378208,0.01863262988626957,3.043602418983937e-07,0.00010023912909673527,3.357815714366552e-08,0.0029302758630365133,0.0095974737778306,0.00046350457705557346,0.19919972121715546,0.01337533351033926,1.8842001736629754e-06,5.2126033524280135e-12,0.0003812835493590683,0.00011935963266296312,0.0021886462345719337,1.0641001043640425e-21,2.3709327834353644e-08,0.006033889949321747,1.3932799208883052e-21,7.196827937150374e-05,3.8540781677198765e-10,0.0961701050400734,0.09857503324747086,2.726927732510376e-07,0.41518718004226685
window-f97d733801dd12ac99fd,39_1806_5235,apple,apple,0.94921875,True,0.94921875,0.0003019477298948914,0.004385031759738922,0.00062828283989802,0.001278282725252211,0.0002299177140230313,0.0012130500981584191,0.0005682643386535347,7.091587576724123e-06,0.0010274096857756376,0.009099286049604416,0.00680624321103096,0.00013595294149126858,4.2285697418265045e-05,8.06731895863777e-06,0.011595318093895912,2.044584057614429e-09,3.5015575122088194e-05,0.0032996346708387136,4.3557965936392995e-13,0.007420925423502922,0.00038349139504134655,0.0007738428539596498,0.00010377394937677309,0.00028601635131053627,0.001152004231698811
window-f3814da9dc9a6fea338c,39_1806_5235,apple,apple,0.9027727842330933,True,0.9027727842330933,0.0007635862566530704,0.006249317899346352,0.00026309906388632953,0.0017177177360281348,0.00015014683594927192,0.0010668282629922032,0.00013629627937916666,3.5186119930585846e-05,0.0018323335098102689,0.021973244845867157,0.0108614107593894,0.002363048028200865,1.2372745914035477e-05,6.790126008127118e-07,0.021574905142188072,6.658608331377991e-09,0.00011380727664800361,0.0017403216334059834,8.307945802664418e-13,0.024850448593497276,7.345595804508775e-05,0.0006952164112590253,0.00012571514525916427,0.0003908578946720809,0.0002372537855990231
window-9b943bc1d438533357c9,39_1806_5235,apple,apple,0.8955487012863159,True,0.8955487012863159,0.002369527006521821,0.007769376039505005,0.0008041971013881266,0.0014329195255413651,0.00027385420980863273,0.0018743097316473722,0.0006525274948216975,1.6027188394218683e-05,0.0025177374482154846,0.023287460207939148,0.011061977595090866,0.0004386389337014407,3.2662705052644014e-05,2.4970283902803203e-06,0.020456679165363312,3.811678528364837e-09,0.0001539146323921159,0.003258979180827737,6.483202104508312e-13,0.0241254772990942,0.00026436251937411726,0.00115999358240515,0.00015221610374283046,0.0007380924071185291,0.001607968588359654
window-56b2402cdebc97a0c721,39_1806_5235,apple,apple,0.4391070008277893,True,0.4391070008277893,0.048344604671001434,0.02344525046646595,0.004979450721293688,0.001386546529829502,0.00035222418955527246,0.002618731465190649,0.0004290737269911915,0.00015822042769286782,0.018055306747555733,0.2385561466217041,0.029147325083613396,0.0026250623632222414,6.700116500724107e-05,1.2577618235809496e-06,0.06422577798366547,3.074021748261657e-08,0.0014569410122931004,0.005891662556678057,5.789793557781087e-12,0.10832156240940094,0.00011791456927312538,0.004165084101259708,0.0006138274911791086,0.0024331831373274326,0.0035008511040359735
window-e6ea0ba0440129f37c52,41_1939_6047,apple,cake,0.7794023752212524,False,0.029418867081403732,3.4394628301015473e-07,3.114199353149161e-05,4.759717171509692e-07,0.00012540124589577317,0.004038508981466293,0.7794023752212524,8.000033994903788e-05,0.0022231063339859247,0.034540776163339615,2.0794715965166688e-05,0.0034783375449478626,8.325238923134748e-06,0.02377687208354473,0.004038945771753788,0.00044322118628770113,2.72880028408327e-15,0.09658534079790115,0.0007640623953193426,8.20225744962988e-12,0.01008200366050005,6.216422661964316e-06,0.009175593964755535,0.0005538252298720181,2.925350372606772e-06,0.001202498679049313
window-3ff96c6d3b329358b890,41_1939_6047,apple,cake,0.7463657259941101,False,0.029874086380004883,7.978657095009112e-07,4.9658206989988685e-05,1.4119173101789784e-06,0.00013635712093673646,0.001338951988145709,0.7463657259941101,3.5541954275686294e-05,0.004308602772653103,0.014527122490108013,2.250365650979802e-05,0.0018910841317847371,1.521515969216125e-06,0.005744367837905884,0.004805069882422686,0.0014162356965243816,3.990197302211401e-15,0.13378040492534637,0.0007543620886281133,3.0534966916073714e-11,0.03346731513738632,3.097147782682441e-06,0.019872132688760757,0.0009321019751951098,4.980036010238109e-06,0.0006666078115813434
window-29f78458d908f1cad3e0,41_1939_6047,apple,cake,0.6566558480262756,False,0.035545364022254944,1.302757482335437e-06,0.00013712795043829829,1.4387361261469778e-05,0.00014532660134136677,2.9888593417126685e-05,0.6566558480262756,5.844662882736884e-05,0.0058541856706142426,0.026378020644187927,3.454246325418353e-05,0.01132409367710352,4.905521109321853e-06,0.007660124450922012,0.004171960521489382,0.0031298580579459667,8.54951485583684e-14,0.1870906502008438,0.00056366843637079,2.6242426634515148e-11,0.03294224292039871,6.205203249010083e-07,0.02322453260421753,0.00168105389457196,4.587141575029818e-06,0.003347234334796667
window-7913ab814ec2be3b5d4d,41_1939_6047,apple,cake,0.7833577394485474,False,0.023652929812669754,1.1900115168828052e-06,0.00031731705530546606,3.947255663661053e-06,0.0001558909279992804,0.00019009748939424753,0.7833577394485474,5.027756924391724e-05,0.005797402933239937,0.02511950209736824,5.269979010336101e-05,0.00516669824719429,1.0304001079930458e-05,0.030216852203011513,0.007701823953539133,0.0015674402238801122,8.32015222506071e-15,0.06427805125713348,0.0010453307768329978,8.804857884459061e-12,0.02371940203011036,2.4062483134912327e-05,0.0235667135566473,0.0009425462922081351,5.751241587859113e-06,0.0030560889281332493
window-bb57e2db4a5c5341d083,41_1941_5802,apple,wineglass,0.5515010952949524,False,0.05685411021113396,0.0022293198853731155,0.010194437578320503,0.001272263820283115,0.0016695130616426468,1.9708211766555905e-05,0.15202577412128448,0.0009030774235725403,0.02932322397828102,0.0019896437879651785,0.0009897209238260984,0.003936678636819124,0.00010633816418703645,0.00868141558021307,0.039062730967998505,0.07714581489562988,1.39351683969835e-07,0.0009710696176625788,0.008486391045153141,7.477095991614651e-16,0.0022427544463425875,7.390089535874722e-07,0.03491547703742981,0.00577167235314846,0.009706877171993256,0.5515010952949524
window-b928aefdae70cffa0c9e,41_1941_5802,apple,toytruck,0.5257311463356018,False,0.04294198378920555,0.005131956655532122,0.0010401621693745255,0.007995125837624073,0.0001990788587136194,0.007601792924106121,0.15170906484127045,0.027459079399704933,8.766764949541539e-06,9.644476813264191e-05,0.027545932680368423,0.00025421689497306943,2.769711748840109e-08,0.005773019045591354,0.002157816430553794,0.002076895907521248,1.8177226390747592e-10,6.753927300451323e-05,0.012429549358785152,1.2801884440629676e-15,0.0004352509567979723,1.0898591426666826e-05,0.0025825074408203363,0.5257311463356018,7.408843521261588e-05,0.17667770385742188
window-0dfcf5649dae02beffae,41_1941_5802,apple,mouse,0.3752628564834595,False,0.04940083250403404,0.016128169372677803,0.009621186181902885,7.022904173936695e-05,0.0008044235873967409,9.164910807157867e-06,0.0014211051166057587,0.0005765207461081445,4.366337691408262e-07,0.0041703106835484505,0.05402601137757301,0.0014566424069926143,0.0016729452181607485,0.004306958056986332,3.427668343647383e-05,0.3752628564834595,3.869151960628203e-12,5.594263825514645e-07,0.00030293138115666807,5.0604650678187646e-12,0.0034037588629871607,6.862708687549457e-06,0.3292514979839325,0.08831215649843216,0.0011503029381856322,0.0586097352206707
window-9a0251237919c7a11df1,41_1941_5802,apple,toytruck,0.6544106006622314,False,0.010511564090847969,0.0002652975090313703,0.009510903619229794,1.0738443961599842e-05,2.682444392121397e-05,3.1003669391793665e-06,0.0010434025898575783,0.002508376259356737,4.81707402855136e-08,0.0005454903584904969,0.014778466895222664,0.00011889076995430514,3.8052574382163584e-05,0.0005639311275444925,0.0003411982033867389,0.13250352442264557,8.119712679999225e-10,1.0751697345767752e-06,6.041769211151404e-06,5.884710579072416e-13,4.5405231503536925e-05,6.482220555881213e-07,0.08215710520744324,0.6544106006622314,2.958821460197214e-05,0.09057982265949249
window-e9ec061f9b17ec78e89a,442_63337_125204,apple,kite,0.4317502975463867,False,0.25892341136932373,0.056433774530887604,0.07564788311719894,0.03239285573363304,9.523962944513187e-05,7.647195729987288e-07,0.0023379430640488863,0.006971768103539944,0.0004938726779073477,0.05043783038854599,0.0012108959490433335,0.02237098477780819,0.0003881670709233731,0.4317502975463867,1.2021758948321803e-06,0.0019840302411466837,9.293974478907785e-09,1.4821330296399537e-05,0.006794128101319075,8.348590152529312e-10,0.04210435226559639,0.00028779380954802036,0.003034725319594145,0.0012187405955046415,0.0042388588190078735,0.0008656516438350081
window-e028fe2496aa2139b8c4,442_63337_125204,apple,ball,0.883967936038971,False,0.025410344824194908,0.883967936038971,8.83517786860466e-05,0.0006548227975144982,2.7131785707013023e-09,4.587864665950292e-08,1.3092321751173586e-06,0.00038230663631111383,9.218206753480729e-11,0.014850975014269352,0.00041562243131920695,8.914193313103169e-05,1.6713184655681168e-12,0.0003200428036507219,1.2310487363720313e-05,9.054449765244499e-05,5.372468992407154e-16,2.1000620620270638e-07,0.000497145636472851,1.1204254754884624e-12,5.646966201311443e-06,8.8410325948759e-15,0.0729551836848259,0.00018433593504596502,1.6670503100613132e-05,5.6910415878519416e-05
window-af6dce32703ba4ff90ee,442_63337_125204,apple,kite,0.7651246190071106,False,0.0011280567850917578,0.0016496166354045272,3.48169996868819e-05,0.05467633530497551,1.3312662758835359e-06,0.00014648385695181787,0.0018331512110307813,0.001482493826188147,7.629326503888478e-09,5.677141871274216e-06,0.021012382581830025,1.4767011634830851e-05,7.725894229926311e-11,0.7651246190071106,0.005837983451783657,3.9684258013039653e-07,2.1777577062910645e-16,3.5515809031494427e-06,0.0007249005138874054,3.2759428045489613e-16,2.7911431971006095e-05,1.3059928138936527e-10,4.85022428620141e-06,0.05707279220223427,2.3375882562959305e-08,0.08921796828508377
window-4e2843242aaacc1a4433,442_63337_125204,apple,kite,0.41975638270378113,False,0.07496769726276398,0.09482324868440628,0.1859336644411087,0.02560165897011757,0.0006703370600007474,2.947150505860918e-07,0.0018016843823716044,0.02104952745139599,3.4664906706893817e-05,0.008071373216807842,0.008063294924795628,0.02448105625808239,0.00017788499826565385,0.41975638270378113,3.335889050504193e-05,0.006191740278154612,3.545101989743671e-08,5.886091685169959e-07,0.01647898741066456,3.6792663360429856e-10,0.0445590540766716,0.006093778647482395,0.0005983932060189545,0.029078619554638863,0.006057897116988897,0.02547478675842285
window-516f86a0db2e60b2e20d,223_23556_48787,ball,toilet,0.9667316675186157,False,0.0005649186787195504,0.0036768533755093813,6.67873173370026e-05,5.791768558083277e-07,0.0005047555896453559,0.005964392330497503,0.0021171949338167906,4.084164902451448e-05,7.704633753746748e-05,0.0007577791693620384,2.633798612805549e-05,2.7169820896233432e-05,4.4029675905221666e-08,2.955434638352017e-06,0.006754643749445677,0.00019564882677514106,3.258553095322053e-13,0.0008600138244219124,0.008874621242284775,2.377337964074716e-13,4.4691343646263704e-05,0.9667316675186157,0.00028339074924588203,2.834561428244342e-06,0.0007910859421826899,0.0016339574940502644
window-259d93f0dee17f61e059,223_23556_48787,ball,apple,0.3764970600605011,False,0.3764970600605011,0.2823786437511444,1.834360955399461e-05,6.944520514196029e-09,0.00037089388933964074,0.004721963778138161,0.030459849163889885,0.0029165525920689106,0.0011217609280720353,2.974462040583603e-05,0.0002574242535047233,0.009715981781482697,4.5478237842289104e-10,1.4682221660677897e-07,0.05262666940689087,0.013521230779588223,1.609244096485718e-12,0.18832699954509735,7.185835420386866e-05,1.4399434977718784e-09,0.0018827589228749275,0.029140537604689598,0.0009158271132037044,8.504378638463095e-05,7.483065019187052e-06,0.004933136980980635
window-c8144b4db1921ae17e3a,223_23556_48787,ball,ball,0.719830334186554,True,0.0031665328424423933,0.719830334186554,1.0703745374485152e-06,1.642768552301277e-06,1.1264260137977544e-05,2.7106363820195156e-09,0.0003668931021820754,0.010768896900117397,1.3871358532924205e-06,0.0015287315472960472,2.3779102775733918e-05,5.4400759836426005e-05,1.4046022678293468e-10,6.043491339369211e-06,0.00018142805492971092,5.548975241254084e-05,5.501859818429766e-13,2.552398291300051e-05,9.03545969777042e-06,5.55766266341351e-10,6.193934041220928e-06,0.21871353685855865,2.1901825675740838e-05,4.269328890416091e-09,6.462061108436501e-09,0.045226018875837326
window-d7006ad30f7927e4bf8b,223_23556_48787,ball,wineglass,0.25748538970947266,False,0.1729041337966919,0.020509371533989906,0.0006925288471393287,7.33353272153181e-06,0.20423415303230286,0.00015449622878804803,0.016244379803538322,0.01566227711737156,0.006295041646808386,0.004454620182514191,0.0005241759354248643,0.0016259916592389345,9.950283264004156e-09,1.903701740957331e-05,0.1535693258047104,0.011352375149726868,1.9564216913181554e-09,0.0024630327243357897,0.061512868851423264,6.708455457804519e-10,0.0010624483693391085,0.05593450367450714,0.0016572631429880857,0.00018659899069461972,0.011448600329458714,0.25748538970947266
window-3479f45ec68fdb956b10,333_33894_61781,ball,ball,0.979665219783783,True,1.7792184507925413e-06,0.979665219783783,0.0073087019845843315,2.121027500834316e-05,5.4036213441577274e-06,0.00016707470058463514,1.8945147530757822e-05,2.7306103220325895e-05,3.4260681331943488e-06,1.0058290627057431e-06,0.0010438127210363746,0.00995208416134119,6.925947445765579e-13,5.672094994224608e-05,3.351886334712617e-05,0.0001940647343872115,1.074007105472674e-09,1.7774402749637375e-07,2.0517787561402656e-05,8.396432854551605e-12,1.7667578504187986e-05,0.000210044629056938,6.662033058546513e-08,6.93776564730797e-06,0.0012440005084499717,1.7208017766279227e-07
window-6185c68745db89aec067,333_33894_61781,ball,carrot,0.35580170154571533,False,9.75550301518524e-06,0.0008878256776370108,0.2326725870370865,0.002611087867990136,0.005823630839586258,4.6915054554119706e-05,0.004812261555343866,0.35580170154571533,0.00010487634426681325,0.003558887168765068,9.473108366364613e-05,0.00042940842104144394,2.5913147495837396e-13,0.0019059425685554743,1.7122314375228598e-06,0.013820537365972996,1.006288594118665e-10,0.0007440333138220012,0.2322741001844406,8.027449296346028e-16,0.005824469495564699,0.00011685059871524572,4.400348916533403e-05,0.13802120089530945,0.0003912398242391646,2.1518139874388e-06
window-a5ae887d50200f4e8537,333_33894_61781,ball,baseballbat,0.3545117676258087,False,2.53017515206011e-06,0.2541440427303314,0.3545117676258087,0.029635388404130936,1.7671270597929833e-06,9.38695648988741e-11,0.0022203996777534485,0.002325973706319928,7.443175320531736e-08,3.360781164474247e-08,0.0005354121094569564,0.007403807248920202,1.4799653744266422e-13,7.967777833073342e-07,4.4860964408144355e-05,0.10702891647815704,5.57730402660217e-13,0.00023718969896435738,0.00048686203081160784,2.4535194143027184e-07,2.090529278575559e-06,0.24091370403766632,8.753049769438803e-06,1.990513531779925e-08,0.00040027976501733065,9.500399755779654e-05
window-f394785745f9f7e408f6,333_33894_61781,ball,frisbee,0.5647154450416565,False,8.982987651506846e-07,0.41632023453712463,0.004236414097249508,0.00012111275282222778,6.01010512468747e-08,4.739221913041547e-05,1.318612430623034e-05,0.00011105412704637274,6.845732514193514e-08,2.6771203920361586e-06,0.5647154450416565,0.008018068969249725,2.994360063179012e-14,5.032449189457111e-05,2.2379434085451066e-05,0.0014083768473938107,7.744631325135032e-11,5.489784271617282e-08,1.5309013178921305e-05,8.908062655577087e-12,8.474229252897203e-05,0.002738247625529766,2.0928730748437374e-07,9.3420630946639e-06,0.0020803010556846857,4.1243906707677525e-06
window-83b65786029a9ca788b7,372_41204_82153,ball,cup,0.42794960737228394,False,0.00026556249940767884,0.001437839586287737,3.7313715438358486e-05,0.00797457154840231,0.0003800870035775006,4.432941750565078e-06,0.005930065177381039,0.024714451283216476,0.013952876441180706,0.42794960737228394,0.0005554028321057558,0.0003704122791532427,0.027214905247092247,0.0023518591187894344,0.002497662790119648,0.04007710516452789,5.382925155572593e-05,0.0024791229516267776,0.005247657652944326,1.3275135643198155e-05,0.007562285754829645,0.0011171314399689436,0.014559841714799404,0.0011246895883232355,0.07369808852672577,0.3384300470352173
window-a4a97c4814e2e4d6d8ee,372_41204_82153,ball,chair,0.5036168098449707,False,3.350181214045733e-05,0.0007267260807566345,2.2968721168581396e-05,0.00041036377660930157,0.011599402874708176,7.963552733913914e-11,0.06347959488630295,0.002948781242594123,0.5036168098449707,0.05409563332796097,0.01468048058450222,0.00019157101633027196,0.009746233001351357,0.001519349287264049,0.0014141822466626763,0.012453177943825722,0.00822725985199213,0.0006034598336555064,0.007906680926680565,0.00017817529442254454,0.0034220879897475243,0.009826046414673328,0.0032880299258977175,0.00014083189307712018,0.06526151299476624,0.22420713305473328
window-f6674eb9ca32da37ffd2,372_41204_82153,ball,cup,0.1663939505815506,False,0.00035245640901848674,0.0008052081102505326,6.261282396735623e-05,0.003548196516931057,0.009526761248707771,8.182883703966581e-08,0.03630476072430611,0.0051826960407197475,0.13684064149856567,0.1663939505815506,0.0012057279236614704,0.0013992291642352939,0.14462152123451233,0.11025235801935196,0.017550382763147354,0.030175043269991875,0.004760278854519129,0.0207140501588583,0.020522400736808777,0.00010015047882916406,0.005833419971168041,0.00016508872795384377,0.03558728098869324,0.0005557162221521139,0.08314552903175354,0.16439442336559296
window-23e0ccc78f5a3ca47973,372_41204_82153,ball,umbrella,0.3163916766643524,False,0.00020185891480650753,0.002923889085650444,1.840055119828321e-05,0.007709706202149391,0.009914140217006207,4.0898244151321705e-06,0.02685103751718998,0.005462470930069685,0.03707248345017433,0.20860418677330017,0.005473450757563114,0.0008034115307964385,0.07397951185703278,0.016084397211670876,0.03348977863788605,0.008426398038864136,0.00025224254932254553,0.005386481061577797,0.02426198497414589,0.0007477514445781708,0.007053017150610685,0.0007140641682781279,0.08188091218471527,0.00045977256377227604,0.3163916766643524,0.12583285570144653
window-18309abe358953d27f0a,385_45446_90913,ball,stopsign,0.9997676014900208,False,2.9599791062651093e-08,7.880991324782372e-05,9.15007181134797e-09,7.718364827269397e-07,1.3710240409636754e-07,4.645224142860732e-37,2.145514876872312e-09,2.0272751533045863e-10,1.4269030401692362e-09,3.436167739234719e-10,8.089132386234679e-18,5.554381954375742e-10,4.943655085298815e-07,8.642102329758927e-06,1.418838735389727e-07,3.7897084775861956e-11,1.669238081092317e-08,1.834696700120375e-10,8.734637958696112e-06,0.9997676014900208,0.00013127666898071766,7.35084881853254e-08,2.701093168577806e-11,4.5461846093219904e-11,2.4154545030796726e-08,3.3147002795885783e-06
window-2a92a8e0b0002e9f01aa,385_45446_90913,ball,toilet,0.9999717473983765,False,4.6060782210588513e-07,2.3179467461886816e-05,1.1471844629795669e-07,7.200519291927776e-09,1.1120893077531946e-06,2.238219215851097e-17,4.440955692075477e-08,6.389051065980311e-08,2.2096726670639555e-09,1.96316074507763e-10,1.2053441469754567e-13,3.5970952438901804e-08,2.026427949886056e-07,2.256876241446548e-09,7.908670940359741e-10,1.0577644316001056e-09,1.232598606515367e-10,2.553495859203281e-09,3.9506042881498615e-09,9.84382950264262e-07,2.0144557311141398e-06,0.9999717473983765,1.1733830053428651e-12,3.343468904515312e-11,1.0759044766217585e-09,4.5682440941163804e-08
window-8d3d3d90dc1356c052d0,385_45446_90913,ball,toilet,0.9641423225402832,False,4.72291823427895e-08,0.03107382357120514,2.326750291103963e-06,6.7303185460332315e-06,1.2248133316461463e-05,5.43980854184779e-20,2.307973900883553e-08,3.476718912764909e-09,5.227256224316079e-06,2.5527739921926695e-07,2.1636436809942608e-14,1.2883088857051916e-05,6.6592611425164705e-09,9.529481758363545e-06,0.0003712654870469123,9.962625426851446e-07,3.5731093248614343e-06,8.225483179558069e-05,0.00018937989079859108,1.2237022950500887e-08,6.915811354701873e-07,0.9641423225402832,4.548998185782693e-05,4.434986294654664e-06,0.00401441752910614,2.198067886638455e-05
window-21b1f789d60c9f197bbd,385_45446_90913,ball,apple,0.9005295038223267,False,0.9005295038223267,0.05183330923318863,9.585024827174493e-07,0.0007380858878605068,0.0009666795376688242,5.209131456578905e-20,3.360723667356069e-06,0.00012189717381261289,1.265210630663205e-05,0.030214067548513412,1.6812201408811234e-08,3.076280336244963e-06,0.007911293767392635,1.712104131001979e-05,5.462796707433881e-06,1.6267500768663012e-07,8.948508911998942e-05,0.00013672943168785423,0.00013847302761860192,3.158336170372422e-08,0.0001504127139924094,0.00042800811934284866,1.1127038135327894e-07,4.828880264540203e-06,0.006684021558612585,1.018944112729514e-05
window-88889cb9f5969b8c07d8,395_48973_96915,ball,wineglass,0.17525917291641235,False,0.1602921336889267,0.0029308204539120197,0.01394648663699627,0.009591836482286453,0.025365257635712624,2.2989006254192645e-09,0.03829121217131615,0.021302012726664543,0.009185618720948696,0.01223450805991888,0.00012234221503604203,0.11362981051206589,0.14566382765769958,0.013966131024062634,0.00233612023293972,0.02284870110452175,0.00929826870560646,0.039731357246637344,0.0006499767769128084,0.01271427609026432,0.011998030357062817,1.621757292014081e-05,0.14832893013954163,0.009913703426718712,0.0003832344082184136,0.17525917291641235
window-69744d9131ab87912b45,395_48973_96915,ball,apple,0.3338746130466461,False,0.3338746130466461,0.0007818759186193347,0.017512544989585876,0.008379467763006687,0.019954463467001915,1.5748571335905126e-09,0.019341344013810158,0.014401360414922237,0.01889646053314209,0.0073624043725430965,2.7187463274458423e-05,0.07879292964935303,0.02468005195260048,0.02143106982111931,0.004641212988644838,0.011424832977354527,0.002802206901833415,0.022932415828108788,0.0004181254480499774,0.000556795799639076,0.010037604719400406,1.3582703104475513e-06,0.13485193252563477,0.020973198115825653,0.0002118867851095274,0.22571268677711487
window-7eb75cae0a91e8ef94f1,395_48973_96915,ball,apple,0.2737281620502472,False,0.2737281620502472,0.0016276781680062413,0.022981591522693634,0.009464963339269161,0.05556727573275566,3.9360820380807127e-08,0.0100579634308815,0.021333659067749977,0.0011733787832781672,0.003936117980629206,3.4731780033325776e-05,0.019220877438783646,0.015322145074605942,0.0031290233600884676,0.004349831957370043,0.009954915381968021,0.00016586665879003704,0.0026452827733010054,0.00030880304984748363,0.00028592656599357724,0.005552714224904776,2.740999661909882e-06,0.25335413217544556,0.022339219227433205,0.00024925547768361866,0.2632136940956116
window-0581496b953a0b6a85b5,395_48973_96915,ball,wineglass,0.2826921045780182,False,0.1992548555135727,0.0012906281044706702,0.019859835505485535,0.0028626779094338417,0.02381463348865509,1.1769689667318062e-09,0.030940121039748192,0.029078751802444458,0.003942279610782862,0.00862172618508339,3.296147406217642e-05,0.0168939009308815,0.09463278949260712,0.0037558632902801037,0.0007329150685109198,0.011276592500507832,0.00035046410630457103,0.009805211797356606,0.00019060626800637692,0.0005133803351782262,0.01115221343934536,9.033205401465239e-07,0.2370724231004715,0.011161933653056622,7.024442311376333e-05,0.2826921045780182
window-1c150c0c0a54e45ed013,558_80541_158012,ball,carrot,0.9435854554176331,False,0.00020868415595032275,1.7824473843575106e-06,0.0003143463982269168,0.013427766971290112,0.00028681926778517663,4.820478391454053e-11,7.235313387354836e-05,0.9435854554176331,1.028925389334745e-09,2.2259197066887282e-05,5.7100734730808345e-12,0.00015640293713659048,3.174033835762202e-08,1.57150473190093e-10,0.0009157098247669637,0.0020535450894385576,1.7489434386255327e-16,0.0008849222795106471,0.0002549411146901548,2.0317707238870497e-10,0.009519882500171661,1.56147976493326e-11,2.6537463782005943e-07,1.367744459912501e-07,1.7660760931903496e-05,0.028277024626731873
window-2ce4be79598968f6a9b2,595_90445_180229,ball,carrot,0.8921642303466797,False,1.70033144968329e-05,0.014045488089323044,1.3039747273069224e-06,7.990041694938554e-07,6.86898420099169e-06,2.130787352117025e-10,0.015996668487787247,0.8921642303466797,4.654691299066371e-09,0.00014704671048093587,0.04583613947033882,3.442353346816418e-10,2.6636187699935476e-10,0.0004974679904989898,1.1321067177050281e-05,2.100003282379248e-09,2.4935120013905624e-16,1.6585065623075934e-06,0.03033333644270897,1.1268079297323957e-15,7.974853666325998e-09,4.177952319365684e-15,1.0620004786687787e-07,9.305358253186569e-05,6.486550185869078e-10,0.0008474253118038177
window-2a5115304b98e4a61b48,595_90445_180229,ball,baseballbat,0.9992043375968933,False,1.9752621847196616e-12,4.1200078726433276e-07,0.9992043375968933,1.8466237219905146e-11,4.823421662081273e-08,1.4719144846884984e-22,1.7837114896224193e-08,0.000624900043476373,4.249193921168626e-07,3.2996227972148517e-09,2.2720083507010713e-05,4.0880954657041e-06,3.4834494230112645e-12,2.700395998544991e-05,1.1463177997939056e-06,2.7939378241526036e-11,1.2542121204453527e-13,0.00010349513468099758,6.112180761519426e-10,3.429839272522894e-25,7.579202247143257e-06,6.90340673514811e-09,2.8872507300548023e-06,3.581419605325209e-09,5.328438419383019e-07,4.2236922581651015e-07
window-37465e47fb58af845070,595_90445_180229,ball,carrot,0.910640299320221,False,1.165342961018112e-10,2.8554843538586283e-06,0.06743971258401871,1.078848455016157e-09,3.991121211299742e-09,1.6140881921498066e-20,3.2464797072861984e-07,0.910640299320221,1.2845646768511187e-10,0.00010516688780626282,0.018968071788549423,0.00011089504550909624,1.5272029196822245e-09,0.001853798283264041,1.743465389836274e-07,6.219248120942211e-07,3.4531982130473165e-16,1.9515022486871203e-08,1.3077237781544682e-06,6.635266920311983e-18,5.704779687221162e-05,7.112821998056518e-10,0.00032308342633768916,2.3878451429482084e-06,0.00020227051572874188,0.00029187125619500875
window-166bbe270b22b32554a8,595_90445_180229,ball,carrot,0.8466208577156067,False,4.359091698713513e-10,6.435694558604155e-06,0.1459117978811264,2.6042261680458978e-08,1.5743118808586587e-07,1.8790438358733447e-20,6.488654094027879e-07,0.8466208577156067,1.3659678943511722e-10,7.912617002148181e-05,0.0001470645802328363,1.675085695751477e-05,1.69003815386759e-08,0.004406643565744162,3.532917070003805e-09,1.1646638085949235e-05,9.89918650523558e-13,1.1078172157397148e-08,6.083763537390041e-08,1.2707125305584883e-19,0.0003198677150066942,8.378331917135995e-10,0.0017463285475969315,2.69973361355369e-06,0.00011159334098920226,0.0006182867218740284
window-ee6e0f1154a08e0bd3e9,168_18361_34847,baseballbat,baseballbat,0.5509674549102783,True,5.1425693527562544e-05,1.744376277201809e-05,0.5509674549102783,0.0008472868357785046,0.11638619005680084,2.2721991389113017e-12,1.1420757800806314e-05,0.0015783628914505243,9.767605888555408e-07,2.8362181183183566e-05,0.14696429669857025,0.0016497509786859155,0.08611594885587692,0.00531125720590353,7.644213837920688e-06,0.04302532970905304,3.192045141986455e-06,4.7542220272589475e-05,0.022241277620196342,4.0664988043559447e-10,4.431115485203918e-06,9.912731080419235e-09,0.00035201114951632917,0.004838256631046534,0.01922854408621788,0.0003215622273273766
window-b8f15f6f28dc081688d2,168_18361_34847,baseballbat,baseballbat,0.9883875250816345,True,9.516130603515194e-07,1.3724754808208672e-06,0.9883875250816345,0.0005739437183365226,0.0002764461387414485,0.00023015326587483287,1.7284475006817956e-07,1.091008471121313e-05,2.194914941355819e-06,3.223139174224343e-06,1.4348339050229697e-07,0.0014069880126044154,1.7575267747815815e-06,1.7235922911140733e-08,0.0038551378529518843,7.595912757096812e-05,3.515492608130444e-07,2.6738058295450173e-05,0.001328054815530777,1.038740649050851e-09,2.300685309819528e-06,2.293940384867632e-11,4.36130867456086e-05,1.9519857232808135e-06,0.003765309462323785,4.868196811003145e-06
window-c37a5eadb0a1733166c5,168_18361_34847,baseballbat,mouse,0.32891517877578735,False,1.2295548913243692e-05,0.0006355512305162847,0.1855470985174179,0.0363735631108284,0.0007176548824645579,0.00952217634767294,8.767014514887705e-05,0.000817548600025475,0.0004843824135605246,0.0006107322406023741,0.005646072328090668,0.19194264709949493,8.521140262018889e-05,2.0478506485233083e-05,0.0011292482959106565,0.32891517877578735,0.0011461707763373852,0.0008741659694351256,0.0012976884609088302,3.521133180584002e-07,0.0017892905743792653,1.031547253660392e-05,0.004344397224485874,0.004759802017360926,0.22322940826416016,9.205441529047675e-07
window-d43de7cb59b15135f022,168_18361_34847,baseballbat,baseballbat,0.4568755030632019,True,0.0017973057692870498,0.00036265948438085616,0.4568755030632019,0.0018062918679788709,0.11917052417993546,9.907685782906128e-10,0.00035250349901616573,0.006035226862877607,2.0643345521875744e-07,0.00037546781823039055,0.009674422442913055,0.006651887204498053,0.011082752607762814,0.005719124339520931,2.8983386073377915e-05,0.3194808065891266,9.069448196896701e-07,5.272624912322499e-05,0.036861952394247055,1.747891609227281e-08,0.0020824698731303215,4.484342753130477e-06,0.008046651259064674,0.003966487478464842,0.008661638014018536,0.0009089272934943438
window-914c951443259f053dfc,186_20091_37188,baseballbat,ball,0.8165093660354614,False,1.4840100259760902e-09,0.8165093660354614,0.0077387504279613495,0.08072921633720398,7.758279139125079e-07,5.806341518699298e-12,0.0001479433849453926,4.837959750148002e-06,9.973076808833525e-10,0.002865629503503442,0.00011103328870376572,0.019283583387732506,0.013331138528883457,8.097009072116634e-07,1.5534858732735302e-07,1.031899137160508e-05,0.0012124758213758469,0.030004404485225677,4.25629968958674e-06,3.13294695741817e-10,0.02792494371533394,7.339372842807279e-08,3.6902943975292146e-05,4.820695539820008e-05,3.0916395189706236e-05,4.204654942441266e-06
window-86e277dac67d9bf1ba7b,186_20091_37188,baseballbat,baseballbat,0.4626498520374298,True,7.823198089340622e-09,0.015978382900357246,0.4626498520374298,0.003045645309612155,2.069636684609577e-05,2.1609375801343728e-14,6.899152915629259e-10,2.432779865557677e-06,1.0033441855128444e-09,8.128294575726613e-05,5.702353291781037e-07,0.050315167754888535,0.0006953821866773069,4.4563339685055325e-09,1.969193590412033e-06,0.017781078815460205,1.3059266166237649e-06,0.3763542175292969,9.37968067660222e-08,7.540270355798837e-14,0.0493309386074543,6.364012872239755e-09,0.005480253603309393,1.4830193322268315e-05,0.018245762214064598,1.4768670553166885e-07
window-5393ee450dadd7d2b07a,186_20091_37188,baseballbat,teddybear,0.5569536685943604,False,9.664597594438717e-11,0.014319954439997673,0.028320789337158203,0.0009723142138682306,1.0706206694521825e-06,7.684000991048379e-09,2.3466548704220713e-09,1.7389328377248603e-06,5.834652316849542e-09,9.418973831998301e-07,0.006674866657704115,0.0002553907106630504,0.034658148884773254,2.102271273729528e-10,1.2916312641664263e-07,4.4491802242419e-08,0.045277006924152374,0.31153786182403564,4.604495273952125e-08,1.692081891269126e-11,0.5569536685943604,1.8371967769326147e-07,0.0005550429341383278,0.00032657943665981293,0.00014419917715713382,6.107692573920076e-09
window-978b67275dda9f7e6996,186_20091_37188,baseballbat,mouse,0.5890769362449646,False,2.923798092524521e-06,0.28666117787361145,0.0006671539158560336,0.0015249321004375815,0.0006225765100680292,5.108037881562666e-10,1.7641724525674363e-07,0.0009048798237927258,8.000216666914639e-08,3.1970850500329107e-07,1.5109481864783447e-05,0.0004140497767366469,4.970423560735071e-06,1.3333762982625785e-09,8.35111393371335e-07,0.5890769362449646,2.647667196598036e-09,0.0044322204776108265,1.1818638995464426e-05,1.0593195870431743e-17,0.03303482383489609,1.6688898527017493e-11,0.001278949435800314,1.4486694226434338e-06,0.08133551478385925,9.093783774005715e-06
window-8e863ae24f96b9082b30,207_21922_46427,baseballbat,baseballbat,0.998906135559082,True,7.242512145566593e-10,0.0010892506688833237,0.998906135559082,3.896810445939286e-13,1.116931684919109e-06,1.0774082383222189e-23,5.6636404008499064e-14,8.97563620649855e-11,2.6682796416821475e-08,2.3292321404966287e-09,4.4296515966379957e-07,1.7376051986150998e-11,7.485416800290245e-12,4.0611314311433944e-10,7.627959774936244e-08,3.0890878743861094e-09,2.274887906088957e-14,2.7555570341064595e-06,1.6592881235677481e-10,7.786568407274746e-20,5.977474451082155e-16,1.1808139372977006e-13,1.0326077770628217e-08,2.502818698818521e-12,1.068391863867646e-08,1.758361811710074e-08
window-6755aa61523a6ad6f5f5,207_21922_46427,baseballbat,ball,0.6147031188011169,False,5.78648844395957e-08,0.6147031188011169,0.34705862402915955,2.2286901213419696e-09,0.001605982892215252,5.5744122226800944e-24,8.437456244791974e-08,1.2860819076365715e-08,9.937435834217467e-07,7.945776815176941e-06,9.588965212969924e-07,1.3456625147512113e-08,9.786714771919947e-10,7.469742513421807e-08,7.700168498558924e-05,3.7970676203258336e-07,4.1703043796026407e-10,6.0640351875917986e-05,3.169003684888594e-05,2.7557820527499347e-14,4.401436897241706e-13,2.3819940464520073e-10,0.03644054755568504,8.323020050937657e-10,2.6167404030275065e-06,9.20488491829019e-06
window-e5bc5c2b14f606d587c2,207_21922_46427,baseballbat,baseballbat,0.997543215751648,True,2.909748104684695e-07,2.9297393666638527e-06,0.997543215751648,3.3251442506550266e-13,7.007034508177412e-09,2.2750332382446476e-24,3.68672132822212e-08,1.3926278370490763e-06,1.7915924549038315e-13,2.2177890059538186e-05,7.745144614546007e-08,2.1387995541299887e-12,5.885909977725728e-14,3.17854828608688e-05,1.2431990116176794e-12,4.08441960808581e-11,1.6587059912734901e-18,6.039923228229327e-09,1.5895024564969155e-16,5.211559376545755e-31,1.607868327369033e-08,5.745164271754997e-26,0.0023978599347174168,3.923286934041925e-13,1.1944127464857957e-08,7.296388560007472e-08
window-7dfa3cba1c470c9e35b8,394_48666_96323,baseballbat,apple,0.455396831035614,False,0.455396831035614,0.4432242214679718,0.002394546288996935,1.0374889825470746e-05,0.00021902240405324847,0.00013152720930520445,0.006120700854808092,0.0035140803083777428,3.0355007766047493e-05,0.0002571874647401273,0.006157036405056715,0.018718786537647247,0.004912494216114283,2.3371567294816487e-05,0.033745404332876205,0.0006273244507610798,1.0848114015971078e-06,0.0030335679184645414,0.0025251107290387154,3.475344456660423e-08,0.003686231095343828,0.0005673482664860785,0.011178475804626942,0.0028411925304681063,4.582018300425261e-05,0.0006379829719662666
window-e78e9af3dfa2630229c0,394_48666_96323,baseballbat,mouse,0.893425703048706,False,0.05231595039367676,0.006654919125139713,0.016368582844734192,0.00084918417269364,3.74443807231728e-05,0.0026902335230261087,0.014737145975232124,3.9041558920871466e-05,9.067975703658249e-09,0.0008566667092964053,0.00015479025023523718,0.00012081985914846882,1.5196687854768243e-05,7.153967999329325e-06,0.00014571614156011492,0.893425703048706,6.349957316692176e-14,9.940043128153775e-06,0.00042219567694701254,9.79587843675557e-14,0.0013752016238868237,0.0031542805954813957,0.004967150278389454,0.0006589831318706274,0.00022637353686150163,0.0007673693471588194
window-a5ed4a4d624dabfe665d,394_48666_96323,baseballbat,ball,0.813944399356842,False,0.08731427788734436,0.813944399356842,0.0018830894259735942,0.00016425435023847967,0.0007989684818312526,0.0039673130959272385,0.01117517240345478,0.0010385329369455576,7.648472092114389e-05,0.0004806842189282179,0.022212887182831764,0.00816221535205841,9.040431905305013e-07,4.982027894584462e-05,0.000722082273568958,0.02109813131392002,8.999904771087031e-13,1.6115705875563435e-05,0.0008674797136336565,2.7747182329562747e-10,0.0006301012472249568,0.0004635957011487335,0.01933279074728489,0.002202846109867096,0.0032016700133681297,0.00019619172962848097
window-6d777b1f1db63e333e2a,394_48666_96323,baseballbat,mouse,0.6450818777084351,False,0.100838802754879,0.004589595831930637,0.016783401370048523,0.00014103553257882595,0.0002450890024192631,6.783118442399427e-05,0.08026991039514542,0.0018595302244648337,6.113554604780802e-07,0.0006614992744289339,0.011698709800839424,0.0032638495322316885,0.0004787620564457029,0.000540863664355129,0.006153823342174292,0.6450818777084351,3.788059310672054e-10,2.1148036466911435e-05,0.003068573074415326,1.1766193575013517e-10,0.0010189288295805454,0.00041515397606417537,0.047014135867357254,0.0655938908457756,0.0002487309684511274,0.00994426291435957
window-231e5b39a3c777b69244,399_51041_100090,baseballbat,baseballbat,0.2837792932987213,True,0.23219045996665955,0.00432658102363348,0.2837792932987213,0.020719613879919052,0.005064763128757477,0.0013112043961882591,0.007034583017230034,0.0011201964225620031,0.001592594780959189,0.02422235533595085,0.03696193918585777,0.02331373654305935,0.010845383629202843,0.007861950434744358,8.521573363395873e-06,0.048803117126226425,1.5593814168823883e-06,0.00010838202433660626,0.017242349684238434,3.1162115110561217e-09,0.2590147852897644,0.0010381585452705622,0.005051291082054377,0.004191606771200895,0.003555515082553029,0.0006400540587492287
window-03243b07a9f167440ade,399_51041_100090,baseballbat,frisbee,0.9142575263977051,False,0.0028158240020275116,0.0014963814755901694,0.004685893189162016,0.0010787569917738438,4.387225999380462e-06,0.014765164814889431,0.00012041939771734178,0.028270859271287918,1.08153654920784e-08,0.00017049070447683334,0.9142575263977051,0.006254137959331274,1.327147884921942e-07,1.9220138710807078e-05,2.064582076855004e-05,0.013366255909204483,3.8774086164039545e-09,5.8868868109129835e-06,0.0045143840834498405,1.2422080508320277e-12,0.006530044600367546,8.058369530772325e-06,0.0009137802408076823,5.635176785290241e-05,0.0006166757666505873,2.864174712158274e-05
window-622975df20f235e33bf2,399_51041_100090,baseballbat,baseballbat,0.43693453073501587,True,0.05696233734488487,0.019935106858611107,0.43693453073501587,0.0680227130651474,0.002714778995141387,5.70311158298864e-06,0.006278747692704201,0.023544691503047943,0.0001146882277680561,0.03875831142067909,0.008508414030075073,0.08377118408679962,0.009309493005275726,0.07897188514471054,1.794051240722183e-05,0.025590648874640465,1.6255501122941496e-07,7.342216849792749e-05,0.014135841280221939,6.784610095955657e-10,0.03778256103396416,0.035977743566036224,0.0045210085809230804,0.003109505632892251,0.014988605864346027,0.029969986528158188
window-b29c9a6624d8038a89c4,399_51041_100090,baseballbat,baseballbat,0.3119847774505615,True,0.27735522389411926,0.0022101944778114557,0.3119847774505615,0.039023786783218384,0.010709002614021301,0.00107302307151258,0.006318810861557722,0.0001886674581328407,6.426553591154516e-05,0.012148612178862095,0.001757627702318132,0.007078924681991339,0.0064918785355985165,0.0005925505538471043,2.633757503645029e-05,0.2377585768699646,6.944596719904439e-08,6.93073307047598e-05,0.023989150300621986,5.236480138393063e-10,0.041604284197092056,1.002517592496588e-06,0.014588117599487305,0.0024772011674940586,0.0023156763054430485,0.00017290723917540163
window-ce6a097aa2666532a157,407_55027_106548,baseballbat,wineglass,0.5360979437828064,False,2.7257132728664146e-07,8.187107596313581e-07,0.32369470596313477,0.009202977642416954,0.0022756049875169992,2.151607668074429e-12,0.0018643994117155671,4.535083280643448e-05,0.011325811967253685,2.8771210054401308e-05,0.0016460149781778455,0.01184052973985672,3.2073669444798725e-06,2.8489977921708487e-05,0.010236023925244808,0.08668454736471176,3.310609599793679e-06,3.613422450143844e-05,0.0001450545823900029,0.0001688960037427023,0.000510123441927135,0.0031502919737249613,0.000626267516054213,1.0921215107373428e-05,0.0003736213257070631,0.5360979437828064
window-5c0ca6ea16fb7579c7d2,407_55027_106548,baseballbat,bench,0.9269970655441284,False,0.0006868431810289621,0.007013428024947643,0.00046149821719154716,0.9269970655441284,7.483971785404719e-06,5.128605873316872e-10,2.5059371182578616e-06,6.408502486010548e-06,3.4672245874389773e-06,0.018050823360681534,1.0087702321470715e-05,8.97534191608429e-05,2.372195240241126e-08,1.7338608770955943e-08,0.00012599285400938243,0.0005993455997668207,2.493417694537925e-09,0.0007435748120769858,4.445445483725052e-06,4.0840247850226774e-10,0.023374265059828758,0.0011524452129378915,3.570721673895605e-06,4.883381734543946e-06,0.01926516368985176,0.0013968186685815454
window-ad740dc9e132c424ca90,407_55027_106548,baseballbat,bench,0.8789056539535522,False,0.0004217025125399232,2.7707126719178632e-05,0.02157909981906414,0.8789056539535522,0.0021216063760221004,0.0017694710986688733,0.008222036063671112,0.005616405978798866,0.015136633068323135,0.008553422056138515,0.00018632461433298886,0.0006204465171322227,4.928581915919494e-07,0.00011259097664151341,0.0011258490849286318,9.142932867689524e-06,4.029723640996963e-06,0.00046763737918809056,0.0016316063702106476,6.421948306467584e-09,0.005138696637004614,4.055596491525648e-06,0.0009636090253479779,0.006301549728959799,0.03910870850086212,0.0019714217633008957
window-393490a3841598613c8b,407_55027_106548,baseballbat,wineglass,0.7502456307411194,False,3.2165146421903046e-06,3.93184882341302e-06,0.18484990298748016,0.010747432708740234,0.002039829036220908,3.1166085337486216e-13,0.0001579100644448772,0.00010316083353245631,0.008847483433783054,0.00013363594189286232,0.00013623153790831566,0.014886747114360332,4.285825738747917e-08,6.860262146801688e-06,0.00036514236126095057,0.0007036773022264242,2.7897540348931216e-05,1.8799582335304876e-07,1.9050286937272176e-05,0.00011752025602618232,0.00013304754975251853,0.00013641029363498092,0.00034910975955426693,0.00037531726411543787,0.025610731914639473,0.7502456307411194
window-3be161e11903ebdf8ad9,436_62184_122673,baseballbat,microwave,0.3050391674041748,False,0.0007897047908045352,0.000709324493072927,0.0001281000440940261,0.009092684835195541,0.004945679567754269,1.6034577129175887e-05,0.008767145685851574,0.0033062256406992674,0.03316984325647354,0.09425101429224014,0.0001875290327006951,0.04501810669898987,0.009553465060889721,0.08463042229413986,0.3050391674041748,0.02149367704987526,0.0006729710148647428,0.041384488344192505,0.007214326411485672,8.398974387091585e-06,0.017410965636372566,0.004880782216787338,0.012311811558902264,0.0003083607880398631,0.06689943373203278,0.22781036794185638
window-301e0d5d2a227dce7ce8,436_62184_122673,baseballbat,cup,0.34098711609840393,False,0.0005532133509404957,0.0010813695844262838,2.6612951842253096e-06,0.003954388201236725,0.04351133853197098,8.910634896608371e-09,0.15012453496456146,0.018855968490242958,0.01392205711454153,0.34098711609840393,0.004346704576164484,0.0007859673351049423,0.028027081862092018,0.010355537757277489,0.0047848462127149105,0.00166081334464252,0.0058363922871649265,0.001655949279665947,0.026938676834106445,0.01986021362245083,0.0009946797508746386,0.0006351311458274722,0.024107826873660088,0.0018097326392307878,0.21041055023670197,0.08479723334312439
window-5a80a1af089ea252eb5f,436_62184_122673,baseballbat,chair,0.4261954426765442,False,5.848225100635318e-06,0.00025977715267799795,0.012623404152691364,1.7501894262750284e-06,0.004982396494597197,1.1046375538456901e-13,0.0012187574757263064,0.00032330374233424664,0.4261954426765442,0.00016565294936299324,1.3519740605261177e-05,0.0004585293063428253,4.608097242453368e-06,5.33234779140912e-05,0.28507766127586365,0.00019394182891119272,6.6136676650785375e-06,0.00013839633902534842,0.00756335724145174,1.3567634482569702e-07,4.168147711425263e-07,0.0074892486445605755,0.0004478712216950953,0.0002991198853123933,0.057395126670598984,0.19508184492588043
window-bc2335e0e067bff8b630,436_62184_122673,baseballbat,umbrella,0.23353512585163116,False,0.0013599734520539641,0.00027194098220206797,0.00024405267322435975,0.00897397380322218,0.014975124038755894,1.4646559520770097e-06,0.032438259571790695,0.006005697883665562,0.042733579874038696,0.19473332166671753,0.000321306666592136,0.031580474227666855,0.026623940095305443,0.06555750966072083,0.08840356767177582,0.045393384993076324,0.030271463096141815,0.05132870376110077,0.028674380853772163,0.0002849735028576106,0.0008033575140871108,0.00013364733604248613,0.017708739265799522,0.0028070220723748207,0.23353512585163116,0.07483500242233276
window-ac260277c96210030123,74_6869_14767,baseballbat,baseballbat,0.3445127308368683,True,0.0011086045997217298,0.0011501978151500225,0.3445127308368683,0.0005471117328852415,0.0014263995690271258,1.895798595796805e-05,0.005415494553744793,0.00030583597254008055,0.03597481548786163,0.01596985198557377,9.310762106906623e-05,0.005821106024086475,9.60826946538873e-05,0.0002462344418745488,0.061044398695230484,0.08531823009252548,4.119776804145658e-06,0.08185192942619324,0.0167760718613863,1.6601559016393708e-09,0.006348000839352608,0.0011974077206104994,0.0182813573628664,0.0005081618437543511,0.004948095418512821,0.311035692691803
window-df21bbf850e86afb8734,74_6869_14767,baseballbat,apple,0.6578313112258911,False,0.6578313112258911,0.0011709927348420024,0.08187568932771683,0.022395562380552292,1.623775824555196e-05,1.2648015967897663e-09,0.013033208437263966,0.005581443198025227,0.0012613506987690926,0.00013055464660283178,0.0001460145867895335,0.0006980749894864857,0.02572534792125225,0.0317063182592392,6.463256431743503e-05,5.241942562861368e-05,1.539728202715196e-07,2.3166625396697782e-05,0.004092753864824772,6.363871989378822e-07,0.0009965932695195079,8.81111873241025e-07,0.05306416377425194,0.06496522575616837,0.009816362522542477,0.02535087615251541
window-7598ddaed8c02e62fe6c,74_6869_14767,baseballbat,wineglass,0.2093009054660797,False,0.056016936898231506,0.029202498495578766,0.0037815498653799295,0.0014636152191087604,0.0639398843050003,2.0492014300543815e-05,0.07617952674627304,0.018443923443555832,0.015091265551745892,0.039800744503736496,0.0009120377362705767,0.007160237058997154,0.002206438221037388,0.0076441955752670765,0.10271362960338593,0.00505522545427084,9.187128853227478e-06,0.060010746121406555,0.0688549131155014,6.348474926198833e-06,0.07066486030817032,0.00014248688239604235,0.1294015645980835,0.029235554859042168,0.002741216914728284,0.2093009054660797
window-721bff73a50512dee089,74_6869_14767,baseballbat,toyplane,0.2200579196214676,False,0.10122883319854736,0.006520876195281744,0.006097801495343447,0.008004756644368172,0.10031310468912125,4.830827492696699e-06,0.05314130336046219,0.011274020187556744,0.004959611222147942,0.002971797715872526,0.000940781959798187,0.035953231155872345,0.00026790829724632204,0.0051125395111739635,0.19674184918403625,0.011260349303483963,4.306673417886486e-06,0.006902994588017464,0.05986061692237854,8.791995469437097e-07,0.007729954551905394,0.00010693437070585787,0.2200579196214676,0.016847945749759674,0.0022959124762564898,0.14139887690544128
window-2df8d78d0afe554f0f09,206_21812_45932,bench,bench,0.6499832272529602,True,2.2890906166139757e-06,4.5629931264556944e-06,5.711527819585172e-07,0.6499832272529602,4.3231615563854575e-05,2.2045514430371086e-22,6.813178060838254e-06,2.6908479412668385e-05,0.0015001941937953234,2.4447583200526424e-05,4.84682323076413e-06,1.4149512935546227e-05,0.01274207141250372,0.0026934335473924875,4.781197660008729e-09,9.97049137367867e-05,0.31789931654930115,0.00990935880690813,0.0001544591214042157,0.0006863108719699085,0.0018354435451328754,4.861196445382632e-10,0.0019962559454143047,4.8201869503827766e-05,0.0002866252325475216,3.763640415854752e-05
window-bc974326f13890abc2cd,206_21812_45932,bench,hydrant,0.8970447182655334,False,4.55876906926278e-05,3.301983042547363e-08,6.961422513995785e-07,0.07724311202764511,3.164016015944071e-05,2.113059075573733e-27,1.1565473869268317e-05,0.0002878146478906274,0.0002329274284420535,2.842670710379025e-06,8.24992923753598e-07,3.903366086888127e-05,0.8970447182655334,2.590855729067698e-05,7.650444189266636e-08,0.00039985793409869075,0.00848712120205164,0.012509625405073166,1.1465866009530146e-05,5.121127742313547e-06,0.0020454684272408485,1.812762301378612e-10,0.0014193699462339282,4.575367711368017e-05,9.367323946207762e-05,1.5747835277579725e-05
window-3debc719bd916cb4a3d5,206_21812_45932,bench,hydrant,0.5295574069023132,False,4.6474426198983565e-05,3.5182718960413695e-09,6.177717295940965e-05,0.05262994393706322,0.0018851235508918762,4.470867602618274e-24,1.4233228284865618e-05,0.0013866301160305738,6.0316269809845835e-06,1.931872702698456e-06,0.001177975325845182,0.0021306101698428392,0.5295574069023132,0.0009558704914525151,6.220065642992267e-06,0.0016829114174470305,1.9527669792296365e-06,0.013687913306057453,0.00020910978491883725,6.059794372959004e-07,0.000703900121152401,7.38864733285105e-11,0.3408271074295044,0.05197891220450401,0.0010105035034939647,3.682893657241948e-05
window-ef36ff4fce9047715189,206_21812_45932,bench,bench,0.8109337687492371,True,1.2893157474991312e-07,2.799318288282393e-08,1.1093042076026904e-06,0.8109337687492371,5.156702536623925e-05,1.7354166533301265e-19,1.798178459466726e-07,8.3606930274982e-05,2.646185635057918e-07,4.257366163074039e-05,3.224359488740447e-06,4.7398493734363e-06,0.178549125790596,0.003018709132447839,3.3407334676383016e-09,9.521059109829366e-05,0.002483963267877698,0.0020395652391016483,0.00011370205174898729,0.0006264817202463746,2.71048593276646e-05,4.0067489257000766e-12,0.0005568214110098779,0.0013446599477902055,2.210045204265043e-05,1.2937875908392016e-06
window-1cf0937527cf1bb5b7b3,421_58394_112538,bench,handbag,0.44364699721336365,False,8.022230758797377e-05,0.0006599596235901117,0.044053856283426285,0.1853318214416504,0.00041683451854623854,0.0020487173460423946,0.0001244185259565711,0.0005538304103538394,0.0032496745698153973,0.001989778596907854,4.529565921984613e-05,0.44364699721336365,0.0006616921164095402,7.50813924241811e-05,0.005366045515984297,0.05931837856769562,6.778237093385542e-06,0.007028276566416025,0.0015715777408331633,0.00016202786355279386,0.03549538925290108,0.0019564114045351744,0.00015916141273919493,0.00028845746419392526,0.20570774376392365,1.5826104799998575e-06
window-cc832c8ab3321703c1be,421_58394_112538,bench,handbag,0.3920292556285858,False,1.4920234207238536e-05,0.00036256760358810425,0.013201928697526455,0.10132888704538345,0.0006981532205827534,5.072915314485726e-07,8.19124179542996e-05,0.0008352524600923061,0.0022143591195344925,0.007571675814688206,5.1015322242164984e-06,0.3920292556285858,0.009758826345205307,2.973524260596605e-06,0.0036564029287546873,0.009583896957337856,7.235907872882308e-08,0.3415531516075134,0.000638134777545929,0.0002488192985765636,0.023984059691429138,0.004173239227384329,0.00027865031734108925,0.00011476154759293422,0.08766177296638489,7.203337872851989e-07
window-b48e9cf8a1b9c17d8a9a,421_58394_112538,bench,umbrella,0.5344327092170715,False,2.9104605346219614e-05,1.3104930985718966e-05,0.02639000676572323,0.04255006089806557,0.002128839958459139,7.292520809443204e-09,0.00031100769410841167,0.0001588734012329951,0.0056100571528077126,0.003459781175479293,2.0848290205321973e-08,0.0030276994220912457,0.08050242811441422,1.147973989645834e-06,0.0012852268991991878,0.0004826824879273772,6.193047141778152e-08,0.2260466068983078,0.00032500334782525897,0.0004869955300819129,0.07237633317708969,0.00016477704048156738,0.0001541411184007302,6.21368526481092e-05,0.5344327092170715,1.1967897535214433e-06
window-d5270078e520aaa32eb0,421_58394_112538,bench,umbrella,0.9061195850372314,False,0.00011899669334525242,2.6437945052748546e-05,0.013158977031707764,0.00505867600440979,0.00018345202261116356,8.217742220040236e-08,3.2445808756165206e-05,0.00013403741468209773,0.015559433959424496,0.0011821058578789234,2.1334592759103543e-08,0.00018807884771376848,0.007700231391936541,6.708127330057323e-05,0.0003426540642976761,7.891061250120401e-05,1.0711228242143989e-06,0.0084436796605587,0.0001158345548901707,1.6761940059950575e-05,0.041265737265348434,4.1224757296731696e-05,6.117712473496795e-05,0.00010304444731445983,0.9061195850372314,1.8473018315035006e-07
window-40f48a83af006b93911c,429_60409_117276,bench,hydrant,0.33228686451911926,False,0.00015543737390544266,0.004172006156295538,0.18456506729125977,0.01195537019520998,0.0014735390432178974,0.00012213656737003475,0.00028215398197062314,0.021250808611512184,8.944833098212257e-05,0.004141099285334349,0.04100615158677101,0.1492438018321991,0.33228686451911926,0.0015902288723737001,0.0008429524605162442,0.013838506303727627,0.11702275276184082,0.0022826134227216244,0.0011197261046618223,2.47043175249928e-07,0.003812275128439069,0.05465346574783325,0.002356102457270026,0.0032905247062444687,0.04812108725309372,0.0003256162453908473
window-8d5daff682378519ac47,429_60409_117276,bench,mouse,0.6923577189445496,False,1.986065399250947e-06,3.525993088260293e-05,0.006064698100090027,0.1979096382856369,0.0005884655402041972,4.485184196701547e-13,0.0016148408176377416,5.645735541293107e-07,6.373213636834407e-07,7.740834553260356e-05,0.014032422564923763,2.0975440406800772e-07,0.0010533896274864674,0.0005321823991835117,0.00204489822499454,0.6923577189445496,0.009889613837003708,0.005751622375100851,7.668350008316338e-05,0.0002707297680899501,0.000303308799630031,2.1621181076625362e-05,0.0024164505302906036,0.007586500141769648,0.057269785553216934,9.929735824698582e-05
window-725594b59f02fbbc47a2,429_60409_117276,bench,handbag,0.5147912502288818,False,0.0001892793516162783,0.008093367330729961,0.0016788751818239689,0.0026468064170330763,0.00051549740601331,0.001836425275541842,0.00030802428955212235,0.251465380191803,9.738138760440052e-05,0.0003687861899379641,0.005789455026388168,0.5147912502288818,0.0048028407618403435,2.378256613155827e-05,0.012529873289167881,0.03323322907090187,6.94524496793747e-05,0.01908554695546627,0.02319260686635971,9.311201409900605e-08,0.041844118386507034,0.052702341228723526,0.0004265305178705603,0.001996927661821246,0.022284798324108124,2.7284091629553586e-05
window-8640de36be7c6dec1fb0,429_60409_117276,bench,bench,0.4891435205936432,True,0.004784282762557268,0.04576853662729263,0.07226938009262085,0.4891435205936432,0.00013199105160310864,3.594768796869041e-12,2.8126631690383874e-08,9.862817478278885e-07,7.527780780947069e-06,0.004697313532233238,3.404237986615044e-06,0.0015412255888804793,0.0021409241016954184,9.676283241333294e-08,2.3389131911244476e-06,0.02877114526927471,5.3827775445824955e-06,0.08739956468343735,6.147060105377022e-08,1.8362437685937039e-06,0.025638539344072342,4.461753189133333e-09,0.000786466000135988,0.0008967096218839288,0.22515572607517242,0.01085305493324995
window-80cfd424c9df37bd6ee3,437_62527_123384,bench,wineglass,0.6119115352630615,False,3.158395713853679e-07,6.0631860833382234e-05,0.0013450824189931154,9.158931788988411e-06,0.016484804451465607,8.538907915202478e-20,0.05896546319127083,0.00019269537006039172,0.17647749185562134,0.0560956634581089,0.008455357514321804,0.002891099313274026,0.016058802604675293,0.00017695053247734904,9.405190212419257e-06,0.03276074305176735,0.0023831515572965145,0.006463153753429651,0.0017160687129944563,0.0012401576386764646,0.0029362859204411507,4.5128130295779556e-05,0.0027304552495479584,4.055914814671269e-06,0.0005863718106411397,0.6119115352630615
window-bce0b3e4e74ef094e059,437_62527_123384,bench,umbrella,0.7529894113540649,False,0.00022514909505844116,0.00015249874559231102,0.04148299992084503,5.622133903671056e-05,0.023888152092695236,1.6272399009850669e-12,1.6127694735246223e-09,3.9352707759121586e-09,4.684206942329183e-06,8.789524144958705e-06,2.201223651354667e-06,3.746318270714255e-06,6.0109961452781135e-09,8.338934094354045e-07,5.897265964449616e-08,2.7935740945395082e-05,3.044656082806796e-09,3.073333209613338e-05,0.17569805681705475,2.95911350978173e-10,2.230081554444041e-05,1.7824612896788494e-09,0.004209334496408701,0.0011575614335015416,0.7529894113540649,3.933200423489325e-05
window-08a7237bc824a262f34d,437_62527_123384,bench,microwave,0.8162354826927185,False,0.02452501282095909,7.80193877290003e-05,0.0016488957917317748,1.2706233292192337e-06,5.456792351310469e-08,1.4137211500245788e-16,2.2576379706151783e-05,0.014850093983113766,0.004803473595529795,6.605157068406697e-06,3.7369592690477196e-14,0.12679262459278107,1.0625939364516945e-11,5.394391422441913e-08,0.8162354826927185,0.0002059769758488983,1.7796136786429884e-09,0.00016405402857344598,2.4112920073093846e-05,2.72840905424232e-09,1.4952417586755473e-05,4.835628342192422e-09,1.818490454752464e-05,0.008824006654322147,0.0017697773873806,1.4730264410900418e-05
window-f93668c01f871e316bca,437_62527_123384,bench,chair,0.4106232821941376,False,8.93642118171556e-06,0.0036979960277676582,0.36741262674331665,2.5847199140116572e-05,0.1193208396434784,6.108234583288109e-18,0.0009452223312109709,0.00015956346760503948,0.4106232821941376,7.096232729963958e-05,3.809866939263884e-06,0.00020394509192556143,1.7601187209947966e-06,0.048724669963121414,9.289967124459508e-07,1.738887294777669e-05,1.26157999602583e-06,1.0891135389101692e-05,2.688771701286896e-06,1.7151234599221965e-10,8.043060006457381e-06,2.33697792282328e-05,0.0002249557728646323,2.3704588159034756e-07,0.048507966101169586,2.8388665214151843e-06
window-f4df28dbc88245119422,471_66547_130935,bench,parkingmeter,0.5090043544769287,False,5.955322194495238e-06,1.0704266969696619e-05,0.0033809933811426163,0.19439785182476044,0.0072617619298398495,1.404785954228771e-09,9.494712685409468e-06,6.9399648054968566e-06,0.09106394648551941,8.121076825773343e-05,7.893335407516133e-08,0.001139298197813332,0.12547171115875244,1.2233654160809238e-06,2.6650199288269505e-05,0.006365327630192041,0.5090043544769287,0.0037836648989468813,7.576504231110448e-06,0.013091596774756908,0.007123021874576807,8.43942245865037e-07,0.012334823608398438,0.005873148795217276,0.019557781517505646,4.992032387463041e-08
window-bf7c326bb93de2fcc4fe,471_66547_130935,bench,baseballbat,0.2847498655319214,False,0.00017424445832148194,0.006465643644332886,0.2847498655319214,0.12385275214910507,0.04376528412103653,0.00039611419197171926,0.00012812166824005544,0.002941034734249115,0.15372326970100403,0.0002966139873024076,0.0006563342758454382,0.06976551562547684,0.08180434256792068,0.00029981989064253867,0.002663898281753063,0.035816118121147156,0.0013923593796789646,0.006026004906743765,0.010538392700254917,0.06343827396631241,0.017722200602293015,0.002264590933918953,0.04411832615733147,0.0013544850517064333,0.04563296213746071,1.3310974281921517e-05
window-a5b7912db7e94bfd224f,471_66547_130935,bench,umbrella,0.4481600224971771,False,0.00219147652387619,0.004452087450772524,0.036094121634960175,0.003938016016036272,0.006002066656947136,9.910031906201766e-09,0.0001333764666924253,0.004142810590565205,0.034049682319164276,0.0045366594567894936,0.00010307497723260894,0.005384537391364574,0.026599960401654243,0.00045973362284712493,0.0013278344413265586,0.05455059930682182,0.0014793265145272017,0.014863906428217888,0.005434499122202396,7.795506462571211e-06,0.2654407024383545,0.0010071523720398545,0.0007991574821062386,0.07884036749601364,0.4481600224971771,9.70057726590312e-07
window-9524d443d1650d32ea07,471_66547_130935,bench,bench,0.603348970413208,True,0.00019657400844153017,3.885699334205128e-05,0.012601549737155437,0.603348970413208,0.009057284332811832,5.517453605108358e-09,0.00016733801749069244,0.0001708644995233044,0.15763801336288452,0.000167733000125736,1.1487068007909329e-07,0.0011930546024814248,0.023549726232886314,2.648409645189531e-05,0.0004980449448339641,0.005774164106696844,0.008360277861356735,0.03606396168470383,4.8202171456068754e-05,0.0004496462643146515,0.007514300290495157,3.9461636333726346e-05,0.004627516958862543,0.01687631942331791,0.11159120500087738,2.7274930403109465e-07
window-7b016325495ec0556781,503_72336_140773,bench,bench,0.6141502857208252,True,0.00022668430756311864,0.00020533637143671513,0.027069956064224243,0.6141502857208252,1.1543079381226562e-06,1.4436008989834642e-15,1.046690512040982e-09,1.8252365407533944e-05,0.0004972856841050088,1.8725039296896284e-07,1.280889682675479e-05,1.5347768567153253e-05,0.35645976662635803,6.229863060980279e-07,0.0005286667146719992,4.12017442386059e-09,2.1892507251486393e-10,0.00010516840848140419,3.492417874895182e-07,1.991748810326044e-08,8.083645184342458e-07,0.0004936379264108837,0.00019849567615892738,3.948997573388624e-07,9.86867325991625e-06,4.81458164358628e-06
window-16f1aeb2f686b6c5797c,503_72336_140773,bench,bench,0.9131289720535278,True,2.4783274056972004e-05,0.000542482128366828,3.0359251468325965e-05,0.9131289720535278,1.064030311681563e-05,2.3776108649002803e-22,3.70638737479112e-08,1.2194030674095302e-08,1.4616959560953546e-05,2.7216597118240315e-06,3.48062556554396e-09,0.010353404097259045,4.166102740565947e-10,0.07109994441270828,7.978918438311666e-05,1.0674460447501755e-11,2.543637696306167e-11,5.863853846932443e-09,2.9821325369994156e-05,0.004585151094943285,2.0123790818615817e-05,6.913193351110181e-10,8.783123917055491e-07,7.564936822745949e-05,8.518787808498018e-08,5.866605761184474e-07
window-bcb299452dfb8b94b16c,503_72336_140773,bench,stopsign,0.8855504989624023,False,4.4782809709431604e-05,0.04438992217183113,6.1472246670746244e-06,0.0005405693082138896,0.00026824240921996534,4.4205070159897275e-10,0.004704899620264769,0.00022817299759481102,0.006350357551127672,0.0001408921816619113,0.0003325207799207419,0.006702841725200415,7.032090707070893e-06,0.0004043755179736763,0.0005008642910979688,1.8892460502684116e-06,7.13739609636832e-06,2.172479440787356e-08,1.813253402360715e-05,0.8855504989624023,0.006714616436511278,2.1367750377976336e-05,2.2459125830209814e-05,0.0007387645891867578,0.04228725656867027,1.6419289750047028e-05
window-128d8d167042a08a13fe,503_72336_140773,bench,hydrant,0.9579262137413025,False,2.0159597625024617e-05,0.00015614056610502303,0.0001864082005340606,0.0001245123567059636,3.9052531064953655e-05,4.80021279208832e-15,6.467734056059271e-05,0.0001549288717797026,0.0005295389564707875,1.4535312509167397e-08,7.853397255530581e-05,0.00023946678265929222,0.9579262137413025,3.2956104405457154e-05,0.00010016467422246933,1.1353716189432816e-08,2.1031216874689562e-06,4.2789999099568377e-08,5.694428750757652e-07,0.037528350949287415,0.00013286441389936954,6.325601376033774e-09,6.284386927291052e-06,3.917630237992853e-05,0.0026338433381170034,3.895249392371625e-06
window-809d663919d3f7e6a6a5,519_74529_145173,bench,hydrant,0.43902483582496643,False,0.010806410573422909,0.05076368898153305,0.0022660773247480392,0.05305372178554535,0.0027989859227091074,7.80469854362309e-05,0.005158067215234041,0.031357619911432266,0.02041502110660076,0.031671736389398575,0.0009903229074552655,0.029643235728144646,0.43902483582496643,0.025343870744109154,0.08707112818956375,0.06296650320291519,0.0006207636906765401,0.014018453657627106,0.023883072659373283,0.0009125591604970396,0.00259948312304914,9.062561730388552e-06,0.00966872088611126,0.010624077171087265,0.03128652274608612,0.05296806991100311
window-af336489cddeae681c7c,519_74529_145173,bench,hydrant,0.3229515850543976,False,0.005306205712258816,0.03945402055978775,0.0016330061480402946,0.04749806597828865,0.004261891823261976,8.655217970954254e-05,0.009358152747154236,0.02764645405113697,0.017502950504422188,0.031815722584724426,0.0012299898080527782,0.030005332082509995,0.3229515850543976,0.027942892163991928,0.2498360127210617,0.03490496426820755,0.0005560129065997899,0.016552679240703583,0.03510572761297226,0.00476126279681921,0.0026242209132760763,1.3568936083174776e-05,0.008300846442580223,0.004914843011647463,0.04084860906004906,0.03488840162754059
window-5c4e846aceeaa8e5bc49,519_74529_145173,bench,hydrant,0.5459524393081665,False,0.007653759326785803,0.04157776013016701,0.0022337185218930244,0.037648074328899384,0.001576598035171628,3.617162656155415e-05,0.001992096658796072,0.020098848268389702,0.018522081896662712,0.025510985404253006,0.000970992143265903,0.021250257268548012,0.5459524393081665,0.019265582785010338,0.050868164747953415,0.06008154898881912,0.0008667404763400555,0.008637369610369205,0.015200631693005562,0.00039411926991306245,0.0016232688212767243,7.176370672823396e-06,0.007450519595295191,0.008006256073713303,0.03255898505449295,0.07001582533121109
window-7cb704e5b32dc752c6f8,519_74529_145173,bench,hydrant,0.4044492840766907,False,0.005515187978744507,0.04462267458438873,0.0028867784421890974,0.04724142700433731,0.005363659933209419,7.467561954399571e-05,0.006057130638509989,0.02093982696533203,0.02708946354687214,0.026647092774510384,0.0008591321529820561,0.020338276401162148,0.4044492840766907,0.0349888950586319,0.12921684980392456,0.07154837995767593,0.0007200230611488223,0.02239822968840599,0.017622482031583786,0.0014738484751433134,0.0012585275107994676,2.389699375271448e-06,0.010305015370249748,0.0058960323221981525,0.0338621512055397,0.058622587472200394
window-87b77ca360831103ba06,580_86066_169648,bench,bench,0.6859670877456665,True,0.0009508077055215836,0.0012504837941378355,0.000615301018115133,0.6859670877456665,0.004657874349504709,0.029503313824534416,0.030254101380705833,0.00011072946654167026,0.00021706215920858085,0.0010556236375123262,1.9979594071628526e-05,0.010161660611629486,3.0431352993076644e-09,2.666434511411353e-06,0.000969596323557198,0.00033997962600551546,2.2646432285000628e-07,0.0002833413309417665,0.0005114749073982239,2.5063942241110304e-11,0.0050171418115496635,0.18460199236869812,0.00016358420543838292,5.704040813725442e-05,0.041843801736831665,0.0014450738672167063
window-aa1b4fdc5be6de01bdaa,580_86066_169648,bench,toytruck,0.540265679359436,False,0.13060036301612854,0.0002667699591256678,0.0001774518023012206,0.010575630702078342,0.0005390833830460906,2.350579677568021e-07,0.04705069214105606,0.20474739372730255,0.002852288307622075,0.004973903298377991,6.780039711884456e-06,0.0028312592767179012,0.0007436262094415724,0.00015844406152609736,0.000977862742729485,0.01812760718166828,1.3505601970109637e-08,1.2804267498722766e-05,0.0001484087115386501,2.3679651572905414e-09,0.0013738861307501793,1.621026285647531e-06,0.00012158248864579946,0.540265679359436,0.015931572765111923,0.017515059560537338
window-40e207d7eeec4c41b28a,580_86066_169648,bench,bench,0.35833117365837097,True,0.02949313260614872,0.008061419241130352,0.0007916188915260136,0.35833117365837097,0.030213959515094757,0.00038540357491001487,0.003186906687915325,0.00013793661491945386,0.0019694017246365547,0.019248465076088905,1.87031073437538e-05,0.2518690228462219,1.4390049329904286e-07,2.2628644728683867e-05,0.009097804315388203,0.0022146275732666254,1.9262762052107973e-08,0.00036940391873940825,0.056296076625585556,9.766949055078911e-11,0.00042510044295340776,0.003371899714693427,0.003750146133825183,0.0015165448421612382,0.000653176277410239,0.21857531368732452
window-362f6f76a3b3360f4c0b,599_92255_182422,bench,stopsign,0.8057064414024353,False,1.1161017887673097e-08,2.5809686121647246e-06,0.0047575547359883785,0.02231398969888687,0.00041827428503893316,1.1214761668113013e-21,7.325472324737348e-06,2.590505800981191e-07,0.006741134915500879,9.605973900761455e-06,3.9072772795023525e-11,2.8916586458649363e-08,0.10551095753908157,5.263009370537475e-07,1.4260023817769252e-05,2.740502623055363e-06,0.0008060717955231667,0.053438641130924225,1.0834189545505524e-08,0.8057064414024353,2.51192744826767e-07,1.5712323886418744e-08,4.4364334428337315e-08,1.0970162520607118e-06,3.980246219725814e-06,0.0002641214814502746
window-4646fe243b6d29b515d3,599_92255_182422,bench,stopsign,0.9999979734420776,False,1.197324904898974e-15,5.18959701600874e-11,1.9483225796590453e-12,2.895166772987068e-09,1.473187370704121e-11,1.7070733968856043e-30,4.3555534613021196e-13,6.2032176489201704e-21,2.3832223087355553e-12,2.1232900149475292e-13,4.65687498348296e-20,1.676801753003332e-10,2.069046104224981e-06,1.6565561145043262e-09,9.105880112436626e-13,3.017503036177073e-14,6.916246686472505e-09,3.3084408546102395e-09,1.2148008293744184e-11,0.9999979734420776,4.152560587056264e-11,4.272766307433784e-10,8.280694015776037e-17,1.1241709603135308e-12,2.97874391819164e-10,2.4526008394337717e-13
window-02becb314f5058d3add7,599_92255_182422,bench,stopsign,0.9991204142570496,False,2.7336897936297566e-12,4.552922969192075e-11,6.009216804159223e-07,0.00045638985466212034,8.992887545744566e-10,1.3052823859367054e-23,3.939771414922938e-13,1.5500107707761002e-12,2.793519415789092e-09,5.361179278295936e-10,1.3192259784577942e-12,3.117368169158752e-11,0.00033654161961749196,1.166201468727479e-09,4.951940635322671e-09,1.0061730115751288e-08,1.4276041838456877e-05,7.166772411437705e-05,2.0861585028897345e-11,0.9991204142570496,3.5859631930534874e-10,1.6785345445321519e-18,3.380271410002855e-11,2.7992396595122315e-11,6.101580907191817e-10,2.609779414797231e-08
window-399730f4cd09c7df432a,599_92255_182422,bench,bench,0.9464870691299438,True,9.669459677397185e-12,1.4068036513492643e-08,0.0005672667175531387,0.9464870691299438,0.00034965091617777944,3.741024007144546e-26,3.081047452724306e-07,5.338244477570697e-07,0.0005503438878804445,0.007730219513177872,7.225949981599922e-15,1.8464401136952802e-06,0.002243773778900504,7.370059620370739e-07,1.1377589544281363e-05,0.00015877815894782543,0.001911780214868486,0.001435748185031116,5.131624902787735e-07,0.038391344249248505,1.2532863635783542e-08,2.316967147655835e-13,0.00015373961650766432,2.8499977133833454e-07,2.2893780737831548e-07,4.502824140217854e-06
window-f674723f7d320ec32172,457_64633_127319,book,frisbee,0.4250582456588745,False,2.529762355152343e-07,2.9539601200667676e-06,0.00014279881725087762,0.0002975036622956395,0.17379668354988098,1.5190148916534827e-28,0.019050899893045425,0.00560400914400816,0.00011642124445643276,9.631578723201528e-05,0.4250582456588745,4.2260488442025235e-08,1.0185948667640332e-05,1.4346165144729639e-08,2.829030734119442e-07,0.00028544801170937717,9.383019516917557e-08,9.920500451698899e-05,9.64890859904699e-05,1.403417257961337e-07,7.138857682775779e-08,1.2186095545985154e-06,0.001193267642520368,1.163503156931256e-06,0.3009085953235626,0.07323763519525528
window-5279048c8aaef2af933a,457_64633_127319,book,book,0.7232789993286133,True,3.356610477567301e-06,0.0008626571507193148,0.00026828720001503825,1.6924848750932142e-05,0.7232789993286133,1.1345725685286568e-34,0.025349002331495285,0.01155184954404831,0.0002798508503474295,0.012966422364115715,0.19261053204536438,3.4601615084284276e-07,0.0002742548822425306,2.669351886197546e-07,8.009704566269704e-10,0.00026816301397047937,2.4024568119784817e-05,0.0007039244519546628,6.340518302749842e-05,8.08361164672533e-08,4.851222001889255e-07,5.4981583730295824e-08,6.82362542647752e-06,4.477064123875607e-07,0.018607396632432938,0.012862461619079113
window-4e9c5fc4de8fd160408f,457_64633_127319,book,book,0.3329654932022095,True,2.638293835843797e-06,0.0028541740030050278,0.002229969250038266,2.329950984858442e-05,0.3329654932022095,5.885985271947268e-32,0.0685739815235138,0.03302063047885895,0.009751295670866966,0.15994688868522644,0.14295214414596558,1.5876948964432813e-05,0.000401575758587569,2.985366052143945e-07,2.8025988196844764e-09,0.0006557551678270102,0.0003996879095211625,0.019748691469430923,0.00019830040400847793,2.830353196259239e-07,3.025127398359473e-06,1.8880939023802057e-05,7.713110790064093e-06,1.0879480072389924e-07,0.0640290379524231,0.16220028698444366
window-8f9dcbd84a05b8ca8a58,457_64633_127319,book,book,0.3738912045955658,True,1.4822610694409377e-08,2.7489269882607914e-07,1.5206693149139028e-07,0.00017963538994081318,0.3738912045955658,4.0689584158255785e-28,0.1407909244298935,0.00012243154924362898,6.472661334555596e-05,0.0019347419729456306,0.0020157224498689175,2.6183844425986535e-08,0.06292516738176346,3.341261933798023e-09,4.1808101514106966e-07,1.9523668015608564e-06,3.661171285784803e-05,0.0002621094463393092,1.1890170981132542e-06,2.2271216948865913e-05,1.926111181660417e-08,2.9902591336394835e-07,0.00018444631132297218,2.747069061115326e-07,0.19740939140319824,0.22015595436096191
window-8634b50a2f76eb766b8e,463_65654_128621,book,cup,0.5343895554542542,False,0.001726800575852394,0.039582181721925735,0.00038720222073607147,7.432704296661541e-05,0.01422892976552248,8.533938000709895e-08,0.024822300300002098,0.01429277379065752,0.004056701436638832,0.5343895554542542,1.3292926269059535e-05,0.0005154574173502624,1.2642973779009026e-08,1.496594109084981e-06,0.2020338922739029,0.00906877126544714,1.4480952437168071e-08,0.0017129770712926984,0.14957654476165771,2.727775790845044e-05,0.0009271992603316903,3.629818093031645e-05,0.0005417739157564938,1.601226358616259e-05,0.00019748789782170206,0.0017706070793792605
window-942bdc80416b9c1851ad,463_65654_128621,book,book,0.28198227286338806,True,0.002526819473132491,0.08099675923585892,0.0006205822573974729,0.01068048644810915,0.28198227286338806,6.827318710378449e-09,0.000840852502733469,0.01553700864315033,0.005135045852512121,0.10378947108983994,6.644852874160279e-06,0.00018888822523877025,0.0016680372646078467,0.0008508044411428273,0.07299286872148514,0.00287255528382957,5.3780851885676384e-05,0.0016450373223051429,0.024533569812774658,5.5332042393274605e-05,0.006299731321632862,0.00034675528877414763,0.13278016448020935,0.0004231805505696684,9.888643398880959e-05,0.2530745267868042
window-dbfdf4087cd4ff38683a,463_65654_128621,book,cup,0.5644129514694214,False,0.015689482912421227,0.053395528346300125,0.00032391652348451316,8.36183171486482e-05,0.2341809868812561,6.913259742447053e-09,0.0058325971476733685,0.017445160076022148,0.0035756444558501244,0.5644129514694214,0.0009887430351227522,0.0007249233894981444,0.0009057390852831304,0.0002637272991705686,0.005494814366102219,0.001157094957306981,2.298931394761894e-05,0.009757357649505138,0.010257160291075706,0.0003429560747463256,0.0127312196418643,2.2314139641821384e-05,0.0035464453976601362,0.0007434057770296931,1.674212580837775e-05,0.058084454387426376
window-bab7381039de346c6909,463_65654_128621,book,cup,0.4860767722129822,False,0.0029743157792836428,0.09084810316562653,0.00013024025247432292,0.00017683407349977642,0.046248506754636765,1.3003869980821037e-06,0.0047312104143202305,0.008606607094407082,0.0009391439380124211,0.4860767722129822,0.0011283890344202518,0.00042832858162000775,4.176799393462716e-06,1.861925375123974e-05,0.13267862796783447,0.0041462150402367115,5.8224518539873316e-08,0.017519528046250343,0.1836407333612442,8.12901635072194e-06,0.0011772102443501353,0.00015531759709119797,0.01409988384693861,0.0002753772714640945,5.789101851405576e-05,0.00392841687425971
window-55815bacd36203a91743,517_74144_144536,book,stopsign,0.999584972858429,False,8.960549280345731e-08,2.2207378991279114e-10,9.117876453856866e-10,6.28684215797648e-09,4.772335561365642e-16,2.912451238010926e-19,1.0885571090357704e-11,6.475496405755621e-08,8.827072961459237e-10,1.1007045969124718e-10,7.322239342633097e-11,3.9480898550436905e-09,2.9717267535644964e-10,1.305091174019779e-10,1.2581325847804692e-07,4.1020548735559714e-08,4.645382263231167e-16,4.1450707044532464e-07,9.190138233750034e-11,0.999584972858429,9.30565846601894e-10,4.3674484127430475e-15,4.191151870003296e-09,0.00041097987559624016,5.2167692388138676e-09,3.285956381660071e-06
window-dd4285067a521ebf7a92,517_74144_144536,book,stopsign,0.8598082065582275,False,1.3818537354381988e-06,3.231195222497263e-08,8.532691140317183e-07,2.9696566343773156e-06,3.5214625659918397e-10,1.1034578632773684e-11,0.0001585805875947699,0.0001437668252037838,0.007142955902963877,1.067955395228637e-06,1.4621809540926733e-08,4.014993828604929e-05,2.2547162747965643e-10,2.124796516511651e-08,0.07579799741506577,0.0004515533510129899,5.170569160308435e-16,0.0007037706091068685,5.165725724509684e-06,0.8598082065582275,8.365412941202521e-05,1.596880180171345e-13,1.5405067870233324e-06,0.05564761161804199,8.644661647849716e-06,1.5434719058404767e-09
window-365e2730151e40c0c72b,517_74144_144536,book,microwave,0.6548814177513123,False,8.801736839814112e-06,6.61260273204789e-08,0.00016811053501442075,0.010240091942250729,5.4852236644364893e-05,2.6099617259078833e-12,0.0038450718857347965,0.0001166433867183514,0.0003737172519322485,3.660985385067761e-05,3.3249958164560667e-07,0.006196038797497749,4.869617100666801e-07,3.3003868793457514e-06,0.6548814177513123,0.034424763172864914,1.3102233707706912e-11,0.0010112320305779576,0.00021184267825447023,0.017683526501059532,2.7486366889206693e-06,1.1542253274438334e-15,2.6718622393673286e-05,0.2706243693828583,1.8895723769674078e-05,7.040667696855962e-05
window-34dc1f36211d5765c8e2,517_74144_144536,book,toytruck,0.7493303418159485,False,0.008925182744860649,1.2234095265739597e-06,1.0687169549328246e-07,0.0003377265820745379,1.6199313002118743e-09,2.994080203493239e-14,6.76755589665845e-05,0.0002502676798030734,7.41712437957176e-06,9.438525125915476e-07,5.289161816857124e-11,5.94257016928168e-07,1.2046157127354462e-10,9.00030556749698e-08,0.23776645958423615,0.00014774160808883607,1.2655780867731892e-09,2.715843834266707e-07,1.8789258149354282e-07,0.0013591146562248468,5.057617045167717e-07,2.683431039494314e-14,3.886550814513612e-07,0.7493303418159485,1.5284979326679604e-06,0.001802209415473044
window-cba9165fe77381a82fc4,569_82799_163723,book,teddybear,0.899310290813446,False,6.589182885363698e-05,0.00014268689847085625,2.2325380086840596e-06,0.05194993317127228,0.0001233590446645394,2.243468404756685e-15,0.001970288110896945,2.7334122023603413e-06,3.232290691812523e-05,0.0010667433962225914,2.8608303334794194e-13,0.0021482696756720543,0.04235195741057396,3.324248964986509e-08,1.2260466064617503e-06,0.0002915705263148993,9.573872361556823e-09,0.0004226371238473803,2.8808830393245444e-05,3.659341382444836e-05,0.899310290813446,7.294217539310921e-06,1.7368354576774436e-07,3.804267180385068e-05,6.899910658830777e-06,6.022359277935152e-10
window-ec49b07becf3ac407ebf,569_82799_163723,book,cake,0.4824050962924957,False,0.05994804576039314,0.002475730376318097,2.475974542903714e-05,0.031842879951000214,0.019962185993790627,3.70270085208943e-13,0.4824050962924957,0.0002036602672887966,0.006347311660647392,0.0004438050091266632,2.1743601363866105e-10,0.0040533337742090225,0.0029645522590726614,2.781016235076095e-07,1.6193669694075652e-07,0.0015724293189123273,3.75157128473802e-07,0.0001666954776737839,0.0005457003135234118,3.4407810744596645e-05,0.3852241337299347,2.5645481400715653e-06,1.1388456186978146e-05,0.001765906112268567,4.563059064821573e-06,2.862766557143459e-08
window-40130d43d49bd8b47ea7,569_82799_163723,book,teddybear,0.6668118238449097,False,0.0007962248637340963,0.011438531801104546,1.3953294001112226e-05,0.002417805837467313,0.16532033681869507,5.906208698790204e-15,0.029746977612376213,0.0003986487281508744,0.008384817279875278,0.011519821360707283,3.3114802566736046e-10,0.0017719351453706622,0.00034367453190498054,5.72863791603595e-06,1.1515755431901198e-05,0.09037329256534576,8.505035964390117e-08,0.0027127843350172043,0.003815220668911934,4.385444896115587e-09,0.6668118238449097,1.5872816447881632e-06,4.399017052492127e-05,0.003970354795455933,0.00010085220128530636,1.6671261038325724e-09
window-5282039d4c5ed4ebb3fd,569_82799_163723,book,bench,0.49619001150131226,False,7.505918620154262e-05,1.4127015674603172e-05,8.70913117978489e-06,0.49619001150131226,0.0005362995434552431,3.0005459236169866e-16,0.02659902721643448,3.3148864986287663e-07,1.6023706848500296e-05,0.002030979609116912,2.069303929597144e-12,0.037486422806978226,0.09370946884155273,3.658315677057544e-07,8.74708712217398e-06,0.001569499378092587,2.3381858227367047e-06,0.000873141922056675,1.1687830010487232e-05,0.004465241450816393,0.3316408395767212,2.1394262148533016e-06,3.7951286913084914e-07,0.004716027993708849,4.306337723392062e-05,7.127014534091813e-10
window-6eae3d21bfcb3d23f4bf,575_84776_167754,book,cup,0.5097491145133972,False,3.4194335967185907e-06,0.04665667936205864,0.0025092356372624636,0.015034906566143036,1.2946472452313174e-05,4.97262508947216e-11,1.8929918743637586e-10,7.34747592628926e-12,0.09365566819906235,0.5097491145133972,4.551081386749978e-11,3.280526289017871e-05,9.469357564739767e-08,2.346686642340501e-06,0.06973443180322647,0.0012771697947755456,1.7934047491507954e-06,0.25533413887023926,7.287785592779983e-07,3.6352357235536203e-10,6.891834800626384e-07,0.0037479177117347717,7.088225174811669e-06,5.405623326737441e-08,1.7554637452121824e-05,0.002221205271780491
window-0f6270d82190b6bc546b,575_84776_167754,book,apple,0.5936752557754517,False,0.5936752557754517,6.486317488452187e-06,9.113164196605794e-06,1.758563428211346e-08,2.7319309083395638e-05,5.994454856055674e-19,2.4557976985306595e-07,0.00018777135119307786,0.00037194849574007094,6.183975074236514e-07,1.5300608002810634e-10,4.2921055865008384e-05,2.2656136025034357e-06,0.0002531847567297518,0.006083369255065918,0.00924940500408411,2.2223521227715537e-06,4.626971872312424e-08,3.2253035442408873e-07,0.00046689578448422253,7.576052496460761e-08,0.0011063897982239723,9.301137470174581e-05,0.0021931917872279882,0.3856658637523651,0.000562112545594573
window-a15bf11a9416293d0098,575_84776_167754,book,hydrant,0.6662785410881042,False,5.0457902034395374e-06,0.0006143500213511288,0.00011871932656504214,0.000785483920481056,1.8553663494458306e-08,4.599409086797797e-17,1.728027269887189e-11,4.898875431535998e-06,2.1114394712640205e-06,2.129487711499678e-06,2.7942335945052577e-11,1.2404247229369503e-07,0.6662785410881042,2.103898805216886e-05,0.003075185464695096,4.073954471550678e-07,5.61821161682019e-06,0.1289414018392563,6.728592349958262e-09,0.03737615421414375,0.00023853614402469248,0.15568676590919495,4.671081114793196e-06,9.131266779149882e-06,1.5444602468051016e-06,0.00682818191125989
window-17eacce66909a15b8acb,575_84776_167754,book,plant,0.8896034955978394,False,0.004655329044908285,0.0014790245331823826,0.0001800674945116043,0.0013164473930373788,1.838303796830587e-05,4.77485770784521e-15,9.520891097736239e-08,1.7818607375374995e-05,0.07064654678106308,0.02732931263744831,1.65044367061995e-10,7.428010349030956e-07,0.0008887884905561805,2.167337697756011e-06,3.1799444855096226e-07,1.9699055542332644e-07,0.0007543650572188199,0.8896034955978394,9.596090144725622e-09,5.850090383319184e-05,0.00034181380760855973,5.637991407070331e-09,0.0004242805880494416,6.289598240982741e-05,0.000618179386947304,0.001601237221620977
window-d2a12a5cd988ce0636b6,589_88155_174470,book,microwave,0.8315896987915039,False,1.419858648432637e-07,7.0139344643394e-07,0.13077665865421295,0.00014860456576570868,3.4108582624980954e-09,2.2609768404742274e-16,1.027085968358099e-11,5.692469606799477e-09,0.0009731692844070494,4.153057489020284e-06,3.9845157757781335e-18,1.7959054332550295e-07,7.305701501536532e-07,1.3613026794701e-07,0.8315896987915039,4.096355041838251e-06,1.9262490907889784e-11,0.03555595502257347,1.1777228081655267e-09,7.472099383676323e-09,1.3473953508480463e-08,2.5420627935091034e-05,6.3342486100737e-05,6.718424856444472e-07,0.000854089274071157,2.2206831999938004e-06
window-1fecb0cf5dd4290524f0,589_88155_174470,book,toytruck,0.889430046081543,False,0.0004394842544570565,0.00021618764731101692,0.045583948493003845,5.903774581383914e-05,5.3588614719046745e-06,1.6409189090633445e-22,3.22049373835398e-07,2.4430823941656854e-06,0.009353255853056908,0.009243996813893318,1.4550579408023623e-07,1.5560559631921933e-06,3.2486775580764515e-06,2.6454260932951e-06,6.0378993111953605e-06,6.622073851758614e-05,6.955094833394071e-10,0.0022444056812673807,1.2773050173109368e-08,1.6156219695417917e-09,0.005080183036625385,1.1450211445662717e-08,0.0016363980248570442,0.889430046081543,0.032732825726270676,0.0038920757360756397
window-85f102b506fbae45bd89,589_88155_174470,book,plant,0.5860736966133118,False,1.4111292330198921e-06,0.00020181010768283159,0.18426084518432617,0.0005134061793796718,0.0004297502455301583,2.48860150152061e-13,9.74214575677479e-09,2.4222766015213892e-08,0.1833435595035553,0.0011536809615790844,5.027437355309416e-10,5.068819177722617e-07,5.375941825036534e-08,1.0591249655078627e-08,0.03818148374557495,2.304146073583979e-05,1.1080813600017336e-08,0.5860736966133118,1.2991801412454151e-08,1.5603420777665633e-09,8.985312888398767e-06,0.0001344565098406747,7.8847304394003e-05,8.450517725577811e-07,0.005572286434471607,2.1208434191066772e-05
window-5dd3e0230ed08e32e7a2,589_88155_174470,book,plant,0.6690194606781006,False,4.847640411753673e-06,2.039785840679542e-06,0.26018697023391724,0.02135412208735943,1.0028134056483395e-06,8.574868057525444e-22,1.4488275024149289e-09,1.7456540035709622e-07,2.594810757727828e-05,1.2060996596119367e-05,2.581027405690328e-12,2.1283574824337848e-05,0.0029165479354560375,7.583834360502806e-08,0.03905151039361954,4.626919292149978e-07,2.2481401629192987e-08,0.6690194606781006,4.097026273797155e-09,1.4493327853415394e-06,3.87712316296529e-05,0.005318847019225359,3.064768861804623e-06,8.809450235958138e-08,0.002022700384259224,1.8548520529293455e-05
window-b67f84b54be24984a63e,69_5418_12829,bowl,bowl,0.9586716294288635,True,4.618950697476976e-06,5.302272398921559e-08,2.5966419986422906e-11,0.0001679957058513537,2.8508163723017788e-06,0.9586716294288635,3.0586136290366994e-06,2.9590305530291516e-06,4.678081313613802e-05,0.0004912750446237624,1.3216429062268276e-09,3.731637718829006e-07,0.02794748730957508,0.0012994473800063133,8.287598518563755e-08,9.357501085105469e-08,2.9254463740358005e-08,0.011279183439910412,4.688248736783862e-06,6.790640583176355e-08,1.2851155588577967e-06,3.373597581846077e-11,3.942090552300215e-05,4.0887789509724826e-07,3.372035166648857e-07,3.594534791773185e-05
window-7a95dcb5d475abbbd60c,69_5418_12829,bowl,bowl,0.9591414332389832,True,0.00013188029697630554,2.2240075850277208e-05,4.0196215422838577e-07,0.009707214310765266,8.687555236974731e-06,0.9591414332389832,5.249409150565043e-05,5.7219276641262695e-05,0.001621294766664505,0.01451062597334385,1.7425199985154904e-05,0.0002667467051651329,0.008966423571109772,0.00013528717681765556,1.2547382539196406e-05,0.0012712255120277405,1.905218383058127e-08,0.0016968661220744252,0.0001798420853447169,9.982931032936904e-07,9.972122643375769e-05,2.389634801147622e-07,0.0013144046533852816,1.4124112794888788e-06,8.018660992092919e-06,0.0007753682439215481
window-37d37fc5ba0e28c3d6fe,69_5418_12829,bowl,plant,0.4507247507572174,False,6.724250852130353e-05,3.794005897361785e-05,3.457035688825272e-07,0.1576802283525467,9.209720155922696e-05,0.09702374786138535,0.00013739675341639668,1.587331098562572e-05,0.15125903487205505,0.05254998803138733,1.9931951555918204e-07,0.0010983807733282447,0.014918125234544277,0.012850672006607056,0.00016031759150791913,0.005013112910091877,4.903626518171222e-07,0.4507247507572174,0.0011097326641902328,1.972964128071908e-06,0.0005011975299566984,1.514437286687098e-08,0.03611656278371811,0.0005842018872499466,1.7471753380959854e-05,0.01803881675004959
window-4e6a4888947cd79fca01,69_5418_12829,bowl,bowl,0.5654045343399048,True,0.0009349022875539958,0.0002869918243959546,0.0001528201682958752,0.018561096861958504,0.268952876329422,0.5654045343399048,0.0004727923951577395,0.00015110646199900657,0.00158124219160527,0.001044429955072701,0.0010595134226605296,0.0008102332358248532,0.1073397621512413,0.0015610938426107168,0.00011237195576541126,0.001069947611540556,1.3547311027650721e-05,0.006639640312641859,0.0015700670192018151,2.04625612241216e-05,3.998961619799957e-05,6.828562248983872e-08,0.012437333352863789,0.00025841742171905935,0.00022619953961111605,0.009298565797507763
window-0fc4ad383dc42fc31036,70_5861_13666,bowl,bowl,0.877390444278717,True,0.0002268427488161251,2.904115774526872e-07,1.2914408216602169e-05,8.352605274097868e-10,2.413905235698621e-07,0.877390444278717,0.07199721038341522,0.0011809172574430704,0.00015237055777106434,0.014098681509494781,1.488554346451565e-07,0.00035412469878792763,2.1074703226986458e-07,0.0007455840823240578,7.069028652040288e-05,6.553476123372093e-05,4.2456721918729126e-20,0.0008394603501074016,9.20164748094976e-05,2.7030684819368683e-15,0.02934212051331997,0.0023171810898929834,0.00011499175161588937,6.617077815462835e-06,2.8612106017789074e-09,0.0009914699476212263
window-2ba6981884f2e6229e3b,70_5861_13666,bowl,bowl,0.902055561542511,True,0.00026907914434559643,1.7178307132326154e-07,5.197801783651812e-06,1.1177838654674588e-09,4.4862687786917377e-07,0.902055561542511,0.06303605437278748,0.0003240035439375788,6.337196828098968e-05,0.017364222556352615,8.020663244678872e-08,0.00028775454848073423,1.8788627187404927e-07,0.000500515743624419,3.645196557044983e-05,5.8618767070584e-05,3.2491390797262676e-19,0.001451032469049096,4.572179386741482e-05,5.513126965990848e-15,0.013535737060010433,0.00020043498079758137,0.000129062362248078,2.3476550268242136e-06,4.6666270847595115e-09,0.0006338994717225432
window-4dbf86b8af0c3e52a239,70_5861_13666,bowl,bowl,0.773155152797699,True,0.00045150346704758704,4.317317916502361e-07,1.582976801728364e-05,2.8745799074414435e-09,3.732288860192057e-07,0.773155152797699,0.12431995570659637,0.0008379550999961793,9.954185225069523e-05,0.02792878821492195,2.9689559255530185e-07,0.0017348548863083124,4.9204282959181e-07,0.0015213513979688287,3.8791717088315636e-05,0.00012491717643570155,6.11801806198308e-19,0.005794243887066841,3.1127423426369205e-05,6.44764698175173e-15,0.06111981347203255,0.00042097916593775153,0.0001560241071274504,9.607632819097489e-06,5.2749031809185e-09,0.002237981418147683
window-ea14e4c2cab2a286bbb5,70_5861_13666,bowl,bowl,0.9302700757980347,True,0.00012648401025217026,1.3187994341024023e-07,1.0155267773370724e-05,1.3316600044888105e-09,1.1775632913213485e-07,0.9302700757980347,0.03388974070549011,0.0005879800883121789,3.625455792644061e-05,0.012156971730291843,1.0907008629601478e-07,0.0005128008779138327,2.532661369514244e-07,0.0009068931685760617,3.2757197914179415e-05,3.8790480175521225e-05,5.465740654051327e-20,0.0009460841538384557,1.885662459244486e-05,1.6244680559689118e-15,0.018871422857046127,0.0003141238121315837,8.976341632660478e-05,4.556215117190732e-06,9.4283236773407e-10,0.001185677945613861
window-af56b19241c441441cf5,70_5950_13767,bowl,bowl,0.9999264478683472,True,4.5738502763015276e-07,9.296718395113146e-10,2.5184078780715602e-11,4.746646218439787e-12,1.5460884794649132e-09,0.9999264478683472,6.061187741579488e-05,7.565682302868026e-09,4.6001431996955944e-08,3.1924942049954552e-06,2.796438358654285e-10,2.5857476160240367e-08,2.5143030019103563e-12,1.0440776776476923e-07,1.1380187459053559e-07,4.802202635545427e-09,2.1110146277832428e-22,1.4824738059360243e-07,5.731493146754474e-08,2.550254738527128e-17,8.145869287545793e-06,6.548977466991346e-07,2.011912592081444e-08,5.5607848187255726e-11,1.7169366622882265e-11,2.4802707443427607e-08
window-4f69edfaf8a2d0cba6a1,70_5950_13767,bowl,bowl,0.9999707937240601,True,6.958898097764177e-07,1.4732441933063e-09,4.926873579252922e-12,1.6816354081808371e-12,1.2998310205958319e-09,0.9999707937240601,2.3236525521497242e-05,3.4166065532303946e-09,2.176048674584763e-08,7.65645324918296e-07,2.0269795564242798e-10,2.1375939240897424e-08,1.5083508715044852e-13,1.2671952376308582e-08,2.7043167705187443e-08,3.952891791669799e-09,1.9197457718726734e-22,1.5151762511322886e-07,1.2260918502704499e-08,2.0787404481120983e-17,3.876748905895511e-06,3.0053610089453286e-07,8.241048732315903e-09,2.3412313754356262e-11,4.9663016754575295e-12,1.7183159783940027e-08
window-01ad874ab84eead3688b,70_5950_13767,bowl,bowl,0.9999103546142578,True,1.420607418367581e-06,4.3117465153841295e-09,5.519555732608206e-12,8.051503908035329e-12,4.71123584588895e-10,0.9999103546142578,6.311335891950876e-05,5.428428373477345e-09,2.4092972950029434e-08,1.67178359333775e-06,6.223506709979176e-10,6.995028201117748e-08,1.6561957968258545e-13,9.585940574652341e-08,7.443386351724257e-08,1.835310570186266e-08,1.249017228970615e-22,3.573251490252005e-07,9.028526370968848e-09,1.4006038853068353e-17,2.2529831767315045e-05,1.9838014964079775e-07,9.293524172448997e-09,3.116299926442245e-11,2.798893278602166e-12,2.1095626578926385e-08
window-009473dd0d990d595515,70_5950_13767,bowl,bowl,0.9999089241027832,True,1.0394411447123275e-06,2.9749658292388403e-09,1.352180346858578e-11,1.32981846021063e-11,9.786026433644679e-10,0.9999089241027832,6.821387069066986e-05,9.051980498497869e-09,8.756749281246812e-08,5.0959683903784025e-06,6.149326048365822e-10,3.512582935627506e-08,5.722903921590028e-12,4.3781747649518366e-07,1.276563779128992e-07,4.833038858009786e-09,2.5560961351784346e-22,1.6960079562977626e-07,3.120904423781212e-08,1.0704104246962853e-17,1.5225391507556196e-05,5.78463300371368e-07,2.6657060558932244e-08,4.258220165365145e-11,4.361544111985971e-12,2.0400781508556065e-08
window-0429cb8ef1b756078c43,70_5965_13782,bowl,bowl,0.9999748468399048,True,2.41935964595541e-07,1.4453669372471722e-09,2.8703365639176637e-12,2.5883694059619655e-12,3.7236388972239354e-10,0.9999748468399048,1.7950082110473886e-05,4.598477154615921e-09,1.9046783705789494e-08,1.095604375223047e-06,6.580151007407053e-11,9.301270864625621e-09,1.346641575377186e-13,1.6594183804841123e-08,1.985264752590865e-08,2.0341461848261133e-09,3.345576453982226e-23,4.877711390349759e-08,8.7375191526462e-09,4.7657675984094606e-18,5.133973445481388e-06,5.853557922819164e-07,3.6367651112811927e-09,2.2447304431905124e-12,1.2866795302823864e-12,1.3495815132102962e-08
window-f335a4ed2d8472254c71,70_5965_13782,bowl,bowl,0.9999890327453613,True,1.118412811251801e-07,2.7863639173730803e-10,1.0183685492104466e-12,6.167617415051008e-13,1.2727932596767744e-10,0.9999890327453613,7.772869139444083e-06,6.293436882742753e-10,6.677466135585064e-09,2.91369929072971e-07,5.284995704957218e-11,3.1291877977679405e-09,4.463403862546393e-14,4.610811732419506e-09,8.986694943757811e-09,1.0600225142098907e-09,1.2337336484662459e-23,3.6016270854588583e-08,2.034997725886001e-09,2.8585943355082108e-18,2.549645614635665e-06,1.6872543540102924e-07,2.3011039740339356e-09,3.5673059558399833e-12,5.799922716577532e-13,3.409618365424194e-09
window-7a4854f3d030f708658c,70_5965_13782,bowl,bowl,0.9999828338623047,True,8.238543358629613e-08,3.124580594260351e-10,1.5666086049942463e-12,1.0593796890071006e-12,6.451257583695025e-11,0.9999828338623047,1.2135934412071947e-05,9.74104796824804e-10,8.855924882311683e-09,5.328659540282388e-07,7.195017498462519e-11,4.8757295978418824e-09,2.372590242761402e-13,2.3531674386845225e-08,1.4226992917087955e-08,1.2955176931228607e-09,6.539609178197422e-24,3.1528823996040956e-08,3.020804717479564e-09,2.2614323853811726e-18,4.2389706322865095e-06,1.7356306614146888e-07,2.152445555125837e-09,5.399835960318011e-12,4.293158439427208e-13,3.6551321969113815e-09
window-176255c3454f100e5e4a,70_5965_13782,bowl,bowl,0.9998067021369934,True,9.447823003938538e-07,1.7936827578779457e-09,1.3821664646140874e-10,1.0178688621131915e-11,2.6206321557253887e-09,0.9998067021369934,0.00015445926692336798,4.018375321379608e-08,1.976448658069785e-07,1.9886778318323195e-05,2.8954783015677776e-10,6.849438705103239e-08,3.8624461268232935e-11,7.7146921739768e-07,3.2454383358526684e-07,1.1647482089927053e-08,3.3101716823583103e-22,2.6484781301405746e-07,1.4545732085480267e-07,1.0010459536597323e-17,1.4194506547937635e-05,1.8927036080640391e-06,1.0114978010733466e-07,1.8292614645254446e-10,1.2664901245795779e-11,7.88554999076041e-08
window-f7d8b654ba216a097450,70_6096_13923,bowl,bowl,0.9999682903289795,True,9.881112106313594e-08,1.7873801050338756e-10,1.2856046956166711e-11,7.268007268072807e-13,2.9106264620715194e-10,0.9999682903289795,2.4540353479096666e-05,4.66106353513851e-09,2.3934788373480842e-08,2.0691581994469743e-06,4.9888967956768226e-11,1.0062454869341764e-08,1.364665867288617e-12,4.48000747610422e-08,2.8222951087286674e-08,2.0333492667390374e-09,1.244627502022986e-23,4.8592376344913646e-08,1.491850554202756e-08,6.81689551690362e-18,4.610485575540224e-06,2.979492705890152e-07,7.024818948764278e-09,2.5223543739794074e-11,2.3729958970042375e-12,6.123873408370173e-09
window-7986141cbec85046083a,70_6096_13923,bowl,bowl,0.9999752044677734,True,1.3685900057680556e-07,1.2928559611768975e-10,9.968256255155072e-12,5.023204617017607e-13,3.742194887301764e-10,0.9999752044677734,2.0381394278956577e-05,1.9528647587918613e-09,1.648463054948479e-08,8.072360060396022e-07,2.5374124676402765e-11,1.0359215707467229e-08,6.148058949960455e-13,1.3718208791146935e-08,1.499895319057032e-08,2.4643902474252855e-09,2.6635143780092935e-23,1.3455293412789615e-07,4.056603053470553e-09,7.046091548210425e-18,3.178307906637201e-06,1.713266613023734e-07,8.13724732040555e-09,3.923430677565953e-11,2.678195772792824e-12,7.337311647148681e-09
window-558ce3190703a0f30738,70_6096_13923,bowl,bowl,0.9999748468399048,True,5.7467893554985494e-08,1.950793138139062e-10,1.209092396516065e-12,5.526756895017637e-13,1.5670392067290706e-11,0.9999748468399048,1.536500349175185e-05,9.823588609236822e-10,1.0123313742838036e-08,3.826674230822391e-07,1.1559522089532592e-10,4.858859536938098e-09,3.6276060280671096e-13,1.1742846695028675e-08,8.788144434390688e-09,2.8982158895018983e-09,7.871163886329221e-25,5.0055792399916754e-08,2.2297472757060177e-09,2.2184868223386445e-18,9.187224350171164e-06,4.168063227893981e-08,1.7799149931718716e-09,4.117297822125998e-11,2.541710331788183e-13,2.2124713172644306e-09
window-3f5f1bab6aa0c60e54de,70_6096_13923,bowl,bowl,0.9999359846115112,True,2.7399781288295344e-07,1.2122339798636972e-09,9.672728763787664e-12,3.244027008825201e-12,1.3224817074775075e-10,0.9999359846115112,4.180526593700051e-05,5.823258764081629e-09,6.418122922013936e-08,3.3348235319863306e-06,6.662936313794887e-10,9.846885085096346e-09,1.3137119864170543e-11,2.1980825692935468e-07,4.833854205799071e-08,3.6624558941156238e-09,9.135412390381885e-24,5.39831681578562e-08,1.7722991074720085e-08,3.640903294962381e-18,1.7710483007249422e-05,3.336485576710402e-07,1.873832111698448e-08,9.586281768392269e-11,4.361959198787707e-13,8.739212020714149e-09
window-33da32b4ea5e6a0eb6f2,70_6255_14132,bowl,bowl,0.9998098015785217,True,4.544326657196507e-07,1.017624540189388e-09,7.582907218806056e-11,4.13038006574773e-12,2.285266198498448e-09,0.9998098015785217,0.0001563462137710303,3.467696174652701e-08,1.2699956641881727e-07,6.077807029214455e-06,3.005551918455751e-10,3.341007470680779e-08,1.0456636424793775e-11,2.3241159397002775e-07,1.5854794810366002e-07,7.348113673089074e-09,9.108758515888458e-23,1.3278922494919243e-07,1.540781653375234e-07,4.111293446924951e-17,2.4307217245223e-05,1.9967769731010776e-06,4.120639118809777e-08,1.6991266726940069e-10,2.660998157932859e-11,2.9302809068099123e-08
window-0394344a3626ff7c9e0b,70_6255_14132,bowl,bowl,0.9998315572738647,True,1.3779762184640276e-06,6.367869564982698e-10,1.1195944865649565e-10,6.9076242122101394e-12,7.497280130053241e-09,0.9998315572738647,0.00014078921230975538,8.85593642863114e-09,1.191406227007974e-07,8.182966666936409e-06,2.4870719372849237e-10,1.0600852107245373e-07,1.4293846488377948e-11,2.9287201641636784e-07,1.5284541632354376e-07,1.6433698846185507e-08,2.3195156137429496e-21,1.3995347671880154e-06,4.574308221094725e-08,4.584637957163315e-17,1.5146431906032376e-05,6.314541565188847e-07,1.0952243201245437e-07,2.2656843068347143e-10,4.3504578411956984e-11,6.898552840084449e-08
window-6ba8da912999e9cbc94d,70_6255_14132,bowl,bowl,0.9942019581794739,True,1.9609322407632135e-05,1.8808499646638666e-08,7.064806517576017e-09,7.288365050373002e-11,3.043130547553119e-08,0.9942019581794739,0.00462205708026886,3.280399596405914e-07,2.989737822645111e-06,0.0002274908620165661,2.3371018897933027e-08,3.454809984759777e-06,5.444033557289174e-10,1.6394782505813055e-05,3.310872216388816e-06,1.0086915835927357e-06,6.956693964734666e-21,2.777722147584427e-05,2.150412683477043e-06,2.292479054573799e-16,0.0008600650471635163,7.274467407114571e-06,1.9849751424771966e-06,1.618118972146476e-08,3.445803642421197e-10,1.978547516046092e-06
window-50e2806236ac0bf32868,70_6255_14132,bowl,bowl,0.9985784292221069,True,5.027048246120103e-06,6.925714668426508e-09,1.6314840589615187e-09,2.2422895137874654e-11,9.843030390754848e-09,0.9985784292221069,0.0011240978492423892,2.884879393150186e-07,1.9015562884305837e-06,0.00011609767534537241,2.456773673387147e-09,5.030580041420762e-07,5.697999294618228e-10,6.1038108469801955e-06,1.3536196092900354e-06,1.1905100905096333e-07,1.5682432617016714e-21,1.9686390260176267e-06,1.307513912252034e-06,5.0799265764359764e-17,0.00014878857473377138,1.3128022146702278e-05,5.626251322610187e-07,2.581034275195293e-09,5.20884758936635e-11,3.588859556202806e-07
window-216e8463cddeda710e6b,387_46579_92829,cake,mouse,0.3597715198993683,False,0.0044509898871183395,0.001009984640404582,0.09975875914096832,0.0001945798721862957,0.00034875317942351103,3.018251648612136e-09,0.00020841216610278934,0.009167423471808434,2.5918593564711045e-06,0.0005006991559639573,0.026406552642583847,0.06896937638521194,0.001302868127822876,0.1071612536907196,0.005280406679958105,0.3597715198993683,4.6526699160054363e-10,0.0020957267843186855,0.04258154705166817,4.888755632953545e-12,3.8767298065067735e-06,2.252304938110683e-07,0.019805792719125748,0.24683205783367157,0.00012651871656998992,0.004020218271762133
window-14fa9280b60c7b944fa3,387_46579_92829,cake,handbag,0.3417832553386688,False,0.0007454912411049008,0.007143071386963129,0.0003927239740733057,0.00017366770771332085,9.266415872843936e-06,6.90809243142354e-10,0.0002349124406464398,0.0010080225765705109,1.212431698149885e-06,6.7539062911237124e-06,0.004190406296402216,0.3417832553386688,0.000785766402259469,0.2747175395488739,0.00036692366120405495,0.05149761587381363,7.70142005723784e-10,0.07782147824764252,0.23768508434295654,1.2516683002561368e-11,5.052364713264978e-07,4.921044478578551e-07,6.907253555255011e-05,0.0009484761394560337,1.3307351309777005e-06,0.00041692276136018336
window-8163df5ea9a72c453ad4,387_46579_92829,cake,kite,0.32826316356658936,False,0.011353254318237305,0.004972353577613831,0.15500205755233765,2.238194974779617e-05,0.0008335034362971783,4.4149503497514786e-11,0.00043224351247772574,0.03443918749690056,1.399206013275034e-07,3.638385533122346e-05,0.04406766593456268,0.30442386865615845,0.007777617312967777,0.32826316356658936,0.0007069700513966382,0.08974277228116989,8.672131457387877e-08,4.433291906025261e-05,0.011160370893776417,4.6774761147672095e-11,0.00015008127957116812,3.3960350265260786e-05,0.0003556247102096677,0.003494051517918706,0.0004477286711335182,0.002240255707874894
window-1f579ff4b919ca284937,387_46579_92829,cake,mouse,0.5792142152786255,False,0.004184789955615997,0.0006962810875847936,0.21723225712776184,5.7514200307196006e-05,0.00027978638536296785,1.2427520124091984e-10,0.00034489386598579586,0.004278823733329773,1.036780084007205e-08,2.0992434656363912e-05,0.013881122693419456,0.046364426612854004,0.0013954415917396545,0.12234538048505783,0.0002287963143317029,0.5792142152786255,7.46745101309898e-08,1.4281561561801936e-05,0.00717543950304389,4.3326277353143705e-14,4.0209550206782296e-05,3.0559533570340136e-06,0.00034871287061832845,0.0009208285482600331,0.0002687301894184202,0.0007038814947009087
window-a6177eda9bfce5bfd2e9,398_50637_99372,cake,chair,0.9746217131614685,False,0.0004496003675740212,2.296690763614606e-05,0.0022248546592891216,2.4326116545125842e-05,0.013086394406855106,0.0006960073951631784,9.990480612032115e-05,0.0030072052031755447,0.9746217131614685,0.00029081679531373084,1.4698862287332304e-05,0.0005807148991152644,9.097671863855794e-06,5.955913024990878e-07,6.399049743777141e-05,4.5605425839312375e-05,0.00021878915140405297,5.733948637498543e-05,8.24085782369366e-06,2.3930285308892962e-08,9.726962161948904e-06,1.7632225679520275e-09,5.5691478337394074e-05,0.004001155495643616,0.0003003637830261141,0.00011016528151230887
window-2d233cb57b9189a93b73,398_50637_99372,cake,bowl,0.8696342706680298,False,0.0007439308101311326,0.03221822902560234,0.0001948412973433733,8.067110684351064e-06,1.150556094842159e-08,0.8696342706680298,6.4446712713106535e-06,0.0002131535584339872,6.72865553497104e-07,0.0003120238543488085,0.06328970938920975,2.201221650466323e-05,2.471335164955235e-06,1.8144653495255625e-06,6.741646529917489e-08,0.009391332976520061,2.0408401531224474e-12,4.400848411023617e-06,5.837890785187483e-05,6.952252575714857e-12,0.002652735449373722,0.0015460288850590587,0.010944036766886711,0.00860833190381527,0.00013525794201996177,1.1713656931533478e-05
window-b8f520b5b73ca1fa4348,398_50637_99372,cake,chair,0.7536857724189758,False,0.19586114585399628,0.0042269532568752766,0.0015235363971441984,0.006490095518529415,0.003979323897510767,1.6667456748109544e-07,0.0036311596632003784,0.014165624044835567,0.7536857724189758,0.00011924636055482551,0.00016990579024422914,0.001435052021406591,0.0006866225739941001,2.495560465831659e-06,3.283892269223543e-08,2.859189953596797e-05,1.6612009545724504e-09,8.978998380371195e-07,6.127575943537522e-06,2.65910182761786e-09,0.0001905064273159951,0.0012655820464715362,0.005493750795722008,7.576102507300675e-05,0.006447623483836651,0.0005139795248396695
window-78d484a267ff6f4cd24b,398_50637_99372,cake,bowl,0.9009450078010559,False,0.01854545995593071,0.014049322344362736,8.5468876932282e-05,8.14659651950933e-05,0.0014595022657886147,0.9009450078010559,3.212632509530522e-05,0.0030203559435904026,0.0003344793221913278,3.224232841603225e-06,0.00014312646817415953,0.00016473849245812744,1.50309400481774e-08,5.315693840657332e-08,2.9281034130690387e-06,0.011050268076360226,1.3239393865660531e-06,0.00011484346759971231,0.00016829490778036416,1.1967807949986309e-05,0.010497232899069786,0.009530892595648766,5.958664672789382e-09,1.595815660948574e-06,0.02974661998450756,9.738968401507009e-06
window-c7fe2be5cd354c2ec0cc,400_51530_101489,cake,cup,0.44901740550994873,False,1.3279207450977992e-05,0.0003389815101400018,9.688059208201594e-07,8.428152682427026e-07,6.839785783085972e-05,2.544197491828138e-41,0.21389469504356384,0.005825786851346493,0.00836480874568224,0.44901740550994873,0.000992583460174501,0.0011569767957553267,6.123170805949485e-06,2.3917988073662855e-05,5.799850910648274e-08,2.954071476324316e-07,3.277422138125985e-06,0.3117865025997162,0.002233656123280525,3.4529428205587465e-08,1.8386966949002215e-10,9.438444976694882e-05,0.00015310205344576389,0.0024359719827771187,0.0005109806079417467,0.003076923545449972
window-e6179ec3dd8ce84ac6e2,400_51530_101489,cake,teddybear,0.9326173067092896,False,0.05284818261861801,0.0004694886156357825,5.119964612276817e-07,0.0021750854793936014,1.7454456724408374e-07,2.0399547000840944e-23,8.362146530771497e-08,0.000390400062315166,3.8595196372170903e-08,3.376665699761361e-05,4.53265784017276e-06,0.0014195551630109549,7.854955441644051e-08,8.366425845451886e-07,1.8063718016492203e-05,2.739565934462007e-05,8.866386097539092e-11,0.0010058318730443716,0.003857141360640526,6.983357536682888e-08,0.9326173067092896,3.1990378346336e-08,5.524857260752469e-05,4.721892310044495e-06,0.005071197636425495,3.022661019258521e-07
window-5cc7a45ab13b03f5c262,400_51530_101489,cake,teddybear,0.3930412828922272,False,0.07744089514017105,1.1280080798314884e-05,1.1143721167172771e-05,0.000307827431242913,0.0006219894858077168,8.511371163422154e-08,0.0006387527100741863,0.06128330156207085,0.0005915584624744952,0.0017654045950621367,1.1515820006025024e-05,0.0008286797092296183,0.0007305241888388991,0.0011623663594946265,0.0007331882952712476,0.37083297967910767,3.1090368679542735e-07,0.0022430436220020056,0.00029279309092089534,3.6752422602148727e-05,0.3930412828922272,0.0006781513802707195,0.015638088807463646,0.008327647112309933,0.06272504478693008,4.538591019809246e-05
window-10fdaac424ab0241edd0,400_51530_101489,cake,cup,0.6391062140464783,False,0.00016389023221563548,0.0014316404704004526,3.8037373428778665e-07,0.0001372384576825425,5.145769819137058e-07,4.945990319830582e-28,0.1593402922153473,3.354313230374828e-05,0.14514435827732086,0.6391062140464783,5.659118869516533e-06,6.022253728588112e-05,5.699195071429131e-07,0.0027739275246858597,2.2908285757239355e-07,0.0010469920234754682,0.002203776966780424,0.04116261750459671,7.82338156568585e-06,2.35402967518894e-05,0.00019401143072173,2.661205655840604e-08,5.073481224826537e-05,0.001450051087886095,0.004285725764930248,0.0013759899884462357
window-2673afd5bf0fcdba61ae,402_52404_102594,cake,teddybear,0.920417845249176,False,0.029810696840286255,0.0031671153847128153,6.988992390688509e-05,7.550120699306717e-06,0.0016763171879574656,0.00012378844257909805,0.025616951286792755,0.002533123129978776,0.0031833003740757704,6.930798463145038e-06,0.00028843441396020353,0.0004999933880753815,9.409175982000306e-05,1.857449024100788e-05,6.587329608009895e-06,6.338922685245052e-05,1.1999198079593043e-08,0.0002577786217443645,0.011970802210271358,6.911537453468952e-10,0.920417845249176,2.5438219381612726e-05,2.5153511160169728e-05,0.00012425480235833675,6.270603535085684e-06,5.675038210029015e-06
window-3557c60fd64762f23851,402_52404_102594,cake,teddybear,0.6000428199768066,False,0.00240700994618237,0.00463519711047411,1.9630066162790172e-05,7.910701242508367e-06,0.00013257315731607378,0.0005136969848535955,0.3820934295654297,0.0027638752944767475,0.0013687610626220703,7.332194945774972e-05,0.0005566712352447212,0.00022419726883526891,2.4419599867542274e-05,1.6253126887022518e-05,1.6301008827213082e-06,8.756740498938598e-06,3.405632043040896e-08,0.0007227988680824637,0.0034058650489896536,2.1144365772163276e-11,0.6000428199768066,1.5794681530678645e-05,0.000521046866197139,0.00041676711407490075,2.054855258393218e-06,2.5463781639700755e-05
window-4572c746b0b93e14b212,402_52404_102594,cake,teddybear,0.7527099251747131,False,0.006090104579925537,0.029113881289958954,0.0008522550924681127,3.602162450988544e-06,0.0026817333418875933,1.5983958292054012e-05,0.011916632764041424,0.1796640157699585,0.001052288105711341,3.363188079674728e-05,0.003571135690435767,0.0006684803520329297,3.1718052468932e-06,0.0005985616589896381,0.001018798677250743,0.00013368049985729158,5.682168762177753e-07,3.749754250748083e-05,0.007635559421032667,2.027340295640556e-09,0.7527099251747131,0.00015504623297601938,1.3243284229247365e-05,0.0019789934158325195,4.1504095861455426e-05,9.63836100709159e-06
window-fff4f1e7622892d7028c,402_52404_102594,cake,teddybear,0.9172831773757935,False,0.035613205283880234,0.0028123308438807726,9.411399514647201e-05,1.1259325219725724e-05,0.002135012997314334,0.00013846493675373495,0.025285983458161354,0.0019337384728714824,0.0041132718324661255,6.338651928672334e-06,0.00017897601355798542,0.00040720010292716324,0.0001616040972294286,2.2875197828398086e-05,7.673134859942365e-06,7.350192026933655e-05,2.7437502936322744e-08,0.0004955438780598342,0.00899539515376091,1.6385703904830962e-09,0.9172831773757935,2.434023735986557e-05,2.412287358311005e-05,0.00016817713913042098,7.795024430379272e-06,5.909918854740681e-06
window-18bb64c6970a1d27c83a,404_53804_104946,cake,hydrant,0.6252049803733826,False,0.020252522081136703,0.003295682370662689,7.854856812627986e-05,0.09698948264122009,0.00014240600285120308,2.6593288566800766e-05,0.00042922483407892287,0.0006359062390401959,0.15436223149299622,0.00040109429392032325,0.001189456437714398,0.00042246049270033836,0.6252049803733826,0.027271486818790436,8.981399878393859e-05,0.008389340713620186,2.8710354094130253e-09,0.0053177145309746265,0.015731049701571465,1.068541095605724e-07,0.0028565325774252415,2.3986901354078327e-08,0.03552361950278282,0.00020674710685852915,0.0008232993423007429,0.00035966566065326333
window-eabdc27d1c41752536a4,404_53804_104946,cake,chair,0.420938104391098,False,0.04589148983359337,0.000983906676992774,0.004240082111209631,0.05512750893831253,0.0498039573431015,0.0003882736782543361,0.0007092604064382613,0.00045888032764196396,0.420938104391098,0.05747119337320328,6.0481401305878535e-05,0.0006877008127048612,0.1911841779947281,0.012185603380203247,7.143760853978165e-07,0.0021759802475571632,2.705530637307947e-14,0.021357467398047447,0.010876845568418503,2.835298289483035e-07,0.01199844479560852,0.00012068781506968662,0.06118226423859596,4.5244640205055475e-05,0.05206451937556267,4.692321817856282e-05
window-b851c95266ef23110fd1,404_53804_104946,cake,cup,0.4312988519668579,False,0.0010713334195315838,7.058599294396117e-05,1.1300384358037263e-05,0.03219086304306984,0.011728557758033276,6.8011968323844485e-06,0.0005198821309022605,0.00011017003998858854,0.15837375819683075,0.4312988519668579,9.710670383356046e-06,0.00014541509153787047,0.1002255231142044,0.025864914059638977,1.755130796254889e-08,0.00015232541773002595,1.7100085104138047e-16,0.009786231443285942,0.017585819587111473,1.8417574665363645e-06,0.02269464172422886,1.9636439901660196e-05,0.16481006145477295,0.00037392013473436236,0.022941218689084053,6.63771288600401e-06
window-7de3902fbc576f5a42b8,404_53804_104946,cake,cup,0.38760215044021606,False,0.001972821308299899,2.655813659657724e-06,2.9925442504463717e-05,0.011952631175518036,0.008215089328587055,0.00041761519969440997,1.9885768779204227e-05,5.7042402659135405e-06,0.04686018452048302,0.38760215044021606,6.581849447684363e-05,0.0014839727664366364,0.32482773065567017,0.0009705368429422379,1.2600534837758914e-08,5.674022759194486e-05,1.6161121818233665e-15,0.013562307693064213,0.0007714930106885731,5.1776076759324496e-08,0.04122401401400566,3.944380296161398e-05,0.030498018488287926,4.688270564656705e-06,0.12941454350948334,2.0205097825964913e-06
window-cd9931466f4a47ae07b1,407_54915_106133,cake,carrot,0.9999961853027344,False,2.4391846409344e-07,1.0702484037894422e-10,1.1129123881140068e-13,3.71561689486613e-17,2.5027037026676037e-19,0.0,6.044467704136025e-10,0.9999961853027344,1.8602332944438887e-13,4.790384907029345e-18,8.561712970533986e-12,3.7322307245603314e-13,3.650092528269565e-33,2.418974798246154e-09,4.52362307612475e-08,1.350426281215844e-12,2.2828849600087812e-29,1.0872255507116103e-16,3.5296570786158554e-06,3.983387066628298e-40,7.727645745525535e-10,9.475645084370551e-17,4.468414787489605e-12,1.6863800618365333e-20,6.230268151317145e-20,5.155202923854058e-16
window-697d84d04c81f130a28e,407_54915_106133,cake,carrot,0.9998544454574585,False,2.8361992576719786e-07,1.6098429880817555e-11,5.488367938832721e-14,4.006350035227083e-17,3.958600620777153e-18,0.0,5.982293771467084e-08,0.9998544454574585,1.8269062478093456e-12,1.7640596018371227e-17,6.621555300595494e-12,5.601630704427096e-12,2.1959267439021116e-32,4.712826129349423e-09,3.8811080571576895e-07,6.596684136439546e-12,6.871270262861587e-29,1.3764378037110986e-16,0.00014481283142231405,5.8441026337804707e-39,1.5226572003257388e-08,4.325263630870942e-15,8.234456172484528e-11,8.696715881501696e-20,4.199703761905295e-19,4.709361308715245e-15
window-a6f3a80075525aae657a,407_54915_106133,cake,carrot,0.9929841756820679,False,3.58491092811164e-06,2.240059266550576e-12,1.3426584876460174e-13,7.492092709945788e-16,1.6472461483491192e-15,0.0,6.32936462352518e-06,0.9929841756820679,6.429486804071516e-11,4.834234082173026e-16,1.5562638955302077e-09,1.5792172902706625e-08,1.6614155035878014e-28,4.490516047894744e-08,1.5895700926193967e-05,2.4056647299208755e-11,9.118630557914665e-25,2.418160140985233e-14,0.006989621557295322,8.097508181022502e-33,4.525957990608731e-07,8.594464549760428e-12,4.054657720686805e-10,9.663834463990652e-18,8.43142683746239e-17,8.303644230545082e-12
window-96ae57d4630e84eb258d,407_54915_106133,cake,carrot,0.9999945163726807,False,4.924832524011435e-07,2.51633593961742e-08,1.9916117366403085e-11,1.0200489135000004e-14,3.962888973226812e-17,0.0,2.1354692320008084e-11,0.9999945163726807,9.286318242152092e-12,2.0125961918619588e-14,1.0031239128238667e-07,2.563245393716329e-09,1.3115348920788833e-27,2.2359676776773085e-08,6.162919703456282e-07,4.504316919451412e-10,3.0349664168559786e-24,5.956208291336973e-14,4.1049606807064265e-06,1.2244595450469159e-34,1.9371192649941804e-07,2.8062101253834015e-13,2.0233206221575983e-09,1.5144901451303607e-16,3.9570279022785063e-17,9.341236551635435e-14
window-ef6aef36f77acf37de99,410_55724_107428,cake,book,0.49551036953926086,False,0.0006450274959206581,0.005777169484645128,0.0046208142302930355,3.642598358055693e-06,0.49551036953926086,1.3347267735497326e-09,1.4955133337934967e-05,0.0007133841281756759,0.0008475662907585502,4.530156002147123e-05,0.049042556434869766,8.313463695230894e-06,0.23925255239009857,1.937150273079169e-06,0.0028494710568338633,0.0001882087963167578,7.451993666238166e-13,0.03489953652024269,0.017837006598711014,5.525960548521947e-13,0.000639206962659955,0.03542965278029442,0.11141478270292282,1.6239418982877396e-05,2.6934314519166946e-05,0.00021543679758906364
window-3f3053f6f1276e4b2ffa,410_55724_107428,cake,toilet,0.7768345475196838,False,0.009837720543146133,0.03210165351629257,0.011422887444496155,0.06451795250177383,0.003619313007220626,1.3484488048734478e-12,0.0008705640211701393,0.00028840257436968386,0.00011022380203939974,2.1756898149760673e-06,0.07529356330633163,8.48902782308869e-05,1.6535312170162797e-05,1.592183139109693e-06,0.0006831571809016168,0.018214795738458633,2.877916127630442e-09,0.0021237554028630257,0.002657156204804778,1.0106777637020059e-08,4.9744292482500896e-05,0.7768345475196838,0.001035064458847046,1.6670888669523265e-08,8.590667130192742e-05,0.0001483456726418808
window-b20d5e16aad0f915f464,410_55724_107428,cake,apple,0.649321436882019,False,0.649321436882019,0.06948325783014297,0.005135083571076393,0.0035376932937651873,0.019275717437267303,1.5129750149459596e-15,0.0004275715327821672,0.01612722873687744,0.0012198351323604584,1.166175843536621e-05,0.2140410840511322,0.00019137652998324484,1.2033141594258723e-08,0.0006562198977917433,2.9804698442603694e-06,0.00019868607341777533,8.814517968858127e-06,8.982871804619208e-05,0.01987581141293049,0.00016466376837342978,2.3713357222732157e-05,1.1827552270915476e-06,4.888079729425954e-06,0.0001238047261722386,6.229330756468698e-05,1.5178949979599565e-05
window-049ed2fa37620eaf677e,410_55724_107428,cake,toilet,0.9184964895248413,False,2.252302238048287e-07,2.178188879042864e-06,1.0762018973764498e-05,3.935767711737981e-09,1.2205691746203229e-05,1.0206670442635887e-13,7.610463370610887e-09,2.7495823928802565e-07,3.331668949613231e-07,5.050833706832236e-08,0.08133982867002487,2.9072608764835195e-09,2.1248847126287274e-09,9.69109570370108e-10,2.7367534130462445e-05,0.00010004091018345207,4.640853538051201e-14,1.7141925354735577e-06,3.569002728909254e-06,1.4575643209752132e-12,3.5742567661145586e-07,0.9184964895248413,2.1447381186590064e-06,2.777895968808508e-10,2.3601930934091797e-06,1.0626304458583036e-07
window-6b78634bcb0411731413,589_88625_178057,cake,handbag,0.4546654224395752,False,0.0021666011307388544,7.137905049603432e-05,5.945993962086504e-06,0.22053350508213043,0.0006178948096930981,6.987032730165765e-09,0.01198539137840271,2.685070967345382e-06,0.00021763435506727546,0.01265527494251728,0.00025225317222066224,0.4546654224395752,1.352908274299125e-08,0.0012861402938142419,0.2305717021226883,9.440284338779747e-05,7.09162713974365e-06,4.394337156554684e-05,0.00036776287015527487,9.735785511111317e-10,0.0004104921827092767,0.00016762381710577756,0.0006238413043320179,0.008340134285390377,0.04840545728802681,0.006507485173642635
window-80d15bcf5663fdaaa6ed,589_88625_178057,cake,bench,0.6322640776634216,False,1.6546970073250122e-05,0.0003699600347317755,0.0005391932209022343,0.6322640776634216,1.7139895135187544e-05,1.507509672649121e-09,0.00018091127276420593,1.134950366576959e-06,1.2029408935632091e-05,0.0010793767869472504,2.7695134122041054e-05,0.3118959963321686,5.927442564557239e-11,0.00012847654579672962,0.025486839935183525,0.0007194366189651191,4.62657141042655e-07,3.6233737773727626e-05,0.00035179604310542345,1.3286817392849093e-12,0.0001042374424287118,2.070257869490888e-05,5.5230306315934286e-05,0.0009677094640210271,0.017781328409910202,0.007943499833345413
window-c9b6c820b0d29b01dd99,589_88625_178057,cake,handbag,0.38327059149742126,False,0.00043103875941596925,0.015546814538538456,0.006169798783957958,0.11637371778488159,6.477616352640325e-06,5.105660420667846e-06,0.00022314001398626715,6.837994988018181e-06,0.0008660663152113557,0.01912793330848217,0.0002506711462046951,0.38327059149742126,2.7693429771602496e-09,0.00022937839094083756,0.07381819188594818,0.011539705097675323,1.4938189451640937e-05,0.029143378138542175,0.018410054966807365,1.0097483829976661e-12,7.464203372364864e-05,0.00016906562086660415,0.00010167932487092912,0.0013885091757401824,0.31528881192207336,0.007543456740677357
window-9cad490c7f3c82e1001d,589_88625_178057,cake,handbag,0.4823489189147949,False,0.005566269624978304,0.0006555113359354436,0.008298875764012337,0.02011377178132534,1.6521331417607144e-05,1.8306638427389998e-09,0.001053311163559556,1.9545983377611265e-05,0.15272754430770874,0.10381455719470978,9.580926416674629e-06,0.4823489189147949,6.574640337930759e-06,0.00013748835772275925,0.00840033683925867,0.05152935907244682,0.0003856140247080475,0.04050984978675842,0.003081241389736533,2.162995043492044e-12,3.5741795727517456e-05,0.00264533469453454,0.00022577730123884976,0.00017153109365608543,0.044755708426237106,0.07349098473787308
window-8793571987f220dc502b,113_13372_23309,carrot,ball,0.9985532164573669,False,3.6199303110606706e-08,0.9985532164573669,4.312767157288455e-12,8.88558382428073e-09,3.775263905936299e-07,2.7812865653715848e-21,8.606563142166124e-07,2.821354883053573e-07,7.208268471003976e-08,3.936424075590139e-09,0.00041435338789597154,2.5365013200939757e-08,7.586690031757826e-08,0.00011808040289906785,1.2461832954446805e-10,3.91731713733634e-09,2.0631230199796846e-06,0.00040700266254134476,3.081787781411549e-06,6.556520996901772e-16,8.004499250091612e-07,3.0267564010699743e-09,6.215898906702932e-07,3.0148858058964834e-06,2.346984606660385e-09,0.0004960286314599216
window-5789161d0c6bf5436c69,113_13372_23309,carrot,toyplane,0.3521312177181244,False,0.023058034479618073,5.295401095395391e-08,0.008688445203006268,2.4127877622959204e-05,0.005223406944423914,3.2122993901212675e-24,0.0014250566018745303,0.000157491973368451,3.1541046610072954e-06,1.4592334991903044e-05,0.2677987515926361,4.383823034004308e-05,0.3353794515132904,0.002684373874217272,1.0759178081798382e-07,6.614263270421361e-07,3.4762734912874294e-07,8.538959264114965e-06,1.5890832116838283e-07,5.4682221072152246e-14,0.0007317738491110504,0.0001638645480852574,0.3521312177181244,1.3943648809799924e-05,1.444858099830526e-07,0.0024483681190758944
window-8faf6637ebc720914556,113_13372_23309,carrot,baseballbat,0.4503476321697235,False,0.0019648822490125895,5.25268319506722e-07,0.4503476321697235,2.762181611615233e-05,1.8180076949647628e-05,1.691320739022244e-24,0.017759934067726135,0.026306448504328728,6.576485844789204e-08,3.1557050306219026e-07,0.24876998364925385,7.460565393557772e-05,0.007354300003498793,0.08858790993690491,7.758647946332076e-09,0.001981315901502967,5.507656169356778e-06,4.069480382895563e-06,1.2406977702994482e-06,8.115235594630121e-09,0.0786137580871582,0.0005357791087590158,0.00280161970295012,0.007916553877294064,4.6493125410052016e-05,0.06688132882118225
window-0c101015c10090e1e67a,113_13372_23309,carrot,baseballbat,0.26488491892814636,False,0.056131407618522644,5.508187314262614e-06,0.26488491892814636,5.48598327441141e-05,0.002781086601316929,2.0947695023233626e-19,0.001515013282187283,0.034551411867141724,1.8880635252571665e-05,1.867572973424103e-05,0.0007266520406119525,0.006334751378744841,0.1295880377292633,0.16573022305965424,0.0003059033479075879,0.002813497558236122,0.0121077885851264,0.0002229986566817388,0.0010123411193490028,3.963862127420725e-08,0.10446085780858994,0.014597073197364807,0.05170052871108055,0.12894566357135773,0.0017326234374195337,0.0197591595351696
window-42c7b457230f7784af4a,398_50405_98934,carrot,sandwich,0.43345358967781067,False,0.007136259227991104,0.003619212657213211,0.19198043644428253,0.012205950915813446,0.0505136139690876,1.0851730625205391e-10,0.014347412623465061,0.14499959349632263,0.0014150770148262382,0.0007425940711982548,0.009848667308688164,0.0036317810881882906,0.01061953417956829,0.008668608032166958,0.00018081176676787436,0.0061395904049277306,0.0011057308875024319,0.007816720753908157,0.43345358967781067,1.4212062524165958e-05,0.029017211869359016,0.015364555642008781,0.0031744062434881926,0.0021021640859544277,0.01919943280518055,0.02270287647843361
window-46033fe111ed1366731e,398_50405_98934,carrot,frisbee,0.8725016713142395,False,4.1173349174528084e-09,0.10435324907302856,1.3241566421129392e-06,9.245711418692792e-10,2.1276223094446323e-07,1.0203621216817342e-21,5.675020275930365e-08,1.959746320778777e-08,7.650436600670218e-05,2.7126137069899414e-07,0.8725016713142395,1.979329233847693e-08,3.605832993303082e-11,1.976758312594029e-06,2.0422403460181038e-13,2.1628552815400326e-07,5.620649723425686e-09,0.021744871512055397,2.2011022171586347e-10,7.184755275364038e-16,4.046152355385857e-07,4.2232764965078896e-18,2.337956630071858e-06,0.001279432326555252,6.517776318659685e-10,3.734713754965924e-05
window-e090515831b2afd6aa3f,398_50405_98934,carrot,carrot,0.26005327701568604,True,0.2116217315196991,0.11891292780637741,0.03221280872821808,0.002057377016171813,0.0010187572333961725,0.0003844532766379416,0.0028859225567430258,0.26005327701568604,0.0024586021900177,0.0032748538069427013,0.0021676684264093637,0.0013436947483569384,0.0006885818438604474,0.14323244988918304,0.0014607218327000737,0.0012089523952454329,0.0002620798768475652,0.0021974630653858185,0.03409375250339508,2.718884616115247e-06,0.16157284379005432,0.0068389191292226315,0.001339030102826655,0.0014498140662908554,0.00627795560285449,0.0009826697641983628
window-7d9a93c1515605405f3d,398_50405_98934,carrot,baseballbat,0.5285250544548035,False,0.004458707291632891,0.00240734382532537,0.5285250544548035,0.009514438919723034,0.005540173035115004,5.940169363338743e-12,0.037302687764167786,0.1319989264011383,0.00042648648377507925,0.0004682840663008392,0.021170109510421753,0.012427589856088161,0.002423373283818364,0.005835016258060932,0.00017343174840789288,0.019599994644522667,0.0006466308259405196,0.009751692414283752,0.020818788558244705,5.624571258522337e-06,0.020773153752088547,0.01171030942350626,0.0007607041043229401,0.0016085886163637042,0.14242245256900787,0.009230464696884155
window-1ec8139b8888c1dec553,492_70423_135993,carrot,mouse,0.6777080297470093,False,1.2387943115754751e-07,0.0003695004270412028,0.10567574948072433,0.08076480031013489,0.0005993038648739457,1.5434202310302125e-12,0.00020510081958491355,1.0826442121469881e-05,0.00021278273197822273,0.00011944251309614629,0.00577602768316865,6.355545338010415e-05,0.0001714286336209625,0.000737074064090848,0.011290917173027992,0.6777080297470093,0.007941773161292076,0.018781941384077072,0.04224707931280136,1.3165621370880842e-11,4.956033080816269e-05,0.020005278289318085,0.001044784439727664,0.0018937881104648113,4.903514127363451e-05,0.024281995370984077
window-c51de736cd822b0293d1,492_70423_135993,carrot,mouse,0.638721227645874,False,9.814325494517107e-07,0.0005617651622742414,0.016474485397338867,0.013264095410704613,0.007727760821580887,7.114589712991452e-15,0.0004973523900844157,7.28907689335756e-05,2.1406091036624275e-05,1.0266211575071793e-05,0.1766384243965149,0.0004367765213828534,9.891587978927419e-06,0.01734359934926033,4.4491884182207286e-05,0.638721227645874,5.146357125340728e-06,0.003967915195971727,0.1087702065706253,8.519410762790336e-13,7.416519656544551e-05,1.5409923435072415e-05,0.0003331317566335201,0.01394787710160017,6.627544735238189e-07,0.001060004928149283
window-c44a8ad126eff858cb4b,492_70423_135993,carrot,toyplane,0.6779974699020386,False,0.19895489513874054,2.9525708100663905e-07,0.0001984101691050455,0.027977531775832176,0.0007501677609980106,8.286879553489495e-21,0.004636971279978752,2.5515855668345466e-06,0.0035956562496721745,7.220146017061779e-06,2.3496750145568512e-05,0.00016514923481736332,0.0008571932557970285,0.027151379734277725,6.132612907094881e-05,0.05691270902752876,2.4514022811672476e-07,2.4093574211292434e-06,8.35858315895166e-08,4.460371201275848e-07,1.0031562425183438e-07,6.382058472809149e-06,0.6779974699020386,1.473848243449538e-07,1.8703208297665697e-06,0.0006957895238883793
window-3c2b6cedf3895546b090,492_70423_135993,carrot,baseballbat,0.38825780153274536,False,0.0024047703482210636,8.499979458065354e-07,0.38825780153274536,0.1131231039762497,0.00029126109438948333,7.474987673669375e-17,0.002179633593186736,8.39445783640258e-05,0.0076220533810555935,4.781084044225281e-07,0.001646119635552168,6.161100827739574e-06,0.013605942949652672,0.0011696823639795184,0.00014085372094996274,0.2790659964084625,2.6833340598386712e-05,1.4466628272202797e-05,4.782139512826689e-06,2.0492932435445255e-06,3.8096789012342924e-07,1.6391437540619336e-08,0.18824654817581177,5.067828169558197e-06,0.00046128916437737644,0.0016399186570197344
window-ee9e9c508061b94fe1b7,523_75420_147248,carrot,frisbee,0.9990873336791992,False,2.2342963745813904e-07,6.055336143617751e-08,2.110093877405461e-09,9.800700354389846e-06,6.535367447213503e-07,5.682384715871008e-17,1.2569516982807727e-08,1.7143283059795067e-07,0.0003214903990738094,1.3290794020903718e-09,0.9990873336791992,4.999033409447406e-10,4.439650425069885e-09,3.9788337069524005e-09,8.22667875119941e-15,3.9671963492082796e-08,6.510373837254058e-14,1.4923074997952313e-09,2.0455283447518013e-05,2.2198637140990757e-15,1.9526498817867832e-07,1.8159336881429233e-12,2.4660914277774282e-05,2.84709790321358e-06,5.747989462179248e-08,0.0005319544579833746
window-9fbd3fbbce1fdc9a7739,523_75420_147248,carrot,frisbee,0.9732871055603027,False,1.2787369385591774e-08,3.470716769538029e-10,3.4687882362050004e-06,3.657207159335485e-08,0.002914413809776306,4.115303475597798e-13,9.376580761832898e-11,1.2599874477103867e-09,0.021615445613861084,3.50449758101945e-09,0.9732871055603027,5.0550261893045345e-11,5.356949017709667e-08,3.3902547436071018e-09,4.6186514492509503e-14,4.515373852598259e-09,2.4656099644609908e-12,5.449936946178013e-09,1.3699769851882593e-06,6.458094997569577e-22,4.767605332745006e-08,1.0217558595892632e-16,5.180468360777013e-05,7.505074961500213e-08,0.00029338354943320155,0.0018326594727113843
window-0fc18f46f68ac388e897,523_75420_147248,carrot,toyplane,0.6265277862548828,False,3.3072901715058833e-06,0.0007473172154277563,7.329267100431025e-05,0.0007628435268998146,0.001049943151883781,1.4103843093415946e-11,2.166303966077976e-05,8.1720224898163e-07,0.0045721703208982944,1.5721303498139605e-05,0.03309866786003113,7.404294422030944e-08,5.293473805068061e-06,1.3011757800995838e-05,1.2998517817663924e-08,0.0001762524334480986,2.042700586457613e-08,8.961407002061605e-05,0.0067040822468698025,1.001123698711145e-15,7.878246833570302e-06,2.046335012551026e-08,0.6265277862548828,0.0001153636330855079,9.303057595388964e-06,0.3260056674480438
window-ec14cae16ac321d548cc,523_75420_147248,carrot,frisbee,0.9387527108192444,False,1.1778990005595347e-09,8.65076632550199e-09,0.007330988068133593,2.712963365070209e-08,0.013173158280551434,1.5863260564749323e-15,9.924392418980688e-10,2.4865829395537276e-09,0.040460240095853806,6.033813726435966e-11,0.9387527108192444,9.41256739217522e-10,8.044261257111884e-09,1.3055879044543417e-08,1.194939448361269e-15,1.6818589188005717e-08,4.2298398636485875e-15,2.859595005233473e-09,1.3277841617309605e-06,4.7590708268882925e-17,0.00016673916252329946,5.133649111719988e-16,1.318892657309334e-07,3.593282116298724e-09,0.00011404723773011938,6.196118533807748e-07
window-af6aa78468d4e09a0a2e,579_85648_169171,carrot,teddybear,0.9606252312660217,False,3.427152114454657e-05,2.5588406060705893e-07,3.793156067022352e-11,4.905606143523755e-09,5.605721980828093e-06,2.2389016338484886e-24,0.0024853793438524008,1.4874634644002072e-06,8.012192864725876e-08,1.3280598068377003e-05,1.1426742929643297e-07,1.969403200519082e-07,5.8524141088867054e-09,0.03679351508617401,4.5135248349145035e-14,9.894473862459563e-08,1.7384116290486418e-05,3.538910768705224e-14,1.9750175852095708e-05,2.505900965843466e-06,0.9606252312660217,3.882312249459119e-09,1.786423240446311e-07,2.6702244326770597e-07,5.132033038535155e-07,6.0761898984518226e-12
window-3a44fbd5120dbc0fec77,579_85648_169171,carrot,teddybear,0.6861573457717896,False,0.0015919818542897701,1.2897130545752589e-06,1.0503185821075789e-10,3.4412670402161893e-07,1.549449812898729e-08,2.3684834371310693e-32,0.0010435344884172082,2.7309303618494596e-07,1.3227197115384115e-10,1.2935931863466976e-06,7.740400178590789e-07,1.4203133461010431e-11,1.8238291659145034e-06,0.23114101588726044,1.6588677046597278e-12,2.1895998347787327e-09,0.0015608536778017879,2.3971832006398908e-14,5.463218144541315e-07,0.07849283516407013,0.6861573457717896,3.626040982231127e-14,2.5258086111534794e-07,1.880493073258549e-06,3.936053872166667e-06,6.776456618062809e-10
window-cf6f05f0f06f0e1b11b4,579_85648_169171,carrot,teddybear,0.9902169704437256,False,0.00029147311579436064,0.0006262799142859876,1.4315297558464835e-10,1.436659857745326e-08,1.3063471442364971e-06,4.63271992100099e-32,0.007481102831661701,1.6864093765889265e-07,1.1178271819289876e-07,1.658684567473756e-07,2.5525170599394187e-07,6.113504014138016e-08,4.0644029808412085e-11,0.0013246769085526466,6.05407998038876e-12,1.7054121670412314e-08,5.130675344844349e-05,6.47508441179237e-14,4.90854108647909e-06,8.595852918347191e-09,0.9902169704437256,1.9612320122965043e-13,7.836943041183986e-07,3.532387324867159e-07,1.86472774998947e-07,1.8346624566789593e-11
window-f5ea0b7cd30098513e3a,579_85648_169171,carrot,teddybear,0.9960910677909851,False,5.051070729678031e-06,1.0526160565405007e-07,3.395772196768121e-08,2.0370477216147265e-07,4.384165004012175e-05,1.4941063410209414e-23,6.189447594806552e-05,1.9528961274772882e-06,1.8129872842109762e-05,8.156416879501194e-05,2.771083451591494e-08,1.6970783690339886e-05,9.733560624169968e-09,0.0003811457718256861,6.775506544709486e-11,7.30425599613227e-05,0.00012998972670175135,2.2568497418107292e-11,4.675717718782835e-05,6.867338919747112e-10,0.9960910677909851,2.346349816662041e-07,1.1985549463133793e-05,6.121561455074698e-06,0.003030000953003764,1.3772952223156665e-10
window-f1a0ac0a033e29c003ef,610_96645_193673,carrot,bench,0.5376229286193848,False,4.284911028662464e-06,2.5749710403033532e-05,0.0006784268189221621,0.5376229286193848,0.0008352360455319285,5.261205771936871e-19,0.0024306001141667366,8.214853733079508e-05,0.000666533422190696,0.00014061781985219568,3.005530069613571e-12,0.0020743601489812136,0.0005582522135227919,4.754319888888858e-07,0.0007509196293540299,0.0007381684263236821,9.171386317063934e-09,0.0006272714235819876,1.1401193660276476e-06,8.644531135360012e-08,0.4466235041618347,4.3945578909188043e-07,3.5657249100040644e-05,0.005302421748638153,0.0008006712305359542,4.3740029376238e-09
window-8a8a7780ca778336c2ad,610_96645_193673,carrot,teddybear,0.9375747442245483,False,1.1784602975239977e-05,4.9425864290242316e-08,0.0007080364157445729,0.0016463706269860268,1.953092396433931e-05,2.792790555506859e-21,0.0018191642593592405,1.766892410159926e-06,4.564267328532878e-06,0.0014567101607099175,5.0643325209992173e-20,0.002728190738707781,4.0005542700782826e-07,4.834434002987109e-05,9.759987005963922e-05,2.061155868204878e-07,4.692233268599466e-10,1.6817081416320434e-07,1.7758940884959884e-05,7.621070996499668e-10,0.9375747442245483,2.5740820586150903e-09,4.382582119433209e-08,0.050419580191373825,0.0034450090024620295,8.730361919506713e-12
window-1c8c8ef296124c28038e,610_96645_193673,carrot,bench,0.5275737047195435,False,3.6063327115698485e-06,5.051323270777175e-08,0.011871404014527798,0.5275737047195435,0.0001799266174202785,1.2737154182800503e-15,2.491040686436463e-05,1.7806289633881534e-06,0.009127991273999214,0.0005235676653683186,4.176925715433611e-15,9.995513391913846e-05,0.00016136872000060976,1.2483254749895423e-06,3.737391307367943e-05,1.0912513062066864e-05,1.1929839729418745e-06,1.5939664081088267e-05,8.485205427177789e-08,2.37783464029917e-08,0.041268762201070786,1.6623905585433363e-09,8.00650923338253e-06,0.31674203276634216,0.0923462063074112,1.4788421875966407e-10
window-1af059e562645dc0f4ee,610_96645_193673,carrot,teddybear,0.601564347743988,False,7.645377081644256e-06,7.767799843350076e-07,0.001021082978695631,0.0019993167370557785,0.021424690261483192,1.4139641606007725e-13,9.776726074051112e-05,5.5813416111050174e-05,7.354524859692901e-05,0.009867982938885689,4.801497421880185e-09,9.212068835040554e-05,6.607790703494487e-11,3.343757555285265e-07,4.437524694367312e-06,2.447671079153224e-07,3.248030885180115e-17,2.3020352291069912e-09,0.0003839088894892484,6.631559745784443e-09,0.601564347743988,2.0224979677130328e-11,1.0037325637313188e-08,0.3632340431213379,0.00017125598969869316,6.79799029512651e-07
window-bb3056700db54235a0c7,108_12859_23648,chair,umbrella,0.8187380433082581,False,0.0001319114089710638,2.6463415903066334e-09,3.862657649733592e-06,0.0007506318506784737,4.083078124494932e-07,1.269456154778803e-11,6.439822897164049e-08,5.615408554149326e-06,0.00015633691509719938,4.286395238750629e-08,1.4215770054171184e-11,0.010791496373713017,0.0058055417612195015,0.0006673180614598095,0.16294501721858978,7.927551948228029e-09,9.546807859805995e-07,6.820077373959066e-07,9.275099728256464e-07,1.4038887830025715e-09,3.1181706106053753e-09,4.3783106029593455e-09,2.196371013951648e-07,2.527357025883248e-07,0.8187380433082581,7.328145557039534e-07
window-71fb294901496c3cca15,108_12859_23648,chair,bench,0.6027721166610718,False,0.1907970905303955,0.039068110287189484,0.029098160564899445,0.6027721166610718,0.00013357735588215292,7.841242168375381e-14,0.1184491440653801,0.0009793950011953712,0.004489574581384659,0.00019906858506146818,1.1698924723527225e-15,3.597469913074747e-05,4.485351812189009e-10,2.278623068008301e-09,6.219047943289979e-09,7.762205456174343e-08,1.646037439684278e-08,2.431869233987527e-06,0.0019513831939548254,4.0337904465559404e-06,0.0017804268281906843,0.00010276061948388815,9.555888524914735e-09,0.0027389992028474808,2.576794713604613e-06,0.007395043503493071
window-6958e09767a061024c4c,108_12859_23648,chair,chair,0.952981173992157,True,0.0004477935144677758,0.00033009311300702393,0.0004625324218068272,0.004298659972846508,0.0003378891560714692,7.193486935676632e-14,3.4097000025212765e-05,9.814560542054096e-08,0.952981173992157,2.269171517355062e-07,6.929785190123994e-09,8.566446441093944e-10,0.0010093454038724303,1.1178226486663334e-06,0.004586091730743647,6.977938369345793e-07,0.00010656770609784871,0.028396546840667725,0.0021290688309818506,6.68209177092649e-05,1.2225035789015237e-05,3.15505523929005e-08,0.0020191981457173824,3.7551958484982606e-06,0.00012316823995206505,0.0026526914443820715
window-debedbcf3b3e4ac4829e,108_12859_23648,chair,wineglass,0.9523418545722961,False,0.0006846291362307966,1.938307605087175e-06,6.57385608064942e-05,0.0007986873970367014,4.321094093029387e-05,6.294991156840298e-20,3.8285877963062376e-05,0.00011862510291393846,3.430269543969189e-06,8.6624540927005e-06,1.426903706303051e-09,5.93198201386258e-05,0.0004714961687568575,5.9549233100142374e-08,0.005868729669600725,2.925320131907938e-06,3.3793643524404615e-05,1.7837293171396595e-06,3.990326513303444e-05,4.6536683839804027e-07,6.114130712830956e-08,2.2256391218888893e-07,0.0023234530817717314,7.013456979620969e-06,0.03708580136299133,0.9523418545722961
window-6500454e5349d15bf087,372_41140_82042,chair,apple,0.2599147856235504,False,0.2599147856235504,0.004639136604964733,4.669127883971669e-05,0.003461653832346201,0.0012498915893957019,1.1012989631353776e-07,0.11519402265548706,6.005550312693231e-05,1.505290038039675e-05,0.03929572552442551,0.24445262551307678,7.627897139173001e-05,6.345430301735178e-05,0.00034774947562254965,0.008500178344547749,0.07993998378515244,3.4788689290410346e-11,2.5102635845541954e-05,0.21055270731449127,1.5976399284909671e-16,0.00015162646013777703,0.00010680113337002695,0.007694651838392019,0.0030941092409193516,0.0005199943552725017,0.02059760130941868
window-e92819c6ce28a4353fec,372_41140_82042,chair,baseballbat,0.4862108826637268,False,0.01187734492123127,0.07498174905776978,0.4862108826637268,0.12178190052509308,0.0023501869291067123,4.2260417103534564e-05,0.003359580412507057,0.004869744647294283,0.0002758248010650277,0.004710584878921509,0.006070881616324186,0.015713080763816833,0.0005012517212890089,5.1333387091290206e-05,6.6498760133981705e-06,0.005590800661593676,1.98273841789387e-08,0.000719455536454916,0.003352411324158311,6.987222893372128e-14,0.05887554958462715,7.633516361238435e-07,0.004447750747203827,5.474597492138855e-05,0.15317414700984955,0.040981147438287735
window-da45d70d78d439a9828c,372_41140_82042,chair,bowl,0.8995322585105896,False,0.005604268983006477,0.00034991675056517124,1.6815307390061207e-05,0.0025409264490008354,2.8793481305910973e-06,0.8995322585105896,0.00011391416774131358,0.01766371726989746,7.798667525094061e-07,9.063987818080932e-05,2.0292303815949708e-05,1.5240112816172768e-06,2.43099236740818e-07,0.00024432543432340026,0.0012187063694000244,0.0006684376276098192,3.482519380835179e-14,9.128597184826504e-07,0.0032336667645722628,3.5956168598083593e-10,0.001775186974555254,2.4556218704674393e-05,3.464165956756915e-06,4.7731256927363575e-05,0.06682783365249634,1.7044849300873466e-05
window-733e2215bfef58fa2a9e,372_41140_82042,chair,apple,0.9908782839775085,False,0.9908782839775085,0.00018417373939882964,0.0008592715603299439,9.554365533404052e-06,2.703567361095338e-07,0.0008550314814783633,8.708600216777995e-05,0.004597415216267109,3.7583669509899664e-09,4.767190603160998e-06,0.0007233612122945487,9.950299073580027e-08,1.0368820824169234e-07,7.809458475094289e-05,0.00028346566250547767,0.0003765236178878695,1.291509764013238e-17,4.894571611657739e-05,5.16802683705464e-05,6.821802031603238e-22,1.6402160326833837e-05,1.243687961505202e-07,0.0005234257550910115,0.00023619909188710153,7.006146773846922e-08,0.00018563716730568558
window-8adbaf1c23c2a0e9d8dd,372_41169_81981,chair,wineglass,0.45549747347831726,False,0.025582442060112953,0.0020100604742765427,0.003372357925400138,0.003601773176342249,0.012336703017354012,5.8166705230178195e-08,0.024305693805217743,0.006819305941462517,0.07212530821561813,0.0536518320441246,0.0015547940274700522,0.039486899971961975,0.09094087779521942,0.018601229414343834,0.010953271761536598,0.007744323927909136,0.0006294985651038587,0.09511725604534149,0.013706820085644722,0.0004714654933195561,0.0027583313640207052,2.9811233616783284e-05,0.028943710029125214,0.025134211406111717,0.004624514374881983,0.45549747347831726
window-18f7a64871cf80dc676b,372_41169_81981,chair,wineglass,0.33480778336524963,False,0.05066249519586563,0.009955492801964283,0.0038068878930062056,0.006328277289867401,0.07604271918535233,2.849279098882107e-06,0.02781941369175911,0.012630504556000233,0.07018246501684189,0.12202702462673187,9.208666597260162e-05,0.019442496821284294,0.009266268461942673,0.01249497290700674,0.09073402732610703,0.011414489708840847,0.00012401261483319104,0.014530561864376068,0.01076220441609621,6.287803898885613e-06,0.004491782281547785,2.7759500881074928e-05,0.083766870200634,0.017654020339250565,0.010926280170679092,0.33480778336524963
window-e458126fd8bfc637bf38,372_41169_81981,chair,wineglass,0.5539928674697876,False,0.04085836559534073,0.0017925213323906064,0.00934615544974804,0.002784583019092679,0.030302077531814575,0.0005542694125324488,0.03159131854772568,0.0017628326313570142,0.015492924489080906,0.012339932844042778,0.0015838228864595294,0.007696656975895166,0.00021746322454418987,0.0008863064576871693,0.07516776025295258,0.00271689984947443,2.535120802349411e-05,0.07122846692800522,0.04372640699148178,2.560854909461341e-06,0.03855375945568085,0.0009982160991057754,0.04453707113862038,0.004867736250162125,0.006973723880946636,0.5539928674697876
window-719fe19cc9dbb990b9f6,372_41169_81981,chair,wineglass,0.3654223680496216,False,0.00319799710996449,0.00016521547513548285,0.0041643185541033745,0.00117687345482409,0.009032506495714188,1.3222386741063019e-08,0.11588867008686066,0.0015510304365307093,0.05299410596489906,0.039371371269226074,0.0027523247990757227,0.0064106835052371025,0.09720242768526077,0.0033937152475118637,0.0060202497988939285,0.008365808986127377,0.001158873550593853,0.1650555431842804,0.07435254007577896,0.0013929319102317095,0.004365117754787207,0.00010875547741306946,0.02432536706328392,0.009488187730312347,0.0026429889257997274,0.3654223680496216
window-262528ffa91a43efdc8b,391_46976_93669,chair,hydrant,0.8233029246330261,False,5.23720389972171e-13,1.266039788561102e-07,2.734942938786844e-09,1.4701403188155382e-06,9.037190466187894e-06,1.0593874974537156e-28,8.33304802654311e-05,8.934736683841038e-07,1.628148424970277e-07,1.1835350051114801e-06,7.477450481019332e-07,9.949241430717848e-09,0.8233029246330261,9.92811832745133e-10,4.006922083021891e-08,5.616988829615366e-08,3.5387918160267873e-06,4.0941704355645925e-06,4.0761220787555175e-11,0.1759737730026245,3.3495035633990256e-09,5.071490818409075e-07,1.9634630632481276e-07,1.872582089390562e-10,0.00010304524766979739,0.0005148694035597146
window-dce8d124e62151bed20f,391_46976_93669,chair,hydrant,0.6022945046424866,False,0.00012543273624032736,0.00023101277474779636,1.644438384573732e-06,0.0005676200380548835,7.298194759641774e-07,4.4767206177343195e-26,0.00010474870941834524,6.876273255329579e-05,3.041090224087384e-07,7.676665700273588e-05,3.802552600973286e-05,1.6845471861870465e-07,0.6022945046424866,6.985918048485473e-07,2.1068101432319963e-06,2.757905804173788e-06,2.0049223792284465e-07,0.09606511145830154,4.602404679587835e-09,0.025921322405338287,0.00032949878368526697,1.4162558903407785e-09,1.4215781448001508e-05,0.0009791922057047486,0.19108465313911438,0.08209055662155151
window-23c087376a7aceb1e102,391_46976_93669,chair,hydrant,0.8956112265586853,False,0.00010447354725329205,1.239956691279076e-05,6.010350972474043e-08,0.002192327519878745,0.008982380852103233,3.2731867774352915e-30,1.3224115491539123e-07,0.0002914851938840002,1.596135916770436e-05,0.00028858508449047804,1.7471728230855632e-10,1.8567413162529078e-09,0.8956112265586853,2.466405703671626e-06,2.3442137120355255e-10,5.299851864037919e-07,0.013086129911243916,0.009524335153400898,3.230609113558103e-10,0.06972160190343857,6.863827195502381e-08,6.919088912926696e-11,8.647299182484858e-06,3.2600502297697176e-09,3.1667386224398797e-07,0.00015683277160860598
window-ffba9630d1348126e1f8,391_46976_93669,chair,hydrant,0.7687747478485107,False,9.27420293339587e-12,1.338408828210902e-09,3.1977879545730392e-12,1.7963817526833736e-06,8.762094694247935e-08,2.3828842321820822e-20,5.8787959460460115e-06,1.3533535403453811e-10,2.328372605830964e-09,2.582776687631849e-06,1.8442648297423148e-06,8.055819900043559e-11,0.7687747478485107,1.7903187266021803e-10,2.0739798856084235e-06,7.938758095349385e-09,4.872344661066563e-08,4.4503656226879684e-07,9.593593475187845e-09,0.23112915456295013,2.994207659590131e-10,7.474355162573332e-11,1.3576467381426482e-06,2.002064659889502e-11,7.739224383840337e-05,2.59504008681688e-06
window-f9de7346eb0c19eacb02,392_47518_94512,chair,wineglass,0.44007936120033264,False,0.007877342402935028,0.010632054880261421,0.02947475016117096,0.0006302128895185888,0.0005842613172717392,8.19461183709791e-06,0.005001359153538942,0.00048326875548809767,0.13243013620376587,0.00651495112106204,0.0013633372727781534,0.04972384497523308,4.5828786824131384e-05,0.00017774580919649452,0.002732770051807165,0.04415412247180939,1.3539155361286248e-06,0.006783192045986652,0.004133433569222689,1.3117362231140905e-11,0.01501088310033083,0.0017508117016404867,0.012669411487877369,0.0038679109420627356,0.2238694727420807,0.44007936120033264
window-1fb32c2f9bbbe2600ed6,392_47518_94512,chair,wineglass,0.5573092103004456,False,0.001400238135829568,0.0003661949303932488,0.0012505510821938515,0.014319621957838535,0.006985105108469725,2.2056025061889528e-10,0.0034761703573167324,5.864189006388187e-06,0.2272675633430481,0.030543338507413864,1.4525472579407506e-05,0.012323345057666302,9.990919807023602e-07,0.000606507295742631,0.004930834285914898,0.0015744067495688796,0.005488803144544363,0.024246130138635635,0.045667339116334915,2.2951540668003645e-09,0.0009930511005222797,0.0002871000033337623,0.00010441528138471767,0.003312706248834729,0.05752606317400932,0.5573092103004456
window-32e3bc6f7fd1ab90a572,392_47518_94512,chair,wineglass,0.9236751198768616,False,0.0004806139331776649,0.0011663353070616722,0.012072940357029438,0.023655880242586136,0.000386905565392226,1.2066504950780654e-06,0.0006803203141316772,0.0002391320012975484,0.001088418997824192,0.0007741296431049705,0.0004544647235888988,0.020836535841226578,5.105061404719891e-07,0.0008606384508311749,0.00295525835826993,0.000409643049351871,0.0006937995785847306,0.0011908720480278134,0.0013292557559907436,1.2888429523627565e-07,0.0022184273693710566,0.0008482110570184886,4.5236323785502464e-05,0.000402560894144699,0.003533490002155304,0.9236751198768616
window-db0a570483afc201e612,392_47518_94512,chair,wineglass,0.6897169351577759,False,0.028203409165143967,0.030066054314374924,0.028922999277710915,0.01706644892692566,0.008060824126005173,0.00018987349176313728,0.00011605936742853373,0.005525148939341307,0.01051083579659462,0.007091056555509567,0.023235827684402466,0.07579682022333145,8.685864827384648e-07,5.673569830833003e-05,0.0023154024966061115,0.01628451608121395,1.5006075955170672e-05,0.008040888234972954,0.005381973460316658,1.2827426620898308e-10,0.0006329656462185085,0.00012281164526939392,0.0015956360148265958,0.022541552782058716,0.018509386107325554,0.6897169351577759
window-5b43611a806b5b67771f,395_49193_97277,chair,plant,0.9208713173866272,False,3.936430914563971e-07,0.0026845589745789766,6.017683684689246e-09,2.272579074269243e-16,5.354220047593117e-05,5.542143623440148e-35,3.835011455066706e-07,4.664029233936162e-07,0.0644034892320633,0.010506395250558853,4.992786473800414e-16,3.0802254968875786e-07,4.240139142575039e-11,2.316751670150552e-05,8.626793146504497e-07,6.600220672225987e-07,6.980326361372136e-06,0.9208713173866272,1.6947138874456869e-06,7.293116729701872e-16,2.409600963204639e-09,0.001065678894519806,0.00019643489213194698,9.613246731987601e-08,8.492961569572799e-06,0.0001750684023136273
window-5ea3d4aeda3894e48c2f,395_49193_97277,chair,ball,0.6922490000724792,False,5.939759351036855e-09,0.6922490000724792,6.634108373759773e-09,1.1667524153381324e-15,5.231414434092585e-06,1.224000772560664e-31,2.1308078430593014e-05,1.8103362890542485e-05,0.21926924586296082,0.0008112594950944185,1.3597453783591174e-13,7.693249699514126e-07,1.6993545459698112e-11,0.003914583474397659,1.585832819728239e-06,4.888269359071273e-06,4.504998329935006e-08,0.0023220074363052845,3.886908217509699e-08,6.104978955907055e-15,0.00014109842595644295,0.00752334063872695,1.6111695003928617e-05,1.628227664696169e-06,0.0735798329114914,0.00011993656517006457
window-0997e00766ec391c1ec1,395_49193_97277,chair,ball,0.5844336748123169,False,4.12583034403724e-09,0.5844336748123169,4.639204931322638e-08,1.0719130796735601e-13,8.869731391314417e-05,4.3255411216642146e-35,6.42305764131379e-09,4.761504169437103e-05,0.00037256311043165624,2.9686100333492504e-06,5.909304710091537e-16,2.79345704257139e-06,4.739930670183412e-10,1.3063553524261806e-05,7.86202508606948e-06,5.955219239694998e-05,2.1927380657871254e-05,0.00012185591913294047,5.63961634725274e-07,1.191079841093151e-13,6.326771836029366e-05,0.00026887276908382773,5.595066613750532e-05,5.081267772766296e-06,0.4144296646118164,3.98142401536461e-06
window-3f865ddfb613fd29a6d4,395_49193_97277,chair,chair,0.34554266929626465,True,1.2315855428823852e-06,0.019590653479099274,5.565242933158743e-09,2.6202403063984225e-16,0.07946468889713287,5.481348524983558e-34,7.945654033392202e-06,1.0899974768108223e-05,0.34554266929626465,0.012862726114690304,6.694739028553429e-14,2.5149611246888526e-06,2.910076624118574e-09,0.003340670606121421,1.0040550478152e-05,2.4667795514687896e-05,1.4860923329251818e-05,0.23334187269210815,2.1308698705979623e-05,6.716872274750891e-16,3.0534184070063475e-09,0.15987908840179443,0.11878355592489243,2.7988216970697977e-06,0.026637442409992218,0.0004603278066497296
window-ee0d22e6e282b507dba1,455_64092_126267,chair,kite,0.9191983938217163,False,5.238884568825597e-06,0.014119148254394531,2.3141201666021516e-07,0.0020171725191175938,0.004788641817867756,6.305462879260815e-13,0.0024229015689343214,0.020033931359648705,9.960162060451694e-06,0.003025904530659318,0.0023760327603667974,3.633355447618669e-07,0.01951008290052414,0.9191983938217163,6.073267286410555e-06,0.0006857774569652975,0.00016519143537152559,0.0028921763878315687,0.00020022965327370912,3.7323115265053275e-08,4.0463110053678975e-05,0.00168373913038522,0.00423317588865757,3.7732042983407155e-06,4.530423666437855e-06,0.002576857805252075
window-f61961c9e35df9d936f6,455_64092_126267,chair,wineglass,0.4460930824279785,False,2.643624839038239e-06,0.0005054214270785451,8.176250958058517e-06,0.0007080701179802418,0.008882380090653896,9.873148965056089e-10,0.0015965207712724805,2.3444068574463017e-05,0.004437664989382029,0.14178787171840668,2.0343563846836332e-06,4.08528430853039e-05,0.0066414508037269115,0.04899967461824417,0.0002539321721997112,0.19042541086673737,0.014796041883528233,0.05119602754712105,0.0011044779093936086,2.6693414838518947e-06,0.0006103009218350053,8.9446502897772e-06,0.08023124933242798,0.0010227940510958433,0.0006188720581121743,0.4460930824279785
window-0c96796ee6a8f1635b5a,455_64092_126267,chair,teddybear,0.6975839138031006,False,0.030406678095459938,0.07337638735771179,1.5667676052544266e-05,0.0009892757516354322,0.016543665900826454,5.976788088446483e-06,0.028458748012781143,0.00017621935694478452,0.0006181638455018401,1.8312846805201843e-05,0.00019347840861883014,0.00017169589409604669,6.063351776219861e-08,1.073334146894922e-06,0.00352157698944211,0.010903147980570793,2.8564365493366495e-05,0.013833819888532162,0.0028848866932094097,1.0437545370223233e-06,0.6975839138031006,8.442028774879873e-05,2.5427184482396115e-06,0.012158435769379139,0.0030998284928500652,0.1049223467707634
window-df0344260d23f4b04e2e,455_64092_126267,chair,kite,0.6312270760536194,False,1.2602867194289047e-08,0.005382039118558168,0.0002333920419914648,0.004903459455817938,0.0005398200009949505,3.8229564913033753e-14,0.025294631719589233,0.0015321134123951197,2.514749894544366e-06,2.370790571148973e-05,0.00018845622253138572,0.002439838834106922,2.8884880521218292e-05,0.6312270760536194,0.0001532576570753008,0.1775168478488922,0.010702753439545631,0.009349839761853218,0.12649527192115784,2.051667024716153e-06,0.0007274578674696386,0.0003620937932282686,0.002593994140625,0.00018591564730741084,4.760903902933933e-05,6.697879871353507e-05
window-3d164445c635de6387e6,34_1485_4730,cup,apple,0.5427379608154297,False,0.5427379608154297,1.1742797596525634e-06,0.001858819741755724,2.6275279196852352e-06,0.0028206135611981153,1.7007213415354272e-08,0.014969279989600182,0.0013836780562996864,0.00475963344797492,0.010097557678818703,3.2982459430286326e-08,0.0075026582926511765,1.5107031686056871e-05,0.0016305290628224611,0.027605166658759117,0.08606497198343277,4.435580863108163e-13,0.00010025706433225423,0.0005335523746907711,2.0334242185212178e-16,1.8239839846501127e-05,1.2863578149335808e-06,0.17412994801998138,0.07599826157093048,2.8159314751974307e-05,0.047740526497364044
window-5eb940676498733a4b4d,34_1485_4730,cup,apple,0.7672955989837646,False,0.7672955989837646,3.053975888178684e-06,0.00021058520360384136,2.9470564300027036e-07,2.5813091269810684e-05,1.6794622359483924e-09,0.0021205064840614796,0.05843560770153999,0.0002826247364282608,0.006537585984915495,9.044287025972153e-07,0.00015307475405279547,3.769321210711496e-07,0.00044243960292078555,0.009306726977229118,0.059480175375938416,7.101249605816686e-17,3.837917392957024e-05,0.0009974343702197075,2.7440174956784894e-17,9.464105824008584e-05,1.2298569629365375e-07,0.056011512875556946,0.0359833724796772,0.00012382098066154867,0.002455253154039383
window-b2515c3838dcd7b61544,34_1485_4730,cup,bench,0.6314343810081482,False,0.32522711157798767,1.7065301562979585e-06,0.0003662848030216992,0.6314343810081482,6.961069448152557e-05,3.356343869498346e-09,4.1590687942516524e-06,7.157879053920624e-07,7.504168593186478e-07,0.00884305126965046,9.6786955339212e-08,2.526947901060339e-05,1.6888978279894218e-05,0.00023715320276096463,0.0023346301168203354,0.0005544465966522694,6.1853204849637855e-12,0.00014414952602237463,0.000464227341581136,6.265638659628094e-15,8.759263437241316e-06,1.5265859687474403e-08,0.0013255382655188441,0.005636979825794697,2.4201792570011094e-08,0.023303959518671036
window-f7e0ffb48cec418d7dcc,34_1485_4730,cup,cake,0.23459385335445404,False,0.12595002353191376,9.816074452828616e-06,0.0018802385311573744,1.2292136375435803e-07,2.7067069822805934e-05,5.9244166550342925e-06,0.23459385335445404,0.13653592765331268,0.014858356676995754,0.025336479768157005,5.2999271247244906e-06,0.012945933267474174,2.9783404897898436e-05,0.0008942254935391247,0.05283763259649277,0.05029909685254097,4.440634176968187e-15,0.0017339246114715934,0.009664430283010006,1.2769062972714756e-15,0.0014060363173484802,0.004685970954596996,0.08185002952814102,0.04348098114132881,4.4081753003410995e-05,0.20092472434043884
window-ebdcaf51014f8eb6af28,46_2543_7478,cup,cake,0.5540347099304199,False,0.004673789720982313,1.0252075526295812e-06,2.0932000552420504e-05,1.3095582396260852e-08,2.576801307441201e-06,0.006206447724252939,0.5540347099304199,0.0002363543026149273,0.0024609079118818045,0.1065642237663269,8.628175419289619e-05,0.002875272650271654,1.579989657329861e-05,0.021435026079416275,0.00017507874872535467,0.0012438544072210789,1.8851150029424207e-17,0.07748407125473022,0.000494831008836627,6.513653548825826e-14,0.21687275171279907,0.0002291126875206828,0.0018159177852794528,0.00036514695966616273,1.3944669419174716e-08,0.0027058215346187353
window-682c2071b470703f84c8,46_2543_7478,cup,cake,0.4162914752960205,False,0.007880308665335178,8.391108394789626e-07,6.20706778136082e-05,5.465233243739931e-08,8.969605005404446e-06,0.0068519520573318005,0.4162914752960205,0.00027740313089452684,0.002659664023667574,0.16163276135921478,5.2244031394366175e-05,0.004495668690651655,4.883281872025691e-05,0.02980695478618145,0.0005679852911271155,0.001362438197247684,9.077319238245845e-17,0.17258884012699127,0.00037250484456308186,2.5071543690961817e-13,0.1811104714870453,0.00040046649519354105,0.0069196391850709915,0.0005819661309942603,5.050861773270299e-08,0.0060264295898377895
window-aa7d87ed4ab88eeb0621,46_2543_7478,cup,plant,0.40440645813941956,False,0.003094576532021165,7.855061880945868e-07,1.3490483070199843e-05,1.7698310372793458e-08,2.921267423516838e-07,0.0002625089546199888,0.2165280282497406,9.903995669446886e-05,0.0019936510361731052,0.10897070914506912,0.00011912913032574579,0.0032805376686155796,1.3512204532162286e-05,0.009522685781121254,0.000208808938623406,0.0013491795398294926,8.984641426107037e-18,0.40440645813941956,0.0001351492974208668,3.0777446970121566e-14,0.23745374381542206,6.460670556407422e-05,0.0014155767858028412,0.0030271662399172783,4.5049612928949045e-09,0.00804026611149311
window-191a4ca97781e0c950f9,46_2543_7478,cup,plant,0.5075867176055908,False,0.035954561084508896,2.196479726990219e-06,1.817624070099555e-05,7.957125944813015e-07,2.701641506064334e-06,0.10890822857618332,0.047381266951560974,1.6411926480941474e-05,0.001736301463097334,0.13095484673976898,0.0010641467524692416,0.00396930705755949,9.683512325864285e-05,0.04282989352941513,0.0017863403772935271,0.0016951331635937095,7.09006744742395e-17,0.5075867176055908,4.7451318096136674e-05,4.1306320614376696e-14,0.09019430726766586,5.82448992645368e-05,0.009207503870129585,0.005168494302779436,9.35519328670864e-10,0.011320099234580994
window-4347655143c93065ad53,589_88288_175265,cup,bench,0.766710638999939,False,9.85672613751376e-07,2.974790731968824e-06,0.0008553523221053183,0.766710638999939,0.0005891827750019729,1.2620306411243246e-14,0.002390963723883033,9.652353583078366e-09,1.0837174158950802e-05,0.0002720910415519029,8.827525841380301e-13,0.0027799615636467934,2.0701603137881358e-13,3.374377115505922e-07,0.024751432240009308,7.4249051067454275e-06,1.438042840362641e-08,3.994062717538327e-05,7.480656222469406e-06,2.378581706596883e-12,0.003942322451621294,4.542193288159524e-09,7.30594911146909e-05,2.8796923288609833e-05,0.19753624498844147,4.077684370717982e-11
window-71d5169dc65e250cd9b7,589_88288_175265,cup,microwave,0.9922882914543152,False,8.46483999339398e-07,6.965464649510977e-07,3.4234542454214534e-06,0.005306854844093323,0.00015423685545101762,6.954603201112953e-19,0.00023769003746565431,3.550464176133028e-12,1.5694380635977723e-05,1.4372124041983625e-06,2.2697629366297267e-12,0.00033136893762275577,4.786957722574536e-12,7.573978564323625e-06,0.9922882914543152,1.0227196156620266e-07,1.5531606001317755e-09,5.647358648275258e-06,0.00016456049343105406,8.527695216642428e-10,0.00014674750855192542,7.8672683230252e-06,7.596482021199336e-08,1.9788930671893468e-07,0.0013267270987853408,2.087779601978035e-12
window-13d85ad0f1d4ccccfc7b,589_88288_175265,cup,bench,0.8529497981071472,False,2.7472280450524522e-08,4.827228394788108e-09,2.511209231670364e-07,0.8529497981071472,0.028499050065875053,1.2461444577247874e-29,0.0015615877928212285,3.9620615273870674e-13,0.0007442067726515234,0.002610553754493594,5.887136481433353e-14,6.391612714651274e-07,3.3829092305204256e-11,0.0011435693595558405,0.08811867982149124,3.9718346670269966e-05,0.0004731072986032814,3.658746572909877e-05,0.022820981219410896,5.8565346989780664e-06,0.0003233064489904791,1.6314293249664047e-09,9.5649575087009e-06,3.9055962020029256e-08,0.0006624761736020446,7.644507249437993e-09
window-4fd077101ab0625cc133,589_88288_175265,cup,bench,0.5271338224411011,False,6.594823389605153e-07,3.919176833733218e-06,2.029554707405623e-05,0.5271338224411011,0.001818623743019998,5.573818004935974e-19,0.0016477495664730668,1.7144324848672454e-10,0.006924709305167198,0.20490697026252747,4.617672903850723e-17,0.004343747161328793,6.836702025798957e-16,4.684569830715191e-06,0.24780359864234924,1.3380761174630607e-06,3.6967930938658355e-09,2.369237336097285e-05,0.00025074899895116687,1.707334100486957e-11,0.00032594980439171195,1.396202459202911e-10,4.506475306698121e-05,2.086532958855969e-06,0.0047076973132789135,3.45801017829217e-05
window-64e0de49b22c8a22a19d,595_90563_180752,cup,kite,0.8762153387069702,False,1.2533709536910465e-07,0.012862542644143105,2.54883761954261e-05,6.93228230375098e-08,0.0001822817139327526,4.481149994310159e-22,0.0005604240577667952,0.0006637832848355174,3.1140252758632414e-06,4.368363988760393e-06,0.001244705286808312,0.00010034730803454295,1.4653668278796772e-09,0.8762153387069702,0.05717211216688156,0.0003567062085494399,3.2181015630072807e-09,0.023042097687721252,0.00016575159679632634,4.096312130696819e-19,0.00024301321536768228,1.2235114809300285e-05,0.019506439566612244,0.00015338801313191652,0.006819385103881359,0.0006662859232164919
window-814ed3120d4c6ce281b4,595_90563_180752,cup,baseballbat,0.8852561712265015,False,4.6383917151615606e-08,0.11467133462429047,0.8852561712265015,1.9447027318429113e-15,2.150776055032111e-07,2.9460738506997664e-28,4.561062898894575e-13,2.191242565174889e-08,6.319288559097913e-07,6.5158372031248746e-09,4.926682322548004e-06,3.239188117731828e-08,1.9475636381383055e-12,8.6204209992502e-08,1.8278361046952796e-09,6.517164820252219e-06,6.0037631773913764e-15,7.49559347923423e-09,5.49543765373528e-05,1.3745110261022438e-14,9.259234445835318e-08,4.3315909192820357e-10,4.509704012889415e-06,1.666492777108175e-10,2.954318176762172e-07,3.779494939237793e-09
window-2a8b238964d9162bf9dd,595_90563_180752,cup,teddybear,0.6803420782089233,False,0.00012295364285819232,0.0004695499374065548,1.1961776458235818e-08,2.3838693241629016e-09,1.3832745082709152e-07,1.822857121789719e-16,0.00013720068091060966,0.03471200540661812,2.688082076929277e-07,2.3822830996778066e-07,0.000744420278351754,1.6566622434766032e-05,1.7071442526207965e-14,0.24519260227680206,0.03759542480111122,0.00019158338545821607,3.398114851570905e-13,2.6263548988936236e-06,3.267561987740919e-05,3.4950675810256886e-16,0.6803420782089233,2.000347649300238e-06,3.123122587567195e-05,0.0004024455265607685,1.94984727386327e-06,2.007493094424717e-06
window-b345e6be4d08de51340f,598_92112_184082,cup,wineglass,0.2946617901325226,False,0.0012721942039206624,0.017137126997113228,0.0001028110200422816,0.05715235322713852,0.003471856703981757,1.0896093044721056e-05,0.009164255112409592,0.03844143822789192,0.03268541395664215,0.10921370983123779,7.566713611595333e-05,0.0012678769417107105,0.10580923408269882,0.012020887807011604,0.20244473218917847,0.019675476476550102,0.00016118570056278259,0.0011336186435073614,0.014749083667993546,0.0004961624508723617,0.013321983627974987,0.0019458557944744825,0.055341847240924835,0.0004254635132383555,0.007817057892680168,0.2946617901325226
window-294bd9ac3b066a8e4859,598_92112_184082,cup,wineglass,0.379146933555603,False,0.0002438218507450074,0.00024817182566039264,0.0016100963111966848,0.0011941895354539156,0.007853061892092228,3.93712631940879e-11,0.08070975542068481,0.010508271865546703,0.21755705773830414,0.029284201562404633,0.0012646663235500455,0.010382162407040596,0.09524189680814743,0.03279409185051918,0.013710333965718746,0.004744742996990681,0.014433484524488449,0.007589223328977823,0.011128826066851616,0.0005211010575294495,0.015826212242245674,0.004024169873446226,0.044275328516960144,0.0006534445565193892,0.015054715797305107,0.379146933555603
window-0e1d785313ffae703c13,598_92112_184082,cup,cake,0.34525397419929504,False,0.0038901218213140965,0.0003181336505804211,0.0019858188461512327,0.00483669200912118,0.047189947217702866,3.5566449091417596e-11,0.34525397419929504,0.018066737800836563,0.11548390239477158,0.01753842644393444,0.006278784479945898,0.006437181960791349,0.014742330648005009,0.020382989197969437,0.01668139360845089,0.027634676545858383,0.15303629636764526,0.013353786431252956,0.01261292863637209,0.0006221897783689201,0.005319260526448488,0.0005924208089709282,0.03003118373453617,0.004400254227221012,0.02998100407421589,0.10332956165075302
window-e818a6c632e6a8915d37,598_92112_184082,cup,microwave,0.25501319766044617,False,0.0014855173649266362,0.023547623306512833,3.8428581319749355e-05,0.01299121230840683,0.04686005786061287,0.0009081275202333927,0.057088542729616165,0.012772639282047749,0.012973942793905735,0.07958279550075531,0.0013219377724453807,0.0022838837467134,0.13949620723724365,0.02877451665699482,0.25501319766044617,0.009699546732008457,0.00018983121844939888,0.017732298001646996,0.19187882542610168,0.018906274810433388,0.005065229721367359,9.652231528889388e-05,0.03655239939689636,0.0004063979722559452,0.03869638592004776,0.00563768157735467
window-5a96ab6d465543704fe7,606_94988_191151,cup,wineglass,0.5147658586502075,False,0.0006117938319221139,0.0019114409806206822,0.007260555867105722,1.6227077139774337e-05,0.0013776852283626795,7.77081663041546e-15,0.013812168501317501,0.0002641782339196652,0.001253484282642603,0.008053148165345192,0.00063825718825683,9.260624938178807e-05,0.3070639371871948,0.002234128536656499,0.00020040050731040537,0.0025877682492136955,5.024646725360071e-06,0.12490598857402802,0.004672233015298843,1.3926803710262448e-08,0.00040449289372190833,2.5161480152746662e-05,0.001543905702419579,1.2054869330313522e-05,0.006287585012614727,0.5147658586502075
window-48e5b23dfedd246f01aa,606_94988_191151,cup,wineglass,0.3695754408836365,False,0.0009125083452090621,0.007384473457932472,0.00385848106816411,9.140812835539691e-06,0.013752531260251999,6.531026804437734e-13,0.049294184893369675,0.0006980758626013994,0.00026158851687796414,0.02431277371942997,0.26574310660362244,9.491168748354539e-05,0.03791265934705734,0.0007472034776583314,0.0006478358991444111,0.07532995939254761,4.8554734348726925e-06,0.06266915798187256,0.0319998674094677,1.332305998857919e-07,0.0023450031876564026,5.155942290002713e-06,0.012335319072008133,0.000457988353446126,0.03964763134717941,0.3695754408836365
window-deaa311f65b9d65947fb,606_94988_191151,cup,wineglass,0.4379507303237915,False,0.00026138738030567765,0.04789504036307335,0.00040733118657954037,6.229819700820372e-05,0.013472034595906734,1.456981033758943e-14,0.01208796352148056,0.0049007730558514595,6.666229455731809e-05,0.010858532972633839,0.018043851479887962,1.7977676179725677e-05,0.03379993140697479,0.00013834527635481209,0.0004998220829293132,0.14544695615768433,0.00025594988255761564,0.2200973927974701,0.013269226998090744,3.6464418826653855e-06,0.003042462980374694,4.0175200410885736e-05,0.02343476563692093,0.00011929998436244205,0.013827484101057053,0.4379507303237915
window-458159f75c694f11b35c,606_94988_191151,cup,wineglass,0.6098892092704773,False,0.0005473605124279857,0.004566887393593788,0.003684109076857567,3.782426574616693e-05,0.002052829135209322,7.214935165153827e-14,0.0028870278038084507,0.0010804220801219344,2.8173017199151218e-05,0.0071746231988072395,0.002455818234011531,6.456498522311449e-05,0.021596698090434074,0.0007762926979921758,0.0032163457944989204,0.12707151472568512,8.092376447166316e-06,0.16900120675563812,0.011167267337441444,5.236905131766889e-09,0.00013281106657814234,2.7872993086930364e-06,0.003429498290643096,0.00010553266474744305,0.0290230643004179,0.6098892092704773
window-c86290eb89273f8ad893,394_48845_96618,frisbee,sandwich,0.7543047666549683,False,5.4531852811123827e-08,0.15597306191921234,1.0925323294941336e-05,3.715951990557187e-10,2.5763043595361523e-05,4.030986401563076e-34,8.518470713170245e-05,0.003200668841600418,0.0036815975327044725,0.00015956268180161715,1.93016639968846e-05,1.0230410225631204e-05,2.3378166247312038e-07,3.564673534128815e-05,4.7379065115649155e-09,0.0004965011612512171,1.881251228041947e-05,0.0004572482721414417,0.7543047666549683,1.0302143686746756e-11,0.00021885745809413493,0.0007376598077826202,0.0002375985641265288,6.331448143548357e-10,0.08027385920286179,5.2492036047624424e-05
window-69b2f01e3e44bc0707c2,394_48845_96618,frisbee,chair,0.9880586266517639,False,4.296121236535555e-09,2.7705405614142364e-07,2.8076216040062718e-05,1.3359181816330334e-11,4.044243905809708e-05,1.0207293523402005e-32,1.0061447142106772e-07,5.469058983464947e-09,0.9880586266517639,2.3550492187496275e-06,1.6524934753903153e-09,1.5257742802532448e-07,1.6053976423791028e-06,7.045675260997086e-07,1.1471366079263134e-08,1.30135470044479e-06,5.1447884175104264e-08,0.0002941342245321721,0.0005385769763961434,4.3250410197703815e-11,7.93174581570355e-10,3.4427380342094693e-06,5.183629400562495e-05,7.46328305467614e-06,0.010964161716401577,6.646907422691584e-06
window-d22ceddbf42b1eb62e39,394_48845_96618,frisbee,umbrella,0.9931703805923462,False,6.233899507712692e-11,3.1288332138501573e-06,9.72356938291341e-05,5.730522935516735e-13,0.0003624069504439831,9.646503876210125e-38,2.406808086163892e-08,2.4958937956398586e-06,3.438516068854369e-05,3.9050726741152175e-07,1.0408115258542239e-08,1.7829584919581976e-07,0.0007031162967905402,5.269874918667483e-07,1.3325645475958936e-08,6.56002021059976e-06,3.9410995356092826e-08,1.293959667236777e-05,0.00015419388364534825,9.377559839762739e-11,2.387247954871441e-09,8.201816854125354e-06,0.005442783702164888,2.0103739473142923e-07,0.9931703805923462,7.71497809637367e-07
window-1a1f0b8fbb2da84055a6,394_48845_96618,frisbee,umbrella,0.3171004056930542,False,1.5324694686569273e-06,0.1230187639594078,0.0003680156951304525,6.558689008562268e-11,0.0005255818832665682,7.747758204034562e-33,0.00010854056017706171,0.28640881180763245,0.00021641231433022767,0.00012799941760022193,4.589335003402084e-05,8.862405229592696e-05,0.005229403264820576,0.03683602437376976,3.2501432656317775e-08,0.0008112610667012632,0.009964054450392723,1.8747054127743468e-05,0.0013231474440544844,9.815482115982377e-08,0.014714119024574757,0.0013693759683519602,0.20172221958637238,9.956127478005783e-09,0.3171004056930542,9.653244887886103e-07
window-4b5fc300f30ddb748287,416_57524_111894,frisbee,baseballbat,0.34518203139305115,False,0.2492595911026001,0.10651205480098724,0.34518203139305115,0.20235320925712585,1.8385473765647475e-07,9.131307621146334e-08,5.817345936520724e-06,0.039409391582012177,5.428941562968248e-07,0.012662243098020554,0.0030357236973941326,3.531339461915195e-05,9.840660823101643e-06,0.0058626458048820496,2.8097238669033686e-07,4.9933216359931976e-05,8.522698772139847e-05,0.0001083791212295182,0.0005472920602187514,1.848007435967247e-08,0.006319480482488871,1.1308904390716634e-07,0.0005517820827662945,3.0424693250097334e-05,0.0023548854514956474,0.02562357671558857
window-1cf67e5e5c62e1793530,416_57524_111894,frisbee,apple,0.3883890211582184,False,0.3883890211582184,0.0858452320098877,0.31085526943206787,0.12316861748695374,2.1835546704096487e-07,1.4542615645041224e-07,9.381282325193752e-06,0.044427916407585144,6.608174203392991e-07,0.014161637984216213,0.0013126592384651303,4.3010957597289234e-05,6.081604624341708e-06,0.007234410382807255,2.38455527323822e-07,4.41894844698254e-05,3.4455719287507236e-05,0.00010268073674524203,0.00025299962726421654,8.770142834180206e-09,0.00470672408118844,2.0362092811865296e-07,0.0007606684230268002,2.291186865477357e-05,0.0020297998562455177,0.016590803861618042
window-95f6ff1a5df2ddaff134,416_57524_111894,frisbee,baseballbat,0.3314167261123657,False,0.328043133020401,0.09121833741664886,0.3314167261123657,0.16122213006019592,1.7932805462805845e-07,1.1952283784921747e-07,6.251608283491805e-06,0.03908136487007141,4.5407506377159734e-07,0.009788562543690205,0.003529817331582308,6.574371946044266e-05,6.621724878641544e-06,0.006720715668052435,1.708992840576684e-07,4.288482523406856e-05,2.802738526952453e-05,7.940694922581315e-05,0.00037344591692090034,1.1486230633295236e-08,0.005067081190645695,9.191740701908202e-08,0.0005905026337131858,2.699619835766498e-05,0.0019026696681976318,0.02078862302005291
window-2171a442e2a179597ca0,416_57524_111894,frisbee,apple,0.3642868101596832,False,0.3642868101596832,0.04971940815448761,0.3345961570739746,0.16700907051563263,1.212307552123093e-07,4.5314017427244835e-08,5.376823082769988e-06,0.027549704536795616,3.1015454737826076e-07,0.01194758526980877,0.0021447332110255957,2.3038204744807445e-05,4.8401448111690115e-06,0.00589514896273613,1.5116619067612191e-07,3.169384945067577e-05,2.6997446184395812e-05,5.9739344578702e-05,0.00017538698739372194,4.332436187581834e-09,0.0032652399968355894,2.8978412558444688e-08,0.0007934196619316936,2.5321251087007113e-05,0.0018383096903562546,0.03060130402445793
window-59b89b3988576c19a10d,422_58685_113855,frisbee,stopsign,0.8891094326972961,False,1.8233107468290655e-08,0.00027765132836066186,5.212008090893505e-06,7.30118845240213e-05,0.0036608583759516478,5.586999541587313e-17,0.002323858207091689,0.0001141345055657439,0.0002491020713932812,6.297731033555465e-06,0.00403807545080781,1.1321950488252241e-08,0.000223275987082161,1.2979572261428984e-07,0.0012391764903441072,8.847721488791649e-08,0.04165206477046013,2.3260307457917406e-08,1.661318833612313e-06,0.8891094326972961,2.036300975305494e-05,0.0016266672173514962,9.460963337915018e-05,4.224754945880704e-08,0.04834259673953056,0.006941621191799641
window-dba281ee2e444c2ab8fa,422_58685_113855,frisbee,stopsign,0.6822227239608765,False,2.0083069784959662e-07,0.002165270270779729,0.13409000635147095,1.3519329513655975e-05,0.03503574803471565,6.5209675168597116e-18,4.63608157588169e-05,2.9354387152125128e-06,0.008628948591649532,0.003480941988527775,0.1021314486861229,2.3811621563396557e-09,0.0019187870202586055,4.236333595031283e-08,1.3863531194147072e-06,3.7354574544679053e-08,0.002111586043611169,2.710341959755169e-07,3.676200037716626e-07,0.6822227239608765,1.8419887055642903e-06,0.0002750463900156319,0.00016452663112431765,4.781292318511987e-06,0.01784355565905571,0.009859729558229446
window-4c6c5d823609976a6800,422_58685_113855,frisbee,book,0.9880311489105225,False,1.7033514598807642e-09,1.1854534932354e-05,2.3572341888211668e-05,6.739999491855997e-08,0.9880311489105225,2.9479291051423204e-14,2.6267873181495816e-05,1.4073225429456215e-06,0.0016517018666490912,7.002468191785738e-05,1.9593420802266337e-05,3.140794291311977e-08,4.295422513678204e-06,3.1221784979607037e-07,9.584108920535073e-05,8.228900583162613e-08,1.0245237263006857e-06,2.18946951235921e-07,1.9650988392072577e-08,0.0011339520569890738,1.3701368928309421e-08,3.883100418988761e-08,7.578812801511958e-05,6.6594654235530015e-09,0.008682298474013805,0.00017038984515238553
window-d2e8673808626ee0d782,422_58685_113855,frisbee,stopsign,0.9168357849121094,False,1.0069272082802172e-09,0.0004806707729585469,0.00021991122048348188,4.7397516027558595e-06,0.0334383025765419,3.1905660812780896e-21,0.00011855528282467276,3.51264162645748e-07,0.000959126278758049,8.052907105593476e-06,0.016185704618692398,2.2330740034881558e-10,0.0006637856713496149,4.3306842556489755e-09,9.788710303837433e-05,4.419273558209369e-10,0.007030243519693613,2.2637269125880266e-07,2.0671377498615584e-08,0.9168357849121094,2.2354041107064404e-07,2.8202564863022417e-05,9.971632971428335e-05,2.5641747924964875e-07,0.0002550535718910396,0.023573150858283043
window-4c05ae2627cfe9455c8f,426_59777_116430,frisbee,chair,0.9996397495269775,False,7.86033353961102e-07,4.687477517251182e-09,9.362892683384416e-10,1.1695386326060486e-10,1.094697836379055e-05,1.8880910223024438e-35,3.0793431506026536e-05,7.9479804071525e-08,0.9996397495269775,2.8235344617932867e-10,9.140287147602066e-05,3.127847492123692e-07,1.3168747159397753e-07,4.062138486915501e-06,6.99160087463957e-12,1.3226083410700085e-06,9.134921985509692e-12,8.974253432825208e-06,3.1002909963717684e-05,6.192931205638676e-22,6.440692459364072e-07,7.770498910986134e-09,2.389047892847884e-07,0.000154203298734501,3.039441268115617e-11,2.5265351723646745e-05
window-d22360f88c5652557df7,426_59777_116430,frisbee,chair,0.9995231628417969,False,5.433298966295297e-08,1.4218650221664575e-06,2.4805021925367043e-10,2.5427656508147933e-11,1.8872576674766606e-06,1.0218499784258995e-36,5.488879651238676e-06,1.0726290688989337e-10,0.9995231628417969,4.455909863310126e-09,2.53684902418172e-05,1.2093126144918642e-07,6.249594483413723e-13,4.933507966597972e-07,2.5773532071581007e-13,6.890854274388403e-05,9.70878585859758e-11,1.3764230644142117e-08,2.4307480998686515e-05,3.7364813392958794e-25,9.489392382988626e-09,1.7734908593775023e-12,3.210041541024111e-05,0.00031652406323701143,5.459691943335288e-13,2.0967469538391015e-07
window-3765a01046420b417e88,426_59777_116430,frisbee,frisbee,0.8305591344833374,True,3.4428587241563946e-05,5.742480425396934e-05,7.865065543288807e-11,8.506501103511255e-07,0.0003286414430476725,1.0801681013595534e-35,0.003970741294324398,3.6233757327863714e-06,0.001961876405403018,7.160761015256867e-05,0.8305591344833374,3.8677879388160363e-07,7.524682587245479e-06,0.0012143220519647002,2.7137671450294665e-12,0.004124120343476534,1.2689738468907308e-05,3.5006493703804153e-07,0.0005026528961025178,1.1475141583477955e-14,3.139033287880011e-05,0.06934411078691483,0.08771900832653046,5.4539770644623786e-05,4.089553973241067e-10,6.179110414450406e-07
window-0b37c96312d5822fa8c7,426_59777_116430,frisbee,chair,0.9982777833938599,False,9.686943513997903e-08,5.5541985233276137e-08,1.270003568976108e-08,4.593874239344764e-11,6.959371239645407e-05,2.5796882448480033e-34,3.878778079524636e-05,1.1923715703687776e-07,0.9982777833938599,4.650849927401168e-09,0.0010374041739851236,1.3037326880294131e-06,3.585916275028467e-08,0.00015222933143377304,1.3053796932283035e-10,1.113033704314148e-06,1.843529912060049e-10,3.743739398487378e-06,5.2226132538635284e-05,5.874195932743088e-23,2.3499292467477062e-07,4.138441672685289e-11,1.252367724191572e-06,0.0003589596599340439,3.5593338172656974e-12,5.064197011961369e-06
window-b16b2685af1130ae398a,68_5333_12478,frisbee,frisbee,0.4292808175086975,True,0.05419648438692093,6.80686644045636e-05,1.2249993233126588e-05,6.724244485667441e-06,2.6900373484295415e-08,0.2095051258802414,5.268915629130788e-05,6.923306045791833e-06,0.0006572438287548721,0.0006852998631075025,0.4292808175086975,0.00010070772259496152,1.9110922949039377e-05,1.1711978004314005e-05,5.9238544054096565e-05,0.0025922334752976894,6.702499100675133e-20,0.2260347604751587,5.742997473134892e-07,9.776149874743715e-18,0.0025295729283243418,1.0779093599921907e-06,0.0016452757408842444,0.05613585561513901,1.2927524328798512e-10,0.016398265957832336
window-9b5b680a15305f147327,68_5333_12478,frisbee,frisbee,0.6543604135513306,True,0.010492255911231041,1.427868028258672e-05,2.8269832910154946e-06,5.33541310687724e-07,6.108182759589909e-08,0.023487892001867294,7.873222057241946e-05,1.4552452967109275e-06,0.0009182140347547829,0.001091305515728891,0.6543604135513306,9.002081787912175e-05,5.022459299652837e-05,2.11442220461322e-05,2.412563844700344e-05,0.0017220026347786188,8.657386545302097e-19,0.28655222058296204,8.967292615125189e-07,5.420698188155977e-17,0.00446597533300519,9.072978741642146e-07,0.0010094186291098595,0.01135659497231245,1.7606954783033757e-10,0.004258507397025824
window-e66fb0615e9b3c021719,68_5333_12478,frisbee,frisbee,0.7906492352485657,True,0.004365367814898491,2.0826608306379057e-05,3.921702955267392e-06,5.838120387124945e-07,4.81241855254666e-08,0.021424856036901474,0.00013291386130731553,2.891122676373925e-06,0.0008363149245269597,0.0010915688471868634,0.7906492352485657,0.00014825690595898777,2.6313995476812124e-05,1.886024074337911e-05,9.694947948446497e-06,0.0013235131045803428,2.4751901245304415e-19,0.1591886281967163,9.223291499438346e-07,8.18086671616681e-18,0.005974599625915289,1.2874825188191608e-06,0.0002341430081287399,0.006780579220503569,1.4454144825482018e-10,0.007764688227325678
window-6fc29fcb353757443d80,68_5333_12478,frisbee,frisbee,0.8417068719863892,True,0.004381808452308178,2.9628910851897672e-05,8.23853406473063e-06,1.1353622539900243e-06,4.567265676769239e-08,0.008012443780899048,5.42217749170959e-05,9.8317641459289e-06,0.0007266980828717351,0.0011109814513474703,0.8417068719863892,2.5241257390007377e-05,5.299089025356807e-05,2.161059273930732e-05,3.96930736314971e-05,0.001058617839589715,6.3233240315248e-20,0.07447624951601028,1.705141471575189e-06,2.302914045534635e-18,0.003429852891713381,5.609997515421128e-07,0.0012976030120626092,0.037029117345809937,2.2779610142631412e-10,0.02652490697801113
window-962ad405594b951fe83a,68_5364_12501,frisbee,frisbee,0.7955909967422485,True,0.08870571851730347,0.07403910160064697,0.0004904345260001719,4.747413186123595e-06,0.00040495037683285773,0.0011370215797796845,0.00030350504675880075,0.0003124334034509957,2.8347600164124742e-05,0.0001573905028635636,0.7955909967422485,0.011306947097182274,1.3223857422417495e-05,3.2856564757821616e-06,0.00010641837434377521,0.01363624632358551,5.059779937255371e-07,0.0002020500396611169,0.0071044848300516605,1.408616553613554e-14,0.001992973266169429,5.418619821284665e-06,0.00014473035116679966,0.0018743627006188035,0.0021994239650666714,0.00023525529832113534
window-e61caed2362677a546b4,68_5364_12501,frisbee,frisbee,0.8092794418334961,True,0.00042564014438539743,0.11604961007833481,0.00026522245025262237,6.379385467880638e-06,5.8395999076310545e-06,0.0005742356297560036,8.461030120088253e-06,9.987720659410115e-07,5.751226126449183e-06,0.0001658861874602735,0.8092794418334961,0.023250224068760872,8.156390686053783e-05,7.303120952428799e-08,3.2279288575409737e-07,0.01023878064006567,1.6498530612807372e-06,0.015583121217787266,0.0008061492699198425,1.5725957862311457e-12,0.022759968414902687,6.058984922674426e-07,1.7705599020700902e-05,0.00021178394672460854,0.0002525229938328266,8.05607396614505e-06
window-e884a16e2b2981ed76d2,68_5364_12501,frisbee,frisbee,0.9045969843864441,True,0.00018684696988202631,0.05228690803050995,0.00027107735513709486,6.408187118722708e-07,1.3064269296592101e-05,0.002225799486041069,3.2614391329843784e-06,1.6046883501985576e-06,1.63855850132677e-06,3.322377961012535e-05,0.9045969843864441,0.023470861837267876,2.4968252546386793e-05,3.604242593269191e-08,3.7867825994908344e-06,0.004614521749317646,1.7818879314290825e-06,0.007385299075394869,0.0009704815456643701,6.381780683333699e-14,0.0032693257089704275,1.061918979416987e-07,1.0747185115178581e-05,0.00021068241039756685,0.00041216897079721093,4.08554069508682e-06
window-c519d5f5ed2c40645803,68_5364_12501,frisbee,frisbee,0.8027902245521545,True,0.10911741852760315,0.013742079958319664,0.0019461532356217504,9.694881737232208e-05,1.4214182556315791e-05,0.02882901206612587,0.0007677430985495448,6.72781970934011e-05,1.6399219475715654e-06,0.0012088660150766373,0.8027902245521545,0.020188335329294205,1.7499356545158662e-05,3.6423926985662547e-07,6.696297077724012e-06,0.0061325072310864925,8.270450990721656e-09,0.00330254971049726,0.001076424028724432,2.5141518641275118e-12,0.00784181896597147,0.001507985289208591,0.00016025536751840264,0.0007686768658459187,0.00029114240896888077,0.0001241326390299946
window-337a8796ee3fe5953476,68_5366_12503,frisbee,frisbee,0.7915810346603394,True,0.02355671115219593,0.15443596243858337,0.00019793234241660684,1.3053271686658263e-05,6.276922067627311e-05,0.00013194041093811393,0.00013644994760397822,3.119296525255777e-05,3.730928074219264e-05,0.0006240223883651197,0.7915810346603394,0.005534699186682701,7.207666931208223e-05,1.5863015505601652e-06,4.0091728692459583e-07,0.010336793027818203,8.725249500685095e-08,0.0006043187458999455,0.0011896785581484437,3.0843930924964735e-13,0.010813754983246326,2.4241878691100283e-06,5.5498076108051464e-05,0.0002392157621216029,0.0002699496690183878,7.112025923561305e-05
window-7e057c62317e54b4a997,68_5366_12503,frisbee,frisbee,0.8321117758750916,True,0.011656918562948704,0.1264643371105194,0.00026641745353117585,1.8194125004811212e-05,2.5424387786188163e-05,0.00010599173401715234,6.544075586134568e-05,1.471742507419549e-05,1.5382320270873606e-05,0.0004532976890914142,0.8321117758750916,0.0062974500469863415,7.649719918845221e-05,1.092717184292269e-06,1.800269586738068e-07,0.00766366720199585,5.241362543983996e-08,0.0012998466845601797,0.0006847274489700794,7.24853608125714e-13,0.012345398776233196,1.4187359056450077e-06,4.2461211705813184e-05,0.0001467770925955847,0.0001929966820171103,4.940015060128644e-05
window-59689ce27e2108719568,68_5366_12503,frisbee,frisbee,0.7914267778396606,True,0.15745048224925995,0.020125800743699074,0.000589241273701191,7.55373330321163e-05,3.864734753733501e-05,0.005303880199790001,0.0004636626981664449,0.00010340120206819847,4.095998065167805e-06,0.0007899001357145607,0.7914267778396606,0.010289156809449196,2.473878521414008e-05,1.8532177818997297e-06,3.977761934947921e-06,0.004167628940194845,2.2797401300067577e-08,0.0004865255323238671,0.0008043112466111779,1.1162179036974806e-12,0.005998725071549416,0.0004303587193135172,0.0001593942433828488,0.00044105458073318005,0.0004248867917340249,0.0003959536552429199
window-2c4a6f077d5d98be1db8,68_5369_12506,frisbee,apple,0.667600691318512,False,0.667600691318512,0.008804121986031532,0.0009040452423505485,4.5154887629905716e-05,0.0007531243027187884,0.0006582139176316559,0.002118501579388976,0.0010821465402841568,1.821748446673155e-05,0.00033148800139315426,0.29364627599716187,0.007676378823816776,1.521252761449432e-05,8.157905540429056e-06,3.229869980714284e-05,0.006977411452680826,7.968915305411883e-09,3.07929003611207e-05,0.0037713050842285156,5.846136698654456e-14,0.0027836502995342016,0.00040758366230875254,0.0002592019736766815,0.00034438722650520504,0.0008685917709954083,0.0008629878866486251
window-f31b729ae60c799bbd99,68_5369_12506,frisbee,frisbee,0.7628928422927856,True,0.08325590938329697,0.09541570395231247,0.0006301931571215391,5.4203628678806126e-05,7.07525250618346e-05,0.0006214992608875036,0.00035516044590622187,5.175634942133911e-05,2.9932232791907154e-05,0.0015671325381845236,0.7628928422927856,0.01266808807849884,0.0001550724555272609,3.9212927731568925e-06,6.312292271104525e-07,0.013427335768938065,7.421114389671857e-08,0.0014340223278850317,0.0020552866626530886,1.246671928016585e-12,0.024610891938209534,1.3263082109915558e-05,9.341204713564366e-05,0.00022224885469768196,0.00017417449271306396,0.00019659310055430979
window-11137407a3428af633bb,68_5369_12506,frisbee,frisbee,0.8958987593650818,True,0.03350294381380081,0.040146082639694214,0.0005451040924526751,1.2514428817667067e-05,0.00022963523224461824,0.00032021282822825015,0.00026297569274902344,5.6674372899578884e-05,1.4315375665319152e-05,0.0004510090802796185,0.8958987593650818,0.012100083753466606,0.00016000833420548588,8.360598258150276e-07,1.2564851203933358e-06,0.003970055375248194,6.964464915881763e-08,0.0009340879623778164,0.0007759248255752027,1.1452679624969486e-13,0.009701489470899105,2.786204277072102e-06,0.00010114481847267598,0.00040516775334253907,0.0003286378341726959,7.829787500668317e-05
window-e7b19b92c5209a35812e,68_5369_12506,frisbee,apple,0.8289248943328857,False,0.8289248943328857,0.003006427315995097,0.0021737131755799055,0.0009769110474735498,3.085607386310585e-05,0.012398586608469486,0.006102120038121939,0.0002488595200702548,9.442759960620606e-07,0.0029886846896260977,0.06959618628025055,0.009243608452379704,2.277641760883853e-05,3.200427045157994e-06,1.9170158338965848e-05,0.006214989349246025,1.8741621587992086e-09,0.00034173019230365753,0.0005402179667726159,4.091667109296093e-12,0.007060484495013952,0.04646513611078262,0.0006006933399476111,0.0009183831280097365,0.00025322436704300344,0.001868168474175036
window-de4515413702fc77ddd4,396_49550_97694,handbag,kite,0.9995586276054382,False,4.3845929553754104e-08,3.829784489539634e-08,8.957128658573787e-13,3.228008138567162e-10,3.6277522212913027e-06,3.5165108520753414e-39,4.941155928861463e-09,3.847012985946918e-11,5.967978466969726e-08,8.894471648090985e-07,3.5515352880821638e-09,3.3402809407334644e-09,7.941810729016063e-14,0.9995586276054382,4.270449608156923e-06,6.5066953538917e-05,0.0001836303563322872,1.2294752889385752e-12,1.3897995643219474e-08,2.8410899934744327e-13,0.00014466218999587,5.419753187907439e-13,3.897583155776374e-05,1.071157160366376e-12,7.010115865568878e-08,3.4188266107015863e-10
window-872a7963339879b97dfe,396_49550_97694,handbag,kite,0.595579981803894,False,0.11160816252231598,2.268153593831812e-06,8.736004929232877e-06,4.177280789008364e-05,2.6866786129176035e-07,4.774393279333795e-36,2.152869171823113e-07,0.00014264877245295793,0.0033456801902502775,0.000536077655851841,1.0222003105075927e-10,2.0360613461889443e-07,2.3674222582314997e-09,0.595579981803894,0.11383727937936783,0.00018123196787200868,0.019215146079659462,7.036283204797655e-05,0.007010048255324364,3.781150041959336e-07,3.995099905296229e-05,8.781881743070291e-15,0.14685118198394775,0.0002147340273950249,0.00011016800272045657,0.0012034997344017029
window-a4adbdb7c1750cbe28a7,396_49550_97694,handbag,teddybear,0.44490286707878113,False,0.22209054231643677,0.001721986336633563,1.942713606695179e-05,1.7163845313916681e-06,1.0281154573021922e-05,7.160807367271383e-31,3.916399293757422e-07,0.12483042478561401,0.0003499957383610308,0.00020874300389550626,8.033531173623487e-09,4.072446806863139e-12,1.744811628512366e-09,0.20262934267520905,0.0011484556598588824,7.903549481547145e-10,1.021535467771173e-06,4.078255788630969e-11,1.011081985780038e-05,1.0857079679738035e-08,0.44490286707878113,2.1799795584150072e-14,0.0010120756924152374,5.715749284718186e-05,0.0010052172001451254,1.5853379409236368e-07
window-fd9926db608fb3bff380,396_49550_97694,handbag,toyplane,0.864569365978241,False,0.004077720921486616,5.642890300805448e-06,2.366140324738808e-05,2.400463927187957e-06,7.108619115570036e-07,3.383947176571135e-38,1.0868472344327529e-07,4.4787950173486024e-05,0.00562448101118207,4.384319822747784e-07,6.167405786072777e-07,2.2299709301343285e-10,3.156148606353604e-11,0.009384901262819767,0.022058114409446716,5.290966100801597e-07,3.5272160192612034e-11,1.804747640221649e-08,9.53554959437497e-08,1.687114614679075e-10,0.08638539165258408,3.0938722720905143e-13,0.864569365978241,1.1556946446944494e-05,0.00011955235822824761,0.007689903024584055
window-7b24cbce415bcf9d1aaf,396_49773_98019,handbag,plant,0.7266077399253845,False,0.003495067125186324,1.2970641364518087e-05,1.8687585452425992e-06,1.7037460509072844e-07,2.981102587007456e-10,1.8179383687311201e-07,5.2938768931198865e-05,1.3078344807126996e-07,8.231724677898455e-06,2.2034177163732238e-05,0.0030327755957841873,0.0006587541429325938,6.654994990640262e-07,1.983054147558505e-07,7.948759048304055e-06,0.030173609033226967,2.6957193709692226e-18,0.7266077399253845,4.53376358677815e-08,1.5001290378102818e-20,3.794716758420691e-05,2.3267634929879932e-08,6.712611502734944e-05,0.2357577383518219,1.633743279549904e-10,6.18626581854187e-05
window-fd4c62743fbf1e84be0e,396_49773_98019,handbag,plant,0.9121559858322144,False,0.012812882661819458,1.220537683366274e-06,1.8376757680016453e-06,7.16508452569542e-07,7.733219398176061e-09,4.617787112692895e-07,0.0009276962373405695,3.585384149573656e-07,1.51230515257339e-05,0.00029962597182020545,0.0008572920924052596,0.006253174040466547,1.3790056527795969e-06,0.0009524259367026389,0.0004894329467788339,0.0020139471162110567,4.969037059622833e-17,0.9121559858322144,7.718954861957172e-07,6.09016622901393e-17,0.001205210224725306,7.739711804788385e-07,9.557050361763686e-05,0.06175323575735092,3.075462107204885e-10,0.0001608297461643815
window-d15d8d245c2895ad3cdc,396_49773_98019,handbag,plant,0.8281298875808716,False,0.0016078827902674675,7.724946158305102e-07,4.6241862037277315e-06,2.760244228738884e-07,1.3882561766820345e-08,2.0309350645675295e-07,0.0004345786292105913,4.941424549542717e-07,1.1298091521894094e-05,0.00044434075243771076,0.0006119097233749926,0.0028836247511208057,2.2766587335354416e-06,0.00071817816933617,0.0012818530667573214,0.003979622386395931,2.1635128951367378e-17,0.8281298875808716,2.086998847516952e-06,6.37361058468931e-17,0.0011299902107566595,4.643697138817515e-06,0.00018180228653363883,0.1582348644733429,7.191083839508394e-10,0.0003348096797708422
window-90e6ca35d5cd7e19525e,396_49773_98019,handbag,plant,0.6182366013526917,False,0.006915784440934658,2.9956167963973712e-06,1.6928149193518038e-07,3.0452395094471285e-07,1.8285389868921698e-09,2.2944183797335427e-07,0.0035393384750932455,1.7052718703780556e-07,0.00010305676551070064,0.0006839118432253599,0.00384577177464962,0.0012373300269246101,2.986213871736254e-07,1.599022652953863e-05,0.000265520007815212,0.0628645047545433,9.901566999219005e-18,0.6182366013526917,5.6245862651849166e-06,7.573745097874326e-18,0.0014405004912987351,1.5029072528705e-06,0.00012668536510318518,0.30065417289733887,4.396806918549601e-09,5.9578389482339844e-05
window-75cf6ddb4d2ffe8866a5,398_50613_99289,handbag,baseballbat,0.618881106376648,False,3.154446631015162e-06,1.1675323548843153e-05,0.618881106376648,0.030224712565541267,0.00512600177899003,3.614750642907949e-13,0.04285965859889984,0.002038440201431513,0.0002077873796224594,0.00012463242455851287,0.0007123213144950569,0.11792328208684921,4.196785812382586e-05,6.572422716999426e-05,0.023716852068901062,0.011199736036360264,1.9966846593888476e-06,0.001468042260967195,0.003701292211189866,0.0007800439489074051,0.0004751122905872762,0.0029620390851050615,0.12965676188468933,0.00026526019792072475,0.00015117083967197686,0.007401281967759132
window-3ced881a9eebb50f3e8b,398_50613_99289,handbag,cake,0.7045531868934631,False,3.548055701685371e-06,0.0007495603058487177,0.016874590888619423,0.02378549799323082,0.009220118634402752,3.3671223940750895e-17,0.7045531868934631,0.036223992705345154,0.0028568219859153032,8.622947461844888e-06,0.0006980146863497794,0.02648215740919113,0.08914697170257568,0.0034170038998126984,0.013976489193737507,0.001938742003403604,3.566520945241791e-08,5.209371352066228e-07,0.003069576807320118,0.004694976378232241,0.0024685862008482218,0.0008977596880868077,8.632430399302393e-05,2.9340633773244917e-05,0.05855637416243553,0.0002611849922686815
window-255c3bb4936de0e51554,398_50613_99289,handbag,hydrant,0.5595376491546631,False,0.00043024378828704357,0.05335307493805885,0.364159494638443,0.013911590911448002,1.0119859439328138e-07,3.56602230274346e-25,5.485346150635451e-07,0.0027865590527653694,0.0013300320133566856,3.475371340755373e-05,1.264495019109857e-11,1.857934330473654e-05,0.5595376491546631,2.4338245566468686e-05,6.533476698677987e-05,5.285564270707255e-07,1.966589707080857e-06,4.126475687371567e-05,2.330961933694198e-06,0.0009135912405326962,1.5927180641028826e-07,3.242564853775387e-12,1.3172585795473424e-06,0.0015106089413166046,0.0010120888473466039,0.0008637668797746301
window-91cac7cd250ef374bdcd,398_50613_99289,handbag,cake,0.7544510364532471,False,7.129784080461832e-06,8.5219462562236e-06,0.03713854029774666,0.05260200798511505,0.0013937319163233042,7.468402998356098e-15,0.7544510364532471,0.0013508268166333437,7.05102911524591e-06,2.0810595742659643e-05,5.153369056642987e-05,0.14345529675483704,1.0666720982044353e-06,1.6220930774579756e-05,0.00010334431135561317,2.0039900846313685e-05,4.3047910480709106e-07,9.90407443168806e-07,0.0002436879585729912,0.003925329074263573,0.003385484917089343,2.5797004127525724e-05,1.7145483070635237e-05,0.0002651629620231688,0.0005649695522151887,0.0009439068380743265
window-e62b236acc41ed629e93,399_50881_99810,handbag,toilet,0.4801383316516876,False,2.1125248167663813e-05,0.0008594624232500792,0.0012454652460291982,0.26377880573272705,0.0014010830782353878,7.1042954914446454e-06,0.0081867640838027,3.4227177820866928e-06,0.0815340206027031,0.018985971808433533,0.005352729931473732,0.002443755976855755,4.161738252150826e-05,0.0002273658465128392,0.033492688089609146,0.00984041765332222,7.432978236465715e-06,0.0048904563300311565,0.02158307656645775,6.481080672138262e-10,0.020860156044363976,0.4801383316516876,0.0018984749913215637,0.01622016169130802,0.026583675295114517,0.000396475603338331
window-8552ed9c612696cf66c3,399_50881_99810,handbag,bench,0.5732666254043579,False,0.0011632813839241862,0.024255117401480675,0.001440748805180192,0.5732666254043579,1.5756706943648169e-06,3.512410021498325e-21,0.00010509209823794663,8.877134860085789e-06,2.860077074728906e-06,0.06767435371875763,2.5990108502849107e-12,6.855826995888492e-06,1.3109878460593194e-10,1.1480145985842682e-05,0.0009619498741813004,4.752501263283193e-05,2.308949206053512e-06,0.00037922398769296706,0.0001676099927863106,1.842973609009549e-13,0.0028891568072140217,9.665112088441674e-08,0.00814613327383995,5.7560246204957366e-05,0.10533921420574188,0.2140723317861557
window-bc7bbdb9877af12f07a5,399_50881_99810,handbag,cake,0.48375943303108215,False,2.07817697628343e-06,0.06435777992010117,4.439722943061497e-06,2.349214810237754e-06,0.004138176795095205,0.00014194687537383288,0.48375943303108215,0.059387605637311935,0.09111132472753525,0.006141521967947483,0.11328054964542389,3.391154024257048e-08,9.985824362956919e-06,2.322998443560209e-05,2.753382796072401e-05,3.0233575216698227e-06,3.2975446373484374e-08,0.00906289927661419,0.004302287939935923,1.6947193870464616e-08,0.00011896309297299013,5.5443951652023316e-08,0.09045019745826721,0.01209968701004982,0.000524907314684242,0.06105004623532295
window-dd92902345f6e3aee0ba,399_50881_99810,handbag,chair,0.9054832458496094,False,3.423702921168115e-08,7.112377602425113e-07,1.1965378234890522e-06,0.00017636711709201336,7.2569782787468284e-06,1.8421188769934815e-06,1.7863336552181863e-06,2.779746210990197e-09,0.9054832458496094,0.002444399055093527,3.0061900702094135e-07,7.706165342824534e-05,3.0846095455672184e-08,7.345118291368635e-08,0.0007329033687710762,0.004843003582209349,4.743792025863058e-09,0.00042555356048978865,0.00014380901120603085,2.5773708254434036e-12,9.752915502758697e-06,0.08494362235069275,0.0001353699917672202,4.78030369777116e-06,0.0005664043128490448,4.94118637561769e-07
window-a907cc823e4ddcde9142,401_51889_101876,handbag,plant,0.5406252145767212,False,0.019846484065055847,3.944101081287954e-06,0.0007087753619998693,0.0003851303772535175,0.005180499982088804,0.000652217015158385,0.07511734962463379,8.270818216260523e-05,0.015466402284801006,0.009906042367219925,0.0003208047419320792,0.12584958970546722,3.972310423705494e-06,0.0018441154388710856,0.11217297613620758,0.05465865135192871,3.270803905497388e-10,0.5406252145767212,0.009815829806029797,3.8330688312271377e-07,0.0063337418250739574,0.00029263432952575386,0.004935115575790405,0.004396123345941305,0.0010870391270145774,0.010314268991351128
window-eaedc692ed00cd90f285,401_51889_101876,handbag,mouse,0.5431669354438782,False,0.012661578133702278,5.636555670207599e-06,0.00037547791725955904,1.6830623508212739e-06,0.0024671058636158705,2.5861923859338276e-05,0.012085548602044582,0.00016547944687772542,0.0032576730009168386,0.0019273353973403573,0.0003737584047485143,0.1546214371919632,1.5984966683646462e-09,9.194744961860124e-06,0.018295900896191597,0.5431669354438782,1.1906379744977547e-12,0.24640358984470367,0.00036879716208204627,6.117472395317236e-08,0.000919692509341985,4.168065288467915e-07,0.0010575656779110432,0.0010549445869401097,7.90600897744298e-05,0.0006752347107976675
window-9d4f30a88344df5a9ec4,401_51889_101876,handbag,handbag,0.60152667760849,True,0.008411246351897717,1.7839845895650797e-05,0.00026648235507309437,4.345162960817106e-05,0.00025479751639068127,9.994665560952853e-06,0.037563126534223557,0.0005896926741115749,0.0008990401402115822,0.002293580211699009,0.00025652299518696964,0.60152667760849,5.477541549225862e-07,2.0001622033305466e-05,0.00502172252163291,0.1513606756925583,9.80242970127776e-11,0.18599139153957367,0.00020238891011103988,9.841819519351702e-07,0.0009160091285593808,5.035859658164554e-07,0.00047862366773188114,0.0006650198483839631,1.7223395843757316e-05,0.003192411968484521
window-342c5e111be9e9d57fd0,401_51889_101876,handbag,cake,0.6172313690185547,False,0.0035560426767915487,4.2309162381570786e-05,0.016513092443346977,0.001780539401806891,0.008609131909906864,1.042983330989955e-05,0.6172313690185547,0.0006898951251059771,0.003795908996835351,0.0005734874866902828,0.0016329878708347678,0.10423115640878677,8.110698399832472e-05,9.879468962026294e-06,0.013199624605476856,0.07963979989290237,3.8706615690387025e-09,0.10135210305452347,0.0027576321735978127,1.2600862646650057e-06,0.0004833602870348841,3.601098796934821e-05,0.012609687633812428,0.0009295300114899874,0.013361351564526558,0.01687227562069893
window-a1697d7650437ee9c753,403_53184_103786,handbag,umbrella,0.5915431976318359,False,0.0006076616118662059,0.0010364123154431581,0.00010938269406324252,0.000291956850560382,0.0011174710234627128,1.3880948017686023e-06,0.09070418775081635,5.278501703287475e-05,0.0031951237469911575,0.1514056921005249,0.00027042595320381224,0.15137574076652527,0.0008397767087444663,0.0019811568781733513,0.002222276059910655,3.2292260584654287e-05,1.9182736821221624e-07,1.3881134464099887e-06,6.332935953423657e-08,8.902109402697533e-05,0.0014304822543635964,9.296654752688482e-07,1.0133871910511516e-05,0.0011952017666772008,0.5915431976318359,0.0004855515144299716
window-51058d3739dc58aec97f,403_53184_103786,handbag,umbrella,0.6009050607681274,False,0.0013438189635053277,0.002050052396953106,0.0001445405650883913,0.0002473501372151077,0.0013869920512661338,2.7134353786095744e-06,0.03578205034136772,0.00017380384088028222,0.004809620324522257,0.28577953577041626,0.00010238381946692243,0.05615226551890373,0.002878654282540083,0.0006511285901069641,0.001636102912016213,0.00015167900710366666,2.3449068464742595e-07,6.130647989266436e-07,8.497193704215533e-08,7.969090802362189e-05,0.00036798344808630645,1.227227357958327e-06,3.320776158943772e-05,0.0037689462769776583,0.6009050607681274,0.0015502613969147205
window-b87ba22232f3b12b485a,403_53184_103786,handbag,cup,0.6608632206916809,False,0.0004064974782522768,0.001594064524397254,2.182585740229115e-05,0.0003508710069581866,0.0006303357658907771,7.21615663223929e-07,0.019634228199720383,7.866429950809106e-05,0.0012020942522212863,0.6608632206916809,4.3200692743994296e-05,0.02020805887877941,0.0016654495848342776,0.0002676017174962908,0.0012146321823820472,7.299784192582592e-05,9.476131879182503e-08,1.6167508931630437e-07,1.2551667794014065e-07,2.6730685931397602e-05,6.965828652027994e-05,7.657746436962043e-08,4.472967339097522e-05,0.003007930936291814,0.28712284564971924,0.0014731830451637506
window-d69a45659166ab9fccdb,403_53184_103786,handbag,umbrella,0.46861353516578674,False,0.002612426644191146,0.0016096205217763782,0.0003721552202478051,0.000376006675651297,0.0029606313910335302,6.0233971453271806e-05,0.09167663007974625,0.0010304847965016961,0.010367821902036667,0.08885051310062408,0.00017921696417033672,0.20417335629463196,0.06953456252813339,0.00987060647457838,0.03587860241532326,0.001491357572376728,2.1199981347308494e-05,0.00025026313960552216,9.446064723306336e-06,4.595339123625308e-05,0.0010930178686976433,5.809919457533397e-06,0.0002618661383166909,0.004247660282999277,0.46861353516578674,0.004406900145113468
window-d5209a6481636f38c836,404_53488_104285,handbag,handbag,0.731270432472229,True,1.9693270303378085e-07,0.00012847933976445347,1.827615392357984e-06,0.22589433193206787,3.059922528336756e-05,1.4069562698734898e-21,0.0005978891276754439,1.0353415746067185e-05,2.8272474139612314e-08,0.006744930054992437,3.583605038149501e-13,0.731270432472229,0.02074347250163555,3.329066189383667e-10,9.759359272720758e-06,7.45698343962431e-07,3.2875325928216625e-07,6.669003596471157e-06,9.662190859671682e-05,0.004107821732759476,0.010345264337956905,1.5028193729449413e-06,2.4240270235509342e-08,8.51335335028125e-06,3.216861799160142e-08,1.8003682100697915e-07
window-1dd215adff1fab0a6c49,404_53488_104285,handbag,bench,0.8318274617195129,False,1.0080701713377493e-06,0.030511341989040375,6.167350875330158e-06,0.8318274617195129,0.00276111694984138,4.657191346879883e-28,0.00023047049762681127,1.037490982014333e-08,2.414626862901059e-07,0.00454408023506403,2.6599130883986355e-12,0.10151680558919907,0.023838290944695473,1.5014286702808022e-08,8.850361155054998e-06,7.955198384479445e-07,0.0005585011094808578,4.697678014053963e-05,0.000518952903803438,0.00023945880820974708,0.0033025138545781374,2.9117477424733806e-06,3.5363027564017102e-06,7.718079723417759e-05,2.320929581856035e-08,3.3354745028191246e-06
window-a39e8778a3ce9147f720,404_53488_104285,handbag,bench,0.7496463656425476,False,5.273587433407556e-08,0.0003948330122511834,5.105042077957478e-08,0.7496463656425476,0.002548221265897155,3.411771908187767e-36,0.0023768553510308266,2.4782195393036055e-11,4.617017879127161e-09,0.000836389372125268,2.3365011456206795e-19,0.140578031539917,0.020987454801797867,1.0725449328674586e-07,0.000331813411321491,1.0209505063585311e-07,3.9427590081686503e-07,4.0715367504162714e-05,0.06073528528213501,0.021501095965504646,1.5870320567046292e-05,4.127924967178842e-06,7.029629101040769e-10,2.209424337706878e-06,1.1786455145212926e-09,1.9743314538800405e-08
window-4ccb420b403c8e3e0e08,404_53488_104285,handbag,mouse,0.49400320649147034,False,0.0001945511030498892,0.006480619311332703,0.006140439305454493,0.15659981966018677,0.0007785673951730132,1.285259240761347e-21,1.6363068425562233e-05,6.672458766843192e-06,4.489783123062807e-08,2.5067136448342353e-05,2.3190507292270013e-08,0.001581323565915227,0.30030736327171326,5.464997911985847e-07,0.000203957999474369,0.49400320649147034,3.963817885033194e-10,5.476466321852058e-05,2.446503913233755e-06,1.4593127161788289e-05,0.017989909276366234,7.538490649494634e-07,0.01437641866505146,0.0011606827611103654,5.0131620810134336e-05,1.179519767902093e-05
window-0ad57808b9d0e0cdef8b,194_20930_42343,hydrant,hydrant,0.999300479888916,True,3.711512000514894e-12,1.2773661183018703e-05,2.725461811792229e-08,2.5256969820475206e-05,1.032232603392913e-06,4.66739624027892e-31,4.176331724892179e-09,0.00010769911023089662,7.069757279598576e-11,8.792055972151047e-09,6.904540827967764e-10,1.4316363206035021e-08,0.999300479888916,2.4996174019520367e-08,7.088585801510745e-17,7.776266741643667e-09,0.0005518558318726718,2.248583097497203e-09,7.973329219090886e-10,1.0919457338331995e-08,4.803906250572254e-08,4.7412351822373466e-11,6.226580921975255e-07,3.58737887486138e-12,6.337507602038883e-11,1.8017363601074976e-08
window-6a1bb88fa4a2ab93478b,194_20930_42343,hydrant,hydrant,0.9999053478240967,True,6.301157512433875e-11,1.4883994481351692e-07,1.8401630441644556e-08,2.5937049485946773e-06,2.0051354567840463e-06,3.1097704931794577e-30,3.5426444000563606e-09,9.88498186416109e-07,1.942475735816629e-09,1.827080495786504e-07,2.805150833840031e-10,4.5420114891392416e-10,0.9999053478240967,4.577871095534647e-06,3.7629475077719245e-17,4.12305717345518e-10,8.074838115135208e-05,2.6194179270078166e-08,8.302213083677401e-12,2.059817916233442e-06,4.5151080030336743e-07,1.2116315763199825e-11,7.55510484395927e-07,4.596490831183797e-13,2.636222351526385e-09,2.545643251750107e-09
window-5802b6b80651971cbd70,194_20930_42343,hydrant,hydrant,0.9341027736663818,True,2.0344520512693975e-10,7.381770501524443e-06,1.6481122884215438e-06,0.001742707914672792,9.416779903403949e-06,1.7969401423309273e-24,6.567699273318794e-08,1.886671998363454e-05,1.4445328488932319e-08,2.8326647338872135e-07,1.658330347709125e-06,1.7835532162280288e-07,0.9341027736663818,5.941785730101401e-06,3.0821545402709427e-12,8.479091775370762e-06,0.0639985054731369,9.104736022891302e-07,2.4631893325022247e-07,1.945702933880966e-06,2.3348302420345135e-06,6.593448009795111e-10,9.631083230488002e-05,6.339617897310745e-08,2.2704766067249693e-08,2.7087278908766166e-07
window-6a80ee6c3555ce65520d,194_20930_42343,hydrant,stopsign,0.555646538734436,False,4.6083750704362103e-10,1.587912024092475e-08,1.7694135046042447e-09,9.83581121545285e-05,8.353532757610083e-05,6.883069010442689e-26,7.162767360568978e-06,2.3190116493765345e-08,4.829283170693088e-06,7.072121661622077e-05,1.029419882669913e-09,2.038758939448826e-09,0.44364669919013977,1.8221006030216813e-05,2.5700728004118822e-11,1.4884170340678793e-08,0.00035182584542781115,7.047467079246417e-05,1.029385517797854e-11,0.555646538734436,7.551495855295798e-07,4.983875783182157e-07,1.3603994375444017e-07,2.0596241726011932e-11,9.962608515934335e-10,1.6083322407212108e-07
window-ce98691e40701a7b44f9,194_20938_42675,hydrant,umbrella,0.4075267016887665,False,0.09638360887765884,0.10822498798370361,0.00489542493596673,5.9853598941117525e-05,0.03469374030828476,8.967591611508396e-07,0.03451485559344292,0.08432486653327942,0.0823965072631836,0.06369073688983917,0.00035510497400537133,0.019557541236281395,0.010746822692453861,0.004502925090491772,0.04020948335528374,9.640788630349562e-05,2.609771627248847e-06,0.0018933144165202975,1.628705649636686e-05,0.002315480262041092,9.914403199218214e-05,6.372350425110085e-10,0.0012816214002668858,0.0021217232570052147,0.4075267016887665,8.930893091019243e-05
window-df9556fa6c9597141964,194_20938_42675,hydrant,umbrella,0.3369447588920593,False,0.1197831854224205,0.17287060618400574,0.00457551795989275,0.0001411715493304655,0.018609914928674698,7.932868015814165e-07,0.041129034012556076,0.09158254414796829,0.04915536940097809,0.06271250545978546,0.0008445534040220082,0.028179025277495384,0.011455371975898743,0.004288311116397381,0.04436501860618591,0.0001658106193644926,7.266281500051264e-06,0.003856953699141741,8.517050446243957e-05,0.0020747845992445946,0.00021211689454503357,2.684538591424257e-09,0.0017421331722289324,0.005012670997530222,0.3369447588920593,0.00020537224190775305
window-8f7f632cd8b77a768c81,194_20938_42675,hydrant,umbrella,0.3159356713294983,False,0.10343992710113525,0.21229852735996246,0.004722033627331257,0.00020221114391461015,0.015619025565683842,8.881893904799654e-07,0.04479869827628136,0.08816476911306381,0.046422842890024185,0.06388465315103531,0.0009595438023097813,0.03068745881319046,0.012044304050505161,0.0024973207619041204,0.04301042854785919,0.00019613112090155482,1.0716884389694314e-05,0.004496500361710787,9.969862730940804e-05,0.0021417965181171894,0.00024228246184065938,4.21048040877281e-09,0.0018281352240592241,0.00602343026548624,0.3159356713294983,0.00027299131033942103
window-0d62e491e3054ef178bf,194_20938_42675,hydrant,umbrella,0.34948211908340454,False,0.08692857623100281,0.18430331349372864,0.004824555013328791,0.0001744657929521054,0.019356990233063698,7.857506716391072e-07,0.037725433707237244,0.07478348165750504,0.066832035779953,0.07210692763328552,0.0006827905890531838,0.027416756376624107,0.014537202194333076,0.0026797817554324865,0.04434109106659889,0.0001803930790629238,9.697254427010193e-06,0.004279776010662317,8.890333265298977e-05,0.0014951733173802495,0.0001925872638821602,3.1382985099526195e-09,0.0018567208899185061,0.00545844528824091,0.34948211908340454,0.00026196762337349355
window-564163d00c8eb06650c3,481_68723_133699,hydrant,ball,0.8877741098403931,False,2.0296710090406123e-08,0.8877741098403931,6.843807113909861e-06,7.44498493077117e-07,1.1760509899261251e-08,5.1234049893767765e-15,0.00015067278582137078,1.2872584420620115e-07,4.317771384876323e-08,4.4619669097301085e-06,2.450763076922158e-07,0.0768841877579689,0.016315793618559837,0.0007555331685580313,1.2198461263324134e-05,3.8626949390163645e-05,3.759513811374404e-10,0.0039047326426953077,1.9678993339766748e-05,1.2876788394247662e-12,1.3704155321647704e-07,2.481469785209356e-08,5.33843945049739e-07,0.00016716300160624087,0.0007511794101446867,0.013213030993938446
window-6ddc41ba5865284690b4,481_68723_133699,hydrant,hydrant,0.9999823570251465,True,2.18882533431497e-07,1.7755805856722873e-06,1.125620972299013e-12,4.981636152479041e-07,2.1145467321570521e-10,2.487984045898869e-32,1.539244038895049e-07,3.86145648789693e-09,9.324445660041647e-10,8.100608539507448e-08,8.840503329388127e-11,3.1633435020744782e-12,0.9999823570251465,9.098244646565945e-08,2.805811138983927e-10,2.352622203716237e-07,3.0608703127654735e-08,1.0068179108202457e-05,2.493245540580169e-11,4.421512755925505e-08,1.0472084310819696e-09,5.56228060555737e-16,1.1367469188172663e-09,2.714650463531143e-06,7.208998908936337e-07,1.042815028995392e-06
window-1e5d6fa165c9d07d725b,481_68723_133699,hydrant,hydrant,0.9993950128555298,True,1.1946187150613241e-08,7.593205282319104e-07,3.1934760391649775e-10,4.144540071138181e-05,5.05404022987932e-06,1.1228444290466976e-30,1.1096209391325829e-06,2.564685019024182e-06,1.4126754876997438e-07,1.0006050388255971e-06,3.490463196254012e-10,6.823102499664557e-11,0.9993950128555298,4.080911253367958e-07,4.795763178938595e-12,2.8684769404208055e-07,1.7768026339126664e-07,0.0005383111420087516,2.196482405680822e-11,2.944807245275349e-11,1.630700410260033e-07,2.135459517549343e-11,6.221949206519639e-06,5.416771742261517e-08,1.1240559842917719e-06,6.240995844564168e-06
window-5950ff65df0246ad45a4,481_68723_133699,hydrant,kite,0.5204152464866638,False,5.220189436272449e-08,0.10899784415960312,7.703727533225901e-06,0.00010821390605997294,7.256886647155625e-08,8.592011876552617e-18,5.045131274528103e-06,2.0142406356171705e-06,1.7457310264035186e-07,7.030481356196105e-05,2.2170100066887244e-07,0.11454980075359344,0.24657215178012848,0.5204152464866638,7.79413585405564e-06,1.891598731162958e-05,1.0873927180909959e-07,0.001269971369765699,4.734382309834473e-05,5.490328786224297e-13,1.6879107533895876e-07,6.602376978470659e-11,1.8005198398896027e-07,0.00020180920546408743,0.0016772602684795856,0.0060475654900074005
window-536ea36899f95fb85477,587_87863_173253,hydrant,umbrella,0.17555195093154907,False,0.011034754104912281,0.0018519837176427245,0.11487413197755814,0.014825431630015373,0.045862190425395966,0.005003208760172129,0.007000730372965336,0.025389976799488068,0.1659311056137085,0.009572683833539486,6.852516526123509e-05,0.1614712029695511,0.007371609099209309,0.0031639679800719023,0.005735320504754782,0.13356110453605652,0.00015396253729704767,0.026383956894278526,0.05717524141073227,0.0006910046213306487,0.0025416542775928974,0.01634487695991993,0.0025151618756353855,0.005919516086578369,0.17555195093154907,4.715975592262112e-06
window-cf50dd1f4ee1e01c363c,587_87863_173253,hydrant,plant,0.31184589862823486,False,0.07722906023263931,0.0007412133272737265,0.022745152935385704,0.0117338290438056,0.008070866577327251,1.8668553821044043e-05,0.0035506344866007566,0.005583183839917183,0.017079615965485573,0.008186642080545425,3.3455075936217327e-06,0.001646784134209156,0.11633226275444031,0.0007042809156700969,0.005793590564280748,0.012924131006002426,7.628629828104749e-05,0.31184589862823486,0.06788777559995651,0.0026544907595962286,0.20911931991577148,0.003330982755869627,0.0034758709371089935,0.0034107358660548925,0.10575523227453232,0.00010015736188506708
window-7e51b8c3e69d3997bbe4,587_87863_173253,hydrant,baseballbat,0.684404194355011,False,0.011388007551431656,3.6373444345372263e-06,0.684404194355011,0.2207476794719696,5.586710904026404e-05,6.50782969180419e-11,3.9802409446565434e-05,0.00022727691975887865,4.712504050985444e-06,0.000823445210698992,2.895264028524025e-09,0.00019456181325949728,0.0017909153830260038,4.764389814226888e-06,0.00040636357152834535,0.00022440361499320716,3.5228256933805824e-07,0.027823280543088913,2.0422226043592673e-06,1.0951816875603981e-06,0.026343513280153275,5.335715203003133e-10,0.0034761002752929926,4.3281401303829625e-05,0.021963858976960182,3.0933235393604264e-05
window-f498d3d6847c9ae6aa70,587_87863_173253,hydrant,umbrella,0.6936620473861694,False,0.0015166084049269557,0.00011188001371920109,0.07838050276041031,0.003828061046078801,0.003920181188732386,7.525400746999367e-07,0.0005425610579550266,0.0012033949606120586,0.16412252187728882,0.0034729104954749346,1.9585374957387103e-06,0.008037612773478031,0.01752222143113613,0.003093557897955179,0.00020992594363633543,0.001049805898219347,7.655179797438905e-05,0.008334421552717686,0.004272111691534519,5.297856841934845e-05,0.003476292360574007,0.00045355677139014006,0.00021873833611607552,0.002438242780044675,0.6936620473861694,6.104911562943016e-07
window-bc9a4f1ef286cb449aa6,599_92297_183310,hydrant,hydrant,0.8614171147346497,True,0.005836960859596729,2.625994966365397e-06,6.228481652215123e-05,9.9175151262898e-05,6.775256042601541e-05,2.671805887644041e-08,3.6388039006851614e-05,7.03727073414484e-06,0.061768561601638794,0.006907209753990173,0.0010031077545136213,0.0016865382203832269,0.8614171147346497,0.0033708717674016953,0.00016661416157148778,0.00010245123121421784,2.1438513670476306e-13,0.03942480683326721,0.00036385629209689796,5.4462559462287174e-11,0.00020452382159419358,2.360020090463877e-08,0.009114774875342846,0.004905473906546831,1.2791242625098675e-06,0.003450582502409816
window-539a79d333c4326b6900,599_92297_183310,hydrant,hydrant,0.9973481893539429,True,6.998533353907987e-05,4.234583173001738e-07,0.00015702388191130012,6.563966792327847e-08,0.00010531122097745538,1.1495036172926021e-10,5.905139460082864e-06,8.17124055174645e-06,0.0005543224979192019,1.326886120978088e-07,0.0010229010367766023,4.241005444782786e-05,0.9973481893539429,9.781466360436752e-06,2.269299699264593e-07,7.676458722016832e-07,2.8654517994497475e-12,0.00011125966557301581,1.4230028000383754e-06,1.4966868022714408e-10,1.4626222764491104e-05,7.1180132101000826e-12,0.000422789336880669,7.662321149837226e-05,1.986140887311194e-05,2.772506013570819e-05
window-bf9db59c358085ec1ecd,599_92297_183310,hydrant,hydrant,0.8275948166847229,True,0.0034940552432090044,7.833394306544506e-07,0.0011027937289327383,5.075260196463205e-05,0.0002298365579918027,6.004928776448537e-10,0.0036397732328623533,1.6590960512985475e-05,0.012887193821370602,0.00010039542394224554,3.1316234526457265e-05,0.12479117512702942,0.8275948166847229,7.013544382061809e-05,8.858428918756545e-05,0.00020137122191954404,3.5368399181612276e-11,0.017092840746045113,1.1722843737516087e-05,1.5166954359102647e-09,0.00010944334644591436,7.595148332484314e-08,0.001574939233250916,0.002302618697285652,0.0003614178276620805,0.0042473203502595425
window-c3e737245ad874aa6f8f,599_92297_183310,hydrant,hydrant,0.6136446595191956,True,0.037774376571178436,1.6054703166901163e-07,0.00010222353739663959,1.8546018054621527e-06,2.7874706574948505e-05,1.0588270260569743e-09,0.0006871556397527456,7.08208026480861e-05,0.15959183871746063,0.010396447032690048,1.7872292801257572e-06,0.038798071444034576,0.6136446595191956,0.008154990151524544,0.0029524730052798986,0.00017006306734401733,5.0607584325978484e-15,0.07757098972797394,5.429118755273521e-05,2.595215058479039e-12,0.00028582787490449846,3.647616608759563e-08,0.0015404375735670328,0.037140268832445145,2.4097068944683997e-06,0.011031023226678371
window-7728e6911a8df985edd1,79_8251_17496,hydrant,hydrant,0.9980802536010742,True,5.9793244872707874e-05,9.651511390984524e-06,7.331458391490742e-07,0.0007777271093800664,8.022001907193044e-07,3.0374708018485046e-35,3.1658810257795267e-06,1.6208219676627778e-05,1.5540834283456206e-05,3.9594992813363206e-06,2.0391262296470813e-06,1.1767268688345212e-06,0.9980802536010742,1.262341839947112e-07,6.014443804103209e-11,3.465812187641859e-05,0.0002464824356138706,2.3589253032696433e-05,7.971488713565122e-08,1.7586487821574792e-11,4.6124423533910885e-05,2.5951729654138944e-10,0.00019367433560546488,2.9724184059887193e-05,0.00035533198388293386,9.918706200551242e-05
window-a150c73971f64321c21a,79_8251_17496,hydrant,hydrant,0.9779777526855469,True,0.00044054893078282475,0.00022877434093970805,4.567464770843799e-07,0.001126831746660173,1.6314555978169665e-05,4.238115944853152e-33,0.0002221793693024665,0.0002049370959866792,0.0021334337070584297,4.487194382818416e-05,2.4601235054433346e-05,1.7102604488172801e-06,0.9779777526855469,1.990200689760968e-05,4.460935620897999e-09,4.9948590458370745e-05,0.007980217225849628,0.003658292116597295,1.5608167132086237e-06,6.491072213066218e-08,0.0014416348421946168,8.371804582907316e-09,0.001976029947400093,1.4382154631675803e-06,0.0020455147605389357,0.00040293228812515736
window-d3d9b8b9f5c432913612,79_8251_17496,hydrant,hydrant,0.996990442276001,True,1.416029476786207e-06,5.508166509571311e-07,2.068856641557204e-09,1.038133996189572e-05,2.565711474744603e-05,6.0150737122254735e-31,6.136517913546413e-05,1.0588355507934466e-05,0.0001568137522554025,4.196025201963494e-06,1.0878134162339848e-06,7.57686891006415e-08,0.996990442276001,7.183928119047778e-07,3.2686480189170197e-09,2.2445035483542597e-06,0.00041215159581042826,0.0015957854920998216,3.3018533684980866e-08,2.6496661575947655e-07,5.6049961131066084e-05,3.1646923970285457e-10,6.923233740963042e-05,4.323885605117539e-08,0.0005794856697320938,2.1397227101260796e-05
window-22a655c121096b458c8c,79_8251_17496,hydrant,hydrant,0.8277319669723511,True,1.0400421160738915e-05,0.0065702227875590324,1.5212843607059767e-07,1.0174587714573136e-06,0.001460430328734219,6.019942617173906e-20,0.005902555305510759,0.008249877952039242,0.00015144009375944734,0.0011872483883053064,5.8992031881643925e-06,6.664927241217811e-06,0.8277319669723511,7.901542267063633e-05,0.00012392591452226043,0.00015243874804582447,3.2778539207356516e-06,0.12246846407651901,1.8633559193403926e-06,9.439921768716886e-07,0.002463070210069418,3.900470346707152e-06,0.0009875097312033176,1.423276216883096e-06,0.014093507081270218,0.008342764340341091
window-13f7a5f52368c9aed1b9,398_50755_99575,kite,hydrant,0.9576599597930908,False,5.056069767306326e-07,3.387308993296756e-07,0.00019520560454111546,0.00765914935618639,0.000787887373007834,1.0676944267858042e-16,2.2006773292559956e-07,6.621180403953986e-08,2.235318061138969e-05,3.408356974432536e-08,0.004843788221478462,0.0010627617593854666,0.9576599597930908,3.922798714484088e-05,1.6503065580764087e-06,0.0001659560075495392,0.0001658356050029397,0.010149738751351833,1.705669637885876e-05,1.1800301535913604e-07,0.000368787266779691,8.69060556851764e-08,6.190928252181038e-05,0.016787966713309288,8.3402446762193e-06,1.1374585255907732e-06
window-a520f4858aafed2329ba,398_50755_99575,kite,hydrant,0.9735099673271179,False,1.1845974768220913e-05,1.3299836609803606e-07,0.0008600207511335611,0.008085491135716438,6.12296280451119e-05,1.0647742641565327e-17,2.473449853823695e-07,1.4040516305158235e-07,0.00023340506595559418,6.755464028174174e-07,0.0004709993372671306,0.0006810029735788703,0.9735099673271179,0.0004908023402094841,1.7784873307391535e-06,0.0008652773103676736,0.0043701124377548695,0.004043167922645807,2.5820792870945297e-05,1.7489034220830035e-08,0.0007850606343708932,4.698353222920559e-06,2.663671011760016e-06,0.005461648106575012,3.2967585866572335e-05,7.903241794338101e-07
window-47db81d012882bbe2584,398_50755_99575,kite,hydrant,0.6784327626228333,False,3.8188923667803465e-07,5.38744053812934e-08,0.00012926269846502692,0.22800041735172272,1.2058534593961667e-05,4.351204605280767e-20,5.65135735541844e-07,9.803251543871738e-09,0.0003609761770348996,2.210851562267635e-06,0.0012204669183120131,7.799528248142451e-05,0.6784327626228333,0.0005767057300545275,2.8897347874590196e-06,0.00010503873636480421,0.0007907177205197513,0.0032040919177234173,4.882172106590588e-06,8.550841812393628e-09,1.5260331565514207e-05,3.3241660535310302e-09,5.604087618849007e-06,0.08705190569162369,1.5488848248423892e-06,4.209638973406982e-06
window-71f90d61d1a16ba0aee1,398_50755_99575,kite,hydrant,0.9983155727386475,False,8.794017958280165e-09,9.488232421972498e-10,4.876384537055856e-06,0.00017575857054907829,4.8378664359916e-05,1.7846989932341603e-24,2.8541939922632764e-09,4.235298223242978e-10,3.378537769549439e-07,1.4281663629489572e-09,2.055957702395972e-05,6.006372132105753e-06,0.9983155727386475,5.15294505021302e-06,1.6832695237667394e-09,4.5407232391880825e-06,0.00010585157724563032,4.450845517567359e-05,9.725707172947295e-08,1.1550923773029353e-08,6.698123229398334e-07,3.1377096476603583e-09,2.475933911227912e-07,0.0012671875301748514,5.180103102020439e-08,7.40533749876704e-08
window-1d0004d1dc21c47b6727,400_51402_101011,kite,umbrella,0.9191222190856934,False,8.655417332192883e-05,0.0015878621488809586,0.022627752274274826,3.6276745959185064e-05,1.054143467627e-06,4.483545154067292e-13,1.1903395716217346e-05,2.9760576580883935e-05,1.3287583897181321e-05,3.935053427994717e-06,9.705850970931351e-06,1.9580440493882634e-05,5.590067519989361e-09,0.0004285825416445732,6.887290737722651e-10,1.0703328712224902e-07,6.042257436712295e-15,4.052922668051906e-05,0.0012810594635084271,3.5281275449203255e-24,0.05448082461953163,8.80168251629526e-19,1.0837317859113682e-05,0.00020820414647459984,0.9191222190856934,5.758809873412929e-09
window-b9503e2023ad3e3d3b63,400_51402_101011,kite,ball,0.40028199553489685,False,5.88220655117766e-06,0.40028199553489685,4.593387892271039e-09,0.0009288692381232977,1.1884534467654362e-09,8.437613671988253e-13,3.6756657664227532e-06,4.8367574834173865e-08,0.0031607074197381735,5.493821390700759e-06,5.431812724054907e-07,0.00042175588896498084,5.141503334193942e-10,1.15316034055013e-07,3.954059124566811e-08,0.0008063320419751108,1.5577028555924244e-09,0.24492321908473969,4.917402293358464e-06,1.8526375811234175e-07,0.00023231831437442452,2.2815605741494105e-12,3.4079798982844522e-09,0.00010734536772361025,0.00027688272530213,0.3488396108150482
window-57ceec14a9a9780e653a,400_51402_101011,kite,umbrella,0.8705799579620361,False,3.094454541496816e-06,0.02144216187298298,0.04104481637477875,0.0003590931592043489,0.003851410700008273,1.8699783322690842e-15,2.4325918275280856e-05,0.00042603249312378466,4.907893469408009e-08,6.296492074397975e-07,7.566574822703842e-06,0.0025596197228878736,1.2569010721108498e-07,0.02843683958053589,5.206107289268402e-06,0.004803802352398634,1.1431697255481765e-10,2.5865112547762692e-05,1.3562402045863564e-07,0.006917580962181091,2.6297195290680975e-05,8.034947427404404e-07,0.014473614282906055,9.632268529458088e-07,0.8705799579620361,0.005010139662772417
window-b2ed640cdb4d5d26330f,400_51402_101011,kite,book,0.8626497387886047,False,3.8071899410851984e-08,0.0009333441848866642,0.00040111676207743585,3.364016447449103e-05,0.8626497387886047,5.403600013100408e-23,0.023105856031179428,0.06340818852186203,0.00036672697751782835,3.9500963566752034e-07,1.7422070186512428e-07,0.00039676620508544147,0.00019899012113455683,0.001591605949215591,3.8563928683288395e-05,0.0012287294957786798,7.925722457002848e-06,6.605732323805569e-06,1.6982293118417147e-06,2.472151209076401e-06,5.4235053539741784e-05,9.500958185526542e-06,0.009731941856443882,1.3270124554765061e-07,0.0358215868473053,1.0068861229228787e-05
window-0e10b394e939f9092991,401_52206_102304,kite,sandwich,0.7797845005989075,False,7.474262929463293e-06,0.049887582659721375,0.0002646067296154797,0.00141915341373533,0.0004991510068066418,9.304948633825916e-08,0.031398121267557144,0.00021831835329066962,0.0023055265191942453,5.988241173326969e-05,0.00033890045597217977,0.020534098148345947,3.695405439430033e-06,0.00020423212845344096,1.3897428289055824e-05,0.10170883685350418,1.2939498219566303e-06,0.008438977412879467,0.7797845005989075,4.7361362742878374e-14,0.00023507399600930512,1.06022753243451e-06,0.00045874880743213,0.0011126089375466108,4.349601294961758e-05,0.0010607661679387093
window-9e91023a3dd9c5fdfbc8,401_52206_102304,kite,mouse,0.6085836291313171,False,2.1422363261081045e-06,0.19150257110595703,0.009594426490366459,0.016859890893101692,0.0011338696349412203,9.333629122920684e-07,0.07694347947835922,0.0012126693036407232,0.0001481481594964862,0.00036247161915525794,0.002539760898798704,0.002855768194422126,1.0410533946014766e-07,0.0003941854229196906,0.0006579221808351576,0.6085836291313171,2.685413558189964e-10,0.0025723970029503107,0.0628138855099678,3.8531114063267147e-13,0.0016719737323001027,0.0024734369944781065,0.014620807021856308,0.0005572312511503696,0.00035213734372518957,0.0021461904980242252
window-4506661605918c375235,404_53795_104925,kite,sandwich,0.48426416516304016,False,0.0008891699835658073,0.0008794018649496138,1.4341804899231647e-07,0.07905266433954239,0.0004081595398019999,3.692442193185785e-25,0.00012464544852264225,2.1720695997373696e-07,5.426926145446487e-05,3.3890091799548827e-06,1.6285442825392238e-06,3.0942814191803336e-05,0.00016336854605469853,0.04826819524168968,4.918796093988931e-06,0.19568338990211487,3.8057207802921766e-06,0.0003670910664368421,0.48426416516304016,3.734351938788905e-09,0.18943461775779724,1.5644754380872428e-09,2.4088039936032146e-05,2.743300865404308e-05,0.00012458187120500952,0.00018963305046781898
window-ebdccb014c845c62ad65,404_53795_104925,kite,chair,0.39803022146224976,False,0.00047820410691201687,8.100848880587819e-09,9.785163131159624e-12,4.5032194861960306e-07,1.370017616864061e-05,1.6905911826876581e-35,0.0004222135175950825,1.5739244574319855e-08,0.39803022146224976,1.1986696080157344e-08,1.068697429218446e-06,0.0032574881333857775,3.645845847444207e-10,1.3889053889215575e-06,1.924408202236272e-11,0.014337508007884026,8.31803603773551e-08,0.00016159797087311745,0.22029568254947662,3.254764351368067e-07,0.3629361391067505,2.8493548666352897e-13,1.0931240694844746e-06,5.72429780731909e-05,5.363561683680018e-08,5.517862518900074e-06
window-d591bcb78c7f40616491,404_53795_104925,kite,chair,0.7934597730636597,False,0.00024332065368071198,0.002416562056168914,1.2192267416952468e-15,7.3804402589416895e-09,0.003882969031110406,1.0015110849960116e-34,5.838503511768067e-07,8.034534403122962e-06,0.7934597730636597,1.2039145680375896e-08,0.037727419286966324,7.605906375829363e-06,6.642386640720588e-09,9.441883776162285e-06,7.565559290156898e-12,0.0009747084695845842,1.376310090200894e-11,0.0006275363848544657,0.0017529374454170465,3.169438669847757e-11,0.12913750112056732,1.421139131707605e-06,1.9008475646842271e-06,0.01452260185033083,3.170616125203196e-08,0.015225761570036411
window-918d9eded2850f5a5122,404_53795_104925,kite,chair,0.7419343590736389,False,0.00011272049596300349,0.0003481575404293835,1.1633615945583209e-11,1.775416239979677e-05,0.001779471873305738,2.9658857716670564e-29,0.00026816781610250473,1.7725271916901875e-08,0.7419343590736389,3.882749979311484e-07,0.0002488250320311636,9.302763646701351e-05,0.0012925602495670319,5.592786328634247e-05,6.318907619373704e-10,5.295878509059548e-06,1.377871566843325e-10,0.002287140116095543,0.10905689746141434,5.712552826608874e-15,0.13571055233478546,2.430277277198911e-07,2.729314292082563e-05,9.820528248383198e-06,9.600729390513152e-05,0.006655449513345957
window-678b43fef8c5dfea6a11,409_55524_107245,kite,toytruck,0.624914824962616,False,5.762892214988824e-06,0.0011315674055367708,0.0013559896033257246,0.00012618557957466692,8.328772310051136e-06,8.295567093766654e-15,0.0002366269618505612,0.05740264058113098,2.5413965376586134e-10,0.00015469282516278327,0.0010280332062393427,3.3699150662869215e-05,8.886006253305823e-05,0.0013543489621952176,2.1049226006653043e-07,5.343649900169112e-05,2.2103812113982713e-09,1.0381419997429475e-05,2.1544470655499026e-05,8.206790417597878e-15,0.22428686916828156,3.873770193507653e-10,0.08770612627267838,0.624914824962616,1.7138812609118759e-06,7.808075315551832e-05
window-aebf0c46e00065861245,409_55524_107245,kite,teddybear,0.28610119223594666,False,0.0002315714955329895,0.11360998451709747,0.040783610194921494,0.004135042894631624,0.00013035174924880266,7.429169279760117e-09,0.0004897149046882987,0.27503010630607605,2.8378927652283892e-08,0.001231833710335195,0.001159949111752212,0.00024289080465678126,3.01063914776023e-06,0.021975450217723846,0.0003162236826028675,0.00038143328856676817,7.5269967965141404e-06,1.864179466792848e-05,0.001864765421487391,1.0495952197653313e-11,0.28610119223594666,0.24087116122245789,0.0033946693874895573,0.007210345007479191,5.819219495606376e-06,0.0008045678259804845
window-2fac67cb7835a53e52ed,422_58671_113667,kite,umbrella,0.7487574815750122,False,4.54697510576807e-06,0.0010142128448933363,1.2591979325557445e-12,2.674604182573148e-08,9.44051134865731e-06,5.131535066708899e-35,3.466098803528439e-07,6.971934141120073e-09,2.7482018438718114e-08,0.0008511829073540866,0.20032724738121033,0.00011978272232227027,0.0002468072052579373,3.9375991356394024e-09,3.908544154995752e-09,2.2635747882304713e-05,5.158098429092206e-05,1.6243373579527542e-07,1.1852756554020516e-09,8.263915560746682e-07,2.567813149612075e-12,8.142117025045081e-08,0.04847485199570656,3.841098994428194e-09,0.7487574815750122,0.00011870908929267898
window-8fdd5dbda6143e85ab32,422_58671_113667,kite,frisbee,0.9999006986618042,False,4.5927848330018506e-11,1.4967864103709871e-07,1.5612270408796888e-16,5.014768600375419e-10,2.1795264260049407e-08,1.2335412003098684e-36,3.464431241884114e-10,4.09822458087572e-13,1.178693508898862e-13,8.637678092782153e-07,0.9999006986618042,3.799299292950309e-06,1.6427316396061542e-08,9.83158656708838e-08,3.753093322234058e-11,1.2053473597006814e-07,8.033456677658535e-10,4.520810375358009e-12,4.8188117721375406e-14,2.0022793729160488e-15,3.399670495341173e-15,1.0975140067592815e-12,6.176305760163814e-06,1.3356679586136455e-13,8.800173964118585e-05,2.9833269188372924e-10
window-f756071c969ab523b944,422_58671_113667,kite,frisbee,0.9999493360519409,False,1.622192336014905e-08,1.0126387905984302e-06,1.9986308208473982e-14,4.059598143757448e-11,4.0844554843356973e-13,0.0,3.3338690141881955e-10,1.251585857522941e-12,1.0864543483889589e-14,4.117461139685474e-05,0.9999493360519409,5.648603291774634e-07,5.676058512094073e-10,6.292928844686685e-08,1.7583641655346746e-14,2.9605285334355358e-08,4.833417737229451e-13,1.0174025072870701e-15,3.050567652840436e-17,6.431927768169032e-10,8.828288243030631e-17,1.30856656348384e-13,4.193078439129749e-06,1.991255771383038e-11,3.708928488777019e-06,1.197580923317787e-09
window-8e891256ed90316c8df2,422_58671_113667,kite,frisbee,0.9999576807022095,False,6.811589595319412e-13,2.2861776471927442e-07,1.2768045606735765e-17,2.1130814112368945e-12,1.8853328457874713e-13,1.4604957574308332e-38,6.933308636415669e-13,8.950212261864959e-14,4.165375838862648e-16,2.7537171831681917e-07,0.9999576807022095,1.0621822355005861e-07,7.010355295399007e-13,5.266047042873367e-10,6.809400777480412e-15,5.6188820707347986e-08,2.859590345007275e-14,4.814074168632782e-16,7.35257437287051e-18,1.1279899642102891e-15,1.0412079050485092e-16,3.518717965140335e-18,3.825624972364494e-08,1.796853003844731e-14,4.154275302425958e-05,8.612040768019025e-12
window-646f4411c738a28166a1,432_61230_120293,kite,ball,0.2962311804294586,False,0.03993447124958038,0.2962311804294586,0.0015554965939372778,0.0001518533390481025,0.000984534970484674,0.00024964954354800284,0.009817725047469139,0.010609138756990433,1.4673066289105918e-05,0.000266087066847831,0.06758048385381699,0.2957526445388794,2.1866587758267997e-06,0.15015216171741486,1.4403267414309084e-05,0.009820573963224888,9.695843017354377e-10,1.2369460819172673e-05,0.008988660760223866,9.879654427891182e-09,0.051460426300764084,0.049547404050827026,0.0004553350736387074,5.300912744132802e-05,0.006265111733227968,8.032257028389722e-05
window-a71a5cfbeab76e7b6d05,432_61230_120293,kite,kite,0.9034202098846436,True,0.0083168288692832,0.01204500999301672,0.004514751490205526,0.0001037720066960901,0.0007666305755265057,2.248368713431148e-10,0.0002391256857663393,5.4684212955180556e-05,8.759375305089634e-06,2.763213160505984e-06,0.000358501827577129,0.00020115078950766474,2.4774903906177315e-08,0.9034202098846436,2.974011113110464e-05,0.0007059019990265369,4.662910613184579e-10,3.1987246984499507e-07,0.06405481696128845,4.458878266611066e-10,0.0002563184534665197,4.651066376482049e-08,0.002338019898161292,0.0006182405049912632,0.0018736133351922035,9.087360376724973e-05
window-f9db7f7222e046be0546,432_61230_120293,kite,frisbee,0.37898504734039307,False,2.8942060907866107e-06,0.0012975744903087616,0.0008259864989668131,0.0015363910933956504,0.0009517923463135958,1.803179052470641e-13,0.27655404806137085,0.06849393993616104,0.00024396899971179664,0.0009319243836216629,0.37898504734039307,0.000955280673224479,2.6631084892869694e-08,0.0016719457926228642,0.03917235508561134,0.08694016188383102,2.4616167593194405e-07,0.0002573107194621116,0.0010671133641153574,8.815044566290453e-05,0.0014261413598433137,0.08625184744596481,0.017697175964713097,1.1795201544373413e-06,0.008158950135111809,0.0264885351061821
window-bf5881d1b6388039a3bf,432_61230_120293,kite,handbag,0.3071332275867462,False,0.004806852899491787,0.2483331263065338,0.00020997012325096875,2.868600859073922e-05,0.0008337952313013375,1.0250409104628488e-05,0.0005445582210086286,0.007705437019467354,2.8760077839251608e-05,2.8734279112541117e-05,0.114702008664608,0.3071332275867462,7.842247100597888e-07,0.2490035742521286,4.906301455775974e-06,0.000869027164299041,3.930312325595153e-11,4.513628937274916e-06,0.003135016420856118,1.0652895809926122e-07,0.05887683108448982,0.0010929866693913937,0.0011686129728332162,0.00033082716981880367,0.001139426021836698,7.910613931016997e-06
window-e07bac41464966cbde0c,618_100139_200140,kite,kite,0.9998587369918823,True,1.0597292821046267e-08,4.027839869903856e-15,2.1829900387349e-10,6.624542189489265e-15,1.2816753214295318e-09,0.0,2.5283190652203302e-08,5.4654654377372935e-05,4.528516068707307e-16,1.0115034894744857e-12,1.0891304524918155e-09,4.306782098329828e-20,2.606573616503738e-05,0.9998587369918823,6.729984347586537e-10,5.197842256166041e-06,6.168274975198291e-16,2.3809453660626976e-20,4.8772279617748104e-12,5.455503560369834e-05,1.5385499677663533e-13,1.3911908951225183e-11,3.298852035982236e-08,2.3459809095349726e-10,8.475752877323828e-10,7.303940492420224e-07
window-9ba9f586960776a7fba6,618_100139_200140,kite,kite,0.9997780919075012,True,6.898243087860578e-10,2.8992606354600735e-16,4.054453647817091e-11,1.303408740581201e-16,1.1856208723126649e-11,0.0,5.056987120721779e-11,0.00020864066027570516,4.2768070762589525e-18,8.961180322092366e-13,4.108749784847987e-09,2.9342471240342714e-20,3.7682032143493416e-06,0.9997780919075012,1.657540354971232e-10,8.896667168301065e-06,1.2670032975954357e-17,2.0735931616541223e-20,3.846284835767877e-12,1.0070087341773615e-07,4.530877490685134e-14,2.108595633168453e-12,1.1036557445720518e-08,9.055582672612417e-12,2.810588151103133e-10,4.764220307151845e-07
window-f1f5431146a514710e82,618_100139_200140,kite,kite,0.9995013475418091,True,2.1822079361299984e-06,4.0971170005938903e-14,5.715988571353137e-09,2.1193624925777005e-14,5.4985253683526025e-08,1.401298464324817e-45,1.786648624602094e-07,0.00010345483315177262,6.272311500483269e-14,7.409400870628247e-11,1.012943062761451e-08,2.739359558931142e-18,2.4112892788252793e-05,0.9995013475418091,4.886682614113624e-09,1.7277268852922134e-05,1.2306383126090004e-13,6.09857311373349e-19,3.86497084337023e-12,0.0003430434444453567,4.26740538522416e-13,6.755955517245837e-11,7.617742880938749e-08,3.4621596256556586e-08,1.0846123998931034e-09,8.206650818465278e-06
window-4f61b493bc94073b78c8,618_100139_200140,kite,kite,0.9998738765716553,True,1.3933703968405098e-08,1.482980837129856e-15,2.4115792696122185e-10,2.3302268131703907e-16,1.6006042324878678e-10,0.0,3.3522995490642415e-10,9.711999882711098e-05,4.835016595032501e-17,3.939452063173032e-12,4.567585865089541e-09,5.665672793044808e-20,5.830601821799064e-06,0.9998738765716553,1.0055763999261558e-09,2.1285435650497675e-05,7.511508028585837e-17,1.3422238131656034e-20,1.2171494281204565e-12,1.309157710238651e-06,1.7560763295441408e-14,2.2705052898572275e-13,1.4437450346349578e-08,2.195123111059516e-10,3.217302535496458e-10,5.967103220427816e-07
window-b756b49f0bfd0c36f222,428_60233_117662,microwave,umbrella,0.5782618522644043,False,3.34426727022219e-06,0.005258617922663689,0.0019075452582910657,0.00015456519031431526,1.5587655610715956e-08,6.08065495583186e-29,3.839885721390601e-06,0.0002284620568389073,1.9644404858354392e-07,2.693572298539948e-08,3.711493785918396e-12,0.046580296009778976,5.367578523873817e-06,0.0027083298191428185,0.3630525767803192,9.69142547546653e-07,4.9732574829153275e-12,2.8046970301787155e-10,4.0994027017404733e-07,0.0007909492705948651,0.000982871511951089,2.440030357320211e-06,1.0743606253527105e-06,2.2093728091476805e-07,0.5782618522644043,5.609940490103327e-05
window-66e81a01e4d8104f6110,428_60233_117662,microwave,kite,0.3658088147640228,False,0.008759473450481892,0.21696901321411133,0.0014795969473198056,0.0005312217399477959,1.7438242139178328e-05,3.089606650519272e-07,0.00010645404108799994,0.0015137805603444576,0.02314891666173935,0.007701708469539881,0.0001245500607183203,1.5127621736610308e-05,0.000286999304080382,0.3658088147640228,0.00024297781055793166,0.0788118839263916,1.6143609400387504e-06,0.009561299346387386,0.0001781303872121498,0.0022186897695064545,0.00010637710511218756,0.02073683589696884,0.09871317446231842,0.1260271817445755,0.0008311303681693971,0.036107271909713745
window-d7e3fc1f9aad7392a3f7,428_60233_117662,microwave,mouse,0.7805151343345642,False,0.00040688132867217064,0.001801633508875966,0.0016282859724014997,3.6228394151294196e-07,0.00892270915210247,4.500673639995512e-06,0.004730895161628723,0.0036758820060640574,0.010874486528337002,1.4453244148171507e-05,0.00021411814668681473,5.989880082779564e-05,0.004301492124795914,0.0005782237858511508,0.005147900432348251,0.7805151343345642,2.911387355197803e-06,0.06066335737705231,0.022975333034992218,0.010812073945999146,4.8960395361064e-05,0.06164903938770294,0.01006411574780941,0.010701335035264492,0.00016862002667039633,3.743969864444807e-05
window-17d857a2f3565b5372e0,428_60233_117662,microwave,kite,0.9672292470932007,False,0.006961569655686617,7.619960342708509e-07,6.63860504346303e-08,2.664384823880539e-10,3.2068385280581424e-06,1.4039629003382907e-17,3.651132283266634e-05,3.4951062843902037e-07,1.2326214573477046e-06,1.0727845847213757e-06,2.6115818396732493e-09,1.938278870738941e-07,0.010129024274647236,0.9672292470932007,1.6507523126207957e-09,0.00042033896897919476,3.004404725004406e-09,9.33899784172354e-08,6.230180588318035e-06,1.5036150216474198e-05,1.4617298802477308e-05,0.0007724568713456392,0.01437294576317072,3.281611134298146e-05,2.576971169787612e-08,2.1802893570566084e-06
window-366803412e2f39830177,432_61232_120283,microwave,wineglass,0.5399282574653625,False,1.0752669368230272e-05,3.0219194741221145e-05,9.236716869054362e-05,0.00015110231470316648,0.0029660614673048258,1.6834299232382222e-10,0.03090580552816391,0.0010968124261125922,6.323351044557057e-06,0.003403846174478531,0.000293006538413465,0.004641137085855007,3.578626461830936e-08,6.297761046880623e-06,0.20672759413719177,0.1302078664302826,1.7352759229538606e-09,0.006456688977777958,0.0008269449463114142,1.6538580505098821e-09,2.9168954824854154e-06,0.003109516343101859,0.0027199597097933292,3.43765968864318e-05,0.06638207286596298,0.5399282574653625
window-1d5c3dd976c76ed7d746,432_61232_120283,microwave,wineglass,0.4546136260032654,False,4.821480979444459e-05,0.0005776264006271958,0.001765291322953999,0.0008351673604920506,0.006258912850171328,3.834148856185493e-07,0.000307073030853644,4.8773381422506645e-05,1.2311008504184429e-05,0.004525886382907629,2.752890759438742e-05,0.00011497220839373767,1.4671269532584574e-08,2.4141477297234815e-06,0.3750483989715576,0.012846614234149456,2.334060695829976e-07,0.0004497233603615314,0.023040398955345154,9.556509229791121e-12,4.730913497041911e-05,0.003082436043769121,0.00021880007989238948,0.00034436152782291174,0.11578352004289627,0.4546136260032654
window-f052e5be086f5910e796,432_61232_120283,microwave,wineglass,0.2943316400051117,False,0.0005535490345209837,7.082897354848683e-05,0.008199749514460564,0.0035277982242405415,0.08773626387119293,2.6541904524918225e-12,0.11605469882488251,0.00013295613462105393,0.006915039382874966,0.0008832213352434337,1.7440532246837392e-05,0.015035594813525677,3.659280025658518e-07,4.3380141505622305e-06,0.004426335915923119,0.22664058208465576,0.003782319836318493,0.00035426311660557985,0.00184673722833395,3.8108915328960435e-11,1.090244381884986e-06,0.007066143676638603,0.010613743215799332,0.0028223947156220675,0.208982914686203,0.2943316400051117
window-8eb42e68813b818e83e5,432_61232_120283,microwave,microwave,0.7692115902900696,True,2.179278635594528e-05,4.805795833817683e-05,2.818921348080039e-05,0.0010245926678180695,0.0002644171181600541,5.907103695079741e-09,0.0005494903307408094,5.015943679609336e-05,4.079251709754317e-07,1.1841121704492252e-05,6.344711891870247e-06,0.00041035001049749553,5.393467450431899e-09,1.1902570804522838e-06,0.7692115902900696,0.001955919899046421,2.7598584750876398e-08,0.0018778523663058877,0.0017656771233305335,3.6654174140338114e-10,1.2148653922849917e-06,0.0026332722045481205,0.00018711716984398663,0.00016923630028031766,0.002813040278851986,0.21696814894676208
window-2aa4d564a35d12986b7e,455_64107_126277,microwave,wineglass,0.623335063457489,False,0.016808627173304558,0.003910420462489128,0.0014444085536524653,0.018241288140416145,0.00300577306188643,2.201661800427246e-06,0.011800750158727169,0.0024267423432320356,0.1631469875574112,0.06915876269340515,5.75717022002209e-05,0.001943447277881205,4.357019133749418e-05,0.00044869398698210716,0.016846193000674248,0.01527093444019556,0.00011105155135737732,0.0128231355920434,0.008520283736288548,5.73161109684861e-08,0.009571950882673264,0.00035941434907726943,0.012473915703594685,0.0018333987100049853,0.006415367592126131,0.623335063457489
window-3578b7e6d77d144999ce,455_64107_126277,microwave,wineglass,0.8789635896682739,False,0.00017711544933263212,0.000379626959329471,0.002112169750034809,0.0033973848912864923,0.0018336380599066615,7.452576369360031e-07,0.006614393554627895,0.0004403573111630976,0.04268186539411545,0.01133910845965147,0.0010877122404053807,0.0009200387867167592,8.55540838529123e-06,2.0491419491008855e-05,0.003489979077130556,0.01778225786983967,0.00029290933161973953,0.0055250911973416805,0.013172212056815624,2.773943776901433e-07,0.0050729792565107346,0.002395874820649624,0.000860813946928829,8.511279884260148e-05,0.00134572375100106,0.8789635896682739
window-2efa58ef01811ae5aff6,455_64107_126277,microwave,chair,0.33728575706481934,False,0.03110511414706707,0.0033164832275360823,0.0006231969455257058,0.05217857286334038,0.005760453175753355,1.2466969110391801e-06,0.014110700227320194,0.010399490594863892,0.33728575706481934,0.13867267966270447,0.000243366215727292,0.018154295161366463,0.0008239837479777634,0.0040449826046824455,0.03574451059103012,0.025420814752578735,0.0032257777638733387,0.016938060522079468,0.016903981566429138,3.7452857668540673e-06,0.004551727324724197,0.0005246903747320175,0.02199781872332096,0.02023221366107464,0.038622014224529266,0.19911426305770874
window-1543f592532b41963827,455_64107_126277,microwave,wineglass,0.5378511548042297,False,0.025638369843363762,0.002045529428869486,0.03515784442424774,0.014673120342195034,0.0005682866321876645,6.271134367352715e-08,0.003447578987106681,0.002154750283807516,0.0707307979464531,0.07696501910686493,0.0006087495130486786,0.021874865517020226,0.00016903919458854944,0.00017156433023046702,0.004664053674787283,0.02992549166083336,9.97769893729128e-05,0.12311054021120071,0.0129297049716115,4.7272315839563817e-08,0.0022247624583542347,0.00020924198906868696,0.005519591737538576,0.0016581862000748515,0.02760191261768341,0.5378511548042297
window-c06cadaa4ddbadcb6699,606_95089_191495,microwave,apple,0.11869574338197708,False,0.11869574338197708,0.09066006541252136,0.0025670966133475304,0.005687462165951729,0.036587778478860855,3.005679536727257e-05,0.016956515610218048,0.051388733088970184,0.047366660088300705,0.09050671756267548,0.0005134163657203317,0.059552185237407684,0.08703778684139252,0.004613898228853941,0.04095233231782913,0.005636431742459536,5.4727130191167817e-05,0.016965674236416817,0.01676875725388527,2.2434451238950714e-05,0.00785707775503397,9.372696695209015e-06,0.10034626722335815,0.06256236881017685,0.01944575086236,0.1172146201133728
window-3b67efc2b9d48c153be2,606_95089_191495,microwave,cup,0.12548168003559113,False,0.07443197071552277,0.09493249654769897,0.004906885325908661,0.018155455589294434,0.007788730785250664,1.2217510629852768e-06,0.0226301122456789,0.03640676289796829,0.11861167848110199,0.12548168003559113,0.0007567322463728487,0.07749383896589279,0.008442581631243229,0.001343598822131753,0.07545099407434464,0.009025173261761665,0.0001862645149230957,0.021868985146284103,0.0165441632270813,1.819977660488803e-05,0.005615482572466135,3.7929291920590913e-06,0.07521338760852814,0.07534322142601013,0.011830023489892483,0.11751660704612732
window-f0d12a7f048d4fd08bf0,606_95089_191495,microwave,cup,0.15045839548110962,False,0.1187933087348938,0.13916808366775513,0.0026711230166256428,0.004092692397534847,0.008109020069241524,8.680202881805599e-06,0.0356452614068985,0.031234143301844597,0.10759446769952774,0.15045839548110962,0.001689967350102961,0.07438641786575317,0.017034200951457024,0.0018199268961325288,0.04216555505990982,0.002486569108441472,3.761009429581463e-05,0.029605533927679062,0.017118314281105995,2.5506307792966254e-05,0.006655587349087,1.1075583643105347e-05,0.06556323915719986,0.06627985835075378,0.007911136373877525,0.06943432986736298
window-3dbdef75ab0d3789692b,606_95089_191495,microwave,ball,0.20489440858364105,False,0.1313001662492752,0.20489440858364105,0.005272047594189644,0.014070272445678711,0.009111853316426277,6.560188012372237e-06,0.017062904313206673,0.0514964759349823,0.09457480162382126,0.06961044669151306,0.001164706307463348,0.11191248893737793,0.029750021174550056,0.00217007240280509,0.041756562888622284,0.003522492479532957,0.00019246550800744444,0.017912982031702995,0.02088182605803013,7.619475218234584e-05,0.014387676492333412,1.2722193787340075e-05,0.02564428374171257,0.08165649324655533,0.009578410536050797,0.04198065400123596
window-2ec5c5c201f9dd7d440c,610_96684_193735,microwave,microwave,0.9999359846115112,True,3.253200456959128e-14,1.3273934200697113e-06,1.2505082850111648e-05,2.798011337290518e-05,1.0305721553915959e-11,0.0,2.838090722434572e-06,7.556366199423792e-09,5.937083723955849e-12,1.557327530821162e-11,3.783405219567578e-15,6.13044974485076e-14,4.4683057254246705e-09,5.248555680736899e-06,0.9999359846115112,2.3461387854695204e-07,5.707729211143486e-13,6.356236772616461e-19,8.645391069705965e-09,3.503974141949584e-07,3.883199951815186e-06,2.0025718930338776e-11,7.605898986184911e-07,4.857389740209328e-06,3.5090722576569533e-06,4.6871946324245073e-07
window-39dfdff10c7a5fe63f7a,610_96684_193735,microwave,microwave,0.9999572038650513,True,8.256349976528549e-14,6.96569468772168e-11,3.6603618355002254e-05,2.96745872319093e-09,2.7756029625288642e-14,0.0,3.108992396860799e-09,7.029999693486388e-08,1.0839541612385484e-14,9.584496282570576e-14,8.141112329900727e-15,2.4956028492813004e-16,1.5864443980717624e-08,1.2282110901651322e-06,0.9999572038650513,4.251628826779097e-09,1.2974208793886031e-16,4.2040424696209775e-21,1.3674034127220125e-10,4.582699602906359e-06,3.9140038432528e-10,2.9782180194226626e-11,4.188061009102739e-09,5.144866221939992e-08,1.2231788915073594e-08,3.0293853114926605e-07
window-72fd4bf2d1ae835f12d0,610_96684_193735,microwave,microwave,0.986189067363739,True,1.2169021487099668e-13,4.748212933947116e-09,1.7028403817676008e-05,1.2527519466232206e-08,4.7384709003783776e-12,4.624284932271896e-44,2.5038178137037903e-05,4.493484084377997e-06,5.681498049803224e-10,1.9463992117813196e-14,2.040230429045664e-09,1.9934412193861606e-15,1.3753522409842844e-07,5.730398794367986e-13,0.986189067363739,9.240967990820081e-09,2.5774353354726665e-13,7.623880130989361e-15,9.95705295991911e-09,0.013710832223296165,2.808612231675056e-09,2.6176498746366406e-09,9.173238879611745e-08,2.535709199946723e-06,3.0023525887656888e-09,5.071191117167473e-05
window-8f705cb28f2ea40f3628,610_96684_193735,microwave,stopsign,0.9633403420448303,False,3.8368874727802774e-14,6.108713535013521e-08,2.3550641344627365e-05,1.6399411606471404e-08,5.6710985733843255e-12,4.928927218416112e-41,2.3426251573255286e-05,9.783067980606575e-06,1.7549875441780216e-10,1.571205459575259e-14,2.2162812030046553e-08,1.4655267703396154e-15,1.0741082689946779e-07,4.765317047211726e-12,0.03657452017068863,4.90442027267779e-11,9.915954168882024e-11,8.144204000158205e-15,3.1458984306453885e-09,0.9633403420448303,5.384767284843939e-11,6.508511773972714e-08,1.0100128733370184e-08,2.880334022847819e-06,1.4757508104423778e-08,2.526135358493775e-05
window-e630d1c79b5bdfa2f796,610_96685_193736,microwave,microwave,0.9999330043792725,True,2.4978498476958648e-14,1.6902235167037816e-10,1.3564864502768614e-06,1.2064926124821795e-07,1.7827664258035503e-12,0.0,6.857942480564816e-07,2.0790829058370264e-09,2.0726394775807955e-14,1.41491863798332e-12,1.5184701411912718e-15,4.4122120923021876e-16,2.056523173976643e-09,6.385682354448363e-05,0.9999330043792725,8.264768869281625e-10,2.2943517067773242e-14,3.7439044969217314e-19,2.590066217056375e-10,3.254791351992026e-07,5.691854454425993e-08,4.57592340755153e-12,1.0581805298670588e-07,3.964551638091507e-07,2.7228624688291347e-08,3.0636044812126784e-08
window-0733944c9e54c64b4842,610_96685_193736,microwave,microwave,0.9268138408660889,True,7.124588936933789e-15,7.057634032747728e-09,0.0006993999122641981,3.3379915720388453e-08,3.057837008707781e-15,0.0,1.3680497623624888e-08,3.78394062749976e-08,2.9423835590236536e-10,4.815812174361429e-15,7.609367129457478e-12,1.1939552807798542e-13,2.0770978608197765e-06,1.4057729806615793e-11,0.9268138408660889,1.959411974894465e-07,2.8886100109093427e-11,6.671948823602075e-16,7.703004206716102e-11,0.07247243076562881,1.4418465354992804e-07,2.876702487331073e-10,2.94633906605668e-07,1.1130693565064576e-05,9.263651890023539e-08,2.3924798142616055e-07
window-c41251ba97cca8e721ee,610_96685_193736,microwave,stopsign,0.7668198347091675,False,6.916490898891889e-14,5.554203497126764e-08,0.0001295152324019,1.0063138944360617e-07,1.95438214223298e-11,2.7535514823982655e-42,7.555197225883603e-05,3.1052022677613422e-06,5.117342660732049e-10,2.0979119591708895e-13,5.241695411051239e-10,4.793063190268454e-13,2.8083545657864306e-06,8.20803564005601e-11,0.23294386267662048,5.8596139052014e-10,2.4847490731616517e-10,4.673019106003415e-14,6.488411197214106e-11,0.7668198347091675,2.4201367576637267e-09,4.379339770821389e-07,8.980146048997995e-08,1.5818961855984526e-06,2.1418296455522068e-05,1.7178624602820491e-06
window-85ed4b0d6c7d984ac89a,610_96685_193736,microwave,microwave,0.9999892711639404,True,7.242191838363523e-15,8.898774694898748e-08,1.6531416804355104e-06,4.198683356548827e-08,3.1768214632261343e-14,0.0,5.450713160826126e-07,3.9370317495013296e-07,8.9815551914188e-13,8.492378078973212e-14,1.8047876561289034e-12,2.740941654349213e-15,5.3427329227417886e-09,4.872253711596386e-10,0.9999892711639404,6.571138300159873e-08,1.5285745825075256e-16,5.445390460018874e-19,3.079928756477557e-09,2.4068212951533496e-06,2.1239657144178636e-08,3.3304587386540074e-12,2.197169578721514e-06,2.3329225768975448e-06,1.2620609002311767e-09,1.0425796972413082e-06
window-48e68cbb61c85f350d2d,251_26910_54530,mouse,cup,0.7277490496635437,False,0.019707391038537025,3.0976957532402594e-06,1.1366237231413834e-05,2.2740472616078478e-08,2.3409788809658494e-06,0.03287217766046524,0.03048582747578621,0.0002916725934483111,0.0017515817889943719,0.7277490496635437,6.6126663114118855e-06,0.0011557700345292687,3.9906419260660186e-05,0.04683530330657959,0.0009106883662752807,0.0008302847854793072,5.795592654505015e-17,0.04779274761676788,0.0004021011118311435,1.3051519026229148e-14,0.06973016262054443,0.00023749249521642923,0.007060261443257332,0.00032380185439251363,1.3706147328207408e-08,0.01180022582411766
window-8e048cd59fbc797e595d,251_26910_54530,mouse,teddybear,0.5807898044586182,False,0.0007466775132343173,1.0117832061951049e-05,4.718989202956436e-06,1.8325935213781008e-09,3.9211494140545256e-07,0.00023904995759949088,0.28441670536994934,0.0004934759344905615,0.027354126796126366,0.05500045046210289,0.000334864278556779,0.00011465613351901993,5.6584030971862376e-06,0.001710365992039442,0.00025187403662130237,0.0016627752920612693,6.006967513784187e-19,0.031442414969205856,0.002953842980787158,8.349988960627743e-15,0.5807898044586182,0.0005162875750102103,0.0017980063566938043,0.00875344593077898,1.988268749641975e-08,0.0014002587413415313
window-c14c8ac836e60423dae9,251_26910_54530,mouse,apple,0.7598136067390442,False,0.7598136067390442,8.037036423047539e-06,3.0100954973022453e-05,1.6516565665369853e-05,9.806706657400355e-06,0.0021936348639428616,0.00014768668916076422,3.2135499168362003e-06,0.0007431689882650971,0.17301413416862488,0.00011581519356695935,0.0005278538446873426,5.0871843995992094e-05,0.016497071832418442,0.0015710577135905623,0.0003501283936202526,4.7498199697897445e-18,0.014885718934237957,3.598475086619146e-05,2.2417002234792916e-15,0.004277919419109821,1.9870931566856598e-08,0.008876168169081211,0.012286356650292873,4.22276380529496e-11,0.00454512657597661
window-163f065c01eb3d13e576,251_26910_54530,mouse,plant,0.48661568760871887,False,0.016418330371379852,1.80333472599159e-06,3.2405943784397095e-05,2.129825276142583e-07,8.696941222297028e-06,0.005166626535356045,0.00589394336566329,4.6455512347165495e-05,0.0019287732429802418,0.08941056579351425,0.012227305211126804,0.0026257329154759645,0.00033897283719852567,0.012522532604634762,0.0004582089895848185,0.006244569085538387,3.2513908928283054e-17,0.48661568760871887,0.00017775547166820616,2.7105975883984224e-14,0.3091108798980713,1.4436085621127859e-05,0.004709604196250439,0.018331890925765038,1.4888036581339747e-08,0.027714695781469345
window-fd3fd9431d2a53bed992,269_28620_57203,mouse,cup,0.6058641076087952,False,0.16400718688964844,1.035489549394697e-05,0.0008638062863610685,0.0002512488281354308,0.00301783112809062,8.281777499029308e-13,0.0013458684552460909,1.122911817219574e-05,0.00439612427726388,0.6058641076087952,1.344735238717476e-07,0.07671400159597397,2.4163999114534818e-05,4.3598629417829216e-06,1.0156487633139477e-06,0.01829041726887226,1.3974296280139242e-06,2.0871990273008123e-05,5.5544533097418025e-05,1.1494167214022707e-15,2.1234875021036714e-05,4.9097991450253176e-08,0.0005325201200321317,0.0005792583106085658,0.0002735246962402016,0.12371381372213364
window-e0ae2f0bda1130657bcc,269_28620_57203,mouse,toyplane,0.399870902299881,False,0.19075226783752441,5.641637835651636e-05,0.0038143519777804613,0.0009854912059381604,0.003846771316602826,1.3227147155348007e-09,0.03326466679573059,0.026232615113258362,0.00012165338557679206,0.00963035598397255,5.021117317483004e-07,0.0004743698227684945,2.4588209726061905e-06,4.176494985586032e-05,0.011025640182197094,0.28324615955352783,2.406023158485482e-10,6.311956531135365e-05,2.5641398678999394e-05,2.6510738049267957e-12,0.0003974883002229035,9.773804521273632e-08,0.399870902299881,0.012132328003644943,0.0006062830798327923,0.02340865135192871
window-0921ccc2b1699f992e8a,269_28620_57203,mouse,toyplane,0.4341956675052643,False,0.01134966965764761,0.00035834466689266264,0.015941495075821877,8.041709952522069e-05,0.02095637656748295,1.4131680359241727e-07,0.01674487441778183,0.009760189801454544,0.004405489657074213,0.030623065307736397,5.389788526599659e-08,0.0020945121068507433,0.0001964265393326059,1.1043024642276578e-05,0.006715077906847,0.14388158917427063,1.9574880383288473e-08,0.00017090655455831438,6.293803744483739e-05,3.132694299280703e-13,7.418374298140407e-05,1.6519851442353684e-06,0.4341956675052643,0.0004797857254743576,0.003613583277910948,0.29828253388404846
window-d6267af99d59c06c1f14,269_28620_57203,mouse,wineglass,0.5555107593536377,False,0.027587134391069412,1.0658676728780847e-05,0.0005186510970816016,5.673906343872659e-05,0.0017553172074258327,1.393956150508302e-08,0.03902289271354675,3.21687402902171e-05,0.002315173391252756,0.18863247334957123,1.6876421682354703e-07,0.006498853210359812,1.9913418327632826e-06,9.856090764515102e-05,0.0002783985692076385,0.10510192811489105,2.3086927924964584e-08,6.710170418955386e-05,0.00018603508942760527,2.960365920500266e-14,6.850757199572399e-05,1.7713294653276535e-07,0.06599607318639755,0.005478444509208202,0.000781766779255122,0.5555107593536377
window-414f044196be8cb9daf4,373_41590_83041,mouse,mouse,0.7386745810508728,True,6.0499140090541914e-05,7.202424603747204e-05,0.00044536750647239387,0.07939226180315018,0.0003579620097298175,6.214577734798415e-14,0.04086220636963844,0.0009936298010870814,0.00014907297736499459,3.916887362720445e-05,0.0003385439922567457,0.007515867240726948,7.2136044764192775e-06,0.0006613489822484553,0.007416865788400173,0.7386745810508728,0.0007065801764838398,0.0001460792700527236,0.0004139668308198452,8.76031754160067e-06,6.560368092323188e-06,0.08134227991104126,0.011577188037335873,5.563184458878823e-06,0.02838386595249176,0.0004225571465212852
window-18514abd842b52e35d79,373_41590_83041,mouse,mouse,0.33338069915771484,True,0.0009221088257618248,0.0005589444190263748,0.0039013971108943224,0.0039337328635156155,0.10028114914894104,4.401217723604134e-10,0.010116665624082088,0.0024926483165472746,0.02574923448264599,0.09152012318372726,0.0009389955666847527,0.011968007311224937,0.0059366836212575436,0.08654550462961197,0.012000142596662045,0.33338069915771484,0.020460095256567,0.05247855186462402,0.01500427071005106,2.4408811896137195e-06,0.000407861836720258,1.2632161769943195e-06,0.01485112588852644,0.009593695402145386,0.12717363238334656,0.06978099793195724
window-b41839a8cddc0443da1a,373_41590_83041,mouse,handbag,0.26328203082084656,False,0.0004437307361513376,0.0005462068947963417,0.05106257274746895,0.00348763563670218,0.0021313440520316362,1.7190249224086074e-09,0.007064459845423698,0.040282610803842545,0.028965014964342117,0.021060653030872345,1.120622891903622e-05,0.26328203082084656,0.006704110186547041,0.02154683880507946,0.043690893799066544,0.17143644392490387,0.0005777369369752705,0.08019418269395828,0.013214432634413242,1.1038948741770582e-06,0.0017443433171138167,0.006334600504487753,0.01339513249695301,0.0008826911798678339,0.006163748446851969,0.21577630937099457
window-e842d1eff2a1afa53f61,373_41590_83041,mouse,bench,0.3826940953731537,False,0.0002732900029513985,0.008203569799661636,0.20058856904506683,0.3826940953731537,6.992921407800168e-05,1.5100068209163674e-14,0.010209964588284492,0.0003851730434689671,0.005788033362478018,0.0006259833462536335,0.005097561050206423,0.020864002406597137,1.4136365280137397e-05,0.00018165046640206128,0.00039721655775792897,0.11441614478826523,0.0005867950385436416,0.001428778632543981,0.032577257603406906,5.979152774671093e-06,0.001053087878972292,0.20544321835041046,0.0018382833804935217,1.4096516679273918e-05,0.0044881729409098625,0.0027549637015908957
window-4f96528298d7db716caa,374_41907_84025,mouse,hydrant,0.6462949514389038,False,0.031420107930898666,0.0011456467909738421,1.2846936670030118e-07,0.03127806633710861,0.0005092559731565416,2.2192096146158185e-22,0.0046533565036952496,0.00011581071157706901,0.028580326586961746,0.005236536730080843,2.8756778192473575e-05,8.240856914198957e-06,0.6462949514389038,0.017399756237864494,1.9868418803525856e-06,0.0006761727854609489,0.03408598527312279,0.04124753549695015,8.580424764659256e-05,2.9054007200102205e-08,0.00021800411923322827,1.7182919531677499e-09,0.019283626228570938,0.06086607277393341,0.004658613819628954,0.07220520824193954
window-49efd91e5739a00a2ee1,374_41907_84025,mouse,wineglass,0.34225326776504517,False,2.000608765229117e-05,6.431366728065768e-06,8.932300943342852e-07,0.03895264118909836,0.2721858322620392,1.417629242376768e-19,0.005657442379742861,0.030472731217741966,2.2666861809739203e-07,6.209610000951216e-05,0.00013973422755952924,0.0002473176864441484,0.006787681020796299,0.00019182734831701964,3.281877170024927e-08,0.003650431288406253,3.315496766020942e-10,0.010362244211137295,4.849928245675983e-07,2.779391179742605e-16,1.0210132131760474e-05,8.214447871912611e-11,0.005222726613283157,0.28248247504234314,0.001293173641897738,0.34225326776504517
window-cc700b68bbbcb5825451,374_41907_84025,mouse,wineglass,0.6539214849472046,False,0.0004520161310210824,9.01017938303994e-06,1.550326942378888e-07,0.0031928936950862408,0.1227148026227951,5.228662935675387e-20,0.008539710193872452,0.003698521526530385,6.5720205384423025e-06,0.00025606967392377555,8.505195728503168e-05,6.347725866362453e-05,0.006096310913562775,0.004613660741597414,3.6684340898318624e-08,1.648390752961859e-05,1.9795303174419132e-08,0.008358639664947987,3.4531083770161786e-07,4.0672787403675525e-14,0.00012920766312163323,2.1981014342031813e-08,0.15470494329929352,0.03287715092301369,0.00026350634288974106,0.6539214849472046
window-ef306fe7fcb5c236bb28,374_41907_84025,mouse,hydrant,0.6844991445541382,False,0.013405215926468372,8.721900667296723e-05,3.4677941584959626e-05,0.062011316418647766,0.030867861583828926,5.003075515333761e-22,0.0006993175484240055,0.013873082585632801,5.252727714832872e-05,0.0020881518721580505,3.182023283443414e-05,1.3221290828369092e-05,0.6844991445541382,0.0048241037875413895,6.90823531712681e-09,0.0007877255557104945,0.0027766097337007523,0.042689211666584015,1.1966279771513655e-06,1.797400783765113e-09,0.0022657024674117565,2.4665638420628966e-09,0.06345811486244202,0.0013303356245160103,0.0007680321577936411,0.07343537360429764
window-33684eedd96601e00c2a,537_78163_151221,mouse,hydrant,0.2747386693954468,False,0.0056849075481295586,0.002527655800804496,0.03352563828229904,0.001982237910851836,0.0008575501851737499,1.4886026855620571e-09,0.0012365615693852305,0.2466549277305603,2.0725024114653934e-06,0.0029211658984422684,0.0027444350998848677,9.620018317946233e-06,0.2747386693954468,0.11266320198774338,1.7067875887732953e-05,0.12920045852661133,0.0026604128070175648,0.0008590673678554595,6.517802830785513e-06,9.728178156365175e-07,0.07012329995632172,1.0185213028535145e-07,0.026845550164580345,0.0781593918800354,0.0009005310130305588,0.0056780423037707806
window-bc9e2450fb529b38ff88,537_78163_151221,mouse,hydrant,0.5280426740646362,False,0.0009599300683476031,0.00015116755093913525,0.09079074114561081,1.1062327757827006e-05,0.0008472048211842775,1.1684864187344601e-10,0.0013131116284057498,0.022045759484171867,4.9515114369569346e-05,0.001155780628323555,0.0009597067255526781,9.205077589058419e-08,0.5280426740646362,0.01021096482872963,3.5965806546300882e-06,0.15190991759300232,1.6406756913056597e-05,0.0004437111783772707,5.598658390226774e-07,4.972841582961962e-10,0.05940086394548416,3.199835063583123e-08,0.04998738691210747,0.07949121296405792,0.0007226885063573718,0.0014859422808513045
window-e2a86141853dc6f3d56d,537_78163_151221,mouse,mouse,0.282643586397171,True,0.12767639756202698,0.016876984387636185,0.17709998786449432,0.00516003230586648,0.0005178155261091888,0.007078067399561405,0.008160012774169445,0.15933802723884583,0.0007125938427634537,0.003031359985470772,0.036428291350603104,0.000581667642109096,0.044288914650678635,0.06080105900764465,0.000404612859711051,0.282643586397171,0.016070550307631493,0.0051255556754767895,0.009801615960896015,0.000498734472785145,0.005102722905576229,1.4320891750685405e-05,0.0005695099825970829,0.02638641558587551,0.0019695942755788565,0.003661504713818431
window-9f55e42e8f27d2d30a70,537_78163_151221,mouse,mouse,0.5587348341941833,True,0.0215707179158926,0.03529622405767441,0.1177375391125679,0.0015653249574825168,0.0016963478410616517,0.002700530458241701,0.014270010404288769,0.042184535413980484,0.0030822944827377796,0.004207311663776636,0.041158631443977356,0.001381412846967578,0.002672333735972643,0.06809073686599731,0.0005511080962605774,0.5587348341941833,0.02340020425617695,0.002865202259272337,0.011024476028978825,0.0003091162070631981,0.0010309142526239157,8.073542994679883e-05,0.00024386965378653258,0.04301728308200836,0.0009178257314488292,0.00021045506582595408
window-10e82e26752a6cb4b2e1,616_99441_199619,mouse,carrot,0.9969257712364197,False,0.0019648068118840456,1.040484039549483e-05,1.4310271012618614e-07,7.651044242606986e-09,1.908822468976723e-06,0.0,1.2200034760212475e-08,0.9969257712364197,6.264439189607174e-09,7.066498073982075e-05,2.901621428463841e-06,2.438721447006742e-10,1.029603702643045e-12,3.649308411013408e-08,2.925889391880432e-11,9.0908676142476e-09,2.821799604782566e-17,0.0009920223383232951,7.963445568748284e-06,1.051977671512882e-19,2.8473110091908893e-07,9.370286664645011e-13,2.4011453092498414e-07,7.490720044245336e-09,8.119558515318204e-06,1.4789176020713057e-05
window-231aa478fc602e49d9f9,616_99441_199619,mouse,carrot,0.9846522808074951,False,0.0005271395784802735,0.0009159556939266622,0.0002229086239822209,8.181748334390448e-11,1.1018376255833573e-07,0.0,9.411547097215589e-08,0.9846522808074951,5.9463726387321e-08,2.648331064847298e-05,1.9072738723480143e-05,1.902579427337514e-09,7.204439560052064e-18,6.987967935856432e-06,2.025589765253244e-06,1.6639076250157814e-07,1.5664058181035848e-19,1.0336178092984483e-05,0.013551040552556515,4.91155430723895e-27,1.0593682731041554e-07,1.635365156011162e-13,6.505056808236986e-05,1.6414296055700106e-07,6.372739846938202e-08,2.7276504610540542e-08
window-53ccf9cb5ed26cef113a,616_99441_199619,mouse,toytruck,0.9708348512649536,False,0.0003202732768841088,6.332094848460201e-09,1.9902924464076932e-07,2.9281596678615296e-12,1.7589347578450543e-07,7.751053116869098e-21,3.859631192426605e-08,0.00010509046114748344,0.0018953111721202731,6.048563960803222e-08,0.0025593058671802282,0.0006849420024082065,3.379451385399079e-08,0.0014946404844522476,1.41114964158362e-09,3.821442078333348e-06,1.8560785878824877e-20,0.00016080473142210394,3.8936482269491535e-06,0.013777371495962143,1.0152600982138438e-09,1.1148858086508935e-16,0.003352479776367545,0.9708348512649536,1.8929517864307854e-07,0.0048065511509776115
window-a8293d1ce0e82e2598ff,616_99441_199619,mouse,cup,0.9215132594108582,False,3.719636367804924e-07,3.665925635970568e-12,5.449356521580739e-10,4.743875251733698e-06,0.000240312801906839,0.0,2.994021269842051e-05,0.0010642410488799214,6.137847452514222e-10,0.9215132594108582,8.602036416505143e-09,0.00012802291894331574,0.07469121366739273,2.633812982821837e-06,3.2134357674795666e-11,7.59478325562668e-07,2.033375222959175e-15,0.002221511909738183,7.560595258837566e-05,2.153959940187633e-05,5.491334604812437e-07,1.3115213125594605e-12,2.570959907188808e-07,1.3639706031298715e-10,2.7425835469330195e-07,4.67378640678362e-06
window-f1d11cd11fde183c47d4,105_12597_24882,parkingmeter,parkingmeter,0.998412013053894,True,2.4474331894452916e-08,1.1603409433291745e-07,3.9524064732177067e-07,2.006460817938205e-06,3.835868938040221e-06,3.4212052492339296e-16,9.522670734440908e-05,3.6619046683838974e-10,0.00015235495811793953,9.642541408538818e-05,7.65325216395274e-12,1.752844764268957e-05,0.00024016437237150967,3.6182501617076923e-07,3.419400798065908e-07,0.00046394922537729144,0.998412013053894,1.5333915825976874e-06,8.888920888239227e-07,9.959848057405907e-09,4.634211734355631e-07,1.0536096439750509e-09,9.886106454359833e-06,0.000462868221802637,2.185590346925892e-05,1.7676560673862696e-05
window-000abbd73704e3d2a0bc,105_12597_24882,parkingmeter,parkingmeter,0.9708996415138245,True,6.598926266532246e-11,3.4672273940827836e-09,0.027606762945652008,0.00014546960301231593,3.287238359916955e-05,1.498045715253582e-10,5.5567028311998e-08,6.457818169103291e-10,3.5527118598110974e-05,0.0005684453062713146,4.612769801543015e-12,1.2087147638339957e-07,0.00017732265405356884,9.790767308004433e-08,0.00024038612900767475,8.984731039163307e-07,0.9708996415138245,7.092580744938459e-06,7.07088156559621e-06,5.882227469555801e-06,1.4857459262884731e-08,1.7736515589561463e-09,5.0837059006880736e-08,0.00016806641360744834,7.231989729916677e-05,3.198219928890467e-05
window-8983f24504dc4e7d655f,105_12597_24882,parkingmeter,parkingmeter,0.9921519756317139,True,1.1719645254260058e-09,3.469372813924565e-06,0.0010206662118434906,0.00011311339039821178,2.4355731511604972e-05,7.098697807350618e-08,6.599157131859101e-08,1.0837039043920527e-09,2.3319595129578374e-05,0.0040084016509354115,7.515598667851009e-07,3.1599199701304315e-07,0.0016588636208325624,7.783760906932002e-07,0.00021536815620493144,2.366136641285266e-06,0.9921519756317139,5.923906428506598e-05,7.657441528863274e-06,0.00041675459942780435,7.374280357907992e-06,6.22026030683287e-09,1.7690652498458803e-07,8.839154907036573e-05,0.00018574732530396432,1.0828662198036909e-05
window-6d7f2b19975cca3c301a,105_12597_24882,parkingmeter,cup,0.2352294623851776,False,6.490205350928591e-07,0.003853732254356146,0.1354171335697174,0.01997307687997818,0.0002752267464529723,0.21397072076797485,5.485061592480633e-06,1.7767117697076173e-06,0.02220863662660122,0.2352294623851776,2.309138436018543e-09,0.002057329984381795,7.004848157521337e-05,4.48484257731252e-07,0.15388599038124084,0.0025649392046034336,0.038166455924510956,0.002778422087430954,0.0016482232604175806,7.840117177693173e-06,0.001507140463218093,0.0005571001092903316,0.00020927526929881424,0.0023486395366489887,0.1632288694381714,3.349028338561766e-05
window-1b9aad6f9c00dcbe0f20,429_60447_117580,parkingmeter,wineglass,0.43088605999946594,False,3.879569874243316e-07,0.00030288356356322765,0.026233157142996788,0.03462229669094086,0.004157740157097578,1.2026994141489056e-18,7.449076656484976e-05,0.0004816354194190353,0.09748386591672897,1.8227261534775607e-05,1.568491461512167e-05,0.00022824996267445385,4.1565741412341595e-05,1.1607939086388797e-05,0.08934865146875381,1.457516134450998e-07,0.19013938307762146,0.00013373205729294568,0.0008707822998985648,0.0002272435958730057,1.3685636986338068e-05,0.09835269302129745,6.214926315806224e-07,3.608292536227964e-05,0.02631913498044014,0.43088605999946594
window-23c6cd24270c7aee4df6,429_60447_117580,parkingmeter,parkingmeter,0.717155396938324,True,2.0866885108716815e-07,7.845426443964243e-05,0.001372201950289309,0.0018189013935625553,0.10260765254497528,1.142583256630517e-17,0.001401890884153545,0.0004759664589073509,0.017708830535411835,5.7022283726837486e-05,0.000309300230583176,0.0005425743293017149,0.0003582920762710273,0.00042619812302291393,0.0007014024304226041,1.208883304570918e-07,0.717155396938324,3.484904664219357e-05,0.0037827615160495043,5.4868498409632593e-05,5.4254403949016705e-05,3.6309484130470082e-06,4.830136504097027e-07,6.660628969257232e-06,0.010083915665745735,0.14096419513225555
window-30620ec6f1436f3dad2f,429_60447_117580,parkingmeter,ball,0.5308740139007568,False,5.449095965559536e-07,0.5308740139007568,0.0018242921214550734,0.04441554844379425,0.00013491146091837436,7.04034674576902e-16,7.443521798933261e-09,8.322337816935033e-05,0.003012151224538684,0.0004344630578998476,3.948136964027071e-06,0.0007714497623965144,2.7622104425972793e-07,1.927482480823528e-05,0.01077413372695446,2.1728839783463627e-05,0.13887974619865417,0.00010466341336723417,0.003972666338086128,8.56645783642307e-06,6.062817192287184e-05,0.013005120679736137,1.0676053108227279e-07,5.099367172078928e-06,0.19919325411319733,0.05240020528435707
window-bf7f6774961e56c65295,429_60447_117580,parkingmeter,wineglass,0.4310862421989441,False,0.0001020494382828474,0.0001700287830317393,0.0036259754560887814,0.005982528440654278,0.008331888355314732,2.2489593520802487e-11,0.1364123672246933,0.0018907265039160848,0.15017154812812805,0.00840763933956623,0.001060662092640996,0.017848292365670204,0.00020336579473223537,0.0005456306971609592,0.007634918205440044,0.010706113651394844,0.19728848338127136,0.003906250931322575,0.00027062700246460736,0.010025559924542904,0.0007909234263934195,0.0004857091116718948,0.00037709856405854225,0.0003466224588919431,0.0023287448566406965,0.4310862421989441
window-15af39c11478ab7c8bf4,602_93529_187049,parkingmeter,cup,0.5679469108581543,False,5.6501356482385745e-08,2.312283342575938e-08,0.374081552028656,4.4841224735137075e-05,0.0004600604297593236,4.622066552838068e-22,0.031155502423644066,0.0012818246614187956,0.00019927429093513638,0.5679469108581543,9.117521182488986e-10,0.0011092120548710227,1.776382241303054e-08,0.00838153250515461,0.005733880680054426,2.9768389140372165e-06,8.794112460464021e-08,0.00259095779620111,2.137700175808277e-05,7.064817914709254e-12,1.4026821872903383e-06,0.000172269472386688,2.0885328922304325e-05,9.570310794515535e-06,0.0067345574498176575,5.127811891725287e-05
window-3584954c12c83992f583,602_93529_187049,parkingmeter,umbrella,0.4134255647659302,False,5.957024313829606e-07,2.091878753551768e-10,0.2517910599708557,8.034707207116298e-06,6.426426466532575e-07,8.946804892419154e-21,0.1410467028617859,0.0023433177266269922,7.958997593959793e-05,0.18545067310333252,5.625682645421515e-12,0.00032807301613502204,2.9583517857645347e-07,0.00467643141746521,0.0003533365670591593,5.8166497183265164e-05,5.354891072784085e-07,5.690979742212221e-05,7.589366077809245e-07,3.2877164566366777e-15,5.838555352966068e-06,1.3368817519676668e-07,8.161987352650613e-05,0.0002908805035986006,0.4134255647659302,8.489754463880672e-07
window-abc0b06f5a1478fbe3df,197_21223_42168,plant,plant,0.45435118675231934,True,0.004092400427907705,0.04225606471300125,0.003497665748000145,0.01955527998507023,0.0006259168731048703,7.259894575498232e-18,0.002331650583073497,0.0010075443424284458,9.138274617725983e-05,0.0017651262460276484,4.871845362686145e-07,0.00011982768046436831,0.0025703569408506155,0.002280687214806676,3.230006041121669e-05,0.38991472125053406,3.2415937312180176e-05,0.45435118675231934,0.02378641813993454,3.457854745647637e-06,0.04450815171003342,0.00013246649177744985,0.00011791177530540153,0.005744007881730795,0.0011355637107044458,4.6965844376245514e-05
window-080762098ea107819154,197_21223_42168,plant,plant,0.5225574970245361,True,0.00023034689365886152,0.0011875319760292768,0.001054300693795085,0.033954598009586334,0.002490787534043193,5.671266084949315e-17,0.0012723287800326943,3.493334224913269e-05,0.0001221588609041646,0.0011636732378974557,4.017502703845821e-07,0.00022806103515904397,0.002000669250264764,9.151042831945233e-06,2.417515315755736e-05,0.1212531328201294,8.033067388169002e-06,0.5225574970245361,0.0004925350658595562,1.6699485058779828e-05,0.3069715201854706,0.00010679280967451632,4.1378320020157844e-05,0.0021957908757030964,0.0025798045098781586,3.6675858154922025e-06
window-f4c1801c99cea4cffdc4,197_21223_42168,plant,plant,0.670378565788269,True,2.727394712565001e-05,0.00023798938491381705,0.001996996346861124,0.013191928155720234,0.0019498449983075261,1.2294393716181776e-17,0.00046819134149700403,8.585215255152434e-06,0.00010834430577233434,0.00026609571068547666,4.1868918287946144e-07,0.00024194037541747093,0.0012093570549041033,2.7944238354393747e-06,7.969571015564725e-05,0.1978573203086853,2.8741418645950034e-05,0.670378565788269,0.00021719805954489857,7.155874300224241e-06,0.10834989696741104,2.0379746274556965e-05,0.00015487225027754903,0.001883321674540639,0.0013120467774569988,1.0401845429441892e-06
window-142223aa8689427bc764,197_21223_42168,plant,plant,0.39436617493629456,True,0.003649999387562275,0.003472174983471632,0.006044851616024971,0.020994069054722786,0.0018090128432959318,2.12880158421993e-16,0.0026996878441423178,0.00026958799571730196,0.0004223024006932974,0.0006880393484607339,1.6238068383245263e-06,0.00013054512965027243,0.0022247100714594126,0.00018826936138793826,5.771327778347768e-05,0.36525624990463257,0.00015236357285175472,0.39436617493629456,0.0028313633520156145,2.8354907044558786e-06,0.17532575130462646,3.177305916324258e-05,0.00018515616829972714,0.014878349378705025,0.004296210594475269,2.1164411009522155e-05
window-1b719d36517d7763b1a9,346_36039_66047,plant,hydrant,0.9215103387832642,False,9.515697740880569e-08,2.751459533101297e-06,3.25907240039669e-05,0.0005729738040827215,0.0002559591957833618,2.421640147076687e-06,6.753527850378305e-05,2.9812715638399823e-06,4.808904486708343e-05,0.011622975580394268,5.229829369568506e-08,0.009017367847263813,0.9215103387832642,0.0015400686534121633,0.002171669155359268,2.3881226297817193e-05,0.0022019122261554003,0.045427750796079636,3.849648419418372e-05,2.540277099782884e-09,4.265540454184702e-08,9.060177944775205e-06,0.0004249596386216581,3.57660319423303e-05,8.426932618021965e-05,0.00490600848570466
window-1c13b12de3c6f04f90af,346_36039_66047,plant,toilet,0.7797549366950989,False,2.3018425054033287e-05,6.344983376038726e-06,0.007720011752098799,0.01835355907678604,0.000799303175881505,7.547126479323651e-09,0.0007298342534340918,4.870666089118458e-06,0.001327713136561215,0.00015200712368823588,2.9265981638104677e-08,0.0001945024123415351,0.0005149347707629204,4.081654424226144e-06,0.01815791428089142,0.0006123810890130699,0.15039169788360596,0.001496845274232328,0.0001708639902062714,1.3229605144715606e-07,1.8865154061131761e-07,0.7797549366950989,2.8505181035143323e-05,2.6402814910397865e-05,0.001545401057228446,0.017984606325626373
window-a46aca6fa984b4b3467a,346_36039_66047,plant,plant,0.43791067600250244,True,0.0003680176450870931,0.0018758854130282998,0.001111658988520503,0.001636595232412219,6.575660518137738e-05,0.0018275106558576226,0.001504517043940723,3.0820589017821476e-05,0.0012281413655728102,0.03501681983470917,2.5605464543332346e-05,0.0037729793693870306,0.26316261291503906,8.901331602828577e-05,0.028373856097459793,0.002398116746917367,0.1520615518093109,0.43791067600250244,0.00018620396440383047,3.932533587658327e-08,3.0829155548417475e-06,0.030844686552882195,0.0003687855205498636,0.00974830612540245,0.0012393429642543197,0.02514948509633541
window-1bcc1f02349f3eacb6a7,346_36039_66047,plant,cake,0.29976198077201843,False,0.024830708280205727,0.006637308746576309,0.00292174331843853,0.019124755635857582,0.0009180460474453866,0.00014143036969471723,0.29976198077201843,0.000696442206390202,0.02348330430686474,0.012238262221217155,5.073595275462139e-06,0.0118503887206316,0.17771941423416138,0.00021177301823627204,0.013306563720107079,0.024797270074486732,0.005013542249798775,0.01122010312974453,0.0015255126636475325,5.7744702353090815e-09,0.0001786782086128369,0.2642515301704407,0.03047734871506691,0.020824309438467026,0.02516811713576317,0.02269631437957287
window-82a0b061f38c9777cd3d,374_42124_84248,plant,teddybear,0.4220833480358124,False,0.058228060603141785,0.029524855315685272,0.16264000535011292,0.0021903044544160366,0.0005041179247200489,0.006905197631567717,0.006222589407116175,0.11426243185997009,0.0002677582378964871,0.0006946564535610378,0.10945174098014832,0.006323923822492361,3.6786263081012294e-05,0.013983799144625664,5.3526706324191764e-05,0.002148744184523821,1.430824886483606e-05,0.0006700720405206084,0.05823471397161484,9.186141847195017e-10,0.4220833480358124,0.0016703886212781072,0.0014426261186599731,0.001326365047134459,0.0006414307281374931,0.0004782435717061162
window-1a7ce30e511d5ac07a1d,374_42124_84248,plant,teddybear,0.854013204574585,False,0.02443232201039791,0.011979801580309868,0.003933468833565712,0.00016874614811968058,0.0019857545848935843,4.291201548767276e-05,0.003644039388746023,0.035281673073768616,0.0024700025096535683,0.00019939058984164149,0.010694749653339386,0.00231446186080575,0.002960836049169302,0.0061101471073925495,0.00025640352396294475,0.0011848461581394076,2.897062586271204e-06,0.001799608813598752,0.03270700201392174,2.779702690247632e-08,0.854013204574585,0.0005158510757610202,0.00021700066281482577,0.002498235320672393,0.0005461807013489306,4.048683331348002e-05
window-67517d56d08f5dd4d00c,374_42124_84248,plant,teddybear,0.879289448261261,False,0.022705374285578728,0.006128821521997452,0.004033115692436695,0.0001433442230336368,0.0053648510947823524,0.00039058062247931957,0.002568415366113186,0.010684763081371784,0.0038392285350710154,0.0001792672701412812,0.015630066394805908,0.003146021394059062,0.006392560433596373,0.0012642069486901164,0.0004583634727168828,0.0030727421399205923,8.428519322478678e-06,0.015844983980059624,0.012827095575630665,1.1720369030854272e-07,0.879289448261261,0.000629895890597254,0.000842308858409524,0.003529965179041028,0.0009924728656187654,3.356941306265071e-05
window-5349774507c85fe5f31a,374_42124_84248,plant,baseballbat,0.4448324143886566,False,0.012701580300927162,0.015148399397730827,0.4448324143886566,0.011030810885131359,0.0030038473196327686,8.832789899315685e-05,0.004057128448039293,0.1218215823173523,4.153258851147257e-05,0.004603675100952387,0.04606294631958008,0.016341984272003174,0.00035872351145371795,0.057838600128889084,0.00016631359176244587,0.013586758635938168,9.384359873365611e-05,0.001711011864244938,0.010631116107106209,1.4597818065453794e-08,0.13396281003952026,0.05335908383131027,0.015219052322208881,0.005910248961299658,0.019452493637800217,0.007975625805556774
window-973b8d2514fa9f09e54a,38_1678_5044,plant,plant,0.9944331049919128,True,0.00024794848286546767,7.336713014893803e-09,1.823208748419347e-07,8.29392683954211e-06,3.4142746585530404e-07,6.841197546236799e-07,0.00014807403204031289,4.124465657895371e-09,0.0004796868597622961,0.00032814426231198013,7.827804893167922e-08,0.0007344453479163349,2.5116898783039687e-08,1.8267531913807034e-06,7.685357559239492e-05,0.0031024361960589886,1.2775972771036925e-13,0.9944331049919128,3.3595719628465304e-07,7.387234270475607e-13,3.5857294278685004e-05,4.898466077207786e-09,6.0379290516721085e-05,0.0002441714459564537,1.3162032574953741e-09,9.724184201331809e-05
window-92d9cd0e5717fbb96436,38_1678_5044,plant,plant,0.90949547290802,True,0.0014244129415601492,2.875872837648785e-07,8.367343980353326e-06,7.954467946547084e-06,0.00017000362277030945,0.00017998206021729857,0.013417111709713936,3.945638979985233e-07,0.002940912963822484,0.0013221102999523282,8.826302655506879e-05,0.004509214777499437,1.1578605096929095e-07,0.0005699241301044822,0.05269833654165268,0.006870943121612072,4.5036329808685605e-13,0.90949547290802,4.779631126439199e-05,8.932753148283012e-11,0.002439153613522649,1.9645181964733638e-05,0.002166583202779293,0.00033983043977059424,2.054173091892153e-05,0.0012625160161405802
window-9df30bcae1ebe64a7a32,38_1678_5044,plant,plant,0.6773213148117065,True,0.0033108035568147898,2.4595426566520473e-06,0.00012374401558190584,3.129597826045938e-05,0.0005109781050123274,1.619626345927827e-06,0.00946201290935278,1.2277855603315402e-06,0.010362624190747738,0.0029373650904744864,0.00017910986207425594,0.0052419258281588554,1.0166684916157465e-07,0.0005843049148097634,0.2069566249847412,0.056444358080625534,8.720964922437346e-12,0.6773213148117065,0.0001258900301763788,7.769557566761343e-12,0.0023915001656860113,9.222982043866068e-06,0.010806596837937832,0.0019060781924054027,0.0007632693741470575,0.010525541380047798
window-a5f524c53d0b248f9a33,38_1678_5044,plant,plant,0.9026380181312561,True,7.685593300266191e-05,1.2772425783680319e-08,6.4447035583725665e-06,6.565556304849451e-06,2.69952852249844e-05,5.369769269236713e-07,0.005010484717786312,3.8593121587382484e-08,0.0008871667087078094,8.842756506055593e-05,1.3143609066901263e-05,0.006312634330242872,2.147940314500829e-08,3.7025056371930987e-06,0.04637499526143074,0.03225261718034744,5.594405147468784e-13,0.9026380181312561,7.364474004134536e-05,6.238698446736635e-10,4.143117621424608e-05,2.9099615517225175e-07,0.00016012835840228945,0.005860473494976759,5.8955220083589666e-06,0.0001594905334059149
window-8053bb8c6fee3b795551,40_1901_5812,plant,microwave,0.5895069241523743,False,4.243896546540782e-05,0.0018760011298581958,0.03671426326036453,2.7848802346852608e-05,5.291445631883107e-05,0.001979451859369874,0.037268467247486115,0.00011958850518567488,0.011481706984341145,0.022910116240382195,1.1219508166959713e-07,0.22149282693862915,0.0007112285238690674,0.0017494384665042162,0.5895069241523743,0.00012101225729566067,0.003203539177775383,0.02848273701965809,0.0038336957804858685,1.8751904543035103e-11,4.527416604105383e-05,2.3154243535827845e-06,0.0004285227332729846,0.0007339316653087735,0.0023224051110446453,0.03489312157034874
window-b0e280d25d341d499398,40_1901_5812,plant,ball,0.9805933237075806,False,8.623071153124329e-06,0.9805933237075806,4.232820629113121e-06,1.4753521737631559e-09,2.0942092504583343e-08,8.104573367972989e-08,7.332070595111873e-07,1.9018296370632015e-05,1.8140081659012708e-09,1.6327796402038075e-05,1.6012261516706872e-09,0.0028532291762530804,3.8664293100509894e-08,3.511305806114251e-07,1.6453455486953317e-07,1.430271368008107e-07,2.505733043278724e-08,0.016477184370160103,1.128719850385096e-05,1.0891834541342988e-16,3.032550210946283e-08,1.0527528848669476e-09,1.3456552316881698e-08,3.5068416082140175e-07,3.9269870910629834e-08,1.475411409046501e-05
window-fef2328c462294a24a92,40_1901_5812,plant,plant,0.6266800165176392,True,0.001102239592000842,0.3545246124267578,0.0007640759577043355,1.1190816621819977e-05,7.466953775292495e-07,3.378921178409655e-07,1.1190773875568993e-05,0.0021723457612097263,1.0739086064859293e-07,0.0020016890484839678,3.0244983600935527e-11,0.004047138150781393,8.3178593968114e-07,0.00018600364273879677,0.00011898898083018139,1.0218226634606253e-05,1.6008885722840205e-05,0.6266800165176392,2.3304699425352737e-05,1.5048356441157984e-12,5.258104351923976e-07,2.2299666453673428e-12,4.0123522921931e-06,1.0822777767316438e-05,4.057759639408687e-08,0.008313633501529694
window-e6257c0d8a6b5fd3ee9f,40_1901_5812,plant,handbag,0.3086465299129486,False,1.1142391258545103e-06,0.299811452627182,0.00027421850245445967,4.151625319082086e-07,2.1027908587711863e-06,2.041325442014852e-12,3.919034861610271e-05,8.178192729246803e-06,3.243919763917802e-07,0.00013206760922912508,1.577080332992864e-08,0.3086465299129486,0.0001621561823412776,3.7018580769654363e-05,0.002237483160570264,0.00010010872210841626,8.55752732604742e-05,0.0866675153374672,1.7258504158235155e-05,9.636563465600934e-13,1.5281380605358663e-09,1.2375751812232494e-10,1.0022272363130469e-05,1.3894657058699522e-05,5.204718036111444e-05,0.30170124769210815
window-ac5a922d263d86d3f08d,480_68442_132810,plant,handbag,0.632983386516571,False,0.01182140689343214,0.0026152196805924177,4.758901539503313e-08,0.0002527314645703882,0.00012637380859814584,2.2519814042496216e-33,0.0009430191712453961,3.6887431633658707e-06,0.12741127610206604,4.291964614822064e-06,0.00032145529985427856,0.632983386516571,3.842466067549566e-10,0.00017501965339761227,2.1518852477697692e-08,0.021774306893348694,1.4089715705267736e-07,0.00037779720150865614,0.07719534635543823,2.47303739986382e-12,0.12382615357637405,1.8768425434245728e-05,0.00013881141785532236,8.628845534985885e-06,1.542480454475026e-08,2.1357807327149203e-06
window-9959ab77c5afc1dc1873,480_68442_132810,plant,chair,0.8039681315422058,False,2.029072447840008e-06,9.32626353460364e-05,7.652044823518514e-14,4.1864332160912454e-05,5.303249508870067e-06,2.0230953670307255e-31,0.02895282581448555,1.2381505598568765e-07,0.8039681315422058,0.000856128113809973,0.0004370808892417699,0.00920023862272501,3.841633400281097e-10,4.927280201627582e-07,5.834575600438541e-10,0.005210890434682369,1.3487362338082676e-09,0.14475536346435547,8.908259587769862e-07,0.0004830513207707554,3.824203247404512e-07,9.506089249100569e-09,6.34666275800555e-06,4.956181021142925e-10,1.1538097588470464e-08,0.005985616240650415
window-81213e69848fc5ea10db,480_68442_132810,plant,cake,0.9725989699363708,False,7.452822359255151e-09,9.527219901883655e-08,5.035519310553349e-12,0.0020715962164103985,9.414907964355734e-09,1.6073130659451145e-20,0.9725989699363708,3.9596492751314827e-10,0.014332077465951443,0.00013765624316874892,2.969508159367251e-07,0.001003656187094748,1.3759389503320563e-06,0.009040676057338715,6.648699724109974e-08,2.5114963136729784e-05,1.0204793454704486e-07,0.0005577585543505847,0.00015521777095273137,3.263824623900291e-07,1.0305067007720936e-05,5.322944862662382e-11,6.454434333136305e-05,2.6887933657349095e-08,1.2418290840088275e-09,4.361583316736528e-10
window-9f5b3b5adda9280d3376,480_68442_132810,plant,chair,0.7602342367172241,False,2.7405021683080122e-05,0.00012095698912162334,4.3573793462314825e-09,2.868282354029361e-05,0.00015834654914215207,1.6222647181958116e-26,0.11581482738256454,2.983461854455527e-06,0.7602342367172241,1.0205243938798958e-07,1.8185780845669797e-06,0.09883828461170197,6.139307118235848e-11,0.000595034274738282,2.0263136946141458e-07,0.0002870130992960185,9.578289272837992e-09,3.059777009184472e-05,0.023142920807003975,2.360671608279269e-13,3.5973163903690875e-05,2.9093069620067524e-10,0.0006801070412620902,4.5855961161578307e-07,3.840389783960063e-09,4.780629936362857e-08
window-d08aa31c74fa9359f378,492_70632_136944,plant,umbrella,0.34786930680274963,False,0.0011284020729362965,2.3791950297891162e-05,5.70385018363595e-05,1.3397038856055588e-06,0.0005145559553056955,2.6286776230927185e-19,0.005948541220277548,0.001270885462872684,2.669169361979584e-06,0.00024263984232675284,0.036883171647787094,9.36661017476581e-05,0.15956297516822815,0.34375834465026855,1.6200495167595363e-08,0.0912114679813385,1.442793884365301e-08,3.2653265407134313e-06,0.004073876887559891,8.764258069282604e-11,0.002187022240832448,0.00015138482558541,0.0025516508612781763,0.001564603648148477,0.34786930680274963,0.0008993197698146105
window-2e032f4fa37d531026b8,492_70632_136944,plant,umbrella,0.7413148880004883,False,0.0002445299760438502,1.3282431154948426e-06,7.568534783786163e-05,5.789177635051601e-07,1.1908844498975668e-05,3.691634281930258e-17,0.003265499835833907,0.00013430033868644387,4.23140954808332e-06,0.0004174911882728338,0.00695815309882164,2.043909574922509e-08,0.022798702120780945,0.06344044208526611,1.4438354956070043e-09,0.06163879856467247,1.0469663180856514e-07,9.591043635737151e-06,6.621203647227958e-05,3.521339849484745e-13,0.0021857444662600756,2.9396491640909517e-07,0.09631765633821487,8.381336374441162e-05,0.7413148880004883,0.0010300296125933528
window-a16446a777a00cb6b482,492_70632_136944,plant,toytruck,0.4744488000869751,False,5.751982098445296e-05,0.0025495560839772224,0.10933105647563934,0.00043399343849159777,0.002040436491370201,1.5834306530157557e-17,0.0026607944164425135,0.012854525819420815,2.209247540463366e-08,3.577476309146732e-05,0.13939769566059113,0.012996946461498737,0.004494999069720507,0.07806302607059479,1.7240392224948664e-08,0.050017766654491425,1.43984664191521e-07,2.9606520911329426e-05,0.09240982681512833,2.654411090929898e-08,0.000591653457377106,2.4002662968314326e-08,0.0002098743134411052,0.4744488000869751,0.016779053956270218,0.0005968986661173403
window-4fc7db143808aee18b4d,492_70632_136944,plant,kite,0.878290593624115,False,0.0005247991648502648,2.216415487055201e-05,0.00042006862349808216,4.365425866126316e-06,5.2137827879050747e-05,1.2951430514563006e-19,2.793426210701e-05,0.008508220314979553,3.7336860714276554e-08,1.227266875503119e-05,0.059174660593271255,1.3203569324105047e-05,0.0025262197013944387,0.878290593624115,3.6904461708786584e-09,0.018526408821344376,1.8946166857602975e-09,1.832269731494307e-06,0.024296816438436508,1.0285472797630976e-14,4.095255462743808e-06,5.854716267350568e-09,1.7609383576200344e-05,0.001581443939357996,0.00312891136854887,0.002866092137992382
window-fdba8157f743e01e1c6d,537_78170_151231,plant,cake,0.4194593131542206,False,0.030658241361379623,0.03212765231728554,6.178318290039897e-05,0.06975577771663666,0.0009580265614204109,6.43416431245214e-09,0.4194593131542206,5.02278890053276e-05,0.0031725105363875628,0.18171365559101105,5.587141345131386e-07,0.007293399423360825,0.060537759214639664,4.502491265157005e-06,2.927754150228168e-10,0.025275085121393204,5.689925527269102e-13,0.00012870643695350736,0.0007808197988197207,2.01899452018095e-11,0.03910446912050247,0.000989484484307468,8.747193760427763e-07,4.1875378542499675e-07,0.12677858769893646,0.001148159266449511
window-7a6ca9e6fd9baf9a00fa,537_78170_151231,plant,cake,0.45032933354377747,False,0.025929909199476242,0.00721333734691143,1.6832294932100922e-05,0.16379520297050476,0.0070654344744980335,3.2731293370114045e-11,0.45032933354377747,1.8229849274575827e-06,0.006780259311199188,0.02104071155190468,5.019509217163431e-07,0.027555961161851883,0.17660319805145264,2.78895925021061e-07,2.8886804406824673e-11,0.0016313082305714488,8.048709675091345e-14,0.00018555697170086205,0.00021375843789428473,7.831188475471151e-11,0.10454913973808289,0.00015283760149031878,5.91789159898326e-07,2.3436393803422106e-07,0.00657325703650713,0.0003605005913414061
window-1bbbd3f842b220e3a14d,537_78170_151231,plant,cup,0.3189567029476166,False,0.023061679676175117,0.013321582227945328,0.0010973373427987099,0.29923686385154724,0.007860567420721054,2.5518925861334196e-10,0.2348335236310959,0.0004283396992832422,0.008299766108393669,0.3189567029476166,2.9221541808510665e-06,0.020217085257172585,0.04462556540966034,0.0001365164207527414,5.570639061147631e-09,0.0016975983744487166,5.645903449619238e-12,3.6724468372995034e-05,0.0035728539805859327,1.971720425819612e-10,0.016347456723451614,0.00024385192955378443,2.6705492928158492e-05,5.745505404775031e-06,0.0032632690854370594,0.002727275714278221
window-6220b48d9ab67ad8774d,537_78170_151231,plant,cup,0.26648056507110596,False,0.122870072722435,0.00828486680984497,0.00044382005580700934,0.17646297812461853,0.007743766997009516,5.607949660202394e-10,0.13067682087421417,0.00011110081686638296,0.06957324594259262,0.26648056507110596,5.743611382058589e-06,0.030820811167359352,0.11092304438352585,0.0013134293258190155,4.2688672041713005e-10,0.0018721562810242176,2.6863736929394477e-11,3.73216244042851e-05,0.0036137658171355724,1.0751666223995926e-08,0.05108393728733063,0.0020816978067159653,1.7896372810355388e-05,8.118312507576775e-06,0.015441630966961384,0.00013318525452632457
window-45d27599584904d24532,612_97575_195854,plant,bench,0.3955326974391937,False,7.347776431743114e-08,0.00015776978398207575,0.0031290268525481224,0.3955326974391937,0.0018975583370774984,1.8942082602967092e-14,0.2001694142818451,2.8796559490729123e-05,0.0010838245507329702,5.280202231006115e-07,4.7434887164854445e-06,0.0006412728107534349,0.0020294541027396917,2.6354523470217828e-06,2.0898636648780666e-05,3.048868620680878e-06,1.3857197611599759e-09,0.00027771652094088495,9.362430546389078e-07,0.3949695825576782,3.98556912841741e-05,1.5865808666859493e-11,9.381119525642134e-07,7.579172844884852e-09,6.3009042605699506e-06,2.828768174367724e-06
window-a1222bb5f0b3de0ee288,612_97575_195854,plant,stopsign,0.5958957076072693,False,1.885548961411132e-08,5.853320885762514e-07,0.004899274092167616,0.0638372153043747,0.0011230651289224625,7.387101387946841e-16,0.33357319235801697,2.92215349873004e-06,1.3115000001562294e-06,5.1101407734677196e-05,5.175300543669437e-07,3.308921441202983e-05,0.00033245899248868227,5.443662757897982e-06,1.1175350664416328e-05,7.790458766976371e-07,1.725434709389309e-13,0.00022438842279370874,6.934338330211176e-07,0.5958957076072693,4.04742058890406e-06,4.583382098470113e-15,2.1678602024621796e-06,8.327509704031399e-07,7.73877517623589e-10,8.126042061462613e-09
window-f8c6fc1e384ee19ee024,612_97575_195854,plant,bench,0.9392998218536377,False,1.126073857449228e-05,5.890186730539426e-05,9.31822432903573e-06,0.9392998218536377,0.003092733910307288,1.2764728916881893e-14,0.0003107252705376595,1.1239377784022508e-07,0.00023509863240178674,5.723418780689826e-06,7.495812326396845e-08,3.621514451879193e-06,0.00010494787420611829,0.047954898327589035,0.007335652597248554,7.311983551971935e-08,2.3612070008645694e-14,9.862583283393178e-06,8.833186257106718e-06,0.0015072788810357451,5.646116278512636e-06,5.42323075336526e-09,1.504167084931396e-05,2.734519148361869e-05,2.9622817692143144e-06,1.264003799406055e-07
window-baf444687a292c2a62c1,612_97575_195854,plant,stopsign,0.6704686880111694,False,5.026656140216801e-07,5.099367263028398e-05,0.00018619014008436352,0.10164174437522888,0.01703529804944992,5.232664616276056e-15,0.20814065635204315,5.772710937890224e-05,7.683354488108307e-05,2.7553589916351484e-06,4.405410072649829e-05,0.0003288612933829427,0.0005786846741102636,0.0010702329454943538,0.0001083991737687029,1.6627514298761525e-07,8.149002184154597e-08,0.00011848212307086214,4.425905331117974e-07,0.6704686880111694,1.5240552784234751e-05,9.788309052183308e-12,9.574165233061649e-06,6.043057055649115e-06,3.552467387635261e-05,2.2795820768806152e-05
window-9ae2a9d82123ec2c0aef,272_29076_57620,sandwich,carrot,0.9042326807975769,False,0.0001352699619019404,9.209421114064753e-05,0.03110010176897049,1.5019011812000826e-08,3.0536437407135963e-05,4.327931107028435e-14,0.0024190626572817564,0.9042326807975769,0.00014004012336954474,2.94270898848481e-06,0.0009227205882780254,4.9805784385625884e-08,1.4758543276371938e-09,1.7016604033415206e-05,2.3828236606071584e-10,5.1852148317266256e-06,2.3901041736051898e-12,4.368294321466237e-05,1.7665810481126698e-10,1.0602182644949855e-19,0.01927966997027397,2.6772461743200526e-14,0.04149471968412399,2.0242383769186745e-08,4.0574603190179914e-05,4.353687836555764e-05
window-39ed7eeadbbf091ef08d,272_29076_57620,sandwich,chair,0.7267197370529175,False,0.00011692894622683525,8.521466224920005e-05,0.013456755317747593,1.0565602615031366e-08,0.00041382110794074833,4.719175050738045e-10,0.0002661801700014621,0.009221918880939484,0.7267197370529175,5.018266620027134e-07,0.00011239199375268072,4.076733546298783e-07,5.659567925420106e-09,2.2837042706669308e-05,8.985028188135402e-08,8.830867703757406e-10,4.323186253429867e-11,0.24421386420726776,3.142435617276007e-11,5.38198448112727e-19,0.004981839098036289,1.8255124079047391e-09,0.0003626838733907789,1.3698748801971306e-08,1.7436148482374847e-05,7.342877779592527e-06
window-919dc3eb02a5017366b7,272_29076_57620,sandwich,carrot,0.7476778626441956,False,0.00783294066786766,1.59375267685391e-05,0.004832359496504068,2.417079372207809e-07,0.00014838097558822483,7.121320406196924e-14,0.0018591074040159583,0.7476778626441956,3.739524458978849e-07,1.6776928077888442e-06,0.009736679494380951,2.3172029273155204e-07,8.776421509537613e-07,0.018680281937122345,3.838905637820744e-09,1.7675856724963523e-05,1.7884935199496965e-10,1.060323393176077e-05,2.384529518284495e-10,7.604887620756335e-19,0.12417558580636978,5.895435506962643e-13,0.08478999137878418,1.1082840501330793e-05,5.44143495062599e-06,0.00020269268134143203
window-fe72a63dee45518c8572,272_29076_57620,sandwich,carrot,0.5593401193618774,False,0.00033981577144004405,0.002396312775090337,0.20194889605045319,2.5992132890451103e-09,5.6932617553684395e-06,3.343324062043962e-09,0.008926618844270706,0.5593401193618774,0.003002946265041828,0.000298056605970487,0.15853434801101685,3.8892764564479876e-07,7.665661161393444e-11,0.0006178586627356708,5.635031357087428e-06,6.238002470126958e-07,1.5218019452892966e-15,0.00020236847922205925,6.502398264274234e-08,7.456573102949812e-19,0.05531170591711998,3.0736528877639557e-09,0.008049171417951584,1.5698601529834377e-08,0.001016200054436922,3.234963514842093e-06
window-be54e2efdba79409cb1c,368_39852_77846,sandwich,wineglass,0.5748286843299866,False,2.4552417016820982e-05,0.0033812259789556265,0.009103367105126381,4.390306639834307e-05,0.0006691766320727766,6.085836901092989e-08,0.03899116441607475,0.0020660338923335075,0.002198250964283943,0.11991191655397415,0.002561535919085145,0.00011128093319712207,3.209706392226508e-06,3.0093757231952623e-05,0.00907121505588293,0.1763138324022293,1.5682308784903398e-08,0.008163420483469963,0.010586196556687355,1.7124661064182867e-11,0.028297746554017067,0.002960008569061756,0.008030073717236519,0.00023158172552939504,0.002421410521492362,0.5748286843299866
window-1f4111c99650a554f928,368_39852_77846,sandwich,mouse,0.5746780633926392,False,0.0007930930587463081,0.0011861639795824885,0.0032002641819417477,0.1355702131986618,0.0009524171473458409,4.2855555909548926e-11,0.0003047317441087216,8.361762593267485e-05,0.0041830213740468025,0.008330045267939568,0.0018254253081977367,0.0005321194184944034,3.222626077103996e-08,1.719094377961028e-08,8.875713683664799e-05,0.5746780633926392,1.7483166914189496e-07,0.003301914781332016,0.014835638925433159,3.135370110242397e-13,0.00011481405090307817,0.0020354159642010927,0.0001162483385996893,2.8981738068978302e-05,0.0010008335812017322,0.24683798849582672
window-831399a16d2534d9d09a,368_39852_77846,sandwich,mouse,0.9166141748428345,False,5.351492291083559e-06,0.00016910640988498926,0.00040213129250332713,6.413727078324882e-07,0.008799679577350616,2.313770153250516e-08,0.0005503008142113686,0.0001074972387868911,1.808262459235266e-05,0.0006347804446704686,0.013019230216741562,4.269703822501469e-06,7.111458089070766e-09,5.11999997954149e-10,0.00031749665504321456,0.9166141748428345,1.0276921674767792e-10,4.7937155613908544e-05,1.6423831766587682e-05,3.0854293187228266e-13,0.0004720784490928054,0.021899964660406113,0.00035006963298656046,2.452622425153095e-07,4.8622496251482517e-05,0.03652183338999748
window-285b0eda3eb0ed8aa766,368_39852_77846,sandwich,mouse,0.9600071907043457,False,1.0238809409202076e-06,0.007823178544640541,0.0036291966680437326,0.0002243509516119957,9.625638631405309e-05,1.554581019469481e-09,0.00012827999307774007,2.092252907459624e-05,1.8121803577741957e-06,6.843184223725984e-07,4.698020461546548e-07,3.997630756202852e-06,5.531021196603092e-10,2.160851053645274e-09,1.0012427082983777e-05,0.9600071907043457,5.490221610671142e-09,2.3091431557986652e-06,1.4192361959430855e-05,1.3492025710228799e-15,1.643562973185908e-05,0.026742389425635338,0.0007037695613689721,1.1816675396403298e-05,3.5700868465937674e-05,0.0005260637844912708
window-47e75dbc2e981158f2a6,422_58620_113279,sandwich,sandwich,0.5781146883964539,True,1.3229269825387746e-05,3.757647209567949e-05,1.735210753395222e-05,0.36833465099334717,1.3802941793983337e-05,3.1777671605226487e-09,7.749914402666036e-06,7.267748878803104e-05,0.00015505653573200107,8.01992872112578e-09,0.04405973479151726,5.0696794318128013e-08,1.6601768948021345e-05,8.047967270385925e-08,0.00140577950514853,1.7825610484578647e-05,1.847601396320897e-07,5.7729204854695126e-05,0.5781146883964539,2.664744513936057e-08,0.00011274914140813053,0.00255621992982924,8.477364644932095e-06,6.055622492340262e-08,0.004928983747959137,6.865621253382415e-05
window-bf6df4e2d8a38a87b8c3,422_58620_113279,sandwich,bench,0.8594732284545898,False,3.953033228754066e-06,2.87581751763355e-05,0.00022335576068144292,0.8594732284545898,3.890179505106062e-05,2.0920369436794317e-08,1.114850988415128e-06,1.4498803011520067e-06,0.03400060534477234,4.781781512974703e-07,0.002940222155302763,1.5396944945678115e-05,9.468343341723084e-05,5.234610966908804e-08,0.05197448283433914,0.00010533980093896389,1.488712371155998e-07,0.00023557929671369493,0.03999984636902809,9.612143259118966e-08,1.0268869118590374e-05,0.005138059612363577,2.2862817786517553e-05,6.674223982372496e-07,0.005285449791699648,0.000405020167818293
window-a299687d87a2a1e094c9,422_58620_113279,sandwich,sandwich,0.4477773904800415,True,1.3589489753940143e-05,4.390704634715803e-05,0.01928558200597763,0.04015801101922989,0.1960373967885971,3.0006403611837484e-11,0.0006166455568745732,0.02664150297641754,0.03757677599787712,9.691597369965166e-06,0.01775025762617588,2.4996708816615865e-05,0.0002676580334082246,1.1718012501660269e-05,0.15750671923160553,2.759469452939811e-06,0.039158765226602554,7.070846095302841e-06,0.4477773904800415,5.840964149683714e-05,6.382998981280252e-05,0.0006465641199611127,2.1631816707667895e-05,8.902313197722833e-07,0.011499819345772266,0.004818497225642204
window-0b3a877d56842a6da7a7,422_58620_113279,sandwich,sandwich,0.7116588950157166,True,7.374011147476267e-06,6.13452575635165e-05,0.0024193536955863237,0.12055438756942749,0.005626813508570194,1.2665617166174314e-10,0.00021633805590681732,0.0010428460082039237,0.0026957597583532333,3.0872949992044596e-06,0.00416399072855711,0.00032317693694494665,0.00010830585233634338,4.609075404005125e-06,0.12645094096660614,1.357527889922494e-05,0.0007207267335616052,9.510589734418318e-06,0.7116588950157166,0.0017238594591617584,0.0007791398675180972,0.0006125432555563748,4.7796464059501886e-05,1.387152042298112e-05,0.010439848527312279,0.010301947593688965
window-5fe237155da07fb3ac41,618_100645_201517,sandwich,toytruck,0.8417137265205383,False,0.04217122867703438,1.180582148663234e-05,1.318258455285104e-05,0.004911887459456921,1.4571342035196722e-06,1.6567437526038287e-12,0.005913272500038147,1.409026390319923e-05,1.2900729871034855e-06,0.007040763273835182,0.041999299079179764,0.04109666869044304,9.314800042403704e-10,0.0002736645983532071,0.004115032963454723,1.8893636024586158e-06,3.012616267561441e-10,6.836302191004506e-08,8.678860012878431e-07,7.853616068587144e-08,0.009605775587260723,1.1245222140132682e-06,0.0002610223018564284,0.8417137265205383,0.000648251676466316,0.00020356857567094266
window-d329d15b47f99247105c,618_100645_201517,sandwich,toytruck,0.8150553107261658,False,0.02696259692311287,2.5389375878148712e-05,1.936575790750794e-05,0.005967469420284033,3.1111555927054724e-06,4.94627732869346e-12,0.007174819242209196,1.9392075046198443e-05,4.29007513957913e-06,0.011943865567445755,0.05746014416217804,0.04813862219452858,1.86647253208605e-09,0.000494043284561485,0.009488426148891449,3.517448703860282e-06,6.671227459342788e-10,2.691355120987282e-07,1.9518081444402924e-06,1.5349070281445165e-07,0.014880862087011337,2.186692881878116e-06,0.0002696664596442133,0.8150553107261658,0.0019021398620679975,0.00018241273937746882
window-bec646631cbc1ca7045c,618_100645_201517,sandwich,toytruck,0.8349238038063049,False,0.01412883773446083,1.1865067790495232e-05,1.533547037979588e-05,0.018376478925347328,1.1715785603882978e-06,2.181887700028473e-12,0.0035251323133707047,8.771267857810017e-06,3.080020405832329e-06,0.009001127444207668,0.031931035220623016,0.07319135218858719,7.925576306355708e-10,0.000536192674189806,0.004641376901417971,4.67818290417199e-06,2.058680032002158e-10,3.0678646112392016e-07,9.73610667642788e-07,3.298535844464823e-08,0.007960537448525429,1.029626332638145e-06,0.00025902557536028326,0.8349238038063049,0.0010488956468179822,0.00042902326094917953
window-d1f6415e5692af7b05ee,618_100645_201517,sandwich,toytruck,0.8107824921607971,False,0.03169744089245796,2.699955803109333e-05,1.791163595044054e-05,0.009473729878664017,2.945090272987727e-06,3.663381663993048e-12,0.004282309208065271,2.8225114874658175e-05,4.176382844889304e-06,0.020017476752400398,0.043510716408491135,0.06199144199490547,3.7246914441624313e-09,0.0006923864129930735,0.007029080297797918,3.3087819701904664e-06,6.934892105014967e-10,3.100303445080499e-07,1.962186161108548e-06,1.968437572941184e-07,0.008397034369409084,6.916383199495613e-07,0.0003457799321040511,0.8107824921607971,0.0015074476832523942,0.00018594408174976707
window-d0487444f7f4900083c7,620_101121_202636,sandwich,baseballbat,0.6512752771377563,False,0.00015339607489295304,5.9502792026933093e-08,0.6512752771377563,0.004982300568372011,0.0003027313214261085,2.2798198884288468e-09,1.2654741112783086e-05,0.00012875550601165742,5.99129407419241e-06,6.038722403900465e-06,2.95506822567404e-07,0.00041826654342003167,5.807387637446482e-08,4.127205244230936e-09,0.00011235375131946057,0.08211252838373184,9.21817519254607e-18,0.004782244097441435,3.297202056273818e-05,2.4084134880402606e-18,7.851549162296578e-05,1.8552841825770355e-13,0.04098516330122948,0.21460860967636108,1.6673311620252207e-06,2.6745206049838544e-09
window-d1f8d00ed382bedeb7a1,620_101121_202636,sandwich,ball,0.42947909235954285,False,0.0009970547398552299,0.42947909235954285,0.008351253345608711,2.59735115832882e-05,0.002879571635276079,4.791705805473612e-07,0.0018816613592207432,4.536775577435037e-06,0.0014351406134665012,2.3682463506702334e-05,7.95957530499436e-05,0.00018934754189103842,0.000551132601685822,1.3910051848142757e-06,8.248937888311048e-08,0.12954051792621613,2.3530544179806157e-09,0.0006875345716252923,0.00017707422375679016,5.549432203490028e-19,0.42251157760620117,2.2095170745112247e-12,0.0004152889596298337,3.117820233455859e-05,0.0007338825962506235,2.9218920190032804e-06
window-4d4b8047f1511a132372,620_101121_202636,sandwich,ball,0.5486278533935547,False,0.0006787929451093078,0.5486278533935547,0.0037760164123028517,3.26558765664231e-05,0.001983438851311803,6.194883184207356e-08,0.0028272049967199564,2.1233065581327537e-06,0.001223472529090941,3.9744605601299554e-05,1.5862653526710346e-05,0.00014156228280626237,0.000689315318595618,1.1235167676204583e-06,2.9848248317421167e-08,0.08244498074054718,9.737827211253602e-10,0.0007738515269011259,0.00019686089945025742,8.652942827653885e-18,0.3562372326850891,3.3595660975382913e-12,0.00014989876945037395,1.4905478565196972e-05,0.00013859113096259534,4.440557404450374e-06
window-ad7a1d4df117ca13aeab,620_101121_202636,sandwich,ball,0.5444005727767944,False,0.0006745681748725474,0.5444005727767944,0.003784088883548975,1.7527459931443445e-05,0.002184787066653371,3.107047419348419e-08,0.004027367569506168,3.5562566154112574e-06,0.0006823160219937563,5.107365359435789e-05,2.2414584236685187e-05,9.97140450635925e-05,0.0005616135895252228,3.851133101306914e-07,1.384232550805109e-08,0.23684877157211304,2.914141983278995e-10,0.000725008430890739,0.0002380739024374634,1.4013065131986532e-18,0.2052992582321167,5.585525965356997e-12,0.00014058650413062423,8.010770216060337e-06,0.00021995643328409642,1.031276860885555e-05
window-9a5e19dfa6f9c90afe15,70_6182_14057,sandwich,cake,0.790306568145752,False,0.0008347089169546962,0.01354859210550785,0.00334714213386178,0.000781223876401782,2.725896774791181e-05,0.001495169010013342,0.790306568145752,0.008048643358051777,0.0009547386434860528,0.012424998916685581,0.00011963023280259222,0.04151320829987526,0.0002922646817751229,0.00016338108980562538,0.00022529845591634512,0.0023189708590507507,1.3581961866293568e-05,0.0044564600102603436,0.08608979731798172,1.500676560795e-08,0.01350194402039051,2.4475909867760492e-06,0.009289552457630634,0.01011181902140379,0.00012434642121661454,8.202207936847117e-06
window-41f661de64f65f3e6828,70_6182_14057,sandwich,carrot,0.8283870220184326,False,0.0028393163811415434,0.001225273939780891,0.00306508457288146,6.37482589809224e-05,0.009921488352119923,0.0005713689606636763,0.022394120693206787,0.8283870220184326,0.0006785762961953878,9.161662455881014e-05,0.0002669769455678761,0.005872266832739115,2.04481457330985e-05,4.095567419426516e-05,0.0004136654897592962,0.0009427435579709709,5.573159000960004e-07,2.5237644877051935e-05,0.07096368074417114,8.868525913641179e-10,0.03423827886581421,1.0130533155461308e-05,0.0005118525004945695,0.016543073579669,0.0008992286748252809,1.329423139395658e-05
window-ccd489727011b6305241,70_6182_14057,sandwich,teddybear,0.19150212407112122,False,0.18294017016887665,0.0703340545296669,0.002182567026466131,0.00020792183931916952,0.024326685816049576,0.007716236636042595,0.05822080373764038,0.030601145699620247,0.1484895646572113,0.0009109727689065039,0.013325215317308903,0.01960768736898899,0.0009213708690367639,0.005217482801526785,0.0009897247655317187,0.07730317115783691,5.096345194033347e-05,0.0010795592097565532,0.11551064997911453,9.873809148075452e-08,0.19150212407112122,6.84735641698353e-06,0.005336802452802658,0.042707085609436035,0.0004959679208695889,1.5080895536812022e-05
window-571b6dc8e3894495ffea,70_6182_14057,sandwich,teddybear,0.5379278659820557,False,0.008331759832799435,0.024600766599178314,0.001029524952173233,0.0004457883769646287,0.006063693203032017,0.002709440654143691,0.012868928723037243,0.001913307118229568,0.35976096987724304,0.0005453075864352286,0.0003412374353501946,0.005143581423908472,0.0020105342846363783,0.00029594326042570174,5.7935169024858624e-05,0.003950920421630144,1.2006192264379933e-05,0.0038495000917464495,0.014107298105955124,1.016100714679169e-08,0.5379278659820557,5.868062089575687e-07,0.004272772464901209,0.009507349692285061,0.00025119062047451735,1.7803369019020465e-06
window-eca3eaecd788ce4dceb8,146_16270_32238,stopsign,stopsign,0.8537991046905518,True,2.509100901630949e-15,6.237852595569748e-11,6.428327736784922e-08,1.2749724886962355e-11,3.3517693509566016e-08,1.401298464324817e-45,9.837582137794953e-11,3.815744791909959e-17,6.524130628099423e-12,8.950713781263886e-11,2.722279346389911e-11,4.495957826206914e-18,0.14619992673397064,1.2012847605546995e-07,5.545839485421311e-07,1.2690754480279565e-13,8.485015533070406e-13,1.9525695503405356e-15,1.6269904867804996e-10,0.8537991046905518,3.1304535244407183e-13,2.2296261245700194e-13,4.327137259618752e-10,4.721966217761573e-16,1.8355122977098404e-11,1.6239638966908387e-07
window-9baea53d55dc48200608,146_16270_32238,stopsign,stopsign,0.9889705181121826,True,3.1804556818032514e-12,2.5323203090010793e-07,2.780591898954299e-07,0.0010542464442551136,4.109399018986659e-12,0.0,1.1374552741472144e-05,1.3425106859532576e-10,3.978440840657349e-12,1.5645288883869846e-11,5.936159595876234e-06,3.590418344595901e-16,0.0094299940392375,1.0771587994895526e-06,0.0004940817016176879,4.5466632059287804e-07,3.578151790861739e-06,4.619332260452635e-13,1.5430462951826485e-07,0.9889705181121826,1.937904947624247e-09,1.3964198330995714e-07,7.075597352468321e-08,8.864523124429979e-07,2.005495480261743e-05,7.068118520692224e-06
window-8d840f79e35eea67311c,146_16270_32238,stopsign,kite,0.9597440958023071,False,6.083651360455633e-10,2.8510058897035506e-11,7.837083103368059e-06,2.244250829619432e-08,7.075752961327453e-08,7.788043962380395e-36,1.3608039139967332e-09,1.3358434358679006e-09,9.126399289072218e-12,0.03341105207800865,1.1428222279619149e-07,4.069191927857929e-10,0.0015803318237885833,0.9597440958023071,5.213655094848946e-05,7.045496022328734e-05,2.1422939810999964e-10,1.1521522451374278e-11,3.1040563044371083e-06,0.004427219741046429,1.4342749636853114e-05,6.041110944821071e-10,7.5507923611439764e-06,5.017749063473964e-11,6.447669875342399e-05,0.000617070181760937
window-d5eadcb40085a5a1ff01,146_16270_32238,stopsign,stopsign,0.9988874793052673,True,1.656980759198734e-13,4.003291309562229e-10,1.1759350160289728e-09,6.0516977100633085e-05,3.4908741781691788e-06,0.0,0.00044720963342115283,1.27912232074995e-16,4.69934866487165e-06,6.803615396760998e-12,1.4602671200808205e-18,1.8646749996940187e-13,1.6728907148433336e-09,0.00013128524005878717,4.13399757235311e-05,6.546293074063676e-16,2.44997806930769e-07,2.882316958960113e-15,0.0004237014218233526,0.9988874793052673,1.1736478455759425e-08,6.72503190912721e-08,6.629174189161325e-15,3.456712997437772e-13,4.898417961399573e-14,7.2676065165921955e-09
window-7b23b9f848b36e48dbe1,249_26599_53534,stopsign,stopsign,0.9999328851699829,True,1.2491899875621826e-12,3.221903188688202e-09,2.361696260777535e-08,4.6290930185932666e-05,2.0637914988075323e-10,3.0154247611613802e-33,1.1359668761201647e-09,7.92268421007103e-12,1.292549995923764e-06,7.597645386089869e-13,5.720926170808957e-15,3.765096009489613e-14,5.804895453209724e-10,4.55216003780734e-11,6.994929524495319e-09,3.906202550546349e-15,1.6205008797516574e-13,2.2482428245484964e-13,7.0438903598812885e-09,0.9999328851699829,1.1413422726036515e-05,4.849103788728826e-06,7.010568883226986e-13,5.3675956095209504e-14,9.230197856036071e-11,3.2368911888625007e-06
window-756c05901a8327958558,249_26599_53534,stopsign,stopsign,0.9979799389839172,True,1.2207891642024293e-10,4.709469436647851e-08,5.820742110529409e-09,1.144004954767297e-06,2.0671343747835635e-08,2.151160903221512e-27,1.3393650633020115e-08,2.3399844284455185e-09,1.8302317528196e-07,8.614566308559612e-13,7.25051615968475e-12,4.1267977923808985e-10,0.001944997813552618,1.3968463008495746e-07,6.4856416429393e-05,2.8160544642691354e-12,2.421676015273988e-08,2.343021067961748e-13,3.508226376069956e-09,0.9979799389839172,2.845659530237299e-08,5.78464494083164e-07,7.771228105468708e-11,1.1950472078928187e-12,7.926782018330414e-06,1.0314003873190813e-08
window-348dc704e674a3302609,249_26599_53534,stopsign,stopsign,1.0,True,3.7470158371280074e-25,1.1682533023952896e-23,1.7172312529992707e-17,8.226902232372213e-13,1.419849069438494e-17,0.0,1.5699519103703267e-17,3.401740170338438e-26,5.5875184816164044e-15,1.0136007885521977e-20,5.2277261854514844e-30,9.501411760451577e-18,2.2267534800920422e-15,2.403317709705438e-15,9.47571291318078e-18,1.9099812722954465e-25,1.8835161672862587e-23,7.75273249445123e-24,4.9573483358229684e-17,1.0,1.3291107063229078e-18,3.464563298792925e-14,1.607373514147471e-23,2.7641017164896626e-23,1.1893748006970925e-22,1.5094215211498146e-14
window-091490720158bedb0e6d,249_26599_53534,stopsign,stopsign,0.9996235370635986,True,7.486296998981956e-11,3.4666980397446423e-09,9.301187446908443e-07,3.398097032913938e-05,9.971020453747315e-09,1.2678967530253436e-22,1.3101305739837699e-05,5.988297857584257e-08,0.00030754675390198827,4.4657301145889505e-07,9.796619759991007e-14,4.280784615673383e-09,1.920312939773794e-07,3.0648095172836065e-10,2.523964212741703e-06,3.950366256333382e-09,1.181137436120916e-12,8.972099452275728e-11,1.2067204124832642e-06,0.9996235370635986,1.0413175033363586e-07,6.959806064799068e-09,1.3335315074414211e-09,9.95153186522657e-08,5.075092346373822e-08,1.6213523849728517e-05
window-46b0ec3222c876fcb1b1,437_62330_122209,stopsign,hydrant,0.6091554760932922,False,0.024692710489034653,0.025893637910485268,0.002972041256725788,0.009337911382317543,0.002191709354519844,7.977013592608273e-05,0.0035561267286539078,0.0235205739736557,0.021741077303886414,0.02029353752732277,0.0004101786471437663,0.04733026772737503,0.6091554760932922,0.02359655126929283,0.031078053638339043,0.04211842641234398,0.0009121081093326211,0.009063811972737312,0.002193009713664651,5.470920950756408e-05,0.0016172961331903934,4.636917310563149e-06,0.007340550422668457,0.023283902555704117,0.04207085445523262,0.02549101412296295
window-4abe4ab6bb8e810a4671,437_62330_122209,stopsign,hydrant,0.3367063105106354,False,0.011616755276918411,0.02981582097709179,0.009947407990694046,0.013597442768514156,0.01732279360294342,0.0004360296006780118,0.009273377247154713,0.023537321016192436,0.032061509788036346,0.024867964908480644,0.0017676696879789233,0.041857823729515076,0.3367063105106354,0.041622091084718704,0.08967170119285583,0.03472905606031418,0.001503210747614503,0.025378771126270294,0.008128342218697071,0.0009805039735510945,0.0009453874081373215,7.300860715986346e-07,0.005455882754176855,0.011018729768693447,0.22335539758205414,0.004401928745210171
window-c1da6427c33c96668325,437_62330_122209,stopsign,umbrella,0.40968480706214905,False,0.019079945981502533,0.057355280965566635,0.009088805876672268,0.004491867031902075,0.012528453953564167,0.00011444115807535127,0.01841210015118122,0.046841640025377274,0.05115771293640137,0.03162667900323868,0.0012488341890275478,0.03544486686587334,0.17195671796798706,0.020275376737117767,0.0747837945818901,0.003968423698097467,0.00013190902245696634,0.011665241792798042,0.002876357873901725,0.0006868974887765944,0.0014182875165715814,2.8568899779202184e-07,0.005110419355332851,0.009191018529236317,0.40968480706214905,0.0008598371059633791
window-2d328df07584d6fd174e,437_62330_122209,stopsign,umbrella,0.5462753176689148,False,0.00395472627133131,0.029446706175804138,0.01245850883424282,0.002317724283784628,0.03374785929918289,3.951809776481241e-05,0.008979103527963161,0.028964055702090263,0.08982905745506287,0.0208803229033947,0.00027887694886885583,0.012560402043163776,0.07503633201122284,0.028926989063620567,0.08928962051868439,0.002447240287438035,6.914672849234194e-05,0.007036570459604263,0.00048161359154619277,0.0002183654287364334,0.00026533525669947267,3.4525635683735345e-09,0.0021472794469445944,0.004013711120933294,0.5462753176689148,0.00033571934909559786
window-3a832983939c9178253b,443_63537_125922,stopsign,stopsign,0.9573662877082825,True,1.0009061043092515e-05,4.104133033422386e-09,1.5630830603186041e-06,0.00010209855827270076,9.771142686076928e-06,7.732516883740548e-13,2.53153189078148e-06,0.0023371551651507616,7.717945845797658e-05,4.5787317048961995e-07,4.669934423873201e-05,7.755598198855296e-05,0.0021631133276969194,0.03539474681019783,2.676569010873209e-07,1.6066278476500884e-06,1.786437664463847e-11,5.562212024301516e-08,6.464440502895741e-07,0.9573662877082825,0.0006162130157463253,7.296335709011323e-14,0.0016312409425154328,0.00015810845070518553,1.6724011402402539e-06,1.1481372439448023e-06
window-c438711336b61359c841,443_63537_125922,stopsign,stopsign,0.9999997615814209,True,3.564114742270544e-15,3.915124127673586e-11,1.3674662097118429e-11,8.497222890591072e-12,7.103884841486163e-11,0.0,4.412926468688738e-09,1.3298684109486203e-07,3.966774825281405e-13,3.781561869198313e-11,3.959669481190531e-09,2.943672432545452e-12,1.732285781486098e-08,2.4896953831898827e-08,4.5437677058390857e-13,1.1145381280958252e-15,4.530473286562704e-14,7.376690505992139e-15,1.1501341328976067e-12,0.9999997615814209,3.118218877732027e-19,1.0573271844455301e-22,2.737732288863714e-14,2.4537565312954257e-09,7.593442541420359e-10,1.2282744421554526e-07
window-b5cd36caccfd8259eb16,443_63537_125922,stopsign,frisbee,0.48098844289779663,False,2.4496214834357488e-08,3.6167428334010765e-05,1.1625607143628258e-09,1.7268389496116754e-10,2.3447324082326304e-08,0.0,9.362263142520533e-08,5.8740052821804056e-08,4.187687696610709e-11,4.693920807596896e-09,0.48098844289779663,1.877903596040069e-15,0.388363778591156,0.002167265396565199,7.674859148210089e-08,1.1799368593301551e-08,3.88908766302265e-10,3.845622605080923e-12,2.2156872603318334e-07,0.12819580733776093,6.540804009524948e-11,9.110634989484279e-12,3.5795187613985036e-07,0.00024610344553366303,9.023083293868694e-07,7.292933901226206e-07
window-41d62797d87428bd4c29,443_63537_125922,stopsign,hydrant,0.9972057938575745,False,2.091191456110586e-11,5.652555645774271e-10,1.9318692134560506e-21,5.727678802167763e-14,3.8996546470508944e-14,3.975210755819993e-33,9.251564098144982e-11,2.361027071628996e-07,2.4302458916797276e-12,1.188706658062852e-13,2.3697211872786283e-05,7.64749114728902e-12,0.9972057938575745,4.048835035064258e-05,5.31548961544095e-16,1.394662109324013e-13,7.7876126420187375e-22,4.9418045136172435e-15,7.524027572592949e-17,0.002630770904943347,6.45247811886969e-14,1.8141001709425206e-32,5.270557601466663e-11,9.901882003759965e-05,5.0082184926969475e-11,5.143776515836862e-10
window-e27c73856d1c498d005f,587_87885_173344,stopsign,wineglass,0.25158360600471497,False,0.10164652019739151,0.15679048001766205,0.00032083175028674304,1.897908077808097e-05,0.03764456883072853,0.000600044964812696,0.04534924030303955,0.01454873662441969,0.12578842043876648,0.10916908085346222,2.9827731395926094e-08,0.009584463201463223,1.3565297649620334e-06,1.5069094416730877e-08,0.0010315708350390196,1.9336328477947973e-05,2.276617039147482e-16,2.7660075829771813e-07,1.318688873652718e-06,9.770181350177154e-05,0.0025013356935232878,2.413030886216916e-09,5.8992354752263054e-05,0.12649695575237274,0.01674613542854786,0.25158360600471497
window-ce6c903e5a8b3487fd91,587_87885_173344,stopsign,toytruck,0.9763447642326355,False,0.00074208271689713,0.0002070192276732996,1.293776392685686e-07,5.506609923600081e-08,0.0005260664038360119,2.517815400615575e-10,0.0004731059307232499,0.00020501267863437533,0.016165630891919136,0.0002999284479301423,6.584787715091522e-10,0.0004907115362584591,2.549961841680215e-08,8.130776404868811e-05,0.002702150959521532,3.258464609245948e-09,1.2613345997801968e-25,3.181952124009513e-08,8.686873798069428e-08,6.508944938588002e-09,4.1284612962044775e-05,3.729557217528254e-15,5.505648914549965e-06,0.9763447642326355,6.990304882492637e-06,0.0017080636462196708
window-54b9272283b0be56adf3,587_87885_173344,stopsign,carrot,0.9172087907791138,False,0.00018523460312280804,1.0965437979848502e-07,4.735561985949599e-13,3.025905357390002e-07,1.2022422987700843e-12,3.9345658281312214e-41,0.00028665820718742907,0.9172087907791138,9.584475574309081e-12,7.75620812021316e-09,1.4811595283603651e-09,5.53388376789421e-11,1.2362717516367638e-09,0.08033239841461182,1.689366216904055e-14,5.2613604566431604e-06,6.287452393084513e-23,4.638246540046142e-18,1.070340317710361e-06,4.844651630264707e-05,0.0019243669230490923,4.213188712282727e-21,1.914199874997191e-11,3.976190328103257e-06,3.4747488371067448e-06,1.2516265801565396e-10
window-07562ddfcc9d85eb6c4a,619_100875_200297,stopsign,stopsign,0.9829972982406616,True,0.002312503522261977,4.2037394450744614e-05,0.0001217168610310182,1.620947296032682e-05,0.00011346481915097684,7.154104647013812e-14,0.002975011942908168,9.307921573054045e-05,3.968749751948053e-06,1.0373695658927318e-05,3.142674540868029e-05,0.0039609139785170555,7.779708539601415e-05,8.32753285067156e-05,1.703760290183709e-06,2.293962495514279e-07,1.6021800774979056e-07,6.684721256533521e-07,1.5458949746971484e-06,0.9829972982406616,0.004121940582990646,7.656788397758518e-12,8.902062290871982e-06,0.003020612522959709,3.880597887473414e-06,1.2565592442115303e-06
window-6c9102e7ed7d4b8acb06,619_100875_200297,stopsign,stopsign,0.9955887794494629,True,0.0001780558959580958,2.9507882572943345e-06,1.428652922186302e-05,5.078089998278301e-06,3.5103676054859534e-05,1.2192492939474674e-14,0.0012425356544554234,6.530316113639856e-06,2.221379190814332e-06,2.0595068690454355e-06,3.0438379781116964e-06,0.001615959103219211,6.589830718439771e-06,8.635148333269171e-06,9.010302051137842e-07,6.46777920110253e-08,4.0515260479878634e-08,3.197652631570236e-07,2.419566271782969e-07,0.9955887794494629,0.0002980590215884149,2.313942874115904e-12,6.798158665333176e-06,0.0009815009543672204,1.3510381791093096e-07,2.691838290047599e-07
window-5ecfd4dc71fd8b47d159,619_100875_200297,stopsign,stopsign,0.9942717552185059,True,0.0008635984850116074,8.155775503837503e-06,1.3693319488083944e-05,8.162326594174374e-06,8.416397031396627e-05,2.2834166808348606e-14,0.0010154055198654532,4.5404744014376774e-05,1.2257002026672126e-06,2.2556332623935305e-06,4.191440439171856e-06,0.0007583640981465578,0.00016286665049847215,2.5818566427915357e-05,6.539211767631059e-07,7.411131264234427e-08,9.794156596854009e-08,3.2821415629769035e-07,2.0064601358171785e-06,0.9942717552185059,0.0005054213106632233,4.866413695625571e-12,1.0853857929760125e-05,0.0022105411626398563,1.6211583897529636e-06,3.3905305372172734e-06
window-7deb2becb9a3c9575e6b,619_100875_200297,stopsign,stopsign,0.9930316209793091,True,0.0002700995246414095,6.052775347598072e-07,5.899211828364059e-06,3.5617554203781765e-06,1.0946533620881382e-05,3.4943761903824923e-16,0.0010305771138519049,8.524583790858742e-06,1.0915108532572049e-06,1.375897795696801e-06,7.295876116586442e-07,0.0011999793350696564,3.175735764671117e-05,2.8447953809518367e-05,5.158716476216796e-07,5.337820141448901e-08,2.170684965108194e-08,6.341635838680304e-08,8.025456281757215e-07,0.9930316209793091,0.0001526004052720964,8.951889251575251e-13,8.10362325864844e-06,0.004211845807731152,1.993723941495773e-07,5.229559860708832e-07
window-07b4a8cc15fc2cb61c74,619_100981_200584,stopsign,cake,0.9932190775871277,False,2.5018717764169196e-08,0.0007551268208771944,9.916547583088686e-10,6.329533334792359e-06,4.539336657671811e-07,8.114189444747712e-22,0.9932190775871277,3.584324804251082e-05,2.066603883577045e-06,6.136757519925595e-07,1.5636433347106297e-16,3.559466321689797e-08,3.084211996906561e-08,2.5001720693751395e-09,1.2356534252831036e-13,0.0059776222333312035,3.5672601734151716e-24,6.989946815805226e-11,4.256539511970914e-07,1.9295670273165303e-17,1.985607241294929e-06,4.991110857943681e-10,1.6599102647951725e-10,3.1758575803897404e-12,3.0783454008087574e-07,1.2782746416917234e-08
window-f46505043d59985b1980,619_100981_200584,stopsign,cake,0.9994852542877197,False,1.626575318880441e-08,0.0003292174660600722,8.651401262049774e-10,3.8467234730887867e-07,7.437167823809432e-07,5.083261112202251e-24,0.9994852542877197,8.395797522098292e-06,3.161328322676127e-06,1.7986640443723445e-07,2.1852560820002454e-18,3.2537538885435424e-08,1.555417838972062e-07,3.801794878910414e-09,1.9241181456290668e-13,0.0001678783301031217,1.066942326029343e-22,6.775487115806555e-11,4.523945449363964e-07,3.929912260054528e-17,3.95829874832998e-06,9.477506557331594e-10,2.5773022604980156e-11,2.0949351194760046e-12,8.959188946278118e-09,5.353062881852111e-09
window-1f30e54066a6bab7d7fb,619_100981_200584,stopsign,cake,0.9971555471420288,False,5.603083153005173e-08,0.0005534094525501132,1.634817420326229e-10,3.9848478650128527e-07,4.890782179245434e-07,2.8393527359605054e-23,0.9971555471420288,2.5928577542799758e-06,1.3753351595369168e-05,2.4968903744593263e-07,4.673449229334031e-16,3.149453675632685e-08,1.4239640222513117e-07,6.75010225492656e-09,2.2961147211537393e-14,0.0022697490639984608,1.2781224966156249e-24,5.184208531211487e-12,6.450324008255848e-07,2.2576403247554335e-16,2.8132269562775036e-06,1.940061167271523e-10,1.758461987133586e-10,6.9534655811054336e-12,1.576352843812856e-07,1.5780289575051398e-10
window-edce53f52679c6454387,619_100981_200584,stopsign,cake,0.9851034283638,False,7.685879666041728e-08,0.0006095265853218734,3.674267834430367e-11,6.611809908463329e-07,8.183110367099289e-07,7.905662331714824e-23,0.9851034283638,1.7727166778058745e-05,2.55452159763081e-05,2.463227701809956e-07,1.3006757358373258e-16,7.625921938370084e-08,6.579173827958584e-08,2.2251445130905267e-08,6.407950884322611e-13,0.014232217334210873,1.4116228869988514e-23,7.335022346455222e-12,2.94148549073725e-06,5.343075890346246e-17,6.456889423134271e-06,1.0999422900281886e-10,3.420135286091863e-10,2.809415720894659e-11,1.168209635693529e-07,3.380153934529062e-10
window-29fff7f472fbb35bf080,387_46702_92994,teddybear,toytruck,0.48832130432128906,False,0.0010874944273382425,0.0026452543679624796,0.0025028325617313385,7.334016913773667e-07,0.00019014459394384176,1.8177790650497627e-07,0.0006976368022151291,0.08252441138029099,1.3683368706551846e-05,5.027701263315976e-05,0.11369044333696365,0.0005777085898444057,0.010338212363421917,0.01881532184779644,0.0005261872429400682,0.09807945042848587,5.016351483505543e-12,1.4633320688517415e-06,0.008914976380765438,9.536849782110224e-11,0.15071932971477509,1.1195280649189954e-06,0.02026575803756714,0.48832130432128906,3.2772990380181e-05,3.273192987762741e-06
window-57fc0de95641bd4abe94,387_46702_92994,teddybear,toytruck,0.4593018889427185,False,0.0004147399158682674,0.0026247252244502306,0.0007078652852214873,1.3339963516045827e-06,0.0003227675915695727,5.5363155837540035e-08,0.0005250409012660384,0.07860736548900604,1.2076072380295955e-05,4.812707265955396e-05,0.14347751438617706,0.0006299902452155948,0.030643992125988007,0.012601309455931187,0.0003785640874411911,0.04428386688232422,1.8500700971202377e-10,2.3932695967232576e-06,0.0042005134746432304,5.479522946494342e-10,0.18401099741458893,3.5969603686680784e-06,0.037177328020334244,0.4593018889427185,6.498351012851344e-06,1.745893678162247e-05
window-0d911d305a9f0721bfd8,387_46702_92994,teddybear,toytruck,0.8053819537162781,False,0.0004911540308967233,0.0017653786344453692,0.00012700002116616815,1.1675896161023047e-07,1.6047042663558386e-05,3.108569899268332e-07,0.0004204471770208329,0.008968059904873371,2.8126328288635705e-06,8.510601037414744e-05,0.10382570326328278,0.00014236340939532965,0.0005840529920533299,0.023982234299182892,4.224008080200292e-05,0.0018937182612717152,1.3756534973652368e-12,8.59476642744994e-07,0.0010245137382298708,1.4434913767763513e-12,0.0071829441003501415,3.5498695649671674e-10,0.044023770838975906,0.8053819537162781,3.1713082648821e-07,3.8880407373653725e-05
window-b5b58a93ea1bf04ec8fe,387_46702_92994,teddybear,toytruck,0.9292892813682556,False,3.723888949025422e-05,0.0010104592656716704,0.00018137255392502993,2.004286159262847e-08,2.1213467334746383e-05,1.1083036710601846e-09,0.0027812658809125423,0.01190542709082365,6.6462753238738514e-06,4.4742577301803976e-05,0.021536609157919884,0.0002622587198857218,0.0004952634917572141,0.010982697829604149,0.00043497770093381405,0.002935107098892331,6.323712712329177e-13,2.6138200155401137e-06,0.008298085071146488,2.5742080342339158e-11,0.0016875030705705285,2.3589508124644e-09,0.008079616352915764,0.9292892813682556,7.367922876255761e-07,6.811866569478298e-06
window-5c9274c16f9bc0ba8903,387_46713_93018,teddybear,carrot,0.2561858594417572,False,3.912059867161588e-07,1.873574362321051e-08,0.003608367871493101,0.010193989612162113,0.003638972295448184,7.945419978755961e-16,0.12908360362052917,0.2561858594417572,0.00132538634352386,0.0036388265434652567,3.8068819776526652e-06,0.14298763871192932,0.003482080763205886,1.7777521861717105e-05,0.0032086449209600687,0.1754310131072998,7.847501848345928e-08,0.012252490036189556,0.054529834538698196,0.05497788265347481,0.014090951532125473,2.259086797837262e-12,0.0027409240137785673,0.1285427361726761,3.079696762142703e-05,2.7995880373055115e-05
window-aa9126f1d8664594ac2f,387_46713_93018,teddybear,chair,0.2900322675704956,False,3.674327899716445e-07,1.7187723244660447e-07,0.13459497690200806,0.07666192948818207,0.0046145073138177395,5.889155384463133e-15,0.00039823964470997453,0.06301122903823853,0.2900322675704956,0.0015650871209800243,1.505145235114469e-07,0.05401510372757912,8.240671741077676e-05,1.3142346233507851e-06,0.0019014440476894379,0.004112561233341694,2.2633885876643944e-08,0.09037494659423828,0.05952311307191849,0.07951468974351883,0.05506449192762375,6.94102153531162e-09,0.005681462120264769,0.07869867235422134,4.202776381134754e-06,0.00014661844761576504
window-5489ad103235e6924652,387_46713_93018,teddybear,chair,0.8141660690307617,False,5.79267229738889e-08,7.779660804452249e-10,0.0007746162009425461,1.3329233752301661e-06,0.0004732696106657386,3.9828969115862645e-12,0.00028971998835913837,2.8940530683030374e-07,0.8141660690307617,1.134222748078173e-05,2.021192457846155e-08,2.496477691238397e-06,0.0019372452516108751,5.484041594172595e-06,9.442985901841894e-05,0.00010478622425580397,1.4062964126537736e-08,2.8628252039197832e-05,0.07172565907239914,0.10637518763542175,0.0003651177685242146,4.811422527756237e-13,0.000428885396104306,0.003214953700080514,6.398660445938731e-08,2.7769740995609027e-07
window-fad3cd070aaa8f37fb53,387_46713_93018,teddybear,bench,0.6618285179138184,False,4.141451981354294e-08,5.867448749086179e-08,0.13640883564949036,0.6618285179138184,0.0028297186363488436,8.68056362907795e-19,8.851594429870602e-06,0.0010433692950755358,0.06663338840007782,0.0031610210426151752,2.7950694536649223e-10,0.0009160086046904325,0.0023209289647638798,0.0003000494616571814,0.0022108168341219425,0.11274746805429459,5.970383654130273e-08,0.005267513915896416,0.0026946249417960644,0.0003279414668213576,0.0004771858802996576,1.147491910519216e-11,0.0001475906028645113,0.000447620841441676,0.00021479775023180991,1.3516892977349926e-05
window-eb8a788039472a1df587,442_63250_125013,teddybear,toyplane,0.616611659526825,False,0.009992548264563084,0.020261159166693687,0.004635707940906286,0.00022139548673294485,0.004432388581335545,9.047311323229223e-06,0.016127562150359154,0.0004164977290201932,0.010355418547987938,0.0011253657285124063,0.03502720966935158,0.005337056703865528,4.183571945759468e-06,0.0010692063951864839,0.026138875633478165,0.0035895381588488817,3.402110149153259e-09,0.0038548114243894815,0.08738759160041809,1.0339419320715137e-09,0.01979963853955269,0.0020569986663758755,0.616611659526825,0.033135972917079926,0.03312304988503456,0.06528708338737488
window-a2fa0d554f47fe5d1d1f,442_63250_125013,teddybear,frisbee,0.671676516532898,False,4.106396227143705e-05,0.0004118996439501643,3.252232858019788e-11,1.2026037438772619e-05,3.14411154249683e-05,1.13467103768361e-10,0.0020455028861761093,0.30516770482063293,8.27944040793227e-06,4.039541818201542e-05,0.671676516532898,3.0409442842938006e-05,2.1174585640437726e-08,0.014461049810051918,8.114080287668912e-07,0.0008634738624095917,8.74920578694538e-13,1.0505314094189089e-05,0.0033757395576685667,1.812302588341118e-15,2.7698977191903396e-06,1.3094012540904032e-09,4.169324893155135e-05,0.0015758017543703318,7.887891115387902e-06,0.00019510033598635346
window-c7b764d0340dd49198bb,442_63250_125013,teddybear,carrot,0.8980506062507629,False,0.03129158914089203,0.0019090136047452688,9.038241266523528e-09,1.8282518794876523e-05,2.1980897599860327e-06,6.420152658392908e-07,0.002116788411512971,0.8980506062507629,0.00031585191027261317,0.001106275711208582,5.584879545494914e-06,1.5707571492384886e-06,1.1939848718611756e-06,0.006977090146392584,1.781897481123451e-05,7.85474112490192e-05,7.594474094735348e-13,0.01490617822855711,0.0015807030722498894,3.042656187765558e-13,2.539891647757031e-05,2.6797066787764834e-09,0.02873489074409008,0.010536156594753265,2.691469035198679e-06,0.0023209915962070227
window-fd884d69327d7a97ca03,442_63250_125013,teddybear,cake,0.25399717688560486,False,0.08927959948778152,0.006241956725716591,0.006311359349638224,0.0002663464401848614,0.00909910537302494,6.661064730906219e-07,0.25399717688560486,0.011395014822483063,0.14379051327705383,0.012472918257117271,2.06736058316892e-05,0.02382686361670494,9.918878640746698e-05,0.0006059517618268728,0.08753418922424316,0.009405499324202538,2.0633708572859177e-06,0.009415618143975735,0.008830036036670208,3.1412952239406877e-09,0.023535437881946564,8.788038394413888e-05,0.11233732849359512,0.011038711294531822,0.006874070502817631,0.17353183031082153
window-45e315233efb2e6d45b0,463_65700_128783,teddybear,bench,0.358246386051178,False,0.0024965647608041763,0.003985721152275801,0.016396569088101387,0.358246386051178,0.00011445912241470069,2.296207224361524e-09,0.03362691029906273,1.1125055152660934e-06,0.16162993013858795,0.003163351211696863,9.137519185742349e-09,0.16301341354846954,0.00012125629291404039,9.200956810673233e-06,0.184440016746521,1.890949903327055e-07,0.022280072793364525,0.009757937863469124,2.5174787879223004e-05,2.9636923954967642e-06,0.04027477651834488,5.38958192919381e-06,4.412783891893923e-05,0.0003551724657882005,8.997079021355603e-06,3.087419315761508e-07
window-9da0b4022af8d4259116,463_65700_128783,teddybear,cake,0.4656989872455597,False,0.001695101149380207,0.03530215099453926,0.00020953104831278324,0.0005618614959530532,0.0006543142371810973,0.0026734108105301857,0.4656989872455597,0.0017791533609852195,0.018955396488308907,0.000392946443753317,1.5394924048450775e-05,0.20569603145122528,1.5671696473873453e-07,0.0004810391110368073,0.009563695639371872,0.0005468522431328893,2.7168186989001697e-06,0.0003690256562549621,0.2216332107782364,6.493989790357091e-09,0.02368842251598835,0.009381923824548721,0.00015110187814570963,5.178690480533987e-05,0.00045499022235162556,4.082983286934905e-05
window-9e24f7defc5ff751c6c4,463_65700_128783,teddybear,cake,0.5538280010223389,False,0.004019809886813164,0.0011964275036007166,4.671087663155049e-05,0.03804124891757965,0.012994569726288319,1.027432560250837e-18,0.5538280010223389,3.595407861212152e-06,0.0015708424616605043,0.007500756531953812,2.05807101910779e-14,0.11644713580608368,1.5075800607888823e-09,4.33764471381437e-05,1.0954163798260197e-07,7.584888273015622e-09,4.3771089508481964e-07,0.00035008444683626294,0.00012882682494819164,5.825482318755348e-09,1.823892006314054e-07,1.9116494058835087e-06,7.066061243676813e-06,1.5991098223366862e-08,0.010088308714330196,0.25373050570487976
window-b08be3ddab6d50657f4d,463_65700_128783,teddybear,sandwich,0.6881182193756104,False,2.7765177947003394e-05,2.5591119992895983e-05,0.00022915974841453135,1.8392573110759258e-05,6.202853786163587e-09,6.874257621485836e-23,5.7034430938074365e-05,2.1554867544182343e-06,0.002578649902716279,3.378430335487792e-07,4.18178974919366e-17,0.19108189642429352,3.8145037128956005e-10,2.5260621328015986e-07,0.10620906949043274,3.7676518331863917e-06,3.251482993960053e-08,0.008300451561808586,0.6881182193756104,1.9154582275859866e-07,0.0002108979388140142,5.65123281504043e-09,7.713530436603833e-08,0.00012952466204296798,0.002033367520198226,0.0009730956517159939
window-3d90ae1c4c610fd2fb10,472_66886_131679,teddybear,bench,0.5710124373435974,False,6.965505008338368e-07,4.231148977851262e-06,0.07297593355178833,0.5710124373435974,1.0992446732416283e-05,2.8337063806560536e-09,3.503254629322328e-05,1.9193273359530139e-10,0.2835821211338043,0.0010764301987364888,3.698660128170772e-11,0.0012924913316965103,0.011382312513887882,3.062644111651025e-07,0.00016239132673945278,2.97366523227538e-06,1.238143795490032e-05,0.00021309060684870929,5.548421995626995e-06,0.0003472299431450665,0.05755452811717987,2.613665117667807e-10,0.00029243319295346737,3.563591235433705e-05,7.412393756567326e-07,5.546390013932978e-10
window-6d400a7ff86188a113d4,472_66886_131679,teddybear,bench,0.6412686705589294,False,1.990948112506885e-05,0.0002502083370927721,0.00028502006898634136,0.6412686705589294,0.00025352349621243775,1.5993773416767e-08,0.00018984366033691913,4.837189315765045e-09,0.0016682250425219536,0.01753099262714386,1.1580946335243425e-07,0.006806831806898117,0.08290337026119232,9.616213355911896e-05,0.00921999104321003,5.716627129004337e-06,0.00019657226221170276,0.0012947343057021499,0.06495112180709839,0.13315995037555695,0.03718559443950653,1.4880845037104629e-12,0.0006341455737128854,0.0018995460122823715,0.00017943874991033226,3.219980442281667e-07
window-5b6c0fa9aef015fd3392,472_66886_131679,teddybear,chair,0.9434407353401184,False,1.0667495189409237e-06,0.0004085487453266978,0.015589233487844467,0.004559292923659086,6.96286660968326e-05,1.7104572691550857e-07,1.0171692338190041e-05,5.669784086670404e-12,0.9434407353401184,0.00032762979390099645,3.421387062552128e-10,0.00015523437468800694,0.028744498267769814,4.028852708870545e-05,4.085378350282554e-06,1.2421905921655707e-05,2.580801492513274e-06,0.00010400099563412368,0.00010985742119373754,9.200859494740143e-05,0.005559740122407675,8.429203290916121e-08,7.861397648412094e-07,3.096180807915516e-05,0.000737099617253989,3.3198765958530885e-09
window-4a13ec1f76fff55695a2,472_66886_131679,teddybear,bench,0.689558744430542,False,1.4780514447920723e-06,3.619990820880048e-05,0.06677980720996857,0.689558744430542,0.00024997786385938525,4.231559955769626e-07,4.2682131606852636e-06,2.9025448711195168e-09,0.017110344022512436,0.0001526842825114727,3.735686204819899e-10,0.021038392558693886,0.09908328205347061,1.6113721358124167e-05,0.00042700819903984666,0.00010691424540709704,0.0014612325467169285,0.002137661213055253,0.00018157785234507173,0.00044426650856621563,0.09921093285083771,8.287408953533415e-11,0.0017651362577453256,0.00014085951261222363,9.27256842260249e-05,3.851800545184858e-10
window-3f8d05751bf64dcdfcd9,514_73815_143655,teddybear,wineglass,0.3485957980155945,False,5.604765647149179e-07,7.475383608834818e-05,0.0012145387008786201,5.609599975286983e-05,0.04069947451353073,8.470809909630686e-14,0.0014585003955289721,0.002910259645432234,0.3176071047782898,0.15650276839733124,0.007103882264345884,0.0854983925819397,0.00013035236042924225,0.0038397463504225016,0.018256787210702896,0.00013085000682622194,4.3318079406162724e-05,0.0007689507328905165,0.00488122645765543,0.002809870755299926,0.005842158105224371,0.00010361037857364863,0.0001578977971803397,0.0012923100730404258,2.0707260773633607e-05,0.3485957980155945
window-240eacd8187a04d4dad2,514_73815_143655,teddybear,toilet,0.6145283579826355,False,4.131405546559108e-07,0.004711069166660309,0.000348061032127589,4.9340178520651534e-05,0.0013050123816356063,2.9506522225553056e-10,0.00068240100517869,1.091082322091097e-05,0.019060485064983368,0.05826885998249054,2.540577952458989e-05,0.004369236994534731,2.9450680472109525e-07,0.00884272065013647,0.007600945420563221,2.987204243254382e-05,0.00027871940983459353,4.4264244934311137e-05,0.0038521718233823776,1.1122925798190408e-06,0.2736376225948334,0.6145283579826355,4.884701411356218e-06,6.150820354378084e-06,0.001992609351873398,0.00034901133039966226
window-7c228eae7c3eb693e55b,514_73815_143655,teddybear,wineglass,0.29915034770965576,False,4.299801730667241e-05,0.0005704365903511643,0.002664457308128476,0.0010013221763074398,0.0035325889475643635,4.975102564619936e-14,0.07317095994949341,0.004063102882355452,0.12950508296489716,0.004375722724944353,0.0025265326257795095,0.2624904215335846,0.0004425168735906482,0.021290874108672142,0.001810411224141717,0.03917930647730827,0.047457415610551834,0.010222304612398148,0.054800912737846375,0.0021965974010527134,0.030870432034134865,0.0019246700685471296,0.005482560954988003,9.739253437146544e-05,0.0011305836960673332,0.29915034770965576
window-0d3bbe9490e130efc4ad,514_73815_143655,teddybear,wineglass,0.4844612181186676,False,6.415390089387074e-06,3.913958425982855e-05,0.001085747149772942,6.646366091445088e-05,0.0008287964155897498,1.658833769131729e-12,0.014598503708839417,0.00578981451690197,0.22821004688739777,0.05014166235923767,0.014945107512176037,0.10069922357797623,0.00014778028707951307,0.003894930938258767,0.015583907254040241,0.0238615982234478,0.00016084520029835403,0.005799911450594664,0.023546746000647545,0.004202852491289377,0.02075793594121933,9.503687761025503e-05,0.0008391275769099593,0.0002016768848989159,3.546926018316299e-05,0.4844612181186676
window-f0cc151613732c7794a6,529_76909_148725,teddybear,teddybear,0.23405158519744873,True,0.14514897763729095,0.08349312841892242,0.005242977757006884,0.000504805298987776,0.005594004411250353,0.0017770046833902597,0.02353697642683983,0.03325209021568298,0.1073136106133461,0.0037974619772285223,0.0003082785115111619,0.06207951903343201,0.00010604965063976124,0.14227716624736786,1.7190433936775662e-05,0.0020422968082129955,2.298913770459876e-08,1.1093977718701353e-06,0.12412220984697342,6.745757730186597e-08,0.23405158519744873,2.860803397197742e-05,6.45261534373276e-05,0.024842653423547745,0.0003921661991626024,5.523903837456601e-06
window-49723db7e80528af77dc,529_76909_148725,teddybear,teddybear,0.28065404295921326,True,0.20834395289421082,0.07610081881284714,0.0007740564178675413,0.00013695475354325026,0.0021449648775160313,0.0038769980892539024,0.03623289614915848,0.011070090346038342,0.06986504793167114,0.006019704043865204,0.00015250434807967395,0.03465013951063156,1.3774460057902616e-05,0.05201738700270653,7.05388129063067e-06,0.0004235407686792314,8.732045642112496e-10,2.0561606106639374e-06,0.21160194277763367,6.798696006171667e-08,0.28065404295921326,3.535626092343591e-05,5.2177972975187004e-05,0.0057601905427873135,6.1004790040897205e-05,3.2298994483426213e-06
window-b02ef93dd4915fcb10ec,529_76909_148725,teddybear,sandwich,0.25072166323661804,False,0.09371493756771088,0.04405513033270836,0.026431854814291,9.060528100235388e-05,0.00422680051997304,0.0009165132069028914,0.01202209759503603,0.12334216386079788,0.023301078006625175,0.0004424748767632991,0.0066372910514473915,0.06435606628656387,2.8461085094022565e-05,0.04784514755010605,7.908987026894465e-05,0.014609691686928272,1.4926968106010463e-08,1.0990105465680244e-06,0.25072166323661804,4.229604044780899e-08,0.119264617562294,2.8236745492904447e-05,0.00016701023560017347,0.1676706075668335,4.035033634863794e-05,6.892386409163009e-06
window-795877036249d09ef239,529_76909_148725,teddybear,teddybear,0.2595803737640381,True,0.14195221662521362,0.058980561792850494,0.0043374523520469666,0.00047077122144401073,0.007706993259489536,0.0019294274970889091,0.014453191310167313,0.0441121980547905,0.0277952179312706,0.004403138533234596,0.004672040697187185,0.036031030118465424,0.0004760943411383778,0.25895771384239197,1.1589394489419647e-05,0.001243430539034307,7.128799239808359e-08,2.428476818749914e-06,0.12552273273468018,4.349404036929627e-07,0.2595803737640381,9.982668416341767e-05,0.00010080084757646546,0.006919804494827986,0.00014097601524554193,9.949659579433501e-05
window-81fb8346cd086ff49d3f,534_77577_150665,teddybear,umbrella,0.6612908244132996,False,0.005329149775207043,4.674383035307983e-06,0.0063422187231481075,0.0017828010022640228,0.001657709013670683,3.884451427182967e-09,3.6980465665692464e-05,1.6998987121041864e-05,0.04674552008509636,2.1897299120610114e-06,5.830952068208717e-05,0.2620985507965088,0.0007323225727304816,9.085072633752134e-06,0.011275926604866982,2.871849028451834e-05,8.489031642966438e-06,7.71157010603929e-06,0.000909885042347014,2.29857801059552e-06,1.7326559031971556e-07,0.0009476044797338545,1.322193111263914e-05,0.00034026228240691125,0.6612908244132996,0.00035844833473674953
window-03fb8d85cbb1c38429de,534_77577_150665,teddybear,chair,0.7533174157142639,False,0.03536232188344002,3.249790097470395e-05,0.12516877055168152,0.004021132830530405,0.010429223999381065,4.874217696126948e-10,0.010155237279832363,0.0010448790853843093,0.7533174157142639,0.003952262923121452,0.0038781892508268356,0.0001761337771313265,3.095767186437476e-13,6.920954476186125e-09,4.632167360796302e-08,1.840166987676639e-05,1.1120176715462485e-18,1.2365098278621645e-08,4.331161562731722e-06,4.341174815181148e-07,0.05211895331740379,3.507621840981301e-06,8.960986451711506e-05,0.00015926509513519704,5.549361230805516e-05,1.1910869943676516e-05
window-916b059b988923448200,534_77577_150665,teddybear,apple,0.34934091567993164,False,0.34934091567993164,0.002223748015239835,0.0034801876172423363,0.00019077085016760975,0.1957990527153015,3.646253844635794e-06,0.010819929651916027,7.737187843304127e-05,0.03569762408733368,0.004734808579087257,0.0012299162335693836,0.2797855734825134,3.2688842566130916e-07,2.253837010357529e-05,4.678996992879547e-05,0.00026960793184116483,2.297272816420559e-09,2.0151644548604963e-06,2.90586081064248e-06,0.00017341763305012137,0.007847221568226814,0.0002443083794787526,0.0008955933153629303,0.07515282928943634,0.031757891178131104,0.00020106323063373566
window-df0c1b2b86a991853d6c,534_77577_150665,teddybear,handbag,0.6821804642677307,False,0.04558751359581947,0.005319878924638033,0.0014043502742424607,0.01873088628053665,0.005165486130863428,0.00014747172826901078,0.023828966543078423,0.0006618461338803172,0.04082747548818588,0.029135504737496376,2.361229053349234e-05,0.6821804642677307,4.913626253255643e-05,0.000928869703784585,0.006003010086715221,0.007319069933146238,4.4183158820487733e-07,0.0029874632600694895,0.00098235288169235,5.823776064062258e-06,0.08745914697647095,0.001360545982606709,0.0016445628134533763,0.01193865668028593,0.0213539469987154,0.004953477997332811
window-9c417b7bf214982c3ce5,616_99423_199584,teddybear,carrot,0.5672513246536255,False,0.03192249685525894,0.13740697503089905,1.0345416967538767e-07,5.537738161365269e-07,3.7882462038396625e-06,0.00014480958634521812,0.0011266338406130672,0.5672513246536255,0.00018088567594531924,3.0445291486103088e-05,0.00047641622950322926,3.0578095788769133e-07,3.260409897620775e-08,1.7249451502721058e-06,1.8139517976578645e-07,0.2424725741147995,1.5118689214385629e-18,0.00025604863185435534,3.684439434437081e-05,1.8199688018012452e-21,0.018115650862455368,4.683253340687088e-09,0.0001948278513737023,0.000363281462341547,1.3551386473409366e-05,5.48259379229421e-07
window-356a4849952325e63d3a,616_99423_199584,teddybear,ball,0.6598555445671082,False,0.053503137081861496,0.6598555445671082,2.276252381028243e-10,1.0842851452252944e-06,5.688756843369447e-08,0.001222641789354384,0.002141699893400073,0.2294149547815323,7.129739242373034e-05,0.00016977879568003118,1.894101660582237e-05,5.192164564959967e-08,1.333376187240276e-09,3.9045397670633974e-07,5.6004004989063105e-08,0.0500984862446785,1.4545770480446448e-18,0.0006000525318086147,2.648957524797879e-05,4.395478542838873e-19,0.0018871078500524163,3.453657981822289e-08,0.00030726732802577317,0.0006741092656739056,3.2360123469743485e-08,6.852802016510395e-06
window-9ef8a5d1258bffe2a5a8,616_99423_199584,teddybear,ball,0.8041911721229553,False,0.002405414590612054,0.8041911721229553,1.4350437504973002e-10,1.033769308378396e-06,1.023803179123206e-06,0.0011684546479955316,0.0005684704519808292,0.18762418627738953,2.4211889467551373e-05,5.878091178601608e-05,7.096784975146875e-05,1.0013617384174722e-06,5.149804471749064e-10,1.0093041282743798e-06,2.40607267443238e-09,0.0032131753396242857,3.4679352793841735e-18,5.883273115614429e-05,1.9613744370872155e-05,5.599790098882108e-22,0.00013033630966674536,6.4605991667576745e-09,0.0001751282688928768,0.0002806455595418811,9.131320553024125e-07,5.552337370318128e-06
window-a07db3b766d399b7676e,616_99423_199584,teddybear,ball,0.6923866868019104,False,0.18961217999458313,0.6923866868019104,1.4479678611678537e-06,4.0600878037366783e-07,0.000469144550152123,0.000393560592783615,0.001093539409339428,0.08862055093050003,0.0009103338234126568,0.000363683036994189,0.003034495282918215,0.00015323869592975825,1.152040681517974e-06,1.516707197879441e-05,9.631877446736326e-07,0.008572220802307129,5.309817256021754e-12,0.0011874798219650984,0.005371863953769207,2.425972619589595e-19,0.0069992924109101295,2.075853672067751e-06,0.000302900472888723,0.0002714857109822333,0.00022274907678365707,1.3444920114125125e-05
window-eef52b2b8e15a36ba055,622_102226_205337,teddybear,carrot,0.9169349670410156,False,8.028092111089791e-07,0.049695078283548355,6.097120603953954e-07,3.8352463889168575e-05,4.0543291106587276e-05,5.573576848700191e-16,1.3053603424850735e-06,0.9169349670410156,0.00018029958300758153,6.70278532197699e-05,4.420904951984994e-05,9.769160307093738e-12,1.6050954343427293e-08,1.0818432656378718e-06,3.6791054299101233e-05,0.013998225331306458,8.205174317765795e-09,2.9634435350089916e-08,0.0002958222758024931,1.8524628174736851e-13,2.5738609110703692e-05,6.429479778441438e-12,0.0026456941850483418,3.7076921444167965e-07,0.015534934587776661,0.00045820121886208653
window-e3e8b1f9835a3d6bc78b,622_102226_205337,teddybear,carrot,0.9995766282081604,False,7.155183993745595e-06,0.00031193645554594696,4.3812753425243045e-09,2.0671045319886616e-07,2.724942476106662e-07,7.589516920725513e-22,2.7408773917159124e-07,0.9995766282081604,4.835991944673879e-07,1.0284786640113452e-06,1.182555365630833e-06,6.536209782101324e-15,2.4070670456843857e-10,1.443548336421685e-10,1.4931168834664277e-07,5.422868980531348e-06,1.3333417703265127e-09,2.5032675585179298e-11,7.451429837601609e-07,2.0052943680570756e-12,3.611622219068522e-07,7.996270312560227e-12,2.5129265850409865e-05,3.8360181520147307e-07,1.442423581465846e-05,5.411392339738086e-05
window-79741da3fe89bcac66b0,622_102226_205337,teddybear,carrot,0.9991117119789124,False,5.494050128618255e-06,0.0007283870945684612,1.6033625982458943e-08,8.295976954286743e-07,9.694073810351256e-08,6.865385826688456e-20,5.643419171974529e-07,0.9991117119789124,5.564670004787331e-07,1.4101856322668027e-06,1.0267383458995027e-06,3.2417222118469313e-13,1.875070321233352e-09,2.2519337783410975e-10,8.94007570195754e-08,2.1360256141633727e-05,1.077682831862603e-09,3.047498364772139e-11,4.085347427462693e-06,2.4707533653571534e-13,4.065622306370642e-06,4.5103556306491654e-12,2.215012500528246e-05,2.4763636474745e-07,8.226285717682913e-05,1.5691026419517584e-05
window-0170c538150d065b3dcc,622_102226_205337,teddybear,carrot,0.979248046875,False,8.745446393731982e-06,0.00827452540397644,4.471664396987762e-06,0.00021245682728476822,1.5185746633505914e-06,5.57365466985222e-15,3.5197108445572667e-06,0.979248046875,0.00011143172741867602,0.00030943757155910134,1.9816878193523735e-05,3.314986896096883e-10,3.625251565608778e-06,3.842411331334006e-07,3.8141736240504542e-06,0.005497409496456385,3.0954393537285796e-07,1.6249155976311158e-07,2.2846183128422126e-05,4.922152685438164e-10,4.5995191612746567e-05,7.316297567783181e-10,0.0016249001491814852,7.993199687916785e-06,0.0026648854836821556,0.0019337293924763799
window-aa390eb8fddc12f15c3d,124_14451_29937,toilet,toilet,0.9909902811050415,True,4.42005148215685e-06,0.004942145198583603,0.0011090331245213747,5.0361002479348826e-08,3.1627189400751377e-07,0.00012835243251174688,0.00041859043994918466,0.002107198117300868,1.6150215742527507e-05,1.743644475027395e-06,4.910137795377523e-05,2.6936659196508117e-05,1.8383232713858888e-08,4.1292352648270025e-08,5.221378955866385e-07,1.190951206808677e-05,3.932279502016911e-10,2.770743208202475e-07,8.713858733244706e-06,1.7780898531327693e-07,9.050025255419314e-05,0.9909902811050415,1.233665898325853e-06,5.508657068276079e-07,7.703536539338529e-05,1.4521097000397276e-05
window-47122011417fad5b16fa,124_14451_29937,toilet,toilet,0.7669661045074463,True,0.0012984401546418667,0.036659613251686096,0.01334183569997549,9.769741882337257e-05,6.727380969095975e-05,0.035160694271326065,0.03465382009744644,0.0579032301902771,0.015842197462916374,0.0007016359595581889,0.005520462524145842,0.0019663036800920963,9.099329872697126e-06,0.0005305312224663794,6.988154927967116e-05,0.0020413717720657587,1.0442754216910544e-07,4.753968823933974e-05,0.001874981913715601,7.37048821974895e-07,0.01888417638838291,0.7669661045074463,5.3684892918681726e-05,3.904184632119723e-05,0.006150831934064627,0.00011870666639879346
window-27b6a1b3e821b0724e70,124_14451_29937,toilet,bowl,0.306898295879364,False,0.003429228439927101,0.12068182229995728,0.0031122607178986073,0.00030239118495956063,0.0009135089931078255,0.306898295879364,0.15586590766906738,0.0020437086932361126,0.3024047315120697,2.9753826311207376e-05,2.160409167117905e-05,0.0017592409858480096,0.0001293245004490018,0.0006319170352071524,0.0031700555700808764,0.00019495197921060026,3.8810190972071723e-07,0.0016825036145746708,0.008060024119913578,2.0951129044988193e-05,0.0003009447827935219,0.08652900159358978,0.0005120520363561809,0.0011824306566268206,0.00012245849939063191,5.284486519485654e-07
window-98e07052cbe93982ce45,124_14451_29937,toilet,toilet,0.9947999715805054,True,3.024509896931704e-05,0.000517373438924551,6.415429379558191e-05,9.635614333092235e-07,2.4602306893939385e-06,4.88876938931071e-10,0.0033720294013619423,3.030454251984338e-07,0.00018161309708375484,4.8975166144771265e-09,1.265607844219696e-12,0.0008901304099708796,3.134612291955108e-10,8.917574518818583e-07,4.071357125212671e-06,3.441414619942407e-08,3.86569221078048e-09,5.19908826390747e-06,2.3195250832941383e-05,4.765610412960086e-07,6.97467967825105e-08,0.9947999715805054,3.0003816098300717e-10,2.2028929436146427e-07,0.00010643838322721422,1.1710024061528657e-09
window-a81258d44c6dd240c358,423_58823_113344,toilet,toilet,0.9975928664207458,True,5.898448307561921e-08,0.0023296247236430645,4.5756348754366627e-07,1.4404018422453646e-08,1.8533669043918621e-10,6.119063478138287e-09,2.2008607629686594e-06,5.834607691213023e-06,2.400612347797093e-11,2.0065243688804912e-08,2.4486611437168904e-05,2.6562415769149084e-06,2.8467472823479056e-09,3.060526831966115e-10,4.604602210633857e-08,1.2587009656783721e-08,3.151613137131193e-10,4.4140469412923267e-07,1.209686359970874e-07,3.5467212933931735e-13,3.806532913586125e-05,0.9975928664207458,8.555531394449645e-07,3.6182130624951014e-09,3.434587725337224e-08,2.0715754089906113e-06
window-33a53c95af0857a7db8f,423_58823_113344,toilet,toilet,0.9360530376434326,True,3.7075718864798546e-05,0.06378224492073059,1.2347074971330585e-06,4.490153315828138e-08,2.9217511743340197e-10,1.4325877373266849e-06,2.6192570658167824e-05,5.151937875780277e-05,3.054385910861157e-10,1.9293970865419396e-07,2.618911139506963e-06,9.569170288159512e-06,4.888366933464283e-10,1.0628374624843673e-08,1.0869758853004896e-06,3.7026498489467485e-07,2.5499900802028463e-11,2.509797013772186e-06,8.717915079614613e-06,2.2413006780380718e-13,6.232694886421086e-06,0.9360530376434326,5.714325084227312e-07,1.316545983343076e-08,6.616147061322408e-07,1.4649969671154395e-05
window-5010b5774ee2daf41c3a,423_58823_113344,toilet,ball,0.9856657385826111,False,0.000775811611674726,0.9856657385826111,0.0014449394075199962,5.085857992526144e-07,3.2908777924944843e-09,5.981623417028459e-06,3.687380740302615e-05,0.0067204381339251995,3.037205556499778e-11,2.815342122630682e-05,4.594289748638403e-06,0.0005205664783716202,1.3443887780795194e-07,4.331515590649815e-09,1.2003261872450821e-05,0.0006312400219030678,7.97405891317382e-11,0.0005792920710518956,0.0002994774840772152,2.197713717825081e-14,3.1116491300053895e-05,0.0028919395990669727,3.955552165280096e-05,1.5387987559734029e-06,6.820656381023582e-06,0.00030323685496114194
window-14f91cda735cbe6a7f90,423_58823_113344,toilet,toilet,0.9994144439697266,True,3.3209937555511715e-07,0.0005239973543211818,3.1842705539020244e-07,1.5139477227421594e-07,2.5136268066994205e-10,1.9342896848684177e-06,5.496626727108378e-06,2.2866035578772426e-05,9.476377321737672e-11,3.3010863376148336e-08,9.217372280545533e-06,1.240629217136302e-06,7.782766431319033e-08,4.317061375047615e-09,2.115280750558668e-07,6.8541172737468514e-09,3.9890517555818406e-09,1.2387222341203596e-06,1.4772588485811866e-07,6.662931924944493e-13,1.4048770026420243e-05,0.9994144439697266,1.4204121043803752e-06,2.0024506497406946e-08,2.1765779933957674e-07,2.589395080576651e-06
window-735463d42f1d36d0b8d9,429_60377_117017,toilet,toilet,0.7678712010383606,True,5.636416972265579e-05,0.18694010376930237,0.00011395684123272076,0.0009150173282250762,3.801455022767186e-05,9.525331634563372e-10,0.007790741976350546,6.524156196974218e-05,4.135098947699589e-07,0.0013265074230730534,2.5663812266429886e-05,2.1066671251901425e-07,7.127700207831822e-09,4.903412786916306e-08,2.0285335267544724e-05,0.033275056630373,5.950376808308306e-16,1.0347098111651576e-07,1.6510241039213724e-05,2.2337559014669935e-15,0.00040092080598697066,0.7678712010383606,2.3594928279635496e-05,1.8028819681603636e-07,1.6857822629390284e-05,0.0011029386660084128
window-6bb7d897729e5874ff90,429_60377_117017,toilet,toilet,0.7465662360191345,True,0.0022420226596295834,0.23566094040870667,0.0004830414254684001,0.00024900209973566234,5.466569564305246e-05,2.6454134882669678e-08,0.004957297351211309,1.6383091860916466e-05,6.808578473282978e-05,3.5761924664257094e-05,5.8978571360057686e-06,0.004308874718844891,2.151969965780154e-06,3.523641134961508e-05,7.444612492690794e-06,0.004125232808291912,6.889090686801325e-11,0.00010507737169973552,7.19177260180004e-05,7.421127080908807e-12,0.00020111528283450752,0.7465662360191345,5.305343438521959e-05,4.275209732895746e-07,6.354626384563744e-05,0.0006865693721920252
window-d1b88caead14e69f10c6,429_60377_117017,toilet,mouse,0.5970681309700012,False,8.176166738849133e-05,0.0676359087228775,0.05415761098265648,0.00978720560669899,0.001606215606443584,4.220828486722894e-07,0.013692976906895638,0.000433246634202078,3.634652239270508e-05,5.760584826930426e-05,3.93133086618036e-05,0.024975279346108437,8.387745964455462e-08,0.00038278099964372814,1.1674175766529515e-05,0.5970681309700012,5.511177625372454e-10,9.499935549683869e-05,0.008396094664931297,1.3370027307502141e-11,0.0026706596836447716,0.21670427918434143,0.0016535657923668623,1.990379678318277e-05,0.0001296261470997706,0.0003643448289949447
window-06b2d0156a18cac33cf0,429_60377_117017,toilet,toilet,0.9802543520927429,True,2.145505277439952e-06,0.0032846620306372643,0.0005919852992519736,2.4323635443579406e-06,4.234419247950427e-05,8.116438152683259e-07,0.0106332553550601,3.133558857371099e-05,4.998395161237568e-05,4.3703344999812543e-05,7.797393095643201e-07,0.003341333009302616,7.773273580369278e-08,0.0011151337530463934,7.701201525378565e-07,5.440006498247385e-05,5.4234037399902846e-11,1.0859654139494523e-05,0.00027446693275123835,9.101649989240457e-12,0.00022497959434986115,0.9802543520927429,4.889687716058688e-06,1.0287220675309072e-06,1.0465841114637442e-05,2.3776919988449663e-05
window-6495dc9a780f1d445af1,431_60914_118495,toilet,plant,0.6241874098777771,False,5.899474672332872e-06,0.0004942144732922316,4.941095994581701e-07,1.8028467820840888e-06,0.0029914667829871178,2.261596570446018e-24,0.0006493310211226344,3.284560179395157e-08,2.3414324459736235e-05,0.00013583435793407261,9.186151572748713e-08,4.1442588553763926e-05,2.8368345450502375e-09,6.164148089737864e-07,0.0020777860190719366,1.630783344808151e-06,2.4143523091879615e-07,0.6241874098777771,7.1619403740896814e-09,1.7751690874499631e-15,2.9762238895614246e-08,0.36343708634376526,0.004857642576098442,8.353253377890724e-08,0.0005633647087961435,0.0005301045603118837
window-19e6c19f6e6e7fd61d4e,431_60914_118495,toilet,teddybear,0.78681480884552,False,0.004789514467120171,5.752047218265943e-05,0.0006288235890679061,7.889060725574382e-06,2.1819298012815125e-07,1.0609554346174832e-09,0.013571481220424175,0.03642110154032707,1.6443649428765639e-06,2.4971495804493316e-05,0.06425657868385315,5.739444532082416e-05,1.7373943705933925e-07,0.028130026534199715,8.315473678521812e-06,0.003315799869596958,1.256872272925591e-09,7.212777290988015e-07,1.530769289104228e-08,1.2827511422448855e-15,0.78681480884552,2.47282287091366e-07,0.036189235746860504,8.123031875584275e-06,0.025566739961504936,0.00014865917910356075
window-3fdd4070850d0268ce47,431_60914_118495,toilet,plant,0.813698947429657,False,2.5339693010550945e-08,0.0001634023356018588,7.771482242457939e-12,1.8564177750590716e-08,7.415682716782612e-07,3.8179456920452943e-19,0.00012097939907107502,1.0518191402297816e-06,0.0006490711821243167,0.0023953877389431,2.4704494450134007e-08,1.1131408683695554e-08,1.2703425551069403e-12,0.0004410959081724286,0.0926048681139946,1.4146608009468764e-06,3.2960325414095257e-14,0.813698947429657,1.6477880535603617e-06,8.314066783025611e-19,0.020027855411171913,1.9454288121778518e-05,0.00017157636466436088,1.193134693266984e-07,4.533730316325091e-05,0.06965702772140503
window-d992e2866fb011e47e70,431_60914_118495,toilet,cup,0.8424263596534729,False,0.00043136358726769686,0.056687574833631516,0.0025276090018451214,0.0008927692542783916,2.76541436505795e-06,9.73046513155773e-13,0.0033081474248319864,3.991325229435461e-06,8.430435264017433e-05,0.8424263596534729,2.6332799052397604e-07,0.0004014474689029157,1.3170033952292215e-09,2.858353354895371e-06,0.03072381019592285,0.00025724436272867024,4.4402537202614667e-10,0.022933796048164368,2.7843922723036485e-09,9.083506152181048e-16,2.3393968149321154e-06,0.0015473288949579,0.0001643513242015615,1.2726013665087521e-05,0.03756445273756981,2.4632618078612722e-05
window-71ba524e0df5f45505d4,564_81534_160286,toilet,cake,0.8541849851608276,False,0.0035245849285274744,0.0028209402225911617,0.00032968888990581036,0.002867096569389105,0.04662668704986572,4.738627554357412e-17,0.8541849851608276,3.841356033262855e-08,0.04567044600844383,6.059868246666156e-05,3.0723640298546684e-10,1.791529393813107e-05,7.281654688995332e-05,1.2549921848403756e-06,1.4833828572591301e-05,1.794692039425172e-08,2.4944030840856612e-08,3.279572183600976e-06,0.00011771563004003838,8.521796189597808e-06,0.00038817772292532027,0.043287768959999084,2.3737460708161962e-07,1.0554415119656824e-08,2.0622492229449563e-06,3.725260171449918e-07
window-a5d32c22a807c05ea5a3,564_81534_160286,toilet,toilet,0.8242034912109375,True,0.012291591614484787,0.05646073818206787,0.0006350812036544085,0.01908263750374317,0.004290051758289337,5.348442133623621e-09,0.0013430560939013958,7.594285852974281e-05,0.00011673363769659773,0.005029071122407913,0.036615099757909775,0.0001943188108270988,0.0023896254133433104,1.9560049622668885e-05,0.0031099787447601557,8.715685908100568e-06,1.3361698620428797e-05,0.002062348648905754,0.010620501823723316,0.0006935615092515945,0.017113398760557175,0.8242034912109375,0.0024316238705068827,4.6464043407468125e-05,1.3972478427604074e-06,0.0011517154052853584
window-93ba6f81e14b6e55e84d,564_81534_160286,toilet,bench,0.6864389777183533,False,3.8176611269591376e-05,0.014716604724526405,0.0021556257270276546,0.6864389777183533,9.564468200551346e-05,8.943602802791162e-12,0.0009637566399760544,1.2016613482046523e-06,5.952508104201115e-07,0.0004563265829347074,0.06706452369689941,3.0307096494652797e-06,0.0006223810487426817,1.5075172541401116e-06,0.00034389307256788015,0.17999324202537537,1.3488935337591101e-06,0.0029089502058923244,1.119437820307212e-05,1.1291745494190764e-07,0.0022131474688649178,0.00971064530313015,0.02984573319554329,1.907688783830963e-05,4.830202442462905e-07,0.0023938824888318777
window-6523510c7ccf5f2c49ee,564_81534_160286,toilet,ball,0.8074212074279785,False,0.008001771755516529,0.8074212074279785,0.004035054240375757,0.013378847390413284,0.0031126218382269144,9.554237578868197e-08,0.006726527586579323,0.0004082524683326483,0.0001678988483035937,0.002882697619497776,0.00032287545036524534,0.0016479931073263288,0.00017368608678225428,1.068642086465843e-05,0.00019446985970716923,1.7655311239650473e-05,5.1896695367759094e-05,0.0025725774466991425,0.00022900865587871522,0.0020630513317883015,0.026204654946923256,0.12015281617641449,3.4060496545862406e-05,2.6310652174288407e-05,3.530273943397333e-06,0.00015975203132256866
window-b45cd18c8ab01c2a9a0e,590_88813_174935,toilet,toilet,0.8995912075042725,True,1.8581984477350488e-05,0.00019256011000834405,0.0031148006673902273,0.00119800865650177,0.037996936589479446,1.1078499229100203e-09,2.096081880154088e-05,1.0814913366630208e-05,4.990027446183376e-05,0.0003003579913638532,2.6861783908316283e-07,1.29048821690958e-05,1.6305623375956202e-06,2.7150401038511518e-08,0.0054892185144126415,0.03746960684657097,0.00014007161371409893,5.020912067266181e-05,0.0001853121939348057,1.0612500461748553e-11,9.087272701435722e-06,0.8995912075042725,0.00882931798696518,0.0003184898814652115,0.000634392665233463,0.004365390632301569
window-ba16854977f8c700c0ff,590_88813_174935,toilet,toilet,0.984440803527832,True,1.702711233519949e-05,0.00022564975370187312,0.0042359777726233006,0.0016229189932346344,0.0008153512608259916,6.260466034468948e-10,0.0017691607354208827,9.705703405415989e-07,0.0001224719308083877,0.0002694067661650479,6.716173572840489e-08,0.0011253816774114966,1.7669533747266541e-07,9.851660820459074e-08,0.00012663660163525492,0.002187855774536729,4.802979219675763e-06,1.1296051525278017e-05,7.1754498094378505e-06,1.7635885156755404e-12,4.519239882938564e-05,0.984440803527832,0.0005123037844896317,1.971650999621488e-05,3.785687295021489e-05,0.0024017267860472202
window-a58e230934259a62d592,590_88813_174935,toilet,toilet,0.9996007084846497,True,5.467898356315004e-10,4.843366696150042e-06,0.00014971788914408535,1.711772711132653e-05,1.988129770325031e-05,5.928979637977172e-13,1.4196481856743048e-07,4.5685638383474725e-07,1.769276813945453e-08,1.197185213186458e-07,1.3009079147252578e-08,4.778423701168322e-08,1.209383843070455e-10,4.5356762790049743e-10,3.810816633631475e-05,3.083921910729259e-05,2.6359309686085908e-06,9.47369400705611e-08,1.9709410992163612e-07,2.4784410634914877e-12,4.3189166376578214e-07,0.9996007084846497,1.1845822882605717e-05,3.6537166181460634e-08,8.053752935666125e-07,0.00012191414862172678
window-39f6fbeabf25798812f7,590_88813_174935,toilet,toilet,0.9873458743095398,True,2.281727756781038e-05,0.0017345927190035582,0.0007764057954773307,0.002318329643458128,5.3793646657140926e-05,1.2116596614930586e-10,0.0014606894692406058,5.034732453168544e-07,7.460656092916906e-07,0.0010379167506471276,5.927959136897698e-07,0.00015815130609553307,1.0333138078522097e-07,4.838100267079426e-06,7.105733675416559e-05,0.001069971127435565,8.747601754066636e-08,2.709181899263058e-05,1.9475728549878113e-05,2.0120803894546624e-12,0.00016977453196886927,0.9873458743095398,0.000939800520427525,5.235309072304517e-05,7.41893018130213e-05,0.0026609289925545454
window-d8e9434fba792d0a41ea,605_94531_187737,toilet,chair,0.9279211759567261,False,9.04641979104781e-08,4.167441511526704e-05,2.6715842977864668e-05,0.0009358644601888955,0.014659675769507885,4.4058562747033465e-15,0.0006633295561186969,9.553193194733467e-06,0.9279211759567261,8.414866897510365e-05,2.8517586088128155e-06,0.0011523625580593944,8.791698036247908e-09,1.2453428098524455e-05,0.03101320005953312,1.9140582026011543e-06,0.00010146376735065132,8.85434346855618e-05,0.00012973774573765695,2.488775123765663e-07,0.00014421418018173426,0.0008702484192326665,4.168431075868284e-07,5.968360596853017e-07,0.02142871543765068,0.0007107873097993433
window-6fddb2454feeb8426dc1,605_94531_187737,toilet,toilet,0.9990822076797485,True,2.3513962586936554e-13,6.499389471059658e-09,1.2122280068638247e-08,3.819151606876403e-05,9.98231598714483e-07,5.46081981797956e-22,3.2328837384909548e-09,3.1822613988374826e-11,4.23455912823556e-06,1.1667969368467368e-10,6.234244349055673e-13,3.453118679885847e-08,3.3252711023092074e-14,2.4652670313138336e-13,0.0008597476989962161,3.1227223473706545e-08,1.7105737659672826e-10,3.937966341904797e-10,6.484558667807505e-08,9.76225836279987e-11,1.4467069377133157e-05,0.9990822076797485,4.155172386721695e-11,1.3757757140551302e-13,4.0569041459548316e-08,6.36616523386202e-11
window-3d7af661ff81ba71795f,605_94531_187737,toilet,toilet,0.40543949604034424,True,9.41371763474308e-06,0.0020029102452099323,0.004963864106684923,0.007224370259791613,0.0040405429899692535,2.0262652233177247e-12,0.07749521732330322,0.00562714459374547,0.04241880029439926,0.002698470139876008,0.00038419454358518124,0.003818828146904707,7.954320722092234e-07,0.001177842146717012,0.1500149667263031,0.004010600503534079,0.004320530220866203,2.744444827840198e-05,0.011506767943501472,0.0001968326687347144,0.0017799646593630314,0.40543949604034424,0.007041578646749258,0.0011780757922679186,0.18215519189834595,0.08046623319387436
window-e1303be33427dc406352,605_94531_187737,toilet,umbrella,0.6620943546295166,False,1.3752124687016476e-05,0.0011044685961678624,0.08650343865156174,0.004061541985720396,0.08178380131721497,2.3370064185581e-17,0.0013204949209466577,0.009632671251893044,0.017988495528697968,0.0004345933848526329,7.242660103656817e-06,0.005457043182104826,2.1381775516804424e-10,0.00014283951895777136,0.01799231953918934,0.0016150305746123195,9.152808343060315e-05,2.4729697543079965e-06,0.0005641659954562783,6.182842753332807e-07,0.0050707533955574036,0.0775567814707756,0.00010570826270850375,0.0062165274284780025,0.6620943546295166,0.02023933455348015
window-bd53011994515c982f5b,621_101751_202372,toilet,microwave,0.4508999288082123,False,5.903192246137223e-08,0.0028276194352656603,0.0018100793240591884,7.19720046618022e-05,0.14724062383174896,1.327246906129842e-11,0.026923101395368576,0.00035595480585470796,0.0035486475098878145,0.0005776889738626778,2.5982819352066144e-05,0.05360989272594452,5.378919976095631e-09,0.0015506220515817404,0.4508999288082123,0.002511328784748912,2.3856002371758223e-05,0.031235843896865845,0.08119946718215942,3.6844847173256312e-09,0.0005071047344245017,0.019237376749515533,0.015594049356877804,1.6311381841660477e-05,0.16019506752490997,3.744913556147367e-05
window-ee74ed483284b3571090,621_101751_202372,toilet,book,0.4925316572189331,False,8.792600283413776e-07,0.013163452968001366,0.011902046389877796,0.0073423539288342,0.4925316572189331,1.823289852431742e-09,0.00952968280762434,2.3174143279902637e-06,0.03780609741806984,0.00024022268189582974,1.4547609907822334e-06,0.0029547768644988537,2.1506407765770064e-12,1.4704186469316483e-05,0.11941634118556976,0.0027118695434182882,1.4947468685022613e-07,0.0007668490870855749,0.29085999727249146,6.615494014140105e-14,0.0010361841414123774,0.007146695163100958,0.0011829080758616328,2.309569850922344e-07,0.001388259930536151,8.422385349149408e-07
window-48bc557c93dfebccbc98,621_101751_202372,toilet,baseballbat,0.5121129751205444,False,9.957092095280728e-11,0.001461449428461492,0.5121129751205444,0.10903306305408478,0.0038272689562290907,1.442630194990746e-13,0.0118766063824296,9.490964316682948e-07,0.0020810344722121954,1.858103132690303e-05,1.986891362548704e-08,0.005871110130101442,3.3946345625972263e-13,4.241485657985322e-05,0.035913728177547455,0.29846540093421936,4.7188148499799354e-08,0.0035400132182985544,0.012123345397412777,1.0746906836667236e-12,0.00011993070074822754,0.0001737749989842996,0.0027841648552566767,2.679583133158303e-07,0.0005538288387469947,3.021458638841068e-08
window-dab83ef597b0a15d94d6,621_101751_202372,toilet,microwave,0.23978352546691895,False,1.0515586623682793e-08,0.0008740659104660153,0.1430470496416092,0.12313327938318253,0.0119255930185318,4.976328724093371e-11,0.0008336423197761178,3.922459200111916e-06,0.0007078475900925696,2.515455889806617e-05,3.0352606700034812e-05,0.0021409594919532537,5.097673465570551e-07,0.002309114672243595,0.23978352546691895,0.16313888132572174,0.007469166535884142,0.05294177681207657,0.00010990732698701322,1.2390541996865068e-06,3.9014052163111046e-05,0.13831987977027893,0.11038409173488617,6.99294323567301e-05,0.002701741876080632,9.386099918629043e-06
window-322bc4a8640480222ff0,104_12353_22041,toyplane,plant,0.49669092893600464,False,4.415033799887169e-06,0.2794887125492096,0.0009260166552849114,0.17589491605758667,0.0003648729179985821,3.2250452850803024e-13,0.0013717154506593943,0.00037115399027243257,4.983754934073659e-06,0.001454176614060998,0.00013731374929193407,0.013085076585412025,0.00014339011977426708,1.624686660761654e-06,1.1930100299650803e-05,0.012551204301416874,5.0174285206594504e-06,0.49669092893600464,6.6445409174775705e-06,8.000042726052925e-07,0.015041861683130264,5.646071440423839e-05,0.0011505628935992718,0.0011834606993943453,5.109732228447683e-06,4.759985677083023e-05
window-0c75d5777eab3799596f,104_12353_22041,toyplane,bench,0.6676009297370911,False,3.762588960398716e-07,0.029400743544101715,0.0020706700161099434,0.6676009297370911,0.0014366904506459832,4.1002089419019117e-13,0.00015284668188542128,0.0004594442143570632,1.5002701729827095e-05,0.00022273807553574443,8.169723878381774e-05,0.008553843945264816,0.002011466072872281,1.1400691590779388e-07,7.505036046495661e-05,0.002774117747321725,2.0880599549855106e-05,0.20470580458641052,6.284515734478191e-07,8.746675916881941e-08,0.04996252804994583,2.2864784114062786e-05,0.029062343761324883,0.0013157216599211097,3.553766509867273e-05,1.7863718312582932e-05
window-55eaacad7e650e88b120,104_12353_22041,toyplane,bench,0.3682520091533661,False,1.1046357940358575e-05,0.3355328440666199,0.008173491805791855,0.3682520091533661,0.0005247872904874384,2.651603381309542e-10,0.009996176697313786,0.00015692129090894014,1.271509154321393e-05,0.002778436988592148,0.0004795969871338457,0.012875002808868885,0.00024530169321224093,4.00856652049697e-06,2.849020575013128e-06,0.004629770293831825,3.133035534119699e-06,0.13977310061454773,1.286185761273373e-05,1.0264527006142998e-08,0.11380583047866821,5.611467713606544e-05,0.0010520373471081257,0.0014509845059365034,1.665441959630698e-05,0.00015429042105097324
window-4de7f3b076f72935a14f,104_12353_22041,toyplane,bench,0.7680898308753967,False,3.850124414839229e-07,0.10633998364210129,0.0009502464672550559,0.7680898308753967,0.00019070744747295976,1.0748135237728662e-13,0.0003142570494674146,0.0006242137751542032,2.4616424525447655e-06,0.0006695115589536726,1.040023926179856e-05,0.0033161656465381384,0.0005099192494526505,2.0234006115060765e-07,6.191665306687355e-05,0.0014281781623139977,6.496164814961958e-07,0.08444766700267792,3.6774404179595876e-06,3.013988347788654e-08,0.026106443256139755,9.439073619432747e-05,0.006610290613025427,0.00012836807582061738,1.871391577878967e-05,8.135360258165747e-05
window-f4f0eb6c15514fa2b3a9,399_51164_100417,toyplane,bench,0.8543170094490051,False,2.2596172044586638e-08,5.585806817087757e-11,8.635817749791386e-08,0.8543170094490051,2.518997846344905e-15,3.2047364051632214e-37,1.8826103176383668e-10,0.0011610473738983274,1.5844262145138e-16,1.937875637736397e-09,2.396190552644839e-07,1.221803437096618e-14,4.0062868578161215e-09,4.446186721906997e-06,8.095209285148412e-16,1.7431135701517775e-10,7.789189622074352e-15,3.135170693275625e-15,1.364069041097718e-13,1.3426991962717238e-08,2.5922554769408634e-08,1.245989766750261e-17,7.929157547562071e-13,1.5306351672239593e-11,3.939914677175693e-06,0.1445132941007614
window-0db6b9e781e144e2fd84,399_51164_100417,toyplane,bench,0.9965558052062988,False,6.305555383390171e-11,1.0502881116897234e-12,1.637223689954226e-08,0.9965558052062988,9.152103750689148e-15,5.6783542488232027e-39,5.520278678616819e-10,1.518486669738195e-06,1.0932452418141792e-17,1.4142488569124367e-10,1.0793245186491163e-09,1.361040237625585e-14,2.865116130457146e-11,3.6520599877576387e-09,8.951216546478871e-16,8.173231189068098e-12,7.159814654929931e-17,4.4419559718823776e-15,6.504783589208769e-15,3.182958341341191e-10,1.48003803657204e-10,1.801017439654866e-20,2.4939451545580305e-12,1.3909281712520816e-12,6.472391760325991e-07,0.0034419195726513863
window-537c5b8f22ed9c5ad645,399_51164_100417,toyplane,bench,0.9369882941246033,False,1.5467596092832991e-09,2.903175096158339e-12,5.34775814742261e-08,0.9369882941246033,9.925232226262563e-15,7.110765742951424e-39,9.044808790825698e-10,0.0001707978663034737,1.1776066131616043e-16,2.631235784811281e-10,8.672816242949466e-09,1.1373692447385307e-14,4.1013983875792803e-10,1.6852577289228066e-07,9.352848865122523e-16,6.6719053892772e-11,6.069044536031857e-16,3.593460622244643e-15,7.217369199031057e-14,1.3737053716766923e-09,4.866326897001727e-09,4.433213281612623e-18,1.946283629053469e-12,5.4034103580402615e-12,5.741959739680169e-06,0.0628349706530571
window-548d10577f710b26a9c2,399_51164_100417,toyplane,bench,0.9368755221366882,False,1.3743976623459275e-08,9.004781642563131e-11,1.820631823079566e-08,0.9368755221366882,1.4825113691188403e-15,2.918651705158651e-36,1.6727286222817384e-10,0.0003464251640252769,5.614903321498932e-17,5.927375257286371e-10,4.295689279842918e-07,1.646383699402225e-14,1.576949681947326e-10,1.4034420701136696e-06,7.833414165162565e-16,5.5991357383877727e-11,2.414095145168065e-15,2.299910656955212e-15,8.74088507737264e-13,8.653725513951827e-10,9.120325827893794e-09,7.208186791624506e-19,5.876059187837068e-13,1.381323007365598e-11,2.9158140932850074e-06,0.06277327239513397
window-2f35dd8684349dd9e1fc,614_98688_198492,toyplane,wineglass,0.4836123287677765,False,1.4282958149536285e-09,0.02896307408809662,0.0010456715244799852,0.002136822557076812,0.0003388180921319872,3.4006480910227725e-26,0.006040969863533974,0.00570446765050292,0.017772270366549492,1.2030255902573117e-07,0.009256943129003048,1.8648227850803778e-08,4.224531949148513e-06,4.456942406250164e-06,0.00013505338574759662,1.8050263506097508e-08,0.035835400223731995,2.0630520225495275e-07,0.00032896202174015343,0.0028486375231295824,0.002473227446898818,0.004601933062076569,4.972923306922894e-06,4.81696724818903e-06,0.3988865613937378,0.4836123287677765
window-25ed845a16b7cf0dd3e2,614_98688_198492,toyplane,wineglass,0.664513885974884,False,4.66334348914188e-09,0.0019821140449494123,0.00160701060667634,4.438444011611864e-05,0.0005752379656769335,4.519539926039958e-24,0.0009517028229311109,0.000441693642642349,0.031114887446165085,8.052868906816002e-06,0.0004559273074846715,3.435139817042909e-08,2.393037902947981e-06,1.1755715604522265e-05,4.168184386799112e-05,9.14244253635843e-07,0.002153982874006033,4.207932704503037e-07,0.0002986792242154479,0.0008438279619440436,0.0016324830939993262,0.006252342369407415,2.5074985387618653e-05,9.238243364961818e-06,0.28703221678733826,0.664513885974884
window-929afe18f1b189f89d30,614_98688_198492,toyplane,wineglass,0.8467402458190918,False,3.1182461057710498e-09,0.0019286038586869836,2.937697536253836e-05,2.1247269614832476e-06,7.39588649594225e-05,2.5593425726721407e-26,0.0004223488213028759,0.0070975832641124725,0.00047652103239670396,1.1058865538871032e-06,0.0028229006566107273,1.7100988403129236e-09,5.285482984618284e-06,5.384268661146052e-06,7.385225671896478e-06,1.4103622270056348e-08,0.0014305852819234133,1.0374188832429354e-06,0.0022052619606256485,0.00024095056869555265,1.0093021046486683e-05,0.09555395692586899,1.217252247442957e-05,1.981718924071174e-05,0.04091326519846916,0.8467402458190918
window-b9efb91f0eb09438d663,614_98688_198492,toyplane,wineglass,0.7291989326477051,False,9.720916294142512e-10,0.03143342211842537,0.0007273441297002137,6.802797543059569e-06,3.7568938751064707e-06,1.245745173326864e-28,3.3298889320576563e-05,0.002588983392342925,0.00656574172899127,1.2689933100773487e-05,0.020414113998413086,7.977154936611441e-09,1.5991676264093257e-05,7.697028195252642e-05,4.9922309699468315e-06,3.904298040424692e-08,0.0060919588431715965,2.4593789930804633e-05,0.001924409531056881,0.00034211869933642447,0.0015146147925406694,0.048676446080207825,1.6082018191809766e-05,0.0007006262894719839,0.14962609112262726,0.7291989326477051
window-0b24ca0c1bba683f6e55,372_40936_81490,toytruck,hydrant,0.841395914554596,False,0.002647438319399953,0.0057645514607429504,1.999883897951804e-05,0.08655551820993423,1.2808566225430695e-06,5.025351846597688e-17,4.584783528116532e-05,0.000312681746436283,0.0001285928738070652,8.41534638311714e-05,5.709229533579219e-09,0.0023976988159120083,0.841395914554596,0.003463943023234606,0.016671789810061455,4.452091317830309e-08,1.9459857867332175e-06,6.06697938110301e-07,2.8919657779624686e-06,7.99691588326823e-06,1.550324441268458e-06,2.3085386047227985e-08,2.512062383175362e-05,8.583389899285976e-06,0.0014999895356595516,0.038961853832006454
window-97bb6630579a4ec62ca8,372_40936_81490,toytruck,hydrant,0.9436761140823364,False,4.3195115040362e-07,7.365170517914521e-07,1.3168188672807446e-07,0.0004319513973314315,6.021237481945718e-07,2.367621073154358e-13,0.00022073430591262877,4.424886355991475e-05,0.0006723508704453707,7.421277132380055e-06,1.9871999029419385e-05,0.01098009292036295,0.9436761140823364,1.6855885405675508e-05,0.032095037400722504,1.003732904791832e-05,0.001845393213443458,6.997021955612581e-06,1.3540848158299923e-06,0.009937606751918793,3.4972433127222757e-07,4.165197908800877e-10,2.319741952305776e-06,3.254444891354069e-06,1.6223972124862485e-05,9.830638191488106e-06
window-cd296299fc7e0c80718e,372_40936_81490,toytruck,hydrant,0.9979076385498047,False,7.640436894273961e-11,1.1815393108349781e-08,3.0305915554862395e-09,0.0014126301975920796,1.7726629192305055e-11,2.3103646846506655e-16,1.4726653230212605e-10,7.684812231012472e-10,0.0006342799169942737,9.596571999281878e-07,3.084611017133143e-13,1.2630753387643523e-10,0.9979076385498047,7.75944670294848e-07,4.141101726418128e-06,3.359883551934395e-11,3.415089544489547e-09,1.1089102969208398e-08,3.9464488509111106e-05,2.3653465852646605e-09,1.7951867206308925e-12,3.2381364842119786e-13,7.867412277207109e-10,6.117792938908906e-10,5.695825588958314e-09,4.960594868902435e-12
window-aac758fe63b6a027de35,372_40936_81490,toytruck,bench,0.38312089443206787,False,2.409179558071628e-07,0.0002537652035243809,0.009772251360118389,0.38312089443206787,5.428228178061545e-05,2.769186285612763e-16,1.2867063787780353e-06,8.525784323865082e-06,0.37323036789894104,0.0018088635988533497,5.601005215183363e-10,2.4397238576057134e-06,0.22735390067100525,7.895939779700711e-05,0.0038582535926252604,2.0467016383918235e-06,3.507325527607463e-05,2.3032234821585007e-06,0.00013501579815056175,1.0215721601980476e-07,6.200768343234131e-09,1.3520899244667817e-07,5.546402803702222e-07,7.423917622872978e-07,0.00027041981229558587,9.547178706270643e-06
window-6d80d3ade9b762bbed50,375_42459_85038,toytruck,wineglass,0.7298499345779419,False,0.0003128265670966357,0.00035227174521423876,0.0019950084388256073,0.0012888889759778976,0.006135051604360342,1.904380875217271e-09,0.0696561187505722,0.020705975592136383,0.007966878823935986,0.022905785590410233,1.9559260181267746e-05,0.04433952644467354,0.025879207998514175,0.00018139119492843747,0.010860485956072807,0.05338667333126068,5.2418099585338496e-06,0.0015995776047930121,0.00039845597348175943,4.519957656157203e-05,0.00028024829225614667,8.912015618989244e-05,0.0002686150837689638,0.00012620804773177952,0.0013517453335225582,0.7298499345779419
window-44cc5c1b719d0c151930,375_42459_85038,toytruck,mouse,0.5084360837936401,False,9.942142060026526e-05,0.0013287870679050684,0.00171698909252882,0.008646099828183651,0.0009863816667348146,6.335745865726494e-07,0.013009940274059772,0.06768118590116501,0.04620744287967682,0.009750000201165676,0.0015935288975015283,0.0019772264640778303,0.031245654448866844,8.580459689255804e-05,0.12424953281879425,0.5084360837936401,6.836969987489283e-06,0.0656178817152977,0.0007034463342279196,0.00019356825214345008,0.0001269019558094442,1.4382953850144986e-05,0.0005662449984811246,0.00011742512288037688,0.0002582950110081583,0.11538038402795792
window-8f3674ccdd85312e153c,375_42459_85038,toytruck,wineglass,0.7515219449996948,False,6.902129098307341e-05,0.0006944153574295342,0.018875960260629654,0.0029291976243257523,0.11504236608743668,5.88491422259807e-10,0.0069191595539450645,0.0012540495954453945,0.026403086259961128,0.02395257167518139,0.003189090406522155,0.0014681137399747968,0.00056177016813308,0.0003882968157995492,0.009102881886065006,0.0012494702823460102,0.023783564567565918,0.001110564568080008,0.0010476327734068036,0.003974460531026125,0.002193753607571125,0.00046977688907645643,0.0013943674275651574,0.00014390939031727612,0.0022605820558965206,0.7515219449996948
window-9e44c8097045c4603668,375_42459_85038,toytruck,wineglass,0.7998115420341492,False,1.62218257173663e-05,5.239867095951922e-05,0.0012154680443927646,0.0044974940828979015,0.0013252522330731153,1.309949748673489e-08,0.017359396442770958,0.0013397956499829888,0.00021884434681851417,0.02055000513792038,0.0003902710450347513,0.001157601596787572,0.046209946274757385,0.0013276145327836275,0.007730119861662388,0.049682531505823135,1.97685906755396e-07,0.03502050042152405,3.291849134257063e-05,1.4385934264282696e-05,0.0005979714333079755,1.0736051990534179e-05,0.011239265091717243,0.00018616384477354586,1.3353398571780417e-05,0.7998115420341492
window-0b225b826870238bc685,380_45013_90081,toytruck,apple,0.7639920711517334,False,0.7639920711517334,0.08026516437530518,8.10838901088573e-05,0.0023204442113637924,4.7557142252019347e-11,6.240185425442221e-16,3.6492651123154474e-09,9.043417037446488e-08,0.01592930033802986,2.245795985800214e-05,1.437695325718203e-17,6.417702388716862e-05,0.0012676145415753126,6.667215224354095e-09,1.2625127610021991e-08,1.1667507238133368e-10,7.583896177720817e-08,0.07505304366350174,6.449020020227181e-06,5.862529212086187e-11,1.423189344151865e-09,0.054816778749227524,5.5262219689211634e-08,1.2577909547228927e-10,1.7407844055128407e-08,0.006181193049997091
window-980e54b66a6ab059ff69,380_45013_90081,toytruck,sandwich,0.6231151819229126,False,8.460216349703842e-07,0.0060265627689659595,0.0008915953803807497,0.003513243980705738,0.01035063061863184,5.042095629903542e-10,0.0017954000504687428,0.00031860574381425977,0.013604181818664074,0.002374426694586873,2.405177838227246e-06,1.2932027857459616e-05,4.141522957912258e-10,2.8227818802406546e-06,0.023484911769628525,0.00015605335647705942,8.634219739178661e-08,3.455068053881405e-07,0.6231151819229126,3.0071620926719334e-07,7.88984471000731e-05,0.3015758991241455,1.8527631254983135e-05,6.0864317674713675e-06,0.0010099915089085698,0.011660170741379261
window-3ea7a6019e82a540b49a,380_45013_90081,toytruck,sandwich,0.5603265762329102,False,0.0035841783974319696,0.00012907281052321196,3.380509738803994e-08,0.0006650790455751121,1.1655167941881928e-09,1.7385669991425144e-24,6.018202047819443e-10,2.2495198759298063e-10,0.009746617637574673,0.00030802006949670613,5.504246673920849e-23,4.826922008760448e-07,1.0263068866978031e-10,2.817035937852097e-09,4.8111196804256906e-08,4.936640679575888e-11,1.364090507216531e-10,5.949384558334714e-07,0.5603265762329102,6.734977575639789e-10,6.634040539132968e-10,0.42508378624916077,2.94721154148192e-08,1.053023002128839e-09,1.6538089786521937e-09,0.0001555253256810829
window-e582905ca769f51e865e,380_45013_90081,toytruck,toilet,0.998072624206543,False,3.5650583640745026e-07,0.0013872592244297266,2.30322302741115e-06,3.4134887982872897e-07,3.0279409202194074e-07,3.336226981061323e-19,1.137955289894077e-12,1.4961280214720318e-08,4.178235428753396e-07,3.0719156107750223e-09,1.3457554910346897e-16,1.9065436729359675e-10,3.6081692655898223e-07,9.713179857258054e-16,1.0487766530786757e-06,4.0656814720430035e-11,2.3111768054917547e-10,0.00025066331727430224,3.0732298483826526e-08,6.449603351388333e-11,2.624806101636512e-11,0.998072624206543,4.0482383667495014e-08,3.1334681570516438e-15,1.4368275458309654e-07,0.0002840208762791008
window-aa5fc13102f643fcfd0f,385_45397_90766,toytruck,cup,0.33218398690223694,False,0.025843389332294464,0.030095314607024193,0.00023075591889210045,0.004412929527461529,0.009804334491491318,0.0009458708809688687,0.013466553762555122,0.02330568991601467,0.0486106239259243,0.33218398690223694,0.00023969601897988468,0.02771138586103916,0.03980492427945137,0.03865787386894226,0.04182112589478493,0.007190922275185585,3.8836275052744895e-05,0.029097452759742737,0.032659728080034256,1.9478387912386097e-05,0.03578060865402222,0.0007422884227707982,0.06319189071655273,0.03837885335087776,0.012547020800411701,0.14321836829185486
window-4d8ed42a3d5a14d6c361,385_45397_90766,toytruck,wineglass,0.6008039712905884,False,0.019581617787480354,0.003768560476601124,0.013028433546423912,0.0015550923999398947,0.003504067426547408,3.5305693923959325e-09,0.009391766041517258,0.004521903581917286,0.04040168970823288,0.0014488919405266643,0.004805831238627434,0.0016356880078092217,8.340540080098435e-05,0.003357097739353776,0.03634308651089668,0.009787173010408878,4.393127892399207e-05,0.00527856545522809,0.015026438981294632,4.578101808760948e-08,0.005165572743862867,0.00029085538699291646,0.08730445057153702,0.05930349975824356,0.07356829941272736,0.6008039712905884
window-afd4c288c406c81f74f1,385_45397_90766,toytruck,sandwich,0.37419554591178894,False,0.0337587371468544,0.030254606157541275,0.0001622059935471043,0.015178307890892029,0.009161029011011124,0.0054405368864536285,0.06296056509017944,0.0018189492402598262,0.017851678654551506,0.1661364883184433,0.0003713371406774968,0.000556756102014333,6.392107025021687e-05,0.00013711274368688464,0.030958453193306923,0.0018734692130237818,9.810001756704878e-06,0.00567357474938035,0.37419554591178894,2.1601471189569565e-07,0.03870084509253502,0.05256545543670654,0.06391994655132294,0.003328560618683696,0.007487611845135689,0.07743420451879501
window-4665c62586acd1104255,387_46845_93204,toytruck,apple,0.7036673426628113,False,0.7036673426628113,0.01579604670405388,1.2577525012602564e-06,5.123263690620661e-05,0.0005170157528482378,3.467333711815179e-11,0.25244420766830444,0.009807801805436611,0.00963427685201168,0.00037052255356684327,3.5174685386607507e-09,0.0005153766833245754,0.002301798900589347,0.0006461097509600222,4.171078149539653e-09,2.0864854377578013e-05,1.418614345993774e-07,2.926601325725642e-07,0.0002258849999634549,9.701609542389633e-07,0.0016522090882062912,2.9765493536615395e-07,5.7835377447190695e-06,0.002324474975466728,1.6016065274016e-05,1.1054540394184187e-08
window-e1184b1216914bcd8e56,387_46845_93204,toytruck,apple,0.9729877710342407,False,0.9729877710342407,0.0013133561005815864,3.431545337662101e-05,0.001752541633322835,0.00011038640514016151,8.667471185219711e-10,0.00638151727616787,0.007440857123583555,0.004838901571929455,0.0023248810321092606,2.3837627427525376e-09,2.172917993448209e-05,0.00016129293362610042,0.00032138233655132353,4.483782944930681e-08,2.7942132874159142e-06,3.028839046237408e-07,3.7718533008046506e-07,0.00015551323303952813,3.1462280958294286e-07,3.116915831924416e-05,2.072254146057162e-09,7.852068665670231e-05,0.002028612419962883,1.3131037121638656e-05,2.1718508946833026e-07
window-4a51b0892e19dd118ef8,387_46845_93204,toytruck,apple,0.5932490825653076,False,0.5932490825653076,0.013213315047323704,1.1532935786817688e-05,0.0007869363762438297,0.007951142266392708,5.0670970891397715e-11,0.17044740915298462,0.004977842792868614,0.17583684623241425,0.00039857884985394776,1.141460082010326e-08,0.00020815130847040564,0.0007982368115335703,0.000944185012485832,8.338722068401694e-08,0.0002666581131052226,3.4985355341632385e-06,5.057738690084079e-06,0.0016346999909728765,1.2629175216716249e-06,0.01392102986574173,3.3170660884707104e-08,8.83770699147135e-05,0.015240096487104893,1.5991432519513182e-05,7.402645607612612e-09
window-b48753e0a5d12bdbc773,387_46845_93204,toytruck,ball,0.4920494258403778,False,0.4288623631000519,0.4920494258403778,1.0064228263217956e-05,4.595440987031907e-05,1.3441372175293509e-06,9.054929978447035e-05,0.011727945879101753,0.027819782495498657,9.865329775493592e-05,0.000246559880906716,1.049403408615035e-07,0.00020312402921263129,0.0002571001823525876,5.9723366575781256e-05,1.3997904488860513e-06,3.102181267422566e-08,1.7837926407082705e-06,3.6536616221383156e-07,0.0002996506809722632,0.016954241320490837,0.002334686927497387,1.0017341764978482e-06,4.614854788087541e-06,0.018866930156946182,5.720918852603063e-05,5.424818482424598e-06
window-57e3dfc905797a087030,399_51165_100420,toytruck,wineglass,0.8876099586486816,False,3.0470612144561926e-11,6.200095775329983e-13,2.417962150502717e-07,0.09794387221336365,4.432443453071533e-14,7.286752014489049e-44,9.232744346832078e-09,0.014445729553699493,2.4949810741584566e-16,1.307922693760677e-11,2.741193050326274e-09,3.229116599763257e-15,4.7470404496152696e-08,1.8056608652727846e-08,3.8665177017147695e-14,4.28591695467162e-09,8.678484510608297e-18,6.478703868279282e-15,1.0557777796547235e-14,4.6865661573747275e-08,5.970025585000371e-10,2.2572811827857977e-15,5.141251660512047e-11,1.3720342678831543e-13,1.251919599098983e-07,0.8876099586486816
window-a9919644921744937964,399_51165_100420,toytruck,bench,0.8053825497627258,False,2.311770497254173e-10,7.580213366720212e-12,2.4309358650498325e-06,0.8053825497627258,2.561246299683656e-13,8.684126843113756e-41,1.8211849805993552e-08,0.0002213462139479816,1.9403573998839376e-16,2.8534650198253075e-09,3.84575971068557e-09,8.50806851728815e-14,1.1463746396600527e-08,1.4280447047099187e-08,1.3773992390457915e-14,1.7092363080450923e-09,1.808474846452476e-15,1.1212415680162194e-13,6.65673928824294e-16,4.1023331398548635e-09,8.99445851132441e-10,3.585124851896705e-18,1.6314957718144285e-10,2.100232964971638e-12,1.1710670833053882e-06,0.19439247250556946
window-40234a50edd7c182b028,399_51165_100420,toytruck,bench,0.8707744479179382,False,1.7060136636715129e-10,6.391181854581429e-12,4.5026828843219846e-07,0.8707744479179382,1.537383718594465e-12,1.5820659662227185e-42,6.708040700686979e-08,0.0004752763779833913,2.5665343941360004e-15,6.442294614439348e-11,7.143443059298704e-10,1.3172996256359624e-14,7.568163340465617e-08,1.2705626772913092e-08,7.786679694045048e-14,3.1087876717350582e-09,1.5338628474252506e-16,1.2839412150654483e-13,1.277784708554261e-13,4.5560085482065915e-08,1.332050691971176e-09,4.868807849497578e-16,4.849218943059341e-11,6.914193176332795e-12,2.86765839518921e-07,0.12874938547611237
window-f3e5ff0c44334fcc0549,399_51165_100420,toytruck,wineglass,0.7435286045074463,False,1.5181306212141976e-10,1.916011837035936e-12,3.6221791788193514e-07,0.2466336488723755,6.190715122608367e-14,5.0446744715693415e-43,7.888264264011013e-09,0.009836344048380852,1.2500680318679435e-16,5.220236742875528e-11,1.28259136644715e-08,6.226082220991318e-15,2.6264464381142716e-08,1.1343949068987058e-07,2.1295363747137613e-14,1.6139631853206993e-09,2.673290740891123e-17,2.236246178331921e-15,1.287052502605985e-14,3.714891860795433e-08,2.4971864576173175e-09,4.486290417495496e-16,3.7010457198949354e-11,5.961248205135772e-13,8.220829954552755e-07,0.7435286045074463
window-b49bcc75f62e892a24be,416_57430_111052,toytruck,frisbee,0.5265275239944458,False,0.0005691428086720407,0.0001070668367901817,2.7637426683213562e-05,0.0008326021488755941,0.0002620990853756666,1.0787475513557299e-12,0.0022872434929013252,0.023832175880670547,0.002735645044595003,2.980045223921479e-07,0.5265275239944458,0.00236799125559628,9.782362030819058e-05,0.009211316704750061,1.4478765706371632e-06,0.1149095669388771,3.7602296742988983e-06,1.749105467752088e-05,0.1343230903148651,2.990526354551548e-06,0.030393412336707115,9.426303222426213e-07,0.02453734166920185,0.0008479701937176287,0.1260833442211151,2.006782597163692e-05
window-231293fe2fd785d1f6d9,416_57430_111052,toytruck,frisbee,0.9849864840507507,False,2.0339518869150197e-06,8.171203262463678e-06,3.2435866614832776e-07,2.040640356426593e-05,6.732979818480089e-05,2.830058507419936e-13,7.402814389934065e-06,0.0037976165767759085,6.720431429130258e-07,5.35316069250058e-10,0.9849864840507507,4.777563299285248e-05,8.808505924662313e-08,8.989579509943724e-05,1.0051881105255234e-07,1.086187876353506e-05,2.5131834547470477e-12,5.975443428951621e-08,0.0009736507199704647,3.051311381341293e-08,0.0015320173697546124,3.3079581385209167e-07,0.00311110052280128,5.656452049151994e-05,0.005277491640299559,9.632888577471022e-06
window-77ffc6abd32d07a1978a,416_57430_111052,toytruck,frisbee,0.9999710321426392,False,2.1242418934974694e-09,6.003769158269279e-06,2.043853308819621e-09,1.0380413861810212e-08,3.820590336545138e-06,8.924003896959576e-12,2.1813205408616199e-10,4.813343821297167e-07,6.045743248250801e-07,9.901977016113506e-10,0.9999710321426392,8.654835070842637e-09,1.2884258104861601e-08,1.6520272083653254e-06,2.108524986554894e-11,3.2112815184781596e-10,1.2447220310669513e-14,6.54228268781587e-11,1.1654593436105642e-05,4.2230210140208843e-20,1.2570706076076021e-06,8.031408871289614e-12,3.2598961752228206e-08,8.62360938214124e-09,3.4090778626705287e-06,1.8793922862414547e-08
window-854f8472331603bbca9f,416_57430_111052,toytruck,sandwich,0.968131959438324,False,0.00030951216467656195,0.00010228709288639948,6.306900141028748e-11,0.0009280253434553742,0.00029175501549616456,1.8093862763635116e-06,0.0007839808240532875,0.000814395141787827,0.000284471083432436,4.858773081650725e-07,0.02370612882077694,4.7250883653759956e-05,2.153136158256075e-08,0.002183896256610751,3.198597084974608e-07,0.0002102424914482981,8.311638183267078e-11,1.0806364116433542e-05,0.968131959438324,3.28654898851255e-08,0.00017443032993469387,9.195050054700005e-09,3.2211115467362106e-05,0.0007094781030900776,0.0012649750569835305,1.1507298040669411e-05
window-7659ba2c37e17312e370,601_92870_186087,toytruck,bowl,0.48452380299568176,False,0.0001032060754369013,1.1940068361582235e-05,3.039219791389769e-07,1.4683874383081275e-07,4.38464985563769e-06,0.48452380299568176,0.01312468945980072,6.354244396789e-05,4.349186201579869e-05,0.33930593729019165,6.712770118610933e-05,6.010901643094257e-08,8.56798067161435e-07,8.33563808555482e-06,0.00032545102294534445,1.618962960492354e-05,6.235537226265044e-15,1.2275378139747772e-05,0.0019121163059026003,5.877805804714416e-17,7.005608182453216e-08,6.845375377650953e-09,0.11568653583526611,0.044692542403936386,8.832644380163401e-05,8.778852134128101e-06
window-463ed90b247f870778b5,601_92870_186087,toytruck,umbrella,0.9711782932281494,False,0.00010273232328472659,2.2035066649550572e-05,1.0571976417850237e-05,0.00022075988817960024,8.542695439928139e-08,6.869151824921045e-18,2.290068550792057e-06,0.0005266055231913924,0.006825904827564955,3.760883942049986e-07,7.390588141475973e-09,0.004222828429192305,3.133848736069922e-07,0.0003998554602731019,0.013096872717142105,4.634013748727739e-06,5.494925048310506e-08,1.9450773834250867e-05,8.975503078545444e-06,4.5462733577750214e-10,1.1789177273291429e-11,5.352945890990668e-07,0.00035821113851852715,0.0002102401340380311,0.9711782932281494,0.0027883825823664665
window-4bf70f2e7c934b4622d9,222_23411_48627,umbrella,stopsign,0.9570549726486206,False,7.69282149093442e-09,0.0009989812970161438,2.692993916753039e-07,0.01443145889788866,1.3043939262047388e-08,1.0828910589028652e-20,8.981666178442538e-05,5.5979973694775254e-05,0.0002485927252564579,1.341648498964787e-07,2.4309884660844716e-10,5.433498245110968e-06,1.0203365929939423e-09,1.0681753792596282e-07,0.016881057992577553,5.860220335307531e-05,2.91673976637874e-11,1.003428118373506e-09,0.0002230094833066687,0.9570549726486206,3.406585892662406e-05,1.6742641717470974e-09,0.002079319441691041,1.4868800413125882e-08,0.005286488216370344,0.002551756799221039
window-1772af76315875ae0013,222_23411_48627,umbrella,wineglass,0.9417928457260132,False,1.2668148883676622e-05,4.4206444727024063e-05,7.4942217906937e-06,2.626244850034709e-06,5.6546376470123505e-08,2.0457390849575602e-17,0.002381649799644947,4.410479232319631e-05,6.987087999732466e-06,0.0006811759667471051,1.3198145687454144e-08,7.637564469753499e-10,1.245893055390468e-09,3.056641606491439e-10,0.0008337263134308159,0.053599387407302856,1.709870048216544e-05,2.828111576036463e-07,2.7135713025927544e-05,2.592702912806999e-05,6.561289865203435e-06,8.891753774790435e-15,8.162359881680459e-05,0.0004224043514113873,1.2006447832391132e-05,0.9417928457260132
window-0de76f7089941167f366,222_23411_48627,umbrella,microwave,0.7621109485626221,False,1.4418198190924159e-08,0.0002867934526875615,5.442157089419197e-07,0.09364556521177292,6.08519667366636e-06,1.7736265617907426e-28,2.9880408043692075e-12,5.147442472264174e-09,0.00097534095402807,0.01153088640421629,9.031264069925271e-10,0.0019766041077673435,3.2494618107392625e-09,0.015888622030615807,0.7621109485626221,9.770677600329236e-10,0.09493754804134369,1.2351439870883496e-08,0.0006136943120509386,0.012311071157455444,1.9721619537449442e-05,8.801739781461038e-09,3.34490346176608e-06,0.00016525061801075935,0.002592830453068018,0.0029350402764976025
window-3f4879e001adfe52eb4d,222_23411_48627,umbrella,umbrella,0.7491235136985779,True,9.989078080252511e-07,0.04336785152554512,1.726974545590565e-07,0.031046062707901,0.003985052462667227,2.3537311422822116e-12,0.0003683724207803607,0.0003195212921127677,2.2886924853082746e-05,0.021125199273228645,0.003500063670799136,2.2649142294994817e-07,4.390799858811079e-06,2.4737216790526873e-06,0.13522547483444214,0.00017235121049452573,5.493846856552409e-06,4.944707256981928e-07,0.004607291426509619,0.00486989039927721,0.0014947482850402594,2.4926703190431e-07,0.0007479116902686656,4.057066860241321e-08,0.7491235136985779,9.284391126129776e-06
window-e288281e2a2c476c4eca,373_41364_82715,umbrella,bench,0.776902437210083,False,3.836849282379262e-05,4.589578566083219e-06,1.0409360584162641e-05,0.776902437210083,2.2027834347682074e-05,2.019372088443866e-22,4.1058893884837744e-07,1.4242473866943328e-09,0.00026633875677362084,1.4412925111173536e-06,5.529890927391534e-07,0.0013912537833675742,0.013632520101964474,0.1953585147857666,1.4462224498856813e-05,0.0016457198653370142,2.2008724442912353e-07,0.0014100584667176008,0.0002910883049480617,1.5944320516658728e-11,0.0017729352694004774,7.185471293490175e-13,0.0001418526517227292,0.006049284245818853,0.0009547435911372304,9.081617463380098e-05
window-9a615c62030b005e70d8,373_41364_82715,umbrella,hydrant,0.5524143576622009,False,0.0003448658681008965,1.3452366829369566e-06,8.580980761507817e-07,0.033898595720529556,0.0009017498814500868,2.233309618428427e-39,0.00013716841931454837,0.0035174472723156214,0.0009413369698449969,1.3604339699213597e-07,0.00012037069973303005,6.812921492382884e-05,0.5524143576622009,3.141198612865992e-05,1.7252682837920474e-08,0.24853050708770752,0.012060889042913914,3.492299947538413e-05,0.001707112998701632,5.319433427075637e-08,0.0002748223196249455,7.605027718682322e-12,0.0003365986340213567,3.431566074141301e-05,0.14462752640247345,1.5494193576159887e-05
window-c9de653fa93907858476,373_41364_82715,umbrella,frisbee,0.9756458401679993,False,0.00032737074070610106,4.434400034369901e-05,8.551614155294374e-05,0.0013293010415509343,1.7182257579406723e-05,5.2809675303610695e-18,0.00023187069746199995,0.0035514722112566233,9.311026224168018e-05,6.010288416291587e-06,0.9756458401679993,0.00041826957021839917,0.0051928176544606686,8.510231964464765e-06,3.7720280943176476e-07,0.00017884168482851237,0.00013979332288727164,6.770925392629579e-05,0.0008394421311095357,1.9087462987954495e-06,6.586205563507974e-05,3.324610588606447e-06,0.00021269840362947434,0.008435615338385105,0.0009213592275045812,0.0021813230123370886
window-372b6a4b5396844a7deb,373_41364_82715,umbrella,hydrant,0.5505532622337341,False,7.418863301467127e-10,2.0620516405500666e-09,6.028101324773161e-06,0.01128352340310812,1.3050888583165943e-06,1.8167900291021478e-19,6.374018266797066e-05,0.18257108330726624,2.693014494070667e-06,5.206578407523921e-06,4.99002055676101e-07,0.004658131394535303,0.5505532622337341,2.893462351494236e-06,1.71269198290247e-06,0.03173393756151199,2.146488259313628e-05,2.0293393390602432e-05,0.06374393403530121,0.00012551169493235648,1.942671133292606e-06,5.269369134684096e-17,0.00016469180991407484,0.15332630276679993,0.0017118111718446016,5.1400878220420054e-08
window-8a1a710bc32b3ae761d6,378_44135_87968,umbrella,mouse,0.6998717188835144,False,0.005313738714903593,0.006057574413716793,0.0013176235370337963,0.0036377282813191414,4.6301414840854704e-05,6.025443338719683e-11,0.0017542345449328423,0.02428418956696987,0.014570447616279125,0.018961496651172638,0.00021433991787489504,0.0017812505830079317,0.02547234296798706,0.01790108159184456,0.000549482530914247,0.6998717188835144,0.024722561240196228,0.0038071617018431425,0.034928154200315475,6.561896981338577e-08,0.031330786645412445,2.9899914807174355e-05,0.006576372776180506,0.0013086001854389906,0.056754499673843384,0.018808402121067047
window-1bac2af62af9879fecd8,378_44135_87968,umbrella,mouse,0.21314877271652222,False,0.005523143336176872,0.0007398807792924345,0.0889827087521553,0.0014255143469199538,0.00030481265275739133,1.2843788431079767e-14,0.01828085631132126,0.06086048483848572,0.06121339276432991,0.021046891808509827,0.0012102562468498945,0.012983919121325016,0.007339139003306627,0.018448295071721077,0.000642330152913928,0.21314877271652222,0.08405527472496033,0.07434090226888657,0.07619567215442657,1.833219442914924e-07,0.02590641938149929,0.0011153859086334705,0.09285464137792587,0.002029858762398362,0.11256194114685059,0.01878933608531952
window-f14c980b07ff66852f38,378_44135_87968,umbrella,baseballbat,0.3193870484828949,False,0.0001279930875170976,5.3448198741534725e-05,0.3193870484828949,0.0003541892801877111,0.0003356105007696897,5.229167164297284e-17,0.01966634951531887,0.013929109089076519,0.05773470178246498,0.020338570699095726,0.0008642995380796492,0.00862201489508152,0.0005941166891716421,0.0008612374658696353,4.814011845155619e-05,0.07896099239587784,0.02301323600113392,0.18816067278385162,0.021630121394991875,6.4932037275866605e-06,0.00013499446504283696,0.0013960266951471567,0.0363939069211483,0.002227743389084935,0.08748248964548111,0.1176764965057373
window-8c1f3e8d4016d98a9d94,378_44135_87968,umbrella,mouse,0.18597868084907532,False,0.0009931540116667747,0.0008102339925244451,0.01835605688393116,0.003910787869244814,0.0007279095589183271,3.847798834739777e-16,0.061246607452631,0.025872474536299706,0.05293348431587219,0.013349869288504124,0.03583597019314766,0.0035135752987116575,0.0038949688896536827,0.012059836648404598,0.0005661064642481506,0.18597868084907532,0.0832146629691124,0.06684049963951111,0.07319670170545578,1.296757545787841e-07,0.0627233162522316,0.0012393358629196882,0.15319529175758362,0.0007516425102949142,0.10043369233608246,0.038354966789484024
window-84eb5e6ac255d21d9cf6,379_44414_88476,umbrella,frisbee,0.2550116777420044,False,7.469523666259192e-08,0.15370988845825195,7.076951442286372e-05,3.990896584582515e-05,0.0011867409339174628,1.6745293845120413e-13,4.943715794070158e-06,0.0015703996177762747,0.01219258178025484,0.0008566293981857598,0.2550116777420044,0.00024867019965313375,1.536036787130532e-13,6.159222721180413e-06,0.20333397388458252,0.23581543564796448,1.6779354794493884e-08,6.24968697593431e-06,0.001003995188511908,3.276169593391387e-07,0.0014231331879273057,0.04865192994475365,2.1945170374237932e-05,0.08325064927339554,0.0015703862300142646,2.3504493583459407e-05
window-31e5776c7589fd76e811,379_44414_88476,umbrella,ball,0.5830976366996765,False,1.747868338952685e-07,0.5830976366996765,0.00010737731645349413,0.03372367098927498,2.60774612570458e-07,4.178316107704588e-26,2.12314366088151e-09,6.232214218471199e-05,1.9677597329348373e-09,5.667797722708201e-06,2.0688647055067122e-05,5.223884727456607e-06,1.6594615681597702e-09,4.627729865980257e-10,0.047417595982551575,0.04434239864349365,5.691757678505383e-07,0.0025919696781784296,1.019170849758666e-05,1.2026255717501044e-05,0.00014368917618412524,0.012621595524251461,0.048897355794906616,0.21144504845142365,0.006095982156693935,0.009398547932505608
window-bf50ebfd53629cc03fd7,379_44414_88476,umbrella,microwave,0.9730488061904907,False,3.9678067054182975e-08,0.00042872634367085993,3.57403805537615e-05,7.259150152094662e-05,6.301660960161826e-06,2.579284760651974e-25,4.064709679951761e-10,6.033155641738119e-10,6.774281047228214e-08,3.149048950490396e-07,6.788190565210073e-10,0.0014529457548633218,1.4847867113734021e-15,4.731398051127655e-10,0.9730488061904907,0.020686427131295204,2.9060489570298387e-09,6.6522507040645e-06,6.692766163496344e-08,2.2700887003512804e-10,9.908609488462616e-10,0.004244123585522175,1.5359877579612657e-05,1.776489733096298e-09,1.285344524148968e-06,5.868404855391418e-07
window-68003b73b54f7b0749a7,379_44414_88476,umbrella,umbrella,0.422527939081192,True,1.540496782581613e-06,0.3769376575946808,0.0003660939692053944,0.00020768475951626897,0.0023607464972883463,7.930815458289496e-21,4.995397375751054e-07,2.249763838335639e-06,0.1621665209531784,0.00039674638537690043,3.2085875623089066e-11,0.00015156131121329963,5.043901291101362e-14,1.879145550276462e-08,0.03227965533733368,0.0018948526121675968,1.2385029322103946e-06,1.3746026752414764e-06,8.72586497280281e-07,1.1253485920903472e-09,0.0002703140489757061,9.026873470929786e-09,0.0004233759827911854,6.2807298490952235e-06,0.422527939081192,2.8073466182831908e-06
window-f784ae584907257cc4e8,398_50430_98975,umbrella,toytruck,0.4734119474887848,False,1.4033855222805869e-05,1.5202139991288277e-07,1.0081688515128917e-06,0.026137584820389748,0.0011567275505512953,4.92606937501211e-23,0.25451305508613586,5.1290374614154643e-08,1.9301307929708855e-06,0.008697505109012127,2.8863714196525336e-10,5.5598535254830495e-05,1.0655988262442406e-05,0.00014726210793014616,1.541082383482717e-05,0.21781876683235168,4.156131763011217e-05,0.0003215425240341574,5.049371907261957e-07,1.4968060213504941e-06,0.01756518892943859,2.606246027880843e-07,5.87206477575819e-06,0.4734119474887848,8.181219891412184e-05,1.317769504627364e-10
window-d2340f1fe4a10501df3c,398_50430_98975,umbrella,cake,0.8764222264289856,False,1.7864946357804001e-06,6.214252668002018e-09,0.0001981184323085472,0.013598139397799969,0.006474234163761139,1.0676796112085808e-23,0.8764222264289856,3.9071217372566025e-09,2.3042052816890646e-06,0.003179780673235655,3.8929504151546945e-13,9.733376646181569e-05,4.1704569753164833e-07,2.7012632926926017e-05,0.00012451362272258848,0.016994744539260864,6.734494206739328e-08,7.867146223361488e-08,3.129184165118204e-07,1.0702388628103243e-11,0.00042743742233142257,5.013925719055123e-09,2.336939360247925e-05,9.416779357707128e-05,0.08233384042978287,6.588274370500358e-11
window-8b0ef65a3451b6e0fed5,398_50430_98975,umbrella,mouse,0.3421025574207306,False,1.7175078028230928e-05,1.6067268006736413e-05,2.4374256099690683e-05,0.0009601811179891229,0.06534712016582489,2.66194524405421e-20,0.018919851630926132,7.65980587402737e-07,0.0038975849747657776,0.056712593883275986,6.973309041313769e-07,0.0017852301243692636,3.4869717069341277e-07,0.0011218998115509748,3.5826094972435385e-05,0.3421025574207306,5.8967449149349704e-05,5.19569221069105e-05,1.0846193617908284e-05,4.554928101363487e-10,0.07875749468803406,1.4509581660604454e-06,0.03682982176542282,0.2140757143497467,0.179271399974823,7.49497425928114e-12
window-51737cfe95c57fdab63c,398_50430_98975,umbrella,mouse,0.6389303803443909,False,0.00010559626389294863,1.3508048141375184e-05,0.00020231401140335947,0.060337722301483154,0.0008943222928792238,6.554534175244868e-16,0.0013167179422453046,2.9130244456609944e-06,0.000955933122895658,0.0007325179758481681,2.969388106066617e-06,0.0001254740491276607,5.107972538098693e-05,9.300425153924152e-05,8.509423423674889e-06,0.6389303803443909,0.002551156794652343,0.007948067970573902,6.05111381446477e-06,9.75590774032753e-06,0.007461999077349901,2.1346295397961512e-06,0.0009974489221349359,0.27429860830307007,0.002951874630525708,2.2603101612617138e-08
window-a318d7badcfbc49eb59b,430_60670_118462,umbrella,wineglass,0.25320789217948914,False,0.013808868825435638,0.0004169318708591163,0.02859381213784218,0.015201378613710403,0.013548030517995358,1.3606723712165925e-13,0.11932925134897232,0.10827229171991348,0.1628614217042923,0.042462483048439026,0.0247514471411705,0.0041171228513121605,0.0016770993825048208,0.004303458146750927,0.0003218843776267022,0.06433065980672836,0.007873251102864742,0.017703663557767868,0.022913701832294464,5.450047865451779e-06,0.009144987910985947,0.0007022107602097094,0.06447900086641312,0.007339577656239271,0.012634157203137875,0.25320789217948914
window-73759f47ef7b1f85e899,430_60670_118462,umbrella,hydrant,0.23990119993686676,False,0.004941755905747414,0.000341710023349151,0.0005970672937110066,0.0065833646804094315,0.0073064640164375305,2.478948601947195e-09,0.0363570898771286,0.014169230125844479,0.15292926132678986,0.2363525629043579,0.00015568094386253506,0.0037212083116173744,0.23990119993686676,0.02218814380466938,0.004147228319197893,0.07975797355175018,0.029237844049930573,0.025464458391070366,0.007149436976760626,0.00044078126666136086,0.005381518043577671,1.2597769455169328e-05,0.03467186540365219,0.0021178768947720528,0.012556277215480804,0.07351746410131454
window-3f4505e5f8a456d5a9a1,430_60670_118462,umbrella,hydrant,0.2714889645576477,False,0.0008031836478039622,0.00010658181417966262,8.097058162093163e-05,0.007027850486338139,0.002011167351156473,1.1547140132961431e-07,0.00803641602396965,0.004283356014639139,0.021368253976106644,0.24207517504692078,0.0006350894691422582,0.0094084357842803,0.2714889645576477,0.018586426973342896,0.00862096156924963,0.03710397332906723,0.005501230712980032,0.04190782457590103,0.01791226677596569,0.00025728961918503046,0.0027137193828821182,0.0001124114787671715,0.020239798352122307,0.0023847846314311028,0.038935355842113495,0.23839837312698364
window-158ef3ca185b6ec6a310,430_60670_118462,umbrella,microwave,0.7778740525245667,False,1.5424775483552366e-06,0.0006448343629017472,0.03333558142185211,1.1182914022356272e-05,0.0007656031521037221,6.848710306013063e-15,0.00010833131818799302,6.650358955084812e-06,2.35636639445147e-06,0.0001145967107731849,0.0001508104760432616,2.3949820388224907e-05,2.3659849546220357e-07,0.00034421301097609103,0.7778740525245667,0.10374818742275238,0.0005501759587787092,0.001745563349686563,0.006362214218825102,6.977119576534463e-11,8.812170904093364e-07,0.0032044765539467335,0.00026598997646942735,4.462123797566164e-06,0.0706828162074089,5.135777610121295e-05
window-0a5fdbe8d550daf1fbbf,430_60746_119186,umbrella,umbrella,0.37580668926239014,True,7.493208613595925e-06,4.487418118515052e-05,0.002744294237345457,0.00012990273535251617,0.00013431957631837577,9.084551777505112e-08,0.00040726643055677414,0.00032335828291252255,0.0011848253197968006,0.00035962346009910107,0.0004742734890896827,0.004705680999904871,1.5557155848000548e-06,0.00848221406340599,0.2036590725183487,5.331925058271736e-05,3.7005561352998484e-06,1.2477175005187746e-05,0.001856041606515646,2.948593873952632e-06,7.527024718001485e-05,0.3396112620830536,3.3076852560043335e-05,6.372678035404533e-05,0.37580668926239014,0.05982271954417229
window-b45a42bbca9031ded9e8,430_60746_119186,umbrella,baseballbat,0.5520715117454529,False,8.268401870736852e-06,1.09727561721229e-05,0.5520715117454529,0.0003544820356182754,7.259953235916328e-06,3.963657218875082e-15,6.257715767787886e-07,4.388922388898209e-05,1.850075386755634e-05,0.0022202590480446815,4.824689199267596e-07,0.0031622021924704313,1.8229303483385806e-11,0.0016875166911631823,0.01878746598958969,4.7344290265982636e-08,8.91495991611757e-12,2.214692813140573e-06,0.002448003040626645,1.8278518698622293e-09,5.21732508786954e-05,0.011533722281455994,2.1994162580085685e-06,0.0034856752026826143,0.19867439568042755,0.20542818307876587
window-a6bb1514ac6b53dfe42f,430_60746_119186,umbrella,toilet,0.500298261642456,False,1.8658556655282155e-06,3.251313682994805e-05,5.16479485668242e-06,0.005817122757434845,0.0016418561572209,1.7343793068391733e-11,0.002687319414690137,6.572633719770238e-05,0.00014028426085133106,0.0023446381092071533,0.0006433781236410141,0.0002497107780072838,1.5843463188502938e-05,0.0012020173016935587,0.11813560873270035,8.360762876691297e-05,5.633445198327536e-06,2.514781772333663e-05,0.0005857571959495544,2.8968350306968205e-05,6.18251078776666e-06,0.500298261642456,0.0014932549092918634,0.0004064142412971705,0.27796122431755066,0.08612246066331863
window-dfc8c7c69d00611cade9,430_60746_119186,umbrella,toilet,0.4442044794559479,False,1.982944377232343e-05,6.187191320350394e-05,0.0008321707719005644,0.0012876271503046155,0.002018309198319912,2.9339528140326365e-08,0.005230522248893976,0.0007033394067548215,0.0031102595385164022,0.0008103022119030356,0.0015437524998560548,0.0054231369867920876,0.00017023258260451257,0.00413156021386385,0.07087305188179016,0.0011491745244711637,0.00022133668244350702,0.0004679952107835561,0.004850421100854874,0.00010925963579211384,0.00021167438535485417,0.4442044794559479,0.012440165504813194,0.00019595722551457584,0.031966421753168106,0.40796709060668945
window-f9f53490ededea74c8b3,436_62230_123014,umbrella,microwave,0.8858401775360107,False,3.896108696083145e-12,1.381372953801474e-06,0.0034704969730228186,0.027985449880361557,0.005754428915679455,2.944490528074519e-19,1.14402446342865e-05,0.0001817483571358025,0.0009907531784847379,0.013600042089819908,4.900510205962938e-11,3.546830703271553e-05,2.5530823677399894e-06,1.8811833797371946e-05,0.8858401775360107,6.28701236564666e-05,9.332572517450899e-06,0.0002025740541284904,0.06088326498866081,7.075799945965855e-09,8.293357041111449e-07,5.597092922471347e-07,3.14980061375536e-05,0.00020734967256430537,0.0006489952793344855,6.0072958149248734e-05
window-abd1f54d40f401dcecb0,436_62230_123014,umbrella,cake,0.555647611618042,False,6.675076491546861e-08,2.3488173610530794e-06,0.0006220545619726181,0.003035185392946005,0.11290439963340759,9.339859147519332e-20,0.555647611618042,0.0012419155100360513,0.0012606435921043158,0.001092769904062152,0.0001233341172337532,0.0009037785930559039,6.596309958695201e-06,0.000107564490463119,0.03398843854665756,0.007486376911401749,0.010510840453207493,0.0004231669008731842,0.0030433880165219307,0.002031188691034913,4.951074515702203e-05,4.2112134224225883e-07,0.00015787678421474993,0.005000234115868807,0.25754037499427795,0.0028199951630085707
window-9b273c8c2c4bb7b09481,436_62230_123014,umbrella,parkingmeter,0.46213969588279724,False,1.34266926465898e-07,1.0135864840776776e-06,0.005143292713910341,0.02341206558048725,0.06799692660570145,1.3291298025628304e-21,0.3689165413379669,0.0008879057131707668,0.009677311405539513,0.0001588602754054591,0.0014872869942337275,0.0008965575834736228,0.02883892133831978,1.2979970051674172e-05,0.008779777213931084,2.4218554244725965e-05,0.46213969588279724,0.0005308924592100084,9.7160846053157e-05,0.0028979319613426924,2.3449283617082983e-05,3.7319315993045166e-07,0.00015659857308492064,0.0003154743753839284,0.003785510081797838,0.013819249346852303
window-5c46ef1fe845d2d43c3f,436_62230_123014,umbrella,microwave,0.728384256362915,False,6.304446548144327e-12,3.921928453110013e-07,0.048353951424360275,0.16496840119361877,0.0065363431349396706,5.738194525625512e-16,0.001001318683847785,1.9254737537721667e-07,0.029128463938832283,0.002295374870300293,1.4457221877983706e-11,0.00013871003466192633,1.018200237012934e-05,8.785123100096826e-06,0.728384256362915,0.0006047299830242991,7.026131061138585e-05,0.015024594962596893,0.0018771790200844407,4.704379996667285e-09,1.4013625332154334e-05,6.191855391080026e-06,4.1828181565506384e-05,4.600854299496859e-05,0.001461490523070097,2.7232577849645168e-05
window-0e02e6d2de27ead3cd6a,604_93965_187833,umbrella,baseballbat,0.6489723920822144,False,3.755394209292717e-05,4.077074891029042e-07,0.6489723920822144,0.2735576629638672,2.121126954079955e-06,1.4207828901756175e-15,0.00015629161498509347,6.452691195590887e-06,0.0010780820157378912,0.00020214144024066627,5.795608676133213e-13,0.07466468960046768,3.786867708299724e-08,8.304721177410102e-08,0.00020967991440556943,3.415280662011355e-05,2.291262717335485e-07,4.643997328912519e-07,1.6358971066665617e-08,1.267554923666432e-18,1.0435583508439095e-09,1.6197101236734186e-14,0.0004833188431803137,0.00011785488459281623,0.00016208803572226316,0.00031428210786543787
window-2bed0fc984ea5ae3b64f,604_93965_187833,umbrella,umbrella,0.6300591230392456,True,6.802399184380192e-06,3.94908011003281e-06,0.10118835419416428,0.008380242623388767,0.051545899361371994,0.19265231490135193,8.891597099136561e-05,1.169286133517744e-05,0.0073733762837946415,0.0038731747772544622,7.2203829581951595e-09,0.002808867022395134,6.914542723113204e-12,7.794270118210989e-09,9.890647561405785e-06,0.000649148307275027,2.2162945090276054e-11,0.0007932502776384354,0.0004767408245243132,4.170618509585009e-17,3.3048909244826064e-05,1.780977072485257e-07,5.2196805881976616e-06,3.970274337916635e-05,0.6300591230392456,1.1839259173029859e-07
window-91198074cbdc57926479,604_93965_187833,umbrella,baseballbat,0.9850650429725647,False,5.629630095427274e-08,1.8261880541103892e-07,0.9850650429725647,0.00011613300739554688,2.3558864995720796e-05,1.070702120714584e-12,2.6600974933899124e-07,3.0259187042247504e-05,0.01287189032882452,0.0017886238638311625,3.290274303013874e-11,6.790446059312671e-05,3.201272797195842e-12,4.646489026871592e-10,5.083286680473975e-09,1.2026026524836197e-05,2.2113150066616072e-07,3.3599771853687344e-08,5.745736331164153e-08,7.236682646739075e-20,8.725072331294825e-10,1.078786907894591e-12,1.1906157482144408e-07,6.761005693078914e-07,1.334537728325813e-06,2.171866435674019e-05
window-4d17f156b1efe662dea4,604_93965_187833,umbrella,baseballbat,0.47157928347587585,False,0.005029056221246719,3.148608448100276e-05,0.47157928347587585,0.10785384476184845,0.00016165235138032585,2.093408085768189e-11,0.0016480984631925821,0.004818995017558336,0.1359771341085434,0.008420944213867188,9.341644645333158e-12,0.26110872626304626,1.5062237679330792e-08,4.0662555989001703e-07,0.0026829189155250788,3.2670010114088655e-05,8.163531674654223e-06,1.3597609722637571e-06,2.551366151237744e-06,7.85944878158761e-16,4.3015340622787335e-08,1.0505036944497004e-11,7.615886715939268e-05,0.0003826480533462018,0.00013465274241752923,4.917932164971717e-05
window-a2731dbf86d05dfd07a1,76_7548_15451,umbrella,microwave,0.22037295997142792,False,0.04515678808093071,0.002433815272524953,0.0036814005579799414,0.011807925999164581,0.105965755879879,8.898943633539602e-05,0.010509034618735313,0.01698656566441059,0.07606318593025208,0.07254862040281296,1.2054786566295661e-05,0.04284234344959259,0.005305582657456398,0.020598169416189194,0.22037295997142792,0.07765494287014008,0.0001842582132667303,0.006922424770891666,0.0020285798236727715,7.963578951830641e-08,0.0036848478484898806,8.523605174559634e-06,0.06566335260868073,0.02128991112112999,0.11847477406263351,0.06971503049135208
window-4a07cc57c5dbe5545fdc,76_7548_15451,umbrella,umbrella,0.2869471311569214,True,0.04180039092898369,0.010517336428165436,0.012566196732223034,0.014206497929990292,0.027460681274533272,0.00016452163981739432,0.010502797551453114,0.029174786061048508,0.060586415231227875,0.04308091849088669,0.0005892380722798407,0.0965544730424881,0.12357962876558304,0.0256117582321167,0.11136998981237411,0.03300569951534271,0.0015523756155744195,0.016273649409413338,0.002356103155761957,3.651873339549638e-05,0.0014171585207805037,6.356892754411092e-07,0.012547016143798828,0.02815343625843525,0.2869471311569214,0.009944725781679153
window-bc761c4c152ea0260edb,76_7548_15451,umbrella,handbag,0.25716596841812134,False,0.07876907289028168,0.023273883387446404,0.004920048173516989,0.003340531839057803,0.013172202743589878,0.0002698176249396056,0.013584230095148087,0.029574353247880936,0.0685114860534668,0.061917874962091446,0.0002113586524501443,0.25716596841812134,0.13335101306438446,0.02399422600865364,0.046346183866262436,0.017998823896050453,6.129861867520958e-05,0.012391874566674232,0.00388033757917583,3.7513982533710077e-06,0.006490402389317751,1.1586116670514457e-05,0.012050730176270008,0.03936079517006874,0.12527772784233093,0.024070387706160545
window-03f661f3c87b888b01a9,76_7548_15451,umbrella,hydrant,0.18867939710617065,False,0.09183462709188461,0.030399169772863388,0.016562264412641525,0.008364592678844929,0.03289240971207619,0.00015644814993720502,0.00977237243205309,0.03747175261378288,0.07849747687578201,0.04019923880696297,0.0003221637452952564,0.11461970955133438,0.18867939710617065,0.017969511449337006,0.04224662855267525,0.034547723829746246,0.00028688303427770734,0.010395458899438381,0.0019698143005371094,7.122820989025058e-06,0.0025152824819087982,1.2722376823148807e-06,0.01710444875061512,0.046713899821043015,0.1451931595802307,0.03127721697092056
window-2c387d204f9aaaa2af2a,307_32362_61186,wineglass,toytruck,0.9553513526916504,False,0.0025932127609848976,0.00026931826141662896,9.71362865698211e-08,5.441486064228229e-05,0.004963011480867863,9.655482663406545e-11,0.0012850353959947824,0.00025894230930134654,0.01246568001806736,0.0018653715960681438,3.939959025700546e-09,0.00031077966559678316,4.859510909227538e-07,0.00018110078235622495,0.004476102069020271,0.0005553780938498676,8.191483786124081e-19,7.178358032433607e-07,6.997368473093957e-05,1.2918417115930555e-14,4.5685459326705313e-07,1.2049893418145108e-12,0.0006956080906093121,0.9553513526916504,0.010084968991577625,0.004517892841249704
window-d16dfcf2880496a28882,307_32362_61186,wineglass,toytruck,0.9556999802589417,False,0.0013420210452750325,0.00016037198656704277,1.3947836805527913e-06,0.0004627486923709512,0.011932442896068096,7.031259255385613e-13,0.0007812542608007789,0.00024927937192842364,0.015019369311630726,0.00018287306011188775,1.7854310030429588e-08,0.005932593252509832,1.8949908735521603e-06,0.00041912568849511445,0.0005126720643602312,6.209102866705507e-05,2.2078272559774033e-19,3.094921794399852e-07,3.439348438405432e-05,5.157500945415783e-13,7.084778985699813e-07,6.137886965178196e-13,0.0008369924034923315,0.9556999802589417,0.0011761583155021071,0.00519120367243886
window-f3e2a0bef21feec89916,307_32362_61186,wineglass,toytruck,0.9426273107528687,False,0.001214169547893107,0.0014817824121564627,5.986813675917801e-07,0.00015001666906755418,0.007615362759679556,3.80681264289251e-10,0.0018353802151978016,0.002408403204753995,0.021999510005116463,0.001801805105060339,5.24697263415419e-08,0.0011137225665152073,1.4342141412271303e-06,0.000361230515409261,0.0009397097164765,0.0001298047136515379,5.526655268335498e-19,1.888483438960975e-06,0.0006240241345949471,5.44278198086421e-14,2.4747369025135413e-06,2.1218575941422957e-12,0.0007047973922453821,0.9426273107528687,0.008358513005077839,0.006628088653087616
window-2f56666f28526d76e291,307_32362_61186,wineglass,toytruck,0.9736459255218506,False,0.0005558748380281031,6.941266474314034e-05,6.095107352166451e-08,1.8201246348326094e-05,0.002123384503647685,8.993339059570893e-12,0.0013333008391782641,0.00017915535136125982,0.012606289237737656,0.00040865319897420704,9.06530672750705e-09,0.00013820083404425532,3.7008857134424034e-07,7.985493721207604e-05,0.0012229334097355604,0.00012844013690482825,2.0456553949590852e-19,5.339485369404429e-07,3.54069379682187e-05,3.135101702442071e-14,7.095742944329686e-07,3.5654487175185157e-13,0.00020613752712961286,0.9736459255218506,0.005827243905514479,0.0014198822900652885
window-53bb354756c5d3351068,379_44792_89523,wineglass,baseballbat,0.4758569896221161,False,8.969154441729188e-05,0.000401247845729813,0.4758569896221161,0.27648821473121643,0.00015126018843147904,2.297611212398465e-09,0.0003197477199137211,0.0008499372634105384,0.00011121978604933247,3.891557571478188e-05,2.0754743701445477e-08,0.0011500861728563905,0.21987837553024292,8.50080198233627e-07,0.0001890537969302386,2.0743080312968232e-05,0.011727534234523773,1.3573916476161685e-05,3.301396134247625e-07,0.004528142046183348,0.00687431963160634,5.6757206039037555e-05,0.0001293578534387052,0.0007318634307011962,0.0003472290700301528,4.452018765732646e-05
window-8149de12d4f0fbfa1fea,379_44792_89523,wineglass,teddybear,0.6025802493095398,False,0.002075682394206524,7.798725710017607e-05,0.056686967611312866,0.17936818301677704,0.0007471680291928351,1.8813039787346497e-05,0.0014579812996089458,0.0002801799855660647,0.0002740476920735091,0.015429377555847168,6.367513947225234e-07,0.0001379100140184164,0.07058539986610413,2.9535767680499703e-05,3.0290504582808353e-05,1.0528228813200258e-05,0.0027465170715004206,3.4552103898022324e-06,4.0023887777351774e-06,0.063475102186203,0.6025802493095398,1.7946322827810945e-07,8.250957034761086e-05,0.0033930924255400896,0.0004890698473900557,1.514957875770051e-05
window-649ebdfb828d0e25c04b,379_44792_89523,wineglass,hydrant,0.4651166796684265,False,0.0012045612093061209,0.00015061059093568474,0.2783392071723938,0.14402621984481812,0.0007619253010489047,3.017459546117429e-12,0.0005574667593464255,0.00029848236590623856,0.0009960492607206106,1.1213137440790888e-05,1.0395280725106204e-07,9.111388499150053e-05,0.4651166796684265,3.4295367186132353e-06,1.2632423931790981e-05,7.506382826250046e-05,0.00046221548109315336,3.1974343528418103e-07,4.106092035272013e-07,0.00014782490325160325,0.0980347990989685,0.0075868237763643265,0.00020428434072528034,0.0009122674237005413,0.000983444508165121,2.2876043658470735e-05
window-944fc02470e63a28f1e2,379_44792_89523,wineglass,hydrant,0.3985888659954071,False,0.00044115743367001414,0.0006250934675335884,0.20646768808364868,0.37159034609794617,0.0002708538086153567,1.4421295269073653e-08,0.0006073943804949522,0.0029319971799850464,0.00013333970855455846,0.00030926946783438325,4.4728037096319895e-07,0.004232924897223711,0.3985888659954071,2.084613470287877e-06,0.0002605329791549593,4.922736479784362e-05,0.00528702512383461,4.601334148901515e-05,1.0304695479135262e-06,0.0007770789670757949,0.004972228780388832,0.0001357231813017279,0.0005611921660602093,0.0008006931748241186,0.000753365398850292,0.0001544664119137451
window-72845f32f7d01c5b5dcf,400_51387_100909,wineglass,cup,0.2600288689136505,False,0.04901508241891861,5.721859633922577e-05,8.403733954764903e-05,0.0013377582654356956,0.20317257940769196,2.9303866000418566e-08,0.002793794497847557,0.000460506824310869,0.019154582172632217,0.2600288689136505,0.0009232235606759787,0.05494573712348938,1.30408252516645e-05,0.0005875746719539165,4.226906185067492e-06,1.8934719264507294e-05,1.8078122820952558e-06,0.0006137933232821524,0.014831640757620335,3.5413302065107066e-12,0.00037992719444446266,3.38440113409888e-05,0.0062950607389211655,1.126092865888495e-05,0.13505636155605316,0.2501791715621948
window-1c6a20ab563108168bdc,400_51387_100909,wineglass,ball,0.5194447636604309,False,0.018165813758969307,0.5194447636604309,0.011969935148954391,0.0016397200524806976,0.001044716453179717,0.014324045740067959,0.006767719984054565,0.27230900526046753,1.3894824405724648e-05,0.0007886185776442289,0.009158838540315628,0.012318977154791355,4.769864062836859e-06,0.00011103765427833423,4.505333345150575e-05,4.032650758745149e-05,2.6558004151411296e-07,0.0002491721825208515,0.00062793237157166,5.2182446097504e-07,0.009394480846822262,0.028303351253271103,2.7631996999843977e-05,6.495375419035554e-05,0.09055399149656296,0.002630409086123109
window-612f2d14c5f16f31ae74,400_51387_100909,wineglass,microwave,0.47232162952423096,False,0.0047807469964027405,0.000852978671900928,0.19833806157112122,0.008193137124180794,0.0021839898545295,0.0033128438517451286,7.454943988705054e-05,0.0008622385794296861,0.006210749968886375,0.013861619867384434,0.005893416237086058,0.011640357784926891,0.029796024784445763,0.00015397289826069027,0.47232162952423096,0.00028626108542084694,0.0011413180036470294,0.010076893493533134,0.0032528166193515062,5.774322289653355e-06,8.287881064461544e-05,2.1014252524764743e-06,0.0007070706342346966,0.02945920079946518,0.19331695139408112,0.0031924028880894184
window-385e6ad6dce2fb564fd9,400_51387_100909,wineglass,chair,0.5176021456718445,False,0.020784951746463776,4.165611244388856e-05,0.009291301481425762,0.000758499198127538,0.13956743478775024,0.005223970394581556,0.0029165728483349085,0.009252483956515789,0.5176021456718445,0.002258687512949109,0.00032592713250778615,0.0016781603917479515,0.0011812496231868863,7.238750549731776e-05,3.5487912555254297e-06,0.015870653092861176,0.0019496420864015818,0.001198999467305839,0.1334991157054901,1.0720269116859527e-08,0.0012888620840385556,4.159911895840196e-06,0.030107714235782623,0.023482659831643105,0.019073542207479477,0.06256568431854248
window-5d1dde152afc845e070a,403_52945_103427,wineglass,kite,0.40080612897872925,False,0.02600800059735775,0.3223137855529785,0.011065308004617691,0.0003734318888746202,0.00031919701723381877,7.446387371601304e-06,0.0914314016699791,0.004954732954502106,1.0707521141739562e-05,0.020746083930134773,0.00813611876219511,0.013538344763219357,0.0016731723444536328,0.40080612897872925,0.00014636667037848383,0.012745204381644726,6.500374105091952e-14,4.302788056520512e-06,0.0019557438790798187,1.0194697169785272e-10,0.0032545817084610462,0.022979052737355232,0.004185217432677746,0.0014510684413835406,0.04168717935681343,0.010207325220108032
window-640aae98264ec32923e3,403_52945_103427,wineglass,baseballbat,0.37553828954696655,False,0.00809736642986536,0.01613476872444153,0.37553828954696655,0.04101395606994629,0.0004159068048465997,2.1197108068804482e-08,0.001889010309241712,0.20156291127204895,7.094128250173526e-06,0.02027720957994461,0.0004094810283277184,0.007475324906408787,0.0003452120872680098,0.10349912196397781,0.00043376669054850936,0.024540212005376816,6.689449350005816e-08,3.580546490411507e-06,0.11009465903043747,4.1487906859982715e-12,0.004172422457486391,0.000271727069048211,0.004176825750619173,0.02160794287919998,0.007898235693573952,0.05013491213321686
window-fd756cc58ea7bfeb6ade,403_52945_103427,wineglass,teddybear,0.3641464114189148,False,0.008465898223221302,0.04628895968198776,0.13629114627838135,0.007970999926328659,8.419665391556919e-05,0.00015327450819313526,0.32978418469429016,0.0005682453629560769,2.1210591512499377e-05,0.0207342691719532,8.082107524387538e-05,0.011386239901185036,8.544555385014974e-06,0.01863694004714489,4.254869054420851e-06,0.03453676402568817,3.4308630155605035e-12,5.800638973596506e-06,0.010914633981883526,6.956800413515651e-11,0.3641464114189148,0.00021044736786279827,0.004599590785801411,0.0014877121429890394,0.00348975439555943,0.00012969577801413834
window-6f38b89f3ba8664748ac,403_52945_103427,wineglass,baseballbat,0.669779896736145,False,0.028149211779236794,0.045351069420576096,0.669779896736145,0.0035536661744117737,0.0001279578427784145,5.089132173452526e-05,0.08342806249856949,0.006200023926794529,2.7786272767116316e-05,0.02488347701728344,0.0003635701723396778,0.007727296091616154,1.3501869034371339e-05,0.020891733467578888,1.499694121775974e-06,0.009035076014697552,5.9454691170302e-11,3.307286306153401e-06,0.005968490149825811,6.139424363858781e-13,0.08337747305631638,0.0058375573717057705,0.003222179599106312,0.00045955937821418047,0.00045361879165284336,0.0010930425487458706
window-ab6586e3e29452bd5e12,482_69023_134346,wineglass,umbrella,0.6720883846282959,False,0.00010514528548810631,0.00779967475682497,6.098823632783024e-06,0.04310154914855957,0.0010117916390299797,4.008859832538292e-06,0.021130256354808807,0.00023631734075024724,0.00026980467373505235,0.06386251747608185,3.857226329273544e-05,0.0016011212719604373,8.407406681953944e-08,0.0010682573774829507,0.04869657754898071,0.0006247393321245909,2.9273528525664005e-06,0.00010459481563884765,0.07654576003551483,2.4849095225931705e-08,0.00859423540532589,0.04736271873116493,0.00017638722783885896,0.00044848595280200243,0.6720883846282959,0.0051199705339968204
window-0d64c2a0438ba3b5df9f,482_69023_134346,wineglass,cup,0.26643598079681396,False,0.0001836273877415806,0.010771787725389004,6.386816676240414e-05,0.03646174818277359,0.006571637932211161,1.005822286970215e-05,0.06336028128862381,0.00034321853308938444,0.0015611290000379086,0.26643598079681396,0.0001378208544338122,0.00046124885557219386,6.499234359580441e-07,0.0002709363179747015,0.05251303315162659,0.0008203843608498573,6.271344773267629e-06,0.00028998832567594945,0.1842430979013443,2.5490209054623847e-07,0.010008913464844227,0.11711620539426804,0.0011220875894650817,3.778243626584299e-05,0.2370564192533493,0.010151530615985394
window-d583549861494936cafd,482_69023_134346,wineglass,umbrella,0.5537706613540649,False,6.252495495573385e-06,0.025428777560591698,0.0012065640185028315,0.030920710414648056,0.004855574108660221,9.327627559230223e-09,0.06592381745576859,0.00017692121036816388,0.0014439758379012346,0.06405224651098251,6.674406176898628e-05,0.0007114500040188432,1.2063578935794794e-07,6.0882590332766995e-05,0.07994969934225082,0.0003413403173908591,8.824796964290726e-07,4.475726746022701e-05,0.06316417455673218,2.0215374263443664e-07,0.005543526727706194,0.09649105370044708,8.543414151063189e-05,1.4464220839727204e-05,0.5537706613540649,0.005739802028983831
window-77a727e639a2ebd986fd,482_69023_134346,wineglass,umbrella,0.7092333436012268,False,5.602198598353425e-07,0.02685033716261387,0.0030781198292970657,0.013606104999780655,0.006900446955114603,1.0198231148450532e-10,0.04645334556698799,0.0002349826245335862,0.002419901778921485,0.0459427610039711,1.7939648387255147e-05,0.0009980439208447933,1.8429041404033342e-07,0.00014430929149966687,0.057883989065885544,0.0002069075999315828,4.740502390632173e-07,4.855545194004662e-05,0.06620374321937561,1.9182279231699795e-07,0.003025664947926998,0.011397465132176876,1.0129079782927874e-05,3.6870409530820325e-05,0.7092333436012268,0.005305666942149401
window-942989f8301f68b53528,514_73689_143350,wineglass,wineglass,0.483716756105423,True,7.291216752491891e-05,0.005433285608887672,0.007534964941442013,0.00045215111458674073,0.01213613897562027,5.625096491712611e-06,0.013288048096001148,0.0010112561285495758,0.008206688798964024,0.0010105302790179849,0.001128742704167962,0.000982029247097671,3.2168747566174716e-05,0.0001021745556499809,0.23461759090423584,0.012422512285411358,8.479789812554372e-07,0.032693084329366684,0.034370057284832,2.2102591401562677e-07,0.008997337892651558,0.011190072633326054,0.08788803219795227,0.00027658691396936774,0.04243014380335808,0.483716756105423
window-8e5e0e3a932a260b16d5,514_73689_143350,wineglass,plant,0.242063507437706,False,0.007244703359901905,0.01173870638012886,0.021715562790632248,0.00117588066495955,0.01438666507601738,0.0005271999398246408,0.023043295368552208,0.0014035195345059037,0.013282358646392822,0.0018612347776070237,0.003773701610043645,0.02488034777343273,2.2073805666877888e-05,0.00017428986029699445,0.24023181200027466,0.004321633838117123,2.0234642761352006e-06,0.242063507437706,0.06811020523309708,3.887306320393691e-06,0.01743300072848797,0.012341741472482681,0.10542251914739609,0.00645280908793211,0.027313854545354843,0.15107351541519165
window-f933788d882d1e273513,514_73689_143350,wineglass,microwave,0.2732042670249939,False,0.034617576748132706,0.00396387604996562,0.0019789538346230984,0.009350783191621304,0.00041003915248438716,7.2275747697858606e-06,0.019429637119174004,0.0002859738015104085,0.02270958386361599,0.050578877329826355,0.0004963627434335649,0.0506674125790596,8.459658715764817e-07,0.003087277291342616,0.2732042670249939,0.001419109757989645,5.3893586482445244e-08,0.013169619254767895,0.017766281962394714,1.2964865625519906e-08,0.004117484670132399,0.0003707568976096809,0.11627296358346939,0.09697254002094269,0.061058104038238525,0.21806439757347107
window-238d6e38f36587fd2ad4,514_73689_143350,wineglass,toyplane,0.47423529624938965,False,0.001842754427343607,0.002005106769502163,0.006344777066260576,0.00035301019670441747,0.00021705271501559764,6.87131944232533e-07,0.0008007789729163051,0.00011005026317434385,0.00020174487144686282,0.0003450294607318938,0.0614590160548687,0.00974047090858221,3.5958153148385463e-06,0.0013650344917550683,0.054885830730199814,0.0013537388294935226,1.6662985657944773e-08,0.0034991183783859015,0.04806756228208542,1.5050372326186334e-07,0.002059175865724683,8.229172817664221e-05,0.47423529624938965,0.10247860103845596,0.0015993958804756403,0.22694970667362213
window-982a667110374f4cf755,606_95085_191490,wineglass,umbrella,0.4678086042404175,False,0.023214712738990784,0.02884817123413086,0.005046464968472719,0.001259319600649178,0.009191913530230522,0.00033627476659603417,0.04020477086305618,0.02142644301056862,0.05489668622612953,0.04441123083233833,0.0012397484388202429,0.06745495647192001,0.08396748453378677,0.03447664529085159,0.06516106426715851,0.0026189107447862625,9.321067773271352e-05,0.02688705362379551,0.0018609717953950167,0.00018282000382896513,0.0017133575165644288,6.555570166710822e-07,0.004531437065452337,0.012182661332190037,0.4678086042404175,0.0009844353189691901
window-ebb9b7b3222b0730ef02,606_95085_191490,wineglass,umbrella,0.5495385527610779,False,0.005344439297914505,0.022236209362745285,0.001777973142452538,0.0007681364077143371,0.020276011899113655,7.617469691467704e-06,0.013541393913328648,0.01646420545876026,0.07474295794963837,0.04067031666636467,0.0003151891869492829,0.010495715774595737,0.018362564966082573,0.03300510346889496,0.17176589369773865,0.0004909459385089576,1.2012888873869088e-05,0.012921911664307117,0.0014430879382416606,0.00030929839704185724,0.00023540033726021647,8.88496121120852e-09,0.0027859031688421965,0.002288876101374626,0.5495385527610779,0.00020035474153701216
window-1b9e94a6efc89b4c0696,606_95085_191490,wineglass,umbrella,0.509613573551178,False,0.008308750577270985,0.027007216587662697,0.0016140092629939318,3.482674219412729e-05,0.07049676775932312,1.1597023075182733e-07,0.0081930598244071,0.024232273921370506,0.18311291933059692,0.052307553589344025,4.640163388103247e-05,0.002831322606652975,0.0046190680004656315,0.005911068059504032,0.09966818988323212,3.657103661680594e-05,2.0381224885568372e-07,0.0007446793606504798,3.2144093893293757e-06,0.00022785415058024228,8.76215381140355e-06,7.082238007855013e-12,0.0006874293321743608,0.00027348872390575707,0.509613573551178,2.0735438738483936e-05
window-c8918d66a0d4fea83df1,606_95085_191490,wineglass,chair,0.43324950337409973,False,0.020559385418891907,0.022079892456531525,0.0017304199282079935,1.1587486369535327e-05,0.09639496356248856,5.744827191733748e-08,0.006504418794065714,0.03465176001191139,0.43324950337409973,0.05524995177984238,1.848738975240849e-05,0.001973658800125122,0.0075548626482486725,0.003860795870423317,0.12364783138036728,1.5988718587323092e-05,3.84348517457056e-08,0.0002858517982531339,1.3406231857970852e-07,0.0004063108644913882,4.326629095885437e-06,6.924704407974824e-13,0.00040504380012862384,0.00011806111433543265,0.1912691444158554,7.501068012061296e-06
window-06b07fff690598cf242f,620_101397_203374,apple,carrot,0.425123393535614,False,0.014058600179851055,0.0020715815480798483,0.0003503804327920079,8.559812704334036e-05,0.007612406276166439,8.12738619515585e-07,0.00583031727001071,0.425123393535614,4.810497921425849e-05,0.00020957017841283232,0.007785389199852943,6.63442988297902e-05,0.0016010483959689736,0.14376215636730194,4.7436518798349425e-05,0.00031036685686558485,1.8229698071081657e-06,8.051796612562612e-05,0.010640690103173256,2.8110193284192064e-07,0.36505216360092163,1.2023641829728149e-05,0.010060679167509079,0.0036545211914926767,9.720169327920303e-05,0.001436553429812193
window-298ca542c22db3c41c34,620_101397_203374,apple,teddybear,0.882649302482605,False,0.0003475057892501354,0.00043436381383799016,0.003965532872825861,2.5693327643239172e-06,0.0010500953067094088,4.2827580370996543e-10,0.004210359882563353,0.0682642012834549,1.9602037355070934e-05,9.363200661027804e-05,0.016314668580889702,2.4848515749908984e-05,6.920798114151694e-06,0.020103201270103455,6.282298727455782e-06,9.523874177830294e-05,1.2266107241032387e-08,1.01294517662609e-06,0.0005837592179886997,3.1080654716575395e-10,0.882649302482605,0.00010938895138679072,0.00015383196296170354,0.0013106147525832057,3.352747444296256e-05,0.0002195601409766823
window-be15febdd7bf69673a5f,620_101397_203374,apple,teddybear,0.465852826833725,False,0.00817430205643177,0.004172215238213539,0.003662364324554801,8.386261470150203e-05,0.008189870044589043,2.1691060680950613e-07,0.023157326504588127,0.3840487599372864,0.00010399641905678436,0.0002797831839416176,0.010305809788405895,0.0005834624753333628,0.00019940851780120283,0.05590138956904411,0.0009654603782109916,0.00024622678756713867,1.9962475050760986e-07,3.3261861972277984e-05,0.02216329239308834,3.926617964111756e-08,0.465852826833725,0.0004208334139548242,0.00033866000012494624,0.010870653204619884,9.019021490530577e-06,0.00023669104848522693
window-efa68518f266fece998e,620_101397_203374,apple,carrot,0.4771359860897064,False,0.007295757066458464,0.001752057345584035,0.00021470687352120876,0.0002573054516687989,0.008223588578402996,8.072666446423682e-08,0.002405830193310976,0.4771359860897064,2.3605032765772194e-05,0.00012497129500843585,0.0031077214516699314,5.4184376494959e-05,0.0011428743600845337,0.32763317227363586,5.769365816377103e-05,0.00029623121372424066,2.115880079145427e-06,5.1747687393799424e-05,0.010236920788884163,6.713215725540067e-07,0.15344960987567902,2.219212774434709e-06,0.004298537969589233,0.0014661508612334728,6.128883978817612e-05,0.0007049470441415906
window-8fc3b45d431e9bb6a541,151_16771_32072,apple,chair,0.381078839302063,False,0.16612641513347626,0.0006238842033781111,0.3364540636539459,0.0001655198138905689,3.12873708026018e-05,2.324134079634277e-10,4.555647319648415e-05,0.009404601529240608,0.381078839302063,0.0001110842713387683,2.680610577954212e-07,0.0785103365778923,0.00014351305435411632,1.4544907500635418e-08,3.83578566243159e-07,7.079123633957352e-07,3.5420262643054423e-12,7.630323750618118e-08,2.0269131709937938e-05,8.926555675192738e-12,4.0463637560606e-06,4.493196613386541e-12,0.020683981478214264,0.002251584781333804,1.3923684036853956e-06,0.004342051222920418
window-d63d7150fa96d1a0fac1,151_16771_32072,apple,ball,0.7616823315620422,False,0.02058565244078636,0.7616823315620422,0.011725996620953083,0.0037515347357839346,0.01931826025247574,0.0002894780191127211,0.006791522726416588,0.00693140085786581,0.001151305390521884,0.0011142633156850934,2.33842965826625e-05,0.0040938579477369785,3.6882630638501723e-07,3.2237107916444074e-07,2.3630584109923802e-05,0.0027293595485389233,3.576753442757763e-06,0.00010459566692588851,0.0010328780626878142,5.81974735330143e-13,5.222877371124923e-05,0.0007997273351065814,0.005987059324979782,0.0008135690004564822,3.0621265523222974e-06,0.15099062025547028
window-2db1e47f2fd8e4c94858,151_16771_32072,apple,apple,0.6428142786026001,True,0.6428142786026001,0.023381076753139496,0.0065896278247237206,4.3223330976616126e-06,4.649721086025238e-05,1.18921645864134e-08,5.003063415642828e-05,0.12188839912414551,8.458719662485237e-07,0.0021437054965645075,0.005385996773838997,6.818826818744128e-07,2.801707477129156e-10,0.001887644873932004,2.0129780295974342e-06,0.023123392835259438,6.571676533910519e-16,7.281069258624484e-08,0.0017712898552417755,1.6102639762348477e-21,2.281050683450303e-06,1.1474348554640912e-10,0.0006818895344622433,0.16995880007743835,5.982094535283977e-07,0.00026657135458663106
window-803386818eadf3fa7b91,151_16771_32072,apple,apple,0.8289414644241333,True,0.8289414644241333,0.0017800774658098817,0.09694704413414001,0.00041160816908814013,4.8122674343176186e-05,5.765846133876096e-12,3.1738318284624256e-06,0.015017090365290642,0.0007095587207004428,0.0014272610424086452,2.857065737771336e-06,0.00022547924891114235,2.38854881899897e-05,3.0720623822588777e-09,1.0321427046378062e-10,9.578631761542056e-06,6.266130192847386e-14,1.4274426121119177e-06,1.892693433092063e-07,3.135282858966687e-17,3.128634773474914e-07,8.316987723522296e-12,0.052504777908325195,0.00023155170492827892,4.6052818447606114e-07,0.0017141429707407951
window-156dcf712c34a69415b2,96_10748_18781,apple,umbrella,0.6804568767547607,False,0.0187140591442585,0.00713789276778698,0.03399030491709709,0.00019562394300010055,0.0008153043454512954,8.420652619633984e-08,2.1921507595834555e-06,1.1831818483187817e-05,1.7359806179229054e-06,2.5364870452904142e-06,4.52157219115179e-05,0.14529268443584442,1.2013267678412376e-06,0.014479574747383595,9.570288966642693e-05,0.00021760334493592381,1.8873664942020696e-07,0.0008082447457127273,0.0957983210682869,0.0014365753158926964,0.00031876025605015457,5.048497442317057e-08,4.324487576923275e-07,0.00017569649207871407,0.6804568767547607,1.349612716694537e-06
window-56961d0bf1cdbdf03bcd,96_10748_18781,apple,ball,0.3154921233654022,False,2.4758202926022932e-05,0.3154921233654022,0.059262990951538086,1.1196792911505327e-05,0.0947163999080658,8.883103280732385e-11,2.0475690689636394e-05,2.2575031835003756e-06,3.703791833231662e-07,0.001433896948583424,1.1231282570633994e-07,0.24731530249118805,3.0471396712528076e-06,7.462471196539866e-10,1.2546912557809264e-06,0.007856900803744793,4.026682347557653e-07,0.00012721020902972668,4.6234566980274394e-05,3.762275213592403e-11,0.0045270794071257114,1.5133055399074724e-13,0.003793798852711916,0.26521798968315125,0.00014624785399064422,4.450290447266525e-08
window-ca6a2836c56f43a0a6a6,96_10748_18781,apple,bench,0.4083603322505951,False,0.015766441822052002,0.03323327377438545,0.05711277946829796,0.4083603322505951,0.002691134111955762,3.876317045126143e-10,0.0008760039345361292,0.00010000473412219435,0.0002884458808694035,0.0002581113076303154,1.8199582285660654e-08,0.3892117142677307,2.539939850976225e-05,1.7001174079656067e-10,2.15362465638691e-08,0.0005008694133721292,1.1433093050072785e-06,3.985279909102246e-05,2.33031414609286e-06,8.256718331267621e-08,0.05916767939925194,3.2450771236813836e-11,0.00048717387835495174,0.03132779896259308,0.0005491292686201632,2.4223936634371057e-07
window-8d502de56de91c1b832d,96_10748_18781,apple,kite,0.9046846628189087,False,0.002655629999935627,2.9033473765593953e-05,3.8732176221856207e-07,6.741664401488379e-05,0.0003692017635330558,1.2328799006006141e-13,0.0006639338098466396,2.765503026580518e-08,4.119878212804906e-05,1.2870911803020135e-07,7.87462922744453e-05,2.680182120684549e-08,3.7419519571813e-07,0.9046846628189087,0.00018334623018745333,3.750914245870263e-08,1.2085769884873088e-10,4.59891052742023e-05,0.001026540994644165,4.3513507989700884e-05,8.001237438293174e-05,4.930199359876042e-09,6.58100995920563e-09,2.0669801870099036e-06,0.09000221639871597,2.548244083300233e-05
window-693a9cc0fabdf476b331,608_95712_192517,apple,apple,0.8168917298316956,True,0.8168917298316956,0.006282166577875614,0.04765022173523903,0.0008303150534629822,8.776442882663105e-06,0.0001970898301806301,0.0502975732088089,0.00807443168014288,0.00016160300583578646,7.134434781619348e-06,8.108947326945781e-07,0.017209261655807495,0.00036912993527948856,0.022854667156934738,6.1546506913146e-06,0.0008018937660381198,1.2219617678832506e-11,1.537886440416969e-08,3.283897240180522e-05,1.5420822951917046e-10,0.002810108009725809,1.894568235627503e-08,0.0027222128119319677,0.02266666106879711,0.00012493942631408572,3.4172728646808537e-07
window-a5c5b97d727fcf4102bd,610_96727_193809,apple,wineglass,0.4094873368740082,False,0.00769352912902832,0.005370886996388435,0.012647963128983974,0.007818952202796936,0.0014782235957682133,2.5641908233775372e-14,0.002053375355899334,0.0030868526082485914,0.032735809683799744,9.22590152185876e-06,5.414113729784731e-06,0.007172806188464165,0.0004914665478281677,2.253536877105944e-05,0.008724135346710682,0.0002234854910057038,0.137861430644989,1.031736519507831e-05,0.34186264872550964,0.001862801960669458,0.0007195614161901176,0.0003656411136034876,0.0026338729076087475,0.002374396426603198,0.013287306763231754,0.4094873368740082
window-17207c0ef9aea183b8f7,201_21619_43660,ball,ball,0.9999189376831055,True,4.8481510020792484e-05,0.9999189376831055,4.901702599369173e-09,1.2183969246926454e-14,6.169186050897224e-09,1.9980377352624146e-09,3.6900464692735113e-06,1.0765292245196179e-05,1.3907454077255466e-09,1.8700494592849282e-06,7.355949378506921e-07,2.684782316464407e-07,1.7104102856269066e-10,5.047808959018907e-12,1.5184700719039768e-10,2.1398529170824077e-08,1.5360732434285818e-14,1.4121435469860444e-06,4.925550456391647e-07,1.6928474376139754e-15,1.277737374039134e-05,1.7099456073310648e-08,3.3342146821269125e-09,1.486634815250909e-09,2.6407898437441624e-11,5.061709771325695e-07
window-4ebdbb2b40c5d0033980,201_21619_43660,ball,ball,0.9937020540237427,True,0.0036962765734642744,0.9937020540237427,6.729150072715129e-07,2.5458641417230865e-08,1.7135039342974778e-07,3.936078130095666e-08,0.0002639440353959799,0.00035505107371136546,6.590735068812137e-08,0.0013813846744596958,2.543293339840602e-05,0.0001817002339521423,5.362027488686749e-10,1.7543903823025175e-06,5.272580594350984e-09,6.958018275327049e-06,9.797297243412001e-17,2.8032980480929837e-05,0.0002327583497390151,4.9256249137752655e-15,8.76546764629893e-05,8.491395419696346e-06,3.6054821066500153e-06,9.08245965547394e-07,2.772112111415481e-06,2.023951856244821e-05
window-24e69060602b1b41c882,201_21619_43660,ball,ball,0.6118930578231812,True,0.002696772338822484,0.6118930578231812,6.804960321460385e-06,7.862767326116682e-09,2.728071279989308e-08,2.839025796674832e-07,0.000616795034147799,0.37173259258270264,3.2121846516020014e-07,5.4978037951514125e-05,1.0861049304367043e-07,4.825653263651475e-07,8.785878691242033e-10,2.216346928207713e-07,1.8212499952596772e-08,8.727951126275002e-07,2.2157346825910952e-14,1.362053444609046e-05,1.325233552051941e-05,2.859565069544129e-13,0.007084598299115896,0.0052231051959097385,0.00010612868936732411,2.8850735134255956e-07,6.714960143483495e-09,0.0005556165706366301
window-35e059666d8d83807200,201_21619_43660,ball,ball,0.9998979568481445,True,2.173085704271216e-05,0.9998979568481445,8.625693048713856e-09,1.7407599884125546e-12,7.583070282812798e-11,2.401819249129439e-13,3.274190589763748e-07,5.5068354413378984e-05,7.451431832672384e-12,1.4958876818127465e-05,7.100516796754164e-08,6.067251888453029e-06,7.392224582025014e-14,5.059805352480851e-10,7.826491191242901e-13,1.7546935016099496e-09,1.1695147891296563e-18,1.4797048031311988e-08,5.174744899250072e-08,1.0220363234477554e-17,1.0416610507490986e-07,3.1240468545412625e-10,3.5066518577764327e-09,2.8520394379505376e-10,6.906531596628795e-11,3.7281533877830952e-06
window-222d36de5c8a0d6dda44,394_48628_96157,ball,ball,0.4011473059654236,True,0.04774192348122597,0.4011473059654236,0.0007142145186662674,0.0015623708022758365,0.0006535843131132424,3.4109841635654448e-06,0.1271403282880783,0.03447217866778374,0.0077678668312728405,0.022601362317800522,0.002482200739905238,0.02254560776054859,0.09785593301057816,0.014248836785554886,0.04577263072133064,0.0002219387679360807,9.763579146238044e-05,0.00019956534379161894,1.7130065316450782e-05,0.053153593093156815,0.011485200375318527,2.531111533699004e-07,0.000245475530391559,0.006682396400719881,0.09951996058225632,0.0016670667100697756
window-2758fade3a73a599d3a3,394_48628_96157,ball,ball,0.25338831543922424,True,0.023258201777935028,0.25338831543922424,0.0013966072583571076,0.0033062503207474947,0.001600494608283043,3.5330202081240714e-05,0.06802288442850113,0.05259834602475166,0.00818477664142847,0.014588374644517899,0.0012630363926291466,0.019386785104870796,0.2088315784931183,0.02768479660153389,0.22919127345085144,0.0025352800730615854,0.00060226337518543,0.002160330768674612,0.000374626339180395,0.013955849222838879,0.003109944984316826,1.1318868473608745e-06,0.0010653710924088955,0.005629790481179953,0.05585674196481705,0.0019716594833880663
window-ba9a4f4aae51e53b10df,394_48628_96157,ball,umbrella,0.2869066298007965,False,0.010892362333834171,0.051581524312496185,0.011996656656265259,0.002503515686839819,0.02336958609521389,3.730518801603466e-05,0.021120740100741386,0.07754051685333252,0.028680212795734406,0.015815159305930138,0.0007357192225754261,0.016669882461428642,0.16615734994411469,0.08338195830583572,0.1808847337961197,0.003244121791794896,0.00026891700690612197,0.003912788350135088,0.0002477178641129285,0.002202850067988038,0.0003616517351474613,8.530020245700598e-09,0.0011276096338406205,0.009812790900468826,0.2869066298007965,0.0005475922371260822
window-b9ec458e21d55f86610b,394_48628_96157,ball,hydrant,0.2586713433265686,False,0.018728861585259438,0.13559490442276,0.0091153085231781,0.014286349527537823,0.005836321506649256,0.0004391953407321125,0.027566345408558846,0.09724931418895721,0.027664024382829666,0.02159305103123188,0.0019884342327713966,0.03774457797408104,0.2586713433265686,0.026663949713110924,0.07037700712680817,0.01112754363566637,0.0005296878516674042,0.011622323654592037,0.0017399111529812217,0.0016803732141852379,0.004354326985776424,2.4079322429315653e-06,0.003542714286595583,0.010546611621975899,0.19850221276283264,0.002832886530086398
window-997aba1bd981d6bfc4bf,372_41041_81726,ball,chair,0.50544273853302,False,0.033339723944664,0.006008248310536146,0.0024796684738248587,0.0002946864697150886,0.0031085286755114794,4.638061363948509e-05,0.013442909345030785,0.004896149039268494,0.50544273853302,0.0005537237739190459,1.4291133084043395e-05,0.0012050833320245147,0.0005993934464640915,0.004110055044293404,1.9690509361680597e-05,0.00022361362061928958,1.355433432159714e-09,1.8660706700757146e-05,0.05309387668967247,1.4593191099976366e-09,0.3110767900943756,1.8012634939168493e-08,0.001119149848818779,0.058726172894239426,0.0001803011546144262,2.4455971470160875e-07
window-d37c6177ba8f0a63cdb7,372_41041_81726,ball,toytruck,0.43722379207611084,False,0.030566813424229622,0.0037742499262094498,0.004382327198982239,0.0019477622117847204,0.0014404517132788897,0.00012899762077722698,0.011854805983603,0.0016971471486613154,0.21446892619132996,0.001276051509194076,6.670818493148545e-06,0.00023112133203539997,0.0001189609756693244,0.0010679556289687753,6.712579761369852e-06,0.00037071097176522017,1.5057253222039435e-09,3.885234400513582e-05,0.052870336920022964,3.059276443284631e-10,0.23260730504989624,1.4709708451299264e-10,0.0036826184950768948,0.43722379207611084,0.0002371201990172267,2.6110038220394927e-07
window-9052676ba1a77bd2da9d,372_41041_81726,ball,toytruck,0.24023933708667755,False,0.031179340556263924,0.017290282994508743,0.01824251376092434,0.00803009606897831,0.0035708455834537745,0.00044122239341959357,0.020832471549510956,0.01172753144055605,0.23378799855709076,0.004798533394932747,3.007146733580157e-05,0.0017393097514286637,0.00042445745202712715,0.0007649194449186325,9.359435352962464e-05,0.00046162516809999943,1.452117714961787e-08,0.00015269323193933815,0.1667383909225464,3.2480016454172755e-09,0.21441760659217834,6.582348555106421e-10,0.024511199444532394,0.24023933708667755,0.0005245872889645398,1.3814234307574225e-06
window-8c5ca4bed4244c19d6f0,372_41041_81726,ball,sandwich,0.420531302690506,False,0.11127564311027527,0.015723487362265587,0.015284460037946701,0.0038463028613477945,0.0013245861046016216,0.0016157280188053846,0.08416401594877243,0.08284053951501846,0.04452241584658623,0.011213073506951332,7.781880412949249e-06,0.001704617403447628,0.00012033338862238452,0.0027807471342384815,4.047145557706244e-05,0.00040254570194520056,1.3889307481917967e-08,0.00028144405223429203,0.420531302690506,5.350881959742537e-10,0.10451159626245499,1.0904254388321988e-08,0.0012787604937329888,0.09555178135633469,0.0009743552654981613,4.012268163933186e-06
window-a33b0ed12a0bdf4e4649,606_95090_191497,ball,baseballbat,0.9370335340499878,False,7.526492140641494e-08,8.897161933418829e-06,0.9370335340499878,0.00022654864005744457,0.00042677955934777856,1.2925431292387657e-05,4.7341796971522854e-07,6.758173640264431e-06,3.781959094339982e-05,5.269609573588241e-06,0.006441730540245771,0.0006680293008685112,0.0015964913181960583,0.00024319867952726781,0.0002401485835434869,0.018392881378531456,4.7508285206276923e-05,7.5286825449438766e-06,0.0001064148818841204,2.314233602928456e-13,9.052797622643993e-08,6.039853062134171e-09,0.002694161143153906,0.03164394944906235,9.26356078707613e-05,6.607027899008244e-05
window-00eb4160fa109d27ad87,251_26912_54706,baseballbat,mouse,0.9673425555229187,False,0.001240645069628954,0.02710765413939953,0.0004274612292647362,0.0003112751292064786,3.1878262234386057e-06,1.68726632665539e-08,0.001629059319384396,0.000120257813250646,3.02103266847098e-08,0.0001580831449246034,2.5426927095395513e-05,3.4315733500989154e-05,3.4614252797382505e-08,6.283631392989264e-08,5.532895670512517e-07,0.9673425555229187,3.0960142130086307e-16,8.240186275543238e-07,2.422624129394535e-05,7.25377204930191e-16,1.5747127690701745e-05,0.0011578004341572523,6.494163244497031e-05,1.433409397577634e-05,0.00010672659118426964,0.00021484836179297417
window-31457de6837cccb212a3,251_26912_54706,baseballbat,mouse,0.9550348520278931,False,4.9910486268345267e-05,0.007935685105621815,0.001179876970127225,0.0015218029730021954,7.037190516712144e-05,2.3662233061827465e-08,0.02407565340399742,0.0001385570940328762,3.5138036764692515e-06,0.00012403453001752496,0.00013628907618112862,0.00010047467367257923,3.365466794136296e-09,2.1437394082113315e-08,1.2050458053636248e-07,0.9550348520278931,1.227217437914374e-12,2.455470348650124e-05,4.1227096517104656e-05,4.643085639273806e-15,0.00060671177925542,0.008311424404382706,0.00012422168219927698,9.9621967819985e-05,0.00013548960851039737,0.00028566233231686056
window-38a5b47b592f6ada19c0,251_26912_54706,baseballbat,mouse,0.6540212631225586,False,0.012293066829442978,0.26902180910110474,0.006132621318101883,0.015336972661316395,0.0006983198109082878,8.551179780624807e-05,0.010778097435832024,0.002243896946310997,1.7219639630638994e-05,0.008405494503676891,0.00048808101564645767,0.0007457589963451028,3.5620484339915492e-09,3.5395365216572827e-07,7.054088086988486e-07,0.6540212631225586,8.745048088454332e-12,2.2031605112715624e-05,0.000521154492162168,4.980088391129888e-16,0.0007851241389289498,2.6569969122647308e-05,0.006570667494088411,0.00048387140850536525,0.0015126990620046854,0.009808789007365704
window-3303115f13d78872409a,251_26912_54706,baseballbat,mouse,0.9552643299102783,False,0.00017985542945098132,0.04025263339281082,0.0005521487328223884,0.00038735457928851247,2.800481297526858e-06,6.303925914608044e-08,0.0010536389891058207,0.00030953099485486746,1.73354823829186e-08,0.0004517138877417892,1.378187516820617e-05,5.9028167015640065e-05,6.586018397314319e-10,1.48655217913074e-07,1.8415752833789156e-07,0.9552643299102783,3.3555214440643844e-15,1.002812837214151e-06,3.4455133572919294e-05,2.249912472600718e-16,1.9312506992719136e-05,0.0010650053154677153,4.921773142996244e-05,7.012563582975417e-05,1.2148783753218595e-05,0.00022146089759189636
window-f5a78fb2731ad2136ed2,514_73832_143780,baseballbat,toytruck,0.7268800735473633,False,0.0013259402476251125,0.0003938198497053236,0.00020224449690431356,8.593382858634868e-07,3.7467638321686536e-05,0.0004656037490349263,0.04326803982257843,0.003648248966783285,4.560430397759774e-07,0.00027481155120767653,3.825802923529409e-05,0.00034404933103360236,3.2995332730934024e-05,0.00014059968816582114,0.0019432023400440812,0.1906042844057083,2.4342690085887853e-09,0.00012715721095446497,0.007717409171164036,1.2359396839300985e-10,0.0004085143737029284,4.593023561483278e-08,0.01724938675761223,0.7268800735473633,6.797150490456261e-06,0.004889820236712694
window-444b98f6d022ad8a420d,514_73832_143780,baseballbat,mouse,0.5095327496528625,False,0.0012257951311767101,0.025376005098223686,0.006805409211665392,0.005546446889638901,0.003046452533453703,3.46837769029662e-05,0.27783942222595215,0.0006019416614435613,0.03873522952198982,3.202656807843596e-05,0.00021846036543138325,0.04657486081123352,1.0142755524356062e-09,1.2084723493899219e-05,0.0097132483497262,0.5095327496528625,1.3502153173305942e-08,0.00034315563971176744,0.0014047647127881646,8.939738868878749e-14,6.319346721284091e-05,0.062042247503995895,0.0073074460960924625,0.0003269226581323892,0.0015636759344488382,0.00165377592202276
window-32a19c36accd3ffbf2f5,514_73832_143780,baseballbat,frisbee,0.7112780809402466,False,4.123956387047656e-05,0.010054134763777256,0.2337738275527954,8.518327376805246e-06,0.001155607053078711,4.941913721268065e-05,0.002598052378743887,0.00047903580707497895,7.229593757074326e-05,0.00029154191724956036,0.7112780809402466,0.001852583372965455,7.610919419676065e-05,2.4798391677904874e-05,0.0031718865502625704,0.002363365376368165,5.3379789477503437e-08,9.836120443651453e-05,0.0004673493676818907,3.50924231895533e-08,0.0003786252345889807,0.0035509236622601748,0.000474747532280162,0.008269553072750568,0.01822417415678501,0.001245679217390716
window-c62c5e55f5b6e2052d2b,514_73832_143780,baseballbat,frisbee,0.621793270111084,False,0.0008808316779322922,0.009849298745393753,0.16362322866916656,0.00010635908256517723,0.012720408849418163,0.00014562193246092647,0.0032387133687734604,0.002359907841309905,0.020928433164954185,0.0027290447615087032,0.621793270111084,0.004881167318671942,3.903970537066925e-06,0.0007278735865838826,0.034779079258441925,0.01991349086165428,2.2326977600073405e-08,0.0001302457822021097,0.00844503566622734,3.716367491524153e-13,0.0002702577621676028,4.946758053847589e-06,0.0019580244552344084,0.017613912001252174,0.029007963836193085,0.043888967484235764
window-51cef5a1f4b1695e42cd,534_77327_149480,baseballbat,ball,0.5463660955429077,False,9.948010847438127e-05,0.5463660955429077,0.00908008124679327,0.00025384780019521713,0.00015501253074035048,8.384136940264852e-09,0.01576046086847782,0.0003113482962362468,2.653552542142279e-07,0.0008385377586819232,0.00014895656204316765,1.8486542103346437e-05,7.269421621458605e-05,8.905164605721438e-08,2.0800896560757565e-09,0.2338634878396988,5.484794909915713e-12,0.0006506558856926858,0.00042928566108457744,2.06244871235756e-18,0.0010429378598928452,1.0717069187649031e-07,0.00015805447765160352,7.340145913303786e-08,0.0008968874462880194,0.18985331058502197
window-980f36b21df935abcb57,534_77327_149480,baseballbat,ball,0.8374391794204712,False,0.001606905716471374,0.8374391794204712,0.003337194910272956,0.0015069498913362622,0.0005478176171891391,5.828913046679318e-11,0.0202835351228714,0.0030730445869266987,0.0005562516744248569,0.029927292838692665,1.5714281289547216e-06,0.00045180393499322236,0.0005816731136292219,0.004963198211044073,5.081276981400151e-07,0.042425427585840225,1.3388178343731738e-09,0.0012864278396591544,0.0383940152823925,1.1614230627579603e-12,0.008957025595009327,8.955554449130432e-07,0.0011114624794572592,4.731720400741324e-05,4.741871089208871e-05,0.003453140379860997
window-848f05d1ba72291617c0,534_77327_149480,baseballbat,ball,0.9225331544876099,False,1.8710659787757322e-05,0.9225331544876099,0.00011051873298129067,0.00014289110549725592,1.9646439142206873e-08,2.0816530721390336e-09,0.0006018523126840591,0.00014957146777305752,2.244093938452707e-10,0.006032668054103851,3.4128646802855656e-05,0.0007568902219645679,1.2604859378484434e-09,7.043737696221797e-06,1.839749863563611e-08,0.06418237090110779,7.219704977086405e-14,3.793659516304615e-06,0.005260881502181292,2.0217501192745834e-15,0.00012350261386018246,1.5342884740476848e-09,2.9244694815133698e-05,9.203716899719439e-08,1.2504048640948895e-07,1.258583324670326e-05
window-9ecf4a8f2d34a7e274be,534_77327_149480,baseballbat,carrot,0.6277931928634644,False,0.016564227640628815,0.0005692316335625947,0.015849260613322258,0.0013344637118279934,0.09703180938959122,0.0004339875013101846,0.00020863725512754172,0.6277931928634644,1.3264958909076086e-07,4.6390479724323086e-07,3.99332056986168e-05,0.0006749788299202919,1.2208179356321125e-08,1.639976403566834e-07,0.031506653875112534,0.021921738982200623,5.455048352017344e-16,0.0045269872061908245,0.013733677566051483,2.276571511126567e-16,0.004155870992690325,4.8470708241370175e-14,2.1813168132212013e-05,0.1407097727060318,3.190249344697804e-06,0.02291983552277088
window-899c4f9382a51e140cf3,417_57601_110929,bench,handbag,0.630379319190979,False,0.0017656971467658877,0.0006158491014502943,0.24246397614479065,0.0024334455374628305,0.000727397738955915,9.104354830924422e-05,6.70841327519156e-05,0.0032418768387287855,0.0029736484866589308,0.009313124231994152,8.0105870438274e-05,0.630379319190979,2.46359923039563e-06,1.3933208720118273e-05,0.0002853851765394211,0.0253511443734169,6.878957852559514e-14,0.06421422213315964,2.8254451535758562e-05,2.726120218898598e-16,4.578742505145783e-07,3.2550863693359133e-07,0.0035512070171535015,0.006179502699524164,0.006138205993920565,8.236779103754088e-05
window-bc2d80dc5bd05702aebf,417_57601_110929,bench,handbag,0.575705349445343,False,0.00038228422636166215,0.0006546386866830289,0.003391450038179755,0.004113905597478151,0.0004152676847297698,4.095969416084699e-06,0.0022996291518211365,0.0009786420268937945,0.0012101453030481935,0.005584207363426685,7.207377166196238e-06,0.575705349445343,4.6070385906205047e-07,0.000429822743171826,0.006822503637522459,0.03492650389671326,1.4390075936399072e-11,0.002109206048771739,6.415857205865905e-05,1.848305579768561e-13,1.0684490916901268e-05,4.40285584772937e-05,0.001006806967779994,0.0007204694557003677,0.35569527745246887,0.0034232952166348696
window-3bef112ff26aebd359ab,417_57601_110929,bench,umbrella,0.5696185231208801,False,6.779588875360787e-05,0.00010138406651094556,0.0025454319547861814,0.18629717826843262,9.829404734773561e-05,5.2197769946360495e-06,0.008186781778931618,0.0014623168390244246,0.001122070592828095,0.0012439718702808022,9.517450234852731e-05,0.15361325442790985,5.894526822203261e-08,0.00011800967331510037,0.022059720009565353,0.042385317385196686,3.0051192090319034e-10,0.0023104501888155937,4.855793304159306e-05,3.416870605899014e-11,4.521575465332717e-05,0.0022721821442246437,0.00021938254940323532,0.0015601831255480647,0.5696185231208801,0.004523484501987696
window-316b8a906a3b9c00285a,417_57601_110929,bench,umbrella,0.4552275836467743,False,0.0009900943841785192,0.00012093365512555465,0.002155204303562641,0.004283898044377565,0.00018036598339676857,0.0005080244154669344,0.00012646282266359776,0.0023320766631513834,0.007699175272136927,0.038540322333574295,0.00012535251153167337,0.006577789783477783,2.413111133137136e-07,0.00014225623453967273,0.04070273041725159,0.15708030760288239,2.7782626459832427e-13,0.11006484180688858,0.0010581688256934285,4.964818769371057e-17,3.889456365868682e-06,1.6491171663801651e-06,0.07027635723352432,0.09905096143484116,0.4552275836467743,0.0027512679807841778
window-d634e2365ad7a2b91bd3,431_60964_118808,bench,wineglass,0.6814581155776978,False,1.6283262084471062e-05,0.007700594142079353,0.00020041126117575914,3.838077464024536e-05,8.669142630424176e-07,7.088377240843986e-21,0.011962254531681538,3.786848878917226e-07,0.0424429327249527,0.06936939060688019,2.5298765748971164e-08,0.0005781829822808504,2.803994050282199e-07,0.00024133796978276223,0.0005820534424856305,0.010549728758633137,0.08783602714538574,0.0006113944109529257,4.122327368349943e-07,6.576980922545772e-06,0.0003381944843567908,1.2075295785507478e-07,1.151899368778686e-06,0.05088216811418533,0.03518281877040863,0.6814581155776978
window-0c56ccaf36d15c5aa1d4,431_60964_118808,bench,bench,0.6258791089057922,True,0.005941738374531269,4.582197561830981e-06,0.3370036780834198,0.6258791089057922,0.0029121488332748413,2.4020731150681263e-12,0.0005080740083940327,8.379468567909498e-07,0.0008902171393856406,2.810627847793512e-05,8.854482359994809e-13,0.0004057723272126168,6.712268805131316e-05,4.823264987408038e-08,0.00013732364459428936,0.0016962973168119788,5.802558433742888e-10,2.5815097615122795e-05,7.713534614595119e-06,6.134854402262135e-09,0.022353868931531906,9.82705739005496e-09,0.0003810564521700144,0.0007766144699417055,0.0009766326984390616,3.1796823805052554e-06
window-1b7a25eac0bc3642e73e,431_60964_118808,bench,bench,0.9834184050559998,True,3.181691499776207e-05,0.01519555039703846,0.0002914074866566807,0.9834184050559998,1.2331627274875245e-08,1.2645736613412143e-18,4.850801997235976e-05,1.4989524288466782e-07,2.1869593069823168e-07,1.6110026990645565e-05,8.721742217332462e-10,0.00018788610759656876,2.5396308046765625e-05,9.64081294796415e-08,0.0004979875520803034,4.181117230217524e-09,4.883548854195396e-07,1.65558200482252e-09,3.9781497207513894e-07,2.2855945758237795e-07,3.482477768557146e-05,1.3292134099174291e-05,2.3549426259705797e-05,1.321580214153073e-07,6.0422884416766465e-05,0.0001531516172690317
window-5339d15dbc7a0ea75fdd,431_60964_118808,bench,handbag,0.9704993367195129,False,1.957180639777789e-09,0.01445448212325573,0.0028041647747159004,0.01204746961593628,3.496008460501798e-08,2.754323835238655e-17,3.956534752602714e-12,1.603093835456093e-07,1.1178192949046206e-07,9.735490311868489e-05,1.1238129871138369e-10,0.9704993367195129,1.7280586916967877e-06,3.8400881408051646e-07,5.672271527146222e-06,3.109768442755012e-09,6.647329882980557e-06,1.0852967136099068e-10,1.1668718968849134e-07,5.8029900884548624e-09,7.290689154615393e-07,1.9065380385541175e-08,5.338753084060954e-08,2.9022299941061647e-07,4.291957338864449e-06,7.689883932471275e-05
window-10e17b6833fefea77151,188_20287_35716,book,handbag,0.5457862615585327,False,0.021399356424808502,0.020636843517422676,0.08563711494207382,7.917476978036575e-06,0.2766542136669159,1.5290572719095508e-07,0.0002599923172965646,8.807228005025536e-05,3.9987655327422544e-05,0.004909244831651449,6.297490472206846e-05,0.5457862615585327,0.0027815233916044235,1.002858789433958e-05,8.598581757723878e-07,0.00018844021542463452,4.910574489258579e-07,6.0017791838617995e-06,8.691638504387811e-05,3.3443641189734308e-09,3.45048974850215e-05,1.8018185983237345e-06,0.00048546495963819325,1.2528683328127954e-05,0.023533238098025322,0.017376095056533813
window-d36ae66105fe68faff64,188_20287_35716,book,cup,0.39126232266426086,False,0.0006610139971598983,0.19300076365470886,0.0011170782381668687,2.0730200049001724e-05,0.0021532061509788036,6.401652171916794e-06,0.0008775359019637108,7.0914626121521e-05,3.72414433513768e-05,0.39126232266426086,0.003172012511640787,0.1988205909729004,0.008905908092856407,3.46978322340874e-06,5.756895120612171e-07,9.34143245103769e-05,2.749470695562195e-07,0.008562000468373299,0.014883698895573616,2.4664270625862628e-09,0.10846556723117828,0.0003922319447156042,0.01706846058368683,0.004895980004221201,0.0021396693773567677,0.043388888239860535
window-96176962e0336a09c80d,188_20287_35716,book,apple,0.49246305227279663,False,0.49246305227279663,0.0017274142010137439,0.0013494567247107625,0.00034378672717139125,0.00860384851694107,0.042778901755809784,0.008566256612539291,0.04562044143676758,0.004406311549246311,0.0026071721222251654,0.0010473245056346059,0.0022999977227300406,0.015180599875748158,3.3509427339595277e-06,1.7096359670176753e-06,0.02616114355623722,2.182509888370987e-06,2.607722854008898e-05,0.0009284539264626801,8.132282403039426e-09,0.001491136266849935,0.008638598956167698,0.32739779353141785,0.001002495875582099,0.006176004186272621,0.0011764033697545528
window-f6db40ebbed75a8ade62,188_20287_35716,book,ball,0.7114444971084595,False,0.010859147645533085,0.7114444971084595,0.008756174705922604,1.1171918146146709e-07,0.06374163925647736,3.6480649612258276e-08,0.0011077348608523607,0.004407965112477541,5.691169644705951e-05,0.0005586316692642868,0.0010435812873765826,0.14930173754692078,1.3460338777804282e-05,8.456348723484552e-07,1.069019450739006e-08,0.00033338210778310895,1.1545034928062137e-09,1.9853288790727674e-07,4.122935206396505e-05,7.540472413136712e-11,8.90631270067388e-07,2.0356780497388094e-11,0.0033815368078649044,2.4531749659217894e-05,0.0020209841895848513,0.042904824018478394
window-52ba61a67d45d1eebf39,470_66441_130641,book,microwave,0.45543980598449707,False,0.009024831466376781,0.020442325621843338,0.000788177247159183,0.00010250053310301155,0.03970278799533844,0.00022755131067242473,0.061177533119916916,0.001844258513301611,0.003174364799633622,0.013490728102624416,9.16657972993562e-06,0.00036424878635443747,4.671715032600332e-06,4.724884274764918e-05,0.45543980598449707,0.00234773987904191,9.720151794567755e-09,0.0036085215397179127,0.2022729068994522,3.024930583794827e-10,0.001596336835063994,0.0002610411902423948,0.15065325796604156,0.0006529565434902906,0.000701122626196593,0.032065898180007935
window-075aa0d098cb19eb3c7e,470_66441_130641,book,sandwich,0.35965877771377563,False,0.028348296880722046,0.004376518540084362,0.0003896087873727083,0.014981552958488464,0.005940901581197977,0.0020022178068757057,0.07182773947715759,0.004726202692836523,0.0030754883773624897,0.0352996364235878,0.0011441289680078626,0.04020225629210472,2.596516246455849e-08,0.0006346444133669138,0.17883755266666412,0.010211864486336708,5.070036834808889e-09,0.006949242204427719,0.35965877771377563,2.008199317060644e-06,0.025117281824350357,0.00020762140047736466,0.007308141328394413,0.11036456376314163,0.0870215892791748,0.001372060738503933
window-167088e9bda5a0c105f6,470_66441_130641,book,sandwich,0.7277401685714722,False,0.00040727132000029087,0.004482617601752281,1.6518628399353474e-05,0.0013535305624827743,0.002347065368667245,0.00012734798656310886,0.020965803414583206,0.00031658337684348226,0.0015522426692768931,0.016681872308254242,0.00037523082573898137,0.00016941275680437684,1.800903248749819e-07,2.223346018581651e-05,0.20269037783145905,0.0008239740855060518,9.159977665262886e-09,0.0008323359070345759,0.7277401685714722,7.880814223426569e-07,0.0005846000276505947,8.217179856728762e-05,0.003543307539075613,0.0011192099191248417,0.01344427838921547,0.00032075715716928244
window-7ec4bead3858f43f6cd3,470_66441_130641,book,sandwich,0.47747373580932617,False,0.0071699307300150394,0.020076990127563477,4.6843368181725964e-05,0.004080482758581638,0.005435822997242212,0.00043992686551064253,0.04041040316224098,0.0035073694307357073,0.005171532277017832,0.03285274654626846,3.097761145909317e-05,0.0008720405749045312,6.870560582683538e-07,7.090582948876545e-05,0.37678080797195435,0.003867127699777484,1.0728592769737588e-07,0.0030940514989197254,0.47747373580932617,7.030922120065952e-07,0.0012916962150484324,0.0002701043267734349,0.005950745660811663,0.0030373367480933666,0.006036929786205292,0.0020300839096307755
window-847aa120d83489fcc4be,472_66868_131636,book,frisbee,0.558051347732544,False,1.3255674957690644e-07,0.00019372189126443118,0.0005786904948763549,0.0003430429787840694,0.02121788263320923,1.3952348730029464e-14,0.04826363921165466,0.009927276521921158,3.1217052764986875e-07,5.391611921368167e-07,0.558051347732544,0.00011425946286180988,0.01891539990901947,5.221231185714714e-05,3.3748823625501245e-05,0.06129036098718643,1.7565758753335103e-05,0.014996521174907684,0.001926118042320013,2.341804750116694e-09,4.7876310418359935e-05,1.687936128291767e-05,0.11636175960302353,0.12431634217500687,0.023032300174236298,0.000302083877613768
window-40642f8f6f46cf015f6e,472_66868_131636,book,baseballbat,0.41268080472946167,False,3.9779401959094685e-06,0.00015693483874201775,0.41268080472946167,4.591457036440261e-05,0.06150313466787338,3.6189712204759417e-07,0.0002488687459845096,0.0006613769219256938,0.06377675384283066,0.0031843502074480057,0.08284077048301697,0.002626720815896988,0.00037882575998082757,0.0006100626196712255,0.0054461113177239895,2.8211818062118255e-05,4.026190254080575e-06,0.000859697931446135,0.0482976920902729,6.905091732775648e-13,0.00030794893973506987,1.635435536995189e-10,0.00016224193677771837,0.3096121549606323,0.006338431965559721,0.0002246543299406767
window-0d1570ca00ea8e801bbf,472_66868_131636,book,toytruck,0.7284640669822693,False,3.97309850086458e-06,0.0032839050982147455,0.1505359709262848,0.0011283139465376735,0.005209141876548529,1.0521845547617481e-11,0.00037721512489952147,0.039713289588689804,1.4027108363734442e-06,0.00015403768338728696,0.0630607008934021,6.683212268399075e-05,9.041601151693612e-05,0.00027171807596459985,0.00014402969100046903,5.20383873663377e-05,0.0002054097130894661,0.0007054696325212717,0.0015887441113591194,5.7262724340034765e-08,0.0006576352170668542,8.137429290400178e-07,0.000551950593944639,0.7284640669822693,0.0036599128507077694,7.300468860194087e-05
window-c265734fd0adbb6cbcd9,472_66868_131636,book,frisbee,0.44170618057250977,False,2.615983021314605e-06,0.0019643171690404415,0.002298380946740508,0.005514922551810741,0.0014881985262036324,2.0075304266176097e-14,0.006724582985043526,0.01470206305384636,8.515739864378702e-07,6.368877052409516e-07,0.44170618057250977,0.0002754295419435948,0.0008112915093079209,0.0003637433983385563,7.084657408995554e-05,0.3114582300186157,8.154487659339793e-06,0.03284222260117531,0.0059046754613518715,5.52289984578902e-13,0.0001236692041857168,3.047663085453678e-05,0.10033431649208069,0.05688125267624855,0.016415271908044815,7.775069389026612e-05
window-c5cc9b213e052cc674b7,209_22182_45212,book,ball,0.5134952068328857,False,0.000628474575933069,0.5134952068328857,1.633159286029695e-06,8.118731642525745e-08,0.3548969030380249,2.075522161248955e-06,0.020483996719121933,0.0006578183965757489,0.0002441596589051187,0.00030464056180790067,1.7163514485218911e-06,0.00013092090375721455,3.3993453598668566e-06,1.4131907846604008e-05,0.009770425967872143,0.00015409784100484103,0.00019577512284740806,0.0025135206524282694,0.005216589197516441,1.327859610461557e-11,2.860898348444607e-06,0.016945475712418556,0.00694531062617898,4.2166088860540185e-06,0.0005160102737136185,0.0668705403804779
window-591e4890fd29721b5362,209_22182_45212,book,cake,0.689259946346283,False,0.027100319042801857,0.016052311286330223,4.549566057221455e-08,1.4175309843267314e-05,0.005231824703514576,2.949392396978112e-10,0.689259946346283,0.0009287410648539662,0.08170716464519501,0.0005200353334657848,0.0003810731286648661,0.004173358902335167,0.00013317025150172412,0.0001354831038042903,0.00038505892734974623,0.04694650322198868,5.8041742079240066e-08,0.010372606106102467,0.021492060273885727,2.1625288365578754e-12,0.010189870372414589,0.003906148485839367,0.013790003955364227,0.05140606313943863,0.0033642002381384373,0.012509758584201336
window-37c3924692651fc0ac4f,209_22182_45212,book,toilet,0.6643366813659668,False,0.0036917799152433872,0.16130752861499786,6.408859576367831e-07,0.00016555635374970734,0.001132471370510757,6.70710505801253e-06,0.04877417907118797,0.00022599972726311535,5.805226828670129e-05,0.02534693293273449,3.0101800803095102e-06,3.9228245441336185e-05,7.7961167335161e-06,0.00018039676069747657,0.0027996290009468794,6.31786315352656e-05,4.380182971885915e-08,9.935253183357418e-05,0.004115089774131775,1.4559477213259286e-13,0.0002858384104911238,0.6643366813659668,0.0002416642673779279,4.889509909844492e-06,5.367352059693076e-06,0.08710791915655136
window-a01f7f56f425f4cbda17,209_22182_45212,book,book,0.6809636354446411,True,0.00012621625501196831,0.2277531623840332,4.0435810433336883e-07,1.9920493343761336e-07,0.6809636354446411,7.350874966505216e-07,0.011592233553528786,0.0011212804820388556,0.00034246337600052357,0.0007320105796679854,8.138807970681228e-06,4.846377851208672e-05,4.564423579722643e-05,8.635702215542551e-06,0.008790616877377033,0.0005412832251749933,0.01011631265282631,0.0031015134882181883,0.014011153019964695,9.116930127506251e-11,1.8720891603152268e-05,0.015697823837399483,0.012250041589140892,6.593277248612139e-06,0.0014088600873947144,0.011313807219266891
window-3ea361af8ff3a780a2be,475_67222_131925,book,toytruck,0.9018992185592651,False,0.0032924283295869827,8.22513029561378e-05,0.00028611934976652265,7.520861800003331e-08,1.254795165550604e-06,0.00014346510579343885,0.010126370936632156,0.0013165142154321074,0.0005046575097367167,9.510376548860222e-05,8.758115654927678e-06,3.877310882671736e-05,1.3226526540677241e-09,1.8482024799482133e-08,0.000431013701017946,9.387541467731353e-06,2.436337709652767e-21,8.961589514910884e-07,1.0989391086013711e-07,1.728748611640185e-05,0.08073893189430237,4.547889531636429e-08,0.00015947235806379467,0.9018992185592651,9.88119063549675e-06,0.000838014530017972
window-363f27ab15d63990beff,69_5608_12991,bowl,bowl,0.999864935874939,True,3.688445247007621e-07,1.583700282026257e-09,1.4959829208738284e-10,8.481229607504304e-12,1.361744328409742e-10,0.999864935874939,3.0055474780965596e-05,4.736886083378522e-08,1.8613096131048223e-07,1.5025924767542165e-05,6.793923201797725e-09,5.609077646795413e-08,1.044117362014596e-10,5.791411012978642e-07,4.42724029880992e-07,7.352756625778056e-08,2.6484277287413037e-24,5.325131269273697e-07,7.682919545004552e-08,5.111836226618067e-17,8.39047206682153e-05,3.3754031392163597e-06,1.076402327271353e-07,8.139718232769155e-09,3.402776107760963e-13,2.0169959213944821e-07
window-6c3608dd77375226fa95,69_5608_12991,bowl,bowl,0.9997740387916565,True,7.307069722628512e-07,1.3971583889826888e-09,2.2338954297485003e-10,5.552367593475438e-12,3.8385267187024397e-10,0.9997740387916565,5.742390203522518e-05,3.416958804791648e-08,4.3724227793973114e-07,1.4179376194078941e-05,6.708349431505667e-09,7.204840812846669e-08,2.02346001065834e-10,3.576889469059097e-07,3.3770069762795174e-07,1.1898809049171177e-07,9.945397412922905e-24,1.612778646631341e-06,3.5853776836347606e-08,5.61098182365094e-17,0.00014852215826977044,1.5246897646647994e-06,1.859201432807822e-07,1.3088396144667058e-08,9.81734875685203e-13,2.7572579597290314e-07
window-35168b47cbc04f446d95,69_5608_12991,bowl,bowl,0.9994756579399109,True,1.6373311382267275e-06,1.3512459595688142e-08,4.3090475632112657e-10,5.91961132889729e-11,1.6296199112364462e-10,0.9994756579399109,8.406577399000525e-05,6.548524567051572e-08,1.1572080893529346e-06,2.2257163436734118e-05,3.2844954489519296e-07,1.1013796807901599e-07,4.1017661489561874e-10,1.3343221780814929e-06,8.576020036343834e-07,4.4669863541457744e-07,4.066472653483469e-24,2.836299927366781e-06,7.463715689937089e-08,2.812929250765792e-17,0.0004044769739266485,2.8079114144929918e-06,2.585088623163756e-07,6.212246717041126e-08,2.433816494694374e-13,1.45320234423707e-06
window-50b0fc5c944a45c1601c,69_5608_12991,bowl,bowl,0.9993157386779785,True,2.544956487326999e-06,4.142205867196935e-08,8.040050847313296e-10,1.3332346338046364e-10,4.284691212941283e-10,0.9993157386779785,0.00013915731688030064,3.1336605843534926e-07,2.800239826683537e-06,6.326795846689492e-05,1.7692541121050454e-07,7.84885401117208e-08,1.0854126486492532e-09,5.0321518756391015e-06,5.012805559090339e-06,3.3411612321287976e-07,4.291187570944726e-24,9.949753803084604e-07,6.375079237841419e-07,3.0661874697833976e-17,0.0004516581539064646,9.551203220325988e-06,9.908998208629782e-07,9.255816024733576e-08,1.107260008507971e-12,1.541781557534705e-06
window-b2131a7fed14feb6032b,70_5949_13766,bowl,bowl,0.9999856948852539,True,5.464379171371547e-08,4.5201301035469044e-10,1.1418991837167103e-12,5.601048596280689e-13,1.0232454467073993e-10,0.9999856948852539,9.834250704443548e-06,1.995889453709765e-09,1.0947346140710579e-08,3.9990473510442825e-07,4.881665904843402e-11,2.719511504878369e-09,8.567806024113028e-14,4.3477150768467254e-09,8.972586229560875e-09,8.548138308306363e-10,5.398201601267709e-24,1.3822914368688544e-08,6.792696183310909e-09,3.752024256910917e-18,3.588015033528791e-06,3.5537715348255006e-07,1.547481143227003e-09,2.321990906842264e-12,1.2709537198715704e-12,3.3871214721870047e-09
window-3ede63420dc2207a4782,70_5949_13766,bowl,bowl,0.999954342842102,True,1.76017692865571e-06,3.296517503414975e-09,7.044017279189685e-12,2.5985409570633555e-12,1.1136750410756235e-09,0.999954342842102,2.9817281756550074e-05,5.2001163375337e-09,3.165228790180663e-08,9.155125439974654e-07,3.5088285055273616e-10,2.9925057987156833e-08,3.805833889681219e-14,9.731174976934653e-09,2.594188153182131e-08,9.199296435724591e-09,6.540399695710544e-23,3.6401920056050585e-07,5.791066737259598e-09,2.88551368777283e-17,1.2446416803868487e-05,2.5140892034869466e-07,1.421812356738883e-08,4.4066656573749086e-11,1.9370846073007986e-12,2.7246350953191723e-08
window-1bacce2666bb74bc0c4f,70_5949_13766,bowl,bowl,0.9999032020568848,True,1.4375059436133597e-06,1.476656308341262e-08,2.553180540251776e-12,7.500894870504649e-12,2.0709184367362354e-10,0.9999032020568848,5.756456812378019e-05,1.1336847904885872e-08,4.452796886766919e-08,1.3111565522194724e-06,8.304801846215071e-10,2.5010487902932255e-08,9.402821267911685e-14,3.416572624814762e-08,2.983655988941791e-08,1.63616888926299e-08,2.8056024265358917e-23,1.4460520958436973e-07,9.413414048253799e-09,1.0906713039020979e-17,3.576505696401e-05,3.3566902857273817e-07,8.654990502066084e-09,2.1219170517894348e-11,1.7317946122280548e-12,2.884509875400454e-08
window-3fb3a5a51e72a6c85270,70_5949_13766,bowl,bowl,0.9999624490737915,True,4.839676535084436e-07,1.8438754967320392e-09,2.782590781055805e-12,4.129127595398074e-12,3.2456326515273304e-10,0.9999624490737915,3.022478449565824e-05,4.723892388369677e-09,3.0637181680504e-08,2.044560233116499e-06,1.5336663883314117e-10,9.960219315985341e-09,8.343084252973587e-13,1.0449261367284635e-07,2.7215147468950818e-08,1.6572777594703325e-09,6.271371621303764e-23,4.5660843994710376e-08,1.3336307169709016e-08,1.7287532999057056e-18,4.2195129026367795e-06,2.1408575889836357e-07,7.499663112753296e-09,6.2928785446447755e-12,1.0693604205261331e-12,8.81491146742519e-09
window-0d1afb1f0e342af75818,70_6057_13880,bowl,bowl,0.9999076128005981,True,4.7549144710501423e-07,1.294518714445303e-09,2.4893434535933068e-11,6.1005844473327464e-12,5.035006300779798e-10,0.9999076128005981,6.186284736031666e-05,6.887109993414242e-09,7.80148781132084e-08,5.723700269300025e-06,8.057866041077943e-10,2.2121126264096347e-08,5.909056230435361e-12,1.5218491000723589e-07,2.0491494012730982e-07,1.2091543766246104e-08,6.661457659137036e-23,2.536147860610072e-07,5.3705893066080534e-08,1.3255303791185639e-17,2.205958116974216e-05,1.5293003343685996e-06,2.8143887220721808e-08,1.0026354052561359e-10,6.045402026200186e-12,2.265193543848909e-08
window-16e3fa32643f0bbe5de6,70_6057_13880,bowl,bowl,0.9989637136459351,True,5.889651674806373e-06,5.547399872796177e-09,9.939682410475825e-10,2.495408740754712e-11,2.6194680202706877e-08,0.9989637136459351,0.0008301103953272104,4.9187498518676875e-08,9.72701627688366e-07,4.1379105823580176e-05,4.8883972425528555e-09,3.642389287961123e-07,1.2745428323857055e-10,1.6825139255161048e-06,2.1581770397460787e-06,1.75570107785461e-07,9.358275548376e-21,1.2102772416255902e-05,7.136404747143388e-07,1.8052695414311676e-16,0.00012430311471689492,1.4537599781760946e-05,1.277503656638146e-06,3.8952001624181776e-09,5.038530703771471e-10,5.586671818491595e-07
window-4c4224310a1ec9bc77e2,70_6057_13880,bowl,bowl,0.9996607303619385,True,2.9732166240137303e-06,2.730106141157762e-09,1.2678622041129017e-10,1.6015019171922162e-11,3.6166583061714164e-09,0.9996607303619385,0.00022639802773483098,5.82725467879186e-09,2.334330986286659e-07,1.4007075151312165e-05,6.213808578792168e-09,2.4719511770854297e-07,1.68996223265383e-11,3.4306813745388354e-07,5.529228133127617e-07,1.213731195548462e-07,2.682426971113169e-21,8.272068043879699e-06,9.289596647477083e-08,7.005505766019389e-17,8.307037933263928e-05,2.661003918547067e-06,2.1371216973875562e-07,2.1445123454810755e-09,3.5487120186861176e-11,1.2041090258207987e-07
window-36a1a8a79a25cce0e77c,70_6057_13880,bowl,bowl,0.9988202452659607,True,7.703755727561656e-06,1.010354822028603e-08,6.82139456031905e-10,8.40397126888881e-11,4.0560781400245105e-09,0.9988202452659607,0.0005252821720205247,4.066048830964064e-08,1.38738437271968e-06,0.00010843082418432459,5.391244428665232e-08,7.601963716297178e-07,1.4005991921806071e-09,8.191296728909947e-06,5.414704901340883e-06,4.454615805116191e-07,1.6256124579036112e-21,1.3961717741040047e-05,5.773905513706268e-07,1.0551087745041364e-16,0.0004969324800185859,8.727842214284465e-06,1.113761868509755e-06,1.8198443640926598e-08,2.444109498123126e-11,6.209787102307018e-07
window-9180d574aa34868e0852,70_6228_14105,bowl,bowl,0.999785840511322,True,1.2064813290635357e-06,2.4395785391817526e-09,8.815229796121926e-11,2.9078522575942678e-11,1.3642628138299528e-09,0.999785840511322,0.00013833973207511008,2.5120517221921546e-08,3.297914759059495e-07,1.9520595742505975e-05,3.1684384005359334e-09,5.613128806203349e-08,9.551371499272321e-11,8.271907745438511e-07,6.096786933085241e-07,2.795882636519309e-08,2.272855437832213e-22,7.784222475493152e-07,1.9938833872856776e-07,1.697535685567689e-16,4.922438893117942e-05,2.7405612854636274e-06,1.991234483966764e-07,7.539234792020011e-10,9.121072820639231e-12,1.1840707969668074e-07
window-400e3c41f04bf41df69e,70_6228_14105,bowl,bowl,0.9999281167984009,True,6.43992166260432e-07,2.577585089813539e-10,1.6839332012130726e-11,2.778687219553988e-12,1.1442443659248624e-09,0.9999281167984009,5.96180725551676e-05,2.1822306184304807e-09,3.3919320685527055e-08,2.049014483418432e-06,2.0568888259298035e-10,4.1005208117894654e-08,3.0708844755283904e-12,7.855940964418551e-08,3.087770750198615e-08,6.520544104660075e-09,3.025231841731115e-22,4.94344476464903e-07,1.0506612468930143e-08,1.8085423973300194e-17,8.805036486592144e-06,1.2941318061621132e-07,1.895091905623758e-08,8.636167475595258e-11,3.900724795252719e-12,1.4763325673072814e-08
window-2c5d5e70bdb2fd605b67,70_6228_14105,bowl,bowl,0.9983807802200317,True,7.3761120802373625e-06,3.7349474624193135e-09,3.6223538057988947e-10,4.531158434573079e-11,4.438685863306091e-09,0.9983807802200317,0.0011871581664308906,4.004830600479181e-08,4.5463173137250124e-07,5.885622522328049e-05,1.896252754818306e-08,1.4641120742453495e-06,2.694786893631118e-10,4.38809729530476e-06,5.221682499723102e-07,3.204556549007975e-07,2.7378712962192715e-21,2.0804814994335175e-05,2.3890603984000336e-07,1.190455176529166e-16,0.0003362097486387938,4.6186821123228583e-07,4.078332835888432e-07,7.744048069469045e-09,2.3975004273535383e-11,5.244329486231436e-07
window-1160c2e48f7b1eda9194,70_6228_14105,bowl,bowl,0.9985995888710022,True,4.8414467528345995e-06,1.633337731732354e-08,6.822437614850685e-10,6.796665313890671e-11,2.2887733930332388e-09,0.9985995888710022,0.0007139779627323151,1.7704515187233483e-07,2.307220938746468e-06,9.97696042759344e-05,5.695637739222548e-08,3.441985825247684e-07,1.6204654285090214e-09,8.740606972423848e-06,2.170006155211013e-06,2.6754926807370794e-07,3.312689473932286e-22,3.0963722110755043e-06,9.366374911223829e-07,6.651089313786958e-17,0.0005507222376763821,1.1591708243940957e-05,7.600370963700698e-07,1.2913767832856138e-08,1.0864349350714342e-11,6.39290078652266e-07
window-352543d2caecf6371a46,70_5747_13382,bowl,carrot,0.8333995938301086,False,2.3367601897916757e-06,0.1577359437942505,6.811466164435842e-07,2.0325907826190814e-05,4.0733953937888145e-05,1.8737798161363615e-15,3.906690835719928e-05,0.8333995938301086,0.00013589733862318099,3.574510628823191e-05,0.00016359223809558898,4.1729002198120924e-11,2.7650546741142534e-08,1.5734326552774291e-06,0.0002794419415295124,0.0004285313771106303,4.159794642077941e-08,5.948339598660368e-09,6.439520802814513e-05,1.8095517306804254e-09,1.3718377886107191e-05,1.4375364232321886e-09,0.004456639755517244,8.427180546277668e-06,0.0025496843736618757,0.0006235861219465733
window-fc526efaf069b243a8db,70_5747_13382,bowl,carrot,0.7026437520980835,False,5.947748036305711e-07,0.23823916912078857,4.133700713282451e-06,3.841499346890487e-05,0.00044743603211827576,1.0294481239681019e-10,3.568453394109383e-05,0.7026437520980835,0.005399886518716812,6.769041647203267e-05,0.00011342229845467955,1.1685868939181887e-09,9.979918758062922e-08,5.088014222565107e-05,0.0022252979688346386,0.00045492136268876493,3.009528626307656e-08,2.3661912962325005e-07,1.834151589719113e-05,2.0387642962749197e-10,2.1440051568788476e-05,1.9851526672498565e-11,0.0008688158122822642,3.884911620843923e-06,0.049308642745018005,5.719135151593946e-05
window-3ba9e6de2ef06725900e,70_5747_13382,bowl,carrot,0.8619192242622375,False,6.912715093676525e-07,0.12556473910808563,1.8837986317521427e-06,5.327880899130832e-06,0.0011909869499504566,4.037685550489778e-12,6.167111860122532e-05,0.8619192242622375,0.003160186344757676,1.117770625569392e-05,0.0001594687346369028,1.3456123715283042e-10,3.71754858008444e-08,7.4110748755629174e-06,0.0009918122086673975,0.00011169625213369727,1.5474423520345226e-08,3.5965115330327535e-08,4.24736845161533e-06,2.364224815920579e-09,1.4153992196952458e-05,6.839212529641259e-11,0.00048246150254271924,2.244209781565587e-06,0.006282506976276636,2.8047204978065565e-05
window-aca96965e0f096c6e43c,70_5747_13382,bowl,carrot,0.9939334988594055,False,7.27105344822121e-08,0.0033215139992535114,3.365870497873402e-07,7.918407618490164e-08,0.001185727072879672,4.2676690962267934e-16,9.830279850575607e-06,0.9939334988594055,0.0001209706169902347,3.5295659017720027e-07,3.675937477964908e-05,1.4643557633836624e-12,1.2522259895675347e-09,3.422641370320889e-08,0.000408486754167825,1.1377600458217785e-05,2.0417595392174803e-10,3.5486708016563284e-10,8.33223850804643e-07,3.1547242596019487e-10,9.506091487310186e-07,2.22801031096731e-11,0.0004056098696310073,1.723612513160333e-06,0.0005567610496655107,4.9562108870304655e-06
window-131e408008abb6098b3c,391_46871_93579,cake,cake,0.9998800754547119,True,7.814239921799526e-09,4.426924604672422e-08,2.4398363329680706e-09,2.1522285464925517e-07,4.9614151898186645e-14,2.2195571484768754e-31,0.9998800754547119,0.00011833905591629446,5.875201367078198e-12,1.0995048187883993e-12,1.2262022153208818e-07,3.3813173615226955e-12,3.755688537943058e-10,1.978333295793444e-12,7.4089507862140636e-09,1.827616732269239e-14,1.14764914151827e-13,7.758707010196986e-10,1.1634148755490514e-08,4.614587112428126e-08,1.459261600444961e-10,1.8685484612447801e-16,3.4328725972976315e-10,7.938758130876522e-07,3.176600649190675e-11,3.310307477022434e-07
window-c7055c160f9acdc28400,391_46871_93579,cake,cake,0.9967859983444214,True,6.3471902649325784e-06,4.503454874793533e-06,8.55814676015143e-07,8.145939318637829e-07,1.0959086069184387e-11,1.6923071701411775e-23,0.9967859983444214,0.0029160899575799704,8.364382519943092e-10,4.17321910362034e-09,2.9657794584636576e-05,1.5591503643719307e-09,3.3610478289425316e-10,8.043442023542013e-10,1.7608456914786075e-08,4.9659869966189873e-11,8.7577262108951e-10,2.747626848265128e-10,2.1007011241636064e-07,0.00024252396542578936,5.083660994387174e-07,7.100928460686273e-13,1.5923261571515468e-06,9.784981557459105e-06,5.549916970437607e-09,1.0241627705909195e-06
window-7434fa4898152e25c039,391_46871_93579,cake,cake,0.9995255470275879,True,2.277354496982298e-06,2.882632941236807e-07,4.5822000060979917e-07,1.0324748700440978e-06,5.832937214830802e-13,1.1795681867943642e-22,0.9995255470275879,0.00025391217786818743,3.192583697408935e-10,5.287195681269452e-10,0.0001333930849796161,8.212184710032489e-09,1.714506092653778e-09,3.0597782640917615e-10,4.878598858226724e-08,6.254195078492231e-11,3.9948613861362503e-10,2.9113889965515227e-08,1.9460259181869333e-07,5.133544254931621e-05,6.403834618140536e-07,1.4179594998164902e-11,9.327811767434468e-07,2.7117845093016513e-05,2.1646329173563572e-09,2.733502924456843e-06
window-b0a860b31dcd79667b25,391_46871_93579,cake,cake,0.9604840278625488,True,0.0005637311260215938,5.719487671740353e-05,3.53018258465454e-05,2.5264591386076063e-05,3.7107228401112025e-09,5.7447626333383e-19,0.9604840278625488,0.019283181056380272,2.02030090434846e-08,1.3463760240028932e-07,0.017474764958024025,1.202422254209523e-06,6.179885758683668e-08,1.562613078931463e-07,1.690861950010003e-06,1.8444726634925246e-08,6.381065897897997e-09,1.1964232271566289e-07,2.409023181826342e-06,0.0009364340221509337,0.0003466519701760262,1.7455406564614862e-10,0.00018961586465593427,0.0005873054033145308,4.982439918421733e-07,1.024115590553265e-05
window-65899bca80870d8f3e48,42_2008_6247,cake,cake,0.88679039478302,True,0.008148039691150188,7.07947947375942e-07,0.0001572157343616709,6.489780446372606e-08,8.5555984696839e-05,0.00043484027264639735,0.88679039478302,0.0003489733790047467,0.0016916089225560427,0.029512440785765648,1.472831081628101e-05,0.0021178170572966337,3.9027425373205915e-05,0.05071131885051727,0.0006151020061224699,0.00016543503443244845,9.696854355990912e-16,0.004889301955699921,0.0006770569598302245,3.090963899762822e-13,0.004766619298607111,6.91158784320578e-05,0.007212721277028322,0.00013362120080273598,1.1962977168877842e-06,0.0014170969370752573
window-41ff688cde1003d036ba,42_2008_6247,cake,cake,0.8697745203971863,True,0.0123910466209054,8.083125067059882e-07,0.00010423903586342931,1.4200557529875368e-07,0.00011492853809613734,0.000612368225120008,0.8697745203971863,0.0001952654420165345,0.0021783362608402967,0.0357770137488842,9.902673809847329e-06,0.0013943876838311553,1.9716331735253334e-05,0.024497952312231064,0.0007988340803422034,0.00019453626009635627,1.3294439393413972e-15,0.016567779704928398,0.0004303673922549933,1.3602489360581282e-12,0.012221939861774445,1.6499145203852095e-05,0.02030661143362522,0.0001584728597663343,2.4385378765146015e-06,0.0022318619303405285
window-83f98551e49926f9fe9a,42_2008_6247,cake,cake,0.8186308741569519,True,0.017252644523978233,1.270655843654822e-06,0.00022701283160131425,1.5821900944956724e-07,5.106695243739523e-05,0.000688450294546783,0.8186308741569519,0.00033775719930417836,0.0031757946126163006,0.06054691970348358,1.0733921953942627e-05,0.0026444634422659874,1.3751511687587481e-05,0.027684615924954414,0.0009720174130052328,0.00035206438042223454,4.416772041234172e-16,0.022663835436105728,0.0006987101514823735,1.1568258287061872e-12,0.025992708280682564,3.6411427572602406e-05,0.014992860145866871,0.00020181179570499808,1.066314894160314e-06,0.002823026617988944
window-6b2c0437c6b5231758a3,42_2008_6247,cake,cake,0.8616039752960205,True,0.005419571418315172,4.7506108558081905e-07,1.6391701137763448e-05,4.024317235007402e-08,1.6884247088455595e-05,0.019804930314421654,0.8616039752960205,0.00014426383131649345,0.0017997751710936427,0.050649043172597885,8.789800631348044e-06,0.001450174837373197,1.2826080819650088e-05,0.024318095296621323,0.0004284517781343311,0.00012931677338201553,2.9628246347999964e-17,0.006494833156466484,0.0006772871711291373,2.618926126310428e-13,0.02450994774699211,4.41720403614454e-05,0.0019493402214720845,5.1819260988850147e-05,1.0883277212769826e-07,0.00046955066500231624
window-6477aab26f2117ae3626,620_101209_202956,cake,book,0.6801744103431702,False,1.6648121683310313e-12,5.047532392055132e-10,1.3118125025357585e-05,0.00408560037612915,0.6801744103431702,8.592458709972865e-34,0.20066064596176147,7.176225335570052e-05,0.0015742795076221228,0.0008412968600168824,2.1808530187902159e-13,1.4215642352155555e-07,2.893087325261945e-09,5.2856644288112875e-06,4.043287926691619e-09,0.024671407416462898,4.1577984689559317e-20,7.227008921861788e-12,0.08631911873817444,1.6427426885456953e-07,5.778451850346755e-07,7.270758024509674e-15,0.0001418086321791634,2.9103495169380267e-09,0.0014403171371668577,2.418071964882529e-09
window-c12b3dc895267b9a3540,620_101209_202956,cake,book,0.6590622663497925,False,1.0267596506092352e-13,2.1387410939488483e-11,2.2882813937030733e-06,0.058120910078287125,0.6590622663497925,1.3939856145277284e-36,0.26775071024894714,4.70108261652058e-06,0.0018223905935883522,0.0005136551917530596,1.806537642397436e-17,6.214554559846874e-08,4.5017267691349616e-11,1.1171561709488742e-05,1.5252670237941857e-09,0.004340582527220249,2.06126416387099e-19,2.3415598344837807e-13,0.008100413717329502,4.1191600530510186e-07,7.985923389242089e-07,1.6419945440761426e-16,3.090683094342239e-05,8.763471726069838e-09,0.00023862118541728705,1.535778310080005e-10
window-b42840ab6854b90f1989,620_101209_202956,cake,cake,0.47908341884613037,True,1.2443004526047075e-12,4.6075230436537495e-11,1.41595028253505e-05,0.09530393034219742,0.401984840631485,5.525617825906518e-35,0.47908341884613037,9.012966620502993e-05,0.008810373023152351,0.0034631022717803717,3.663071404506557e-17,1.0223543540632818e-06,1.4401819736775678e-09,0.00027348523144610226,6.3492198165704394e-09,0.005545023363083601,1.5116129090389777e-18,9.651189569748198e-12,0.004530799109488726,4.986410658602836e-06,1.4565292076440528e-05,7.67391786119458e-16,3.3430420444346964e-05,2.7186152351532655e-07,0.000846425537019968,2.8357149961522055e-09
window-0339a7c66bebf6d0df78,620_101209_202956,cake,cake,0.5687204003334045,True,6.200848211637688e-13,4.938408362797908e-11,5.876265731785679e-06,0.06668122112751007,0.3201156556606293,3.941730880176681e-36,0.5687204003334045,1.1317210010020062e-05,0.020264575257897377,0.0003066784411203116,4.66753998338685e-17,6.162333221482186e-08,8.092272962834102e-10,2.1587115043075755e-05,1.5516818052674353e-08,0.018816187977790833,2.725959233007783e-18,6.594781578467268e-12,0.004672445356845856,2.2457132217823528e-05,1.4502504654956283e-06,6.952071618984137e-16,2.3026945200399496e-05,1.5350176241213376e-08,0.000337046425556764,6.921014317207153e-10
window-c97961b2cf827900ccf1,385_45669_91341,carrot,carrot,0.6229495406150818,True,0.00023201160365715623,4.7915682443999685e-06,2.6752177291200496e-05,4.89716285301256e-06,8.525918104851371e-08,3.849281068578937e-27,0.22629189491271973,0.6229495406150818,3.474776531220414e-05,0.0004419857286848128,2.3213631720864214e-05,2.45877873616962e-09,1.4474625459115487e-05,5.7667932651384035e-09,2.1798298277531103e-08,1.042241592585924e-06,0.00015636307944077998,4.134427217650227e-05,0.03545708954334259,0.0019177758367732167,2.142695166185149e-06,3.294255520813749e-06,0.04300687834620476,0.06257723271846771,3.100895628449507e-05,0.0067813461646437645
window-6301941785c5831fa008,385_45669_91341,carrot,cake,0.5471157431602478,False,7.985006959643215e-05,2.5873310733004473e-05,1.4142098052616348e-06,9.698611393105239e-05,4.27168424721458e-06,1.308062636414591e-32,0.5471157431602478,0.3005495071411133,0.0009557581506669521,0.0012027790071442723,0.00676207197830081,5.1081718716039504e-11,0.004529074765741825,5.6548836724346074e-09,3.153976138037251e-07,7.739135617157444e-05,0.0006782739073969424,1.5205964700726327e-06,0.0499165914952755,0.0006650192080996931,3.0568713782486157e-07,1.4898795530626785e-09,0.02800857648253441,0.05716977268457413,8.535428787581623e-05,0.002073504263535142
window-97de4a40ab3b239b56b8,385_45669_91341,carrot,carrot,0.8767074942588806,True,0.03356946259737015,0.00038553905324079096,2.1283862849941215e-07,4.159233867540024e-05,7.419246994544437e-09,6.384729552877439e-26,0.00618410762399435,0.8767074942588806,1.05866283774958e-05,0.00014671208919025958,1.1083184290328063e-05,1.8275702728942633e-08,1.820888201109483e-06,8.446925647831449e-08,4.486059879127424e-08,3.877778726746328e-05,0.011474784463644028,1.304212560171436e-06,0.014433888718485832,0.0001689433556748554,5.1220718887634575e-05,1.428066025255248e-05,0.04243660718202591,0.011346247978508472,5.176563263376011e-06,0.0029700477607548237
window-b483f1cbae1b9a4c04b1,385_45669_91341,carrot,cake,0.8755929470062256,False,2.4538383513572626e-05,1.609459832252469e-05,6.602136181754759e-06,1.6316134576754848e-07,2.8646551797351094e-09,3.400167025019026e-29,0.8755929470062256,0.09084811806678772,4.44874785898719e-06,0.000501028320286423,7.586481842736248e-07,6.71436864441155e-11,1.2167971362941898e-05,3.2566452312643435e-10,1.0222589885700017e-08,1.524937509600477e-08,1.768242691468913e-05,1.8126040401966748e-07,0.004180204588919878,0.020156756043434143,9.613093432392361e-09,5.394154527493811e-07,0.004412257112562656,0.0034313718788325787,8.613219688413665e-05,0.0007078740745782852
window-68980e05bc83dcb70fcc,398_50466_99066,carrot,teddybear,0.2506965696811676,False,0.15764352679252625,0.09868151694536209,0.0981491282582283,0.004631159361451864,0.0003448262868914753,3.6469558835960925e-05,0.010935837402939796,0.07247855514287949,0.0003038638678845018,0.008056867867708206,0.03154188394546509,0.023939412087202072,0.00027917404077015817,0.18853333592414856,9.312498150393367e-05,0.010212433524429798,4.2733788063742395e-07,0.00018699989595916122,0.017895793542265892,1.0954751550329433e-09,0.2506965696811676,0.0018728359136730433,0.007429282180964947,0.010471133515238762,0.0019518850604072213,0.0036339019425213337
window-c5ed78970ef5e649c7ac,398_50466_99066,carrot,carrot,0.7789338827133179,True,0.002860879059880972,0.03886736184358597,0.0107869952917099,0.0017118927789852023,0.0014821733348071575,9.77147210505791e-05,0.004231388680636883,0.7789338827133179,3.579705298761837e-05,0.002159079536795616,0.018885908648371696,0.0513419508934021,0.00045880506513640285,0.0008854184416122735,0.0009995599975809455,0.006039822939783335,2.230206155218184e-05,0.0009360197582282126,0.005647479556500912,6.958402565260258e-08,0.029597917571663857,0.032991133630275726,0.0008629838703200221,0.0008135158568620682,0.009168761782348156,0.00018116350111085922
window-b7e1bd686be31479a92d,398_50466_99066,carrot,teddybear,0.33070725202560425,False,0.100721575319767,0.03508232161402702,0.044520922005176544,0.001588301733136177,0.0004514706670306623,6.85601071381825e-06,0.013346148654818535,0.12623903155326843,0.00029911359888501465,0.003685430623590946,0.034269917756319046,0.01200691144913435,0.0003922317991964519,0.24616117775440216,0.0001233005605172366,0.006133547984063625,1.0845715223695152e-06,0.00013051737914793193,0.01668437197804451,1.2670018367799685e-09,0.33070725202560425,0.0014922386035323143,0.003646730910986662,0.01651373691856861,0.0026389157865196466,0.003156944178044796
window-ba9c592c496783f86657,398_50466_99066,carrot,carrot,0.386496365070343,True,0.01652863621711731,0.031896792352199554,0.09720614552497864,0.005552224814891815,0.0069106328301131725,6.800307892262936e-05,0.05069100484251976,0.386496365070343,5.714966027881019e-05,0.009890858083963394,0.11902720481157303,0.03529655188322067,0.002509179525077343,0.010917766951024532,0.0019186805002391338,0.02832571044564247,5.553882147069089e-05,0.002071642316877842,0.007181273307651281,1.5352931370671286e-08,0.10826780647039413,0.02409696951508522,0.017696788534522057,0.012579084374010563,0.01596914790570736,0.008788863196969032
window-f8b7cb1b9ed754290774,399_51327_100768,carrot,carrot,0.42352983355522156,True,0.0011380537180230021,0.016995612531900406,0.024460872635245323,0.0007707866607233882,7.325179467443377e-05,1.679122397035826e-05,0.00010825324716279283,0.42352983355522156,4.017646801912633e-07,0.0005503937718458474,0.008830615319311619,0.00031208762084133923,1.2119342329697247e-07,0.029731515794992447,2.7466105620987946e-06,0.0001857036113506183,5.722836817767529e-07,4.547866865323158e-06,0.401463121175766,3.151314251865697e-14,0.08686456084251404,1.261726695345189e-10,0.0011767734540626407,0.003469252958893776,8.022969996090978e-05,0.00023395805328618735
window-37ba31d04aae19968210,399_51327_100768,carrot,toytruck,0.9722071886062622,False,5.215346027398482e-05,1.6268520752760196e-08,5.357559712138027e-05,0.017039943486452103,1.7405038761353353e-06,3.6268499054720182e-12,2.0094643332413398e-05,0.00017366076644975692,2.6082882520483963e-09,4.972022438209933e-08,0.0005488655297085643,7.214408270783679e-08,1.7078500036404876e-07,0.0012691156007349491,3.0973171760706464e-06,7.335234641914212e-08,1.2113081906603689e-14,1.1785562037402997e-07,0.007320448290556669,1.5139151325789524e-13,0.0011934591457247734,1.7987191597290675e-11,7.717005064478144e-05,0.9722071886062622,3.500376260490157e-05,4.054839791933773e-06
window-c2675a9f4741d8faaf36,399_51327_100768,carrot,carrot,0.7274349927902222,True,0.060015719383955,0.12970685958862305,0.004985812585800886,0.0036834983620792627,0.000164486700668931,3.1052644771989435e-05,0.0005234440322965384,0.7274349927902222,5.908529783482663e-05,0.0030789829324930906,0.000512628466822207,0.00017713414854370058,0.00010440932965138927,0.023074712604284286,8.693893323652446e-05,0.0002575591206550598,0.0005136688705533743,0.001244226237758994,0.003372723236680031,9.321867651124194e-07,0.03326566517353058,0.00016326690092682838,0.0010425695218145847,0.00024999910965561867,0.0007046592072583735,0.005544968880712986
window-03bfe5fdaa7687bdfac2,399_51327_100768,carrot,carrot,0.6977594494819641,True,0.042569566518068314,0.17095324397087097,0.002046923851594329,0.004123291466385126,0.00027250274433754385,6.26558448857395e-06,0.0008096068631857634,0.6977594494819641,0.00013778911670669913,0.0012391333002597094,0.0004689022316597402,0.00011843924585264176,8.304751827381551e-05,0.030785635113716125,6.589138502022251e-05,0.00024571779067628086,0.0005686625954695046,0.000720457814168185,0.01659928821027279,6.8545118665497284e-06,0.028315357863903046,6.293105252552778e-05,0.00019848597003147006,0.00016855874855536968,0.0007969692233018577,0.0008770691929385066
window-5c9d1f816dfbc3e92447,477_67631_132226,carrot,apple,0.8788959383964539,False,0.8788959383964539,0.00016631877224426717,0.02066904865205288,1.3220646621903143e-07,7.574683991151687e-07,6.511766681427389e-10,0.00148262910079211,0.00031784403836354613,0.0002293301949976012,1.517852865617897e-06,0.03380391001701355,2.6097529470803238e-08,0.004581113811582327,8.638630255575208e-09,8.975364949037612e-07,0.0012278961949050426,4.427768818260347e-09,0.00020059272355865687,0.00022702381829731166,2.3170210194933816e-09,0.054205771535634995,1.4038548215467017e-05,0.00014860484225209802,0.0008450006134808064,0.0029781432822346687,3.3601575069042156e-06
window-91b9114ba2aa07bb5c2e,477_67631_132226,carrot,apple,0.39917322993278503,False,0.39917322993278503,0.009385637938976288,0.017089586704969406,0.008177624084055424,5.317892282619141e-05,4.0705508581595495e-05,0.0010250002378597856,0.020250476896762848,0.0004847531672567129,0.0013263667933642864,0.0015774716157466173,1.785825952538289e-05,0.2887345850467682,0.18953996896743774,6.976844451855868e-05,0.007001390215009451,0.00023649586364626884,0.00014051083417143673,0.008126658387482166,0.00010545756958890706,0.003052195766940713,1.6832676408284897e-07,0.00021715060574933887,0.0011935547227039933,0.04258890077471733,0.00039118004497140646
window-0ad2e10fdd82e64e2bd6,477_67631_132226,carrot,apple,0.6979554295539856,False,0.6979554295539856,0.0002653913979884237,0.027550766244530678,5.7201337767764926e-05,1.8130381249648053e-06,4.27748290121599e-07,8.611458179075271e-05,0.0001862355857156217,0.0008065616711974144,4.102453385712579e-05,0.00027086472255177796,1.5319473334329814e-07,0.04436144605278969,0.00040427682688459754,8.710528476285617e-08,0.00018674191960599273,1.9831293229799485e-06,1.2345441291472525e-06,3.038760223716963e-05,1.976637804546044e-06,0.22628921270370483,9.990609441956622e-07,3.324103090562858e-05,0.0013228851603344083,0.00014174016541801393,1.7487856212028419e-06
window-6cd3b617d543d78d327d,477_67631_132226,carrot,baseballbat,0.5884099006652832,False,0.04879869893193245,0.003965548239648342,0.5884099006652832,7.890728852544271e-07,7.447274583682884e-07,7.934469192782956e-10,0.014065713621675968,0.0004419542965479195,0.00046378516708500683,0.0003184580127708614,1.0653820936568081e-06,1.7335829438636097e-09,1.3921524441684596e-05,1.900538904919813e-06,2.503213352156308e-07,0.00019837066065520048,1.8160916681608796e-07,3.326864089103765e-06,5.20743469678564e-06,2.553690308104706e-07,0.33599796891212463,0.0002549277851358056,0.0008342171786352992,0.0003712146426551044,0.0001361230097245425,0.005715532694011927
window-8e0aadd1a161da786a18,506_73066_142318,carrot,umbrella,0.7063543796539307,False,0.0010241433046758175,0.005624148994684219,0.000991780194453895,0.00014077223022468388,0.03304438665509224,9.793182471184991e-06,0.008195944130420685,0.013475221581757069,0.06564485281705856,0.015590394847095013,4.02748046326451e-05,0.00211161095649004,0.004130398388952017,0.012381025590002537,0.1286025196313858,9.484680776949972e-05,1.7450237237426336e-06,0.0011896794894710183,2.0897205104120076e-05,6.186560494825244e-05,3.0018396500963718e-05,4.898736971625794e-10,0.0007678932161070406,0.00045388564467430115,0.7063543796539307,1.7565016605658457e-05
window-224f2d7291c7a504adc0,506_73066_142318,carrot,umbrella,0.3952304422855377,False,0.002321008127182722,0.05241391062736511,0.00035088430740870535,0.006696364376693964,0.008225230500102043,0.020676318556070328,0.12165261059999466,0.05404065176844597,0.028930839151144028,0.07363924384117126,0.003102131187915802,0.009978227317333221,0.017743347212672234,0.0289447158575058,0.13710303604602814,0.006762675475329161,0.00010948729322990403,0.00842897780239582,0.008770517073571682,0.0020233653485774994,0.005342028569430113,6.063161708880216e-05,0.0049836887046694756,0.0018142329063266516,0.3952304422855377,0.0006554319406859577
window-92d6f1d2cae9b7eec02d,506_73066_142318,carrot,microwave,0.4699242413043976,False,0.0009902704041451216,0.0064201015047729015,0.00023014772159513086,0.003930522128939629,0.011814354918897152,1.547181568639644e-06,0.004818999208509922,0.01848657615482807,0.014777673408389091,0.03340207040309906,6.930638483026996e-05,0.003924933262169361,0.013108002953231335,0.027879780158400536,0.4699242413043976,0.0027220118790864944,8.086302113952115e-05,0.0040501984767615795,0.007721017114818096,0.000503332877997309,0.00018666053074412048,7.03556821690654e-08,0.004467043559998274,0.001193586504086852,0.3687936067581177,0.000503203715197742
window-24022b7443c07e5bf38f,506_73066_142318,carrot,umbrella,0.7011898756027222,False,0.0011113738873973489,0.006064045708626509,0.0009681648225523531,3.91073408536613e-05,0.07633930444717407,2.129378628978884e-07,0.00393378920853138,0.014247098006308079,0.07125643640756607,0.012163606472313404,1.5392184650409035e-05,0.0009745241841301322,0.0022106748074293137,0.007792353630065918,0.1007729023694992,3.4721211704891175e-05,3.4721341535259853e-07,0.0002780388458631933,1.8526412759456434e-06,6.262472743401304e-05,4.9862428568303585e-06,2.9863134534680036e-12,0.00037786707980558276,0.0001554815098643303,0.7011898756027222,5.23176049682661e-06
window-5b86ff76fdcbf87ce282,216_22847_49082,chair,chair,0.5386695861816406,True,4.6689635269103746e-07,0.0013594116317108274,7.054350862745196e-05,0.0012899853754788637,0.009895991533994675,1.4609825537624964e-20,2.258841277580359e-06,0.0006691538728773594,0.5386695861816406,0.000811152858659625,0.004248803481459618,0.0039563775062561035,0.0050452882423996925,0.0028845679480582476,0.00011262181942583993,0.018114367499947548,0.009630396030843258,0.038763195276260376,0.005350502673536539,9.149293873633724e-06,0.20063216984272003,3.37992887011751e-08,0.015736956149339676,1.4708916751260404e-05,0.07848935574293137,0.06424300372600555
window-196b749ca6e18aef06a3,216_22847_49082,chair,carrot,0.6983603239059448,False,0.0003819441481027752,0.02802608534693718,1.1405185205148882e-06,4.883497126684233e-07,9.387969475938007e-05,1.3624584327014454e-25,0.012166698463261127,0.6983603239059448,0.02035571075975895,0.003083370625972748,5.9247362514724955e-05,0.007782232016324997,0.020925628021359444,0.0009915950940921903,4.9405112804379314e-05,0.01607256568968296,0.009067756123840809,0.00562749058008194,0.01123368926346302,8.433766574000856e-09,0.12633803486824036,9.098016562347766e-06,0.0008166325278580189,3.849680069833994e-06,0.03821532800793648,0.0003377940156497061
window-7242998ed24877f46e61,216_22847_49082,chair,carrot,0.32618626952171326,False,7.114903382898774e-06,0.0002491039049346,5.061728643340757e-06,3.6549627679960395e-07,0.00954784918576479,2.41150218123955e-25,0.19710266590118408,0.32618626952171326,0.07364732772111893,0.0037661483511328697,0.00545860268175602,0.0015983309131115675,0.0029735418502241373,0.0008732897695153952,1.9134415197186172e-05,0.002907712711021304,0.002111347857862711,0.06164741888642311,0.03905690461397171,2.589089945104206e-06,0.00044086764683015645,0.008814244531095028,0.0012042253511026502,9.642345730753732e-07,0.2590097486972809,0.0033691173885017633
window-b71c176bd221529ba384,216_22847_49082,chair,carrot,0.9817647933959961,False,4.4646625951827446e-07,2.6336526843806496e-06,2.803925553962472e-06,5.907230260504548e-11,2.3606480681337416e-05,1.1119128249899687e-22,5.111427071824437e-06,0.9817647933959961,0.0026248416397720575,1.233065177075332e-05,3.862669828436083e-08,5.539110134122893e-05,1.216743839904666e-05,0.00022240421094466,1.233205694006756e-06,1.8661969534150558e-06,1.6672704532538773e-06,0.009328174404799938,3.0574730658372573e-07,0.000316385441692546,0.003607751801609993,1.4034879313840065e-05,0.0007704405579715967,8.018566366452262e-10,0.0011868533911183476,4.4548465666593984e-05
window-262b95ea2f2d67590bd0,465_66075_129693,chair,baseballbat,0.47677239775657654,False,0.14197537302970886,0.025997817516326904,0.47677239775657654,0.22165358066558838,0.0004813513078261167,0.0011221047025173903,0.00042089360067620873,0.010050876997411251,0.010304679162800312,8.024541602935642e-05,0.015895618125796318,0.00422024866566062,1.3249390917735582e-07,1.1163322596985381e-05,0.027201134711503983,2.6788946343003772e-05,5.913326458539814e-05,0.004724344704300165,0.0009208236006088555,9.60758939072548e-07,0.0028623153921216726,0.004451169166713953,1.5471077858819626e-05,6.778013630537316e-05,0.0024021232966333628,0.04828153923153877
window-a52462fb8f0ad3fb3dca,465_66075_129693,chair,sandwich,0.5877272486686707,False,9.775388321031642e-08,0.007436267100274563,0.000569500494748354,0.00029401513165794313,0.03513692691922188,3.6167100672841734e-14,3.20867620757781e-05,0.00013388023944571614,0.07391123473644257,2.365898217249196e-05,7.541069102501297e-09,0.0002757961628958583,6.493486737896292e-12,6.456689789047232e-06,0.028951046988368034,1.6832090068419348e-06,1.5190030566714086e-08,3.02769080917642e-06,0.5877272486686707,2.5793573874000053e-11,0.0005015238421037793,0.2626846730709076,4.1630034530726334e-08,7.492495797123411e-07,0.002254840452224016,5.519659316632897e-05
window-43a9489039b93db5b02b,465_66075_129693,chair,umbrella,0.25298792123794556,False,0.0004172961344011128,0.01224271859973669,5.3495157771976665e-05,0.028155431151390076,0.012786748819053173,7.697008754803392e-07,0.1525133103132248,0.010104969143867493,0.022583968937397003,0.010580744594335556,0.004195445217192173,0.006302088964730501,0.00171431596390903,0.015263482928276062,0.178745836019516,0.0058385408483445644,0.05241874232888222,0.0006611798889935017,0.09532616287469864,0.022791706025600433,0.0014085706789046526,0.053886059671640396,0.010416844859719276,0.0012634523445740342,0.25298792123794556,0.04734022915363312
window-6e4519dac82483b6dc59,465_66075_129693,chair,hydrant,0.7452853918075562,False,1.173069250626213e-07,0.00021539379667956382,0.00014851510059088469,0.21481671929359436,1.7795204199089198e-09,8.698711889687516e-11,6.252226967262686e-07,8.582358532294165e-06,0.00010059677879326046,2.5766993871911836e-08,0.0009318203083239496,0.00313722831197083,0.7452853918075562,5.100077373754175e-07,0.03507350757718086,1.1824437262664134e-10,2.547951680753613e-07,5.031546379541396e-08,1.2329134158051147e-08,9.63366765063256e-05,1.1006794920831453e-05,0.00011722054478013888,4.635545701603405e-05,1.2996927125641378e-06,1.4351904837894836e-06,6.9621464717783965e-06
window-01fad0ee21ef2bddebd0,62_4327_11547,chair,toytruck,0.4142968952655792,False,0.0031170013826340437,0.0035778817255049944,0.17936480045318604,0.010584103874862194,0.04422207549214363,9.437217673990972e-11,0.0008001294336281717,0.00018721183005254716,0.0057944077998399734,0.27968984842300415,0.0017323876963928342,9.683302050689235e-05,0.00494388910010457,0.018474044278264046,8.126861939672381e-05,4.934032858727733e-06,0.0005536098033189774,0.0003505753993522376,0.0005703757633455098,2.6913131723205197e-09,0.010354461148381233,3.279624434071593e-05,0.000269567797658965,0.4142968952655792,0.020846480503678322,5.445320493890904e-05
window-f85c293d506998366e72,62_4327_11547,chair,baseballbat,0.7382392287254333,False,0.008218643255531788,0.0010489897103980184,0.7382392287254333,0.0002937806711997837,0.07458380609750748,1.4006276671807427e-07,2.0874746041954495e-05,0.0010705854510888457,5.782332550552383e-07,0.006625230889767408,0.10433821380138397,6.59560682834126e-05,5.595918537437683e-06,0.0004603672423399985,4.050001280120341e-06,7.73989740991965e-05,7.582567462804946e-09,2.609975308587309e-05,0.002000365871936083,2.44542412985993e-08,0.005181446205824614,1.2278647432140133e-08,1.3142042007530108e-05,0.0008795351022854447,0.05679270252585411,5.3257612307788804e-05
window-2d9c0c2efbff34ea4db4,62_4327_11547,chair,frisbee,0.7419926524162292,False,0.00037970204721204937,0.0002313559380127117,0.037408698350191116,3.7625166442012414e-05,0.04873213917016983,1.8279987301639267e-08,8.654296107124537e-05,0.002348668407648802,4.001318302471191e-05,0.00037070628604851663,0.7419926524162292,0.0001828133244998753,0.008599802851676941,0.06566783785820007,1.9859421627188567e-06,1.2195896488265134e-05,4.397271311518125e-07,1.8362397895543836e-05,0.0008353596786037087,1.2170705554481742e-09,0.005556552670896053,3.33136429553349e-09,0.00236132531426847,0.0811629444360733,0.003446277929469943,0.0005259711761027575
window-40e1d14f35037547dd5a,62_4327_11547,chair,kite,0.6656566858291626,False,0.025363806635141373,0.00013216085790190846,0.010503956116735935,0.000347077933838591,0.013554371893405914,6.29358648525297e-17,0.0024835856165736914,0.003128477605059743,6.355235382216051e-05,0.00012732557661365718,0.002136089140549302,0.0009602642967365682,0.2581929564476013,0.6656566858291626,2.5875272058328846e-06,6.053345487089246e-07,0.00032263871980831027,1.3906292224419303e-05,0.0006750943721272051,2.598304718048894e-07,0.002114557893946767,4.184198041912168e-05,8.352783879672643e-06,0.013796047307550907,0.0003235765325371176,5.027429142501205e-05
window-e6d533fa0b9d42ea6f6b,573_83721_165787,chair,handbag,0.6282615661621094,False,0.0026422799564898014,0.0011777781182900071,0.007593418937176466,0.0013991162413731217,0.00015374839131254703,2.398933308944695e-11,0.007965878583490849,0.0004841168993152678,0.07355613261461258,0.11622410267591476,3.160419873893261e-05,0.6282615661621094,7.410128091578372e-06,0.014761528931558132,0.0066911871545016766,0.011960088275372982,0.023865951225161552,0.03722777217626572,0.000983102829195559,1.2633647202164866e-05,9.296621283283457e-05,0.0012012349907308817,0.00023672393581364304,0.0013243359280750155,0.055133018642663956,0.007012286689132452
window-acd581ccc05ad40b8e9f,38_1705_5096,cup,ball,0.7601296901702881,False,0.04736608639359474,0.7601296901702881,2.26353822654346e-05,3.7196070479694754e-05,0.00011675105633912608,2.092839713441208e-05,0.01746395230293274,0.005914534907788038,0.00012390663323458284,0.10857052356004715,0.004914688412100077,7.577884844067739e-06,2.033638111242908e-06,8.438734766968992e-06,3.009978354384657e-05,0.03550957143306732,7.625082706016226e-16,4.871848773291276e-07,0.002133029978722334,1.556817588526608e-14,0.003510124050080776,0.01240445114672184,0.0004275290993973613,0.0003117743763141334,0.0001453935692552477,0.0008286492666229606
window-62e27d056ff416bc86f7,38_1705_5096,cup,apple,0.7205489873886108,False,0.7205489873886108,0.055600352585315704,0.0005259240278974175,7.657836249563843e-05,0.00013775839761365205,0.00010197996016358957,0.013827173039317131,0.0034758339170366526,4.0166134567698464e-05,0.027852535247802734,0.019686073064804077,0.006873978767544031,6.186914106365293e-05,0.12707453966140747,8.205746416933835e-05,0.0032332499977201223,1.981849149986512e-15,0.00018484986503608525,0.0007185462163761258,9.333752168513496e-14,0.005120080895721912,0.001506951404735446,0.008325370959937572,0.000557788007427007,0.0038632387295365334,0.0005240630707703531
window-6d524e37f715112e548c,38_1705_5096,cup,toytruck,0.7751330137252808,False,0.07454075664281845,0.06232947111129761,7.98239852883853e-06,1.8488129853722057e-06,3.6348200893598914e-08,3.5764885524258716e-06,0.010084555484354496,0.0009973493870347738,0.00017371603462379426,0.004318933002650738,0.00021384151477832347,7.671686944377143e-06,9.176046233960733e-08,1.5989411622285843e-05,2.761054020083975e-06,0.06834299117326736,8.857542114050834e-14,4.593434539401642e-07,0.0023523117415606976,1.6221985370658623e-14,0.0012341269757598639,5.644358225254109e-06,0.00022493218421004713,0.7751330137252808,6.06011144554941e-06,1.8274791955263936e-06
window-a3c5218aa85c6757269b,38_1705_5096,cup,frisbee,0.33696430921554565,False,0.17103169858455658,0.21850977838039398,0.0001567149010952562,0.0011029693996533751,0.0010426831431686878,0.00012445950414985418,0.010173480026423931,0.011072752997279167,1.3597743418358732e-05,0.047507453709840775,0.33696430921554565,3.9153754187282175e-05,3.8351587136276066e-05,0.0003289833839517087,0.00015592403360642493,0.024580832570791245,4.358484601875434e-14,7.3679570959939156e-06,0.002531212056055665,8.853987963804155e-15,0.0004105503612663597,7.559815458080266e-06,0.022645670920610428,0.11265202611684799,0.00032736329012550414,0.038575123995542526
window-5fcaa60141c2036e60b9,405_53913_105048,cup,mouse,0.3054811358451843,False,6.240740913199261e-05,2.4511078663636e-05,2.4158503038052004e-06,0.1264631450176239,0.0014428894501179457,8.376672200185655e-29,9.304057130066212e-06,0.00036636655568145216,3.0119522875793336e-08,4.121920937905088e-05,2.4180078526114812e-06,5.8312930377724115e-06,9.49236418819055e-05,0.028528597205877304,7.102759809640702e-06,0.3054811358451843,4.5465353082363436e-07,0.00048592351959086955,5.2866027544951066e-05,4.55261097968314e-16,3.0809405870968476e-07,4.208680133593228e-15,0.09167972207069397,0.21029695868492126,0.22969147562980652,0.005259901285171509
window-4a85f3544d94a236d54b,405_53913_105048,cup,mouse,0.8902926445007324,False,9.753747809426727e-10,4.7099638322833925e-05,1.3431813994380093e-10,8.464786333206575e-06,1.6593307918810751e-06,1.271199927031491e-31,1.0559984730207361e-05,2.8254620701773092e-05,3.620971966711295e-09,4.608215022017248e-06,2.0322675098327636e-08,7.802170148352161e-05,1.4919427826498577e-07,6.839314664830454e-06,0.0038999952375888824,0.8902926445007324,4.4753843297939966e-08,7.116955384844914e-05,0.0003134744183626026,6.1589242112253585e-18,1.5431936617460451e-06,1.943874375972144e-14,0.06001398339867592,5.344420060282573e-06,0.0384993739426136,0.006716827396303415
window-2b183d3945f4c79c5ee9,405_53913_105048,cup,kite,0.7714528441429138,False,5.612981013314311e-08,0.0021769164595752954,1.6126844002428697e-06,0.032232414931058884,1.0799790288729127e-05,4.2126423210552605e-32,5.894115747651085e-05,0.0002692982670851052,5.19991658620711e-07,0.000665578234475106,1.762652573233936e-06,0.0032831751741468906,0.004124676343053579,0.7714528441429138,3.0824296448628274e-09,0.04111504182219505,0.0002583874447736889,4.698365228250623e-05,0.003152085468173027,2.981336606036688e-17,2.2008521227689926e-06,7.960990265447332e-13,0.007675410248339176,0.1319412738084793,0.0006454236572608352,0.0008845665142871439
window-83eaf4f0b488c2180c1d,405_53913_105048,cup,mouse,0.834300696849823,False,1.1586606341040806e-08,0.00034431135281920433,9.190182026941329e-05,0.00423496263101697,2.9588934467028594e-06,2.194580169278965e-29,4.081904023678362e-07,3.216774530301336e-06,3.526853697977117e-09,0.00010564838885329664,2.4000141252145113e-07,0.0003340402618050575,2.9957625429233303e-06,0.03443443775177002,1.3037779922342452e-07,0.834300696849823,1.218611714648432e-06,1.1682834156090394e-05,0.0003951669787056744,3.2135445673899217e-18,1.2688141737271508e-07,1.0643740741761796e-17,0.014781691133975983,0.014968597330152988,0.09595342725515366,3.216772893210873e-05
window-0dfaadcecc6e27a49e8c,30_1155_3251,cup,apple,0.8820238709449768,False,0.8820238709449768,0.0005107013857923448,0.018497010692954063,0.0034145384561270475,2.5823762825893937e-06,1.0482429502189916e-07,6.128238601377234e-05,0.018185202032327652,2.369350113440305e-05,0.0010301872389391065,0.00034589317510835826,3.4711981697910232e-06,1.3014988326176535e-05,0.0003441848966758698,2.3849264607633813e-07,0.01808280125260353,2.157367271138355e-05,0.0001768122601788491,5.563153536058962e-06,3.515400859299689e-09,0.024953285232186317,1.7137670837996666e-08,0.0001354006235487759,0.00019887064991053194,0.029879264533519745,0.002090439898893237
window-19ff3769a605a1ea0c18,30_1155_3251,cup,umbrella,0.9078383445739746,False,6.592316594833392e-07,0.01170260924845934,4.356503632152453e-05,1.0640966330299761e-08,1.3649978924945572e-09,1.316498373330582e-18,2.9954276214994024e-06,6.571210633410374e-06,0.0008272581617347896,0.01977289840579033,7.807044788421535e-09,6.407402543118224e-05,6.245706729579581e-11,3.942606099371915e-07,1.1449677828068161e-07,0.0421987809240818,8.224657621624942e-10,3.03389042528579e-05,1.2955038819484344e-08,1.3696778954075395e-11,0.0015967617509886622,6.413317901069816e-17,5.12619521941815e-07,0.015865417197346687,0.9078383445739746,4.870795601163991e-05
window-913b87ce26aa3a3d945b,30_1155_3251,cup,kite,0.7438449859619141,False,5.788318048871588e-06,0.03192194178700447,2.5474962967564352e-05,6.740561997453653e-10,1.300649898894335e-07,5.654775259156253e-12,7.344646633100638e-07,5.662182047672104e-07,1.0217995338734909e-07,0.18946775794029236,1.8807271771947853e-05,0.0002169104409404099,7.979280078470805e-14,0.7438449859619141,2.260460178149515e-06,0.012922734953463078,1.7952858234857212e-14,2.780886410036487e-09,3.107838040250499e-07,2.4672561699863508e-20,4.248465847922489e-05,8.620316963138415e-19,0.008425889536738396,0.009059782139956951,6.087759538786486e-05,0.003982414957135916
window-2eedf815ac9ba513bd25,30_1155_3251,cup,teddybear,0.9095439314842224,False,0.012627621181309223,0.007152397185564041,0.0009817651007324457,3.2865541470528115e-06,1.8213564544566907e-05,1.4855964494599888e-13,0.0003977836458943784,0.034396808594465256,0.0026709039229899645,0.00046520231990143657,0.01622646115720272,0.00014847137208562344,1.8385617472915783e-09,5.382546078180894e-05,3.947016011807136e-05,0.0028121054638177156,4.486002467274375e-07,3.685000046971254e-05,0.0007772803073748946,9.651609372829384e-11,0.9095439314842224,0.00013833709817845374,6.276417843764648e-05,0.011407099664211273,2.790231883409433e-05,1.1009421541530173e-05
window-d5674e3ea685f8d37efe,595_90448_180363,cup,mouse,0.5045409798622131,False,0.0003396901593077928,1.9930968846892938e-05,0.0002482882118783891,0.0002194992412114516,0.0004231642815284431,1.2090569434519693e-08,0.1073400229215622,0.0019675681833177805,0.0013071502326056361,7.072283915476874e-05,0.07645603269338608,0.017465267330408096,2.531413088036061e-07,1.1705872111633653e-06,0.01739540696144104,0.5045409798622131,1.081373657285667e-08,0.0008287833188660443,0.007749190554022789,0.008333373814821243,0.06638612598180771,1.0768845370989766e-08,0.002973760012537241,0.16537940502166748,0.020546788349747658,7.4093040893785655e-06
window-d91c954a6142ed80a2f9,622_102453_205829,cup,carrot,0.7291198372840881,False,1.3263183973322157e-05,0.0003045817429665476,0.002465578494593501,1.7367132176815403e-09,1.304795318901597e-06,8.90845383572092e-12,0.06440851092338562,0.7291198372840881,0.00011610968795139343,0.003278480377048254,0.0013012494891881943,1.0441989287124365e-11,0.0008513452485203743,0.0001551844470668584,1.2231867003720254e-06,3.122371481367736e-07,1.7561101227706044e-12,5.498081736732274e-05,8.915735065784247e-07,1.0818217017789417e-19,0.0289498008787632,1.0629518946080833e-14,0.003751186653971672,0.00017526038573123515,4.851725680055097e-05,0.16500237584114075
window-ba4d59d7b3cd8b4e8c6b,219_23096_47262,frisbee,toytruck,0.6096128225326538,False,0.002929631620645523,0.0029752699192613363,5.209763003222179e-06,0.0007933455053716898,7.357527647400275e-05,1.288651141351238e-08,0.009907531552016735,0.001160477171652019,2.746042446233332e-05,0.007510692812502384,0.23492877185344696,0.013591103255748749,0.00011757722677430138,0.023190360516309738,0.07176734507083893,0.0006410970236174762,0.00034297455567866564,9.48943488765508e-06,0.00015598749450873584,2.453969273119583e-06,0.001993723912164569,8.821235496725421e-06,0.008024163544178009,0.6096128225326538,0.008951947093009949,0.001278076902963221
window-4bcbc4a0769de5a5fd7b,219_23096_47262,frisbee,microwave,0.4070154130458832,False,0.0011736740125343204,1.736260855977889e-05,4.908343385068292e-07,0.0011739775072783232,6.35411124676466e-05,8.68054849167274e-17,0.24938169121742249,0.0009344182908535004,0.0001388135424349457,0.00016705383313819766,0.007934150286018848,0.013351844623684883,1.0482808647793718e-05,6.413891242118552e-05,0.4070154130458832,0.006289430428296328,2.4876078441593563e-07,1.6109817806864157e-05,0.006503417622298002,4.6448977286672744e-07,0.006784291937947273,1.0538484502831125e-06,0.0010474225273355842,0.12365661561489105,0.17401359975337982,0.0002603488974273205
window-e9bf24665778ba17cfab,219_23096_47262,frisbee,umbrella,0.2767854630947113,False,0.009433434344828129,0.006148508749902248,3.919425580534153e-05,0.0024653871078044176,6.267496792133898e-05,1.203320637577221e-10,0.020503370091319084,0.003771464806050062,0.03935656324028969,0.2622610330581665,0.016324268653988838,0.003135690465569496,0.0001308734790654853,0.005539690610021353,0.16473981738090515,0.000264823145698756,5.625905146189325e-07,0.0006364589789882302,0.005264377687126398,2.4615633265057113e-06,0.002219590125605464,8.525530148517646e-08,0.01457817293703556,0.16460828483104706,0.2767854630947113,0.0017277089646086097
window-5080af7e069d4d562120,219_23096_47262,frisbee,frisbee,0.3926447629928589,True,0.001374664600007236,7.408503006445244e-05,1.6247175835815142e-06,0.0006526036304421723,4.859625187236816e-05,5.393329148084894e-14,0.01170443370938301,7.77153400122188e-05,0.002139396732673049,0.010168319568037987,0.3926447629928589,0.0009547410882078111,1.9764656826737337e-06,0.0006090991664677858,0.19258415699005127,0.00030096175032667816,1.0436773578703651e-07,7.3627024903544225e-06,0.0018261086661368608,5.104067213324015e-08,0.0028756859246641397,9.994937499868684e-08,0.006342113018035889,0.19770990312099457,0.17733120918273926,0.0005702030612155795
window-138ab8098bf0546d44e4,68_5341_12469,frisbee,frisbee,0.9672059416770935,True,0.014241003431379795,0.013403533957898617,5.469462848850526e-05,4.5774265799991554e-07,3.794248550548218e-05,0.00020731436961796135,6.025625771144405e-05,3.7000965676270425e-05,4.185757006780477e-06,6.420414138119668e-05,0.9672059416770935,0.0012085221242159605,1.4019700529388501e-06,2.729005927903927e-07,4.49303934146883e-06,0.002017386956140399,1.9554383001718634e-08,3.677602580864914e-05,0.0005877482471987605,8.968225603334448e-15,0.0003428695781622082,1.4445572560362052e-06,3.423724047024734e-05,0.00035648883203975856,6.368560570990667e-05,2.813065475493204e-05
window-fb4193528861d1d30a37,68_5341_12469,frisbee,frisbee,0.9406061768531799,True,0.0028513125143945217,0.046687014400959015,2.740825220826082e-05,3.582532031032315e-07,8.378342499781866e-06,8.078859536908567e-05,1.2381927263049874e-05,4.03887906941236e-06,6.156347353680758e-06,8.163472375599667e-05,0.9406061768531799,0.0019368501380085945,5.501205578184454e-06,1.1141528943880985e-07,3.4180979469056183e-07,0.005666846409440041,7.545539659759015e-08,0.00029502835241146386,0.000503840041346848,4.9067971501269916e-14,0.0009854600066319108,9.674464251929749e-08,1.7101307093980722e-05,0.0001851478882599622,3.1614348699804395e-05,6.37948369330843e-06
window-08982e363c163222cde7,68_5341_12469,frisbee,frisbee,0.9002383351325989,True,0.00014570144412573427,0.08708450198173523,1.1796017133747227e-05,1.848642767754427e-07,1.2493206895669573e-06,3.6608158552553505e-05,2.7296496227791067e-06,4.878427830590226e-07,2.385365178270149e-06,3.5464996472001076e-05,0.9002383351325989,0.004012430552393198,3.890529569616774e-06,3.391221881088313e-08,8.84982611637497e-08,0.004367739427834749,2.245441521608882e-07,0.0016696775564923882,0.00037376396358013153,7.267313649732959e-14,0.0018900086870416999,3.2592541998610614e-08,2.7079345272795763e-06,0.00010176995419897139,1.6255280570476316e-05,1.933781049956451e-06
window-b8ffb8cdb629f99c3621,68_5341_12469,frisbee,frisbee,0.9920639395713806,True,0.0006178547628223896,0.004336451645940542,2.903609856730327e-05,6.417945428438543e-07,1.0663600278348895e-06,0.00020007700368296355,1.6119885231091757e-06,8.65437812080927e-07,1.8944595581160684e-07,1.7513202692498453e-05,0.9920639395713806,0.001082018599845469,8.300781928483048e-07,7.409310942563252e-09,1.8022613801349507e-07,0.0007987959543243051,9.215989749122855e-09,0.0003697343054227531,3.844432285404764e-05,1.7731608824463063e-13,0.0003415661631152034,1.6333599717199832e-07,7.254201136674965e-06,6.786365702282637e-05,2.151922853954602e-05,2.4500318431819323e-06
window-3f4e47d716ae33dc515b,68_5238_12327,frisbee,mouse,0.6074342727661133,False,3.448024088470447e-08,5.69961275687092e-06,0.00015412374341394752,0.013016599230468273,0.0009567169472575188,3.290675643992888e-18,1.0495471087779151e-06,1.3298389056615179e-08,3.477683321762015e-06,4.9144724471261725e-05,2.2835441995994188e-05,0.3539843261241913,5.891733962926082e-05,2.829740992638108e-07,5.10866375407204e-05,0.6074342727661133,3.0350269298651256e-05,0.00136367732193321,3.319556469705276e-07,1.2716152575364958e-09,0.0011152661172673106,6.35224637335341e-07,0.0005712210549972951,0.017017820850014687,0.004162168595939875,3.4830666129082033e-10
window-352d3a4f25e7f610c937,68_5238_12327,frisbee,handbag,0.5170691609382629,False,1.952155798790045e-06,1.1753031685657334e-06,0.01543018314987421,0.018026752397418022,0.003708830801770091,8.148507910088476e-12,1.238054778696096e-06,8.963428399511031e-08,1.7612199371797033e-05,9.758653322933242e-05,0.00813213363289833,0.5170691609382629,6.76390336593613e-05,1.4302599105064928e-08,5.805818727822043e-05,0.3655128479003906,4.4680458813672885e-05,8.98879807209596e-05,2.5419217308808584e-07,2.626779860293027e-08,0.005165984388440847,3.1439310532732634e-06,0.004639857914298773,0.032901961356401443,0.029028983786702156,6.262696583547722e-09
window-9f2482e6c89e8099f6a3,68_5238_12327,frisbee,handbag,0.5347529649734497,False,2.8226619178894907e-05,8.454098860966042e-06,0.008513174019753933,0.012198538519442081,0.005661485716700554,2.1820233120362076e-10,2.360576900173328e-06,8.304789957946923e-07,3.459893832769012e-06,8.200017327908427e-05,0.009579946286976337,0.5347529649734497,0.00012069889635313302,2.821570355138192e-08,9.19185476959683e-05,0.2662688195705414,1.055054508469766e-05,9.28215667954646e-05,2.1615273908537347e-06,1.2446276231870002e-09,0.012431730516254902,6.960598284422304e-07,0.0029987581074237823,0.1305365115404129,0.01661386340856552,3.4286202321709425e-08
window-d2a094d2a78d45b9feaf,68_5238_12327,frisbee,handbag,0.6215715408325195,False,2.8351767014100915e-06,9.058821888174862e-07,0.0032630772329866886,0.10891834646463394,0.0020167178008705378,1.361317878085036e-13,1.1341501249262365e-06,9.400169886930598e-08,4.711338533525122e-06,4.8413898184662685e-05,0.0010613732738420367,0.6215715408325195,0.0004124638217035681,3.8536814628287175e-08,2.3326187147176825e-05,0.21397599577903748,2.041525840468239e-05,0.00017102746642194688,9.846390724987941e-08,4.666584985102418e-08,0.003180763451382518,7.0047262852313e-06,0.001155697857029736,0.02284470573067665,0.021319285035133362,4.092881145112415e-09
window-4dabdedc8850063b622b,31_1334_4061,handbag,baseballbat,0.7219594120979309,False,1.1756950470953598e-06,2.45615065068705e-05,0.7219594120979309,0.0025096056051552296,0.1436433643102646,4.018534411898145e-07,0.0020327456295490265,2.2032398305782408e-07,0.04749855771660805,0.001965906471014023,1.6705336747691035e-05,0.006918806582689285,0.015373063273727894,1.1554146112757735e-05,0.006794351153075695,0.0011091298656538129,0.008911344222724438,0.00018958306463900954,0.0009763978887349367,3.9494601165868115e-12,0.00640603993088007,8.560932656109799e-06,0.0023787471000105143,0.008752299472689629,0.02170015126466751,0.0008173128007911146
window-57602816b3e5e0382332,31_1334_4061,handbag,baseballbat,0.5233330130577087,False,6.454710099745853e-09,1.1836097655759659e-05,0.5233330130577087,0.10467131435871124,0.0001251425128430128,5.724797805944926e-13,8.847669960232452e-05,2.060584414209643e-08,1.4863435353618115e-06,0.0016830856911838055,7.295899990822363e-07,0.0010877969907596707,0.0011979553382843733,2.702718848013319e-05,0.15571732819080353,0.0038434816524386406,0.006924373097717762,0.0008263318450190127,0.0038559092208743095,4.8689958315195625e-11,3.67623874808487e-06,0.0028196608182042837,0.0013785561313852668,0.012927601113915443,0.17925608158111572,0.00021912909869570285
window-a26bf5e3b9f33c80f797,31_1334_4061,handbag,baseballbat,0.7652097940444946,False,1.7752920200564404e-07,9.456289990339428e-05,0.7652097940444946,0.06953177601099014,5.4450443712994456e-05,2.1019225856372392e-12,0.00161422835662961,2.513505421575246e-07,7.057860784698278e-06,0.000982847181148827,2.2064734821469756e-06,0.0163149181753397,0.0003761655243579298,0.0006039655418135226,0.0465034581720829,0.0014295338187366724,0.0016806647181510925,0.0009022175217978656,6.715048948535696e-05,1.041958945340038e-12,2.17021636217396e-07,5.403744580689818e-06,0.0029906276613473892,0.003726938273757696,0.08605271577835083,0.0018486236222088337
window-943bd986445e75cc39cc,31_1334_4061,handbag,handbag,0.41947489976882935,True,5.6470280469511636e-06,0.0002827655989676714,0.08923788368701935,0.006473217159509659,0.009871607646346092,1.1541885225341275e-09,0.1814456284046173,4.548016022454249e-06,0.005605506710708141,0.002474753186106682,2.1764682969660498e-05,0.41947489976882935,4.9604404921410605e-06,0.00048407932627014816,0.25247350335121155,0.0032305752392858267,6.331024633254856e-05,0.0007653340580873191,0.0004695649549830705,3.3515662575984984e-13,3.967903830925934e-05,1.629275720915757e-05,0.006951360963284969,0.0004927732516080141,0.019408371299505234,0.0007019551121629775
window-1031a1b5f7b132f11867,397_50012_98436,handbag,wineglass,0.5412542819976807,False,1.6679810869391076e-05,0.0006027756608091295,0.003340825205668807,0.0016763885505497456,0.0012427862966433167,2.692111128205915e-13,0.0005454813945107162,0.0005260782781988382,0.01442826446145773,2.9789360269205645e-05,0.0023619728162884712,0.028824947774410248,0.00035586970625445247,0.0054384213872253895,0.04082627594470978,4.532423190539703e-06,0.046237390488386154,2.9338763852138072e-05,0.00020849157590419054,0.025493524968624115,0.00015463576710317284,0.04386342689394951,7.32437038095668e-05,0.0001443184883100912,0.24232026934623718,0.5412542819976807
window-2fb8ca8ecd3a401a3066,397_50012_98436,handbag,toilet,0.2966664433479309,False,1.4474880117631983e-05,0.040610216557979584,0.06602057069540024,0.005752937402576208,0.0014976152451708913,2.0910856224460847e-17,6.30059075774625e-05,0.0007396547589451075,0.23572592437267303,5.548468379856786e-06,4.304918911657296e-05,0.04361620172858238,0.000729348452296108,0.0014818940544500947,0.0008204125333577394,1.844457869992766e-06,0.00013836449943482876,2.2284093859070708e-07,0.012710143812000751,0.01125961635261774,0.1465846449136734,0.2966664433479309,3.7123088532098336e-06,0.0004299822903703898,0.11986923962831497,0.015214945189654827
window-c3a037fb1afc1fa643db,397_50012_98436,handbag,wineglass,0.6139687299728394,False,1.3635116374643985e-05,0.0005125249736011028,0.08259014040231705,0.0004993680049665272,0.00024876047973521054,4.779530312159179e-17,1.8143842680728994e-05,0.0012728237779811025,0.0006523756310343742,3.541602836776292e-06,6.695428055536468e-06,0.0011795209720730782,9.561215108533361e-08,0.00043797382386401296,0.001343964016996324,2.030332524327605e-07,0.00013656374358106405,7.1808682378105e-07,0.00016953512385953218,7.293729140656069e-05,0.00045675275032408535,0.10055096447467804,8.245883691415656e-06,8.312479621963575e-05,0.19577263295650482,0.6139687299728394
window-f99b5f8bef596a6c5b08,397_50012_98436,handbag,baseballbat,0.7013343572616577,False,3.646912034582783e-07,7.148228633013787e-06,0.7013343572616577,8.60764121171087e-05,0.000654915114864707,5.2430598281212343e-17,0.0020276273135095835,0.0003845968167297542,0.009190686978399754,1.3226342161942739e-05,1.705064823909197e-05,0.07165944576263428,0.0002714547445066273,0.0006428005872294307,0.0009230350260622799,1.7350303096463904e-05,0.012989574111998081,3.689313598442823e-05,0.0010863094357773662,0.00811798870563507,1.5971230823197402e-05,0.0019943765364587307,0.00043313216883689165,0.0001673165097599849,0.016371160745620728,0.17155729234218597
window-32d7e5e843183968582a,397_50244_98709,handbag,ball,0.9265025854110718,False,0.0001650696067372337,0.9265025854110718,0.001962912268936634,0.0014968772884458303,1.126611209656403e-06,0.006435622461140156,0.004745330195873976,0.003994574770331383,1.4058735359867569e-05,0.002158302813768387,6.504500925075263e-05,0.021618269383907318,5.007791332900524e-05,0.0002490502083674073,0.00012314743071328849,0.00013315184332896024,9.786861028260319e-07,3.612226282712072e-05,0.013059626333415508,1.986927067321176e-08,0.014625291340053082,0.0010673262877389789,8.985118620330468e-05,0.00020833546295762062,0.0011467448202893138,5.053112545283511e-05
window-16ce6fe6c0a29e3271c2,397_50244_98709,handbag,ball,0.8560064435005188,False,0.008770927786827087,0.8560064435005188,8.445470302831382e-05,0.0004231116035953164,3.213279342162423e-05,7.058372375468025e-07,0.004376532975584269,0.0011305961525067687,0.0014763454673811793,0.0006577229360118508,3.950925929530058e-06,0.0013499859487637877,4.7088229621294886e-05,2.0731440599774942e-05,1.0383485459897202e-05,0.0007282690494321287,6.722189915819854e-09,0.00028146494878455997,0.011584925465285778,1.2220124290251988e-07,0.1129203736782074,3.3168769732583314e-05,2.7203552235732786e-05,1.226429139933316e-05,1.7623664462007582e-05,3.4868794500653166e-06
window-5b6f0c7a8c6082486a8d,397_50244_98709,handbag,teddybear,0.3016452491283417,False,0.24867524206638336,0.277426153421402,0.004420534707605839,0.000693672860506922,0.000116712850285694,0.00039812823524698615,0.04761723056435585,0.01821126788854599,0.02099461480975151,0.0012832704233005643,0.00013960276555735618,0.0256367027759552,8.066080044955015e-05,3.720284439623356e-05,3.5515299714461435e-06,0.0028554415330290794,2.7520690171201068e-09,0.00044875728781335056,0.030721822753548622,4.550594780994288e-07,0.3016452491283417,0.018099240958690643,0.0001895596069516614,0.0001671645586611703,0.00012999787577427924,7.806174835423008e-06
window-d9decc355d8c0b787335,397_50244_98709,handbag,carrot,0.8856849074363708,False,0.0011164869647473097,0.0011306112864986062,0.0007658215472474694,8.628550176581484e-07,7.345764606725425e-05,1.3762844446318923e-06,1.8842900317395106e-05,0.8856849074363708,5.631719979248828e-09,8.122703434310097e-07,0.00011933670612052083,0.042097609490156174,1.0899885438675483e-08,3.951384996980778e-08,2.2791127776145004e-05,0.019806956872344017,2.9563954062616915e-10,1.5197837456071284e-05,0.00025560479843989015,2.1026023144798955e-09,0.04864735156297684,7.057833863655105e-05,5.82829125050921e-06,1.0036094408860663e-06,0.00016396252613049,4.975035494680924e-07
window-38dbc8e7e31bba7b22d7,401_52084_102154,handbag,hydrant,0.3774283528327942,False,0.002765154931694269,0.024602524936199188,0.002777725225314498,0.000988301238976419,0.002754951361566782,9.289017179980874e-05,0.03638269752264023,0.0096109164878726,0.04688677191734314,0.08791479468345642,0.0012013782979920506,0.0061486284248530865,0.3774283528327942,0.0926637202501297,0.040782131254673004,0.00760989636182785,0.00024114326515700668,0.0013378558214753866,6.914222012710525e-06,3.2395386369898915e-05,0.00011038611410185695,7.454267425544003e-09,0.0006501362659037113,0.0014435126213356853,0.2527155578136444,0.002851275261491537
window-f43c1338f98a2123c949,401_52084_102154,handbag,hydrant,0.363442599773407,False,0.007162409368902445,0.040590863674879074,0.011602737009525299,0.0017665583873167634,0.013387166894972324,0.00011427129356889054,0.03168274462223053,0.023565828800201416,0.03557850420475006,0.01741999387741089,0.0011024981504306197,0.017984339967370033,0.363442599773407,0.022175168618559837,0.051004521548748016,0.0039060681592673063,0.0003370151680428535,0.002163472818210721,6.807195313740522e-05,0.00034957064781337976,0.00032355444272980094,8.293220332689089e-09,0.0007607410661876202,0.004891004413366318,0.3480047881603241,0.0006154746515676379
window-bb7a5955623a40265c21,401_52084_102154,handbag,umbrella,0.63367760181427,False,0.0076291984878480434,0.023328831419348717,0.014744570478796959,0.00022852358233649284,0.035375531762838364,3.6570432712323964e-05,0.02915506809949875,0.03821968659758568,0.04163450747728348,0.013174924068152905,0.0003880042931996286,0.024282634258270264,0.06286777555942535,0.03764251247048378,0.03125675395131111,0.0008131220238283277,5.2828727348241955e-05,0.0009082246106117964,1.3087616935081314e-05,0.0008421674137935042,9.547744411975145e-05,8.638818549400185e-10,0.000418579118559137,0.0031374311074614525,0.63367760181427,7.63648422434926e-05
window-6425cb07cbebe80a2f5e,401_52084_102154,handbag,hydrant,0.6329888105392456,False,0.008076931349933147,0.025551045313477516,0.007358441594988108,0.0012960702879354358,0.004173105116933584,0.0001465276873204857,0.022546779364347458,0.014844360761344433,0.019558366388082504,0.02086671069264412,0.0007940945797599852,0.016052816063165665,0.6329888105392456,0.014155828393995762,0.032084643840789795,0.004519032314419746,0.0003197711776010692,0.0020981028210371733,4.116124546271749e-05,0.0001962729002116248,0.0002260530018247664,1.8935001122599715e-08,0.0006395484087988734,0.00454865675419569,0.1657007932662964,0.0012159979669377208
window-2bdee743c61d1861cfd7,250_26807_55293,hydrant,book,0.7413553595542908,False,0.0009088421356864274,0.0049683465622365475,0.03620191290974617,0.0057893674820661545,0.7413553595542908,1.713820751980677e-09,0.0030755617190152407,0.07886604219675064,0.013357700780034065,0.007377540692687035,0.00026611602515913546,0.008761703036725521,2.020989268203266e-05,0.000322899577440694,0.06784519553184509,3.688698052428663e-05,1.0131201406693435e-06,0.00017426611157134175,0.0028662290424108505,0.00041746775968931615,0.0010244825389236212,7.848252425901592e-05,0.00013029442925471812,9.496159327682108e-05,0.0030562218744307756,0.02300291322171688
window-6205e20c09dd4e110792,250_26807_55293,hydrant,apple,0.3098510801792145,False,0.3098510801792145,0.12935870885849,0.00017005977861117572,0.11534713953733444,0.020365679636597633,5.3168285774063406e-08,0.0034021169412881136,0.01955452933907509,0.015422208234667778,0.008046603761613369,8.889796276889683e-07,0.003155097598209977,1.625572440389078e-05,0.0005826316773891449,0.13992933928966522,0.03386561945080757,0.000659882789477706,4.1833860450424254e-05,0.06735552847385406,7.236270676003187e-07,0.003910783678293228,1.6755748220020905e-05,0.0024585940409451723,0.049482885748147964,0.005110448691993952,0.0718945562839508
window-6e47a2bf5f35ecfd5241,250_26807_55293,hydrant,microwave,0.3903723955154419,False,0.035565052181482315,0.000724074721802026,0.0001623446587473154,0.00923236645758152,0.2292334884405136,4.22084704041481e-05,0.002688721287995577,0.00331724900752306,0.0035938601940870285,0.05237892270088196,8.915308171708602e-07,0.023713812232017517,0.005419680383056402,0.019068997353315353,0.3903723955154419,0.05446469411253929,4.198553506284952e-05,0.0003091965918429196,0.0011691865511238575,5.579448014714217e-08,0.00044266763143241405,5.196141046326375e-06,0.02031928114593029,0.01560241635888815,0.05579783394932747,0.07633337378501892
window-0686f9c66c975b220c9d,250_26807_55293,hydrant,microwave,0.35590964555740356,False,0.08038654923439026,0.004332919139415026,0.00030964973848313093,0.013748983852565289,0.13162773847579956,8.390227594645694e-05,0.0027794106863439083,0.012673071585595608,0.005119207315146923,0.06802653521299362,1.0821889873113832e-06,0.03347492218017578,0.004917486105114222,0.01547336857765913,0.35590964555740356,0.021427303552627563,7.2696070674282964e-06,0.00023574865190312266,0.0018287908751517534,2.8958664799461076e-08,0.00135481683537364,4.619114042725414e-05,0.07479027658700943,0.02690877579152584,0.05269881710410118,0.09183747321367264
window-b1ee4239bd1272db5df2,304_31883_60483,hydrant,carrot,0.9998621940612793,False,1.1125735710493245e-07,0.00013692062930203974,6.1026677045106226e-09,7.192351572714133e-15,1.0968270662154318e-16,0.0,3.169363100956335e-13,0.9998621940612793,8.368993097711459e-16,3.084863094138246e-13,2.0563357239211655e-08,5.517717871330077e-17,5.0865993506720925e-22,2.024593817248621e-12,6.972197125199031e-11,1.4988083690825604e-11,6.26601471302101e-21,5.941170407204599e-14,6.370589176185604e-07,1.2350094981490526e-29,1.0870396943696292e-10,7.685230122689962e-19,1.484493417081012e-09,1.0075708045675924e-09,7.553977517289756e-13,1.3958517501577727e-12
window-f236d00904981c89c5f1,304_31883_60483,hydrant,carrot,0.9992631077766418,False,1.3161621836843551e-06,0.0007313605747185647,8.539851847899627e-08,2.2489319705543825e-13,4.959659121112417e-14,0.0,6.583697129136645e-12,0.9992631077766418,3.2523507135064425e-14,3.587381476946594e-12,1.8846544946882204e-07,1.283739444405874e-16,2.301732293952511e-17,7.165876832887497e-12,5.153264967527882e-11,2.147577775335474e-11,6.073372022396296e-19,1.5529755216167618e-12,1.578009459990426e-06,1.3971790361091003e-25,4.6542220077938623e-10,2.192877930959462e-18,1.4777382650876802e-09,2.25264489017718e-06,1.308048981629728e-11,7.717192163081421e-11
window-83b313ec6d810ed6a66c,304_31883_60483,hydrant,carrot,0.9686793088912964,False,0.0024232459254562855,0.020573658868670464,0.0022885436192154884,3.2795830406939785e-07,3.9591965261820405e-09,0.0,4.8644182015777915e-09,0.9686793088912964,2.0028615918543657e-11,8.631898708699737e-06,0.002626952948048711,9.00803043268894e-12,7.123099265982091e-08,8.757864655706271e-09,6.792287408517381e-14,1.3952896438240714e-07,1.2977501899166279e-15,4.233001860143304e-08,8.209242992052168e-07,3.0984126397383405e-16,5.558310931519372e-06,1.2451980635833082e-14,1.1514434739012813e-08,0.0033905627205967903,1.9958802113251295e-06,5.165069083545859e-08
window-c451afe6c66faf201caa,304_31883_60483,hydrant,carrot,0.9308304786682129,False,3.1266212317859754e-05,0.06457358598709106,5.0047791688712095e-08,2.5207225462509086e-07,1.7134332841450828e-09,0.0,1.1335750393914878e-10,0.9308304786682129,2.144083521837814e-12,2.872568813927501e-07,6.859841050754767e-07,2.5161901451298263e-09,5.039923014517333e-13,3.9296713105763104e-10,1.2450806011199411e-11,1.0980038496199995e-05,2.4217689485739324e-12,5.0277662921871524e-06,0.004545103292912245,1.742969225913042e-18,1.3811134180752305e-10,3.4788466459758846e-14,6.698929189141722e-10,2.3250514402661793e-08,4.118961172139279e-09,2.261178906337591e-06
window-a49ecb14fd8df07469e7,429_60367_116963,hydrant,hydrant,0.9434338212013245,True,2.95524387183832e-06,2.4261855742224725e-06,5.221140497724264e-08,0.00012798959505744278,0.008688815869390965,5.83285045748118e-16,0.014038962312042713,0.00012300261005293578,4.2661140469135717e-05,0.0005278033204376698,0.0011746620293706656,5.589004103967454e-07,0.9434338212013245,1.5972904066074989e-06,3.0137420253595337e-05,1.095754669222515e-06,0.006544317584484816,2.921439772762824e-05,0.0001090842779376544,0.021603617817163467,8.653306622363743e-07,3.1032068363856524e-06,0.00014639776782132685,1.5947606470945175e-06,0.0008452088222838938,0.002520041074603796
window-341e95c178d65f235ca3,429_60367_116963,hydrant,hydrant,0.9921827912330627,True,1.2392888493195642e-07,3.2957689199974993e-07,5.158031157748155e-08,0.00024014749214984477,0.0008834596374072134,4.3578892788008e-22,0.00035417586332187057,5.870549284736626e-05,8.978386176750064e-06,4.321103187976405e-05,0.0002457339141983539,2.2831518720067834e-07,0.9921827912330627,7.663194878659851e-08,3.2670379823684925e-07,1.6404905181843787e-05,0.0018194579752162099,9.254375072487164e-06,7.331562414947257e-07,0.0022659138776361942,6.975275823606353e-08,3.0872988610042285e-09,5.229921225691214e-05,1.0174872841162141e-05,0.0015268336283043027,0.0002803801035042852
window-77959f24c0091c6f6190,429_60367_116963,hydrant,hydrant,0.7853198647499084,True,6.056784332031384e-05,0.00022952037397772074,2.3757169742566475e-07,0.003945895936340094,0.023941954597830772,2.378038738148902e-12,0.010413291864097118,0.0020110332407057285,0.00255146948620677,0.005849162116646767,0.008923492394387722,2.112426227540709e-05,0.7853198647499084,2.2769307179260068e-05,0.001260915887542069,0.0006643438246101141,0.0021857046522200108,0.0021197558380663395,0.001393735408782959,0.06677655130624771,1.4999714949226473e-05,4.293381607567426e-06,0.03627033531665802,8.208343933802098e-05,0.02191889099776745,0.0240179430693388
window-f6ac84df6f1ec9112fc5,429_60367_116963,hydrant,hydrant,0.7778505682945251,True,0.0001325105404248461,3.8275658880593255e-05,5.477837703438126e-07,0.004387673456221819,0.026519978418946266,2.0855775873657167e-12,0.028324518352746964,0.0006385588785633445,0.004504438489675522,0.028316441923379898,0.005755891092121601,0.00025778074632398784,0.7778505682945251,0.00018403267313260585,0.0019527586409822106,0.0004014965088572353,0.00047259469283744693,0.004271339159458876,0.0062716249376535416,0.043196652084589005,1.62937976710964e-05,5.457254701468628e-06,0.02904478646814823,0.0016226459993049502,0.018049754202365875,0.017783310264348984
window-21db55f61584dc546241,429_60395_117232,hydrant,hydrant,0.9957971572875977,True,1.3340136287287585e-12,2.175642599411276e-08,5.757912369119822e-09,0.00010653318895492703,1.226524545927532e-05,2.7498671183505924e-26,2.5464988451240345e-10,8.034773600229528e-06,4.0577996518464943e-10,4.17807655139768e-08,5.631002391801032e-13,3.1063193683955603e-10,0.9957971572875977,1.1832612472062465e-06,8.798885929486421e-15,3.4991831654451744e-10,0.004067215137183666,1.4052105257178482e-07,3.414739194532168e-12,7.4126405706920195e-06,2.4666138020990047e-09,9.682588932025116e-13,7.579297545134978e-08,7.235714249986813e-10,8.982674049029526e-10,1.7572157617884443e-10
window-02f33ac8296d9a995998,429_60395_117232,hydrant,hydrant,0.9991581439971924,True,2.3399637782972604e-10,4.5458881103854765e-09,5.01961527898942e-10,0.00038909961585886776,1.699540597144278e-08,2.799167766401797e-27,2.430478707182715e-09,6.173814881549333e-08,8.006388885206661e-10,3.360462869750336e-06,8.994698041941973e-11,5.577890371810668e-10,0.9991581439971924,1.7501300817457377e-06,4.590611855547173e-17,2.3069979260270657e-09,0.00044682747102342546,6.596656731971962e-08,2.9487908642655825e-11,1.1562530488617995e-07,4.501519712540869e-10,2.5161822495359254e-13,1.1441601444062144e-08,6.217233021743596e-07,1.181988618093044e-09,6.184439071965642e-10
window-58979a3909beca604c1f,429_60395_117232,hydrant,hydrant,0.9943342208862305,True,7.194065343441025e-09,6.135365282489147e-08,2.6217254145421975e-08,0.00033912708749994636,3.5987399314763024e-05,2.2295012285031556e-17,3.0296945396912633e-07,4.398353041779046e-07,5.48420302948216e-06,1.0233848115603905e-05,1.3676643817461809e-08,7.731833506774421e-10,0.9943342208862305,5.3359683079179376e-05,1.3290622942474517e-11,8.328458278583639e-08,0.00016459405014757067,0.00038264814065769315,1.1308488367944847e-08,0.004667360335588455,5.407095500231662e-07,8.535899098660593e-09,3.74015462512034e-06,8.342289703477945e-08,1.4693272305521532e-06,8.148015240294626e-08
window-c80355bb20145f9d0a2b,429_60395_117232,hydrant,hydrant,0.9701086282730103,True,2.314949121284826e-09,9.634369462219183e-07,3.447820802193746e-07,0.0003392755752429366,7.166616705944762e-05,2.632162402951778e-24,2.742380047493498e-07,0.0005180673906579614,2.951063606815296e-07,7.67110577726271e-06,3.365615841577352e-10,2.637360019264179e-08,0.9701086282730103,7.519203791161999e-06,1.5192770652650012e-11,1.5811383491382003e-07,0.028822828084230423,6.715862400596961e-05,1.0397089411640081e-08,2.546689756854903e-05,2.6418423658469692e-05,1.9648581373044038e-10,2.554879074523342e-06,1.1880599615210485e-08,5.748327112087281e-07,3.538303872119286e-08
window-552dc221341991d023f4,411_55970_107894,hydrant,hydrant,0.999772846698761,True,4.557090382134588e-13,1.4775365286823217e-07,1.3617856842174092e-09,7.076361896451999e-08,9.412201507075224e-06,8.60173577163364e-30,1.744546618276388e-09,0.00018103096226695925,7.97313646216935e-08,4.965451227273432e-12,6.87452850200998e-09,7.191483852864167e-09,0.999772846698761,1.2417982020451745e-07,4.421542176759806e-18,3.5425651301324024e-10,3.429973730817437e-05,7.68138386231243e-10,5.425176367174211e-13,2.7827253834544763e-09,1.6963099369604606e-08,4.079787180831518e-13,3.819876359667518e-10,1.1634937635562892e-07,2.4878237248060486e-09,1.8613112615639693e-06
window-032857a12aa489022ce5,411_55970_107894,hydrant,hydrant,0.9628511071205139,True,1.6515986800413884e-08,1.3717916544919717e-06,2.79417982085306e-08,2.29151146413642e-06,1.4252173059503548e-05,1.422754168582838e-27,1.413545646755665e-06,3.4592194424476475e-05,0.00012220648932270706,2.6227084504171216e-07,0.00018315596389584243,4.633770731743425e-05,0.9628511071205139,0.0017223189352080226,2.1580124026730069e-13,6.692289389320649e-07,2.800047332129907e-05,0.001099943881854415,3.9629571846333533e-10,1.1747157066532843e-12,9.206191316479817e-05,4.634231366706931e-12,4.687711996353983e-09,0.031168613582849503,3.17301129371117e-07,0.0026310321409255266
window-59ab82ab96ff94966e14,411_55970_107894,hydrant,hydrant,0.8607898354530334,True,4.839585088234344e-08,7.525467822233622e-07,5.75886582865337e-09,2.2533600713359192e-05,1.940276433742838e-06,3.115556874062573e-36,2.1521712767480494e-07,1.1648633517324924e-05,6.515564018627629e-05,6.603076485589554e-07,2.104472596187179e-09,6.600759547836788e-07,0.8607898354530334,2.015321297221817e-05,4.567486863470396e-17,1.7879997926684155e-08,0.13905951380729675,5.9117635231586974e-08,2.1844934749992717e-09,2.473323629237356e-11,2.4617097551526967e-06,6.416711606505032e-10,1.1276602762677612e-08,2.408451837254688e-05,2.304565704935868e-10,3.396674799205357e-07
window-f82f2178c5cd139d250b,411_55970_107894,hydrant,hydrant,0.7312410473823547,True,6.1659887265475e-12,4.635228378901957e-06,4.659928976025185e-08,2.8089573334000306e-07,2.5978720259445254e-06,2.501199152917778e-37,3.761686517833596e-09,0.0001341124443570152,1.3380805796714412e-07,5.289662485807867e-09,2.563305470659749e-13,2.8451771494353295e-10,0.7312410473823547,2.834539372997824e-06,8.743396351125539e-17,3.518582647465962e-10,0.2686099112033844,7.454478007096199e-11,8.079437119334898e-11,4.0599647945782635e-06,1.182892077622455e-07,1.0297009911397481e-09,1.774854183622665e-07,4.403348345671798e-12,2.1188950594108746e-09,2.2719538750326507e-10
window-3a5bafad27c52a5aa216,372_41097_81898,kite,kite,0.9493188858032227,True,0.0012657854240387678,0.0020525665022432804,0.0016188662266358733,0.000823686714284122,6.097348887124099e-05,2.7579230565955015e-11,0.00031562551157549024,0.010423632338643074,1.00451465812057e-07,0.00024174545251298696,0.0015332330949604511,3.2033610750659136e-06,1.1408888894948177e-05,0.9493188858032227,1.105569708670373e-06,1.1859724509122316e-05,7.212540964474101e-08,7.263011525537877e-08,1.046432885232207e-06,4.139499073380071e-12,0.023867744952440262,3.745413721389923e-07,0.0056822351180016994,0.0008977205725386739,0.001311306026764214,0.0005568110500462353
window-0537a14514256f453064,372_41097_81898,kite,kite,0.94493567943573,True,0.0004782377218361944,0.0006789260660298169,0.0007061767391860485,0.0003162481007166207,2.553060039645061e-05,1.2650314129558637e-10,2.0340778064564802e-05,0.013231846503913403,1.9109640092551672e-08,2.1782467229058966e-05,0.0057806954719126225,8.271520073321881e-07,3.844589809887111e-05,0.94493567943573,2.9468537832144648e-08,7.47402509659878e-06,2.504400526959216e-07,3.1033870584451506e-08,2.5560602807672694e-06,1.0757118936929877e-12,0.030521003529429436,9.197969319529875e-08,0.001525434898212552,0.0006484173936769366,0.000890804803930223,0.0001690606732154265
window-e34d4240cacefbbeaafe,372_41097_81898,kite,kite,0.49858173727989197,True,0.06840851157903671,0.07502728700637817,0.06493604928255081,0.09575507789850235,6.852903607068583e-05,7.564708859320035e-09,0.000127699357108213,0.08330599218606949,2.8253066375327762e-06,0.0069939857348799706,0.002073060953989625,6.980484613450244e-05,0.004097335506230593,0.49858173727989197,2.6568548037175788e-06,8.544026786694303e-05,0.00034336140379309654,2.214955020463094e-05,0.0002622897154651582,1.9346485657933954e-07,0.07440544664859772,3.4580743886181153e-06,0.006453077308833599,0.0004646844754461199,0.009422974660992622,0.009086331352591515
window-e2a55c0fc8194f99ddf7,372_41097_81898,kite,kite,0.9076959490776062,True,0.003894075285643339,0.006699641700834036,0.011934214271605015,0.0036538601852953434,1.5787987649673596e-05,8.968846110235518e-09,5.357004556572065e-05,0.006828116253018379,2.622045030875597e-06,0.00026301370235159993,0.003003076184540987,1.1113555046904366e-05,0.0004455510643310845,0.9076959490776062,3.591007669001556e-07,4.82214309158735e-05,6.314836355159059e-06,1.091672515940445e-06,1.985794551728759e-05,4.411249698854647e-10,0.03940444439649582,8.54656445881119e-06,0.001587193226441741,0.0003935628628823906,0.012973122298717499,0.0010567951248958707
window-efd6b22fec2f7f06c5ee,622_102123_205145,kite,carrot,0.9993346333503723,False,5.3176190704107285e-05,1.3084970607035729e-11,2.7522312405104844e-21,3.2404315775808046e-12,1.783211314559563e-17,1.3148399185302559e-36,7.146777614153166e-11,0.9993346333503723,5.684029812673253e-17,1.408407456437999e-06,5.054039767260227e-15,4.067741282698378e-11,9.001232187653013e-18,0.0005608740029856563,2.0226551210391654e-18,2.8185405872844897e-14,6.593060939455138e-17,1.855178447354968e-19,2.596364421202091e-13,4.9241181841352955e-05,6.098011340327503e-07,6.508406349124175e-15,9.891705815177291e-15,2.3040819030484272e-08,1.2536630622506095e-09,6.54381063225351e-14
window-0fdd103aa380c228dbbd,622_102123_205145,kite,carrot,0.999761164188385,False,0.00015264553076121956,2.018941358021488e-15,5.8373672722851115e-30,4.761896393142712e-18,1.1224771240149436e-21,0.0,7.812665309614095e-14,0.999761164188385,1.335651927822355e-21,4.642199818993831e-11,8.282535491873147e-14,7.931649260994877e-12,8.056662930748609e-23,8.615405386080965e-05,1.1449842260516667e-26,8.082977335296672e-17,8.520994663715111e-24,4.682640073638023e-24,2.2998309365964967e-19,9.85240500295248e-11,1.9545050206250117e-15,1.4247258098365872e-21,2.3481409247301088e-15,3.1002142788171504e-15,6.439291392983496e-19,6.597766736872728e-16
window-a7747bcabd019ce47e1a,622_102123_205145,kite,carrot,0.7474380135536194,False,0.24553225934505463,8.655314312489004e-12,2.576831191384443e-28,4.6488175112278755e-15,3.9657628675085203e-19,1.2625699163566602e-42,2.1039507913656053e-09,0.7474380135536194,8.679135270139805e-16,1.1024255996971988e-07,2.10379605988624e-15,2.3768119916667274e-08,7.859667828190349e-22,0.0070296102203428745,2.776308537515278e-21,1.0507542102036749e-12,6.056941178127181e-21,2.8870487152698785e-20,2.380740417073289e-16,1.128746540679515e-09,1.1933678489839394e-09,4.224940625081669e-15,3.728084854714986e-11,2.449748182087319e-09,3.2700733532684337e-14,3.95278173934881e-15
window-7deeb564554a12c38646,622_102123_205145,kite,carrot,0.9981560111045837,False,0.0018415264785289764,3.2133926075594843e-10,3.7681998031062234e-27,6.196367881685164e-16,1.806555633575759e-18,4.677885940442635e-32,5.843351136292085e-09,0.9981560111045837,3.950719425880483e-16,2.185283953792805e-09,4.956519831721435e-17,1.9867856693167596e-08,4.392331960713418e-20,3.2475230682393885e-07,6.036488652805667e-21,7.384914454756149e-16,9.639754832916834e-24,2.2696859840416523e-23,7.947769436393408e-16,9.165910341835115e-07,4.9517301370372024e-09,1.1537096961371923e-16,4.077215260048991e-17,1.235166678270616e-06,4.645794111825946e-14,3.8815946552418355e-18
window-47f820b8650b168d0d3e,566_81802_162361,kite,book,0.8906778693199158,False,3.1304621188610326e-06,0.00010332633974030614,0.0012054312974214554,0.08662905544042587,0.8906778693199158,2.3484564293241306e-10,0.00045118998968973756,3.975645449827425e-05,0.016090022400021553,2.101585596392397e-05,8.624589895589452e-07,8.917903073779598e-07,0.0021246497053653,0.00018225968233309686,1.0841604307643138e-05,0.00012950018572155386,1.1255437129875645e-05,4.029971933050547e-06,0.00036537833511829376,8.71980621042212e-09,0.0011504740687087178,0.0007117859204299748,1.3754540304944385e-05,5.202630200074054e-05,1.9546347175491974e-05,2.1211442344792886e-06
window-e5eedf177d8130ecd77b,566_81802_162361,kite,chair,0.2314901351928711,False,0.0006364206201396883,0.003723702160641551,0.22203002870082855,0.06279236823320389,2.7083402528660372e-05,3.832073547371806e-10,0.0011167472694069147,1.7940294128493406e-05,0.2314901351928711,0.009714635089039803,3.325836530621018e-07,0.0782148465514183,0.0008551313076168299,0.00024239985214080662,0.0006389486370608211,0.000682226731441915,0.1043924018740654,0.008352911099791527,0.0002513993822503835,5.732481511699916e-08,0.10319899767637253,0.006142681930214167,4.401557453093119e-05,0.0007895317976363003,0.027143213897943497,0.1375018209218979
window-6daace5b7be2801205d4,566_81802_162361,kite,mouse,0.7820162773132324,False,0.00012350968609098345,0.0010253937216475606,0.019077252596616745,0.0215536467730999,0.01196102611720562,3.8477668567793444e-05,0.007832775823771954,0.00045750377466902137,0.0020349612459540367,0.000987740815617144,0.002077794400975108,0.02164919301867485,0.0015870269853621721,0.00016420356405433267,0.014250493608415127,0.7820162773132324,0.0012126511428505182,0.017999904230237007,0.005807453766465187,7.982771057868376e-05,0.0008713265997357666,0.004649328999221325,0.0006595145096071064,2.8235099307494238e-05,0.003827582811936736,0.0780268982052803
window-f19ff6974df9bf2bcd44,566_81802_162361,kite,book,0.6090428829193115,False,2.404549923085142e-05,0.0007056226022541523,0.004210602957755327,0.1975473314523697,0.6090428829193115,2.6956980647696582e-08,0.00033536527189426124,0.003159648273140192,0.00911589153110981,3.770620241994038e-05,0.00026907052961178124,4.0642175008542836e-05,0.00031032756669446826,1.4065505638427567e-05,0.09605944901704788,0.0031729876063764095,0.002964950166642666,0.02834954671561718,0.005511854775249958,0.00012693590542767197,0.0004950311849825084,0.007381157949566841,0.0002452451444696635,2.9795294267387362e-06,0.010992986150085926,0.019883716478943825
window-0610c66dc36544427618,407_55221_107129,microwave,umbrella,0.5922660827636719,False,7.424019372592738e-07,0.07421153783798218,0.0011663321638479829,0.0023035749327391386,0.0006618073675781488,5.144660804035084e-07,0.00025688615278340876,3.715294383255241e-07,0.00044029910350218415,0.004231039434671402,4.6050521632423624e-05,0.00812755897641182,7.055182777548907e-06,0.307033896446228,0.00019332676311023533,0.00017878011567518115,2.0620673240046017e-05,0.00043729657772928476,0.0001495907927164808,1.0604205014086432e-10,0.00019890190742444247,8.924621930361809e-09,9.840773418545723e-05,8.851102029439062e-05,0.5922660827636719,0.007880731485784054
window-110274842238389bd597,407_55221_107129,microwave,umbrella,0.6673246622085571,False,0.0023391421418637037,0.026569850742816925,0.010747530497610569,0.04625887796282768,0.009185357950627804,7.326477202695969e-07,0.024282414466142654,1.0346469935029745e-05,0.002144522499293089,3.901638410752639e-05,0.03810441493988037,0.0017012598691508174,7.901914068497717e-05,0.0351187102496624,0.011771337129175663,0.0006066916976124048,5.564812909142347e-06,9.27424625842832e-05,0.10694459080696106,1.3761981563220615e-06,0.0013534869067370892,1.699573999758286e-06,0.0001895554451039061,0.0005843272665515542,0.6673246622085571,0.014542712830007076
window-8ee840f8dcb6a7059f2a,407_55221_107129,microwave,toilet,0.42067480087280273,False,1.4932957128621638e-06,0.10048643499612808,0.002264567418023944,0.008049075491726398,0.10385052859783173,1.1377765076758806e-06,0.0003426883777137846,0.0004311500524636358,4.3139907575096e-06,1.719706546055022e-07,1.6210057651733223e-07,0.00047754740808159113,2.4708382909133242e-11,2.8605825264094165e-06,1.2039000466756988e-05,0.06257928162813187,7.71414931932668e-10,0.0006537210429087281,0.30015140771865845,1.9720120989722562e-13,2.1990736058796756e-06,0.42067480087280273,4.0425215956929605e-06,2.2776252990297507e-06,2.0152065189904533e-06,6.051950549590401e-06
window-1ef6602462ae644d6035,407_55221_107129,microwave,sandwich,0.935739278793335,False,5.482426331582246e-06,0.0006747480947524309,4.289871867513284e-06,0.003599293529987335,0.027239162474870682,6.136693997405018e-08,0.0013721734285354614,0.0012992789270356297,3.480280429357663e-05,8.1288417277392e-05,5.2090072131250054e-05,0.0003517671430017799,3.075678600694687e-10,8.566821634303778e-06,4.44524403064861e-06,0.026732562109827995,3.266420744996168e-10,0.0011981173884123564,0.935739278793335,8.710666216105167e-11,0.0005315886228345335,2.016806320170872e-06,0.00018205615924671292,2.8563155865413137e-05,0.0007752443780191243,8.317835454363376e-05
window-23cf96cd3b0afa826900,48_2772_8326,microwave,microwave,0.6016343832015991,True,0.0032931584864854813,0.0055237882770597935,0.0002704731305129826,0.0006980654434300959,0.0015902061713859439,1.7282680175867426e-08,0.054737553000450134,0.0003498413716442883,0.10929982364177704,0.07372932136058807,0.001052156207151711,0.0031492027919739485,1.2014374078717083e-05,3.328794628032483e-05,0.6016343832015991,0.001275986316613853,6.16395468000519e-08,0.0020148863550275564,0.0638808086514473,4.6822759713904816e-07,0.0010727240005508065,6.830636721133487e-06,0.04353848472237587,0.004268782213330269,0.021955741569399834,0.006611915770918131
window-7c94a106d198fd3830af,48_2772_8326,microwave,cup,0.30816951394081116,False,0.010507740080356598,0.012095384299755096,0.000402925448725,0.00335797481238842,0.009728250093758106,8.816930971988768e-07,0.05896119773387909,0.0010778573341667652,0.08291736245155334,0.30816951394081116,0.0002547026379033923,0.007336515001952648,0.00010421073966426775,0.001008708612062037,0.14381439983844757,0.004538402892649174,4.195209385216003e-06,0.003488479647785425,0.12325596064329147,7.496935722883791e-06,0.0017321546329185367,2.464520093781175e-06,0.07306787371635437,0.012418096885085106,0.13489001989364624,0.00685729319229722
window-4bb8bf16e299e63ba42a,48_2772_8326,microwave,cup,0.3483123481273651,False,0.014445318840444088,0.017506474629044533,0.0004806661745533347,0.0007852428243495524,0.010366485454142094,0.00022258453827816993,0.197308748960495,0.0006763556157238781,0.04546969011425972,0.3483123481273651,0.0018479428254067898,0.008729884400963783,0.0008850581361912191,0.0009610637789592147,0.09080679714679718,0.0006652793963439763,1.2348859854682814e-06,0.018495284020900726,0.03348706662654877,8.461292964057066e-06,0.005020880606025457,0.0008545147720724344,0.08881956338882446,0.022603262215852737,0.02475898154079914,0.06648071110248566
window-7f88e7a51b1f62c2d0bd,48_2772_8326,microwave,microwave,0.7286521792411804,True,0.0035886007826775312,0.0004152469045948237,0.0007004579529166222,0.002410796470940113,0.0006206456455402076,3.4710807561566526e-09,0.027146803215146065,3.5028057027375326e-05,0.06921589374542236,0.03306456655263901,0.00013083768135402352,0.006607642862945795,5.233504225543584e-07,0.00014490367902908474,0.7286521792411804,0.010348770767450333,9.025495906200831e-09,0.001093359780497849,0.029792753979563713,1.942391065767879e-07,0.00036954687675461173,1.1161546353832819e-05,0.017030037939548492,0.016771037131547928,0.046677518635988235,0.005171536467969418
window-3a06a3f8c35d57527b35,555_80017_155910,microwave,microwave,0.9055904150009155,True,6.769455751509668e-08,0.0005972713697701693,0.07049451768398285,0.0008856780477799475,1.536979470984079e-05,2.4435456325022642e-08,5.613622761302395e-06,3.5359157379843964e-08,3.1518908372163423e-07,8.039705789997242e-07,3.744359128177166e-05,0.00012359691027086228,8.42946068502215e-09,4.130410889047198e-05,0.9055904150009155,6.217531336005777e-06,8.936163067119196e-05,4.709099084720947e-05,0.00033157956204377115,3.942473569829019e-10,0.0005987450713291764,2.0491649266318746e-08,2.754032720986288e-05,2.246244775960804e-06,0.02110469527542591,3.477539323171186e-08
window-ab3ce0ce16316c4373f9,555_80017_155910,microwave,baseballbat,0.9249788522720337,False,2.6373081141173316e-07,0.00032585998997092247,0.9249788522720337,0.013606269843876362,3.559515562301385e-07,1.1110070090580848e-06,6.247640982337543e-08,6.057530299585778e-06,1.9176660259745404e-08,9.003251193462347e-07,0.010049981065094471,0.010947875678539276,6.023051173542626e-05,3.0459275990324386e-07,0.007038377691060305,0.003073260886594653,0.004606257192790508,0.0009451443329453468,2.0017749591261236e-07,2.1983730391639256e-07,0.0017083109123632312,7.242889523695339e-07,0.0007367006619460881,4.296524275559932e-05,0.021869389340281487,2.4223280092883215e-07
window-4e9bf21f470fff91a9ce,555_80017_155910,microwave,teddybear,0.7192641496658325,False,9.20830842687792e-08,0.032771285623311996,0.02221229113638401,0.029479900375008583,6.299750339167076e-07,5.0648914111661725e-06,2.793078920149128e-06,3.042765399641212e-07,1.367572167509934e-06,0.00029599035042338073,4.678778350353241e-05,0.12775124609470367,4.519759022514336e-05,6.6691092115434e-07,8.927140152081847e-05,0.03932870179414749,1.5099212760105729e-05,0.0177404023706913,1.855206210166216e-05,4.25360502376293e-09,0.7192641496658325,7.065576568265897e-08,5.408009383245371e-05,0.0011167629854753613,0.00975909736007452,2.5240717604901874e-07
window-3e25f2b702900926bbef,555_80017_155910,microwave,microwave,0.8632438778877258,True,2.290275733685121e-05,0.0003993371210526675,0.10205593705177307,0.017057990655303,0.0001755691337166354,1.1369731964805396e-06,2.178413160436321e-05,3.7707491173932794e-06,2.7680944185703993e-06,2.2779238406656077e-06,1.5400295524159446e-05,0.00790261197835207,1.0514927453186829e-05,1.7081633814086672e-06,0.8632438778877258,0.0008789661224000156,0.0009177749161608517,0.002831709571182728,0.0013408137019723654,6.831223231529293e-07,0.00042080471757799387,1.122395065777937e-09,0.0004662865831051022,5.00707101309672e-05,0.0021750719752162695,1.4664516356788226e-07
window-8b58c3f1b771ebc58117,618_100747_201834,microwave,microwave,0.9978121519088745,True,4.3177385278259095e-11,1.3424407141471306e-09,5.476293640782615e-09,0.00016657191736157984,1.4565251149178948e-05,1.118236174531204e-42,1.2497635907493532e-05,1.321222862019078e-12,1.34855307476478e-10,1.8055001191896736e-06,5.179682705425299e-16,1.3248386494524311e-05,5.2328733251942594e-14,4.901667489320971e-05,0.9978121519088745,8.584569513914175e-06,4.85941700389958e-06,5.559803728516499e-10,5.151031814421003e-07,2.5481647347724845e-10,4.076292043464491e-06,2.443352086682702e-15,4.763209744851338e-06,1.2479752342642314e-08,0.0019073684234172106,3.191079778891437e-12
window-dea44c1a8b57d32c69e9,618_100747_201834,microwave,microwave,0.9992838501930237,True,5.721978012934725e-12,9.1357806736303e-12,2.0721628857245378e-07,0.0002884665154851973,2.923105967056472e-06,4.203895392974451e-45,4.575058483169414e-05,2.5015869909404687e-13,7.091139481163466e-11,3.9680242025497137e-07,4.2708504990371214e-16,1.0144365205633221e-06,3.2286053756749197e-17,1.5888475900283083e-05,0.9992838501930237,6.378910711646313e-06,6.195939022290986e-06,7.146292585469283e-11,1.5066975223021473e-08,1.6162852306544906e-14,4.939986411045538e-07,2.3120055462881746e-17,1.6923520888667554e-05,2.9323000916292585e-08,0.0003314066561870277,2.471980411165864e-13
window-82c08c7ef6e6bc0c8dc5,618_100747_201834,microwave,microwave,0.9995971322059631,True,1.453073094790855e-13,3.7686056532371115e-12,5.096030819551345e-10,0.0003136105660814792,1.6287181097141001e-06,0.0,3.927327725250507e-06,2.1492565214532855e-13,5.990694594039392e-13,1.2601316257132567e-07,3.5798949660778914e-14,4.468796532819397e-08,9.136425594351944e-17,4.84592019347474e-05,0.9995971322059631,7.984092007973231e-06,3.659897402030765e-06,2.4426480803307893e-12,1.522726278402331e-09,2.1655846061709172e-13,2.3209884147945559e-07,2.7431582204581693e-17,1.6730451534385793e-05,1.0900632618771056e-09,6.484833193098893e-06,6.135225655420559e-14
window-7312c3636e075e8c7a53,618_100747_201834,microwave,microwave,0.9947323799133301,True,6.912922382966424e-13,2.8211044611481384e-11,1.1512121034229494e-08,0.0028872168622910976,3.7177019862610905e-07,0.0,2.1066778117528884e-06,1.627256679013686e-13,8.219883107507542e-11,1.9391073635688372e-07,9.807952044385733e-15,1.0838064099516487e-06,1.9257459227251233e-15,0.0021874690428376198,0.9947323799133301,4.959671787219122e-05,5.640867470901867e-07,3.7598515967296464e-10,7.705215354647521e-10,1.1102420198472185e-11,7.485842616006266e-06,1.3133893033289188e-16,9.632838191464543e-05,1.9980432863775377e-09,3.523782652337104e-05,5.670969878586452e-13
window-481395cd4651690f7ea0,506_72906_141733,microwave,microwave,0.4112852215766907,True,3.5566310430112935e-07,0.000915088749025017,0.0014168494381010532,0.14889301359653473,0.03357004001736641,1.974008196486965e-12,0.0015922130551189184,2.6201405489700846e-05,0.007849504239857197,0.00024178982130251825,9.594436960469466e-07,3.655125510704238e-06,4.222520874463953e-05,7.346130587393418e-05,0.4112852215766907,6.316800863714889e-05,0.0011186854681000113,1.4704148270539008e-05,0.03830549865961075,3.2695209029043326e-07,0.0007977793575264513,0.3295583724975586,3.6732108128489926e-05,8.849077858030796e-06,0.02366410382091999,0.0005211902316659689
window-21d3a0ba1656ff973e76,506_72906_141733,microwave,microwave,0.7729317545890808,True,4.701510533777764e-06,0.0040520355105400085,0.18384991586208344,0.0031639193184673786,2.5199535230058245e-05,2.0728963684435442e-11,0.0006206278339959681,4.39026689491584e-06,5.323887762642698e-06,4.56044654129073e-06,2.243622930109268e-06,9.99830626824405e-06,2.6578498363960534e-05,7.1563922574569006e-06,0.7729317545890808,0.002946116030216217,1.777765533006459e-06,0.0020336750894784927,9.993176718126051e-06,3.7298443203326315e-05,0.02985864318907261,9.292156391893514e-06,1.0837006669817129e-07,0.0002535815292503685,2.3197646896733204e-06,0.00013882220082450658
window-cbf63f5c4fc858f54662,506_72906_141733,microwave,bench,0.8458391427993774,False,0.018944591283798218,0.0005549145280383527,0.033283695578575134,0.8458391427993774,0.04832750931382179,0.00011620254372246563,0.004298498388379812,7.687238394282758e-05,0.0025255014188587666,0.005596629343926907,6.055405492588761e-07,0.0004944986430928111,0.0003797097597271204,2.5906516384566203e-05,0.026292888447642326,4.855255397728797e-08,1.6158576272573555e-06,0.003473591757938266,0.0006052694516256452,5.62538048143324e-07,0.004475830588489771,3.209781425539404e-05,8.430369234702084e-06,0.0001116015700972639,0.004533352330327034,4.174288505964796e-07
window-a49a32e12f701de197eb,506_72906_141733,microwave,bench,0.6860706210136414,False,1.63703361977241e-07,6.946398207219318e-05,0.0046416413970291615,0.6860706210136414,0.06825248897075653,1.319066200267116e-06,0.0003765662549994886,4.796937901119236e-06,0.005244037136435509,0.01898914761841297,5.093369327369146e-05,1.2109114322811365e-05,9.056978160515428e-05,0.0001500827056588605,0.10588697344064713,2.4490818759659305e-05,0.008317613042891026,0.0007010233821347356,0.05979938060045242,5.373168505684589e-07,0.0018112866673618555,0.031063448637723923,1.90836944966577e-05,0.0003084614290855825,0.003841360565274954,0.004272352438420057
window-4cad43580460ad7de362,117_13754_28208,mouse,wineglass,0.5545912384986877,False,0.0016333883395418525,0.0016515550669282675,0.010132508352398872,0.000504399067722261,0.00013577750360127538,4.503009964906823e-09,0.044930554926395416,0.0019236174412071705,0.002500892383977771,0.003055213950574398,0.009338822215795517,0.03989286720752716,0.08852963894605637,0.07073055952787399,0.022331757470965385,0.004754221998155117,0.008420457132160664,0.0072055417113006115,0.005723956041038036,0.0006685124826617539,4.264027302269824e-05,0.024421021342277527,0.02778899297118187,0.003535222029313445,0.06555669009685516,0.5545912384986877
window-d0138215af07aee3e6ce,117_13754_28208,mouse,parkingmeter,0.29005128145217896,False,0.044033754616975784,0.0020410914439707994,0.0005281606572680175,0.0058443606831133366,0.0008300163899548352,1.0530455396562388e-09,0.22306381165981293,0.05173163115978241,0.010504535399377346,0.0024627060629427433,0.013787791132926941,0.03308342769742012,0.0002644043997861445,0.10885737836360931,0.020485378801822662,0.0165840033441782,0.29005128145217896,0.010530960746109486,0.013055980205535889,0.00012137363955844194,0.006514550186693668,0.007749513257294893,0.010135037824511528,0.014580362476408482,0.07053670287132263,0.042621735483407974
window-41268c81a04d0ce81afe,117_13754_28208,mouse,kite,0.5777270793914795,False,0.011555901728570461,0.018311981111764908,9.475566184846684e-05,0.0018734402256086469,0.00022812759561929852,5.2073982459432955e-08,0.01750296913087368,0.039707016199827194,0.021362338215112686,0.012467995285987854,0.0003991495759692043,0.008332767523825169,0.09710898250341415,0.5777270793914795,0.041760481894016266,0.032663021236658096,0.015778010711073875,0.002033567288890481,0.011477621272206306,0.00014046553405933082,0.004210780840367079,0.0007266267202794552,0.018412496894598007,0.0029338740278035402,0.017006222158670425,0.04618418216705322
window-a0a5038ae089a0f84755,117_13754_28208,mouse,kite,0.38238856196403503,False,0.001998276449739933,0.003217452671378851,0.0006314208148978651,0.0008484651334583759,0.00043515197467058897,1.0828890673053593e-08,0.04185723140835762,0.017119459807872772,0.04408995062112808,0.01082659512758255,0.0011350794229656458,0.015137461945414543,0.08317787200212479,0.38238856196403503,0.035198874771595,0.05638621747493744,0.019104555249214172,0.019299328327178955,0.032124221324920654,2.972568472614512e-05,0.0026349215768277645,0.004073230549693108,0.01736113615334034,0.0014006065903231502,0.08494212478399277,0.12458203732967377
window-cc4d3d63518c1514b483,14_161_1089,mouse,wineglass,0.2739812433719635,False,0.09346116334199905,0.06308046728372574,0.008207539096474648,0.002429486019536853,0.14930477738380432,2.5983144524843738e-09,0.00393300037831068,0.021299680694937706,0.006638061720877886,0.022228045389056206,3.4736549423541874e-05,0.001705292728729546,0.022343002259731293,0.0017471457831561565,0.0034336380194872618,0.17639674246311188,0.00016696426609996706,0.0007846849621273577,0.0011448553996160626,8.2893345521029e-09,0.0008398345089517534,2.0059665075677913e-06,0.12856867909431458,0.01469067670404911,0.0035782756749540567,0.2739812433719635
window-834cd9028600a3147aa6,14_161_1089,mouse,umbrella,0.6248037815093994,False,0.0002102357248077169,0.01160192210227251,0.00019430705287959427,0.018784863874316216,0.046191319823265076,1.7544421027082535e-08,0.00517990393564105,0.004121565725654364,0.0515512153506279,0.06778369098901749,0.002952250652015209,0.0002739716728683561,0.014370709657669067,0.03464258462190628,0.00514869624748826,0.04589047282934189,0.00038159024552442133,0.005025296472012997,0.036914680153131485,5.105002492200583e-05,0.00232572085224092,8.445812937907249e-08,0.00298071070574224,0.0017571542412042618,0.6248037815093994,0.016862206161022186
window-35cd8c945d03bee082ac,14_161_1089,mouse,wineglass,0.3676070272922516,False,9.777918421605136e-06,0.0006950001115910709,0.0011772081488743424,0.0006943849730305374,1.928474557644222e-05,2.754351857703341e-09,0.0016682061832398176,0.05814799666404724,0.007786987815052271,0.03036285750567913,0.0025260646361857653,2.8613265385502018e-05,0.002000931417569518,0.007246669847518206,0.042134758085012436,0.062210652977228165,2.84072643808031e-06,0.0007214235374704003,0.0002909202012233436,0.00011285682558082044,0.0003127655654679984,1.166998208645964e-05,0.11205395311117172,0.0032868217676877975,0.2988903224468231,0.3676070272922516
window-de59f3a9f45001d86603,14_161_1089,mouse,hydrant,0.4133136570453644,False,0.00013073193258605897,0.011782089248299599,0.001443610992282629,0.0246095173060894,0.0021081576123833656,1.488435374952246e-09,0.0032065454870462418,0.002342761727049947,0.07833348214626312,0.03574124351143837,0.00048232401604764163,0.00181474257260561,0.4133136570453644,0.009903522208333015,0.02135363407433033,0.20592792332172394,0.017411263659596443,0.0023398788180202246,0.011005810461938381,0.00015186690143309534,0.0011310972040519118,2.7213868634134997e-06,0.025694021955132484,0.0013928106054663658,0.04880579188466072,0.07957081496715546
window-d7105ba4b33c4035852d,465_66131_129808,mouse,umbrella,0.9890782237052917,False,1.2989113784556139e-08,2.2349611050742624e-09,4.6914891527194413e-08,5.961281203781255e-06,0.002427654806524515,3.3296588186366764e-23,1.3379340302321907e-08,1.66409358515196e-10,0.0027707982808351517,0.0018659838242456317,0.0005053022759966552,8.060061190917622e-06,3.51829157807515e-07,3.6530041143123526e-06,4.9218378294680915e-15,6.437993249619467e-09,1.5765734935205923e-31,1.5039892787171993e-05,5.923600454593725e-08,2.1419817308743205e-10,0.0033166275825351477,9.232107706623211e-15,1.7700641592455213e-06,3.6014714055454533e-07,0.9890782237052917,4.115803902663036e-14
window-89577104d0474cfca336,465_66131_129808,mouse,umbrella,0.9706366658210754,False,2.1761065838177274e-08,2.9096233755687706e-10,1.7267659302433458e-08,6.130959081929177e-05,0.003967757802456617,2.8813405833929265e-22,3.3051131276273793e-10,2.1082788292936527e-11,0.008571116253733635,0.0015661359066143632,0.0014879446243867278,2.3082302504917607e-06,1.498321580584161e-06,3.9403167306772957e-07,3.989096106440411e-16,6.875363833813708e-09,1.1619304625674712e-30,4.0621091557113687e-07,2.4032098977500027e-08,6.595758383909356e-10,0.01369530614465475,8.395675164945562e-16,8.842876013659406e-06,2.9241539323265897e-07,0.9706366658210754,1.607588065758673e-14
window-8a676d99acc538701fb1,465_66131_129808,mouse,umbrella,0.9817414879798889,False,1.0471391753696935e-08,3.509698753845214e-09,1.9759790248485842e-08,2.032103793681017e-06,0.0022988200653344393,8.940258457621974e-23,2.841302970679749e-09,8.449822785916439e-11,0.003100288100540638,0.007062012329697609,0.00013894903531763703,2.6951493055094033e-06,6.067508024898416e-07,1.1397834498438897e-07,2.0087089882604194e-15,3.817364646607757e-09,3.0603199026235573e-32,7.671617822779808e-06,5.80215591128308e-08,2.375825057521208e-11,0.005644149146974087,4.3034274603039047e-14,7.808507120898867e-07,1.770193307493173e-07,0.9817414879798889,1.074696104677586e-12
window-2b3507ad326e5829a6ca,465_66131_129808,mouse,umbrella,0.9756196737289429,False,2.9695536696294766e-08,2.2681149403069867e-08,1.2720465791815627e-09,2.763231123026344e-06,0.000542959722224623,3.3917765662130376e-23,2.19289542080503e-09,1.363818780131254e-10,0.002832329599186778,0.012202301062643528,0.0002495897642802447,2.1777227630082052e-06,1.133895921157091e-06,1.3724668406212004e-06,5.751215221969823e-15,1.738495902792181e-09,1.934079881820357e-31,5.1423990953480825e-05,1.689588380315854e-08,6.796254115037925e-10,0.00849205907434225,1.319565946989636e-14,1.2081084150850074e-06,9.563214007357601e-07,0.9756196737289429,4.724504207992419e-13
window-5aa7173f8b40accb3cf0,601_92735_185308,mouse,baseballbat,0.5710986852645874,False,4.225040174787864e-05,0.007127519231289625,0.5710986852645874,0.0005823684041388333,0.01463377382606268,4.3347783695857345e-10,0.031489137560129166,0.0003875641559716314,2.0207899069646373e-05,3.0965738915256225e-06,0.0012576495064422488,0.07367158681154251,4.862413249817621e-10,0.010224558413028717,0.00017042621038854122,0.0016494544688612223,1.1096936702870153e-09,4.4169439206598327e-05,0.28053492307662964,2.9008486585047066e-11,0.002116386778652668,6.763858982594684e-05,1.2780959650626755e-06,0.0005602056044153869,0.004317000508308411,1.1418006806707126e-07
window-5bdcd9676f45c1a8e161,601_92735_185308,mouse,baseballbat,0.5141297578811646,False,2.372257768001873e-05,0.0937594547867775,0.5141297578811646,0.0002113586087943986,0.005551930982619524,1.6998847884863721e-09,0.009142249822616577,0.004117967095226049,6.968723755562678e-05,7.455089507857338e-05,0.04421672597527504,0.06320589035749435,1.0612200007642514e-08,0.03403443470597267,0.00013715434761252254,0.02060258388519287,2.80732432855757e-08,3.5019711503991857e-06,0.1410646140575409,2.4554830391210203e-10,0.009290467016398907,0.0003182836517225951,3.653121166280471e-05,0.007913765497505665,0.05208858847618103,6.738751835655421e-06
window-149871cdac8ad5358d6e,601_92735_185308,mouse,frisbee,0.5067455172538757,False,3.6074325180379674e-06,0.09641892462968826,0.2514567971229553,5.711990888812579e-05,0.00031042483169585466,6.22229767710536e-10,0.0009591490961611271,0.003378329100087285,2.9544601147790672e-06,7.073785673128441e-05,0.5067455172538757,0.021836910396814346,4.7809628256345604e-08,0.02804974466562271,1.5375126167782582e-05,0.009071622975170612,1.9970553921666578e-07,1.6740661124003964e-07,0.002485808450728655,3.187702185547536e-11,0.003794743912294507,0.0003317268565297127,1.56009027705295e-05,0.007343615870922804,0.06763943284749985,1.1354413800290786e-05
window-0bfdb76ce96cff94d8fc,601_92735_185308,mouse,baseballbat,0.5926333665847778,False,8.419880941801239e-06,0.07478228211402893,0.5926333665847778,9.01618623174727e-05,0.0007832646952010691,6.881654690538141e-10,0.002244762144982815,0.0010173794580623507,7.764025212964043e-06,5.109354242449626e-05,0.16112102568149567,0.021664729341864586,1.1974574931628013e-07,0.019809046760201454,3.472103344392963e-05,0.0031502805650234222,1.9891707836450223e-08,6.665836735919584e-07,0.008862712420523167,1.1796522092488715e-10,0.003352323081344366,0.0001810062676668167,3.153803481836803e-05,0.0158829428255558,0.0942838191986084,6.573920927621657e-06
window-324254094bf984a0eb68,269_28600_56284,mouse,toyplane,0.23644232749938965,False,5.999323548167013e-06,1.1568720765353646e-05,0.00962494034320116,0.006044685374945402,0.08077692240476608,8.780313038051976e-15,0.12193875759840012,4.546548370853998e-05,1.0913573760262807e-06,0.0019985029939562082,0.21205323934555054,2.2234225980355404e-05,2.7517950584865503e-08,3.0478528060484678e-05,0.0007591439643874764,0.1943516582250595,1.2722586872904174e-10,0.0007410896942019463,4.1984384324678103e-07,2.6509638928473578e-09,0.0003870441869366914,0.00040100637124851346,0.23644232749938965,5.7897301303455606e-05,0.0002686989028006792,0.13403676450252533
window-0eb9cad2dfe4102594d8,269_28600_56284,mouse,mouse,0.8287076354026794,True,0.015246805734932423,0.0008510383777320385,5.1378243369981647e-05,1.6955404134932905e-05,0.0031658909283578396,5.055841406339037e-14,0.08229321986436844,0.02453296259045601,2.6189836717094295e-05,0.01466292142868042,0.014045991003513336,3.334160510348738e-06,1.3175028845680004e-09,2.3679011064814404e-05,0.0012974286219105124,0.8287076354026794,3.28933386604946e-14,0.0002618747530505061,2.861539542209357e-05,3.0030869284380923e-12,0.00041604353464208543,1.2279887187105487e-06,0.012717687524855137,0.00039963421295396984,5.652383333654143e-05,0.0011930880136787891
window-be528ae84d05bc7f3ba0,269_28600_56284,mouse,ball,0.8421891331672668,False,0.08113296329975128,0.8421891331672668,3.81041900254786e-06,4.048794289701618e-05,8.599405555287376e-05,1.1129070998094903e-08,0.0006382559658959508,0.050946272909641266,9.254488730903176e-09,0.00037548161344602704,2.5566492695361376e-05,1.4428001848809657e-10,6.00567555755771e-13,5.752337528974749e-06,1.9811184301943285e-06,0.0002791622537188232,7.388385503129769e-18,1.3774059226534519e-08,0.024224253371357918,2.5658960621660157e-17,1.384400320603163e-06,3.6051845953011252e-09,6.136782815246988e-08,4.059099410369527e-06,2.2769449969928246e-07,4.5207725634099916e-05
window-d90faedadbc8f578bc7e,269_28600_56284,mouse,mouse,0.3306497037410736,True,4.602030458045192e-05,1.8090775483869947e-05,0.0004232509236317128,0.028279513120651245,0.003026198362931609,1.0517990521993588e-19,0.1204892173409462,0.003825303865596652,2.1875041511520976e-07,0.08453021943569183,0.22739963233470917,1.2691921256191563e-06,6.970355403979056e-09,1.9246788724558428e-05,6.386703171301633e-05,0.3306497037410736,2.903477014370992e-09,6.099421079852618e-05,8.191985216399189e-06,2.8571002985700034e-05,8.377515769097954e-06,3.4913705349026714e-07,0.11397077143192291,0.000170220184372738,0.00029188484768383205,0.08668889850378036
window-7008d236bf198aab3b82,193_20812_42179,parkingmeter,hydrant,0.9306809306144714,False,1.256789228243349e-09,3.3992309909081087e-06,4.376111064630095e-06,4.846041338169016e-05,8.312596037285402e-05,6.239032110722047e-23,5.042681368649937e-05,0.00012414941738825291,9.908477295539342e-06,3.853020189126255e-06,8.38649635848121e-11,6.612091851820878e-08,0.9306809306144714,0.0013905070954933763,2.221229351562215e-06,1.995705112278756e-08,0.056516628712415695,7.463510701199993e-05,3.094052303254102e-08,0.009719911962747574,5.025558493798599e-06,1.7627091892791213e-06,0.00034688643063418567,2.0314338752824845e-11,0.0009337622323073447,5.19620702021939e-09
window-fedd9ba10066f7177bc9,193_20812_42179,parkingmeter,hydrant,0.9983035326004028,False,8.596819367490127e-10,2.7191319418307103e-07,2.0946966383661447e-10,1.2599047295225319e-05,7.84284493420273e-05,1.737035349049787e-32,5.925410846430168e-07,5.4271245062409434e-06,1.611506490917236e-06,0.00016425573267042637,1.641948556285744e-11,7.446315231085521e-10,0.9983035326004028,8.95798905276024e-07,2.0716978479939918e-11,3.5531854791770456e-08,0.0011379101779311895,0.00028346007457003,3.026666070549133e-11,1.0610655408527236e-05,6.038676048092384e-08,3.0824054420008906e-09,1.239019731258395e-08,4.594912991762179e-11,2.998450598923341e-09,2.791682618408231e-07
window-c1814403cfff70e9b986,193_20812_42179,parkingmeter,hydrant,0.9843710064888,False,3.5071329521074723e-12,2.908171836679685e-07,3.8350192466118926e-10,0.00030704159871675074,0.00036206471850164235,4.1029206282321335e-39,1.3017788660363294e-05,9.677302159616374e-08,2.250584202556638e-06,5.472026714414824e-06,4.732654823591531e-10,2.9014132763016676e-10,0.9843710064888,5.573224726163062e-08,4.592469200065397e-12,3.253945806136471e-07,0.014650476165115833,0.00017687729268800467,7.049684458155375e-14,4.0686121792532504e-05,1.3936571576778078e-06,5.4772002044956025e-08,3.958095717848664e-08,2.6385514866750226e-12,5.266305015538819e-05,1.6259236872429028e-05
window-8863c25c4d451ec78bdf,193_20812_42179,parkingmeter,hydrant,0.8323204517364502,False,1.1682206313423649e-08,4.082864506926853e-06,1.1295130164512557e-08,0.00036883869324810803,0.02551642805337906,1.652257146430595e-38,1.3968144230602775e-05,1.4513757378153969e-05,0.0001601143303560093,7.998486398719251e-05,7.440488225540776e-10,6.035524080516552e-09,0.8323204517364502,7.69578832660045e-07,1.9294342599313064e-12,5.931311534368433e-06,0.1408884972333908,0.0003916605783160776,3.489851419999357e-12,1.6407428802267532e-06,4.904767138214083e-06,2.7126221269213602e-08,3.1171910563898564e-07,1.1757924495148231e-11,0.00019902717031072825,2.885772119043395e-05
window-d1da0d2747423b4c5726,433_61349_119679,parkingmeter,toyplane,0.3304442763328552,False,2.2218897356651723e-05,5.9887897805310786e-05,0.2050669938325882,9.404193406226113e-05,0.0004277801781427115,1.2376803073632474e-16,0.01458064280450344,0.000743033888284117,0.06891006976366043,0.008057103492319584,8.397055353270844e-05,0.0035340976901352406,0.07290757447481155,0.000372392765711993,0.00011793262092396617,0.005809707101434469,0.09227872639894485,0.0015021403087303042,0.0070952181704342365,0.001314332359470427,2.814861545630265e-05,0.0005188706563785672,0.3304442763328552,0.001962365349754691,0.02007623203098774,0.1639922708272934
window-0fe58fd389f6adee19b6,433_61349_119679,parkingmeter,chair,0.28054067492485046,False,1.1034476301574614e-06,1.1067248124163598e-05,0.25438809394836426,3.519944357321947e-06,8.53590463520959e-05,4.427229043471108e-18,0.041524436324834824,0.00012681580847129226,0.28054067492485046,0.021728498861193657,5.1309507398400456e-05,0.002302573062479496,0.0014850375009700656,0.0020897756330668926,0.0005429110024124384,0.0009292099857702851,0.044352222234010696,0.08317974954843521,0.0007302085869014263,0.0022018018644303083,9.640927345344608e-08,0.018816843628883362,0.0029531188774853945,0.0004315968253649771,0.03881018981337547,0.20271387696266174
window-332fab2d24835a723cf7,433_61349_119679,parkingmeter,toytruck,0.5199978351593018,False,0.00035347085213288665,0.00014084302529226989,0.07315754890441895,0.0011964316945523024,1.8629003534442745e-05,1.0737351441753288e-24,1.6829259038786404e-05,0.000450498511781916,0.00027910067001357675,0.008234110660851002,2.0586394384736195e-05,0.026303257793188095,0.012004973366856575,9.475269325776026e-05,0.0036002846900373697,0.00022461933258455247,0.041256628930568695,0.001722180051729083,0.010661737993359566,0.01119807455688715,7.05144827861659e-07,3.7255197185004363e-06,0.2355419546365738,0.5199978351593018,0.010976508259773254,0.04254470765590668
window-6321c355d3f74353e89d,375_42777_85636,plant,frisbee,0.39998793601989746,False,5.324227103642443e-08,0.04384376481175423,1.673944279900752e-05,0.00025805499171838164,1.2114822034448025e-08,0.0,1.8497069049772108e-06,5.377756679081358e-05,0.007285186089575291,0.00981728546321392,0.39998793601989746,3.2818602448969614e-06,0.15422871708869934,5.392268462856009e-07,7.927133949259257e-11,9.794364359549945e-07,0.0001271698420168832,8.593539178036735e-07,1.7626081898924895e-05,0.017884796485304832,2.13396646131514e-07,3.761936258793563e-19,1.6885493096197024e-05,0.19060826301574707,0.17511719465255737,0.0007287770858965814
window-a6f3f08b87dd80e9e747,375_42777_85636,plant,hydrant,0.6974985599517822,False,4.4046591938240454e-05,1.4470329006144311e-05,1.4177663842929178e-07,2.3983472985378285e-08,3.527194891717045e-08,7.286752014489049e-44,5.149352364242077e-05,0.0011010257294401526,0.005703622940927744,0.004908041562885046,0.002611722331494093,9.325339487986639e-05,0.6974985599517822,0.0014089600881561637,1.6516586817845458e-13,9.597667940397514e-07,8.083040015094412e-09,1.6821828694446594e-06,0.25855499505996704,4.100348633073736e-06,0.014949273318052292,7.993513620116466e-14,6.463883437390905e-06,8.598495332989842e-05,0.012928149662911892,3.302160621387884e-05
window-74ae7dc6df47209557d5,375_42777_85636,plant,bench,0.5119091868400574,False,2.293615807502647e-06,2.3143167027228628e-07,0.0001587220758665353,0.5119091868400574,1.9069449990638532e-05,1.6314473295216014e-17,0.011724516749382019,5.1182926341653e-08,0.0014739468460902572,0.04704010486602783,2.822004353220109e-05,8.471487689121204e-08,0.09781619161367416,0.15247812867164612,5.001033898111018e-08,3.016872653915925e-07,7.099146750988439e-05,0.0008362754015251994,0.0009545647772029042,1.4303327411369082e-08,0.004535981919616461,8.521280506101903e-06,0.001752548385411501,0.16490429639816284,0.004139987751841545,0.00014574729721061885
window-9b0e211382e7b4634f27,375_42777_85636,plant,handbag,0.35452479124069214,False,7.134240149753168e-07,0.034912243485450745,0.1614045649766922,0.00011069145693909377,1.2261841542127172e-09,1.8216880036222622e-44,0.00030350335873663425,0.0006215250468812883,1.0244860277452972e-05,0.005334816873073578,0.019375167787075043,0.35452479124069214,0.0004098567587789148,0.0046240598894655704,8.502581451408364e-12,0.00041654298547655344,5.246701402938925e-05,0.00018080580048263073,0.008517407812178135,0.00015548709779977798,4.69732128749456e-07,1.215684873426303e-15,2.9761347377643688e-06,0.32400456070899963,0.08488749712705612,0.00014967116294428706
window-a1bb4e60312a9a42e51b,612_97740_196493,plant,mouse,0.5902968645095825,False,0.11192060261964798,0.08502862602472305,0.0033430808689445257,3.806077438639477e-05,2.4634327928652056e-05,2.154452843321567e-22,0.001823917729780078,0.0016798751894384623,0.0015757529763504863,0.0042951968498528,0.0012484760954976082,0.00010779325384646654,7.49610917409882e-05,2.618764301587362e-05,8.963208983914228e-07,0.5902968645095825,0.0007065813988447189,0.017190266400575638,4.5912158384453505e-05,5.413290926625791e-10,0.09612902998924255,9.045978913491126e-06,0.009232698939740658,2.4072232918115333e-07,0.013044572435319424,0.06215682998299599
window-a6d2b03a3131d9700fdb,612_97740_196493,plant,ball,0.5471754670143127,False,0.0001653054787311703,0.5471754670143127,6.160865450510755e-05,5.2470008085947484e-05,0.00015932241512928158,1.235526180155649e-17,0.11579926311969757,2.4848030079738237e-05,4.724406039713358e-07,0.006389074958860874,6.5738866396714e-05,2.847640098480042e-05,3.303561157963486e-08,2.4971296852527303e-07,0.00019232345221098512,0.31053125858306885,1.2791981589543866e-06,0.0005220400053076446,0.0006812153151258826,3.463297140390842e-12,0.00011659011943265796,6.561175069919045e-08,0.015705058351159096,0.00041516535566188395,1.1801187611126807e-05,0.001900798175483942
window-d1783076e83b358ae591,612_97740_196493,plant,ball,0.8564180731773376,False,0.00039750809082761407,0.8564180731773376,2.5365632154716877e-06,6.457277322624577e-06,1.72171803569654e-06,3.6829856737806414e-24,0.0021694637835025787,6.244712858460844e-05,5.524273728951812e-05,0.0020123368594795465,5.335925834515365e-06,3.227619527024217e-05,0.0002943890867754817,0.00012353819329291582,3.49608797023393e-07,0.08975449204444885,0.00026328960666432977,0.002983021317049861,0.00019082397921010852,1.9023810304830135e-12,0.0016370740486308932,3.389220992744413e-08,0.0028385387267917395,7.224459295684937e-06,2.3050373783917166e-05,0.04072083160281181
window-df82b505c7ee6092e3f9,612_97740_196493,plant,ball,0.8167826533317566,False,3.035073703472335e-08,0.8167826533317566,5.470351425174158e-07,1.10156804566941e-06,2.8712342100334354e-05,2.2750751030928877e-22,0.0008045717258937657,0.00011223565525142476,3.1271812872546434e-07,0.00037245883140712976,0.00017616729019209743,9.187301088786626e-07,6.306954674073495e-07,5.694596794114659e-08,4.159096249622962e-07,0.16362318396568298,5.43681835551979e-06,6.919090810697526e-05,3.322710836073384e-05,3.6951004755980676e-11,0.004927086178213358,4.024606369057437e-06,0.01289875153452158,8.115775074202247e-08,1.6682283785485197e-06,0.00015647646796423942
window-d7eb36e3aa913cd72b5f,272_29055_55880,sandwich,sandwich,0.9944025874137878,True,3.673367530154792e-07,0.0005828005960211158,0.0005827013519592583,1.7063881614376442e-06,0.0025935641024261713,5.290855187922716e-05,5.5719695524203416e-08,3.151315831928514e-05,3.866076440317556e-05,0.00013378607400227338,0.0006099906167946756,1.2860382980761642e-07,1.5808171438536078e-10,2.2936944787943503e-08,3.6304381865193136e-06,4.027543036499992e-05,5.4049623177730746e-18,0.0008402230450883508,0.9944025874137878,1.9671274235590183e-20,3.0197443265933543e-06,2.2187070953805232e-06,1.0592361832095776e-05,2.9081296816002578e-05,3.922739779227413e-05,1.1405163604649715e-06
window-a65c4ca2baeef0ab4f7f,272_29055_55880,sandwich,sandwich,0.961330235004425,True,4.3544832806219347e-07,0.004673720337450504,0.0004927617846988142,3.520608879625797e-05,0.001563372672535479,6.506886002233259e-11,1.417019603877634e-07,1.5119540876185056e-05,1.284042241422867e-06,0.00022051155974622816,0.021499749273061752,4.0978977722261334e-07,2.7272666347499808e-09,2.9315678773400577e-08,5.925416189711541e-06,3.632146763266064e-05,3.376004394794888e-15,0.008976075798273087,0.961330235004425,2.9205139742366334e-18,7.451927217516641e-07,4.820509730052436e-06,8.839564884510764e-07,1.1779500397324227e-07,0.0009733826154842973,0.00016872544074431062
window-a1d35f7b2789a7deafd6,272_29055_55880,sandwich,frisbee,0.6910849809646606,False,5.072960993857123e-05,0.00033686988172121346,0.035251837223768234,2.060746055576601e-06,0.02222180925309658,2.203587978755195e-09,6.350384040842982e-08,4.085750333615579e-05,1.0995935554092284e-05,9.963654156308621e-05,0.6910849809646606,2.1753645285116363e-07,8.948014204590571e-12,1.0478798273538814e-08,2.249205863336101e-06,0.0005011896719224751,1.229959432642435e-14,7.932112202979624e-05,0.24925030767917633,4.485040732025356e-21,0.0003225096152164042,0.0006083539919927716,1.5779386330905254e-06,3.369010300957598e-05,5.5341810366371647e-05,4.5375436457106844e-05
window-e1ccbeadc2213a6f2fa4,272_29055_55880,sandwich,sandwich,0.9657115340232849,True,0.00010363061301177368,0.0035005249083042145,0.0002604748879093677,0.0002514184161555022,0.000565122056286782,1.7536805785312026e-08,9.121337143369601e-07,0.00034636034979484975,1.178991396955098e-06,0.00022990885190665722,0.0004607494338415563,5.7879366067936644e-05,1.5582528476443258e-06,0.0023308428935706615,6.4732453211036045e-06,0.002082059159874916,1.1128228330145595e-12,0.00020847930863965303,0.9657115340232849,8.772294071261201e-17,1.8840293705579825e-05,2.7022689863542837e-08,0.0033734056632965803,0.0020836920011788607,0.01838143728673458,2.3465556296287104e-05
window-8f95135f01446f5f8635,366_39378_76721,sandwich,sandwich,0.5666490793228149,True,0.0007710428908467293,0.02266562730073929,0.0028839039150625467,0.009245744906365871,0.002873385325074196,0.015556486323475838,0.0020610587671399117,0.0011124256998300552,0.2972415089607239,0.008147972635924816,1.8329048543819226e-05,0.011834130622446537,0.03844992816448212,0.006051359232515097,0.0004416666633915156,3.6020534025738016e-05,6.173539077281021e-06,0.00152076524682343,0.5666490793228149,1.2021034308418166e-05,0.005510729271918535,1.946492920978926e-05,0.0012109206290915608,0.0004812170809600502,0.005195033270865679,4.051440555485897e-06
window-d721347ea879657fa554,366_39378_76721,sandwich,chair,0.39911457896232605,False,0.0001357358123641461,2.411231616861187e-05,0.00018789044406730682,0.06387198716402054,0.07052089273929596,3.790279654264199e-14,0.016490377485752106,5.735222202929435e-06,0.39911457896232605,0.00012288903235457838,0.0011414128821343184,0.004990238230675459,0.011765798553824425,0.12368357181549072,3.738636587513611e-05,0.0003150503325741738,0.00030091512599028647,0.0011044788407161832,0.2828029990196228,0.0014413392636924982,8.027974217839073e-06,1.1044397396631211e-08,0.0009270500740967691,0.002034342847764492,0.005768406670540571,0.013204744085669518
window-146838074d1bfa16eef5,366_39378_76721,sandwich,chair,0.44357869029045105,False,2.2306926084070255e-08,2.1661406890416401e-07,2.433782128719031e-06,0.0006798001704737544,9.716351632960141e-05,5.524119733575824e-21,0.021577900275588036,1.4212928611812004e-09,0.44357869029045105,0.00010304074385203421,6.70367719668441e-11,0.00048401334788650274,0.00040285487193614244,0.19595524668693542,1.6870957324499614e-06,9.301544992013078e-07,4.74135231343098e-06,1.9542567315511405e-06,0.3367626667022705,2.5236246074200608e-05,1.2445091670088004e-05,3.0731563127606165e-11,8.173697665370128e-07,1.6672115634719376e-06,0.00025532578001730144,5.115047679282725e-05
window-946f440e839395d29886,366_39378_76721,sandwich,sandwich,0.501594066619873,True,0.000949424400459975,0.0015148497186601162,0.0001374146668240428,0.04908618703484535,4.135787548875669e-06,1.1719480095574719e-14,0.4048210084438324,2.3548841454612557e-07,0.03532624989748001,1.3623059203382581e-05,2.133517140734398e-09,0.0017249137163162231,1.0384045481259818e-06,0.0007896940805949271,1.144616703641077e-06,3.532981551757075e-08,3.9744338664604584e-07,3.521717371768318e-05,0.501594066619873,1.9930729422412696e-07,0.0037644801195710897,9.759522079377803e-09,2.814965860409302e-08,2.585927359177731e-05,0.00020927484729327261,5.384305836741987e-07
window-e2e9bcc6809a2e4a2ee8,407_55217_107125,sandwich,sandwich,0.9968736171722412,True,0.0002868708979804069,0.0005657211295329034,6.845679308753461e-06,5.8041518059326336e-05,1.1993593034276273e-05,1.309974684282622e-09,4.5967324695084244e-05,3.206368717201258e-07,0.0006765793077647686,2.426572564218077e-06,4.0689658931114536e-07,5.8350655308458954e-05,5.573954240389867e-06,2.987818152178079e-05,1.917648432936403e-06,2.7346638944436563e-06,1.0585734372403621e-10,0.0007755204569548368,0.9968736171722412,2.3162995133052533e-10,6.9464977059396915e-06,1.5613952797366437e-08,1.3818784054819844e-06,5.5490982049377635e-05,0.000529699376784265,3.6266712868382456e-06
window-06ffc06b405d38e8bef3,407_55217_107125,sandwich,sandwich,0.9062029123306274,True,0.009153629653155804,0.0005264825304038823,0.006358548533171415,0.0033631909172981977,0.0014151205541566014,0.00012364784197416157,0.0039155990816652775,0.0006809188053011894,0.0027814439963549376,0.012077606283128262,3.389392077224329e-05,0.0005943861906416714,0.0008032421465031803,0.0003059845184907317,0.00031483356724493206,0.00030114574474282563,2.385430946105771e-07,0.014513605274260044,0.9062029123306274,1.275523402455292e-07,8.52276716614142e-05,2.3124282932940332e-08,0.016965461894869804,0.013286881148815155,0.006169732194393873,2.6173289370490238e-05
window-4a0c81676d353f874029,407_55217_107125,sandwich,sandwich,0.9627350568771362,True,0.004421653691679239,0.00016592993051744998,0.001070028985850513,0.0006750609027221799,0.0007426339434459805,0.0007391675026156008,0.0005526521126739681,0.0008949153125286102,0.006655258592218161,0.00433814711868763,0.00010161430691368878,0.0009626233368180692,0.00017169972124975175,0.000562115281354636,0.00010973503231070936,9.085431520361453e-05,9.07412669448604e-08,0.0072490801103413105,0.9627350568771362,1.26784968301763e-07,0.00036356563214212656,3.3866201647470007e-06,0.0004130671441089362,0.0039945682510733604,0.002958080032840371,2.8856222343165427e-05
window-e1d31ca04837c8d3161e,407_55217_107125,sandwich,sandwich,0.8934223055839539,True,0.004990121349692345,0.0001986274728551507,0.0021249214187264442,0.0006687662098556757,0.0012307005235925317,0.0004519543726928532,0.0033683301880955696,0.0007675366359762847,0.005636675748974085,0.01866944320499897,1.4746169654245023e-05,0.00011337663454469293,0.00025890071992762387,3.760574327316135e-05,0.000586473208386451,0.0005283922073431313,1.1480111794526238e-07,0.059648897498846054,0.8934223055839539,2.8986987032908473e-08,4.868605901720002e-05,3.193052577898925e-07,0.003525893436744809,0.0018960931338369846,0.001701109460555017,0.00011005369742633775
window-c7640d03c742cc8aac45,434_61676_121244,sandwich,chair,0.8163390159606934,False,0.0011283159255981445,0.0003065812634304166,0.02576599270105362,0.00011105013982160017,0.0001421853230567649,3.3650411346286546e-09,0.0012716315686702728,2.6952007829095237e-05,0.8163390159606934,0.0463726781308651,1.1391119869585964e-06,0.0039193108677864075,0.002474234439432621,3.978392851422541e-05,0.00010559093789197505,0.03694675490260124,0.00021695336909033358,0.02180178090929985,0.00012005001917714253,4.625214387488086e-06,0.0002135468675987795,3.26151189256052e-06,0.003333200002089143,0.0014762483770027757,0.004455353133380413,0.03342389315366745
window-d8c4ae9f70782693fd3e,592_89292_179219,sandwich,cake,0.9890338182449341,False,4.60571254734532e-06,2.4734448743402027e-05,0.003253084374591708,1.1228294169995934e-06,0.00011853800970129669,2.6177776960012444e-11,0.9890338182449341,2.3293796402867883e-05,9.821210369409528e-06,2.457896243868163e-06,4.745573178865925e-08,2.4561117584198655e-07,6.257871998371911e-09,3.644509405376084e-08,0.006096355151385069,0.00011688703671097755,3.5183436466468265e-06,4.657484169001691e-06,3.915830166079104e-05,3.673350415078075e-13,5.27594465893344e-08,4.1191952959707123e-07,0.0010859075700864196,2.19893736357335e-05,0.0001486204273533076,1.0652153832779732e-05
window-72535c9bce53a60a175a,421_58416_112563,stopsign,hydrant,0.63716721534729,False,1.5284575056284666e-05,2.2697895118994893e-08,1.1347476203127371e-07,0.0006886539631523192,0.0013437047600746155,1.5200388551017784e-19,0.0014240243472158909,1.6612757391953892e-08,4.5801124315403285e-07,0.001668288605287671,3.8856687778390103e-14,3.54093828036639e-07,0.63716721534729,0.0007575814961455762,7.98218096065284e-08,9.718695181959447e-09,2.7088048227597028e-05,7.1530070755443376e-09,1.4809932054049568e-06,0.35641685128211975,6.430089706555009e-05,9.622771131034824e-07,1.0303650377352369e-08,6.287219207479211e-07,0.000422750978032127,8.485054325824137e-11
window-d2a72175ff2abd78a1c9,421_58416_112563,stopsign,stopsign,0.9926217794418335,True,4.152774124577263e-09,3.521980929122037e-09,5.233689037709155e-10,3.427092565289058e-07,7.390606242552167e-07,1.5007770498096862e-20,3.7296049981705437e-07,5.1893631752841785e-11,5.5805447374268624e-08,3.0613410473279146e-08,1.5823975176655668e-15,4.663642361180109e-09,0.007370645646005869,1.2139233831476304e-06,6.988501444205042e-11,5.744649547723135e-11,9.508954690318205e-08,2.2188736958916877e-11,2.3493423384479684e-07,0.9926217794418335,1.1392580745450687e-06,3.2947516501735663e-06,7.32817192344859e-12,7.424128534161412e-10,2.200308379940452e-08,1.807057541797219e-12
window-5d8d6852124158444686,421_58416_112563,stopsign,stopsign,0.9239856600761414,True,6.382690571626881e-06,9.526606277177052e-07,3.2225329960056115e-06,0.00020838266937062144,8.261591574409977e-05,2.4781751156307642e-20,5.6196477089542896e-05,0.00030398223316296935,4.4961510866414756e-05,4.4020660425303504e-05,1.7934125321958372e-12,5.109228595756576e-07,0.03703678399324417,5.62434161111014e-06,1.5691469457124185e-07,3.4517958624746825e-07,1.697179108361979e-08,1.1766087659736968e-08,3.095437477895757e-06,0.9239856600761414,0.020401814952492714,0.016114909201860428,6.752779224683536e-09,5.790914201497799e-06,0.0016946587711572647,2.963753020779336e-09
window-a4de84f13ddea70902de,613_98287_196294,stopsign,stopsign,0.8497559428215027,True,0.0002154598041670397,0.003695598803460598,5.559155761147849e-05,0.00024221261264756322,0.00026725459611043334,3.526444691814845e-10,0.03165120258927345,9.050397238752339e-06,3.3071337384171784e-05,6.940732419025153e-05,0.009642752818763256,0.08454503118991852,0.0005175058613531291,0.005210901610553265,0.006099366582930088,6.291063527896767e-07,0.0004124897241126746,1.8558904457677272e-06,1.3361562878344557e-06,0.8497559428215027,0.0005921961856074631,0.00052237807540223,4.475840614759363e-05,0.002539068693295121,0.0030758308712393045,0.0007991092279553413
window-615c77fd377696936342,613_98287_196294,stopsign,stopsign,0.7973765730857849,True,1.302736927755177e-05,0.0005331254214979708,4.015682861790992e-05,0.00031323719304054976,1.151639753516065e-05,5.157752480319799e-13,0.0002713262801989913,8.931511956689064e-07,3.1681411201134324e-05,3.5965617826150265e-06,0.001429473515599966,0.18711154162883759,0.008732140064239502,0.0014019700465723872,8.585257455706596e-05,3.0922402061150933e-07,3.575930531951599e-05,1.1480319983547815e-07,1.424139952632686e-07,0.7973765730857849,0.00020063253759872168,2.4061249860096723e-05,9.867336302704643e-06,0.001310384483076632,0.0008465808932669461,0.00021608377574011683
window-3897c683fed58aa2e86a,613_98287_196294,stopsign,stopsign,0.9025395512580872,True,0.00011102695134468377,0.0030243468936532736,7.880035263951868e-05,0.002136973198503256,2.0151210264884867e-05,1.403810540034911e-10,0.00014962453860789537,3.1831707474339055e-06,1.6173340554814786e-05,1.1884918421856128e-05,0.017955292016267776,0.068417988717556,0.003133415710180998,0.00019373215036466718,8.790395804680884e-05,4.9662581602660794e-08,8.33545891509857e-06,7.220080533443252e-07,1.9038593279674387e-07,0.9025395512580872,0.00027947279158979654,3.8359019526978955e-05,4.868549240200082e-06,0.0007865091320127249,9.854254312813282e-05,0.0009027731721289456
window-41a21ec63a96f2697505,613_98287_196294,stopsign,handbag,0.47536519169807434,False,0.00035747099900618196,0.00020855554612353444,0.0001198360332637094,0.004886639304459095,4.704914317699149e-05,1.1517886644440978e-09,0.0005893860943615437,3.454242687439546e-06,1.5134260138438549e-05,2.433094232401345e-05,0.01665389910340309,0.47536519169807434,0.02248828485608101,0.0004438746254891157,0.0003996279847342521,1.8745167551514896e-07,3.111062142124865e-06,1.1098314871560433e-06,6.488829029649423e-08,0.47318655252456665,0.00010365239722887054,2.288924042659346e-05,6.595877493964508e-05,0.0040082670748233795,0.0004872253048233688,0.0005182750755921006
window-61b096a51185c5d56d72,491_70260_136776,stopsign,stopsign,0.9640499949455261,True,2.0506357145677612e-07,8.077611710177734e-06,0.0004749158688355237,0.00017688759544398636,0.0004624639987014234,1.7102655223249232e-31,4.117170192330377e-06,2.991127123763704e-09,1.364474311316144e-08,5.6415374274365604e-05,0.014676690101623535,3.583841903798124e-11,0.009074852801859379,4.0123467215380515e-07,8.944401997723617e-06,1.8744471219633851e-07,0.00015546553186140954,1.8272530710738977e-10,9.365899028557223e-11,0.9640499949455261,9.165610492800624e-09,1.3682986688134946e-10,0.0025867889635264874,9.472820238443092e-06,0.008253398351371288,6.834396799604292e-07
window-9210a1ae84d93e66cf51,605_94657_188742,stopsign,stopsign,0.5517328381538391,True,4.272591922926949e-06,5.613964049189235e-07,3.5548034702514997e-06,2.441133016214958e-12,4.5366762430054663e-11,4.470504345449804e-32,1.4595367015673988e-12,2.588079195398052e-10,3.187209485879173e-16,1.173735331150283e-08,3.03402384815854e-06,8.200507466008325e-14,6.216563264160868e-09,8.142070351269126e-12,1.3882662176369079e-18,1.473584969324815e-11,7.412094191749929e-07,1.2415326694556416e-17,7.550615804458364e-17,0.5517328381538391,1.0465028366449247e-13,9.573123563271403e-19,1.6950268966198223e-09,0.4482549726963043,1.6732226715276965e-09,8.359322782591772e-12
window-479f2b4678e63295d917,558_80581_158315,teddybear,teddybear,0.8161625862121582,True,0.00011654153058771044,0.12482009083032608,0.00043964385986328125,6.507553962364909e-07,0.00048072580830194056,7.386137781395519e-07,5.319832780514844e-05,4.234043444739655e-06,0.0006339054089039564,6.513493644888513e-06,0.021782098338007927,0.0003210646682418883,0.0003750210744328797,5.03803494211752e-06,3.129647666355595e-05,0.03218787908554077,1.1646496886896784e-06,0.0005145835457369685,0.00025441855541430414,4.0990888932950983e-16,0.8161625862121582,4.171874401492914e-09,0.0013768980279564857,0.00016527314437553287,0.00025572945014573634,1.0641786502674222e-05
window-f1d1a0430cab269e4cf1,558_80581_158315,teddybear,ball,0.6308143734931946,False,0.0008832497987896204,0.6308143734931946,0.000304691813653335,4.941619044984691e-05,2.396697311723983e-07,1.449347803231249e-12,2.847789801307954e-06,4.251240534358658e-05,4.4324526271566356e-09,2.938307443400845e-05,1.47743721754523e-05,3.3175387216033414e-05,0.0018175856675952673,1.3617333024740219e-05,0.05870572105050087,0.015135815367102623,5.489899645994001e-09,0.12746605277061462,0.0002283815119881183,1.696338181034207e-08,0.0008336891769431531,7.594250228670774e-10,0.16200920939445496,4.973881004843861e-06,6.599566404474899e-08,0.0016102018998935819
window-5796eeca4e9a974fd6ba,558_80581_158315,teddybear,umbrella,0.519611120223999,False,1.6081661442512996e-06,0.07953575998544693,0.002076560165733099,1.1876915777975228e-05,7.35404173610732e-05,1.343405955367416e-07,4.943889280184521e-07,3.990359346062178e-06,2.1217826429165143e-07,1.9602305201260606e-06,0.1042151004076004,0.0003951522521674633,0.0022691015619784594,2.764589453363442e-06,4.6132354327710345e-06,0.004615900572389364,2.1690480878078233e-07,0.002783734817057848,0.000700927572324872,4.586276562516811e-13,0.28191548585891724,7.82906628415958e-09,0.00036293244920670986,0.001416219281964004,0.519611120223999,5.672523002431262e-07
window-2d515a566b57b78f9a45,558_80581_158315,teddybear,frisbee,0.5761299133300781,False,0.00026830227579921484,0.09930039197206497,0.003713316051289439,9.256354132958222e-06,0.0002521059359423816,3.0491917186736828e-06,7.586973879369907e-06,1.1415517292334698e-05,7.374162669293582e-05,1.3295023563841823e-05,0.5761299133300781,0.0007470424752682447,0.004291659686714411,1.9912336938432418e-05,2.973617665702477e-05,0.01873912289738655,0.00010435906733619049,0.01371662225574255,7.494769670302048e-05,1.4734739510881105e-15,0.26632964611053467,5.767831368075349e-08,0.003244297578930855,0.0024959095753729343,0.010420004837214947,4.288631771487417e-06
window-8e7e40aa7de6bc6319b6,435_61906_121528,toilet,wineglass,0.5174617171287537,False,0.00033366100979037583,0.006817992776632309,5.157490886631422e-05,2.6269986847182736e-05,0.0002606521884445101,3.0211183554840204e-10,0.009550600312650204,9.492271601629909e-06,1.8736714991973713e-05,0.0006050371448509395,6.497975846286863e-06,2.3837560547690373e-06,1.6052126738941297e-08,4.1385836084373295e-05,0.21191895008087158,0.0006021104636602104,3.376748880512537e-10,0.00011819122300948948,0.005299532786011696,2.789925137702126e-13,5.7928864407585934e-05,0.245561882853508,0.0002653513802215457,7.980851819411328e-07,0.0009892750531435013,0.5174617171287537
window-31cefa545fe332361fa4,435_61906_121528,toilet,microwave,0.43933582305908203,False,2.6829535272554494e-05,0.022056031972169876,9.675647015683353e-05,3.3890134432112973e-07,0.0016868506791070104,5.867373329238035e-05,0.006772838998585939,0.0003480877203401178,4.923826509184437e-06,0.00045892331399954855,0.0002178611612180248,5.167325525690103e-06,1.619404876862518e-08,0.00018610109691508114,0.43933582305908203,0.00048646252253092825,1.0390996223186288e-11,0.0014489282621070743,0.008511465042829514,4.2819282733246034e-13,0.0006587947718799114,0.3107120990753174,0.03126421943306923,4.5672055648537935e-07,0.036442093551158905,0.13922014832496643
window-1cd01b80a7e59368e72b,435_61906_121528,toilet,microwave,0.740156352519989,False,2.231339385616593e-05,0.07870849221944809,2.168371793231927e-05,1.5126612424865016e-06,0.0003668663266580552,1.1282257901257253e-06,0.0010085409739986062,0.00011485212598927319,7.941148965073808e-07,0.00033061375143006444,0.00034809682983905077,3.0818525829090504e-06,1.1928585896825439e-09,2.0846864572376944e-05,0.740156352519989,0.00018368884047959,1.1901264695968194e-10,0.00023514244821853936,0.02298506535589695,6.721196949693864e-14,0.00041929009603336453,0.05162286013364792,0.01776055432856083,1.7280868860325427e-06,0.04747063294053078,0.03821590170264244
window-66833848b3d189b2a529,435_61906_121528,toilet,ball,0.6097670197486877,False,0.00012844981392845511,0.6097670197486877,1.2107948350603692e-05,3.6996613062001416e-07,2.6019028155133128e-05,3.5617929938780435e-07,0.12300164997577667,7.710779027547687e-05,2.1109126180363091e-07,0.02328544482588768,0.0008031391771510243,3.682832883100673e-08,3.397367023122433e-13,5.605518254014896e-07,0.11175400763750076,0.003827191423624754,2.2500454170687676e-17,1.8930256828753045e-07,0.11861865967512131,5.710048964956747e-19,4.385051579447463e-05,0.007665680255740881,0.0003730281023308635,2.110189143422758e-06,2.2624099074164405e-05,0.0005901635158807039
window-7de744cbb6e7605a8ff0,554_79591_157154,toilet,toilet,0.700839638710022,True,0.039472952485084534,0.004090648144483566,0.0008546910248696804,0.0027517082635313272,1.8503025955851626e-07,4.942874966218369e-06,0.009115565568208694,0.0017291911644861102,4.0735692891757935e-05,0.0013899968471378088,7.657353307877202e-06,0.0011429942678660154,5.928508239883001e-10,1.2219868949614465e-05,0.22006969153881073,0.01623748429119587,5.721161391858409e-14,5.904402132728137e-05,0.00035657038097269833,2.9159565387293362e-12,1.624748438189272e-05,0.700839638710022,7.095323962857947e-05,0.0009721730020828545,4.532578896032646e-05,0.0007194872596301138
window-5936f51f9cf0b2333dea,554_79591_157154,toilet,toilet,0.49979278445243835,True,0.10027240961790085,0.041801802814006805,0.002416860545054078,0.0017437685746699572,1.9502627424117236e-07,1.1009185072907712e-05,0.03027818724513054,0.0010306707117706537,0.00043714616913348436,0.005757175851613283,0.0010010612895712256,0.001200243947096169,4.4268282373138845e-09,1.0797514732985292e-05,0.03600320219993591,0.15434859693050385,1.74663970488537e-14,2.4933657186920755e-05,0.0014453440671786666,4.711951111951475e-15,0.00024101177405100316,0.49979278445243835,0.000305225228657946,0.12174374610185623,8.704843639861792e-05,4.687262116931379e-05
window-fdf578fbb6ecf54faa5c,554_79591_157154,toilet,toilet,0.697849452495575,True,0.03475887328386307,0.012645449489355087,0.001434257603250444,0.0001695886458037421,7.398138563985412e-07,1.8482255654816981e-06,0.007944277487695217,0.0005491439951583743,0.0007772272801958025,0.008364120498299599,0.003190339542925358,0.0006494855624623597,2.7067974528449668e-08,2.0371091522974893e-05,0.0923219695687294,0.014208856970071793,1.0803556899929042e-15,1.5714322216808796e-05,0.01278447825461626,5.327826650317708e-16,0.0008330871351063251,0.697849452495575,0.00013645256694871932,0.11116011440753937,2.6546676963334903e-05,0.00015764959971420467
window-2da1a1c3d1ce74d7ea61,554_79591_157154,toilet,toilet,0.8997784852981567,True,0.015598287805914879,0.01680249534547329,0.000298476021271199,0.00034700846299529076,1.1224768741158186e-06,8.58990188135067e-06,0.007716817315667868,0.0003662442322820425,0.00031630045850761235,0.008255217224359512,0.002011561766266823,0.00023311471159104258,1.6733201491092586e-08,1.0425618711451534e-05,0.023471049964427948,0.012405425310134888,3.9422236854195223e-16,1.8858077964978293e-05,0.007677464745938778,4.705716102426736e-15,0.0008904888527467847,0.8997784852981567,7.855711010051891e-05,0.0036260895431041718,5.3667383326683193e-05,3.4343127481406555e-05
window-e1bbeb5d18be97abfc02,580_86025_168884,toilet,hydrant,0.5368679761886597,False,4.786929075351054e-09,0.016247503459453583,2.851373608336871e-07,1.550301931274589e-05,1.895159442710792e-07,8.632770935954409e-38,7.962935866245857e-10,6.659791468299758e-11,1.5347006434782151e-12,1.4827094673819374e-05,0.4283575117588043,4.8610014668007406e-14,0.5368679761886597,3.5104133075947175e-06,0.00032991659827530384,0.005543586332350969,4.136590625591907e-09,1.8555398103442533e-12,1.6880250530704188e-09,6.999246124905767e-07,3.283852129243314e-05,5.095052897425489e-18,0.003658934496343136,0.003815265139564872,2.4769171432126313e-05,0.005086750723421574
window-2572914c25b8869c4782,377_43572_86795,toyplane,book,0.9913378953933716,False,3.416595973249059e-06,0.00026512754266150296,1.570412337059679e-06,4.168882242083782e-06,0.9913378953933716,1.3953433677590943e-12,3.121733607258648e-05,1.3374906302487943e-05,3.0327180411404697e-06,8.839223255563411e-07,0.005342745687812567,7.941304716041486e-07,1.7247990058422147e-07,1.2177682719993754e-06,4.140980536249117e-07,6.512211257359013e-05,4.0165884940962515e-13,0.0007656794623471797,0.0021037759725004435,8.35756058814325e-15,3.019984205820947e-06,4.306653136154637e-05,2.2802876742389344e-07,2.992167765114573e-06,1.80180833808663e-07,9.888728527585045e-06
window-5d9d6ae77f5ffec61d53,377_43572_86795,toyplane,frisbee,0.8898231983184814,False,4.95072936246288e-06,0.005686675664037466,0.019240036606788635,0.0013984638499096036,0.06602317839860916,4.166252168561965e-14,0.00016139959916472435,2.9281472961883992e-05,0.00018909225764218718,0.00018880466814152896,0.8898231983184814,8.975193566129747e-08,9.878482387648546e-07,3.0920421068003634e-06,5.979552588541992e-05,0.009480152279138565,5.104022759994109e-11,0.0003649998689070344,0.005202215630561113,1.8448083501359375e-13,0.0007762644672766328,0.00011014864867320284,4.3129170990141574e-06,6.054516779840924e-05,6.099710662965663e-05,0.0011313558788970113
window-74a26c664303a32301df,377_43572_86795,toyplane,apple,0.5459675788879395,False,0.5459675788879395,0.00045709856203757226,2.547024269006215e-05,0.013281741179525852,0.0013185187708586454,4.873909081640975e-20,0.010356694459915161,1.4747921341040637e-05,0.004752114415168762,0.00457195146009326,4.960329079040093e-06,0.012575889937579632,1.248193711944623e-05,0.0014242373872548342,0.00122263643424958,0.27935391664505005,0.0016126015689224005,5.3946219850331545e-05,0.0011501226108521223,5.553505246815027e-13,0.000257153034908697,0.04301004856824875,0.04294084757566452,0.0017813157755881548,0.00020792637951672077,0.033645935356616974
window-5f893c8b507218ffc30f,377_43572_86795,toyplane,book,0.6858903169631958,False,0.0009143747156485915,0.07528071850538254,0.0005152071826159954,0.002224971307441592,0.6858903169631958,1.0473087241197332e-12,0.00578288221731782,0.00428453553467989,0.0022245014552026987,0.0004846935044042766,0.006957553327083588,2.288759333168855e-06,0.00010812952677952126,3.01645377476234e-05,0.057902444154024124,0.016028959304094315,2.4418984594376525e-06,0.014796366915106773,0.11944462358951569,8.348893798526547e-11,3.2123003620654345e-05,0.00027404935099184513,1.7497890212325728e-06,3.461730739218183e-05,0.002072757575660944,0.004709574859589338
window-f67ba2917e523e50b777,405_54171_105570,toyplane,ball,0.5683825016021729,False,0.0009514947887510061,0.5683825016021729,0.0005326538230292499,1.1395673936931416e-05,0.001259958022274077,2.3109024634905737e-31,7.966836079731365e-08,0.00011376254406059161,4.3679955297193374e-07,0.00046527772792614996,0.00022556712792720646,8.754590453463607e-06,1.672122579288171e-10,3.326864680275321e-05,8.032031928451033e-08,0.0008443023543804884,7.779809720886988e-07,0.014254022389650345,0.2659613788127899,1.421373262144865e-11,2.9474245820892975e-05,0.0008857977227307856,0.0003678546054288745,4.071450803166954e-07,0.14565585553646088,1.4926895346434321e-05
window-022e7e634502d343b39b,405_54171_105570,toyplane,umbrella,0.7120753526687622,False,0.0001805202482501045,0.0026927352882921696,0.003695195307955146,3.6344297313917195e-06,0.0023496479261666536,8.340096828019128e-25,1.0436980119266082e-05,8.452240581391379e-05,0.0015044969040900469,0.0061986567452549934,0.0016100108623504639,3.086458673351444e-05,2.1733070454388326e-08,6.406938337022439e-05,2.6133352548640687e-07,0.05205528810620308,1.0165853154830984e-06,0.18928766250610352,0.021424053236842155,4.5371702981356066e-06,2.084454899886623e-05,0.00012953572149854153,0.006485251244157553,3.1308267352869734e-05,0.7120753526687622,6.0077174566686153e-05
window-ae57245b31743478679e,405_54171_105570,toyplane,umbrella,0.3819218873977661,False,0.003783939406275749,0.005754135549068451,0.09419958293437958,7.539614307461306e-05,0.008949266746640205,2.9040752504769095e-26,0.0010727706830948591,0.01016433909535408,0.0003359664115123451,0.06328129023313522,0.005293456371873617,0.00016358119319193065,8.528929811291164e-07,0.0035712739918380976,3.605555320973508e-06,0.05843472108244896,0.0011107842437922955,0.09028295427560806,0.19779576361179352,1.5513183793114393e-10,0.024523554369807243,2.5482468117843382e-05,0.03978601470589638,0.0002653546689543873,0.3819218873977661,0.009204051457345486
window-8e2f6f74a6fef722f2c3,405_54171_105570,toyplane,umbrella,0.5772647857666016,False,0.013643842190504074,0.04221471771597862,0.02832893468439579,8.562033326597884e-05,0.0017223976319655776,2.3200715075060837e-30,1.8658953194972128e-05,0.0038666417822241783,9.173540092888288e-06,0.004577134735882282,0.010393813252449036,1.6600142771494575e-05,1.707759444968815e-08,0.0002611839445307851,1.5199117342490354e-07,0.006961382459849119,0.0003741217660717666,0.016845425590872765,0.2624531090259552,1.5255125287993998e-11,0.019080042839050293,1.6949279597611167e-05,0.008719234727323055,0.0002463465789332986,0.5772647857666016,0.0028997960034757853
window-1d97804ba0f5bb87f0d1,414_56924_110362,toyplane,teddybear,0.4631689190864563,False,0.15849468111991882,0.09202890843153,0.11917445063591003,0.0009818202815949917,6.077484431443736e-05,3.2309289963450283e-06,0.0007696073153056204,0.03239953890442848,5.9366037021391094e-05,0.002331857569515705,0.04585498198866844,0.0023798025213181973,7.489990821341053e-05,0.042660798877477646,5.5109721870394424e-05,0.0031646641436964273,1.2907235941383988e-05,0.00041669816710054874,0.008168695494532585,3.1047322490707074e-09,0.4631689190864563,6.754277274012566e-05,0.008921993896365166,0.016921259462833405,0.00036670698318630457,0.0014607777120545506
window-03a7033dc82da3c92459,414_56924_110362,toyplane,teddybear,0.5968508720397949,False,0.1520756036043167,0.05166900157928467,0.08665496110916138,0.00039145510527305305,0.00020764690998475999,1.6862063603184652e-06,0.0017331464914605021,0.014343705028295517,0.00010111648589372635,0.0010160383535549045,0.01932254247367382,0.001953771337866783,0.00022854092821944505,0.021769078448414803,4.104055915377103e-05,0.003212432377040386,3.7964330203976715e-06,0.0012518848525360227,0.004516214597970247,1.474648042565363e-10,0.5968508720397949,6.712826871080324e-05,0.02755410596728325,0.013305524364113808,0.00023730797693133354,0.0014913560589775443
window-d8a91e49142c173bba07,414_56924_110362,toyplane,teddybear,0.25526362657546997,False,0.005824826657772064,0.16559231281280518,0.08591857552528381,0.0007593930931761861,0.0006328143645077944,1.8137644275384446e-08,0.0025272578932344913,0.19014447927474976,1.699942185950931e-05,0.0059957983903586864,0.0709284320473671,0.0034134548623114824,2.6174549930146895e-05,0.028422296047210693,0.0065702591091394424,0.005529011599719524,9.7415286290925e-05,0.00030893480288796127,0.013257856480777264,3.3581228908730054e-09,0.25526362657546997,0.011570211499929428,0.007581109181046486,0.13511918485164642,0.003004323225468397,0.0014951947377994657
window-fa746bd0524db90fe773,414_56924_110362,toyplane,teddybear,0.5155318379402161,False,0.26941269636154175,0.037784673273563385,0.06965230405330658,0.0005774822202511132,0.00012726090790238231,1.4854367691441439e-05,0.0008667087531648576,0.017546577379107475,0.00013359308650251478,0.0010507855331525207,0.038272663950920105,0.0017233957769349217,0.00011994523083558306,0.019916117191314697,3.0746370612178e-05,0.004043485037982464,1.0864288015000056e-05,0.0006608193507418036,0.00561688095331192,1.7404581109659034e-09,0.5155318379402161,8.93709875526838e-05,0.0065133944153785706,0.009095482528209686,0.0005581275909207761,0.0006499066948890686
window-f72796ee24cd8056a767,563_81055_159564,toyplane,toytruck,0.3109869360923767,False,0.00014191945956554264,0.0011439052177593112,0.1718740463256836,0.0003052021493203938,0.002589103300124407,5.66256264100673e-10,0.0003509721136651933,0.2505687177181244,7.828531778386605e-08,0.0017815856263041496,0.06796357780694962,0.0006981484475545585,8.106155291898176e-05,0.11346446722745895,0.00011261158215347677,0.01796676777303219,1.5031897646622383e-06,3.3869719118229114e-07,0.024842187762260437,1.7533353241505623e-12,0.011133312247693539,1.42969329317566e-05,0.003182101296260953,0.3109869360923767,0.0019693404901772738,0.018827790394425392
window-8d015bc5f63c41ab9278,563_81055_159564,toyplane,kite,0.9674100279808044,False,4.831616138289974e-07,3.627109254011884e-05,7.59406975703314e-05,0.0002754651359282434,2.6571951821097173e-05,5.623937426868508e-10,7.77505829319125e-06,2.7682151994667947e-05,2.8144932565088432e-11,3.215466858819127e-05,0.001302638673223555,3.5158279843017226e-06,6.252684568025524e-12,0.9674100279808044,0.00015985725622158498,0.0015680218348279595,2.495115572487272e-11,3.4386002312203345e-07,0.018289459869265556,1.7998073192394826e-13,8.00826310296543e-05,4.345116280668471e-12,0.002119689015671611,0.008481939323246479,2.3861277441028506e-05,7.823132182238623e-05
window-581e6fc71503f048fea3,563_81055_159564,toyplane,kite,0.9967097043991089,False,4.799029284185963e-06,7.002846359682735e-06,2.6308665837859735e-05,3.638377279457927e-07,2.7762294199651372e-11,1.911945003157272e-15,9.162659807770979e-06,0.002935056108981371,6.935582632650039e-07,9.320340836893592e-07,9.318251977674663e-05,7.070320862112567e-08,1.2146836314563814e-10,0.9967097043991089,1.0775391274364665e-05,7.606578700247724e-10,1.4667831836276402e-12,4.474954039324075e-06,4.797514563392724e-08,1.0601546550359497e-11,8.347101356775966e-07,5.275813965387177e-13,5.530200652970052e-08,0.00019562793022487313,6.6549647737002e-11,8.443271894975624e-07
window-42c0eca1c3bf47c1d084,563_81055_159564,toyplane,toytruck,0.9595800042152405,False,1.228731889568735e-07,0.0002500395057722926,0.0012147434754297137,1.4974665418776567e-07,8.367169925804774e-07,5.335703124990931e-13,4.379444817459444e-06,0.025322921574115753,2.2248383690914864e-12,6.2168651311367285e-06,9.159030742011964e-05,3.1518143828179745e-07,1.416809691789922e-08,0.004759624600410461,3.3880141359077243e-07,0.00048663103370927274,1.7956303111077432e-11,4.742946591029806e-10,1.3237990060588345e-05,3.2739483066559734e-16,0.006271528545767069,2.571085744307311e-08,0.001992862205952406,0.9595800042152405,4.4178131020089495e-07,4.044364686706103e-06
window-97845cd8d864c1a05d03,610_96544_193198,toyplane,toytruck,0.6125969290733337,False,0.08551700413227081,0.00017541546549182385,2.314684934390243e-06,0.007192586082965136,1.9535574935503064e-08,0.0141402343288064,6.684442632831633e-05,0.003863482503220439,4.466141945158597e-06,0.0002853942569345236,0.19551719725131989,5.8702347871530947e-08,7.558669494756032e-07,0.0006524434429593384,0.0008722086204215884,0.0008075725054368377,3.55924500149148e-25,0.0005399530055001378,1.4030593774805311e-05,1.1405444425362117e-18,0.00035331069375388324,9.272979717422913e-09,0.06496807932853699,0.6125969290733337,3.6690945393047514e-08,0.012429597787559032
window-65b2308abee1b32878a8,610_96544_193198,toyplane,toytruck,0.4273606240749359,False,0.030253158882260323,3.94207791032386e-06,6.845532851684766e-08,3.227807246730663e-05,1.7200593172006506e-09,0.3682191073894501,0.00010286643373547122,0.0018125034403055906,0.0014328452525660396,0.00046128762187436223,0.00741600664332509,0.0009076511487364769,8.953279575507622e-07,3.0304228857858106e-05,5.3068765737407375e-06,0.003384058363735676,2.91734863639411e-24,0.06999475508928299,2.970165837723471e-07,1.1723984616788218e-14,0.08539771288633347,2.2401260805094553e-13,0.002367062261328101,0.4273606240749359,1.7900692039773958e-10,0.0008172148372977972
window-fc28e6c5bd183e69dd2c,610_96544_193198,toyplane,frisbee,0.9466519951820374,False,1.8129925592802465e-05,5.051668267697096e-06,2.5458870567263148e-09,2.1315283049716527e-07,2.1342282607861307e-08,0.002157316543161869,3.254376497352496e-05,5.567083007917972e-06,0.00014323614595923573,1.8858505427488126e-05,0.9466519951820374,0.0003090892860200256,6.200303687364794e-06,0.0006985594518482685,1.2103347444281098e-06,0.008638372644782066,2.0717052471139728e-22,0.00020498268713708967,3.677138522562018e-07,4.059542248476775e-16,0.014854400418698788,3.308086116710486e-16,0.0008804764365777373,0.025362879037857056,3.464505127226403e-08,1.0645984730217606e-05
window-5c1e029e16f1306c0b5a,610_96544_193198,toyplane,cake,0.32041794061660767,False,0.013483051210641861,1.215037173096789e-06,6.052302978787338e-06,2.373887946305331e-05,2.858000470951083e-06,0.002837367821484804,0.32041794061660767,0.00020504758867900819,0.00014620560978073627,0.0017660849262028933,0.0003725889837369323,0.12899458408355713,1.994372723856941e-06,0.2133943736553192,0.0007532880990765989,0.04621739685535431,7.537253585711849e-20,0.0029755670111626387,0.0002951376372948289,3.032680356840345e-11,0.2562319338321686,2.0037719747345584e-11,0.0016404989873990417,0.0102103091776371,2.169605011204112e-07,2.2574271497433074e-05
window-f6dd367978e7dc32f5e3,610_97151_194921,toyplane,microwave,0.8048749566078186,False,0.00013171546743251383,0.004678620491176844,5.5215983593370765e-05,0.00026682138559408486,0.0009871643269434571,2.427444079078356e-10,0.010834835469722748,6.233616295503452e-05,0.00010734442912507802,0.0007674030493944883,0.0056351227685809135,0.047840721905231476,1.5056579286465421e-05,0.038236841559410095,0.8048749566078186,5.371179668145487e-06,0.0004024650843348354,1.0602237125567626e-05,2.3874743419582956e-05,3.810595444520004e-05,3.8877318729646504e-05,0.02048856019973755,0.00010428139648865908,0.004649162758141756,0.05235956609249115,0.007385038770735264
window-4d9b38cd3c5115516010,610_97151_194921,toyplane,microwave,0.6807861328125,False,0.004657520446926355,0.023325830698013306,0.00013699059491045773,0.0005674515850841999,0.0002319550549145788,3.628455500469252e-13,0.0005108401528559625,5.4255153372650966e-05,3.65789674106054e-06,0.0010708485497161746,0.03035530261695385,0.027184704318642616,1.0304758006896009e-06,0.008067779242992401,0.6807861328125,1.888618470502479e-07,4.09296353609534e-06,1.5101743144896318e-07,4.002125024271663e-06,3.3438177524658386e-06,0.0001344209158560261,3.327570084366016e-05,7.284110324690118e-05,0.21125368773937225,0.00023555668303743005,0.011304037645459175
window-210425fc059ae25ab208,610_97151_194921,toyplane,microwave,0.6473698616027832,False,0.0023517326917499304,0.1537192463874817,0.00022439095482695848,0.0003161572094541043,0.023757440969347954,3.2222968325730517e-13,0.0036030851770192385,0.0013759166467934847,0.00038876483449712396,6.498303991975263e-05,0.05307537317276001,0.001359116518869996,3.559340484571294e-07,0.10278090089559555,0.6473698616027832,1.0449078899910091e-06,0.00046826465404592454,1.9100157899742953e-08,2.6595987947075628e-05,1.2331983270996716e-05,0.0002745171368587762,0.0008537209359928966,5.122393758938415e-06,0.006647191476076841,0.0010384557535871863,0.0002854598860722035
window-9363577b4b2797dc69b4,610_97151_194921,toyplane,baseballbat,0.6577386260032654,False,2.751707306458684e-08,0.012990863993763924,0.6577386260032654,0.00033519993303343654,0.03592297062277794,1.0910587505350357e-22,0.013758143410086632,0.0016299885464832187,0.172007218003273,4.036345853819512e-05,5.081537892692722e-07,1.4720767715914462e-08,2.5318794370093878e-12,4.041359261464095e-06,0.01860196702182293,8.678687777319283e-07,2.651129943842534e-05,5.996611540659558e-11,0.008428103290498257,1.8408982214168645e-06,0.01350804977118969,5.345522424704541e-08,4.091181835974567e-06,8.056801561906468e-06,0.0640491172671318,0.0009433866362087429
window-fa27113929cb9eb93eb3,392_47497_94469,toyplane,bench,0.9552097320556641,False,2.1547814412770094e-06,3.4439888718651446e-09,2.441497004568305e-09,0.9552097320556641,5.305626586959988e-07,2.765609436408597e-34,1.9138602510793135e-05,0.0002900208637584001,6.676760477830612e-09,2.9082737000862835e-06,0.006446748971939087,1.4084666588587424e-07,1.2803165816421824e-07,2.564760325185489e-05,8.265545581309652e-09,0.03628375753760338,4.536098430207858e-08,1.2996330678305412e-09,1.606495629857818e-07,8.28511383588193e-06,0.0009845397435128689,4.262305365967424e-14,9.90211556199938e-05,0.00020595705427695066,0.00042100169230252504,3.55933615914239e-09
window-98fa7da3995ff426d3c6,392_47497_94469,toyplane,bench,0.41877037286758423,False,1.0846672466868768e-06,0.00018628218094818294,6.180990749271587e-05,0.41877037286758423,5.8785029795338506e-12,4.664904202701464e-37,6.224129265319789e-07,3.834119866041874e-08,4.5388962033321434e-10,9.230118303094059e-05,5.393186802393757e-05,3.861279401462525e-05,1.3261835363209684e-07,1.6009288401619415e-06,1.1494041984860814e-07,0.35343432426452637,0.003392233978956938,7.992100314879735e-09,4.726974293589592e-05,1.7434633264201693e-05,0.18232698738574982,9.801092348062394e-17,1.5448556951014325e-05,0.001976530998945236,0.03958284109830856,1.167387742029291e-09
window-7d77e0e236ade545cdc0,392_47497_94469,toyplane,bench,0.9748286008834839,False,6.6318581737334625e-09,6.6279226302867755e-06,6.896633042430267e-09,0.9748286008834839,9.520753074809818e-10,1.7009660007908328e-38,2.4597870833531488e-06,3.093980012636166e-06,2.266630261260616e-08,3.035358076886041e-06,0.023242758587002754,5.244276053417707e-07,3.071240328722524e-08,2.3657604231175355e-07,1.859102738421825e-08,0.0008597742416895926,8.4689027062268e-06,4.055456884088926e-06,1.1364317060724716e-06,6.139549896033714e-06,1.872131861091475e-06,5.616885939010372e-21,3.0412678825086914e-05,1.9113681446469855e-06,0.0009987204102799296,4.899884942233257e-09
window-949fe00ef3dac57e0b96,392_47497_94469,toyplane,bench,0.9917662739753723,False,2.5144355486617087e-09,6.837806709736327e-11,1.6178013595435914e-08,0.9917662739753723,3.7182662282475576e-08,4.3544316181146404e-37,8.950230778737023e-08,9.176295634460985e-08,5.470078168201553e-09,7.980567318099929e-08,1.9839019387291046e-06,5.1420482094499675e-08,8.377032401085671e-09,1.909252134169037e-08,6.123249685074938e-10,0.007020620163530111,6.846426536810668e-09,7.071681906722915e-09,2.83268009049209e-09,2.048576789093204e-06,3.7547573583651683e-07,1.0994053385539228e-18,7.805417408235371e-05,0.0002666159125510603,0.0008636588463559747,1.774073221660899e-09
window-2172edd3065dfee25f7d,540_78942_152953,toyplane,ball,0.8375774621963501,False,0.08181615173816681,0.8375774621963501,0.04953430965542793,0.0004744508769363165,5.813029346768417e-08,1.3722602221211133e-10,2.853335718100425e-05,0.0007877027965150774,1.2051983730998472e-06,0.00018218878540210426,0.00011016814823960885,0.0005460951360873878,4.373783468736292e-08,7.851385248613951e-07,1.4125487268756842e-06,0.001154052559286356,6.658504858592096e-09,0.022321976721286774,1.428900109345932e-09,5.826134930400628e-13,0.002526707947254181,2.2002754419191096e-15,0.0002812222810462117,0.0012191241839900613,0.00028292444767430425,0.0011534320656210184
window-d78186365a20c984c672,386_46250_92251,toytruck,hydrant,0.3061811625957489,False,0.007076662965118885,0.04861242696642876,8.94577824510634e-05,0.0070021492429077625,0.0020621069706976414,6.648980615864275e-06,0.008688950911164284,0.09223353862762451,0.016340361908078194,0.14241056144237518,0.005898819770663977,0.005823757965117693,0.3061811625957489,0.031963761895895004,0.06581597775220871,0.0030461132992058992,3.092946644756012e-05,0.040843650698661804,0.03831157088279724,0.0007562483078800142,0.0024111540988087654,1.8064977780340996e-07,0.045652538537979126,0.01395230833441019,0.11034585535526276,0.004443090874701738
window-5c69b75f9bfc5dfd4b79,386_46250_92251,toytruck,hydrant,0.335499107837677,False,0.000419559859437868,0.04640648141503334,7.326037803068175e-07,0.003155362792313099,0.0015692092711105943,1.7141186958724575e-07,0.022980142384767532,0.10717006772756577,0.0045779552310705185,0.1423877775669098,0.021399274468421936,0.0004366053908597678,0.335499107837677,0.0016355933621525764,0.015950452536344528,0.0026262160390615463,0.00013316943659447134,0.006931895390152931,0.05838353559374809,0.008907458744943142,0.0010131823364645243,3.891506366926478e-06,0.10311708599328995,0.005609041545540094,0.08542399108409882,0.02426198497414589
window-d1a11101fa3a7b106a86,386_46250_92251,toytruck,cup,0.3523489534854889,False,0.007525563705712557,0.036088891327381134,1.7515763829578646e-05,0.0014276658184826374,0.00025473866844549775,6.336937641293616e-10,0.009739738889038563,0.029235361143946648,0.04119782894849777,0.3523489534854889,0.07672391831874847,0.003404660616070032,0.03583396598696709,0.011891822330653667,0.07492951303720474,9.484052861807868e-05,6.953629053896293e-06,0.0059393481351435184,0.08158765733242035,0.00016935965686570853,0.0007799795130267739,2.747501071098668e-08,0.025430789217352867,0.16823476552963257,0.033756062388420105,0.003380195703357458
window-57cb602480c6861faa6a,386_46250_92251,toytruck,umbrella,0.18123264610767365,False,0.009637831710278988,0.1313018798828125,0.00014404699322767556,0.0030927518382668495,0.001537064672447741,2.71236729076918e-07,0.012483043596148491,0.15245415270328522,0.01568426564335823,0.13568411767482758,0.009415384382009506,0.0032521046232432127,0.07677740603685379,0.009968593716621399,0.17248962819576263,0.0007436425075866282,9.157955901173409e-06,0.009357267059385777,0.024600472301244736,0.0008138119010254741,0.0017255876446142793,1.4927113767271294e-08,0.03169383853673935,0.015226003713905811,0.18123264610767365,0.0006750509492121637
window-f270029af6e0be7199ce,403_53193_103795,toytruck,teddybear,0.42947614192962646,False,0.0014932338381186128,0.0001563418045407161,0.010162998922169209,0.028136884793639183,0.0004284891183488071,8.408684948335576e-07,6.73070244374685e-05,0.0004945611581206322,0.0014945253496989608,0.00029400154016911983,0.06366376578807831,0.008571654558181763,0.03851031884551048,0.00031622807728126645,4.226126748108072e-06,0.0014455069322139025,1.0605945135466754e-05,0.09694354236125946,0.002885220106691122,9.26733134676283e-10,0.42947614192962646,4.328350087234867e-07,0.26181304454803467,0.05047276243567467,0.0031267497688531876,3.0565068300347775e-05
window-b553c5d75b0b197853e2,403_53193_103795,toytruck,hydrant,0.4538797438144684,False,0.0012210229178890586,0.0005030225147493184,0.018761835992336273,0.018963975831866264,0.004285525530576706,6.3126558416115586e-06,0.0004434114380273968,0.0010318807326257229,0.006211898755282164,0.004389564506709576,0.03470757603645325,0.016275176778435707,0.4538797438144684,0.004923219792544842,0.00025402099709026515,0.015356676653027534,0.0002781941439025104,0.038241513073444366,0.0018293970497325063,9.294864322662022e-10,0.22129568457603455,1.4400700820260681e-05,0.027490854263305664,0.12212157994508743,0.007377231493592262,0.0001362924522254616
window-57586ad4c83f0eb8e946,573_83719_165724,toytruck,microwave,0.7680039405822754,False,0.004394920542836189,0.008216260932385921,0.03965703770518303,2.1858556631393355e-10,0.0093970512971282,8.3464977151948e-09,3.893917437380878e-07,0.014758669771254063,0.08729977160692215,0.021599745377898216,5.98288778519418e-08,0.00019201901159249246,1.6467549812659854e-07,4.941796760249417e-06,0.7680039405822754,3.561372921012662e-07,8.82279766958741e-15,0.01637522131204605,2.5506353722448694e-06,7.811333290085789e-19,7.9977118261354e-09,0.00012848476762883365,0.004415953066200018,0.0008086530724540353,0.0006630840362049639,0.024080773815512657
window-8b414f33a9e850218b7b,573_83719_165724,toytruck,handbag,0.4488477110862732,False,0.028280993923544884,0.0017004100373014808,0.0015737608773633838,0.001988887321203947,0.0038705305196344852,2.837786496456829e-06,0.01198837161064148,0.0006178990588523448,0.018145568668842316,0.2227415144443512,2.5846142307273112e-05,0.4488477110862732,6.110576941864565e-05,0.0007806039066053927,0.007121734786778688,0.0017711760010570288,5.563101694860961e-07,0.002564085181802511,5.281545236357488e-05,5.901743861613795e-06,0.0005418260698206723,3.7773754684167216e-06,0.008288429118692875,0.028796449303627014,0.1966569870710373,0.013570199720561504
window-02caae0df423b165e26c,573_83719_165724,toytruck,handbag,0.8722089529037476,False,0.0033644724171608686,3.852796362480149e-05,0.0005222277832217515,0.0001574127236381173,2.3075159333529882e-05,4.249153980062648e-12,0.00010580796515569091,0.00027829722966998816,0.0012358371168375015,0.024076338857412338,2.693865553737851e-06,0.8722089529037476,1.5970073945936747e-05,0.0007039352203719318,0.008824325166642666,0.001464748871512711,1.431060900358716e-05,0.0003820963902398944,5.7896177168004215e-06,3.83465259545801e-10,6.8963549892941955e-06,1.2886581316706724e-05,0.000572109769564122,0.054447438567876816,0.006537382025271654,0.02499847672879696
window-e80c1eb4848f570cd923,573_83719_165724,toytruck,apple,0.28196775913238525,False,0.28196775913238525,0.01022716797888279,0.02123410813510418,0.00022506243840325624,0.06240881606936455,7.488038633596261e-09,0.03197344392538071,0.010652337223291397,0.008615221828222275,0.06765767931938171,5.0385565373289865e-06,0.12752854824066162,0.0006647084373980761,0.0010565726552158594,0.026061605662107468,0.043028466403484344,8.109250302368309e-07,0.0009732842445373535,0.0016856745351105928,1.555210682457897e-10,0.003258274169638753,3.562941128620878e-05,0.11008935421705246,0.008572157472372055,0.010841858573257923,0.17123636603355408
window-d554bcac3f55cd10d728,339_35091_63095,umbrella,mouse,0.9466016888618469,False,4.320911466493271e-05,2.8781663786503486e-05,0.0009122841875068843,0.0008267250959761441,0.0002913478238042444,2.1264071392579353e-08,4.4277453525864985e-06,4.788379101228202e-06,0.0024394311476498842,0.0040430030785501,9.091483661904931e-05,0.0005302019417285919,1.8261635537086818e-09,7.387112033185872e-10,0.00010343406029278412,0.9466016888618469,2.8827841447309765e-07,0.0015152755659073591,0.014731815084815025,7.053782673545943e-17,3.833089522231603e-06,2.3269123630598187e-05,3.627904152381234e-05,0.00037213790346868336,0.0009720025700516999,0.026424884796142578
window-b288be33e9c12487f75a,339_35091_63095,umbrella,bench,0.3829091489315033,False,0.0011431690072640777,0.00020409231365192682,0.04456285759806633,0.3829091489315033,0.00033485263702459633,3.56309843825911e-13,0.00011850917508127168,6.467553248512559e-06,0.0013832703698426485,0.0013865615474060178,0.0022550891153514385,0.0008201633463613689,1.815024930351683e-08,0.0003727885487023741,0.001139445579610765,0.3339434564113617,0.009805244393646717,6.854652747279033e-05,0.004558297339826822,9.027453806188801e-13,1.5682773664593697e-05,9.604293154552579e-06,1.0258154361508787e-05,0.020253241062164307,0.005145254544913769,0.189553901553154
window-79dbeebe1670f79a4a4b,339_35091_63095,umbrella,wineglass,0.3868684768676758,False,6.465433398261666e-05,0.0010343119502067566,0.03369147330522537,0.06864937394857407,0.0024417410604655743,1.1127091470441997e-09,0.0021228573750704527,0.0005458183586597443,0.00016625752323307097,0.0009476786362938583,0.0030337662901729345,0.000568732968531549,3.57091352043426e-08,0.0005705754738301039,0.03456249460577965,0.32741984724998474,0.0020445247646421194,0.0013404287165030837,0.06522594392299652,4.465889880123086e-10,2.1997926523908973e-05,3.562386609701207e-06,0.0009522759355604649,0.0313933901488781,0.03632974252104759,0.3868684768676758
window-039f41ad94e5ade1de1d,339_35091_63095,umbrella,mouse,0.9514365792274475,False,2.4438718355668243e-06,8.162469384842552e-06,4.0227616409538314e-05,0.00011279122554697096,5.947133104200475e-05,1.1580723359438938e-11,6.47214037599042e-05,1.5522333569606417e-06,0.0009534170385450125,0.000378726253984496,1.772209088812815e-06,4.144160993746482e-05,4.5937578740939955e-10,6.09861849909521e-09,0.008028626441955566,0.9514365792274475,5.530867383640725e-06,0.005402354057878256,0.003339221002534032,3.280664856528809e-13,3.5928858324041357e-06,5.808993591926992e-06,0.00010006080992752686,0.00011268661182839423,0.0029469672590494156,0.02695375494658947
window-aac321e42a4de0ca1aa8,137_15756_31094,wineglass,wineglass,0.9063597917556763,True,3.2082011784950737e-06,2.362879240536131e-05,0.023211505264043808,0.0005020344979129732,0.0008619437576271594,6.868119400119002e-19,9.014877832669299e-06,0.0011171387741342187,0.007404247298836708,0.00017115937953349203,0.000612702511716634,0.0003871666267514229,0.0007591661415062845,0.00012846390018239617,0.0031876200810074806,0.00031280177063308656,5.225318545853952e-06,6.649395345448283e-07,0.0021325573325157166,0.002285505412146449,9.433137893211097e-05,8.099830301944166e-05,0.042900580912828445,0.00507731968536973,0.0023712452966719866,0.9063597917556763
window-d9c945c533508f1d3feb,137_15756_31094,wineglass,wineglass,0.5889800786972046,True,0.0006964352214708924,0.0008365783141925931,0.044576212763786316,0.002488071098923683,0.04579823836684227,2.39382081865247e-12,0.008933459408581257,0.024328427389264107,0.03891879320144653,0.0016611804021522403,0.0005348211852833629,0.001063588890247047,3.871911928854388e-07,0.003361644223332405,0.007817055098712444,0.018012823536992073,0.001546983839944005,1.4119365005171858e-05,0.00132059829775244,9.990230864787009e-06,0.0020955675281584263,0.001351370825432241,0.00039210717659443617,0.0017726330552250147,0.20348869264125824,0.5889800786972046
window-06dfd8011cb5e4e4d729,137_15756_31094,wineglass,mouse,0.6396080255508423,False,6.272328846534947e-06,3.671656668302603e-05,0.0002749938576016575,1.060834892996354e-05,0.24604792892932892,2.4609562900628434e-16,9.930125816026703e-05,3.341552655911073e-06,0.030985958874225616,2.878720124499523e-06,6.015419984350956e-08,0.00018169822578784078,4.090255174560298e-07,0.00025411404203623533,0.004124924074858427,0.6396080255508423,2.2503625984882092e-07,0.0013666191371157765,0.005411295685917139,2.7990913054054545e-07,4.511965744313784e-05,0.01969321258366108,0.009851891547441483,0.0001150621465058066,0.0005127038457430899,0.04136631637811661
window-3d62e858e5316158d079,137_15756_31094,wineglass,wineglass,0.6620900630950928,True,0.0024659358896315098,0.16015854477882385,0.0019401239696890116,0.0007554623880423605,0.014544445089995861,3.450319889213428e-17,5.560570571105927e-06,0.00011300196638330817,0.0012219288619235158,2.0144998416071758e-05,0.00010720892896642908,0.0003382693976163864,7.883667052510646e-08,6.293190381256863e-05,0.1157623827457428,0.014842061325907707,9.714566431284766e-07,3.0152352337609045e-05,0.0039001074619591236,6.370329970195598e-07,0.00019933471048716456,0.0008023959235288203,0.0006831004866398871,9.423415031051263e-05,0.01986098662018776,0.6620900630950928
window-d9c121189d58cd7a35aa,271_28898_56091,wineglass,bench,0.9454313516616821,False,3.293183781227782e-11,5.437600520963315e-07,0.007364996243268251,0.9454313516616821,9.501535203071398e-08,5.6774548118418734e-24,5.491978663485497e-05,1.0322842172172386e-05,1.7212589398241107e-07,5.972847105795154e-08,2.199935789093388e-10,7.589500228277757e-08,4.303553624573908e-10,1.1525614809215767e-06,5.444582711788826e-06,4.018875756628404e-07,1.1429968083120912e-08,4.5952797123050004e-09,2.5605638711567735e-06,1.5138371963985264e-05,3.167874496057266e-08,3.8271522839750105e-08,3.0321846367087346e-08,1.3484303053701296e-05,3.665459371404722e-05,0.0470624677836895
window-738f592da5db019e0df5,271_28898_56091,wineglass,baseballbat,0.971839427947998,False,2.662656879692804e-05,2.924480440924526e-06,0.971839427947998,0.019145704805850983,4.4421582856557507e-07,5.747959616955733e-13,6.99468728271313e-06,0.001210646005347371,2.261651456392233e-11,8.803483808605961e-08,2.3194024834083393e-05,1.558386912847709e-07,3.9047304278838624e-10,4.991214836991276e-07,0.0002585656475275755,0.00014293071581050754,9.76536540520101e-09,3.2375369301007595e-06,1.5340945935804484e-07,7.329816753554041e-08,3.2445608422193573e-09,5.30720099050086e-05,3.2003313208406325e-06,9.880825382424518e-05,0.006201159209012985,0.000982164405286312
window-09efe262883354ff2d7d,271_28898_56091,wineglass,bench,0.7178913950920105,False,5.079982656752691e-08,4.2773648601723835e-05,0.032390449196100235,0.7178913950920105,5.814065389131429e-07,2.0160697293874776e-19,0.00028916538576595485,9.244299872079864e-05,6.762165139662102e-05,1.7453087366448017e-06,8.64475424577904e-08,0.00016819626034703106,4.772056854562834e-06,0.0004902529180981219,0.00305171892978251,0.00019133510068058968,4.369109956314787e-05,1.8411819837638177e-06,4.320941116020549e-06,0.00044317447463981807,1.2947991308465134e-05,9.89517978666754e-09,2.1761594325653277e-05,0.0004126186540815979,0.1590878963470459,0.08528918027877808
window-2b6f9db0f87a543647fb,271_28898_56091,wineglass,baseballbat,0.9628615975379944,False,3.02077321490124e-11,1.7920599930221215e-05,0.9628615975379944,0.03514872491359711,3.2791390367492568e-06,7.712658499903331e-28,2.722106273722602e-07,0.0015681845834478736,6.197101356519852e-07,6.757453974159944e-08,1.1550269768401122e-10,0.00018798233941197395,5.862834200343059e-07,1.5635649219802872e-07,4.693802475230768e-05,4.2373535791284667e-08,2.1180907722184728e-11,2.34218644479256e-09,4.56089255749248e-05,1.8182681742473505e-05,1.7804206720040128e-10,7.836847837339178e-10,1.8088508113578428e-07,3.9290516724577174e-05,2.6428562705405056e-05,3.404821109143086e-05
window-fe6575060ea782560fca,391_47065_93709,wineglass,hydrant,0.4967579245567322,False,0.4638861119747162,8.217091451712122e-10,1.2339005479589105e-06,0.00013019282778259367,1.344882399889613e-10,3.1250936612624265e-27,4.932239505706093e-09,6.1498615089305986e-09,1.3052655845058325e-07,1.2539647286757827e-05,0.00021396263036876917,4.76295604790334e-15,0.4967579245567322,2.58395772334552e-07,5.304957861884674e-14,7.547453151346417e-07,7.440323856154618e-13,6.026211647747193e-12,7.667733115113151e-11,1.0338563340457217e-15,0.0019679334945976734,3.184014318783452e-16,8.794567918357643e-08,3.5211364934895073e-09,0.037026967853307724,1.9543306279956596e-06
window-b8b370bf7bdba6b43d55,391_47065_93709,wineglass,apple,0.9696700572967529,False,0.9696700572967529,1.5369467920578472e-09,8.28921820072992e-09,7.588804874103516e-05,5.46232330200791e-12,4.629027702931131e-27,8.168689613619051e-10,3.0909976800330696e-09,8.211199720165041e-09,5.422136837296421e-06,3.0778478503634688e-06,4.636779055465024e-15,0.013457323424518108,1.1827690968857496e-06,4.2738317903136605e-16,4.022958322025261e-08,1.3161392982408149e-11,2.8282850237162926e-13,6.229658455758624e-11,6.7753852048681e-15,0.010448050685226917,1.3478862586617896e-17,1.2846711194836047e-10,3.1129836486343265e-09,0.006338912528008223,1.9138861162559806e-08
window-911d4629cef86f1ab5b4,391_47065_93709,wineglass,apple,0.5228939056396484,False,0.5228939056396484,2.596622827866213e-08,3.630406979482359e-07,0.0031318762339651585,3.021140976278147e-11,3.580796411237258e-22,1.9924812022509286e-07,1.3038878421411937e-07,2.3448457795893773e-05,0.00026979143149219453,0.00013257449609227479,4.0840127232735085e-14,0.029716964811086655,3.355841116103875e-08,8.538956759555905e-13,0.00011477895895950496,1.4445961760145565e-08,2.2751711625801363e-08,7.1184724781403474e-09,2.8279161239271045e-13,0.44086265563964844,2.946395026830889e-13,3.225073328394501e-07,1.694608897651051e-08,0.0028526801615953445,2.6463888502803457e-07
window-00f113b8518d96697791,391_47065_93709,wineglass,apple,0.8130714893341064,False,0.8130714893341064,3.525900682532779e-10,2.3922577696566805e-08,1.088547207928059e-08,6.288546750389881e-14,5.04868476008678e-32,5.477093778516462e-11,5.366656896654831e-09,6.887077574901923e-08,2.084482048303471e-06,1.0364162790210685e-06,3.902375913771005e-18,0.08784511685371399,8.862875017223715e-11,4.1245637400560164e-17,6.249619036680087e-05,8.29266060608727e-16,5.353932922003146e-11,3.686683597292628e-11,1.1405203343572588e-15,0.09901393949985504,3.912311013348768e-14,1.2179413033663877e-08,3.7599562352497173e-11,3.6892042771796696e-06,3.897278588738118e-08
window-2a02d5827ca36b58ce80,475_67235_131970,wineglass,cup,0.9210667610168457,False,1.5887588233454153e-05,1.852501782195759e-06,0.0017447165446355939,0.025204986333847046,0.025562729686498642,2.4706731343963895e-15,0.003933536820113659,2.715137816267088e-05,0.0031701582483947277,0.9210667610168457,3.430962221753352e-15,2.2379986148735043e-06,1.0049440390957898e-07,1.2478893474110464e-08,0.00043876119889318943,1.7070693502319045e-05,3.148670430164202e-06,4.167249062447809e-05,0.00013153217150829732,1.0496297164763746e-09,0.009172308258712292,3.4664833492570324e-07,3.312088665552437e-05,0.009409396909177303,1.7152680811705068e-05,5.386028533393983e-06
window-8cdb10bc20f1afc5f2bc,475_67235_131970,wineglass,cup,0.8606255054473877,False,3.2273237593472004e-05,1.333082855126122e-05,0.0024184277281165123,0.012401435524225235,0.043534621596336365,4.4965773997058395e-14,0.004376770928502083,5.993263130221749e-06,0.06056628376245499,0.8606255054473877,2.330162159145527e-13,1.4210053450369742e-05,8.163205222899705e-08,2.3751026034801725e-08,0.0013079758500680327,1.2797448107448872e-05,5.403314389695879e-06,0.0003591968270484358,0.0002249251410830766,1.231358764952617e-10,0.013477508910000324,1.104516968553071e-06,6.789110193494707e-05,0.0005464705755002797,7.500043011532398e-06,2.7014149850401736e-07
leftover-window-6d7c583d4bd82d0dbf2c,62_4327_11547,chair,baseballbat,0.3770560622215271,False,0.16900759935379028,0.006859746295958757,0.3770560622215271,0.03430795669555664,0.10607331246137619,1.2154973916267409e-08,0.00034489549580030143,0.001753300311975181,0.008788561448454857,0.012261290103197098,0.0004666809691116214,0.00037847855128347874,0.0002866084687411785,0.011619233526289463,0.000994487083517015,3.429609591876215e-07,4.2212730477331206e-05,0.000606834888458252,0.03458952158689499,3.6579844930884065e-08,0.0026153463404625654,2.5682129489723593e-07,3.951038161176257e-05,0.12852983176708221,0.10312176495790482,0.0002561350993346423
leftover-window-184ab8c4fcd863e482f8,62_4327_11547,chair,kite,0.4984205961227417,False,0.033572979271411896,0.001162584638223052,0.17259693145751953,0.0009347391314804554,0.025549400597810745,5.661951796298581e-09,0.00030404533026739955,0.007156386040151119,0.00013042122009210289,0.002121754689142108,0.14309576153755188,0.0016527133993804455,0.033806245774030685,0.4984205961227417,1.575793430674821e-05,0.0010534108150750399,3.590261985664256e-05,0.0002822269161697477,0.0022028593812137842,1.0435670105835015e-09,0.0008015975472517312,1.961644358061676e-08,0.01931203156709671,0.012384338304400444,0.04264611750841141,0.0007612892659381032
leftover-window-7ae626979eefbba3a9f0,433_61349_119679,parkingmeter,toyplane,0.41691485047340393,False,0.00022841441386844963,7.110427395673469e-05,0.36961355805397034,7.123737304937094e-05,0.0001463542866986245,2.3879085078356836e-18,0.0015287110581994057,0.0009489190415479243,0.017384909093379974,0.008515642024576664,0.0002281068154843524,0.0011775497114285827,0.014057033695280552,0.0022327699698507786,9.417791443411261e-05,0.03573237732052803,0.06753328442573547,0.005803721956908703,0.006155217532068491,9.902660025318255e-08,0.0009867949411273003,0.0001013573128147982,0.41691485047340393,0.0035329305101186037,0.0366915687918663,0.010249264538288116
leftover-window-5a561d20cd3a4bf5c0dd,421_58416_112563,stopsign,stopsign,0.9986801743507385,True,5.273761288782097e-11,1.0068822575703962e-06,1.0613286249849807e-08,0.0002109183114953339,8.385874217253786e-10,1.6115479406655869e-37,7.011697107373038e-07,3.239924740170222e-14,0.0005633560358546674,1.4286756673531631e-11,1.1259881058574156e-19,7.385869124415176e-14,3.018855920799979e-07,5.34024422904622e-07,3.1936720915837213e-05,1.0788021170826667e-10,2.7147178277044104e-13,6.084978565468191e-08,6.757719006600382e-08,0.9986801743507385,1.2606383847924008e-07,1.6626190701973798e-10,1.1623012968753343e-10,1.0008609496736653e-09,1.719860712179333e-11,0.0005108177429065108
leftover-window-af8813137aaf9e78426b,403_53193_103795,toytruck,teddybear,0.4126088619232178,False,0.0011837956262752414,0.0001952258317032829,0.061346955597400665,0.013727771118283272,0.0023389742709696293,2.87408823851365e-07,0.00018840924894902855,4.80626622447744e-05,0.04469778388738632,0.0002807792625389993,0.0008433148614130914,0.0037260998506098986,0.321130633354187,0.00021578803716693074,4.2365791159681976e-05,0.00025841500610113144,4.634977085515857e-05,0.06595966219902039,0.00018795196956489235,2.7524280632462705e-09,0.4126088619232178,1.4561948091795784e-07,0.02393880859017372,0.03041842021048069,0.01660825125873089,6.903972462168895e-06
leftover-window-67f9403b466c193695b6,403_53193_103795,toytruck,teddybear,0.7078225612640381,False,0.006467399653047323,0.0010585110867395997,0.016595184803009033,0.0035484014078974724,0.004910371731966734,4.662868832383538e-06,0.0010176680516451597,0.0008749836124479771,0.02283558063209057,0.0004838664026465267,0.009950940497219563,0.0030010833870619535,0.08697859197854996,0.0012597901513800025,0.00025330373318865895,0.00046273457701317966,9.88515057542827e-06,0.03767053410410881,0.0015104410704225302,3.832146600046826e-09,0.7078225612640381,4.0386526052316185e-06,0.040361370891332626,0.04536297172307968,0.007527309004217386,2.793372914311476e-05
leftover-window-f872ae87e91db82c447e,475_67235_131970,wineglass,bench,0.9464980959892273,False,1.0504084457352292e-05,0.001896579284220934,0.013494838960468769,0.9464980959892273,0.00016101424989756197,4.0082208663250185e-09,0.00010954989556921646,2.5397072022315115e-05,0.0010582568356767297,0.026842307299375534,7.93411725208415e-10,0.00037340979906730354,9.886216139420867e-05,7.50412709749071e-09,0.0006312168552540243,1.5828109098947607e-06,2.0229743313393556e-05,0.0027375163044780493,7.566071644760086e-07,1.5112197615962941e-05,0.0019190508173778653,1.1741319212887902e-05,8.276029257103801e-05,0.003907850943505764,0.00010078454943140969,2.6504008019401226e-06
leftover-window-6ca3fa32ca4db97eb32c,475_67235_131970,wineglass,cup,0.9657416939735413,False,0.0009463135502301157,9.111024701269343e-05,0.010025492869317532,0.0003484948829282075,0.00033170549431815743,4.579033854835383e-15,0.0025799532886594534,0.0002871323376893997,0.013982760719954967,0.9657416939735413,3.843582251788786e-15,4.2965461943822447e-07,3.935383616204824e-11,1.5159716815205115e-09,1.9712430002982728e-05,2.829809545801254e-06,2.9574457016678934e-07,5.066502126283012e-06,0.0007957648485898972,4.22639093861088e-12,0.0020158165134489536,7.3382340204375396e-09,3.006427505169995e-06,0.0018062699818983674,9.69424672803143e-06,0.001006586360745132
