window_id,sequence_id,category,predicted_category,predicted_probability,correct,probability_apple,probability_ball,probability_baseballbat,probability_bench,probability_book,probability_bowl,probability_cake,probability_carrot,probability_chair,probability_cup,probability_frisbee,probability_handbag,probability_hydrant,probability_kite,probability_microwave,probability_mouse,probability_parkingmeter,probability_plant,probability_sandwich,probability_stopsign,probability_teddybear,probability_toilet,probability_toyplane,probability_toytruck,probability_umbrella,probability_wineglass
window-06b07fff690598cf242f,620_101397_203374,apple,apple,0.9761515259742737,True,0.9761515259742737,0.01948672905564308,2.2689619072480127e-06,0.001044733333401382,6.563126486724968e-09,1.7360057427140418e-06,0.00013485888484865427,0.0020170225761830807,1.247541092652682e-07,0.00011007345165126026,5.000395503884647e-06,7.906531429568986e-09,1.1102576991106616e-06,2.807462928799964e-09,2.9400416678981856e-07,1.7676962116297545e-08,1.7697906514513306e-05,0.00013755232794210315,0.00040157625335268676,1.558930584621976e-08,0.0001999205705942586,2.8531985662993975e-08,1.5918366216283175e-06,0.00028565313550643623,1.4130151271274372e-08,3.6507813661046384e-07
window-298ca542c22db3c41c34,620_101397_203374,apple,ball,0.8434640765190125,False,0.11594695597887039,0.8434640765190125,5.752832294092514e-06,7.281522994162515e-05,1.2797470638759023e-08,4.865627033723285e-06,6.8466950324364e-05,0.019659195095300674,6.944337656022981e-06,1.8688944692257792e-05,0.0008053929777815938,3.4813451748050284e-06,0.0016706919996067882,1.3467797543853521e-08,2.1721460541357374e-07,2.523791863495717e-06,7.993588951649144e-05,1.3237503480922896e-05,5.2025148761458695e-05,9.532173272930322e-09,0.015956800431013107,2.0257945720913995e-07,2.4838574972818606e-05,0.0021421629935503006,1.5255479013376316e-07,3.6431177363738243e-07
window-be15febdd7bf69673a5f,620_101397_203374,apple,ball,0.7448788285255432,False,0.24604244530200958,0.7448788285255432,2.2902986529516056e-07,1.2745500498567708e-05,8.202113122024457e-08,1.1353820354997879e-06,4.597328370437026e-06,0.0006846635951660573,4.191953166809981e-07,2.940409285656642e-05,8.909773896448314e-06,1.7075331015803386e-07,3.708483063746826e-06,3.0439195608522596e-09,9.230427622242132e-08,1.1308196690151817e-06,6.437507181544788e-06,0.00046239615767262876,4.617837839759886e-05,1.4401383197082396e-08,0.007680628914386034,9.320213933960986e-09,7.775505764584523e-06,0.00012787668674718589,2.9865610429169465e-08,8.832986964080192e-08
window-efa68518f266fece998e,620_101397_203374,apple,apple,0.9128744006156921,True,0.9128744006156921,0.06936664134263992,3.4282671549590304e-05,3.3125899790320545e-05,1.3919709545007208e-06,2.6502741093281657e-05,0.00010719003330450505,0.0027057440020143986,6.064934723326587e-07,0.0011591714574024081,2.5401124730706215e-05,3.2564671528234612e-06,0.00015128821542020887,8.809742979565272e-08,1.1205962664462277e-06,1.5643247479601996e-06,0.0004286660987418145,0.009092980064451694,0.0005225955974310637,1.0089079438557746e-07,0.0019240414258092642,7.134033808142703e-08,0.0001070961297955364,0.001418381230905652,1.045407429955958e-06,1.325074572378071e-05
window-8fc3b45d431e9bb6a541,151_16771_32072,apple,cup,0.5363637208938599,False,0.0031763617880642414,0.008035433478653431,0.07213401049375534,0.00010447708336869255,0.05978171154856682,0.006703414488583803,0.00032924950937740505,0.06793929636478424,6.165182071526942e-07,0.5363637208938599,0.038867734372615814,1.840422919485718e-05,7.249387181218481e-06,5.2562736527761444e-05,0.004222284536808729,0.004123486112803221,4.00367753172759e-05,2.403113512627897e-06,0.0026702433824539185,1.5378789441911067e-07,0.010363295674324036,9.52160007727798e-06,0.001127437106333673,0.18097107112407684,0.00030203405185602605,0.0026537259109318256
window-d63d7150fa96d1a0fac1,151_16771_32072,apple,apple,0.942284107208252,True,0.942284107208252,0.039372414350509644,8.570303293709003e-07,2.8062686396879144e-05,0.00019512906146701425,0.006213377695530653,0.00014057433872949332,0.0003093014529440552,9.816085366765037e-07,0.0034135242458432913,0.007148172240704298,3.4150068586313864e-06,0.00019203353440389037,8.889622193919422e-08,1.956740334208007e-07,0.00034109436091966927,7.372146228590282e-06,2.5745237508090213e-05,1.3426642908598296e-05,3.5007092265004758e-06,6.7815785769198555e-06,1.7822551399149233e-06,4.111243015358923e-06,0.00011511286720633507,7.632298681947702e-10,0.00017875780758913606
window-2db1e47f2fd8e4c94858,151_16771_32072,apple,apple,0.7521647810935974,True,0.7521647810935974,0.04914288595318794,1.570737367728725e-06,1.6316296751028858e-05,4.349196558450785e-08,0.02043928951025009,5.686331050469562e-08,0.000510756392031908,5.70303626545865e-08,0.17556509375572205,2.5970512069761753e-06,2.58317783163875e-07,0.00015613377036061138,3.3748501215846716e-10,9.099196063289128e-09,1.0689482223824598e-05,2.67045194846105e-08,5.637027061311528e-05,1.3001780416743713e-06,2.5704655854497105e-05,0.0003285232523921877,3.228277734024232e-08,1.439436232431035e-06,0.00010235479567199945,1.288073869787354e-09,0.0014736694283783436
window-803386818eadf3fa7b91,151_16771_32072,apple,apple,0.9189906120300293,True,0.9189906120300293,0.010249260812997818,5.806608896818943e-06,1.0634841601131484e-05,0.0003057758731301874,0.0003386274038348347,0.00025137857301160693,0.016211673617362976,8.188770772576959e-10,0.04937244579195976,0.0002173650573240593,6.354224524329766e-08,2.858508196368348e-05,1.2382505021335533e-09,3.4365031751804054e-05,0.0002654952695593238,4.027832346764626e-06,5.3339808800956234e-06,1.358740860268881e-06,3.4735958109877174e-08,8.103201309950236e-08,2.2563222046301235e-07,0.00011749539407901466,0.002244509058073163,5.6843668971851e-07,0.0013443083735182881
window-156dcf712c34a69415b2,96_10748_18781,apple,apple,0.9715799689292908,True,0.9715799689292908,0.011787321418523788,2.1629024558933452e-05,3.656958870124072e-05,0.0001540158555144444,2.149588681277237e-06,0.0007894238224253058,0.00022650440223515034,3.2503275626538652e-09,0.002185427350923419,3.224141619284637e-05,5.124599624650727e-07,1.708115888732209e-07,5.842783252774097e-07,0.0005671838880516589,0.00015764521958772093,7.85640804679133e-06,1.8008835240834742e-06,0.012384701520204544,4.1837807884803624e-07,7.902315815044858e-07,1.8871315887736273e-06,2.33921964536421e-05,4.474559773370856e-06,2.178542490582913e-05,1.1537668797245715e-05
window-56961d0bf1cdbdf03bcd,96_10748_18781,apple,apple,0.821762204170227,True,0.821762204170227,0.08394553512334824,4.1503571992507204e-05,0.00011781833745772019,0.0010124073596671224,1.1454547347966582e-05,0.0005160045111551881,2.8384527468006127e-05,1.9700320541549132e-10,0.0025330528151243925,0.0011847913265228271,4.776391506311484e-06,4.2464284888410475e-06,1.6806317262307857e-06,0.0005978925037197769,0.0006997639429755509,0.000509735953528434,5.812723975395784e-05,0.08501645922660828,6.705957957819919e-07,9.12677205633372e-06,1.4234480659069959e-05,0.0009606814128346741,0.000867361668497324,2.1486126570380293e-05,8.062113920459524e-05
window-ca6a2836c56f43a0a6a6,96_10748_18781,apple,apple,0.9198774695396423,True,0.9198774695396423,0.030632928013801575,1.517427881481126e-05,0.0005437511135824025,0.002399869030341506,2.607010173960589e-05,0.03646400570869446,4.033905497635715e-05,2.012825106589844e-08,0.0008378674392588437,1.3127009879099205e-05,0.00016906473319977522,4.448089839570457e-06,1.8877581453580206e-07,4.9596412281971425e-05,0.001137270824983716,4.493966844165698e-05,0.0023512134794145823,0.001005623140372336,1.063093577613472e-06,9.809909897739999e-06,1.4503063994197873e-06,0.0007823067135177553,0.0033377972431480885,2.7500202577357413e-06,0.00025190546875819564
window-8d502de56de91c1b832d,96_10748_18781,apple,apple,0.3712207078933716,True,0.3712207078933716,0.002219998277723789,0.002175387926399708,0.05654555931687355,0.1055740937590599,9.289007721235976e-06,0.012244300916790962,0.0003536944859661162,6.205038971529575e-08,0.0011405394179746509,7.428794197039679e-05,4.250717665854609e-06,1.0331720545764256e-07,2.040125309576979e-06,0.0007897596224211156,0.000128350337035954,8.306598465424031e-05,0.00010712582297855988,0.15848252177238464,1.8213446310255677e-05,0.00015599608013872057,3.348873360664584e-05,0.2844127416610718,0.002793682273477316,7.895603744145774e-07,0.0014299110043793917
window-693a9cc0fabdf476b331,608_95712_192517,apple,ball,0.5204334259033203,False,0.3291502892971039,0.5204334259033203,3.5102260881103575e-05,0.0029091390315443277,0.0009289698209613562,9.789752948563546e-05,0.10287163406610489,0.0008879423839971423,2.6504601464694133e-06,0.001097152940928936,2.6200521460850723e-05,0.0008281642221845686,0.00022331929358188063,6.0207803471712396e-05,1.0268029200233286e-06,0.0038081456441432238,1.370290556224063e-05,0.0010537755442783237,6.243538518901914e-05,7.18487058293249e-07,0.0025834180414676666,1.7144866859553076e-08,0.02034473419189453,0.012553807348012924,2.3819018679205328e-05,2.3825778043828905e-06
window-a5c5b97d727fcf4102bd,610_96727_193809,apple,mouse,0.4749714136123657,False,0.0010500047355890274,0.0017649540677666664,2.9204104521340923e-06,0.00033385297865606844,6.154246511869133e-05,4.568819804262603e-06,0.00013985089026391506,0.1330166906118393,5.081472309598212e-08,0.00013643861166201532,6.687832410534611e-06,1.1138645277242176e-05,8.885830737881406e-08,0.0002585769398137927,5.5399411280632194e-08,0.4749714136123657,1.6059846075222595e-06,8.604574395576492e-05,0.0007588457665406168,1.9608307411544956e-05,0.0007333654211834073,5.56336365864496e-10,2.1834674043930136e-05,4.645203080144711e-05,6.309674972726498e-06,0.38656723499298096
window-17207c0ef9aea183b8f7,201_21619_43660,ball,ball,0.9857121109962463,True,0.010793270543217659,0.9857121109962463,1.884902667370625e-05,9.294615210819757e-07,0.0001779499143594876,0.00012492168752942234,6.268730885494733e-06,0.000239519911701791,8.088540198514238e-06,0.00031408423092216253,0.00021633249707520008,1.7098177806929016e-07,2.553866579546593e-06,3.889167146553518e-06,3.7087979762873147e-06,0.001031521474942565,2.66814765836898e-07,2.1657080651493743e-05,7.754411490168422e-05,5.622397907245613e-07,0.0001115354971261695,9.850282367551699e-08,0.00010038304753834382,0.0008646448841318488,1.184475195259438e-06,0.00016803799371700734
window-4ebdbb2b40c5d0033980,201_21619_43660,ball,ball,0.984387993812561,True,0.0051679788157343864,0.984387993812561,0.000180311209987849,0.00022702595742885023,1.8749371520243585e-05,2.0327111997175962e-05,7.187330993474461e-06,0.0006527379155158997,1.2565310498757754e-06,3.593929432099685e-05,0.006661702413111925,1.0628074051055592e-05,7.497564183722716e-06,4.9124009819934145e-06,5.749217507400317e-06,0.0005890773027203977,0.00016203042468987405,0.000556653831154108,0.000796204898506403,1.4880264416206046e-06,1.2868569683632813e-05,8.95754396879056e-07,6.693533941870555e-05,0.00011524794535944238,2.0635138753277715e-06,0.0003065524506382644
window-24e69060602b1b41c882,201_21619_43660,ball,ball,0.9829058647155762,True,0.005028783343732357,0.9829058647155762,4.477651236811653e-05,7.396324508590624e-05,5.1196670938225e-06,4.683786301029613e-06,4.412900409533904e-07,0.003808632493019104,2.172758151175458e-08,0.0004517340858001262,0.0006072740652598441,1.29464342535357e-06,3.112411650363356e-05,1.0949101181267906e-07,3.4633950463103247e-07,0.002203114563599229,9.036718438437674e-06,0.0020206989720463753,0.0016805323539301753,6.06706123562617e-07,1.678329863352701e-05,5.401726639320259e-07,0.0005413806065917015,0.0004392935079522431,1.3469070836436003e-06,0.0001223948347615078
window-35e059666d8d83807200,201_21619_43660,ball,ball,0.9410629868507385,True,0.00020957569358870387,0.9410629868507385,0.0005361096700653434,7.861704216338694e-05,2.1268477212288417e-05,7.428129902109504e-05,1.165581352324807e-06,0.04694228619337082,1.4363363334268797e-06,0.0003219801001250744,0.0029409409034997225,2.238700744783273e-06,4.486816123971948e-06,1.603429154783953e-05,1.1752111106488883e-07,0.0007192580378614366,3.363073119544424e-06,0.0005568437045440078,0.004245909862220287,6.054764298824011e-07,1.574012276250869e-05,1.5044596466395888e-06,0.0002809998404700309,0.0015924477484077215,8.869077419149107e-07,0.0003690214070957154
window-222d36de5c8a0d6dda44,394_48628_96157,ball,ball,0.5827416777610779,True,0.25441521406173706,0.5827416777610779,5.928595783188939e-07,9.586376563675003e-07,5.4911893698772474e-08,1.601301846676506e-07,0.00024297811614815146,0.047564733773469925,2.3027826046018163e-07,0.10917709022760391,0.0010187872685492039,4.640965926228091e-06,0.0002544712624512613,7.80514983489411e-06,7.0015868658401814e-09,7.031705422377854e-07,4.736675327876583e-05,2.0883939214400016e-05,3.331205516587943e-05,1.3179005691199563e-06,0.004169103689491749,3.1756226235302165e-05,9.250657058146317e-07,2.801067694235826e-06,7.567477666725608e-08,0.00026233665994368494
window-2758fade3a73a599d3a3,394_48628_96157,ball,ball,0.5132527351379395,True,0.14777253568172455,0.5132527351379395,1.6098894661809027e-07,4.511695905762281e-08,2.3967322704265825e-07,2.833839403137972e-07,3.730945650204376e-07,0.3289773762226105,4.630631167401589e-08,0.009492668323218822,0.00019147992134094238,2.121959852274813e-07,1.9711869754246436e-06,9.7710642421589e-07,4.5689724004205345e-08,2.985392711707391e-06,9.199682438065793e-08,1.907543278889534e-08,0.00027751203742809594,1.3272441719891503e-05,2.4614448648208054e-06,1.239465752256308e-09,6.110172279250037e-08,4.637649553274059e-08,2.1227672952761623e-09,1.2441687431419268e-05
window-ba9a4f4aae51e53b10df,394_48628_96157,ball,carrot,0.9099361896514893,False,0.008964852429926395,0.04994726553559303,1.1350800377840642e-05,2.9706200166401686e-07,3.5963191180599097e-07,2.9474359064529665e-10,2.721788234794076e-07,0.9099361896514893,1.5073225085870945e-06,7.35456487745978e-05,0.028759706765413284,1.3371322893362958e-07,0.00017480696260463446,3.1012086765258573e-07,1.1421690260249306e-08,2.471560662797856e-07,9.556882218930696e-08,8.86795206156421e-08,8.8858199887909e-05,2.6133170649700332e-06,0.001978084444999695,1.0107482850685301e-08,8.337927283719182e-06,6.1047876442899e-07,1.2541544691657691e-08,5.042037082603201e-05
window-b9ec458e21d55f86610b,394_48628_96157,ball,ball,0.9359927773475647,True,0.007206338457763195,0.9359927773475647,4.7930020627973136e-06,5.862044872628758e-06,6.522150042265196e-10,4.699783229256127e-09,3.19556420436129e-07,0.054037850350141525,2.267130305710907e-08,8.344570960616693e-05,9.553080417390447e-06,6.685971776221322e-09,2.877314045690582e-06,3.786827562635153e-08,1.9086690561387343e-10,3.029858319791856e-08,1.8455024473951198e-05,1.1337592695781495e-06,3.402137735974975e-05,2.7910656896779074e-08,0.00227712863124907,1.436086694006633e-09,5.112435246701352e-06,2.2194510052031546e-07,5.204170747674652e-07,0.00031955112353898585
window-997aba1bd981d6bfc4bf,372_41041_81726,ball,apple,0.5176476836204529,False,0.5176476836204529,0.4640088379383087,2.400911025546293e-09,5.662525654770434e-05,1.6515624423618647e-09,6.099571123741043e-07,0.0007452412974089384,3.791095195992966e-06,1.7347698531011702e-06,0.0004220311820972711,0.00029589462792500854,0.0014126362511888146,8.597291525802575e-06,1.1637556553978357e-06,8.502565833623521e-07,1.4553218079527142e-06,2.9284681346553043e-09,0.0027842812705785036,7.30546162230894e-05,1.104013094277434e-07,0.0011274995049461722,2.0219587781866721e-07,5.998950314278773e-07,1.0975046279781964e-05,0.01139578316360712,3.255751721553679e-07
window-d37c6177ba8f0a63cdb7,372_41041_81726,ball,ball,0.935467541217804,True,0.03956058248877525,0.935467541217804,2.091227990774769e-08,0.0007645089062862098,7.419287961774046e-10,1.1689785424096044e-06,0.012667730450630188,5.2256829803809524e-05,5.009249548493244e-07,0.0023732217960059643,0.00011097959213657305,7.965365512063727e-05,2.1080156784591964e-06,2.3251150338410298e-08,3.836461928585777e-06,1.9475348835840123e-06,1.6409853031973398e-08,0.0003742167609743774,0.00026040428201667964,4.997863900513266e-09,0.00024885963648557663,1.5503694612561958e-06,3.28713322232943e-05,0.006793200969696045,0.0011961336713284254,6.537753051816253e-06
window-9052676ba1a77bd2da9d,372_41041_81726,ball,apple,0.5038281083106995,False,0.5038281083106995,0.4288080334663391,1.8124433154298458e-06,0.0013595367781817913,3.757253708158714e-08,1.5204128430923447e-05,0.009510264731943607,0.0008816358749754727,1.5547185512332362e-06,0.0028323321603238583,0.002592631382867694,0.006966758985072374,9.30458918446675e-06,3.11192634399049e-05,7.68307927501155e-06,0.0008952412754297256,3.539955883979928e-08,0.0020429561845958233,0.02061065286397934,6.671715482298168e-07,0.0002222042967332527,6.9268398874555714e-06,0.000542205001693219,0.0005909623578190804,0.01823977567255497,2.37228186961147e-06
window-8c5ca4bed4244c19d6f0,372_41041_81726,ball,ball,0.8986287117004395,True,0.059122513979673386,0.8986287117004395,1.923588222041417e-08,0.00014889777230564505,9.101993603266578e-10,2.4491578187735286e-07,0.00013273853983264416,0.0030368296429514885,8.614370585746656e-07,0.0003990120894741267,4.391766196931712e-05,0.013812060467898846,4.754692326969234e-06,9.640964890422765e-06,5.228974586657387e-08,5.99239683651831e-06,2.942034615927014e-09,0.00036452486529015005,0.00025053080753423274,2.5268263925681822e-08,0.01145021803677082,6.081239689592621e-08,1.0982495041389484e-05,0.00025408444344066083,0.012321501970291138,1.7360266610921826e-06
window-a33b0ed12a0bdf4e4649,606_95090_191497,ball,frisbee,0.3430054187774658,False,6.18346020928584e-05,0.1550890952348709,0.24837316572666168,0.21076041460037231,5.5428863561246544e-05,0.001253439229913056,0.0004754459368996322,3.249260043958202e-05,2.838773525581928e-06,0.0012293169274926186,0.3430054187774658,0.003343229880556464,4.7397708158314344e-07,0.024325892329216003,2.2504365038145124e-09,0.008067391812801361,3.693941380333854e-06,0.0011853541946038604,1.9438813978922553e-05,2.07579923880985e-05,0.0005021971301175654,1.0244067425446701e-06,0.0003467039205133915,0.0015533969271928072,4.476887625060044e-06,0.0002871156029868871
window-00eb4160fa109d27ad87,251_26912_54706,baseballbat,baseballbat,0.9988465309143066,True,1.2650205860609276e-07,6.454878985096002e-06,0.9988465309143066,3.7623124171659583e-06,4.596542567014694e-06,1.5475289956157212e-06,1.3101264073611674e-07,0.0004562608082778752,4.4290175083006034e-08,5.138716460351134e-06,7.928952072688844e-06,1.6341369700967334e-05,4.842862999510089e-09,2.3068574591889046e-05,6.631404403378838e-08,0.00015429180348291993,8.161707421017184e-10,1.4955521976389718e-07,1.1845744438687689e-06,4.4587240566329456e-09,3.9193259908643086e-06,3.714985268743476e-06,2.7992737159365788e-05,0.00043604563688859344,2.777862562197697e-07,3.1776605169397953e-07
window-31457de6837cccb212a3,251_26912_54706,baseballbat,baseballbat,0.9702758193016052,True,5.306659659254365e-06,1.2447641893231776e-05,0.9702758193016052,1.2435261851351243e-06,0.001334603177383542,1.4314964857931045e-07,4.110915696742268e-08,0.024484358727931976,1.716456239364561e-07,4.735887614515377e-06,2.4361981559195556e-05,0.0009435537504032254,1.4742525256128403e-10,0.0025186617858707905,5.97042770777989e-08,0.0002005987917073071,2.6914698247892943e-10,3.4157774280174635e-06,9.423473557035322e-07,4.195361835712674e-09,3.684620241983794e-05,1.9966917363944958e-07,5.230711758485995e-05,7.958681089803576e-05,4.046908088639611e-06,1.6568650607950985e-05
window-38a5b47b592f6ada19c0,251_26912_54706,baseballbat,baseballbat,0.9758790135383606,True,4.757555132073321e-07,0.0004347764770500362,0.9758790135383606,6.026986375218257e-05,0.002889056224375963,1.8937003005703446e-06,2.1286430182954064e-06,0.0003915522829629481,6.678455520159332e-06,1.3052494978182949e-05,0.00043324954458512366,0.0013517142506316304,4.777742788064643e-07,0.007115643471479416,1.1925172884730273e-06,0.007511995267122984,2.2438639835087315e-09,2.9497175546566723e-07,6.667592515441356e-06,5.927729063159859e-08,1.7421834854758345e-05,7.65399236115627e-05,0.0008078142418526113,0.0028825076296925545,9.886198313324712e-06,0.0001056707333191298
window-3303115f13d78872409a,251_26912_54706,baseballbat,baseballbat,0.9287626147270203,True,0.012553627602756023,0.001714713522233069,0.9287626147270203,2.0704448616015725e-05,0.001840173383243382,1.1144766176585108e-06,2.8907243176945485e-06,0.0172943826764822,3.749561301447102e-06,0.00024147263320628554,1.159717044174613e-06,1.1405330951674841e-05,4.736769767532678e-07,0.0016790945082902908,2.330753704882227e-05,0.0009346459992229939,1.215682459587697e-06,0.0003159486805088818,0.00015975686255842447,4.9283904957064806e-08,0.005967407021671534,7.260989150381647e-06,0.006805199198424816,0.020683009177446365,0.00032698892755433917,0.0006477468996308744
window-f5a78fb2731ad2136ed2,514_73832_143780,baseballbat,carrot,0.7049440145492554,False,7.506479596486315e-05,3.848701453534886e-05,0.2676893174648285,9.379950643051416e-05,0.00027659826446324587,5.405210856679332e-08,4.83363919556723e-06,0.7049440145492554,3.649041536846198e-05,1.4962209888835787e-06,0.003476346144452691,0.019081961363554,6.646469330462423e-08,1.6463910696984385e-06,4.518080004345393e-06,0.0021367529407143593,1.0322029311282677e-06,0.000134120651637204,0.00025781794101931155,5.40570397333795e-07,1.371764392388286e-05,2.0119163309573196e-05,0.0006576984887942672,0.0003634004679042846,0.0006899848231114447,1.0230432678781654e-07
window-444b98f6d022ad8a420d,514_73832_143780,baseballbat,baseballbat,0.9246824979782104,True,4.8738955229055136e-05,8.38791675050743e-06,0.9246824979782104,0.0006976225413382053,6.744873826391995e-05,4.6193414959816437e-07,1.757889208420238e-06,0.07307947427034378,1.2460950529202819e-06,3.772579248106922e-06,3.409611963434145e-05,0.0005621124873869121,1.3533771152651752e-06,7.630892184806726e-08,1.7902389117807616e-06,0.0007431867416016757,1.2226982107677031e-05,2.8479231417577466e-08,1.3895285064791096e-06,4.584300583587719e-08,4.813549114857096e-09,2.7265152766631218e-06,3.352978819748387e-05,1.5979143427102827e-05,7.1830226211488934e-09,1.1840092462023222e-08
window-32a19c36accd3ffbf2f5,514_73832_143780,baseballbat,baseballbat,0.9531301259994507,True,0.0003103304479736835,7.764640758978203e-05,0.9531301259994507,7.514295430155471e-05,1.7371804688082193e-06,2.9758539312751964e-05,8.936080121202394e-06,0.042772602289915085,5.17460830451455e-06,1.2791483641194645e-05,0.0002793790481518954,0.0007972350576892495,4.4911388386026374e-07,3.47036552739155e-06,4.777180492965272e-06,0.00044567478471435606,1.1617823503229374e-07,1.8987745988852112e-06,5.8214794989908114e-05,1.700746850019641e-07,2.530297206249088e-05,0.00034173548920080066,0.0015915585681796074,2.5472307243035175e-05,1.9228843939345097e-07,1.3595804659871646e-07
window-c62c5e55f5b6e2052d2b,514_73832_143780,baseballbat,baseballbat,0.9263953566551208,True,0.0003341324918437749,0.0005080857081338763,0.9263953566551208,3.6644934880314395e-05,3.918747552233981e-06,3.135177166768699e-06,9.058721843757667e-07,0.07258649915456772,4.837549113290152e-06,1.5868656191742048e-05,2.708285364860785e-06,2.3918013539514504e-05,6.456123628595378e-06,3.042291609745007e-07,4.220049049763475e-06,1.4541665223077871e-05,1.4006303672431386e-06,2.3697243705100846e-06,2.1857184037799016e-05,2.130122567223225e-08,8.801710009720409e-07,1.3909484550822526e-05,1.1111469575553201e-05,6.782627679058351e-06,4.138964282418556e-09,3.277709836879694e-08
window-51cef5a1f4b1695e42cd,534_77327_149480,baseballbat,baseballbat,0.9750357270240784,True,2.7359371657098563e-08,4.6867295168340206e-05,0.9750357270240784,0.002320155967026949,4.6126147026370745e-06,1.1445840186752321e-07,9.971345349413241e-08,0.0003931151586584747,2.058046084130183e-05,1.708267376443473e-07,3.726378736246261e-06,0.0005107150645926595,1.144942643804825e-06,0.006013703998178244,7.925195859570522e-06,2.997792307724012e-06,8.538677320757415e-08,1.8559111936156114e-07,1.130441523855552e-05,1.0732297823778936e-06,9.734829973240267e-07,6.116044204418358e-08,0.015364382416009903,0.00015771079051773995,1.0776831231851247e-06,0.00010142914834432304
window-980f36b21df935abcb57,534_77327_149480,baseballbat,baseballbat,0.9164168834686279,True,5.924753168073948e-07,9.657271584728733e-05,0.9164168834686279,8.145852916641161e-05,2.3115335352486e-05,0.00018579070456326008,8.553783459319675e-08,0.0009021182777360082,3.469812554612872e-06,0.00031935947481542826,0.00067401077831164,8.235442692239303e-06,0.00045664820936508477,0.00020462936663534492,1.3551914435083745e-06,6.852728256490082e-05,4.551104098027281e-07,1.893091621241183e-06,4.089407593710348e-05,1.7067380397861598e-08,6.716855750710238e-06,1.5550819298937313e-08,0.07720813155174255,0.0014001387171447277,0.00011240859021199867,0.001786447362974286
window-848f05d1ba72291617c0,534_77327_149480,baseballbat,baseballbat,0.9814599752426147,True,7.296369403775316e-06,0.00011143224401166663,0.9814599752426147,0.002614373806864023,0.0002138959534931928,8.870383680914529e-06,8.152148438966833e-06,0.005785137880593538,7.363943586824462e-05,2.160931944672484e-05,0.00036873252247460186,0.00016562601376790553,0.001892394502647221,0.0014010018203407526,1.3786434465146158e-06,1.8204837033408694e-05,1.7403751826350344e-06,7.491273572668433e-05,4.06971994380001e-05,1.0640084724400367e-07,6.172578650875948e-06,1.65146349928591e-08,0.0038887427654117346,0.0007512042648158967,3.0945270168558636e-07,0.0010842045303434134
window-9ecf4a8f2d34a7e274be,534_77327_149480,baseballbat,baseballbat,0.9996893405914307,True,2.471549076510371e-10,3.05133198708063e-07,0.9996893405914307,2.8439627541843038e-08,5.9761147142012305e-09,8.746844741835957e-07,2.5989934163139772e-11,3.2155680855794344e-06,3.41783445989563e-09,2.9527473088819534e-06,2.3954780772328377e-06,2.12907705354759e-10,2.1189379140196252e-07,1.0288910061717615e-06,2.3791300041153818e-09,8.379602789432283e-09,1.2828503592743346e-08,2.1981543252280744e-09,4.4003755306221137e-07,2.2538042543374104e-09,8.686348706987701e-08,6.497880011835377e-10,0.00029457188793458045,1.3269044529806706e-07,7.548154457026612e-08,4.320183506933972e-06
window-899c4f9382a51e140cf3,417_57601_110929,bench,bench,0.8868391513824463,True,3.3680262276902795e-05,0.0014706222573295236,0.09328528493642807,0.8868391513824463,0.00042274766019545496,7.041259959805757e-05,7.3023940785788e-05,7.329093932639807e-05,0.001646291697397828,1.2613150829565711e-05,7.363327767961891e-06,0.0002091068890877068,3.1823914468986914e-05,0.0007261521532200277,0.00019099157361779362,2.8114196538808756e-05,7.524867839947547e-09,0.0004134451155550778,0.0014009554870426655,1.1862447024668654e-07,2.015752761508338e-05,5.7148925407091156e-05,0.0002461767289787531,0.01206247229129076,0.0006788098253309727,5.327878582761514e-08
window-bc2d80dc5bd05702aebf,417_57601_110929,bench,bench,0.9632489681243896,True,1.6497413071192568e-06,0.00034182803938165307,0.03546470031142235,0.9632489681243896,8.162549420376308e-06,1.0610833669488784e-06,1.4552872016793117e-05,5.829195288242772e-06,9.773494639375713e-06,1.444798130023628e-07,6.813898494328896e-07,0.00011257547157583758,0.00016354830586351454,3.17259764415212e-05,1.4841725715086795e-07,1.8108094081981108e-05,1.15906817477196e-09,3.803342769970186e-05,1.4794075468671508e-05,1.6964597193691588e-07,1.6440095350844786e-05,2.3466398602067784e-07,0.00034327275352552533,0.0001380734029226005,2.5591971279936843e-05,2.849346092403948e-09
window-3bef112ff26aebd359ab,417_57601_110929,bench,bench,0.8288484215736389,True,4.126429473672033e-07,0.0029370165430009365,0.16023413836956024,0.8288484215736389,5.099325062474236e-05,3.4268010494997725e-05,8.83018674358027e-06,0.0025132070295512676,0.00042803309042938054,4.635552613763139e-06,0.00013990330626256764,1.6522184523637407e-05,4.148312200413784e-07,0.0020148083567619324,4.052717031299835e-06,0.00029904957045800984,1.901744095533786e-09,4.204167908028467e-06,6.981958722462878e-05,6.023352852935204e-06,8.800190443025713e-08,1.2515605476437486e-06,0.00010429324174765497,0.00023004271497484297,0.0020495860371738672,5.061028574004922e-08
window-316b8a906a3b9c00285a,417_57601_110929,bench,bench,0.9700408577919006,True,4.760955198435113e-05,3.656846092781052e-05,0.028404319658875465,0.9700408577919006,2.8092313186789397e-07,1.1040690850450119e-07,1.8521921447245404e-05,1.8348509911447763e-06,9.448549462831579e-06,6.538336805306244e-08,9.765543836692814e-06,2.987650532304542e-06,1.3339058568817563e-07,9.594591574568767e-07,2.994659553223755e-06,2.671656147867907e-06,4.610706957832063e-14,2.738336490892834e-07,0.0013060085475444794,5.33538369040798e-09,2.073989691098177e-08,9.584399407458477e-08,7.127831486286595e-05,8.403177162108477e-06,3.469460716587491e-05,2.8913382105200114e-11
window-d634e2365ad7a2b91bd3,431_60964_118808,bench,bench,0.9991449117660522,True,2.2486857176318154e-07,3.530192316247849e-06,0.00044556285138241947,0.9991449117660522,4.714944680017652e-06,1.6368455817428185e-06,1.0390323268438806e-06,4.325428051288327e-07,2.793740065953898e-07,2.4647260943311267e-07,3.512289836749005e-08,3.5998223211208824e-06,1.2555188732221723e-05,3.366728151377174e-06,0.0003366697928868234,1.449647015761002e-07,8.705076197657036e-07,8.612685633124784e-06,8.017549291139403e-09,2.9627035047496975e-08,7.851501671041206e-10,1.094923121058855e-07,1.5456826076842844e-06,8.529034857929219e-06,2.069268339255359e-05,7.403962740681891e-07
window-0c56ccaf36d15c5aa1d4,431_60964_118808,bench,bench,0.9945924878120422,True,9.783777699112761e-08,8.428660294157453e-06,0.00013958853378426284,0.9945924878120422,1.3248552022560034e-05,3.3316035796815413e-07,1.3657770068675745e-05,1.712631956252153e-07,5.292279183777282e-07,3.6459047692005697e-07,5.420135806843973e-08,3.219171048840508e-06,2.547116673667915e-05,1.1519589861563873e-05,0.0033517368137836456,4.2554329837685145e-08,3.817180640908191e-06,2.146184385765082e-07,1.2802821913737716e-07,9.409900059154097e-08,7.805954771455959e-10,1.9123744721127878e-07,1.6824627891764976e-05,0.0018156031146645546,2.1151397504581837e-06,7.530583445714001e-08
window-1b7a25eac0bc3642e73e,431_60964_118808,bench,bench,0.9994014501571655,True,1.9005641505032145e-08,4.118259084862075e-07,0.00020862731616944075,0.9994014501571655,2.9524683213821845e-06,3.335831308959314e-07,4.372287421006149e-08,7.83216407285181e-08,3.188480377502856e-07,1.0639448078109126e-07,2.8620217307206985e-09,1.593253000464756e-05,7.415645200126164e-07,6.912935987202218e-06,7.316951814573258e-05,1.4840861695120111e-06,7.798040435602616e-09,3.1594009897162323e-07,1.323893741300708e-07,1.1947858702399117e-08,4.930301653049973e-11,5.4817139272245186e-08,5.345722229321836e-07,2.218453971636336e-07,0.00028598136850632727,3.008748805655159e-08
window-5339d15dbc7a0ea75fdd,431_60964_118808,bench,bench,0.9999699592590332,True,1.903056912055945e-08,1.0697750951749185e-07,2.4244038286269642e-05,0.9999699592590332,1.5203873715563532e-07,4.014882593050828e-10,1.086722534182627e-08,7.287245917808605e-09,4.950194920638751e-07,4.8614708703098586e-08,9.393008072733355e-12,1.86116153599869e-08,4.0966688175103627e-07,5.605517117146519e-08,2.5878784981614444e-06,4.78738559905878e-09,1.1437500546662704e-07,1.800022886300212e-08,1.7666065832422362e-10,1.4830267680565612e-08,6.850977424255333e-11,3.0928202221502943e-09,5.99800785039406e-07,1.0045147291748435e-06,1.6140315750590162e-08,1.1624109674812644e-07
window-10e17b6833fefea77151,188_20287_35716,book,book,0.9481576681137085,True,0.0001273828384000808,0.0024143720511347055,0.00014253823610488325,7.580631790915504e-05,0.9481576681137085,2.0374518499011174e-06,3.7515648728003725e-05,0.0008482395205646753,1.1043447329939227e-06,0.00014024249685462564,0.0015083285979926586,0.013537905178964138,4.1149260141537525e-06,0.0021343864500522614,5.5101668294810224e-06,0.026946689933538437,8.504409834131366e-07,1.1431455959609593e-06,0.0012352450285106897,2.9473383165168343e-06,1.152609820564976e-05,2.8937500928805093e-07,0.0018127972725778818,0.0008463030681014061,4.664934749598615e-06,3.571989282136201e-07
window-d36ae66105fe68faff64,188_20287_35716,book,book,0.7366660833358765,True,0.0005675414577126503,0.11642163246870041,2.7489630156196654e-05,0.0019196080975234509,0.7366660833358765,1.051206072588684e-05,6.312399636954069e-05,0.000810634926892817,1.5058327562655904e-06,5.383583629736677e-05,0.005549029912799597,0.012686892412602901,3.6120052300248062e-06,0.0011937234085053205,1.0463491889822762e-05,0.11260649561882019,1.0621843102853745e-05,2.9635180908371694e-05,0.005596264731138945,1.9661479200294707e-06,0.00135178177151829,2.29400086482201e-07,0.0007949682185426354,0.0035613670479506254,2.6681978852138855e-05,3.4365544706815854e-05
window-96176962e0336a09c80d,188_20287_35716,book,mouse,0.5232771039009094,False,2.4948145437519997e-05,0.005165197420865297,6.18936974206008e-05,0.0008601989829912782,0.4508694112300873,1.595827939127048e-06,3.8778547605033964e-05,0.0005584017490036786,4.427874046086799e-06,5.5353470088448375e-05,0.00016219251847360283,0.002528657205402851,1.5050500223878771e-05,0.0009651726577430964,3.247489814839355e-07,0.5232771039009094,6.632360964431427e-06,0.00013685645535588264,0.0002426426362944767,3.55917950400908e-06,0.0001846666564233601,8.424769930570619e-07,0.010219527408480644,0.004568600095808506,1.9915239590773126e-07,4.769214865518734e-05
window-f6db40ebbed75a8ade62,188_20287_35716,book,book,0.34704694151878357,True,0.0002067437017103657,0.049642086029052734,0.0008536001550965011,0.0009874182287603617,0.34704694151878357,1.962478199857287e-05,4.384707790450193e-05,0.0030013949144631624,1.2671465583480312e-06,0.00016272968787234277,0.23398496210575104,0.006208134349435568,1.3220476830611005e-05,0.04047241434454918,1.5010179595265072e-05,0.25263822078704834,2.9363824069150724e-05,2.9464176805049647e-06,0.06154737249016762,6.116005351941567e-06,0.00010012432903749868,6.1679602367803454e-06,0.0008924690773710608,0.002110071247443557,3.6796554923057556e-06,4.030606760352384e-06
window-52ba61a67d45d1eebf39,470_66441_130641,book,book,0.627001941204071,True,5.462273747980362e-06,1.8425771486363374e-05,0.08088257163763046,7.501081563532352e-05,0.627001941204071,2.2976367475280313e-08,0.0009147334494628012,0.0015299702063202858,7.010554980979578e-08,3.490682865958661e-05,2.915840559580829e-05,8.254369458882138e-05,9.406400103273427e-09,0.0032162603456526995,0.001420952146872878,0.002384640509262681,8.988159549971897e-08,4.508916333634261e-07,0.03869909793138504,9.273218893213198e-06,1.615401924937032e-05,2.2746627337255632e-07,0.24218766391277313,0.0014809506246820092,4.747515959024895e-06,4.7350772547360975e-06
window-075aa0d098cb19eb3c7e,470_66441_130641,book,book,0.985153317451477,True,7.74646125023537e-09,1.0443923059710869e-08,3.9656756598560605e-06,2.4341869675481576e-07,0.985153317451477,8.87086758216693e-12,0.002547063399106264,3.380343116532458e-07,1.6803908264861889e-09,4.224941392294568e-07,2.2850690584164113e-06,3.3981007163674803e-07,1.3388685234268227e-13,0.0008130460628308356,7.313538390008034e-06,1.992028410313651e-05,1.363428987766202e-11,6.593083284184287e-13,0.011414787732064724,1.7700274838716723e-05,1.1200667131561204e-06,9.441792903075452e-10,1.4415853001992218e-05,3.230269612686243e-06,5.120230071042897e-07,5.127972491081323e-10
window-167088e9bda5a0c105f6,470_66441_130641,book,book,0.9691832065582275,True,5.88177044846816e-08,8.186251676534084e-09,4.422745860210853e-06,1.3456043461701483e-06,0.9691832065582275,5.710541484127418e-10,0.001525128143839538,3.581582177503151e-07,3.483595856224042e-09,1.7876856190923718e-06,3.068009846174391e-07,7.065667517736074e-08,1.6075356107023153e-12,0.0006886994815431535,9.228499038727023e-06,6.575822226295713e-06,1.3433538136042866e-12,2.971450863142877e-11,0.028494680300354958,4.395376890897751e-06,4.178172730462393e-06,1.3718154612263334e-08,5.785772009403445e-05,1.3024227882851847e-05,4.663325398723828e-06,3.31782032958472e-08
window-7ec4bead3858f43f6cd3,470_66441_130641,book,book,0.9622447490692139,True,1.0537961259160511e-07,7.940024460140194e-08,1.518287172075361e-05,1.8948956039821496e-06,0.9622447490692139,1.116382319921172e-09,0.008742716163396835,1.2409674127411563e-05,6.02295386897822e-08,1.3389857485890388e-05,1.8896957044489682e-05,4.5049674213260005e-07,5.200229483137697e-11,0.008556907996535301,2.7668700568028726e-05,2.09764748433372e-05,1.8572439419717313e-10,4.284878285520932e-10,0.018239466473460197,3.839261626126245e-05,2.1842120986548252e-05,1.492126244784231e-07,0.0020148614421486855,2.6424051611684263e-05,2.3430256987921894e-06,1.0871771110032569e-06
window-847aa120d83489fcc4be,472_66868_131636,book,book,0.5903401374816895,True,0.0007350509986281395,0.0031408448703587055,6.0229358496144414e-05,6.9053990046086255e-06,0.5903401374816895,0.00019510590936988592,0.0034345665480941534,0.007209981791675091,8.379700739169493e-05,2.9596138119813986e-05,0.10767222940921783,0.0018928779754787683,1.2897795054200856e-09,0.0018969079246744514,3.06453111988958e-05,0.23051467537879944,8.598751155552975e-10,6.909880880812125e-07,0.051446009427309036,2.2685955336498864e-09,3.537690645316616e-05,3.997952262579929e-06,0.00012944580521434546,0.0008611272205598652,0.000270706630544737,9.092301297641825e-06
window-40642f8f6f46cf015f6e,472_66868_131636,book,mouse,0.671757161617279,False,0.0003700388770084828,0.011222724802792072,0.005307750776410103,0.0011165100149810314,0.0027017018292099237,6.343857967294753e-05,0.004691360518336296,0.010400339961051941,0.0007603190024383366,0.0002882715198211372,0.021627141162753105,0.014185610227286816,1.204612232186264e-07,0.0017306760419160128,7.333743269555271e-06,0.671757161617279,1.3231521656109635e-08,0.0005250585381872952,0.2175980508327484,3.139288651254901e-08,0.0004188446037005633,3.3247473766095936e-05,0.022043414413928986,0.008097190409898758,0.0006519915186800063,0.004401625134050846
window-0d1570ca00ea8e801bbf,472_66868_131636,book,toyplane,0.3361782133579254,False,0.0020529241301119328,0.12565922737121582,0.022467603906989098,0.005972820334136486,0.13082212209701538,1.5241361325024627e-05,0.016105182468891144,0.04478918015956879,0.0009501880849711597,1.3358528121898416e-05,0.010854670777916908,0.011619824916124344,9.765592778876453e-08,0.061066366732120514,0.0009002559236250818,0.050238460302352905,2.6448085463925963e-06,0.08440174907445908,0.04235530644655228,8.080988322944904e-08,0.005244997795671225,1.5363713828264736e-05,0.3361782133579254,0.04754825308918953,0.0006308209267444909,9.507037611911073e-05
window-c265734fd0adbb6cbcd9,472_66868_131636,book,kite,0.5147718787193298,False,3.9931088394951075e-05,0.008174915798008442,0.014459761790931225,0.00029597445973195136,0.14198200404644012,7.943237142171711e-05,0.01018535066395998,0.0918354019522667,0.002261370187625289,7.104399992385879e-05,0.017953703179955482,0.027519624680280685,6.230167315379731e-08,0.5147718787193298,1.870675987447612e-05,0.06986450403928757,8.43819947249358e-08,0.0003201512445230037,0.07251624763011932,8.961577577792923e-07,0.0008595742401666939,0.00014278627349995077,0.0055935378186404705,0.005818050820380449,0.009726203046739101,0.005508808884769678
window-c5cc9b213e052cc674b7,209_22182_45212,book,book,0.7362377643585205,True,0.0004386756627354771,0.0004985428531654179,0.0009874340612441301,7.354365294531817e-08,0.7362377643585205,5.273124315863242e-06,0.00023068604059517384,5.820179467264097e-06,6.702861128360382e-07,0.0032305498607456684,4.252542112226365e-06,0.00020173190569039434,0.00035366296651773155,3.074744725495293e-08,8.240683382609859e-05,4.0350190829485655e-05,3.899411603924818e-05,0.00036202650517225266,9.141813279711641e-06,2.508300269710162e-07,0.17275093495845795,7.023921853033244e-07,4.554072438622825e-05,0.006219181232154369,1.0151661733459605e-08,0.07825525104999542
window-591e4890fd29721b5362,209_22182_45212,book,book,0.990180253982544,True,1.0844289136002772e-05,0.0015705415280535817,0.00012658607738558203,5.479543574438139e-07,0.990180253982544,1.749778789417178e-06,1.1178891412555458e-07,4.219332549837418e-05,9.460654109716415e-05,0.00024985289201140404,5.569566928897984e-05,3.028741957677994e-05,5.157057785254437e-07,1.6591062745874297e-08,0.00019504451483953744,0.00021188525715842843,2.34717617786373e-07,5.511034828487027e-07,1.8040964278043248e-07,5.433956857814337e-07,0.00010381532047176734,1.2075367976649432e-06,6.418817974918056e-06,0.006207529455423355,3.712367524499882e-09,0.0009089229279197752
window-37c3924692651fc0ac4f,209_22182_45212,book,book,0.47311270236968994,True,0.0020874650217592716,0.013182535767555237,0.015746351331472397,0.00035492840106599033,0.47311270236968994,1.995390994125046e-05,0.0017998787807300687,0.0001557287178002298,0.001801979378797114,0.0021844569128006697,0.002996449824422598,0.004478862509131432,0.0004795083368662745,0.0003672917082440108,0.0027688578702509403,0.000362470222171396,2.621019484649878e-05,0.000998004456050694,0.01758807711303234,5.153378879185766e-05,0.37940067052841187,3.014770118170418e-05,0.00022858442389406264,0.05053740367293358,6.954604032216594e-05,0.029170388355851173
window-a01f7f56f425f4cbda17,209_22182_45212,book,book,0.44969862699508667,True,0.045776721090078354,0.17771102488040924,0.008252592757344246,0.01499973889440298,0.44969862699508667,0.0002844120899681002,0.005097692366689444,0.000496224092785269,6.215323082869872e-05,0.008368507958948612,0.014662781730294228,0.0015492793172597885,0.006998840253800154,8.32447585707996e-06,0.00987620372325182,0.003083371790125966,1.3841964573657606e-05,0.0003149990225210786,0.05203216150403023,1.8110654309566598e-06,0.01571539044380188,4.291886398277711e-06,0.00018983622430823743,0.07081478834152222,3.1359639251604676e-05,0.11395519971847534
window-3ea361af8ff3a780a2be,475_67222_131925,book,book,0.9725524187088013,True,9.527055055968958e-08,1.0281122087008043e-07,1.4471767428858584e-07,1.6613228581263684e-05,0.9725524187088013,0.0008023477275855839,0.0015799954999238253,1.1032127986254636e-05,1.683326809143182e-05,8.777888979238924e-06,2.3718774855296942e-07,8.547884533527395e-08,7.648099514812046e-11,3.923444751308125e-07,0.024573132395744324,5.115597545568562e-08,3.4847381924496545e-11,8.939109648054e-06,4.906051617581397e-05,1.768647962308023e-05,2.410047272860538e-07,3.453882868598157e-07,3.8352278352249414e-05,0.00031552041764371097,3.1261479307431728e-06,4.471918600756908e-06
window-363f27ab15d63990beff,69_5608_12991,bowl,bowl,0.9990645051002502,True,1.3580214499597787e-06,1.2840908993894118e-06,1.928776640625074e-07,1.7770952354112524e-06,4.9044501793105155e-09,0.9990645051002502,2.5585852654330665e-06,3.8762706822126347e-07,1.8491507489670767e-06,3.901367381331511e-05,0.0008735019946470857,1.388225179255187e-08,2.7934433433074446e-07,1.5562605426566734e-08,2.8069412110198755e-06,2.5074220388887625e-07,5.956682969099347e-08,1.284032009607472e-06,2.725621243371279e-06,2.2927812537432146e-08,3.5329392176208785e-06,2.769350260223291e-07,6.805626640016271e-08,4.635779049522171e-08,6.634863325416518e-08,2.3024138045002474e-06
window-6c3608dd77375226fa95,69_5608_12991,bowl,bowl,0.9975848197937012,True,1.3830497664457653e-05,2.3238353605847806e-06,1.0514695247820782e-07,6.456834711343618e-08,6.337596558658731e-10,0.9975848197937012,2.612980324556702e-06,1.3663324693879986e-08,9.716845994489631e-08,0.00012972907279618084,0.0022584053222090006,3.345163035461951e-09,2.3981036179065995e-07,6.394754059613206e-09,9.410061352355115e-08,6.161753418609806e-08,8.664586381712525e-09,1.1202462246728828e-06,1.791307909115858e-06,9.494412367416771e-09,2.8611020752578042e-06,1.7071170077542774e-07,1.2469794974379056e-08,3.9046605948556135e-09,8.033974552290601e-08,1.584684810040926e-06
window-35168b47cbc04f446d95,69_5608_12991,bowl,bowl,0.998690664768219,True,1.5483363313251175e-05,6.234890861378517e-06,3.069612830586266e-08,1.8193402695487748e-07,7.123093226368837e-09,0.998690664768219,1.5636860553058796e-05,3.666068337793149e-08,4.915518161396903e-07,8.84903856785968e-05,0.0011355923488736153,1.3188781622375245e-07,1.5692409078837954e-06,9.192859806717024e-09,1.1874806205014465e-06,2.098007598760887e-07,1.214152689499315e-07,4.744901616504649e-06,1.3546873560699169e-06,3.035344064983292e-08,1.0446178748679813e-05,1.842897461301618e-07,5.188893936747263e-08,2.5501625700030672e-08,9.95847173612674e-08,2.691781810426619e-05
window-50b0fc5c944a45c1601c,69_5608_12991,bowl,bowl,0.9991961121559143,True,1.865038211690262e-05,3.703619086081744e-06,6.106264294203356e-08,9.204238438087486e-08,1.6855031814699828e-09,0.9991961121559143,2.4492983357049525e-05,1.1560691959289215e-08,2.1283200624111487e-07,0.00028499457403086126,0.00045910137123428285,9.433730951968755e-08,2.9591154770969297e-07,1.4707874029795676e-08,3.6651110235652595e-07,3.74790154467064e-08,7.71263941601319e-08,2.5011472644109745e-06,1.281592744817317e-06,2.928258879819623e-08,3.807183929893654e-06,1.5838338640605798e-07,3.732784037424608e-08,4.554262300615619e-09,1.818812194187558e-07,3.7174586395849474e-06
window-b2131a7fed14feb6032b,70_5949_13766,bowl,bowl,0.9998441934585571,True,1.7077971037338102e-08,9.833336633846557e-08,1.6117706280738275e-08,1.4012610449753993e-07,5.5818769745252794e-11,0.9998441934585571,9.230955555494802e-09,3.1030857883251883e-08,7.791004463797435e-07,3.158861261454149e-08,0.00015251270087901503,5.464027563739648e-10,3.3776704100318966e-08,5.3331464244799065e-11,7.551454928034218e-08,8.67988347863502e-10,1.6638213029551707e-09,1.7587682350495015e-06,7.891081565958302e-08,6.840797373008911e-10,5.124356050600909e-08,1.34770047566235e-07,7.233677545848138e-10,4.282942056565986e-11,2.9506550536240184e-09,6.630385485095758e-08
window-3ede63420dc2207a4782,70_5949_13766,bowl,bowl,0.9998202919960022,True,4.9408214408686035e-08,1.697416429635723e-08,6.178810352253095e-09,8.12376743652976e-09,7.366393953156525e-12,0.9998202919960022,1.0918679294036338e-08,1.3245254892879643e-09,3.0949595952733944e-07,4.0724419392290656e-08,0.0001781984610715881,2.6706017952626837e-10,8.506980009315157e-09,4.113214109591201e-12,2.4398964626470843e-08,2.1116408621679739e-10,2.8853516798044154e-10,8.664364372634736e-07,1.3079475991162326e-07,1.6290410687069823e-10,2.18937969975741e-08,3.604317200256446e-08,1.2967180107459342e-10,4.7960654545042836e-12,2.2487576245566743e-09,4.966300259923173e-09
window-1bacce2666bb74bc0c4f,70_5949_13766,bowl,bowl,0.9994250535964966,True,2.000741545771234e-07,1.80772275371055e-07,1.3403608001283374e-08,3.62721870317273e-08,1.441527314183233e-10,0.9994250535964966,1.589256868328448e-07,3.323485842088303e-08,2.2790852653997717e-06,5.99027316638967e-08,0.0005640225717797875,7.328591067334855e-09,8.427667097521407e-08,2.7396983987015844e-11,1.85345129466441e-07,8.626790393151396e-10,5.808095338011299e-09,6.0174879763508216e-06,3.5601419767772313e-07,8.300988230125483e-10,4.7414695814040897e-07,4.1717052567946666e-07,1.585765629918967e-09,1.2123860249069196e-10,3.6221492472066075e-09,3.109789759037085e-07
window-3fb3a5a51e72a6c85270,70_5949_13766,bowl,bowl,0.9998236298561096,True,1.8826803227511846e-07,8.561934805584315e-08,7.1417227687220475e-09,3.2143883110791194e-09,2.7091233770204504e-11,0.9998236298561096,2.6243506567880104e-07,5.600726549204182e-10,3.090653066806226e-08,1.5541692732767842e-07,0.00017470205784775317,5.817283876830004e-10,1.2817458205915955e-08,4.6783212720447054e-11,1.4625103794685401e-08,2.8292079790048774e-10,1.510705782692412e-09,6.869602202641545e-07,4.9339913488211096e-08,2.956801470332948e-10,8.452668964764598e-08,1.6302705319048982e-07,1.228925572416273e-10,5.627404792152291e-12,7.074410390828234e-09,3.536908366186253e-08
window-0d1afb1f0e342af75818,70_6057_13880,bowl,bowl,0.9999121427536011,True,4.715744239547348e-08,2.87882357952185e-07,2.8753184722063452e-08,2.684146807041543e-07,3.591351938059262e-10,0.9999121427536011,1.0242143844152451e-07,8.664107298272938e-08,7.392200700451212e-07,1.8976705007389683e-07,8.211069507524371e-05,5.330401897651882e-09,3.4044518315567984e-08,5.602515118496854e-10,1.8856951555790147e-07,1.0216033352605791e-08,1.6885273623756802e-08,3.141803517792141e-06,3.6323123708825733e-07,6.421199572059777e-09,4.854508972584881e-08,7.937948254266303e-08,2.699240830850158e-09,8.813203500324107e-10,2.2943721589285815e-08,1.1672224786707375e-07
window-16e3fa32643f0bbe5de6,70_6057_13880,bowl,bowl,0.9998857975006104,True,6.68502821099537e-07,3.5071593629254494e-08,8.135371487583143e-09,2.794174918108183e-07,1.566858587320752e-10,0.9998857975006104,4.8868773916410646e-08,1.7902776150435784e-08,2.35344288057604e-07,7.095296723491629e-07,0.00011051630281144753,3.9683132335710525e-09,2.357777439954134e-08,6.761032289581692e-10,2.3397236148525735e-08,7.318780248510848e-09,2.385678099514621e-09,1.0121506193172536e-06,3.8442226468760055e-07,8.282704300199839e-09,1.1415496459221686e-07,2.7853458206550386e-08,6.001599217597686e-09,1.6218718590366166e-09,9.551516910732971e-09,5.19600504844675e-08
window-4c4224310a1ec9bc77e2,70_6057_13880,bowl,bowl,0.9996757507324219,True,2.3635389823084552e-07,1.8442685245645407e-07,6.407558483800813e-09,1.1090823903714409e-07,1.177044295364027e-10,0.9996757507324219,1.9566417108762835e-07,3.932366610115423e-08,1.2838463590014726e-06,5.250406047707656e-07,0.0003084278723690659,1.16831779806148e-08,1.8870291995654043e-08,3.063228004585028e-10,1.5782357820626203e-07,1.578191266560225e-08,6.248082495829976e-09,9.710755875858013e-06,1.30770422401838e-06,2.443771185411947e-09,2.708234774217999e-07,6.873798952256038e-08,4.862893643320376e-09,7.527327094969394e-10,1.657988946135447e-08,1.5295626099032233e-06
window-36a1a8a79a25cce0e77c,70_6057_13880,bowl,bowl,0.9990450739860535,True,3.6932722196070245e-06,2.323821718164254e-06,9.535011713524e-08,6.560237011399295e-07,3.429255324149949e-09,0.9990450739860535,4.377699497126741e-06,5.2205216150014166e-08,6.288152576416906e-07,4.3568270484684035e-05,0.000874580699019134,2.4119417574297586e-08,4.700253555256495e-07,1.2015205719251298e-08,1.1167583835458572e-07,7.110757849204674e-08,1.5117538509912265e-07,1.751141644490417e-05,1.6740781347834854e-06,4.2209393313896726e-08,9.001145713227743e-07,1.5946545772749232e-07,5.860015050984657e-08,4.902222627833908e-09,2.360251016852999e-07,3.519254960338003e-06
window-9180d574aa34868e0852,70_6228_14105,bowl,bowl,0.999889612197876,True,1.6640143485346925e-07,1.3171160162528395e-07,2.5012818483105548e-08,2.0279280477097927e-07,3.333689158058206e-10,0.999889612197876,8.290152919698812e-08,2.6901407323975945e-08,8.487497211717709e-07,3.8639237232018786e-07,0.00010292669321643189,2.0811667944542478e-09,9.964229974457339e-08,3.451057495329479e-10,2.9309116911235833e-08,2.756819217353268e-09,9.020472369059007e-09,4.636997800844256e-06,8.309799426342579e-08,3.4875395904521156e-09,3.803232004884194e-07,1.6454596618586947e-07,1.4870543019185334e-08,5.385278334379962e-10,4.981616008592482e-09,2.406121097919822e-07
window-400e3c41f04bf41df69e,70_6228_14105,bowl,bowl,0.9997497200965881,True,4.8409155795070546e-08,4.5370494916596726e-08,1.5679435527715668e-09,2.3075230615177134e-09,3.223042666089526e-11,0.9997497200965881,1.2049031283822842e-07,5.835789629315968e-10,2.5904623157657625e-07,1.6257656909601792e-07,0.0002487089659553021,9.976112297360729e-11,5.5473718951759565e-09,7.732946227800852e-11,5.39189626280745e-09,1.2035990260006457e-10,3.634155754106416e-10,2.549539885876584e-07,6.51038760679512e-08,4.467752279246895e-10,3.704326445586048e-07,2.3051852338085155e-07,7.736564722193862e-10,4.175544285334176e-11,1.1306039437997129e-09,1.1307490055401104e-08
window-2c5d5e70bdb2fd605b67,70_6228_14105,bowl,bowl,0.9984715580940247,True,1.2537522025013459e-06,1.0660985481081298e-06,3.573208928742133e-08,2.9463066653079295e-07,3.156858552344488e-09,0.9984715580940247,3.930833827325841e-06,1.3402063459011515e-08,6.986569587752456e-06,6.90601950736891e-07,0.0014955070801079273,1.1113949227592457e-07,3.667559838049783e-07,3.207746512856602e-09,4.4554735723068006e-07,8.042430721388882e-09,2.8703381005357187e-08,2.7755559131037444e-06,4.7410179604412406e-07,8.585880451050798e-09,1.2716446690319572e-05,1.2983373380848207e-06,4.523641194964512e-08,3.2371316738277756e-09,3.502646706010637e-08,1.724517062484665e-07
window-1160c2e48f7b1eda9194,70_6228_14105,bowl,bowl,0.999531626701355,True,2.764391410892131e-06,2.8921022021677345e-06,1.2934583537571598e-07,9.149414381681709e-07,7.038875260434452e-09,0.999531626701355,2.805931399052497e-05,1.3686255684319804e-08,4.1395480820938246e-07,5.634415356325917e-05,0.0003642241645138711,1.0032123753944688e-07,1.0575718079053331e-06,3.4915832003434844e-08,3.274561493071815e-07,1.0989079868295448e-08,2.0836939995660941e-07,4.868701125815278e-06,1.3270894214656437e-06,6.480970426991917e-08,3.4606835015438264e-06,5.326290875018458e-07,2.281883659804862e-08,1.541695482387695e-08,3.252609701576148e-07,3.0795737870903395e-07
window-352543d2caecf6371a46,70_5747_13382,bowl,microwave,0.9299997687339783,False,3.0401937911594956e-11,7.244090483027321e-08,7.49357997875677e-09,1.5975889255059883e-05,0.002428503939881921,0.0003820081183221191,0.06315235048532486,8.218954405947443e-08,1.0099302016897127e-05,0.0016745015745982528,9.936915375874378e-06,3.015429456354468e-06,5.7536253539325344e-11,4.434070797287859e-05,0.9299997687339783,1.484850963606732e-05,6.06611094688958e-10,2.962767098324548e-07,0.0004422662022989243,7.160264381411707e-09,7.115324365258857e-07,0.0017983214929699898,4.715388968179468e-06,1.2881909242423717e-05,5.01346812598058e-06,2.0473595441217185e-07
window-fc526efaf069b243a8db,70_5747_13382,bowl,microwave,0.4571053385734558,False,1.4828751560003184e-08,3.9832048770449546e-08,7.404434654745273e-06,0.0022682053968310356,0.0018350295722484589,0.00011644184996839613,0.003090131329372525,8.334319545610924e-07,7.919528434285894e-05,0.032385796308517456,0.00017878576181828976,0.0100973229855299,2.065368882864238e-11,0.45539143681526184,0.4571053385734558,5.908139883104013e-06,2.7603445570956175e-11,5.381703522289172e-05,0.0010076083708554506,1.9356113933888253e-10,1.6442196510979556e-06,0.00039442008710466325,0.03435192257165909,0.00019626817083917558,0.001431240001693368,1.170555492535641e-06
window-3ba9e6de2ef06725900e,70_5747_13382,bowl,microwave,0.9772880673408508,False,7.691850628654961e-11,1.7420501707832159e-09,1.1772411880883737e-06,0.00017996859969571233,0.00046552933054044843,2.4393038984271698e-05,0.00019771490769926459,9.745166806851557e-08,2.9765717044938356e-05,2.533015504013747e-05,1.0115658142240136e-06,0.0001506615080870688,4.0310680141097954e-12,0.01999938301742077,0.9772880673408508,2.3839736513764365e-06,7.203422580648322e-11,2.704379369333765e-07,2.4993016268126667e-05,1.02495634202171e-09,1.0423936203096673e-07,8.28079428174533e-05,0.00036769587313756347,2.7730982310458785e-06,0.0011558975093066692,5.6616368482309554e-08
window-aca96965e0f096c6e43c,70_5747_13382,bowl,microwave,0.9860712885856628,False,9.626404118279197e-10,1.0646139081416095e-08,3.733935116656539e-08,0.00016534244059585035,0.00020525083527900279,2.1775191271444783e-05,0.001536181545816362,2.123108577833932e-09,5.92940159549471e-06,0.005459853447973728,6.201937594596529e-07,5.753008008468896e-05,9.152451713179133e-11,0.0002325872192159295,0.9860712885856628,5.824098479934037e-05,2.250384767421565e-09,3.7918680391157977e-06,0.003026914782822132,1.559602758050005e-08,1.1050678949686699e-06,0.00016972393495962024,0.00027750476147048175,0.0012717247009277344,0.0014339651679620147,5.782915195595706e-07
window-131e408008abb6098b3c,391_46871_93579,cake,cake,0.9688818454742432,True,0.0001249371562153101,7.992664905032143e-06,3.1652926946179605e-09,0.0001335592387476936,1.531264004484001e-08,4.933931450068485e-07,0.9688818454742432,0.0014615983236581087,1.60362029211214e-10,3.9949640040504164e-07,0.021002164110541344,4.115071533306036e-06,5.9258550066942917e-08,9.548671187076252e-07,1.1518451259462381e-07,4.3883377998099604e-07,2.122889600286726e-05,7.525108713934969e-08,0.008214158937335014,1.4122477296041325e-05,6.262166425585747e-05,3.71773694496369e-07,4.60093679066631e-06,6.35781543678604e-05,4.940966391586699e-07,1.4772383316596915e-08
window-c7055c160f9acdc28400,391_46871_93579,cake,cake,0.9971916079521179,True,0.001200556755065918,2.512684602606896e-07,2.310145547079756e-10,9.972509360522963e-06,2.1060855033283588e-06,8.938378215361809e-08,0.9971916079521179,0.0004391929542180151,4.143771104025973e-09,1.6176801409528707e-06,0.0003407078911550343,1.3727678549457778e-07,1.8984753324957637e-08,2.2967346922087017e-06,1.1172061498143648e-08,2.010598052493151e-07,6.264523477739203e-08,3.5462438319200373e-08,0.0007785931811667979,1.0480282242042449e-07,1.4724799257237464e-05,1.523581403262142e-07,1.666019670665264e-05,4.266112227924168e-07,5.662975088860378e-10,4.4884055228067155e-07
window-7434fa4898152e25c039,391_46871_93579,cake,cake,0.7720758318901062,True,0.014909965917468071,3.7762703868793324e-05,1.1566547719610298e-09,0.0005235307617112994,9.032710295286961e-06,2.0312068954808637e-05,0.7720758318901062,0.0006948920781724155,7.799881296399747e-10,1.3702783689950593e-06,0.0033974654506891966,0.008720201440155506,4.180159152156193e-08,0.002095545642077923,4.351408051661565e-07,8.310151429213875e-07,6.437376578105614e-05,1.5335702130414575e-07,0.1967170685529709,9.021217010740656e-06,0.00015160616021603346,1.2576953167808824e-07,6.849298370070755e-05,0.0004970687441527843,4.779690698342165e-06,1.3113231034367345e-07
window-b0a860b31dcd79667b25,391_46871_93579,cake,cake,0.8880131244659424,True,0.06379207223653793,0.001134026562795043,1.108551028750071e-08,0.000635165604762733,6.4010573623818345e-06,0.00010316841508029029,0.8880131244659424,4.8136986151803285e-05,5.39780558028724e-07,4.111196631129133e-06,0.03530195727944374,2.4673603547853418e-05,3.1518152354692575e-06,2.5622023258620175e-06,1.2166073304342717e-07,4.79048640045221e-06,2.9929822176200105e-06,3.4951801808347227e-07,0.008513656444847584,5.433257683762349e-06,2.45487844949821e-05,4.924370955450286e-07,0.0023427654523402452,2.0438346837181598e-05,1.3432100786303636e-05,1.8277911522091017e-06
window-65899bca80870d8f3e48,42_2008_6247,cake,cake,0.658015787601471,True,0.01976926438510418,0.006817455403506756,0.0006260046502575278,0.0007516599725931883,0.003770538605749607,0.013373827561736107,0.658015787601471,4.984458792023361e-05,0.00026063399855047464,0.11442825198173523,0.105507493019104,0.00032668764470145106,0.0007516363402828574,0.0009278353536501527,0.00041029282147064805,0.002332671545445919,0.0002596567792352289,0.003582574659958482,0.003958407789468765,0.0001068195269908756,0.056421078741550446,0.00010380205640103668,0.0038752832915633917,0.0004745812329929322,0.0002642389736138284,0.0028336055111140013
window-41ff688cde1003d036ba,42_2008_6247,cake,cake,0.35319170355796814,True,0.15236657857894897,0.005941708106547594,0.002080859150737524,0.0004124018596485257,0.0001793585834093392,0.0066260602325201035,0.35319170355796814,0.00041732899262569845,0.00014857860514894128,0.1220661923289299,0.19240617752075195,0.0012499772710725665,0.0028290250338613987,0.0011356035247445107,0.00010688119800761342,0.004674301948398352,0.00017179436690639704,0.006084850989282131,0.017020994797348976,0.00021819198445882648,0.12307143956422806,0.00012046810297761112,0.005538481287658215,0.0005870441091246903,0.0002719077456276864,0.0010820407187566161
window-83f98551e49926f9fe9a,42_2008_6247,cake,cup,0.3526579439640045,False,0.06539469957351685,0.004307327326387167,0.0006404686137102544,0.00010670522169675678,0.00036228136741556227,0.012627621181309223,0.09701638668775558,0.00035402298090048134,0.0002201017050538212,0.3526579439640045,0.27382710576057434,0.0001974067563423887,0.000834230741020292,0.0008582100854255259,0.0004212205531075597,0.0008663255139254034,0.0003908818180207163,0.013759761117398739,0.002464663702994585,1.883996264950838e-05,0.1594158262014389,0.00022744532907381654,0.0027127955108880997,0.00015125145728234202,0.00016688949835952371,0.009999566711485386
window-6b2c0437c6b5231758a3,42_2008_6247,cake,cake,0.3164917230606079,True,0.03760097175836563,0.01041405089199543,0.000847840856295079,0.0007946082041598856,0.00025218218797817826,0.0138055719435215,0.3164917230606079,0.00011977099347859621,6.056982965674251e-05,0.2899307310581207,0.23427212238311768,0.0006280302768573165,0.0026434629689902067,0.008601057343184948,0.000535202503670007,0.00026923068799078465,0.0013054654700681567,0.002194587606936693,0.002245522104203701,8.363229426322505e-05,0.07239598035812378,0.0002457502414472401,0.0010240674018859863,0.00014381753862835467,0.00026827878900803626,0.0028257493395358324
window-6477aab26f2117ae3626,620_101209_202956,cake,book,0.8593319058418274,False,0.0009736738866195083,5.025255518376071e-07,0.028982652351260185,5.7300944718008395e-06,0.8593319058418274,4.7321129237332116e-09,0.014580830931663513,0.00015631360292900354,1.4997571270214394e-05,1.3405986010184279e-06,0.00018160765466745943,1.7472217450631433e-06,4.151101862248652e-08,8.653359691379592e-05,0.010612662881612778,0.013498124666512012,6.798278917585776e-08,9.93937376847498e-09,0.0010012933053076267,0.07021087408065796,7.247473376992275e-07,1.6826679711812176e-06,0.0002626129426062107,9.085766214411706e-05,3.2865398225112585e-06,1.6152146287140567e-10
window-c12b3dc895267b9a3540,620_101209_202956,cake,book,0.823082447052002,False,0.002036168472841382,5.168586994841462e-06,0.02276233211159706,2.4672297513461672e-05,0.823082447052002,3.0227456093712135e-09,0.09530515223741531,0.00014473054034169763,2.8176915293443017e-05,1.1174719247719622e-06,0.00017732537526171654,2.085271034957259e-06,4.660819996615828e-08,0.00025499469484202564,0.018584711477160454,0.011987862177193165,2.0223900776272785e-08,2.1590734533560862e-08,0.0034487410448491573,0.019073760136961937,6.9817087933188304e-06,5.188954673940316e-06,0.002869904274120927,0.00018053212261293083,1.7902209947351366e-05,5.087386623081613e-10
window-b42840ab6854b90f1989,620_101209_202956,cake,book,0.9362666010856628,False,0.00014967603783588856,5.850217235092714e-07,0.00834570825099945,1.8761284081847407e-06,0.9362666010856628,2.1891530255224723e-10,0.01189130637794733,2.9881584850954823e-05,2.1065685359644704e-05,3.369360115357267e-07,0.0002060958358924836,3.0517082905134885e-06,1.2616900413320309e-08,0.0003749683382920921,0.006797370035201311,0.006384841166436672,3.0655793459288816e-09,1.5393085917025928e-08,0.000418174167862162,0.028529297560453415,9.852514040176175e-07,2.6891757443081588e-06,0.0005234270938672125,3.5090979508822784e-05,1.6991820302791893e-05,1.1037438324423832e-10
window-0339a7c66bebf6d0df78,620_101209_202956,cake,book,0.9805395603179932,False,3.106660005869344e-05,3.867602345053456e-07,0.0033498425036668777,5.27453403265099e-06,0.9805395603179932,3.552542982010465e-10,0.0008088787435553968,3.7835441617062315e-05,1.9418448573560454e-05,4.976427803171646e-08,0.00021428840409498662,1.0924675279966323e-06,2.2053876502781122e-09,0.00010332331294193864,0.003020398085936904,0.004105451982468367,4.1676831430415007e-10,1.3358786299377812e-09,0.0001222964347107336,0.0075559657998383045,1.0345507917008945e-07,1.2514491345427814e-06,6.0640977608272806e-05,2.22215530811809e-05,7.397082413262979e-07,1.0962103620670849e-11
window-c97961b2cf827900ccf1,385_45669_91341,carrot,baseballbat,0.5776419043540955,False,0.00037500454345718026,7.530996663263068e-05,0.5776419043540955,5.528796464204788e-05,0.045344602316617966,2.704886810533935e-06,0.007170806173235178,0.13025464117527008,3.762098913284717e-06,9.558808960719034e-05,3.001537152158562e-05,0.0020704129710793495,1.7833042875281535e-05,4.039545092382468e-05,4.484331384446705e-06,0.0003646672994364053,2.9523000648623565e-06,4.033555160276592e-05,0.23534053564071655,3.296700583632628e-07,0.0004964235704392195,3.3343765153404092e-06,0.0005279618198983371,3.134049620712176e-05,9.12819268705789e-06,1.3091326422909333e-07
window-6301941785c5831fa008,385_45669_91341,carrot,carrot,0.7916726469993591,True,0.011824687011539936,0.012130733579397202,0.05637405067682266,5.119451884638693e-07,0.017752092331647873,7.708847078902181e-06,0.006197589449584484,0.7916726469993591,2.683013633486553e-07,7.296453077287879e-06,8.633272955194116e-05,0.005451687145978212,3.1232520996127278e-06,0.00016818693256936967,3.540565103321569e-07,0.00025779480347409844,5.096257282843908e-08,2.2280255507212132e-06,0.09664954990148544,1.0707830369938165e-05,0.0011628662468865514,1.7254801605304237e-06,0.00023269459779839963,5.003777005185839e-06,3.877974918964355e-08,2.18926157202759e-08
window-97de4a40ab3b239b56b8,385_45669_91341,carrot,carrot,0.8568124771118164,True,0.05882953479886055,0.007075771223753691,0.0212619099766016,2.5008748707477935e-05,0.02427116595208645,4.0418020041954605e-09,0.00031346871401183307,0.8568124771118164,8.644312856631586e-07,2.0068100639036857e-06,8.023283044167329e-06,0.0008722188067622483,7.198581215561717e-07,9.083017175726127e-06,3.3953758247662336e-05,0.0008848586003296077,2.887136929530243e-08,6.035684691596543e-06,0.0009910939261317253,2.183301876357291e-05,0.028289617970585823,1.190187361999051e-07,0.00026473047910258174,2.2665430151391774e-05,2.8014949293719837e-06,2.2207323979728244e-08
window-b483f1cbae1b9a4c04b1,385_45669_91341,carrot,carrot,0.823000431060791,True,0.00115821766667068,0.014451864175498486,0.004252237267792225,4.975046522304183e-06,0.039032500237226486,1.5846636358674004e-07,0.000669217377435416,0.823000431060791,1.1505782993026514e-07,2.448894633744203e-07,3.2776972602732712e-06,8.909590542316437e-05,3.0625255931227e-07,2.7237034373683855e-05,4.9009618123818655e-06,0.0006654133321717381,2.889347001655551e-07,9.254184760720818e-07,0.10342110693454742,3.4088819234057155e-07,0.011909089051187038,1.3074841831439699e-07,0.0012792100897058845,2.4850194677128457e-05,3.702712092490401e-06,2.2892720608069794e-07
window-68980e05bc83dcb70fcc,398_50466_99066,carrot,carrot,0.9779914021492004,True,0.001637291512452066,0.0008974291849881411,6.543967856487143e-07,0.00011446510325185955,5.801434213026369e-07,6.295699961356149e-08,0.010791053995490074,0.9779914021492004,1.5193815272596112e-07,2.7419680463935947e-06,1.1235690180910751e-05,3.5176977689843625e-05,4.97984656249173e-05,2.9554314551205607e-09,2.38878214986471e-07,3.144103175145574e-05,0.0009644569363445044,0.0006693225004710257,0.0037132950965315104,1.267595628462459e-08,0.0016673478530719876,5.83411892876029e-05,0.000415972841437906,0.0009406605386175215,6.756778248018236e-07,6.17832483840175e-06
window-c5ed78970ef5e649c7ac,398_50466_99066,carrot,carrot,0.9596003890037537,True,0.0001325470075244084,0.00043706552241928875,4.629438990377821e-06,9.162195055978373e-05,3.8699045035173185e-06,6.324446985672694e-06,0.008077027276158333,0.9596003890037537,2.3244993485604937e-07,2.0858269635937177e-05,6.81178571539931e-05,0.0017358643235638738,3.377564098627772e-06,1.1370717629688443e-06,2.9097403597688754e-08,0.0002563367015682161,0.0007568430155515671,0.00018074367835652083,0.00650101387873292,4.596466141038036e-08,0.0007926878752186894,1.1517492737311841e-07,0.019393205642700195,0.0019313535885885358,2.9924872251285706e-06,1.5939762079142383e-06
window-b7e1bd686be31479a92d,398_50466_99066,carrot,carrot,0.7378785610198975,True,0.0015889345668256283,0.005200942512601614,5.697045253327815e-07,3.1017320907267276e-06,8.350870217554984e-08,5.746545411966508e-06,0.06526393443346024,0.7378785610198975,1.1031225710667059e-07,1.9388433429412544e-05,0.0012668699491769075,0.000940245168749243,0.0012334956554695964,9.889788543659961e-08,4.5713408058922766e-10,3.3743770472938195e-05,0.00019636678916867822,0.0003928487712983042,0.16129018366336823,6.066662194825767e-08,0.020321957767009735,0.0006370814517140388,0.003380948444828391,6.736404611729085e-05,7.535499025834724e-05,0.0002019714447669685
window-ba9c592c496783f86657,398_50466_99066,carrot,carrot,0.9980257749557495,True,4.4260770664550364e-05,3.2076172828965355e-07,6.200969892233843e-06,5.047303375249612e-08,3.119658487094057e-08,3.891515021337e-08,1.7088866854919615e-07,0.9980257749557495,1.6329962937433606e-09,2.824209666130173e-08,3.6971966892451746e-06,4.6969718823675066e-05,4.041752887928851e-08,9.328241290518235e-09,5.734428123321811e-12,2.4491432668583e-06,2.339671482332051e-06,2.7345993203198304e-06,0.0018370774341747165,6.735146329539532e-10,3.19800369652512e-06,4.847252821349457e-09,2.4091259547276422e-05,4.86291185097798e-07,1.7535732588225272e-10,3.2467788457779534e-08
window-f8b7cb1b9ed754290774,399_51327_100768,carrot,carrot,0.46144476532936096,True,0.0013841710751876235,0.0006007538759149611,0.123567596077919,0.005050335079431534,0.0007735800463706255,8.803606033325195e-05,0.01951691322028637,0.46144476532936096,5.6508731915982935e-08,2.873417361115571e-05,0.0004687671025749296,0.0018469005590304732,1.3885141925129574e-06,0.00033849026658572257,2.2987994441336923e-07,0.0009913842659443617,4.532633101916872e-05,7.078364433255047e-05,0.3738099932670593,6.0533798205142375e-06,5.381859955377877e-05,1.8979888409376144e-05,0.005390603095293045,0.0044778380542993546,1.5621322745573707e-05,8.891895049600862e-06
window-37ba31d04aae19968210,399_51327_100768,carrot,carrot,0.7407520413398743,True,0.016787214204669,0.04140325263142586,0.004222622141242027,1.4929240933270194e-05,0.0002629126829560846,4.873017473983055e-07,2.0108580429223366e-05,0.7407520413398743,1.3917214403136313e-07,9.002256410894915e-05,0.003244515974074602,0.0012254451867192984,9.940722520696e-06,0.046069517731666565,3.361830280823597e-08,0.0031795031391084194,9.195796337735374e-06,9.830842827796005e-06,0.13855457305908203,2.002820792768034e-06,2.035617217188701e-05,8.101435923890676e-06,0.0002679279714357108,0.003073924919590354,0.0007698530098423362,1.4856457255518762e-06
window-c2675a9f4741d8faaf36,399_51327_100768,carrot,carrot,0.9704345464706421,True,2.379217949055601e-05,0.000662176520563662,0.012482218444347382,0.0001031239444273524,0.00012524434714578092,4.16437706007855e-06,0.001405462739057839,0.9704345464706421,2.3136795590517067e-08,1.4765934110982926e-06,0.0015748318983241916,4.8274258006131276e-05,1.7299416867899708e-06,0.0005682559567503631,6.728872108396899e-07,0.00031812977977097034,7.1479330472357105e-06,1.2887598188626725e-07,0.011010650545358658,2.53357870860782e-06,2.4084288270387333e-06,5.851497007824946e-06,2.861047141777817e-05,0.001122050452977419,6.623767694691196e-05,2.5775602807698306e-07
window-03bfe5fdaa7687bdfac2,399_51327_100768,carrot,carrot,0.7851498126983643,True,0.010766676627099514,0.0013466485543176532,0.005820498801767826,3.871967055601999e-05,1.0378035767644178e-05,6.313269750535255e-06,1.9332519514136948e-05,0.7851498126983643,6.36695531852638e-08,2.115085044351872e-05,0.013487492688000202,0.00021733908215537667,7.457175343006384e-06,1.959494511538651e-05,1.15887566209949e-09,0.000668512424454093,3.134804137516767e-05,5.2994222642155364e-05,0.18122078478336334,1.9105044657408143e-07,9.15174387046136e-05,1.289869373977126e-06,0.00041357698501087725,0.0006011300720274448,4.1635066736489534e-06,3.0185162813722854e-06
window-5c9d1f816dfbc3e92447,477_67631_132226,carrot,carrot,0.3977851867675781,True,0.015616332180798054,0.368397057056427,0.00446859048679471,0.0012976292055100203,0.0016954272286966443,2.263925489387475e-05,0.0006152268615551293,0.3977851867675781,7.838334568077698e-07,0.11599510163068771,0.0001362733164569363,0.0005424557602964342,8.541273018636275e-06,7.538851059507579e-05,2.4826871936056705e-07,0.0005573993548750877,0.00011561661085579544,0.00026175621314905584,0.0013505051610991359,2.3518870406746828e-08,2.8869882953586057e-05,0.0026248276699334383,0.002225914504379034,0.08298555761575699,1.0572754035820253e-05,0.003182114101946354
window-91b9114ba2aa07bb5c2e,477_67631_132226,carrot,carrot,0.6633527874946594,True,0.18298612534999847,0.143538236618042,0.0015911866212263703,0.00010193854541284963,1.584327947057318e-05,0.00031305933953262866,8.815721957944334e-05,0.6633527874946594,4.189644187135855e-06,1.5314708434743807e-05,0.0010481824865564704,0.00127887271810323,2.421425779175479e-05,8.920220352592878e-06,1.6466461971731405e-08,8.021984103834257e-05,4.596785174726392e-09,7.360621384577826e-05,0.000606592046096921,9.699872904889162e-09,0.001296144793741405,3.2138544270310376e-07,0.002673284849151969,0.0007777154096402228,1.278533545701066e-06,0.000123798890854232
window-0ad2e10fdd82e64e2bd6,477_67631_132226,carrot,carrot,0.9689962267875671,True,0.0033000519033521414,0.0011296223383396864,0.00025754180387593806,0.0012608104152604938,0.00013849959941580892,5.110637175675947e-06,2.3878574211266823e-05,0.9689962267875671,2.3513673568231752e-06,5.111385803502344e-07,0.00074407720239833,0.0005526931490749121,1.0532717169553507e-06,0.00010696573735913262,1.7869366431000344e-08,0.00032144348369911313,9.918753107740486e-08,9.675015462562442e-06,0.00021022236614953727,1.476357965657371e-06,0.01643378473818302,1.6173053154489025e-05,0.0007588078151457012,0.0057255481369793415,5.810938219497075e-08,3.2518944408366224e-06
window-6cd3b617d543d78d327d,477_67631_132226,carrot,carrot,0.5357933044433594,True,0.09252505749464035,0.03898226097226143,0.009988737292587757,0.000589426257647574,0.005374070256948471,3.559811011655256e-05,0.0023223734460771084,0.5357933044433594,3.689120831040782e-07,0.006320118438452482,0.0007462794310413301,0.0057256268337368965,8.962700121628586e-06,0.0001446091482648626,5.087040904072637e-07,0.0007313058013096452,5.376871285989182e-07,0.0028863484039902687,0.023920904844999313,8.697843334459776e-09,0.0023433989845216274,4.9095600843429565e-05,0.0024427406024187803,0.014489829540252686,0.0010603967821225524,0.25351816415786743
window-8e0aadd1a161da786a18,506_73066_142318,carrot,carrot,0.9751437902450562,True,0.0003643434029072523,3.999894397566095e-05,0.022372953593730927,4.1985269490396604e-05,1.7133777419076068e-07,1.9033445823879447e-06,3.0136445730022388e-06,0.9751437902450562,2.8020528120009658e-08,1.8936536434921436e-05,3.445913421273872e-08,4.180363646355545e-07,3.309224041458947e-07,6.513300468213856e-05,2.994283931911923e-08,9.621610661270097e-05,2.1033262953551457e-07,6.2191998040361796e-06,2.0957018932676874e-05,7.946603375330596e-09,3.6528987834572035e-07,1.563630952147732e-12,0.0017841781955212355,3.680102963699028e-05,1.8068499230139423e-06,4.7250139800780744e-08
window-224f2d7291c7a504adc0,506_73066_142318,carrot,carrot,0.9998626708984375,True,7.432076381519437e-05,1.786459506547544e-05,2.1360424398153555e-06,5.279626293486217e-06,1.0038662878741889e-07,3.0437032449981416e-08,1.0222063195897135e-07,0.9998626708984375,6.649983674833493e-09,6.287333235377446e-06,1.7211257841154293e-07,1.1023043100522045e-07,3.909196966134232e-09,6.864775059511885e-07,1.4151755323155157e-08,2.7113696887681726e-07,7.697250907767739e-07,3.3913540420371646e-08,9.035206858243328e-06,2.532835940982636e-09,9.065055373014275e-09,2.0909083492393066e-11,1.9347242414369248e-05,7.624353202118073e-07,8.35174063240629e-09,2.3687696248941847e-09
window-92d6f1d2cae9b7eec02d,506_73066_142318,carrot,carrot,0.9996726512908936,True,9.08460424398072e-05,2.5574047413101653e-06,5.069167309557088e-05,6.397985998773947e-06,5.582314770435914e-07,1.1176666703249793e-07,5.610844766579248e-08,0.9996726512908936,4.4094256024251877e-11,0.00010508478590054438,3.905296352968435e-08,1.5449186818727867e-08,3.111350344031649e-10,1.574460657138843e-05,3.923416613815789e-08,4.035338497487828e-05,1.062801970874716e-06,7.328453222044118e-08,1.1826543868664885e-06,1.5332482505847622e-10,1.5038780887266512e-08,1.8665119363298066e-12,1.1725195690814871e-05,7.131124561965407e-07,3.43005019942666e-08,1.4113290536243994e-09
window-24022b7443c07e5bf38f,506_73066_142318,carrot,carrot,0.9990432858467102,True,0.0008044808055274189,2.643524794621044e-07,1.645082420509425e-06,4.337789238917367e-09,2.902611839772362e-08,5.430477734158501e-10,8.297889309005768e-08,0.9990432858467102,1.6290858939616015e-10,9.988016103079644e-08,1.3035695189955732e-08,1.248654513119618e-07,1.3591352043818006e-08,4.395751673769155e-08,1.4581821861092692e-10,7.797592843417078e-06,7.308422617091637e-11,4.0249378940870884e-08,1.9067563698627055e-05,9.290646724169349e-11,5.5764250106449254e-08,5.980935554759578e-14,0.00012250295549165457,1.8426763404022495e-07,2.1296877150689397e-07,4.178477008842663e-12
window-5b86ff76fdcbf87ce282,216_22847_49082,chair,chair,0.6006600856781006,True,1.0213589973773196e-09,2.117001531587448e-05,0.0004059829516336322,0.21996675431728363,3.878853476635413e-06,7.272187296791799e-09,9.031337526721472e-07,4.462559809326194e-05,0.6006600856781006,4.903848349613327e-08,1.0708615327814641e-08,0.015773752704262733,5.793754098704085e-05,1.9270198663434712e-06,8.338796760654077e-05,1.2701032447992588e-09,9.876497841787568e-09,2.648961014983797e-07,4.465320671442896e-06,2.1405012375907972e-06,0.0005129121127538383,0.1624556928873062,3.514451236696914e-07,2.4148423563019605e-06,1.3853610880687484e-07,1.1561209021238028e-06
window-196b749ca6e18aef06a3,216_22847_49082,chair,chair,0.9675219655036926,True,9.703954220036115e-13,7.005079964983452e-07,9.724471539129809e-08,0.00168428267352283,1.3887860177419498e-06,5.897107246966016e-09,5.265908598062197e-08,1.306250396737596e-05,0.9675219655036926,5.820691967528546e-06,3.35302985376984e-08,0.00894040334969759,3.042504914674282e-08,4.952148083248176e-05,0.001468883827328682,5.231709820918695e-08,1.675954663937773e-08,2.3837662510572954e-08,3.6413878206076333e-06,2.3566799427499063e-06,4.139527391089359e-06,0.020185071974992752,7.754606912158124e-08,5.382579502111184e-07,1.8529847523041099e-07,0.00011764463852159679
window-7242998ed24877f46e61,216_22847_49082,chair,chair,0.93467777967453,True,4.970135858428648e-09,4.889965339316404e-07,0.0007454658043570817,0.01491848286241293,1.8343974943491048e-06,1.9432452802448097e-07,1.0062420869871858e-06,0.00020173582015559077,0.93467777967453,2.543511254771147e-05,1.1366945784629934e-07,0.03658692538738251,1.7199772628373466e-05,0.00016241060802713037,0.00418474804610014,2.83041600823708e-07,5.301422945080958e-08,2.449217572575435e-05,0.0002461561525706202,0.00012333686754573137,1.293978186822642e-07,0.008003056049346924,5.679961532223388e-07,7.305377221200615e-05,5.492784111993387e-07,4.623017957783304e-06
window-b71c176bd221529ba384,216_22847_49082,chair,chair,0.9990946054458618,True,1.7786815575959736e-08,1.0425869731989224e-06,1.2913949376525125e-06,5.682921255356632e-05,1.9808292108791647e-06,2.2638256780282973e-07,6.330760129458213e-07,1.4012165650001407e-07,0.9990946054458618,5.669001893693348e-06,1.659518318319897e-07,8.946980960899964e-05,9.068581675819587e-06,3.91742878491641e-06,0.00032064152765087783,1.997953269494701e-08,2.695908918326495e-08,9.301409590989351e-05,5.271474492474226e-07,5.913816039537778e-06,1.3670875887328293e-05,0.00028487079543992877,5.4272309313319056e-08,1.0980710612784605e-05,8.496368764099316e-08,5.039085863245418e-06
window-262b95ea2f2d67590bd0,465_66075_129693,chair,chair,0.9999417066574097,True,1.6613678748694793e-12,6.147908848674888e-10,1.6762581935836351e-06,8.413958312303293e-06,2.0827845048643212e-07,6.828431597938334e-09,5.27365928704171e-11,8.059755085554343e-10,0.9999417066574097,3.9374210558662526e-08,4.106695428163221e-09,4.311359589337371e-05,2.173544261241389e-10,4.638303323645232e-07,2.999157970862143e-07,7.154961068067678e-09,1.4142685633711238e-10,1.8411657265460235e-06,4.3206670879980535e-12,3.5651630536648327e-09,6.750293657376005e-09,1.9998181244318403e-07,5.357461674293518e-08,1.9069909740210278e-06,5.278548087517265e-08,7.324499762262349e-08
window-a52462fb8f0ad3fb3dca,465_66075_129693,chair,chair,0.9999978542327881,True,3.790458039402891e-15,4.774789938433166e-12,1.604261257170947e-08,2.2803530175252718e-09,2.4521353697570802e-11,2.075409011315088e-10,1.4881315580847487e-12,3.781520652168524e-10,0.9999978542327881,3.9038516863598716e-10,1.4665763395371734e-11,1.5554967376374407e-06,2.973049237353642e-11,2.4552593291815583e-09,3.129236461063556e-07,1.7672943187010959e-12,3.884869422682291e-12,1.840190293478372e-07,9.420047207553406e-14,9.436079521918384e-12,1.646208169781005e-10,4.190406954762693e-08,1.4875293219418495e-09,2.649576946733845e-10,1.2036418972627416e-08,7.89465715023141e-12
window-43a9489039b93db5b02b,465_66075_129693,chair,chair,0.9999997615814209,True,3.123868520902174e-15,1.7032777965830803e-11,1.002408112071862e-07,2.785450803344247e-08,1.0550557094646251e-09,1.0033998076863782e-09,2.0225822698529544e-13,5.768044375464854e-10,0.9999997615814209,1.0621550305955907e-09,7.812373858939736e-09,5.066091190997213e-08,2.8189756084984197e-10,8.003612356199952e-11,2.401280729813493e-09,1.2987918032725254e-11,1.2408011250408801e-11,1.0983531861796791e-09,5.829638529721015e-14,5.029296423764151e-11,6.419679241323473e-13,3.1642000131171244e-09,4.383464702328865e-09,5.374808931257746e-10,1.2386712489043106e-10,3.473990886626588e-11
window-6e4519dac82483b6dc59,465_66075_129693,chair,chair,0.9999983310699463,True,5.511955434721501e-14,7.917054165029747e-12,4.340977710626248e-08,4.3695558815670665e-07,3.8919341704968247e-07,1.4785878077461234e-10,6.108004727001237e-13,1.496247396814976e-11,0.9999983310699463,1.7144624608889103e-10,5.479787734685715e-09,5.871662267509237e-08,5.791763069140643e-09,6.376866963364591e-07,1.5399541641869519e-09,9.584233406911835e-10,3.5123978725515315e-10,3.7590535129083946e-08,1.5216748000534963e-11,2.1764261226575599e-10,3.4420431782589134e-11,1.1303847857746518e-09,8.556124697634004e-10,8.284873587172115e-08,1.6402431413098384e-08,5.330283957272197e-12
window-01fad0ee21ef2bddebd0,62_4327_11547,chair,chair,0.9991618394851685,True,8.766062875587011e-11,2.801361587145834e-09,2.125446826539701e-06,2.2970640202402137e-05,1.269915514967579e-06,4.302474917494692e-05,8.271630491663018e-08,2.4794780117964876e-10,0.9991618394851685,1.1432716462422832e-07,4.990438924323826e-07,1.571328721183818e-05,0.00011208130308659747,1.2707901078101713e-06,6.474897872976726e-06,8.839747600575265e-09,2.128980895577115e-06,0.0005451662000268698,4.425582567080255e-09,4.8794736358104274e-05,1.3144883403981567e-08,2.76049092917674e-07,8.511879912020959e-08,2.1237802627638303e-07,2.9132999770808965e-05,6.556685093528358e-06
window-f85c293d506998366e72,62_4327_11547,chair,chair,0.9893368482589722,True,7.32682892135017e-09,1.040123720486008e-06,0.0011374590685591102,0.0010745752369984984,9.124692668116552e-11,5.325138658918149e-07,1.7850890543513742e-08,3.658776170922806e-09,0.9893368482589722,1.4776400547589219e-08,3.889914239607606e-07,0.00013609181041829288,1.9695480659720488e-05,7.568803539470537e-08,3.331337836698367e-07,1.0044655107677158e-09,3.194274540874176e-05,0.005926837213337421,1.1853349413115666e-08,3.0953029295233137e-07,1.93034388473734e-08,1.9093720766250044e-05,3.062964992750494e-08,9.348449125923253e-09,0.0022702831774950027,4.4313608668744564e-05
window-2d9c0c2efbff34ea4db4,62_4327_11547,chair,chair,0.9795333743095398,True,2.2184876797837205e-06,1.3440480870485771e-06,0.009184329770505428,0.00033970290678553283,8.393911230086815e-06,1.8948705474031158e-05,9.877446245809551e-06,7.726010835540364e-07,0.9795333743095398,1.9541608708095737e-05,9.65237632044591e-07,0.001356226857751608,0.0004613871860783547,8.164081009454094e-06,0.00011034288036171347,2.411958575976314e-06,4.175947105977684e-05,0.00010820297757163644,2.2861941033625044e-06,3.5638381632452365e-06,7.0131909524207e-07,2.5806315534282476e-05,3.673733226605691e-05,7.531195478804875e-06,0.007780186831951141,0.0009351412882097065
window-40e1d14f35037547dd5a,62_4327_11547,chair,chair,0.996915340423584,True,3.466272602281606e-09,3.15566794917288e-09,0.00047783844638615847,0.0005638595903292298,1.0014934559876565e-05,8.85131612449186e-06,4.862379682890605e-06,5.39336468818874e-08,0.996915340423584,1.2631041954591637e-06,2.3820721253287047e-06,0.00035917057539336383,0.0007856900338083506,4.760445335705299e-06,7.812920557626057e-06,1.2767262660418055e-06,9.319338687419076e-07,1.22355331768631e-05,1.2485743354773149e-06,2.7907270123250782e-05,6.610985110455658e-07,4.741063094115816e-06,0.0007469943375326693,4.476641151995864e-06,4.447383980732411e-05,1.3107784070598427e-05
window-e6d533fa0b9d42ea6f6b,573_83721_165787,chair,handbag,0.9353361129760742,False,8.811048002321797e-10,3.318921526496155e-11,2.5446206564083695e-05,2.3241266688955875e-09,3.398238504814799e-06,9.901044567550699e-11,3.671462707188766e-07,2.4198215653470356e-10,0.06017852574586868,6.821375686527631e-10,1.2825655204551367e-08,0.9353361129760742,1.0073627348949898e-10,2.7320944354869425e-05,3.2732132240198553e-06,9.144778267966558e-09,7.009138158764472e-09,0.0016456467565149069,8.580079757791736e-09,2.963078740703118e-11,2.9794059580590115e-11,7.895385456535564e-10,3.1225698648995603e-07,9.869156707142945e-12,0.0027789906598627567,5.468398285302101e-07
window-acd581ccc05ad40b8e9f,38_1705_5096,cup,cup,0.9713267683982849,True,0.00031753224902786314,0.010888950899243355,9.861238140729256e-06,0.0012068358482792974,1.8096245923970855e-07,0.0007308344938792288,2.8757905965903774e-05,0.005313281901180744,0.00010905568342423066,0.9713267683982849,9.731657883094158e-06,1.4361314697453054e-06,5.789606075268239e-05,3.4133467163854903e-09,0.000423646328272298,0.00019158548093400896,2.9142145194782643e-06,0.0005763859371654689,6.29800024398719e-06,2.1213367290329188e-05,2.7579590096138418e-05,3.997924125087593e-07,4.0494895074516535e-05,0.007264286745339632,5.10776665407775e-08,0.0014439232181757689
window-62e27d056ff416bc86f7,38_1705_5096,cup,cup,0.633257269859314,True,0.00045265117660164833,0.22360564768314362,2.891855274356203e-06,2.0993347789044492e-05,2.3147088086261647e-06,0.009190257638692856,2.757624133664649e-05,0.0005933916545473039,2.0077779481653124e-05,0.633257269859314,1.7992681023315527e-05,3.024545776497689e-06,0.0018896941328421235,4.061171807734354e-07,0.00011767651449190453,0.10662589222192764,1.2686848549492424e-06,0.0024196563754230738,1.3449675861920696e-07,7.855387957533821e-05,0.007741992361843586,6.590726115973666e-05,0.0018949529621750116,0.00455427635461092,8.70523066964779e-08,0.0074153984896838665
window-6d524e37f715112e548c,38_1705_5096,cup,cup,0.9922176599502563,True,1.123357105825562e-05,0.0003015909460373223,3.7164005561862723e-07,6.719979410263477e-06,4.366893335827626e-08,0.0011990894563496113,2.0914287233608775e-05,7.984702278918121e-06,0.00037498612073250115,0.9922176599502563,9.651361324358732e-06,2.0295385638746666e-07,2.3411097572534345e-05,1.5776009831824922e-08,1.322383923252346e-05,2.4612449124106206e-05,1.6443121353404422e-07,0.001272403635084629,3.9610709791304544e-05,4.796115172212012e-05,0.00010474489681655541,1.8083198938256828e-06,8.822995732771233e-05,0.00018677464686334133,2.067303057629033e-07,0.0040464336052536964
window-a3c5218aa85c6757269b,38_1705_5096,cup,cup,0.918192446231842,True,7.395225338768796e-07,0.00010479107731953263,2.1400803973392613e-07,1.8841752762455144e-06,1.6691204507424118e-07,0.0005964048905298114,9.801810847420711e-07,0.0004053650773130357,8.651936695969198e-06,0.918192446231842,1.0513531378819607e-06,1.1697470654326025e-06,7.83907398727024e-06,2.4559435019000375e-07,9.016668514050252e-07,0.00020833597227465361,7.274056201822532e-07,1.2841480383940507e-05,1.958734401341644e-07,9.325582936980936e-07,5.652526056110219e-07,5.424150913313497e-06,0.00025496562011539936,0.0006032639648765326,2.2715898495562215e-08,0.0795898512005806
window-5fcaa60141c2036e60b9,405_53913_105048,cup,sandwich,0.5165879130363464,False,0.0043053897097706795,0.04840744659304619,0.07555451989173889,2.5117198674706742e-05,0.00018691907462198287,0.00021762875257991254,4.987002466805279e-05,0.08590556681156158,5.046993010182632e-06,0.02512013353407383,0.07735045254230499,6.043412577128038e-05,1.0952639968309086e-05,1.3713530506720417e-06,0.0006687582936137915,0.00016202374536078423,9.089301784115378e-06,0.0002457669179420918,0.5165879130363464,4.9300560931442305e-06,3.7968467836435593e-07,7.78275506263526e-08,0.00787535309791565,0.0003664199321065098,0.06737791746854782,0.08950050920248032
window-4a85f3544d94a236d54b,405_53913_105048,cup,baseballbat,0.39105695486068726,False,0.0018587092636153102,0.040335021913051605,0.39105695486068726,2.51594992732862e-05,5.05124990013428e-05,0.0002875432255677879,1.3035204347033869e-06,0.17735083401203156,9.950580533768516e-06,0.005766445305198431,0.014606871642172337,5.067533948022174e-07,0.0003915513807442039,2.562518659487978e-07,7.960650236782385e-07,3.3957410778384656e-05,6.349162867991254e-05,0.0008595699327997863,0.11932246387004852,6.241694336495129e-06,1.0658004612196237e-06,1.6555540014451253e-06,0.012159604579210281,5.4347372497431934e-05,0.0006799667025916278,0.23507528007030487
window-2b183d3945f4c79c5ee9,405_53913_105048,cup,wineglass,0.8201582431793213,False,0.00017885716806631535,0.015144665725529194,0.011159523390233517,3.2641139569022926e-06,5.440309678306221e-07,0.0007523894309997559,2.6974064439855283e-06,0.0011773408623412251,5.329897248884663e-05,0.024982456117868423,0.008178883232176304,2.8458910605877463e-07,2.0626639525289647e-06,9.07748598510949e-10,2.0604795736289816e-06,2.1278345229802653e-05,1.7774407297110884e-06,0.0015714196488261223,0.11408888548612595,9.870010444501531e-07,2.2917306807812565e-07,6.395903710654238e-06,0.000737804570235312,0.0017302035121247172,4.452833309187554e-05,0.8201582431793213
window-83eaf4f0b488c2180c1d,405_53913_105048,cup,wineglass,0.9438024759292603,False,0.0005388597492128611,0.011060032062232494,0.004714826587587595,4.0233885556517635e-07,4.5118082425688044e-07,0.0005271346308290958,1.2057653542285607e-08,0.0001245551829924807,0.00017317579477094114,0.016019228845834732,0.004219931084662676,3.680978366560339e-08,5.560221779887797e-06,5.029677119239295e-09,9.668148237551577e-08,5.601464181381743e-06,8.153459702953114e-07,0.0010934870224446058,0.004707610700279474,3.92227690326763e-08,2.52588193916381e-07,1.9433093711995753e-06,0.00025713848299346864,5.875013812328689e-05,0.012687562964856625,0.9438024759292603
window-0dfaadcecc6e27a49e8c,30_1155_3251,cup,toyplane,0.8707067370414734,False,0.00011579207784961909,0.013668614439666271,0.012914948165416718,4.837627329834504e-07,1.091608851311321e-06,3.3586243830541207e-07,0.0001871435233624652,0.0211238581687212,2.7353941334240517e-08,0.059942834079265594,9.238442726200446e-05,0.00022021116456016898,0.00043956906301900744,2.4069737264653668e-05,6.085974291636376e-06,0.009654316119849682,4.283116140868515e-06,1.0246817510051187e-06,0.0024532207753509283,1.292280103371013e-06,2.9551513307524147e-06,0.0015746677527204156,0.8707067370414734,0.006863925606012344,7.358394338297103e-09,1.2265675763956096e-07
window-19ff3769a605a1ea0c18,30_1155_3251,cup,hydrant,0.6779103875160217,False,0.00029791067936457694,0.002170185325667262,0.006037457380443811,7.586780981228003e-08,5.885783025405544e-07,6.810717961824864e-11,5.455678183352575e-05,0.04189687222242355,3.510829742481292e-07,0.019657287746667862,0.001757568446919322,0.000758326263166964,0.6779103875160217,0.0008668323280289769,4.390188678371487e-06,0.2023036777973175,0.0002222809853265062,7.521834049839526e-06,0.003152780467644334,2.4202108761528507e-05,0.0003023238677997142,0.00020807118562515825,0.03227900713682175,0.010086126625537872,7.742420926604154e-09,1.289450779040635e-06
window-913b87ce26aa3a3d945b,30_1155_3251,cup,ball,0.5354518294334412,False,0.0006629256531596184,0.5354518294334412,3.7497171433642507e-05,4.527877172222361e-05,3.1790623467031764e-08,3.11186477119918e-06,1.5251003787852824e-05,0.011826773174107075,1.109800814447226e-05,0.23795588314533234,0.009915142320096493,0.000905281922314316,8.206145867006853e-05,0.0006976594449952245,0.02118312381207943,0.0012168616522103548,0.00014036070206202567,3.7088682347530266e-08,0.0005455013015307486,7.949601155132768e-08,3.1251360610440315e-07,7.8708486398682e-05,0.0023163394071161747,0.17670053243637085,1.1341799721620305e-09,0.0002082758874166757
window-2eedf815ac9ba513bd25,30_1155_3251,cup,cup,0.26707443594932556,True,0.0013830066891387105,0.21063803136348724,0.003069383790716529,2.1320478481356986e-05,7.292312176332416e-08,0.00040130430716089904,0.00709196412935853,0.005844102241098881,2.6389301410745247e-08,0.26707443594932556,0.014076483435928822,0.00021702810772694647,0.21017712354660034,9.918168871081434e-06,0.0006265329429879785,0.00013468456745613366,0.002966400235891342,3.934519099857425e-06,0.006453006993979216,0.00017483301053289324,4.688929402618669e-05,0.00026084796991199255,0.25732216238975525,0.0019510487327352166,4.9193872087016643e-08,0.010055319406092167
window-d5674e3ea685f8d37efe,595_90448_180363,cup,wineglass,0.8716622591018677,False,0.03923778608441353,0.00019748095655813813,1.5332769010001357e-07,1.037961396832543e-06,0.0017382658552378416,0.0011647361097857356,0.0005409602890722454,1.4899118468747474e-05,1.2146801964263432e-07,8.28973043098813e-06,7.947647827677429e-05,2.664104385985411e-07,5.920408607806849e-10,4.8024107854871545e-06,0.08518441766500473,1.2885747082691523e-06,6.030759447384071e-09,2.9889839424868114e-05,4.479413291846868e-06,8.148280272735065e-09,3.268346233653574e-07,4.103375204067561e-07,1.6419450048488216e-06,7.180874672485515e-05,5.5265318223973736e-05,0.8716622591018677
window-d91c954a6142ed80a2f9,622_102453_205829,cup,toyplane,0.6126473546028137,False,0.0022529526613652706,0.014520486816763878,0.0005177779239602387,0.00021940255828667432,0.007921738550066948,1.6462026906083338e-05,0.00040993018774315715,0.0014899680390954018,4.830839770875173e-06,0.14593271911144257,8.194718247978017e-05,0.0005060311523266137,2.3686966699187906e-07,0.002753419568762183,0.04678984731435776,0.0012683728709816933,0.0006003517773933709,0.04021945968270302,1.8891887521022e-05,1.594098830537405e-05,0.08613511174917221,4.4914188038092107e-05,0.6126473546028137,0.005748158320784569,0.0005886770086362958,0.029295049607753754
window-ba4d59d7b3cd8b4e8c6b,219_23096_47262,frisbee,frisbee,0.9989494681358337,True,8.658990554977208e-05,1.1094220099039376e-05,4.176380130616053e-08,7.588260814372916e-06,4.924762833979912e-06,2.99119989222163e-07,1.9990498913102783e-05,0.00048524289741180837,1.4586690744167186e-09,1.566081436976674e-06,0.9989494681358337,3.558646000101362e-08,2.6362299010429524e-09,1.0822999030324354e-07,1.870241916890336e-08,1.9154617802996654e-07,5.585688578335635e-10,3.0131758421703125e-08,0.0004326620255596936,7.268175644670194e-11,9.422192803754115e-09,4.4098809048875864e-09,2.8018294528919796e-07,1.9069315015940447e-09,1.2838730967246192e-08,8.430334208497925e-10
window-4bcbc4a0769de5a5fd7b,219_23096_47262,frisbee,frisbee,0.9154444336891174,True,0.00028025766368955374,0.0027275090105831623,4.20960213887156e-06,7.193745204858715e-06,0.0012829902116209269,3.073080279136775e-06,0.06462811678647995,0.0007928954437375069,2.270390268677147e-06,7.793559234414715e-06,0.9154444336891174,0.0003857389383483678,2.585411311883945e-05,2.117889016517438e-05,9.917025067807117e-08,0.0016255974769592285,1.6083548644019174e-06,6.421493594643835e-07,0.012675636447966099,2.3541616656075348e-08,4.755714144266676e-06,1.055265329341637e-05,3.146520384689211e-06,6.11227233093814e-06,5.7590179494582117e-05,7.768985597067513e-07
window-e9bf24665778ba17cfab,219_23096_47262,frisbee,cake,0.6231687664985657,False,0.0016677957028150558,2.5437614112888696e-06,9.860152694329827e-09,5.054149596617208e-07,3.349607595737325e-07,0.0002278112224303186,0.6231687664985657,0.00039577274583280087,7.37562970698491e-07,0.00010546116391196847,0.043864905834198,3.833143273368478e-05,1.6841527212818619e-06,0.00047684635501354933,1.2484909994725513e-08,1.2269567832845496e-06,3.704194284637197e-08,2.541069989092648e-06,0.3300389349460602,1.7695290566166477e-08,2.495194451057614e-07,1.8594392940940452e-06,1.911174422275508e-06,1.2544124672331236e-07,1.3885590988138574e-06,1.7435353072414728e-07
window-5080af7e069d4d562120,219_23096_47262,frisbee,frisbee,0.9928021430969238,True,0.00035113535705022514,2.1637060854118317e-05,1.1175296243948196e-09,3.481144617012433e-08,1.0518032667050647e-07,7.534993528679479e-06,0.004829462617635727,2.8790964279323816e-05,7.936774792938195e-09,6.244638228736221e-08,0.9928021430969238,3.32934774860405e-07,7.468879203997858e-08,1.6766872334983418e-08,1.1464624094514875e-07,1.2281017006898765e-05,1.8108556321116964e-10,5.6582958762874114e-08,0.0019456917652860284,1.4427903316516222e-10,2.0011484025417303e-07,3.031892603644337e-08,3.0850011967231694e-07,1.8690735625881416e-09,5.272046799120744e-09,3.1244546949693586e-09
window-138ab8098bf0546d44e4,68_5341_12469,frisbee,frisbee,0.9965832829475403,True,3.1636976927984506e-05,9.40206300583668e-05,1.3227200668097794e-07,7.974424676149283e-08,2.733866040216526e-07,0.0007461123750545084,0.002494233660399914,2.345565917494241e-06,5.515198040484393e-07,9.849382877291646e-06,0.9965832829475403,9.285229651823101e-08,1.2550073051897925e-06,1.7481214342751628e-07,4.844876499987549e-08,8.554020496376324e-06,1.3577267310438401e-08,2.9749367058684584e-07,1.1817478480224963e-05,7.740303686887273e-08,3.943931460526073e-06,1.0469155853343182e-07,3.5174396089132642e-06,7.79008757945121e-07,2.0698891212145298e-10,6.848511020507431e-06
window-fb4193528861d1d30a37,68_5341_12469,frisbee,frisbee,0.9913062453269958,True,0.00023587084433529526,0.0007668739417567849,4.734434639885876e-07,2.381001174001085e-08,1.7571319688158837e-07,0.002023402601480484,0.00477153854444623,1.5217437976389192e-06,1.7557709952598088e-06,0.00014179533172864467,0.9913062453269958,6.949879605144815e-08,2.282179281110075e-07,3.9201211166073335e-07,8.309100252290591e-08,1.1962025382672437e-05,3.399261672143439e-08,2.0357124412839767e-06,0.00016234139911830425,5.529250657332341e-08,0.0005363017553463578,9.195586017085589e-07,1.6975947801256552e-05,7.230888968479121e-06,7.407023883132524e-10,1.1590464964683633e-05
window-08982e363c163222cde7,68_5341_12469,frisbee,frisbee,0.9881814122200012,True,0.0012940861051902175,0.0005480917170643806,8.719707977888902e-08,1.0963196217517179e-07,1.2842602359341981e-07,0.001592832850292325,0.00689594354480505,2.0433153622434475e-05,1.0378483921158477e-06,0.0001373265404254198,0.9881814122200012,3.018404868271318e-07,3.1814892281545326e-05,4.24473682869575e-08,1.666415094803142e-08,3.976810148742516e-06,2.0928067101522174e-07,1.2503289326559752e-05,0.0011363369412720203,7.697978077203516e-08,8.381676161661744e-05,1.5164232536335476e-06,2.077515773635241e-06,1.4915430028850096e-06,3.2481821676810796e-09,5.423711991170421e-05
window-b8ffb8cdb629f99c3621,68_5341_12469,frisbee,frisbee,0.9946199655532837,True,0.0001955802144948393,0.00048656456056050956,5.565531182583072e-07,1.782549361450947e-07,3.26644482129268e-07,0.0017482578987255692,0.002818409586325288,5.763160515925847e-06,1.120429942602641e-06,2.2070655177230947e-05,0.9946199655532837,2.6607165182213066e-07,5.357336704037152e-06,4.535294806373713e-07,1.308765860130734e-07,3.566501334262284e-07,7.8303358463927e-08,2.689861730686971e-06,2.505150951037649e-05,5.470481667657623e-08,5.293899812386371e-05,1.1220231499464717e-06,1.6160925042640883e-06,8.413605314672168e-07,4.036772249804699e-09,1.0275130080117378e-05
window-3f4e47d716ae33dc515b,68_5238_12327,frisbee,frisbee,0.9910390973091125,True,0.0008068997412919998,0.0066099390387535095,2.1682195969208173e-11,1.6495338428512696e-09,1.9652327765129485e-08,2.783330091915559e-05,0.0003265490522608161,8.651235816614644e-07,3.195132006195145e-11,1.5373383575933985e-05,0.9910390973091125,8.473644008688552e-11,2.80483777714835e-06,1.112485862979351e-12,1.9626002212280724e-11,4.143943078815937e-05,8.286411556923667e-09,3.134011058136821e-05,1.7351870837956085e-06,5.013529869035693e-11,0.0010882063070312142,3.801861794272554e-07,4.561906280287076e-06,1.0888516754903321e-09,6.163283858967583e-13,2.81854477179877e-06
window-352d3a4f25e7f610c937,68_5238_12327,frisbee,frisbee,0.9977315068244934,True,0.0006020172731950879,0.00012064562906743959,5.004029829391854e-11,2.149512234872475e-10,7.495326026507598e-10,0.0005218115402385592,0.00015020965656731278,3.75444564326699e-09,1.1469192566157527e-12,1.6734587916289456e-05,0.9977315068244934,3.3804415430077617e-12,3.260614178657306e-08,1.1236745041387497e-12,1.3507131611106837e-12,8.459346645395271e-07,2.2292635792897642e-10,3.2764102797955275e-05,5.777535250217625e-08,1.2965726582658821e-11,0.0008109731716103852,7.664972656584723e-09,1.4700336237183365e-07,6.9970734935254075e-12,8.485273031086371e-13,1.239646826434182e-05
window-9f2482e6c89e8099f6a3,68_5238_12327,frisbee,frisbee,0.9992343187332153,True,0.000494137464556843,0.00013311901420820504,4.683909510250217e-11,8.088563846486707e-11,4.834137090625745e-09,4.049935159855522e-05,6.256933829718037e-06,6.898615367845196e-08,3.2155907710856857e-12,5.515062184713315e-06,0.9992343187332153,5.006531994533603e-11,6.488651393965483e-08,3.9870998213079045e-13,2.1320996183848973e-12,5.092428636999102e-06,2.6534482944207127e-10,4.606877610058291e-06,6.63810908463347e-07,1.1404108560264525e-11,6.551494152517989e-05,7.336701912663557e-09,1.8989773309385782e-07,4.935623021395941e-10,8.024661122228716e-13,9.870367648545653e-06
window-d2a094d2a78d45b9feaf,68_5238_12327,frisbee,frisbee,0.9996848106384277,True,0.00016396727005485445,3.487477442831732e-05,1.1843191358162919e-11,4.706365852591432e-10,6.095582705256675e-09,2.8087777081964305e-06,1.755008997861296e-05,2.9638593446179584e-07,7.815690872270409e-10,1.5482362414331874e-07,0.9996848106384277,1.0913322467942521e-09,1.9010586527201667e-07,1.9193052095550778e-12,1.1014770909603677e-12,8.724694635020569e-05,2.8123665174462076e-08,5.679357286680897e-07,1.74200906144506e-07,1.008150247311379e-11,2.6186380637227558e-06,4.252944219018673e-09,3.848117103188997e-06,1.24171828375097e-09,1.1804784580404792e-11,8.425377018284053e-07
window-4dabdedc8850063b622b,31_1334_4061,handbag,handbag,0.9982748031616211,True,2.4624730698974417e-08,7.466616835927198e-08,5.099427289678715e-05,4.32381966675166e-06,1.125703263937794e-07,2.266653975624422e-09,5.279068848729196e-10,1.8520173398428597e-05,0.00016083694936241955,5.53540485270787e-06,2.0533311162473922e-10,0.9982748031616211,1.0430322161525396e-09,9.159573437500512e-07,6.624369941476971e-09,8.586424655732117e-07,2.3230975330079673e-06,9.816737292567268e-05,1.1461478607088793e-05,2.142120436587902e-08,9.23582916811938e-08,8.728672007407567e-09,6.706916792609263e-06,3.82806065317709e-05,0.00132590695284307,4.954218368879992e-09
window-57602816b3e5e0382332,31_1334_4061,handbag,handbag,0.9212667346000671,True,1.2524803878477542e-06,0.0015992207918316126,7.282611477421597e-06,0.07662662863731384,3.0388594041141914e-06,9.52536993281683e-07,5.874922326398746e-09,0.0002613923279568553,2.3750384769982702e-08,7.003592145338189e-06,1.646490943585377e-08,0.9212667346000671,2.625723249938261e-10,2.1420759610535356e-10,3.056252535316162e-05,1.312777158091194e-06,2.0570728054281062e-07,3.159225525450893e-05,2.9197474304965e-07,9.38736393306383e-13,3.325372290419182e-06,8.886744922165235e-07,2.542168203945039e-06,1.1063647207265603e-06,0.0001205581211252138,3.410524004721083e-05
window-a26bf5e3b9f33c80f797,31_1334_4061,handbag,handbag,0.36238136887550354,True,1.971168103409582e-06,0.002254585735499859,7.358092375397973e-07,0.0017991981003433466,0.0004672667710110545,4.562849265088431e-10,0.0003003586607519537,2.3747174054733478e-05,3.547024789440911e-07,2.081505726891919e-06,5.870720269740559e-05,0.36238136887550354,5.979086381557863e-07,7.105661836703803e-08,3.052374495382537e-07,0.33253729343414307,1.7768483928648493e-07,0.0003700371889863163,0.0001988162548514083,6.402285819551157e-12,1.8286827980773523e-06,6.200592110872094e-07,3.181115971528925e-05,0.0030726499389857054,0.29627662897109985,0.0002188544749515131
window-943bd986445e75cc39cc,31_1334_4061,handbag,teddybear,0.9176911115646362,False,1.042570367602684e-13,4.967291022950349e-10,0.04001789912581444,2.0775010156626195e-08,1.3453312075473178e-10,1.698362110669205e-11,5.631207500300661e-08,0.04212286323308945,9.45152933695681e-08,2.1820529827465407e-09,2.8009160962794155e-11,5.589455759036355e-05,2.6708121936280804e-08,5.650829848491412e-07,6.762435056373306e-09,1.1943330768815485e-09,3.7131215435692866e-07,4.166705500595336e-14,8.785491865254125e-13,2.5843258089075505e-10,0.9176911115646362,9.430943464394659e-05,3.2370579106100195e-07,2.4217947525856376e-12,1.6454752767458558e-05,6.3805249972404e-10
window-1031a1b5f7b132f11867,397_50012_98436,handbag,handbag,0.9807766079902649,True,6.667851266684011e-07,4.053840893902816e-05,5.255925134406425e-05,3.743616252904758e-05,3.3632656482041057e-07,9.833749459176033e-08,1.0776536328194197e-05,4.803784122486832e-06,9.376281923323404e-06,2.3777372462063795e-06,5.9244133154834344e-08,0.9807766079902649,1.773226813384099e-06,0.0006817413959652185,0.00023399386554956436,2.6146556137973676e-06,0.00014020624803379178,4.730876025860198e-05,0.005157541483640671,8.645542237672998e-08,0.000402200996177271,7.678043402847834e-06,0.0023516512010246515,1.8292080312676262e-06,0.0009847743203863502,0.009050964377820492
window-2fb8ca8ecd3a401a3066,397_50012_98436,handbag,handbag,0.8219345211982727,True,2.8423530238796957e-05,0.010506963357329369,0.00022469206305686384,0.06841228157281876,0.00019060203339904547,7.69573962315917e-05,0.00029179733246564865,2.061751547444146e-05,1.9074521333095618e-05,4.815535430680029e-05,9.348486855742522e-07,0.8219345211982727,5.102995714878489e-07,0.0026162283029407263,8.20023997221142e-05,1.1863536201417446e-05,0.0032687734346836805,0.0034774045925587416,0.00843589473515749,1.6625530463443283e-07,0.018160266801714897,3.027998718607705e-05,0.005944748874753714,0.009964670985937119,0.03180369362235069,0.01444847509264946
window-c3a037fb1afc1fa643db,397_50012_98436,handbag,handbag,0.9793282151222229,True,1.4154750260786386e-06,0.004699721932411194,7.985472620930523e-06,9.258095815312117e-05,1.1114043019233577e-07,2.5504077072469045e-08,3.630044375313446e-05,3.0403107302845456e-05,3.2037976325227646e-06,1.0138641073353938e-06,5.344010389762843e-08,0.9793282151222229,8.955445878200408e-07,5.783333836006932e-05,2.4458778113967128e-08,8.821920118862181e-07,1.863067836893606e-06,0.00017326562374364585,0.00040877453284338117,8.91541562797471e-10,0.0001126592542277649,5.449232389764802e-07,0.014391993172466755,2.259824668726651e-06,0.0004914540331810713,0.00015666268882341683
window-f99b5f8bef596a6c5b08,397_50012_98436,handbag,handbag,0.9923064112663269,True,8.273418927728926e-08,0.00018406928575132042,0.000303245207760483,0.001830210560001433,1.728787538013421e-05,7.638905685780628e-07,1.0742888662207406e-05,3.671871127153281e-06,4.1695102481753565e-06,1.264957489865992e-07,2.529660605432582e-07,0.9923064112663269,4.531179627065285e-07,0.001112347817979753,5.660534725393518e-07,1.545608938613441e-05,3.990763070760295e-05,0.0001301226147916168,0.0008549203630536795,6.970316324128589e-09,0.0005288463435135782,1.1030299447156722e-06,0.0009337127557955682,0.0003311405598651618,0.0007239793194457889,0.0006664606044068933
window-32d7e5e843183968582a,397_50244_98709,handbag,handbag,0.6148920655250549,True,0.036535780876874924,6.149717228254303e-05,0.00021759695664513856,3.815921445493586e-06,0.0011729869293048978,2.879757857954246e-06,0.1927046775817871,0.008700662292540073,0.006457180716097355,0.015818370506167412,3.05749040308001e-07,0.6148920655250549,2.012036020460073e-05,0.004524181131273508,2.181252966693137e-05,0.03445814922451973,4.464247922442155e-06,8.280776455649175e-06,0.03220763057470322,7.345301582972752e-06,0.04560721293091774,3.3280473871855065e-05,7.702124275965616e-05,0.006336181424558163,2.28634426946428e-08,0.0001264941383851692
window-16ce6fe6c0a29e3271c2,397_50244_98709,handbag,handbag,0.8795276880264282,True,7.64178839745e-05,0.00010964682587655261,0.0001479963248129934,6.536950877489289e-06,0.041697338223457336,1.240216761289048e-06,0.0011618552962318063,0.0013368703657761216,0.0010095202596858144,7.194936915766448e-05,4.562361027637962e-06,0.8795276880264282,1.0163589649891946e-06,0.05512108653783798,1.0159752719118842e-06,0.016332251951098442,1.2586345299325785e-09,5.672026190950419e-07,0.0022264381404966116,0.0001927083358168602,0.0003779444086831063,4.98761671963166e-08,0.0005768489791080356,1.8027905753115192e-05,6.791615270174134e-09,5.0848223054345e-07
window-5b6f0c7a8c6082486a8d,397_50244_98709,handbag,kite,0.9868609309196472,False,6.23702135271742e-06,7.483054531576272e-08,0.00016431460971944034,1.0505551983897021e-09,0.002515300177037716,7.729948947599041e-08,0.00011127895413665101,6.885467428219272e-06,2.155085894628428e-05,5.98527658439707e-05,1.318330000721346e-09,0.009515180252492428,5.1310276028004864e-09,0.9868609309196472,7.63341034826226e-08,0.0004132596659474075,6.716349210730138e-14,1.595070742155258e-08,0.00015902893210295588,2.5417841698072152e-06,1.1395441106287763e-05,1.5581795853591984e-09,0.0001518767821835354,6.597993262857926e-08,2.8143785968381962e-08,2.4017117183916525e-08
window-d9decc355d8c0b787335,397_50244_98709,handbag,handbag,0.3020426332950592,True,0.08372616022825241,0.0013553118333220482,0.0034558193292468786,2.2768135750084184e-06,0.013087610714137554,4.382340890174419e-08,0.0065161860547959805,0.12357962876558304,0.0013336146948859096,0.001212044502608478,9.916523140418576e-07,0.3020426332950592,9.082404517357645e-08,0.1473035365343094,0.00043533951975405216,0.02261054888367653,8.49124592861017e-09,1.0496970759277247e-07,0.2800458073616028,5.161517947271932e-06,0.011591351591050625,2.108836270053871e-07,0.0016363444738090038,5.689130921382457e-05,8.494388907820394e-07,1.47148148244014e-06
window-38dbc8e7e31bba7b22d7,401_52084_102154,handbag,carrot,0.532305121421814,False,1.9643487121356884e-06,0.00022575022012460977,0.09204712510108948,0.0006257058121263981,0.00026481671375222504,8.532012429895985e-09,1.0567190855681474e-07,0.532305121421814,0.0008350022835657,0.0002589152427390218,5.700259180230205e-07,0.026802778244018555,2.789908748468406e-08,0.3432866334915161,4.0671613987797173e-07,0.0018779956735670567,7.317176642374079e-09,2.194859050064224e-08,5.4367003031075e-05,3.199050411240023e-07,3.447274536938494e-07,2.7334559615788123e-10,2.1220428607193753e-05,4.6357617975445464e-06,0.0013862310443073511,2.421510547634398e-09
window-f43c1338f98a2123c949,401_52084_102154,handbag,book,0.635556161403656,False,0.0019151550950482488,0.00014004633703734726,0.02524416521191597,0.006026749033480883,0.635556161403656,1.7394715712271136e-07,0.12226627767086029,0.013880590908229351,3.523623036016943e-06,1.555395283503458e-05,1.6726437024772167e-05,0.0086362948641181,1.4974175144288893e-07,0.002751294057816267,0.005988419987261295,0.13111335039138794,0.013341357000172138,0.0002931774943135679,0.006343946326524019,8.524086297256872e-05,0.0016197625081986189,0.00019981111108791083,1.0249726756228483e-07,0.0019222319824621081,0.022638797760009766,9.135037544183433e-07
window-bb7a5955623a40265c21,401_52084_102154,handbag,kite,0.438575804233551,False,4.3540717342693824e-07,3.0538085411535576e-05,0.006626213435083628,0.0429903082549572,0.08894484490156174,5.669646157002717e-07,0.00035938213113695383,0.0010657990351319313,0.0019455502042546868,1.2869864804088138e-05,0.0006747788283973932,0.3304213583469391,9.160756597736963e-09,0.438575804233551,8.846430137054995e-05,0.05614671856164932,2.6585987598082284e-06,7.027350079624739e-08,1.6157689969986677e-05,3.280669886862597e-07,0.00017633775132708251,1.0317053238395602e-05,0.01048798207193613,0.02141151763498783,1.0953900527965743e-05,3.973983364602418e-10
window-6425cb07cbebe80a2f5e,401_52084_102154,handbag,handbag,0.8714371919631958,True,2.4124724404828157e-06,7.127627668523928e-06,0.009950350038707256,0.003862172830849886,0.09490504115819931,0.004717110190540552,0.00111705856397748,0.0004943443927913904,8.665652785566635e-06,3.0298384444904514e-05,5.608326773653971e-06,0.8714371919631958,5.083417775608723e-08,0.004697519354522228,5.965636592009105e-05,0.007391859777271748,2.8746373459398455e-07,5.507769742507662e-07,0.0008780775824561715,1.0411290531919803e-06,5.4932075954639e-07,1.6986648176953167e-07,4.282130703359144e-07,0.00041583357960917056,1.6598551155766472e-05,3.1040542580740293e-08
window-2bdee743c61d1861cfd7,250_26807_55293,hydrant,hydrant,0.9923357367515564,True,0.0003184010274708271,0.0003498996084090322,2.255044591947808e-06,0.0015259240753948689,6.054772256902652e-07,0.000980313983745873,9.6956267952919e-05,1.4345340026977738e-08,0.0022315324749797583,0.00033149286173284054,1.0070564258057857e-06,8.868087206792552e-06,0.9923357367515564,1.0158206578125828e-06,2.6318812160752714e-05,1.514862219664792e-06,0.00010998125799233094,9.667087579146028e-05,4.4306872837296396e-07,0.00019382350728847086,8.242461262852885e-06,7.134714792300656e-07,1.3523952020477736e-06,0.001372191240079701,8.237042834480235e-07,3.826879947155248e-06
window-6205e20c09dd4e110792,250_26807_55293,hydrant,hydrant,0.9850127696990967,True,6.038018182152882e-05,0.009987850673496723,8.828905993141234e-05,0.0002978349511977285,3.6567007555277087e-07,0.00022796371194999665,0.0009589899564161897,5.245242462592614e-08,0.0006196137401275337,0.0016578142531216145,1.9902194253518246e-05,1.4874218322802335e-05,0.9850127696990967,2.358048504902399e-06,1.2109497902201838e-06,1.5889619362496887e-06,0.00015837034152355045,0.0004180959367658943,1.8599503164296038e-06,1.0536692570894957e-05,0.00025619062944315374,1.0815182349688257e-06,1.578548653924372e-05,8.642984175821766e-05,7.302898211491993e-06,9.251898882212117e-05
window-6e47a2bf5f35ecfd5241,250_26807_55293,hydrant,hydrant,0.9820696115493774,True,0.001173479831777513,0.009720699861645699,2.3152373614721e-05,5.327346570993541e-06,8.549977792426944e-07,3.109994577243924e-05,9.623487130738795e-06,4.292667554750551e-09,5.931734108344244e-07,0.00039765529800206423,4.854341023019515e-05,1.6186909306270536e-06,0.9820696115493774,1.3788919659418752e-06,1.0384384552253323e-07,9.076812261810119e-07,0.0016848345985636115,0.003944982774555683,5.415311079559615e-07,6.542542223542114e-07,0.0007652936037629843,2.0629255459425622e-07,2.7844107535202056e-06,5.976536340313032e-05,3.647592095035179e-08,5.625917037832551e-05
window-0686f9c66c975b220c9d,250_26807_55293,hydrant,hydrant,0.9988771080970764,True,0.00013490620767697692,2.6365372832515277e-05,1.2600322918387974e-07,9.561645128997043e-06,3.7508894479287846e-07,0.00014514100621454418,8.99695987754967e-06,6.764616089505182e-10,6.79004756420909e-07,0.0007406783988699317,3.506172106426675e-06,3.760710853839555e-07,0.9988771080970764,9.35743713625925e-08,3.069775900144123e-08,8.847183607940678e-08,3.7081683785800124e-06,3.821708378382027e-05,1.1837541080694791e-07,1.5390801877401827e-07,2.994489705088199e-06,1.2034049312603656e-09,7.998757212135388e-08,5.146180683368584e-06,4.497947347914533e-09,1.4985540701673017e-06
window-b1ee4239bd1272db5df2,304_31883_60483,hydrant,hydrant,0.9999103546142578,True,1.6658462387297845e-09,9.381419374676625e-08,3.0651114979463046e-09,3.1811628886657672e-09,5.61594000469956e-11,1.968332519197702e-08,1.927345782970491e-10,6.556529208445738e-10,5.805252385471249e-06,1.2373971003398765e-07,1.7458759771216137e-08,1.3524776854012543e-09,0.9999103546142578,2.481486960359547e-10,7.607346419469252e-10,7.492022952547417e-13,2.148319617845118e-05,5.367294215830043e-05,1.678593930520833e-10,3.330360129893961e-07,1.0692610885598697e-06,2.697100098814076e-09,4.387991303644867e-09,2.3581656072302337e-10,1.4914139256916314e-08,7.075034318404505e-06
window-f236d00904981c89c5f1,304_31883_60483,hydrant,hydrant,0.9986618757247925,True,8.663012529552816e-09,9.415277304469782e-07,2.2570226576590358e-08,1.2481752298398874e-09,9.150134538948862e-10,1.484409151153443e-09,3.9797613121672626e-11,8.01487654022992e-10,2.3584066184412222e-06,7.992550621338523e-08,1.509881855099593e-07,7.0918573236156135e-09,0.9986618757247925,2.501645834929178e-10,7.388760436821684e-11,1.8666175376214067e-12,4.887794602836948e-06,0.0013192113256081939,3.1424687851888677e-10,1.769008974861208e-07,7.790446943545248e-06,9.928347921572822e-09,5.656537904741299e-09,3.503156931206064e-10,3.057732556044357e-08,2.449732164677698e-06
window-83b313ec6d810ed6a66c,304_31883_60483,hydrant,hydrant,0.9994408488273621,True,1.1165206537100403e-08,1.0442361144669121e-06,6.906581528909328e-09,4.896502758811039e-08,1.000538193962619e-10,7.566394621960626e-09,1.720269066085578e-10,8.857812261453546e-09,5.112208896207449e-07,1.9314979837758983e-08,4.0971940507006366e-08,4.932052988237956e-09,0.9994408488273621,6.158073356798965e-11,2.556684863819214e-10,4.001249743861013e-13,5.403304021456279e-05,0.0004921263898722827,1.1540735034287763e-09,1.3301262313802908e-08,6.602948815270793e-06,1.0357709356867417e-08,1.3376587615354651e-09,1.7747620040253764e-09,3.2772817792903197e-09,4.680379333876772e-06
window-c451afe6c66faf201caa,304_31883_60483,hydrant,hydrant,0.999583899974823,True,6.687104758817952e-10,7.686446679144865e-08,4.566489408830421e-08,2.2483339634504773e-08,8.314934157871434e-11,1.9373832316205153e-08,2.0000472111814105e-10,3.13615022839997e-10,3.6053663734492147e-06,1.721294751177993e-08,1.9621302271843888e-06,1.9342410340073002e-08,0.999583899974823,2.0414522849954153e-10,2.137556576187194e-09,3.2155196474231706e-12,6.493875844171271e-06,0.00039919340633787215,8.805707274461838e-10,2.6388367047047723e-08,3.3177625482494477e-06,5.1501018560884404e-08,5.005318826079019e-09,1.000305463461082e-10,9.145390222897731e-09,1.2058741276632645e-06
window-a49ecb14fd8df07469e7,429_60367_116963,hydrant,hydrant,0.9983561635017395,True,1.5490758187297615e-07,2.7663261789712124e-05,5.2612595169421184e-08,2.983024387503974e-05,6.371761429591061e-08,1.9848118881782284e-07,2.647398957833502e-07,1.9449784360858757e-07,3.034757298792101e-07,3.699438093462959e-05,2.2102840375737287e-06,1.343842313872301e-06,0.9983561635017395,7.574804117282952e-10,3.8443457306414075e-09,1.5455940527431267e-08,2.8359748327488887e-08,0.001431236625649035,5.201090061746072e-06,1.277687829315255e-06,2.0674131064879475e-06,2.7535816116142087e-07,3.823316001216881e-05,4.1805307660069957e-07,3.943695148223014e-09,6.582640344277024e-05
window-341e95c178d65f235ca3,429_60367_116963,hydrant,hydrant,0.9955961108207703,True,9.525617201688874e-07,6.167857645777985e-05,6.820263909190771e-09,2.9161943530198187e-05,1.3236244322811785e-09,2.6215889459280106e-09,1.3076912352971704e-07,4.240355337969959e-07,2.319420855201315e-05,0.00014162030129227787,1.0268866390106268e-05,2.7905964543606387e-06,0.9955961108207703,3.416558058688679e-08,2.988270186854436e-10,3.484814214971266e-08,3.0730716389371082e-06,0.004027300514280796,4.3255213313386776e-06,1.2271735840840847e-06,8.36450417409651e-05,1.489408646193624e-06,8.914355021261144e-06,2.4147700514731696e-06,1.6568414196171943e-08,1.2450777830963489e-06
window-77959f24c0091c6f6190,429_60367_116963,hydrant,hydrant,0.9901122450828552,True,3.369944579389994e-06,0.00016418912855442613,1.3072270377278983e-08,2.2609328880207613e-05,2.565049950220555e-09,8.05558997285516e-09,4.2614169615262654e-07,2.947196797720153e-08,2.0454693583360495e-07,8.956826059147716e-05,1.0162938451685477e-05,4.878703521171701e-07,0.9901122450828552,4.550344989695532e-09,2.971878576563114e-10,3.4220750677604883e-09,4.873474608757533e-06,0.009561827406287193,5.601821158052189e-07,1.9409148990234826e-06,7.335331702051917e-06,3.1515789089553436e-08,1.2138438250985928e-05,4.052747470950635e-08,6.570380683967869e-09,7.979082511155866e-06
window-f6ac84df6f1ec9112fc5,429_60367_116963,hydrant,hydrant,0.9852381348609924,True,1.0327460131520638e-06,5.294963557389565e-06,2.3528289716523432e-07,0.00012260011862963438,1.8150112524040196e-08,5.928344535277574e-07,3.078329768868571e-08,3.309844771592907e-07,1.2521571989054792e-05,2.747608050412964e-05,2.2515691000535298e-07,8.850730068843404e-07,0.9852381348609924,6.883026371085066e-10,1.4839537598732022e-08,9.123930766463673e-08,4.1510620576445945e-06,0.013964702375233173,4.829416411666898e-06,4.611756594385952e-06,1.3406757716438733e-05,3.494569300599437e-09,3.443473542574793e-05,8.811039151623845e-05,1.3485722538675304e-09,0.00047620307304896414
window-21db55f61584dc546241,429_60395_117232,hydrant,hydrant,0.9999755620956421,True,1.5856528312596652e-09,8.330403034051415e-07,2.524698783368251e-10,1.0557272389632999e-08,2.612554541193274e-13,9.015274082813107e-10,1.0274887884964556e-10,3.59865470755949e-11,4.961575541528873e-07,1.6399397395616688e-08,2.661484010957338e-08,6.192816814909463e-10,0.9999755620956421,4.908393136382472e-11,1.3387816896748284e-11,7.948083380684978e-13,2.3001362592367514e-07,1.572230576130096e-05,1.9100204085020778e-08,1.33413919911618e-08,1.4519745406005313e-09,1.0197578337312052e-09,1.8561749359768953e-10,4.617825677399878e-09,2.5564866890093185e-10,7.137997727113543e-06
window-02f33ac8296d9a995998,429_60395_117232,hydrant,hydrant,0.9808309674263,True,4.466756209353662e-08,7.33264532755129e-05,4.956438459657875e-08,9.88774331744935e-07,6.71226700887928e-08,6.043973712621664e-07,1.5318846635636874e-08,2.2224637064027775e-07,5.742292614741018e-06,9.967598998628091e-06,6.2115577748045325e-06,5.110052825330058e-06,0.9808309674263,4.490469862616919e-08,1.2260769288729989e-08,1.3983215627066947e-11,0.0005086081800982356,0.017567671835422516,2.7011446945834905e-06,2.4033301997405943e-06,0.0008342143846675754,2.3687002794758882e-06,3.888550281772041e-08,1.4092627225181786e-06,1.6482880837997982e-08,0.00014706220827065408
window-58979a3909beca604c1f,429_60395_117232,hydrant,hydrant,0.9994070529937744,True,5.497007293797651e-09,1.658968244555581e-06,5.108349299121073e-08,7.282730507540691e-08,5.102625266761862e-11,7.619305364414686e-08,7.76195108187494e-09,1.2386581760281956e-09,5.797261474072002e-05,3.043755825160588e-08,5.376095373321732e-07,1.1042819103579404e-08,0.9994070529937744,1.6226552546072526e-08,1.3411192156809193e-08,2.618212070759629e-12,1.0731783731898759e-05,0.0004891143762506545,2.383074360068349e-07,3.83740734832827e-06,2.6535495635471307e-05,1.0373126997365034e-06,1.6922990786483183e-09,6.42344222256952e-09,2.197906523448978e-09,9.330548778052616e-07
window-c80355bb20145f9d0a2b,429_60395_117232,hydrant,hydrant,0.9999173879623413,True,6.219174952803996e-09,2.9954508136142977e-06,3.204223730790545e-08,3.9083019487407e-08,2.203636925712793e-11,6.96530833010911e-08,1.4653246394047414e-09,3.3996577775141645e-10,3.148556970700156e-06,1.1614816912697279e-06,1.970812718354864e-06,3.621496347250286e-08,0.9999173879623413,2.4954742716687406e-09,1.1332463856206232e-09,1.1429199600621054e-11,1.9124556729366304e-06,1.0376310456194915e-05,4.377251627829537e-07,2.345117735558233e-07,1.6097059187814011e-06,8.87078428490895e-08,3.4867186915477077e-09,2.9565700288003427e-07,4.422587296382119e-10,5.796555706183426e-05
window-552dc221341991d023f4,411_55970_107894,hydrant,hydrant,0.9999622106552124,True,7.045367738101049e-07,9.985978067561518e-06,4.973290401721897e-07,9.145877584160189e-07,3.988091107354208e-11,7.9322000356985e-12,2.035680957135355e-09,5.5142230337423825e-08,1.9688249253135837e-08,4.901073324958816e-09,9.139498602372953e-10,2.0448618798241114e-08,0.9999622106552124,8.808653251257681e-10,2.2485609207922863e-10,1.2738034238513052e-10,6.216859674168518e-06,1.4396397318705567e-07,5.173999007013208e-09,9.077560321202327e-07,1.4040272617421579e-05,2.2659230394794783e-11,2.4919395400502253e-06,9.859726333161234e-07,7.090935127962439e-07,4.944039844190229e-08
window-032857a12aa489022ce5,411_55970_107894,hydrant,hydrant,0.999138593673706,True,9.506693459115922e-06,0.0005537635879591107,1.3432880905384081e-06,3.585910963010974e-05,1.7651329287105e-08,3.631243528090522e-09,2.441712831924292e-09,3.7188667079135485e-07,3.615552486735396e-05,5.582430162576202e-07,4.573535861140954e-08,2.6106596351382905e-07,0.999138593673706,6.6911067797548185e-09,1.4757804756015958e-08,1.3980132607116502e-09,2.808310091495514e-05,5.3294752433430403e-05,2.748854477374607e-09,3.0319468351081014e-05,2.2333075321512297e-05,3.2087307810790833e-10,2.9104980967531446e-06,3.246456981287338e-05,3.638643192971358e-06,5.0412811106070876e-05
window-59ab82ab96ff94966e14,411_55970_107894,hydrant,hydrant,0.9981082677841187,True,6.906967428221833e-06,1.9366303604329005e-05,1.9558481653803028e-05,8.244541095336899e-05,1.2047284281280213e-09,3.013606919566314e-09,1.5020938803900208e-07,3.476021674941876e-07,6.362875410559354e-06,1.0167737940491861e-07,4.282155430246348e-08,2.0932429123377005e-08,0.9981082677841187,5.495507937602895e-10,8.819737828957841e-09,6.455317169695718e-09,1.2353980309853796e-05,0.00015213643200695515,4.99267027720407e-09,1.5826851722522406e-06,1.5100022210390307e-05,5.6361439959573545e-09,7.522581199737033e-06,3.479431688901968e-05,3.468455543043092e-05,0.001498189871199429
window-f82f2178c5cd139d250b,411_55970_107894,hydrant,hydrant,0.9993020296096802,True,6.982012109801872e-06,2.8230157113284804e-05,4.074261141795432e-06,0.00014649225340690464,2.3345428701304627e-08,8.005266449728765e-10,2.7523014978214633e-08,7.315481070691021e-06,1.854857714533864e-06,3.6660571822721977e-06,5.411365577856486e-07,3.9915522620503907e-07,0.9993020296096802,7.364022991396268e-08,1.0924500060127684e-07,5.5313247315780245e-09,6.748424766556127e-06,1.5291716408682987e-06,7.713615559623577e-07,4.048299615533324e-06,3.438571366132237e-05,1.9089260661075969e-07,5.871145276614698e-06,5.0892122089862823e-05,1.0647708222677466e-05,0.00038299578591249883
window-3a5bafad27c52a5aa216,372_41097_81898,kite,kite,0.988730251789093,True,1.0163489605474751e-06,0.00033227010862901807,0.00036357343196868896,3.2285475981552736e-07,0.0051216850988566875,2.3879831132944673e-05,4.218311732984148e-05,7.342532626353204e-05,3.516504148137756e-05,4.545448064163793e-06,0.00010465004743309692,0.0017163604497909546,2.6983668703906005e-06,0.988730251789093,6.360899078572402e-06,0.0003495318233035505,4.1233190017919696e-07,6.299587312241783e-06,0.0003646415425464511,3.08233711621142e-06,5.1026490837102756e-05,1.3390824278758373e-05,0.0018294912297278643,3.428282798267901e-05,0.0005074611399322748,0.0002819196379277855
window-0537a14514256f453064,372_41097_81898,kite,kite,0.9623885750770569,True,1.6813806723803282e-05,0.0005057831876911223,0.001372181111946702,7.398395496238663e-08,0.0014980302657932043,4.3556286982493475e-05,2.9989118047524244e-05,0.002691861940547824,8.347512630280107e-05,4.159651871304959e-05,0.0009259304497390985,0.0070419954136013985,9.407215770806943e-07,0.9623885750770569,1.7457991816627327e-06,0.0001728929055389017,9.57379153732063e-09,3.898905447385914e-07,0.00025725981686264277,1.4764984257453762e-07,9.36030555749312e-05,1.2136035365983844e-05,0.021561982110142708,0.0012090342352166772,1.723752029647585e-05,3.27828929584939e-05
window-e34d4240cacefbbeaafe,372_41097_81898,kite,kite,0.42651307582855225,True,0.00010113704047398642,0.00014628676581196487,0.012495354749262333,7.660515279894753e-07,0.3366335332393646,0.0019874158315360546,3.0369854357559234e-05,0.011338661424815655,0.0005506625748239458,0.0009429234196431935,0.0005265414365567267,0.05055442079901695,7.758114952594042e-05,0.42651307582855225,2.770289256659453e-06,0.00011150960199302062,8.146092113747727e-06,0.0003470849769655615,0.001165988389402628,2.2429854652727954e-05,0.00024813087657094,0.00023517050431109965,0.01025939267128706,0.001825899351388216,0.00011049367458326742,0.14376425743103027
window-e2a55c0fc8194f99ddf7,372_41097_81898,kite,kite,0.726555347442627,True,2.8920056138304062e-05,0.0025547516997903585,0.001806034822948277,1.3056036323177977e-06,0.16011954843997955,0.0009441855945624411,1.9863464331137948e-05,0.0034298677928745747,2.294100704602897e-05,0.005253853742033243,0.03814259171485901,0.0030561171006411314,0.0006195380701683462,0.726555347442627,1.5579781802443904e-06,0.003580581396818161,1.1677095244522206e-05,0.00010520366777200252,4.485920362640172e-05,2.383372503800274e-07,0.0009339154930785298,3.793270661844872e-05,0.04955359548330307,0.0020073684863746166,5.674565181834623e-05,0.001111527788452804
window-efd6b22fec2f7f06c5ee,622_102123_205145,kite,kite,0.9857733845710754,True,7.932582093417295e-07,0.00012155668082414195,0.014065258204936981,2.0678765644266406e-10,7.456591788468359e-09,2.479242644515267e-10,1.1885336048678141e-09,6.612326046706585e-07,2.1949764228423874e-09,1.5785914001753554e-05,1.9660656391806697e-07,6.536969299197892e-10,2.0663814837007521e-07,0.9857733845710754,2.547110742809333e-13,1.4388194813363953e-06,3.244859385631571e-07,3.1651037346591693e-09,1.3778656011709245e-06,4.496355232586069e-10,2.0691036384246075e-10,2.958071010361607e-10,1.72152813320281e-05,1.8088657043335843e-06,8.988127950249059e-12,9.270354124103763e-14
window-0fdd103aa380c228dbbd,622_102123_205145,kite,kite,0.9968985319137573,True,2.6490654114752488e-09,5.108255507479953e-08,0.002949488814920187,8.799706519013739e-10,8.149931574052971e-08,3.5300247169800514e-09,4.552128205631556e-12,2.4614525528932063e-08,7.976285814947914e-06,7.77537366047909e-07,0.00013665235019288957,3.231558665106604e-08,1.4038201712196496e-09,0.9968985319137573,1.629694816596139e-11,1.3851574998113847e-08,1.1215956163823648e-08,2.3816286898181716e-07,2.8787712214040084e-09,9.510352327879446e-08,6.149227828322612e-12,2.1005244765781583e-10,5.773350494564511e-06,2.0171738412955165e-07,1.506472491240654e-13,3.316022857777906e-14
window-a7747bcabd019ce47e1a,622_102123_205145,kite,kite,0.9972009658813477,True,3.503688172923347e-10,4.2589695681272133e-07,0.0011163183953613043,1.0274496986539816e-07,2.3107777025188625e-08,3.595673481182615e-10,1.9696408132957588e-12,6.713779043820978e-08,1.574719135533087e-05,1.5231714201036084e-07,0.0016641442198306322,2.6357435678470154e-10,2.6353819126967437e-10,0.9972009658813477,5.13154130299398e-10,5.285207294036809e-08,1.242263092393614e-08,5.6211851146015235e-11,5.977437989024281e-10,1.7518142669814551e-07,3.6148690377851844e-12,7.617309560892238e-11,1.0786311577248853e-06,7.27901863228908e-07,1.5146262336788313e-13,4.0689039594241083e-13
window-7deeb564554a12c38646,622_102123_205145,kite,kite,0.8816385865211487,True,1.9828756414597137e-09,2.8600737778106122e-08,0.11786668002605438,1.3506502583027213e-08,5.472765796099566e-09,5.071721931315665e-10,8.536632338518313e-12,1.6723865314816067e-07,7.751167686365079e-06,9.924119694915134e-06,0.0003074173000641167,1.0548374262953075e-07,3.893804723098526e-10,0.8816385865211487,1.7415864583814056e-10,2.675279908714856e-08,1.193229870466439e-08,1.531462423542962e-08,2.0760264340946577e-10,2.2356211104579415e-08,6.367540522633774e-11,9.118675432795431e-12,0.00016361428424715996,5.520144441106822e-06,2.1956232405112575e-12,2.6737234388313214e-12
window-47f820b8650b168d0d3e,566_81802_162361,kite,baseballbat,0.8080512881278992,False,0.0014650215161964297,0.0016261989949271083,0.8080512881278992,0.048314809799194336,0.018672354519367218,2.195609158661682e-05,5.9162139223190024e-06,9.518459592072759e-06,0.00018513524264562875,0.00030719724600203335,0.01282903179526329,0.0003775336081162095,0.0008570099016651511,0.0015265459660440683,3.177931375830667e-07,0.04045252874493599,1.0168162845047846e-07,2.625044714932301e-07,0.004529122728854418,2.1015642914790078e-07,1.6874986613402143e-05,1.0593337265163427e-06,0.060389455407857895,6.645652774750488e-06,1.0664500223356299e-05,0.0003431856748647988
window-e5eedf177d8130ecd77b,566_81802_162361,kite,book,0.7572826743125916,False,8.194645488401875e-05,0.0003453363024163991,1.5720774172223173e-05,0.05954793468117714,0.7572826743125916,8.603677997598425e-05,0.0013980219373479486,2.214067535533104e-06,1.1029471352230757e-05,0.00032338296296074986,0.1310051530599594,0.0003672234888654202,0.004515399690717459,7.306124462047592e-05,6.021330136718461e-06,0.03283676132559776,2.9776759902233607e-07,6.907828975499797e-08,0.003577402327209711,1.6200226582441246e-06,2.4940645744209178e-06,5.836281502524798e-07,0.007423147093504667,0.0007930821157060564,2.1902449589106254e-05,0.00028144082170911133
window-6daace5b7be2801205d4,566_81802_162361,kite,bench,0.44543594121932983,False,0.0014085420407354832,0.001234096591360867,0.25455114245414734,0.44543594121932983,0.11055672913789749,0.000723211036529392,0.00019971630536019802,3.65875857823994e-05,1.8664188246475533e-05,0.0008264841162599623,0.006871173158288002,0.00019678215903695673,5.190938463783823e-05,0.004557795822620392,2.2752342374587897e-06,0.13867443799972534,1.3282757436172687e-06,3.001811592184822e-06,0.016386166214942932,1.801554208213929e-05,1.168129301731824e-06,3.178916358592687e-06,0.016964027658104897,0.00015607084787916392,1.2728404726658482e-05,0.0011088025057688355
window-f19ff6974df9bf2bcd44,566_81802_162361,kite,book,0.34154361486434937,False,0.0007444113725796342,0.000336730619892478,0.0034195019397884607,0.31164878606796265,0.34154361486434937,2.054414653684944e-05,7.618923700647429e-05,2.5480494514340535e-06,0.00029016463668085635,0.0010591682512313128,0.1900792419910431,0.00018301195814274251,0.0017514150822535157,0.00037736789090558887,5.8242312661604956e-05,0.007247519213706255,2.6012395437646774e-07,7.322872619397458e-08,0.009166068397462368,7.346890242843074e-07,6.739311629644362e-06,5.222559593676124e-07,0.13125047087669373,3.658874629763886e-05,9.421331924386322e-05,0.000605899200309068
window-0610c66dc36544427618,407_55221_107129,microwave,microwave,0.6669878959655762,True,3.1334707273344975e-06,6.973818381084129e-05,0.16824890673160553,0.002543036127462983,0.032235436141490936,2.4426535674137995e-05,5.5309577874140814e-05,7.441805337293772e-06,0.001856008660979569,4.084959800820798e-05,0.0002558447595220059,0.013594100251793861,3.769776867557084e-06,0.004591766744852066,0.6669878959655762,0.000334972603013739,1.0284867357768235e-06,0.0005025563878007233,1.8051925508189015e-05,4.943067779095145e-06,2.7180481865229922e-08,0.01064345333725214,1.672883445280604e-05,1.4688628652947955e-05,0.0979456827044487,1.9619000113380025e-07
window-110274842238389bd597,407_55221_107129,microwave,cake,0.7837691307067871,False,1.7123946236097254e-05,9.609759217710234e-06,0.00014022290997672826,0.003104631556198001,0.010150766931474209,0.00017622867017053068,0.7837691307067871,1.0655329788278323e-05,9.670275176176801e-07,0.00024578667944297194,1.6672562708208716e-07,0.00012440548744052649,0.00017791346181184053,7.401383300020825e-06,0.19148525595664978,2.9099384846631438e-05,1.793923911463935e-05,6.40627695247531e-05,8.316097955685109e-05,6.16365359746851e-05,3.5016131505472003e-07,0.002398886950686574,1.6421885220552213e-06,0.00011319603072479367,0.007798249367624521,1.1473035556264222e-05
window-8ee840f8dcb6a7059f2a,407_55221_107129,microwave,microwave,0.8251004219055176,True,2.7161049729329534e-06,1.983844185815542e-06,2.797198249027133e-05,3.299801392131485e-05,0.0028681261464953423,8.02938811830245e-05,0.00019095465540885925,1.73159435234993e-06,0.0012351501500234008,0.0016787888016551733,2.949306508526206e-05,0.0007193760247901082,8.502661899001396e-07,0.00019321442232467234,0.8251004219055176,0.00010175393981626257,1.9917976601391274e-07,0.0002429632586427033,6.324782134470297e-06,5.453941412270069e-06,1.3703753687366316e-09,0.000409002328524366,1.899395307702889e-08,9.146432944362459e-07,0.16706913709640503,2.0216346285906184e-07
window-1ef6602462ae644d6035,407_55221_107129,microwave,microwave,0.9750725030899048,True,6.947849851002275e-09,2.462184909290954e-07,0.0007942955126054585,0.00025678565725684166,0.001317845657467842,2.5622032353567192e-06,1.2585306649270933e-05,1.5405382782773813e-06,0.0005945336888544261,4.736516075354302e-06,2.1210723843978485e-06,9.426791075384244e-05,4.232322936559285e-08,0.00032034784089773893,0.9750725030899048,8.894084021449089e-05,1.0021538265903018e-08,1.1063604688388295e-05,7.403693416563328e-06,2.2037359315163485e-07,1.620150769099382e-08,0.00011866409477079287,1.2393243196129333e-06,1.2795478596672183e-06,0.021296828985214233,8.020767383598582e-10
window-23cf96cd3b0afa826900,48_2772_8326,microwave,microwave,0.9994702935218811,True,1.2226886170196849e-11,1.0101213199220638e-09,7.347546488745138e-05,0.00020628233323805034,0.00021311111049726605,3.8579885813794235e-11,4.165402174294286e-07,6.699449528468904e-08,1.3025569387536962e-06,4.457612057251481e-09,3.351291744113638e-10,1.386177882523043e-05,8.040803023412479e-10,4.922715675093059e-07,0.9994702935218811,3.0308828513625485e-07,1.9406577678182657e-08,4.946735021604809e-09,8.893923109098978e-07,2.0201328609914526e-08,1.1029309909815765e-08,2.6580547540788757e-08,5.524695811942593e-09,2.961778363896883e-06,1.6381776731577702e-05,1.6917319101139583e-07
window-7c94a106d198fd3830af,48_2772_8326,microwave,microwave,0.8867589831352234,True,5.597551755442964e-09,3.410906046497075e-08,1.3434087122732308e-05,0.00024360987299587578,0.10370144993066788,2.709194535377435e-10,3.032634049304761e-05,8.681911936037068e-07,8.826519604099303e-08,5.840244557475671e-05,7.830877990500085e-08,2.4396547814831138e-05,1.8116921157718124e-11,1.5069804248923901e-05,0.8867589831352234,0.003675536485388875,1.5101625505664629e-09,1.0408247597126774e-09,8.642219472676516e-05,1.0669792800399591e-06,4.054787439145002e-08,8.002745062185568e-07,4.952593826601515e-06,3.6683850339613855e-05,0.005347654689103365,4.644511619744662e-08
window-4bb8bf16e299e63ba42a,48_2772_8326,microwave,microwave,0.9721622467041016,True,6.173276556609153e-09,6.986934408814705e-08,2.1996849682182074e-05,0.001265777158550918,0.019351573660969734,4.147932275433419e-10,4.354394150141161e-06,2.967962427646853e-05,1.6929197599324652e-08,0.00013651506742462516,1.208405535635393e-07,0.00026631311629898846,3.3447498243299734e-11,4.1467242795079073e-07,0.9721622467041016,1.0690494491427671e-05,3.881669208283256e-09,2.376402685744239e-10,8.309702934639063e-06,1.3141314703091211e-08,2.0003182044092682e-07,2.8578295996339875e-07,1.6083190246263257e-07,0.0067397658713161945,1.3904306115364307e-06,2.8457797895953263e-08
window-7f88e7a51b1f62c2d0bd,48_2772_8326,microwave,microwave,0.9851682186126709,True,3.267143938501249e-06,2.3564400635223137e-06,1.7395792610841454e-06,0.00035621452843770385,0.0009198320913128555,3.481199541965907e-07,1.278659237868851e-05,9.423517326467845e-07,2.844313846950275e-11,0.004350773990154266,1.7624121028347872e-05,4.089021388153924e-07,2.681704414086994e-09,2.6361706220723313e-11,0.9851682186126709,8.369193892576732e-06,8.839482035227775e-09,7.647759378906493e-13,0.006834881845861673,1.1421529677591025e-07,7.632070264662616e-08,0.0002038170350715518,1.3970161205634213e-07,0.002095561707392335,1.993769001273904e-05,2.520815542084165e-06
window-3a06a3f8c35d57527b35,555_80017_155910,microwave,microwave,0.9983023405075073,True,7.044063249361798e-11,8.067083854257362e-07,0.00026749118114821613,0.0007189592579379678,0.00022730734781362116,6.700698804706917e-07,0.00012046394840581343,1.2700232332463202e-07,8.282311318907887e-05,3.70806719729444e-06,2.37047356677067e-06,3.068113437620923e-05,1.5449049897142686e-06,7.923733392090071e-06,0.9983023405075073,3.382216391401016e-07,5.175417754799128e-06,2.1262935661070514e-06,4.2971031177785335e-08,1.4940012533770641e-06,9.788943771127379e-07,2.9739460387645522e-06,2.8494064281403553e-06,0.00015457819972652942,6.100543760112487e-05,1.1975376992268139e-06
window-ab3ce0ce16316c4373f9,555_80017_155910,microwave,microwave,0.9972710013389587,True,3.005746762596573e-10,1.8277169999691978e-08,2.9713269213971216e-06,0.0001825839135563001,1.3988036471346277e-06,1.816958530298507e-07,3.2910770642047282e-06,7.466107732057026e-09,0.002497142879292369,3.0785909075348172e-06,4.129299497890315e-07,1.7223687791556586e-06,1.432729987982384e-07,1.5750288184790406e-06,0.9972710013389587,1.0147691682504956e-06,6.960164228075882e-06,3.3605292628635652e-06,2.6959817489569105e-08,1.305422188124794e-06,1.498669099930794e-08,2.7595717710937606e-07,3.656930118722812e-07,1.2034058272547554e-05,6.081274477764964e-06,2.910956482082838e-06
window-4e9bf21f470fff91a9ce,555_80017_155910,microwave,microwave,0.9961367249488831,True,1.846507148572929e-11,3.849000762556898e-08,1.6779957832113723e-06,0.00023435625189449638,4.732643719762564e-05,5.561113169960663e-08,4.553696157927334e-07,2.832109213812828e-09,0.003266481915488839,1.9797396362264408e-06,1.828508970902476e-07,1.8065307813230902e-05,7.487336262101962e-08,9.7468637250131e-07,0.9961367249488831,4.317450645885401e-07,0.00010618248779792339,5.347145020095923e-07,3.4080080979492777e-09,3.5493878840497928e-06,4.8906185767805255e-09,2.4666056219757593e-07,1.5031226041628543e-07,2.3451834749721456e-06,0.00017630298680160195,1.784157120710006e-06
window-3e25f2b702900926bbef,555_80017_155910,microwave,microwave,0.9987847208976746,True,8.973928544708798e-11,3.104436530065868e-08,3.0866203815094195e-06,5.878247247892432e-05,0.0006523672491312027,5.075710518553933e-08,3.707630639837589e-06,1.8857248207382327e-08,0.0002263072965433821,1.3294165910338052e-06,5.157847408554517e-05,0.0001467355468776077,5.689752224924405e-09,2.202623727498576e-05,0.9987847208976746,2.1390571873780573e-06,2.9962320695631206e-06,2.546862845065334e-07,1.3071105975370756e-08,4.802608444265388e-08,1.0120083437925587e-08,3.0155257491060183e-07,9.695796734376927e-07,1.0397007827123161e-05,3.0932995287002996e-05,1.245451812792453e-06
window-8b58c3f1b771ebc58117,618_100747_201834,microwave,baseballbat,0.9999992847442627,False,1.684829684621414e-12,5.753154064258581e-10,0.9999992847442627,2.498420914598398e-10,6.852314854720104e-15,1.1144268017085346e-12,2.1560524633007505e-12,4.092225256574489e-12,1.662635806809476e-09,4.370655042312127e-13,2.5801865533026103e-08,7.430700444352802e-19,5.983252293617625e-08,1.393110626857208e-10,3.320783150684292e-07,1.2083128551540478e-12,4.773028638993537e-09,1.6927110380038357e-07,4.6226626693179895e-11,1.1282366100401342e-12,3.8278821572982485e-14,3.6235825007224776e-08,2.740517368593487e-09,5.6521796791553225e-12,3.001101450683663e-11,2.5349901460264214e-16
window-dea44c1a8b57d32c69e9,618_100747_201834,microwave,baseballbat,0.9999988079071045,False,1.7420218913211105e-12,2.0550087239529224e-12,0.9999988079071045,1.218085493581711e-10,2.723616417035085e-13,1.514658515798517e-12,1.1339383589615008e-15,1.2508250511744645e-11,3.6669059455540776e-10,5.510594693232396e-13,1.2405107163715456e-08,1.191250588236318e-19,1.9797196770809933e-08,3.680608335471236e-12,1.384229619816324e-09,3.896980733443002e-14,8.127988837536293e-10,1.1231626331209554e-06,3.664997194618991e-10,3.3153998209994873e-12,1.145669828808444e-14,9.63883639570895e-09,4.040004775163197e-09,5.57172472222256e-13,9.86889606494068e-14,1.0054824955161299e-18
window-82c08c7ef6e6bc0c8dc5,618_100747_201834,microwave,baseballbat,0.9949313998222351,False,8.738101797689524e-09,2.3127030601699516e-07,0.9949313998222351,1.6208011288654234e-07,2.5873333697745693e-08,5.609866093436722e-06,1.5958652585176814e-12,8.850075117194933e-10,2.0609181774489116e-06,3.079439636621828e-08,8.023353439057246e-05,3.4480600053101535e-15,1.9822909962385893e-06,1.0612224343731214e-07,3.480892701190896e-05,1.0152279905639716e-08,1.5207319847831968e-06,0.004725961480289698,1.5511923834310437e-07,1.5524474292760715e-05,2.410160782062576e-08,9.675297769717872e-05,0.00010348382056690753,1.14792453320689e-09,6.610180745868569e-14,2.6484750062006658e-14
window-7312c3636e075e8c7a53,618_100747_201834,microwave,baseballbat,0.999995231628418,False,1.001360522279171e-10,1.9827735897592902e-08,0.999995231628418,5.0740067529531085e-12,7.44649025601063e-15,2.8587290312742653e-09,2.4348509319871425e-12,6.673158553516245e-11,3.353669342232024e-08,2.1439321151728308e-10,9.817323416427826e-07,2.184845386826113e-18,2.6832092103745708e-08,1.7938157625962958e-09,1.4601516795664793e-07,5.279799167312582e-11,2.303569779371628e-08,3.277972609794233e-06,4.856681029563603e-12,1.1899028984352356e-10,2.0515285650835047e-11,2.23337986993144e-10,2.0444311132905568e-07,4.163574528009105e-14,4.297693115013629e-13,1.616418994097521e-13
window-481395cd4651690f7ea0,506_72906_141733,microwave,microwave,0.9999357461929321,True,2.6961360661409417e-12,2.1538819339195214e-11,9.034526016193922e-09,1.467562742618611e-05,3.83042024623137e-05,2.3158312767446176e-10,7.01894222743249e-08,1.6197942986906355e-10,9.89009549812181e-06,2.928960851633633e-09,8.756232716677914e-08,8.244222016173808e-08,3.638062420763255e-11,3.0726468036590404e-09,0.9999357461929321,3.054062247542788e-08,1.638715031726523e-11,8.882777180474477e-09,9.464602712672132e-12,4.58938620440108e-09,5.71654235059782e-09,1.7105092453562065e-08,1.720913966885007e-10,3.249964075635603e-09,9.798536666494329e-07,4.159233846223742e-09
window-21d3a0ba1656ff973e76,506_72906_141733,microwave,microwave,0.9933304190635681,True,1.79701337144067e-10,6.792148510292861e-10,3.818342122485774e-07,0.0065390742383897305,5.154214159119874e-05,1.579668662543554e-08,9.678618795305738e-08,1.4611084964144538e-07,2.168683295167284e-06,8.642610538345252e-08,3.023988710992853e-06,6.019106876919977e-06,4.6546883680775863e-08,8.836041160975583e-07,0.9933304190635681,1.061320404005528e-06,1.1746849715166263e-08,8.024839126541394e-11,5.901709982936154e-07,5.311810014063667e-07,1.9956232222284598e-09,6.565790755530543e-08,1.4843179130252793e-08,2.8115597160649486e-05,3.557932723197155e-05,3.967852713060438e-10
window-cbf63f5c4fc858f54662,506_72906_141733,microwave,microwave,0.99346923828125,True,2.7209264355509966e-11,4.323009505924347e-09,1.2326178193688975e-06,0.005252477712929249,0.0006150049157440662,4.7046654572113766e-08,9.892486332319095e-07,1.0111485835295753e-06,1.580597768224834e-06,6.968555794628628e-07,9.577247510605957e-06,2.841331252056989e-06,1.4309521345623466e-09,1.1968316471211438e-07,0.99346923828125,3.465754343778826e-05,1.0581893139516296e-09,3.166217510397473e-08,4.9674870439275765e-08,2.285378464250698e-08,7.730716333753662e-08,4.947651746078918e-07,3.7062328317460924e-08,1.0021714160757256e-06,0.0006088458467274904,1.7699019139172378e-08
window-a49a32e12f701de197eb,506_72906_141733,microwave,microwave,0.999446451663971,True,1.1365533514329229e-10,7.376580457574278e-10,2.4573904511271394e-07,0.0004335091798566282,4.2037168896058574e-05,2.663059328611439e-09,5.012825567973778e-06,2.3501753787513735e-07,5.865633283974603e-05,5.787841317328457e-08,2.4336185333595495e-07,6.014400923959329e-07,2.477429150715693e-09,3.817008931150667e-08,0.999446451663971,1.2681981331752468e-07,1.141332583998178e-10,1.4642274059895044e-08,1.790498238563032e-08,3.486914863515267e-07,1.618033884653869e-08,6.034069599536451e-08,3.3558189560523033e-09,5.913390737077862e-07,1.1633613212325145e-05,1.347079603419843e-07
window-4cad43580460ad7de362,117_13754_28208,mouse,handbag,0.661206066608429,False,7.110244041541591e-05,0.00016400190361309797,0.0008099754923023283,0.007993386127054691,0.005514563526958227,1.0071879842143971e-05,0.0005311680142767727,0.00028476706938818097,3.973320417571813e-06,0.0011951372725889087,0.000192989144125022,0.661206066608429,6.151889829197899e-05,0.11232294142246246,0.015066240914165974,0.00548178656026721,2.406175553915091e-05,5.698481345461914e-06,0.0013204895658418536,5.288938709213653e-08,0.0005379692884162068,9.738345397636294e-06,0.03197098523378372,0.15512751042842865,3.3005198929458857e-06,9.05050037545152e-05
window-d0138215af07aee3e6ce,117_13754_28208,mouse,sandwich,0.9247463345527649,False,0.0008537017274647951,0.0010825389763340354,0.005327422637492418,0.004394845105707645,0.0009512208052910864,7.0094051807245705e-06,0.0007546036504209042,3.469961666269228e-05,9.591358320903964e-07,0.00033262872602790594,0.0006833392544649541,0.018906135112047195,2.4862896680133417e-05,0.0011469937162473798,0.021878287196159363,0.00031870580278337,1.2358555068203714e-07,7.822640668564418e-07,0.9247463345527649,1.0330700739302756e-08,0.0004481815849430859,1.5877889381954446e-05,3.6719862691825256e-05,0.01743687130510807,4.058750562307978e-07,0.0006166909588500857
window-41268c81a04d0ce81afe,117_13754_28208,mouse,kite,0.5236679315567017,False,0.0001696654799161479,0.01650824397802353,0.0028818289283663034,0.06050175055861473,0.00976631324738264,5.219205831963336e-06,0.0020549593027681112,0.0017916529905050993,5.136322579346597e-05,0.0004623351851478219,0.03132922574877739,0.1419711410999298,1.0886247764574364e-05,0.5236679315567017,0.017624160274863243,0.010405735112726688,1.9524308299878612e-05,2.487743586243596e-05,0.16687139868736267,2.469697619744693e-07,0.00010746616317192093,2.64583904936444e-05,0.010186690837144852,0.0018519953591749072,0.00010068149276776239,0.0016081983922049403
window-a0a5038ae089a0f84755,117_13754_28208,mouse,mouse,0.5984290838241577,True,0.03238493204116821,0.0006505789351649582,0.005435614380985498,0.1988510936498642,0.0026462473906576633,0.001937655033543706,6.037805633241078e-06,4.563805850921199e-05,0.0844743549823761,0.004688628949224949,0.030978569760918617,0.028590569272637367,0.00024091736122500151,0.0019371829694136977,0.002195505192503333,0.5984290838241577,9.865475476544816e-07,6.252812490004089e-09,0.004664113745093346,3.151221505959256e-08,0.00025546547840349376,0.0003327763406559825,0.0007950531435199082,7.245532742672367e-06,1.0715334610722493e-05,0.00044096700730733573
window-cc4d3d63518c1514b483,14_161_1089,mouse,apple,0.9822472929954529,False,0.9822472929954529,1.0653725439624395e-06,0.00875920057296753,1.1237760190851986e-05,4.4905409595230594e-05,1.9408194020797964e-06,5.86845416705728e-09,0.0014821132645010948,1.0494622983969748e-05,0.0005145129980519414,3.6364381230669096e-06,0.00027760289958678186,9.262359412787191e-07,9.069620136870071e-05,9.116846922552213e-05,0.0029896313790231943,6.343366720784616e-08,1.1058994004997658e-06,5.375043110689148e-05,0.00011130765051348135,6.6743285742632e-07,4.570764758682344e-06,0.0033014153596013784,1.1119282383731388e-08,1.9387565164397103e-10,6.439657909140806e-07
window-834cd9028600a3147aa6,14_161_1089,mouse,kite,0.4548517167568207,False,8.172612979251426e-06,0.0006889933720231056,0.008101748302578926,7.58889306951005e-09,0.0006978031015023589,1.4614195270601371e-12,5.5093156703378554e-08,2.6004940991697367e-06,5.130844442646776e-07,0.001598435454070568,4.282389909349149e-06,2.2456337319454178e-05,0.0007588912267237902,0.4548517167568207,0.00026808457914739847,0.2987009882926941,5.8380774135002866e-05,6.289116072366596e-07,4.274060847819783e-05,9.715835767565295e-05,8.064514986472204e-06,5.647824309562566e-06,0.08882293850183487,0.029967237263917923,0.11401013284921646,0.001282428507693112
window-35cd8c945d03bee082ac,14_161_1089,mouse,mouse,0.6318118572235107,True,0.011825302615761757,0.00024390278849750757,6.279217632254586e-05,1.3317094649245576e-10,1.833081478253007e-05,4.318134825403996e-12,2.1411146466920883e-10,5.239549864199944e-06,3.3889007227116963e-06,0.0017989840125665069,0.005362572148442268,6.234608008526266e-05,0.035043276846408844,0.17277511954307556,0.0014051862526685,0.6318118572235107,7.113324045349145e-07,1.3183461305743549e-05,0.004831859841942787,9.97821189230308e-07,0.12380018085241318,5.396990218287101e-06,0.005837851203978062,1.5236352737701964e-05,1.5723102251286036e-06,0.005074564833194017
window-de59f3a9f45001d86603,14_161_1089,mouse,baseballbat,0.42406222224235535,False,2.2484772443931433e-07,9.072561806533486e-05,0.42406222224235535,9.238250640919432e-05,0.0008982997969724238,7.09921188501994e-09,4.773787054546119e-07,0.0019307114416733384,8.490230538882315e-05,0.007698080036789179,0.0017938874661922455,0.19872477650642395,0.25020864605903625,0.00039718483458273113,0.016709528863430023,0.0042663561180233955,5.222036634222604e-05,1.803752169848849e-08,0.07625727355480194,3.195922545273788e-05,3.3395896025467664e-05,1.4919110981281847e-05,0.007986604236066341,0.008279839530587196,1.600164068804588e-05,0.000369326735381037
window-d7105ba4b33c4035852d,465_66131_129808,mouse,kite,0.49914661049842834,False,0.00018444987654220313,5.047616286901757e-05,0.003140409244224429,3.3945359518838814e-06,5.283151040202938e-05,3.993807506930125e-09,0.0006042110617272556,0.04125256836414337,7.366710178757785e-06,2.8915108032379067e-06,1.2357576295585204e-08,0.1501317173242569,0.00017103621212299913,0.49914661049842834,1.9379221782855893e-08,0.005069591570645571,0.00010450658737681806,1.8854514564736746e-05,0.00016034653526730835,0.0020839229691773653,0.15999285876750946,2.6590470270093647e-07,0.13161802291870117,0.006155757233500481,4.782187897944823e-05,4.453395163750429e-08
window-89577104d0474cfca336,465_66131_129808,mouse,teddybear,0.589570164680481,False,0.0022062333300709724,0.0009557076264172792,0.0035511068999767303,3.240969135731575e-06,5.369107839214848e-06,9.6378914804518e-07,0.0005087865283712745,0.22564062476158142,5.4767378969700076e-06,2.7113304895465262e-05,1.643617508761963e-07,0.09192915260791779,0.0001995163329411298,0.040578123182058334,1.1482400452678121e-07,0.012980282306671143,0.0001404227950843051,0.00013219661195762455,0.0008192402892746031,0.00022077896574046463,0.589570164680481,1.7583364808615443e-07,0.01206770446151495,0.01845008134841919,6.652510819549207e-06,6.545997734974662e-07
window-8a676d99acc538701fb1,465_66131_129808,mouse,teddybear,0.8045448660850525,False,0.005906007718294859,0.00011840531806228682,4.842556154471822e-05,1.2037027772748843e-05,2.2269246983341873e-05,7.835780357901001e-10,2.3584825612488203e-05,0.0717560201883316,1.0240835308650276e-06,6.311494189503719e-07,1.0719664089720027e-07,0.006692313123494387,3.1449657399207354e-05,0.00010071484575746581,1.092711343630981e-08,0.040432415902614594,1.2871174703832367e-06,2.316320887985057e-06,0.00011497434024931863,0.0003523743653204292,0.8045448660850525,3.00517000173528e-10,0.0694841742515564,0.00035030784783884883,4.260346031514928e-06,1.1281291456555209e-08
window-2b3507ad326e5829a6ca,465_66131_129808,mouse,handbag,0.531389057636261,False,0.25325092673301697,0.012426435016095638,7.553445902885869e-05,0.00012612649879883975,9.336454968433827e-05,7.692316285101697e-05,0.0002650354872457683,0.008175491355359554,6.313304311333923e-06,0.0014297531452029943,0.00048211944522336125,0.531389057636261,0.0049149529077112675,0.03631862252950668,1.1631706001935527e-05,0.040780290961265564,0.00014192039088811725,0.0002348221023567021,0.004136851988732815,0.0005213177646510303,0.10246255248785019,1.012834945868235e-05,0.0018515840638428926,0.00046190625289455056,0.00035538600059226155,9.081613256967103e-07
window-5aa7173f8b40accb3cf0,601_92735_185308,mouse,mouse,0.9877043962478638,True,0.011317074298858643,6.586742529179901e-05,0.0005105881136842072,4.580399763653986e-05,5.736673756473465e-06,7.125818228814751e-07,7.807040674379095e-06,1.564781086926814e-05,1.6809499356895685e-05,3.8849109841976315e-05,1.7404503296347684e-06,1.9887025700882077e-05,2.8641668450291036e-06,1.4571499207249872e-07,1.665279683038534e-07,0.9877043962478638,6.506000183037486e-09,1.5573809832858387e-06,9.4379618531093e-05,3.192274675711815e-07,4.395041469251737e-05,1.4263426237448584e-05,5.6844117352738976e-05,8.928526540330495e-07,3.303246558061801e-05,5.421713922260096e-07
window-5bdcd9676f45c1a8e161,601_92735_185308,mouse,mouse,0.9943471550941467,True,0.002823309041559696,0.0010375805431976914,0.0005470208125188947,0.00011825405817944556,1.5288376289390726e-06,3.018996963533027e-08,7.415801519528031e-06,1.5428626284119673e-05,7.2443735916749574e-06,3.814571027760394e-05,1.9045170347453677e-06,2.604964493002626e-06,1.4677624449177529e-06,4.4941330656911305e-08,7.391956557967205e-08,0.9943471550941467,2.4136421750142745e-09,3.956321847908839e-07,0.0008514243527315557,9.51734158149975e-09,0.0001023293225443922,5.034419700677972e-06,1.7668979126028717e-05,2.1527582703129156e-06,7.176980579970405e-05,1.2579364216946942e-08
window-149871cdac8ad5358d6e,601_92735_185308,mouse,mouse,0.9710333943367004,True,0.025059057399630547,0.00014971439668443054,4.1721341403899714e-05,1.8075078287438373e-06,5.686702593266091e-07,2.51274826723602e-07,3.9435857615899295e-05,5.589543548012443e-07,1.8991946149071737e-07,0.00020420622604433447,1.5323028037528275e-06,1.475359390212816e-09,2.4507432954123942e-06,1.7292378640121342e-09,9.59603596584202e-08,0.9710333943367004,1.3165840639928206e-09,1.8791459410749667e-07,0.0034135582391172647,2.35958470540254e-08,3.07010232063476e-05,4.9197346925211605e-06,1.2015872016490903e-05,2.9844820801372407e-06,3.3177585123667086e-07,2.642620984261157e-07
window-0bfdb76ce96cff94d8fc,601_92735_185308,mouse,mouse,0.5938718914985657,True,0.40148717164993286,0.001044797827489674,0.0005309335538186133,1.0129912197953672e-06,3.8987906236798153e-07,6.950875786060351e-07,4.802834882866591e-05,1.2911801832160563e-06,4.682525478472144e-09,6.064442641218193e-05,2.5448509859415935e-06,1.3317365699094807e-07,3.079396265093237e-06,8.55000781285753e-09,6.2315475588548e-06,0.5938718914985657,2.7110626632520507e-08,4.597785334681248e-07,0.0028692102059721947,7.526055867401737e-08,3.5850436688633636e-05,9.465671610087156e-06,2.1078300051158294e-05,3.1392753498948878e-06,2.011685182878864e-07,1.6816684365039691e-06
window-324254094bf984a0eb68,269_28600_56284,mouse,mouse,0.5380264520645142,True,0.03706561028957367,0.10467760264873505,0.0005197333521209657,0.0018714185571298003,0.012629931792616844,1.2579149597513606e-06,0.14221613109111786,0.06865884363651276,6.701148436150106e-07,0.0005118618719279766,0.000527004012838006,0.007563273422420025,2.459629286022391e-06,6.700669473502785e-05,0.0004996330244466662,0.5380264520645142,2.7619760658126324e-05,2.475513838362531e-06,0.053827088326215744,3.2714510780351702e-06,0.00236771022900939,1.8530417946749367e-06,0.027625849470496178,0.001234492752701044,6.17069163126871e-05,9.015278919832781e-06
window-0eb9cad2dfe4102594d8,269_28600_56284,mouse,mouse,0.5020853877067566,True,0.0020673891995102167,0.0012416087556630373,0.0038952899631112814,0.001732572796754539,0.002524581039324403,2.0257622963981703e-05,0.060760747641325,0.16181328892707825,3.6282804103393573e-06,0.001642748131416738,0.00040618720231577754,0.005039225798100233,3.146707604173571e-05,0.0009150863625109196,0.0008836760534904897,0.5020853877067566,2.8637821742449887e-05,1.7432703316444531e-06,0.21204626560211182,0.0005619291332550347,0.0009685990517027676,8.774529192123737e-07,0.015174651518464088,0.01047498919069767,0.01565127819776535,2.783976015052758e-05
window-be528ae84d05bc7f3ba0,269_28600_56284,mouse,mouse,0.8460128903388977,True,0.008090472780168056,0.01049615629017353,0.00025948547408916056,0.005297594703733921,0.026356816291809082,4.255216197179834e-07,0.004670870024710894,0.003068371443077922,1.3769897577731172e-06,2.925658191088587e-05,0.00016117998166009784,0.014741905964910984,1.900633606055635e-06,0.001989885000512004,6.324739661067724e-05,0.8460128903388977,0.00010576582280918956,2.2713344151270576e-05,0.004236994311213493,5.874973794561811e-06,0.03748014569282532,4.333306151238503e-06,0.03137034550309181,0.004955126438289881,0.0005697826854884624,7.087720405252185e-06
window-d90faedadbc8f578bc7e,269_28600_56284,mouse,mouse,0.5397275686264038,True,0.03185586258769035,0.0023623753804713488,0.0119941346347332,0.0059123230166733265,0.01957172341644764,6.496249170595547e-06,0.014198972843587399,0.06140129640698433,2.834579390764702e-06,0.0003889493818860501,0.0013420614413917065,0.0007004608050920069,1.766768207289715e-07,0.0029502089601010084,0.00023256789427250624,0.5397275686264038,0.00010839532478712499,2.559449967520777e-06,0.1925686150789261,0.00010284776362823322,0.0004769540100824088,5.7442325669399e-06,0.10377231985330582,0.008129941299557686,0.0021625172812491655,2.208064506703522e-05
window-7008d236bf198aab3b82,193_20812_42179,parkingmeter,parkingmeter,0.9997833371162415,True,3.5218938876369066e-09,5.1062754025110735e-09,1.4942989423616382e-07,2.2749165395907767e-07,2.841089496996574e-07,2.0669627034258786e-12,9.690737101664126e-11,2.318247850630062e-11,2.5505727307972847e-08,1.145538419677905e-07,2.2366974008036777e-05,2.4574840153945843e-06,0.00010508128616493195,4.063078449689783e-06,9.279258784966604e-12,6.15732673736602e-08,0.9997833371162415,7.822551560821012e-05,2.0909947384684102e-10,1.9844815142278094e-06,5.08671291754581e-07,2.2478689916394234e-12,8.224125167544116e-07,6.3463350130632534e-09,3.788341196298006e-09,3.907459529273183e-07
window-fedd9ba10066f7177bc9,193_20812_42179,parkingmeter,parkingmeter,0.9993102550506592,True,1.242360383457708e-07,3.1460880567379945e-09,2.7009821224055486e-06,2.0625733065937624e-10,2.3372788859887805e-07,2.8942308619162027e-12,1.779673630686318e-11,3.012658567058679e-09,2.095770668120167e-07,1.3250732067149329e-08,5.8024156146530004e-08,1.999058474311255e-09,0.00010057963663712144,1.0054572641138293e-07,1.4207751294903481e-11,2.973593149491194e-09,0.9993102550506592,0.0005761259817518294,7.62753082916845e-10,3.759115770662902e-06,5.081491849523445e-08,3.930982969690966e-11,1.8673805612934302e-08,5.864754903939229e-09,7.118891587332143e-11,5.708008757210337e-06
window-c1814403cfff70e9b986,193_20812_42179,parkingmeter,parkingmeter,0.9999971389770508,True,8.321922144449712e-12,4.700745001584572e-11,2.1602990507574305e-09,2.0976679594719716e-12,5.963105120798673e-09,1.9572656280550556e-14,1.110089599995305e-13,2.761304639803397e-13,3.6815889226105014e-10,1.3165166005968398e-11,1.5572915401662613e-08,5.752326392993723e-11,2.250512309842634e-08,4.069339532009053e-09,2.5148858825508116e-14,1.3938862564177867e-10,0.9999971389770508,2.8166630272608018e-06,7.961064099615278e-12,6.350065806515204e-09,2.5325002095399896e-09,5.873188654165196e-12,5.778928030553132e-11,5.614210138449316e-11,6.490474824261128e-11,8.362795789196298e-09
window-8863c25c4d451ec78bdf,193_20812_42179,parkingmeter,parkingmeter,0.9999822378158569,True,7.56242811428276e-12,6.360716814368672e-11,3.7781400230585405e-09,7.232962145886646e-11,1.4884106447343726e-10,3.0914862395704052e-15,5.711521750342841e-13,3.8529010711052525e-12,6.272849600863495e-11,2.540099519610095e-10,6.533138474651423e-08,1.4448648943954367e-09,1.733924182190094e-05,4.257795505058226e-10,1.0513524560217934e-14,6.298842697427531e-11,0.9999822378158569,2.9763052111775323e-07,1.6682338019671783e-12,6.72389033340437e-09,3.915117396946499e-10,1.0603756371227457e-12,5.976805272922547e-09,7.719803685191096e-10,8.264813833314122e-10,1.802099092174103e-08
window-d1da0d2747423b4c5726,433_61349_119679,parkingmeter,hydrant,0.8024120330810547,False,2.580528644102742e-07,2.694417162274476e-06,4.257598448020872e-06,0.012223496101796627,1.051720118994126e-06,1.2229825188114773e-06,6.621614923041363e-10,3.161832182740909e-07,0.00017528694297652692,3.4455038644409797e-07,7.4448007758576296e-09,6.232561281649396e-05,0.8024120330810547,6.208662398421438e-06,7.675679825069892e-08,1.742694211159801e-09,0.183180034160614,2.0800609490834177e-05,1.494513263144981e-10,0.0015682433731853962,3.232030110211781e-08,9.193925620820664e-09,9.364832180835947e-07,2.538547596486751e-05,7.823113890026434e-08,0.00031491919071413577
window-0fe58fd389f6adee19b6,433_61349_119679,parkingmeter,parkingmeter,0.9880784153938293,True,2.957832867522825e-09,2.9170654670451768e-05,6.791626674385043e-06,0.0002470343024469912,2.0367203887872165e-06,7.492740223824512e-07,4.496900074535404e-10,7.950103508846951e-08,0.00014894046762492508,5.888412488275208e-06,2.0119543184260458e-11,4.841127065446926e-06,0.0044814650900661945,2.190501504628628e-07,1.1927685505952468e-08,3.602465548091516e-11,0.9880784153938293,6.711294417982572e-07,1.7721889511435052e-09,0.00459155673161149,4.5705596107836755e-07,4.867358516236209e-09,6.780841204090393e-07,4.920325977764151e-07,1.2485398315220664e-07,0.0024002999998629093
window-332fab2d24835a723cf7,433_61349_119679,parkingmeter,parkingmeter,0.9361782073974609,True,2.5649979917830024e-09,1.782542767614359e-06,3.345452205394395e-05,0.0023938140366226435,2.5995720989158144e-06,2.0094672436243854e-05,3.743381299381454e-11,2.1768410078948364e-06,0.0003195871540810913,4.404493552101485e-07,1.1386886988873357e-09,6.732917086083035e-07,0.03603828325867653,6.036764170858078e-05,1.0476099987499765e-08,1.2425730444576288e-09,0.9361782073974609,1.0713636200421206e-08,6.663578109439294e-12,0.008895345963537693,1.489436929347221e-08,6.588317660316534e-07,3.084910815687181e-08,4.558124601317104e-06,4.0585305782769865e-07,0.01604737900197506
window-6321c355d3f74353e89d,375_42777_85636,plant,plant,0.9989018440246582,True,1.1195464555413537e-09,6.534337870789386e-08,1.1191355753226162e-07,7.26577200111933e-05,1.4094584344093164e-07,6.28165919280832e-09,8.374456115234352e-07,1.1509371233842103e-07,0.0005211984389461577,1.738150778862746e-08,4.9061238627245984e-08,1.0462011914569302e-06,0.00011365140380803496,0.00021628604736179113,2.9459630290773475e-09,1.0031879840721736e-12,4.123284452361986e-05,0.9989018440246582,2.0394738342588425e-08,1.4452543837251142e-05,2.0025311187055195e-06,2.2074810868133454e-09,6.429073664548923e-07,6.485417003432303e-08,0.00010521245712880045,8.356525540875737e-06
window-a6f3f08b87dd80e9e747,375_42777_85636,plant,plant,0.5534042119979858,True,1.2302044716250293e-08,4.485904536721819e-09,1.0213527801283817e-08,5.255977612250717e-06,3.6510218706098385e-06,3.71208024319003e-08,2.2534839771992665e-08,8.542495599783706e-10,2.2466507289209403e-05,4.678415876924191e-08,4.645340015430044e-11,8.224429137726474e-09,0.0013126087142154574,0.0001451687712687999,4.870310821303292e-10,4.615355898163068e-15,1.7349981135339476e-05,0.5534042119979858,1.2418173156447665e-08,0.004209045320749283,1.637777025109699e-08,6.665851515208487e-08,1.0010242021962767e-06,4.63440663622805e-09,9.519343620922882e-06,0.4408694803714752
window-74ae7dc6df47209557d5,375_42777_85636,plant,plant,0.999983549118042,True,5.446098433337099e-11,3.1260280822231756e-12,1.1163014956849793e-10,2.3562096274076794e-08,1.362804730176137e-10,6.491723825163831e-11,1.8920933708699295e-09,1.4658373126419377e-10,2.5130470930889715e-06,1.3756544792187242e-09,9.791718130758298e-11,2.1545909500986227e-09,4.064629965938593e-09,1.0155980589843239e-06,8.921668437388616e-15,1.6625824210129872e-15,1.1192342164179081e-08,0.999983549118042,1.4242172996503655e-09,3.0514599984599045e-06,2.943539190169986e-09,1.0848672182817154e-08,2.511219008738408e-06,3.9994826894762525e-10,7.780049382510867e-10,7.274787549249595e-06
window-9b0e211382e7b4634f27,375_42777_85636,plant,plant,0.5473783612251282,True,1.1459635018695735e-08,6.145685205183327e-08,1.4421586058688263e-07,0.00015702458040323108,1.9446872556727612e-06,1.1591202664362754e-08,6.2145034007699e-07,7.008154945253864e-09,0.004991371184587479,3.4813642741937656e-06,3.9871976831307165e-09,3.4791103331599516e-08,0.000158719252794981,0.00013780077279079705,3.5625902228275663e-10,7.481048766577736e-12,6.435299837903585e-06,0.5473783612251282,7.073174268512616e-10,0.01617269031703472,1.8921550690720323e-06,2.673180077295001e-08,0.00017405585094820708,5.280934942675231e-07,1.1915290087927133e-05,0.4308029115200043
window-a1bb4e60312a9a42e51b,612_97740_196493,plant,plant,0.9966655373573303,True,1.7991316781262867e-05,7.538878435298102e-06,1.1242840969316603e-07,4.932254071832176e-08,4.8512408312717525e-08,7.874416496633785e-08,9.281565871788189e-05,5.851593414263334e-07,4.882925168203656e-06,1.3634953575092368e-06,2.129734411937534e-06,7.2157313297793735e-06,2.675781445304892e-07,2.0367321162950702e-09,8.200972345662194e-09,2.2224405427095917e-07,5.635827804439941e-09,0.9966655373573303,0.0020043528638780117,3.909898893539321e-08,0.001108391210436821,9.717882676341105e-07,2.2899857867741957e-05,2.8170984478492755e-07,1.0227483471680898e-05,5.1971699576824903e-05
window-a6d2b03a3131d9700fdb,612_97740_196493,plant,plant,0.9760386347770691,True,5.068541668151738e-06,4.64471031591529e-06,9.588557503548145e-09,4.699826092746662e-07,8.680431373697672e-10,1.1911755564142368e-06,6.026509254297707e-06,2.325648438272765e-07,4.759792773256777e-06,1.2263496955711162e-06,3.243002026920294e-07,3.807557959589758e-06,6.877725809317781e-06,5.40655697989223e-09,6.173869859793513e-09,6.9224661274347454e-06,1.7545659369844202e-09,0.9760386347770691,0.023682603612542152,2.4868109793629856e-09,0.000117949050036259,8.818453807180049e-07,8.548402547603473e-05,3.4035767271234363e-07,6.878108820274065e-07,3.185688910889439e-05
window-d1783076e83b358ae591,612_97740_196493,plant,plant,0.9969657063484192,True,4.2274044176338066e-07,2.3242944280355005e-06,8.178948718295942e-08,4.365473159850808e-06,1.5396139474432857e-07,8.839353426992602e-08,9.974262866307981e-06,2.1273595507409482e-07,4.0739781979937106e-05,1.0685998859116808e-06,3.702797073401598e-07,0.00013424994540400803,2.0368444893392734e-05,7.231773935245656e-08,1.2276645477982129e-08,1.4728252608620096e-06,1.3930087305880079e-08,0.9969657063484192,0.0009375781519338489,6.57485044186501e-09,0.0004661594284698367,5.027910083299503e-05,0.0012703457614406943,4.1318086005048826e-05,3.4910445378955046e-07,5.227062138146721e-05
window-df82b505c7ee6092e3f9,612_97740_196493,plant,plant,0.8746768832206726,True,0.0001300393050769344,2.9512417313526385e-05,5.337825132301077e-05,2.6488134608371183e-05,2.984758793900255e-06,3.8587597373407334e-05,0.009191754274070263,3.6685527447843924e-05,3.176054815412499e-05,6.984756055317121e-06,2.5044140784302726e-05,0.0034562365617603064,1.2339784007053822e-05,2.286782319060876e-07,2.450334932291298e-06,0.0028671002946794033,1.2570900480568525e-06,0.8746768832206726,0.05846714973449707,1.1226530887142872e-06,0.04438915476202965,7.923673547338694e-05,0.004467049613595009,6.315183418337256e-05,0.0013739217538386583,0.0005695292493328452
window-d7eb36e3aa913cd72b5f,272_29055_55880,sandwich,ball,0.4202030599117279,False,0.03232831135392189,0.4202030599117279,0.005962739698588848,0.020240115001797676,0.07797776907682419,1.729424184304662e-05,0.09010095149278641,3.448008283157833e-05,1.2950855534654693e-06,7.246106633829186e-06,0.004690820816904306,0.006791302468627691,1.1211280934730894e-06,1.8079015717376024e-05,0.002115001203492284,0.020587265491485596,0.000854112789966166,0.0007719232235103846,0.003695886582136154,4.3426953766356746e-07,0.0013741394504904747,9.708220432003145e-07,0.31140685081481934,0.00029853987507522106,2.5374458346050233e-05,0.0004948008572682738
window-a65c4ca2baeef0ab4f7f,272_29055_55880,sandwich,sandwich,0.6558040976524353,True,0.00018129793170373887,0.0008869630983099341,0.05493622645735741,0.005634411238133907,0.040989357978105545,2.015690597545472e-06,2.0206494809826836e-05,0.0047583323903381824,4.834548690269003e-07,2.8283934625505935e-06,0.0010566571727395058,9.782743290998042e-05,9.167442804880466e-09,0.06116264685988426,0.0019248856697231531,0.04325975477695465,4.178723429504316e-06,0.0012017176486551762,0.6558040976524353,1.721275793897803e-06,1.2032801350869704e-05,2.6217303457087837e-06,0.11869891732931137,0.001381626701913774,4.754735073220218e-06,0.007974313572049141
window-a1d35f7b2789a7deafd6,272_29055_55880,sandwich,sandwich,0.6164407134056091,True,0.009032159112393856,0.02321869134902954,0.00028860417660325766,3.2600113627268e-05,0.020897306501865387,1.7347507309750654e-05,0.01427382230758667,0.0038655989337712526,4.0052558603065336e-08,7.873778667999431e-05,1.1158013876411133e-05,1.7880416635307483e-05,3.622464106456391e-09,7.849546818761155e-05,0.0003824103041552007,0.0032861786894500256,0.00014710168761666864,0.30098068714141846,0.6164407134056091,7.731089368689936e-08,4.3067622755188495e-05,9.288515201433256e-08,0.0005013637128286064,3.920899689546786e-05,3.313762863399461e-05,0.006333408411592245
window-e1ccbeadc2213a6f2fa4,272_29055_55880,sandwich,plant,0.4309813976287842,False,0.004044674336910248,0.10235841572284698,0.024869702756404877,0.015018345788121223,0.004818676970899105,1.670633992034709e-06,0.002572648460045457,0.0012463504681363702,0.0009645895916037261,7.128694051061757e-06,0.00021196002489887178,0.00023665893240831792,3.662001404336479e-07,0.0003443964815232903,3.150538759655319e-05,0.0017697926377877593,0.005173058714717627,0.4309813976287842,0.10400153696537018,1.3843168744642753e-07,0.0009163145441561937,4.3932453763773083e-07,0.2905266582965851,0.0019516049651429057,4.849227116210386e-05,0.007903511635959148
window-8f95135f01446f5f8635,366_39378_76721,sandwich,sandwich,0.5188786387443542,True,0.0005579598364420235,0.00016024280921556056,5.30404622622882e-06,3.0268689442891628e-05,0.0021144195925444365,1.357417568215169e-05,0.40324437618255615,0.000306014611851424,7.119834208424436e-06,0.0024960848968476057,0.0012360619148239493,0.001810958026908338,0.001020441297441721,0.0016045750817283988,5.487251200975152e-06,9.835331729846075e-05,9.378085792377533e-07,0.0003807416360359639,0.5188786387443542,2.0895536181342322e-06,0.057104580104351044,5.301027158566285e-06,0.0005982833681628108,0.0083080492913723,1.709187245069188e-06,8.495117981510703e-06
window-d721347ea879657fa554,366_39378_76721,sandwich,sandwich,0.5148305892944336,True,0.001213055569678545,8.39367276057601e-05,5.63185722057824e-06,5.311836162036343e-07,0.0002734339504968375,6.68458460495458e-06,0.48063746094703674,3.684018520289101e-05,6.099512575019617e-07,0.0005764794768765569,9.438591951038688e-05,3.529019886627793e-05,2.6572646675049327e-05,0.00017874840705189854,7.285934316314524e-06,6.053379547665827e-05,9.030478764771033e-08,2.5260462280130014e-05,0.5148305892944336,5.866931829245914e-08,0.0011125914752483368,1.2626341003851849e-06,0.00047622056445106864,0.00021685958199668676,7.815611752448604e-05,2.1496889530681074e-05
window-146838074d1bfa16eef5,366_39378_76721,sandwich,sandwich,0.7758446931838989,True,5.67800043427269e-06,3.7593643355648965e-05,9.466154551773798e-06,9.940056600044045e-08,0.000648840272333473,3.5097247064186377e-07,0.21405962109565735,5.529442205443047e-06,1.165382812473581e-08,9.44687781156972e-05,2.1422347344923764e-06,0.00021719231153838336,5.4171998442598124e-08,0.006513980217278004,5.681158199877245e-06,1.0375073543400504e-05,1.2151994965847734e-08,1.6390688415413024e-06,0.7758446931838989,1.5775148298757813e-08,0.0022168527357280254,2.7022170456802996e-07,2.8421209208318032e-05,2.4068123821052723e-05,0.0001290678628720343,0.00014381173241417855
window-946f440e839395d29886,366_39378_76721,sandwich,sandwich,0.8950768113136292,True,0.006937433034181595,0.0005562066799029708,4.627240195986815e-05,1.7528016371670674e-07,0.00016290308849420398,2.4045742975431494e-05,0.09116053581237793,0.002255631610751152,3.881894770074723e-07,0.0009003826417028904,0.000133028908749111,0.0005563273443840444,1.152221011579968e-05,8.258105481218081e-06,4.152214387431741e-06,3.8253980164881796e-05,1.9949395468898956e-09,9.460337423661258e-06,0.8950768113136292,5.3759294793565005e-09,0.00027480683638714254,1.9446333965333906e-07,0.0015616974560543895,0.0002228866796940565,1.3235208825790323e-05,4.5436565415002406e-05
window-e2e9bcc6809a2e4a2ee8,407_55217_107125,sandwich,sandwich,0.8887876272201538,True,2.129074800905073e-06,1.3621025800603093e-06,9.735592776394242e-09,2.0505040083662607e-05,0.00014913744234945625,6.184199264680501e-06,0.03806152939796448,4.964139952789992e-05,1.0293016202922445e-05,4.84681277157506e-06,5.995431706651289e-07,0.016090594232082367,6.66784529812503e-08,5.963438979961211e-06,0.00019064712978433818,4.9731113449524855e-08,4.112392915089913e-08,0.006236630491912365,0.8887876272201538,8.268517603937653e-08,0.012369384057819843,0.005972004495561123,0.025441870093345642,0.00649979617446661,9.610103006707504e-05,2.8720826321659843e-06
window-06ffc06b405d38e8bef3,407_55217_107125,sandwich,sandwich,0.9528985619544983,True,6.555761501658708e-05,6.922005559317768e-05,4.54924844461857e-07,0.000960429897531867,1.4042390830582008e-05,2.161818429158302e-06,0.008388466201722622,0.0006470915395766497,1.2766076906700619e-05,9.75392481450399e-07,8.017186701181345e-07,0.00022406091738957912,5.001332283427473e-06,5.55860742679215e-06,0.0007100176881067455,4.8520427675669e-09,1.3914400653902703e-07,0.005973172374069691,0.9528985619544983,4.1254185134675936e-07,0.005886048544198275,0.004392949398607016,0.018644575029611588,0.0008785056998021901,9.90549597190693e-05,0.00012000165588688105
window-4a0c81676d353f874029,407_55217_107125,sandwich,sandwich,0.9922078251838684,True,1.4310126061900519e-06,3.4129868708987487e-06,4.784112217492975e-09,1.5052206663312973e-06,3.4420192918105386e-08,1.272115014216979e-06,0.0007344088517129421,3.9282735087908804e-05,2.429226526601269e-07,5.091005732538179e-07,1.1440815228525025e-07,0.00025658810045570135,7.424551284884728e-08,4.2199960148536775e-07,0.00036383725819177926,1.5697618205301467e-10,5.804641656226295e-09,0.0006252448656596243,0.9922078251838684,1.0612240686214136e-07,0.0026808292604982853,0.0007857809541746974,4.931902003590949e-05,1.6240095646935515e-05,0.002231389284133911,2.278185036175273e-07
window-e1d31ca04837c8d3161e,407_55217_107125,sandwich,sandwich,0.9932259917259216,True,5.6403314374620095e-06,1.1764399459934793e-05,2.0692784374887196e-08,1.5907344277366064e-06,1.4992542674008291e-06,6.653963737335289e-06,0.005209422204643488,1.1619778888416477e-05,8.700791909177497e-07,1.416394525222131e-06,7.3441819949948695e-06,0.0002240291505586356,6.157406460260972e-07,8.453242799077998e-07,2.3232023522723466e-06,1.635916646591795e-08,1.1440284275465729e-09,0.00020660588052123785,0.9932259917259216,1.0624239266121549e-08,0.0006958855083212256,0.0002443529956508428,8.249277016147971e-05,5.815594340674579e-05,8.168689191734302e-07,3.574397311467692e-08
window-c7640d03c742cc8aac45,434_61676_121244,sandwich,toyplane,0.3692091107368469,False,0.06760192662477493,7.830854156054556e-05,0.0010392263066023588,1.1789476950241351e-08,0.23684555292129517,0.0029404067900031805,0.002040205290541053,0.028717337176203728,1.9669825768175997e-09,0.0008200950105674565,6.56228905882017e-07,0.011331263929605484,4.208469181321561e-05,0.12825947999954224,0.03424926847219467,0.08833285421133041,0.0002806828997563571,0.000727257807739079,0.015706541016697884,1.1175856684531027e-08,1.7352105885493074e-07,9.894534080956419e-10,0.3692091107368469,0.011750124394893646,2.689187749638222e-05,5.577410888690792e-07
window-d8c4ae9f70782693fd3e,592_89292_179219,sandwich,sandwich,0.9811857342720032,True,5.272438284009695e-05,1.6319697806466138e-06,1.0784444270939275e-07,1.8814979796388798e-08,8.552496728952974e-05,2.316567215832066e-10,0.013897153548896313,0.003751354990527034,4.310471410917671e-07,2.4604707959952066e-07,6.447702617151663e-05,0.000346015440300107,3.0882028045908783e-09,5.947188583377283e-06,1.1738298780983314e-05,0.00016935268649831414,6.202042351910464e-11,4.994553250980971e-07,0.9811857342720032,7.823025953257456e-06,0.00026424339739605784,8.355995007036654e-09,0.00014482920232694596,1.012521443044534e-05,6.3370642067184235e-09,5.324881646728841e-10
window-72535c9bce53a60a175a,421_58416_112563,stopsign,stopsign,0.9411221146583557,True,1.1488808837611941e-07,1.1611460681848484e-09,5.4135094844365295e-12,3.1254565602267803e-10,1.6454737572502154e-10,2.4527744280078423e-09,8.945834295559507e-09,5.368342229084e-11,0.00037842962774448097,1.3093807638142607e-07,1.7228767024146663e-10,6.404470553889041e-08,0.03601718321442604,3.5834102618537145e-07,4.3201939803338973e-08,2.455355536945536e-11,0.022478142753243446,1.8445690841417672e-07,6.463093255026919e-11,0.9411221146583557,2.648471886246284e-09,1.9423870867285586e-07,6.526941487283722e-11,8.283132757469502e-08,5.320258011920487e-08,2.814219214997138e-06
window-d2a72175ff2abd78a1c9,421_58416_112563,stopsign,stopsign,0.9572789072990417,True,2.307882107643877e-09,4.542539677743207e-10,2.879537996935966e-10,9.660857530624511e-11,3.799553380257059e-11,4.098310455447063e-07,1.365541360542899e-11,2.346329294050653e-12,0.0028084798250347376,7.439356242144868e-09,2.384937358712591e-09,9.783909860061613e-08,0.0015047152992337942,2.1487858248292468e-07,9.488964518647447e-13,4.861317579496656e-14,0.03832235187292099,8.11159989098087e-05,2.8835156484774416e-11,0.9572789072990417,1.5016748966274057e-14,1.0907653669178785e-09,3.0743571577396267e-10,4.030047762171307e-08,3.672911816465785e-06,2.15821565063834e-08
window-5d8d6852124158444686,421_58416_112563,stopsign,stopsign,0.9996688365936279,True,4.3977110841808553e-10,3.1070298243951466e-12,2.5161914652543915e-13,3.9220970221576223e-13,3.4357867096626755e-15,5.588154383673327e-10,7.071749327618171e-13,1.2438136729343158e-15,8.865957568104932e-08,3.561775874239004e-10,3.690621823448405e-14,2.0475338091685558e-10,3.431345930948737e-06,1.4952523594291556e-11,9.794966182271377e-15,5.222243000825725e-17,0.00032761498005129397,2.852808655973149e-08,2.362570046283291e-14,0.9996688365936279,6.238109665325856e-16,1.652537481855454e-12,3.290628186602973e-12,1.1105425468116437e-09,1.3534197373932244e-10,1.5820955212575427e-08
window-a4de84f13ddea70902de,613_98287_196294,stopsign,kite,0.7780241370201111,False,9.250623378420642e-08,6.584066625237028e-08,1.8498858480597846e-05,1.7203409186095087e-07,2.8815869882237166e-05,1.355545564685201e-09,0.0005442086840048432,1.9245997009420535e-06,3.1847471859691723e-07,1.165865128882615e-07,2.380175487814995e-07,1.8776825072563952e-07,0.002637978410348296,0.7780241370201111,5.152372523298254e-06,1.4726529116160236e-06,4.503546691125848e-08,9.650061860710935e-10,8.953929153676654e-08,0.21873509883880615,2.217630310497043e-07,8.078758106933037e-09,3.3815567235251365e-07,7.461959512511385e-07,2.331663395693795e-08,7.57994556010999e-09
window-615c77fd377696936342,613_98287_196294,stopsign,stopsign,0.9283487200737,True,1.7984761768730095e-07,3.392805865587434e-06,8.831173545331694e-06,1.2755901934724534e-07,0.003496363293379545,2.9038902393807575e-09,0.0014394288882613182,2.2250785036703746e-07,1.293848640671058e-06,1.6031408733852004e-07,1.256631207979808e-07,1.4069763665247592e-07,0.004186031874269247,0.062456898391246796,4.446235470823012e-05,3.325691366740102e-08,8.061144995963332e-08,4.936785202858118e-08,6.796731781832932e-07,0.9283487200737,7.609623025928158e-06,1.874354467190642e-07,2.5241831735911546e-07,4.693332812166773e-06,1.933160298506209e-10,8.424706976484231e-08
window-3897c683fed58aa2e86a,613_98287_196294,stopsign,stopsign,0.9458261728286743,True,2.4927146569098113e-07,2.107664613504312e-06,2.0302459233789705e-05,0.00020788666734006256,0.0016150596784427762,1.089333750314836e-06,0.0003063386247958988,4.700223598774755e-06,1.3343131968213129e-06,1.4930792531231418e-06,5.690892521670321e-07,6.008777290844591e-06,0.0006792091880925,0.044868674129247665,0.006378681864589453,6.882992806822585e-07,7.028949653431482e-07,6.127459073468344e-08,1.5863549833738944e-06,0.9458261728286743,6.128771929070354e-05,2.355621518290718e-06,1.7477310620961362e-07,1.1144814379804302e-05,2.600949455811019e-09,1.98798034034553e-06
window-41a21ec63a96f2697505,613_98287_196294,stopsign,stopsign,0.9408324360847473,True,1.9463946898667928e-07,1.6088328891328274e-07,0.0002794229658320546,1.843815880420152e-06,0.0005762198125012219,9.078462426259648e-08,6.724979903083295e-05,4.504600838117767e-06,3.1336292067862814e-06,1.884996123635574e-07,2.2100273326941533e-06,3.892951281159185e-05,0.003894048510119319,0.0488852821290493,0.005310919601470232,3.7586463008665305e-07,1.0400371763807925e-07,1.0429269003964237e-08,7.292930490621075e-07,0.9408324360847473,9.785058500710875e-05,1.4130920362731558e-06,3.6362678201840026e-07,7.284241405614011e-07,3.578516816205024e-09,1.5023548485260108e-06
window-61b096a51185c5d56d72,491_70260_136776,stopsign,stopsign,0.9999384880065918,True,2.356743476045718e-14,2.352353771842286e-12,1.2450045165548606e-14,5.001378564259125e-16,2.2791222363593988e-05,2.0045355597630987e-07,2.260363920061347e-20,1.710976729715195e-20,8.831958775434856e-11,8.218993519625017e-13,4.3948128285436344e-14,1.8728466240565037e-16,6.649592682039795e-11,1.55609853891292e-08,2.3039071948005585e-06,6.474406785434567e-14,3.6098404962103814e-05,4.494338606922952e-15,2.007221611019545e-20,0.9999384880065918,3.649304233907698e-14,1.5192929936347355e-07,1.0514357396892993e-12,1.6772726870589727e-12,1.53023016480347e-08,5.1908921605559044e-11
window-9210a1ae84d93e66cf51,605_94657_188742,stopsign,stopsign,0.8606623411178589,True,5.005302444387281e-16,3.024730802197312e-13,1.0336225798879273e-11,4.83250064248136e-17,0.13933145999908447,2.2292944379387336e-08,3.4921308913277784e-17,4.4356876104353405e-16,3.4038771801192524e-10,2.118273377614121e-14,1.3431836198840585e-10,1.1346180478445309e-13,1.63787761131573e-10,3.1684119221608853e-06,9.918482390958161e-08,2.7841604889611293e-12,2.797092520268052e-06,2.0971411274217644e-09,2.515000697866812e-16,0.8606623411178589,4.390058466492014e-13,2.281755762112425e-08,1.505690363501344e-07,3.9265726087256425e-12,3.0308022758163133e-08,8.177802185427296e-11
window-479f2b4678e63295d917,558_80581_158315,teddybear,teddybear,0.9992249011993408,True,8.974614615908649e-07,8.748685900172859e-07,9.432874890080711e-07,2.7107489586342126e-09,6.432290433622256e-08,2.4248529850723344e-09,1.991148201341275e-05,0.00032435887260362506,1.347733018519648e-07,8.21286239016672e-09,9.629163438829025e-11,0.00012628409604076296,1.92152265299228e-06,8.667322504152253e-08,2.3239760338356064e-08,7.134720592105737e-10,7.102734844721681e-09,3.948256335206679e-07,2.0023126126034185e-05,6.120889906036098e-11,0.9992249011993408,4.637175834432128e-07,2.4910581487347372e-05,0.0002537292893975973,2.3692383166462605e-08,2.3459003836712178e-12
window-f1d1a0430cab269e4cf1,558_80581_158315,teddybear,teddybear,0.9365367293357849,True,0.00038481561932712793,0.005314087960869074,5.703780516341794e-06,0.0004947767010889947,5.662062676492496e-07,1.628617796178844e-09,0.0006054952391423285,0.05546973645687103,7.635429028596263e-06,2.17396021184868e-08,3.954393150706892e-07,5.527896064450033e-05,3.0057842650421662e-06,2.825406397732877e-07,4.264816482191236e-07,2.178916929551633e-06,1.2500278216975858e-06,3.71053516801112e-07,0.00018049908976536244,3.027314221526467e-08,0.9365367293357849,1.7944104513389902e-07,0.000926960026845336,9.25099266169127e-06,3.399079844257358e-07,6.470828139981677e-08
window-5796eeca4e9a974fd6ba,558_80581_158315,teddybear,teddybear,0.989488422870636,True,2.409572061878862e-06,0.0007507416303269565,2.3484750499846996e-07,1.4410774156203843e-06,3.574425306851481e-07,2.0787214172202084e-09,3.2280480809276924e-05,0.001073908875696361,1.0925840797426645e-05,2.7801092983281706e-07,9.85140104603488e-07,0.0002528209879528731,9.873946282823454e-07,2.624722128530266e-07,4.833349720456681e-08,7.79654840243893e-07,8.304745779952327e-10,1.0380981629865005e-09,1.5405203157570213e-05,3.742530285677503e-09,0.989488422870636,6.439778985622979e-07,0.00836301688104868,4.098843419342302e-06,4.304474288119309e-08,2.8886844027908865e-09
window-2d515a566b57b78f9a45,558_80581_158315,teddybear,teddybear,0.9540299773216248,True,1.0798050425364636e-05,3.809027191437053e-07,0.00022533665469381958,2.0155142976818752e-07,2.943610013517173e-07,1.168478114266236e-08,9.907179628498852e-05,0.016786731779575348,4.4301691559667233e-07,4.6872480652382364e-07,1.0642408199146303e-07,0.022785494104027748,4.0238446672447026e-05,2.3778433387633413e-05,8.194675871209256e-08,3.088588584887475e-07,2.8374583393997455e-07,1.2369214630325587e-07,0.0037883545737713575,5.09173536666907e-11,0.9540299773216248,0.000569869123864919,0.0008536928216926754,0.0007838951423764229,2.231710460876002e-08,2.390710518440642e-09
window-8e7e40aa7de6bc6319b6,435_61906_121528,toilet,toilet,0.9999994039535522,True,1.7612843116203338e-15,3.1177291651141026e-12,2.3250177338951517e-09,1.227755763721916e-08,4.1832262098751016e-08,4.939976760987008e-10,5.410534433675229e-12,5.7213069121187475e-15,9.988752880385476e-11,1.2056087031475649e-11,7.542510366276289e-11,2.832769826002779e-12,5.702554747855082e-12,6.794453187060215e-15,5.239903657638934e-07,2.411563483628587e-11,8.550692272291105e-12,3.0404173102793752e-12,4.389291528980252e-14,2.9270542153264634e-12,1.1690481482168336e-12,0.9999994039535522,2.953398746283832e-17,1.0098779451572781e-12,2.1119756876512852e-13,7.39697694507888e-15
window-31cefa545fe332361fa4,435_61906_121528,toilet,toilet,0.9999918937683105,True,2.8221325152006163e-14,6.156083198760598e-09,9.25815335506286e-09,1.928975201792582e-09,5.203970886213938e-06,6.036006539034133e-07,8.363106214492877e-12,2.1966856231150217e-13,1.4979869433773274e-07,1.38760242407443e-07,3.143411575479149e-08,2.8993529799237194e-10,1.7768703175491396e-11,1.2862199369814697e-13,1.9482238258206053e-06,6.815504324103605e-12,6.523342283015765e-11,1.0626384494560881e-10,3.916516091474753e-13,1.692186668567075e-11,4.7532173509667874e-12,0.9999918937683105,6.708511530165899e-15,1.1586114012640536e-11,2.0348540560877204e-11,3.0213000070528073e-12
window-1cd01b80a7e59368e72b,435_61906_121528,toilet,toilet,0.9999868869781494,True,4.145939640860449e-14,7.863106693539734e-11,2.5991075611186965e-11,9.516525345532045e-10,1.532539641857511e-07,1.0800896177443065e-07,8.410265214288393e-13,2.0547615343279252e-15,4.283034797936125e-07,8.83893402914282e-09,1.5316620860517105e-08,3.160374392741083e-11,2.0485396365343966e-11,1.1570881929264345e-15,1.2362439520074986e-05,7.67507557508651e-10,1.6568811600503608e-10,1.905403439195208e-11,6.016911144671178e-13,6.240380608091289e-12,8.624809308584169e-14,0.9999868869781494,4.304599468029285e-16,9.895949511229407e-12,5.555104445019443e-13,6.594430676434143e-14
window-66833848b3d189b2a529,435_61906_121528,toilet,toilet,0.9999943971633911,True,1.9998886986553888e-13,1.7003982857172195e-12,8.61416771247292e-11,2.604473026135423e-10,6.247538664183594e-08,1.2482670279367891e-11,1.3524854250868829e-13,8.487295542476507e-16,2.2212800487864115e-09,8.610057111724245e-12,1.7889376091595466e-10,2.870610379176325e-13,7.024033590007084e-14,7.108212812213158e-18,5.49120022697025e-06,1.3029992640412047e-09,3.2322313093169006e-14,2.6229628820491346e-14,3.063777462525112e-14,2.650453370233591e-13,1.333203855066788e-14,0.9999943971633911,5.311049111389418e-17,5.6507126451957324e-14,6.62761480150543e-15,7.111389516637606e-17
window-7de744cbb6e7605a8ff0,554_79591_157154,toilet,toilet,0.8821526169776917,True,2.44607665286084e-13,8.332216860917896e-11,0.002468668855726719,0.017514042556285858,1.2804359350582217e-08,2.392152396168967e-07,0.0017300202744081616,9.889813412655712e-10,0.0930999368429184,1.0366325398081244e-07,5.1382598176275e-10,0.0012544672936201096,2.5125273168669082e-06,1.1001906159435748e-06,0.001639905502088368,1.067432364720844e-09,1.2109560998396773e-07,1.6266399338604742e-10,6.272368864301825e-07,7.129377088688216e-09,0.0001303647441091016,0.8821526169776917,2.937418919213286e-10,2.2878403171944228e-07,4.985495252185501e-06,9.274437884343456e-10
window-5936f51f9cf0b2333dea,554_79591_157154,toilet,toilet,0.9943460822105408,True,4.060107590029508e-15,1.9971797549089843e-09,4.4909775169799104e-05,0.0020069368183612823,9.406886647411739e-08,1.9850594412673672e-07,0.00047813710989430547,2.220966466293106e-10,0.0015700807562097907,3.592768109683675e-07,1.880502698003994e-11,0.0004743293102364987,3.3365355989189993e-07,1.638382514101977e-07,0.0006750155007466674,2.9984847937924997e-11,4.981921541968859e-09,8.87066253785207e-11,5.154617355174196e-08,1.8092053410967424e-09,0.0004028489929623902,0.9943460822105408,9.24756451969877e-11,2.854453668987844e-07,1.6633264010579296e-07,2.853545733039198e-10
window-fdf578fbb6ecf54faa5c,554_79591_157154,toilet,toilet,0.9615874290466309,True,6.183424371218171e-15,3.998604825028451e-08,0.011496561579406261,0.014840740710496902,1.2791613244189648e-06,1.7862603272078559e-06,0.0038701060693711042,2.800034692995723e-08,0.0023044170811772346,6.121148032889323e-08,1.9329453593286416e-09,0.0030188194941729307,1.2998814327147556e-06,2.869508648473129e-07,0.0023771184496581554,4.997589009292369e-10,2.4293633771321765e-09,2.1947634820662643e-09,1.1465770057839109e-06,1.1371351638089777e-09,0.0004957627388648689,0.9615874290466309,1.5517727380842672e-10,1.6206935242735199e-06,1.4242857560020639e-06,1.832359264319905e-10
window-2da1a1c3d1ce74d7ea61,554_79591_157154,toilet,toilet,0.9982233643531799,True,1.0762843996621469e-18,2.3078858268910096e-11,4.3041478647865006e-07,4.9110400141216815e-05,1.7628717929873972e-10,1.6917687251094549e-09,1.9125703687450368e-08,1.357185739660205e-12,0.00172344408929348,1.4254404601121706e-10,9.006006118812693e-13,2.357754169679538e-07,1.4427252725823791e-09,1.2713508024120301e-10,3.225006366847083e-06,3.9059315677658635e-12,9.481391366472636e-13,3.696001024764556e-13,7.517003686174917e-11,9.033968018101746e-12,1.4729214115050127e-07,0.9982233643531799,5.436070972704432e-13,6.949080244567085e-08,2.5539648174088825e-10,2.1209668136373816e-12
window-e1bbeb5d18be97abfc02,580_86025_168884,toilet,microwave,0.9653645753860474,False,2.973219537238947e-08,8.472940180581645e-07,0.00919591449201107,4.3497525581415175e-09,0.010165299288928509,3.650402868515812e-05,0.002247394761070609,5.2606816680622615e-09,4.0713610260922906e-10,2.227497134299483e-06,0.005484489258378744,0.0015859161503612995,1.4546175464147382e-07,0.003024653298780322,0.9653645753860474,0.0002578354033175856,0.0016945882234722376,1.7531670891912654e-05,0.0002511833736207336,0.0001531298621557653,1.1077121442326643e-08,0.00017400058277416974,3.1455208954866976e-05,0.0003120189649052918,2.5292860073022894e-07,5.809725270311539e-11
window-2572914c25b8869c4782,377_43572_86795,toyplane,toyplane,0.9894056916236877,True,3.928355909010861e-06,7.74663840275025e-06,1.9153083485434763e-05,4.7066237129911315e-06,0.0005647609359584749,7.152805210353108e-07,0.0009859106503427029,3.243863375246292e-06,9.160812197706036e-08,0.0018101767636835575,4.4187720504851313e-07,0.0009089614613913,4.107004514253276e-09,0.00010622519039316103,3.3170294955198187e-06,0.0022147202398627996,2.002720066229813e-06,1.4806277022216818e-06,0.001368027413263917,9.100034503717325e-08,7.966194971231744e-05,6.256852884689579e-07,0.9894056916236877,0.0024654960725456476,3.481918975012377e-05,7.95377854956314e-06
window-5d9d6ae77f5ffec61d53,377_43572_86795,toyplane,toyplane,0.9550527930259705,True,1.7916710930876434e-05,7.938366616144776e-05,0.0001665217278059572,3.1654730264563113e-05,3.1625520932720974e-05,2.496587512723636e-06,1.6101874280138873e-05,2.3090981358109275e-06,2.752788397231143e-08,0.0016950748395174742,2.5551818794156134e-07,0.01894383318722248,1.5021797139525006e-07,0.0016366051277145743,6.812742867623456e-06,0.0061937603168189526,1.6688754840288311e-06,3.455226033111103e-05,0.00022643973352387547,1.8213093255781132e-07,0.013737219385802746,2.694558531857183e-07,0.9550527930259705,0.0015061635058373213,0.00030704072560183704,0.00030909819179214537
window-74a26c664303a32301df,377_43572_86795,toyplane,toyplane,0.6054401993751526,True,0.0017091177869588137,0.000764748256187886,0.0002568480558693409,0.0008406393462792039,0.0008275188156403601,3.774075594265014e-06,0.004069499671459198,2.2558406271855347e-05,4.0252907638205215e-06,0.008539573289453983,3.400210334802978e-05,0.01414242573082447,1.0077228580485098e-06,8.830213482724503e-05,0.00020451853924896568,0.06367353349924088,6.237283969312557e-07,0.002430872991681099,0.05978981405496597,1.3419835340755526e-05,0.22025644779205322,4.980819994671037e-06,0.6054401993751526,0.0003906131023541093,0.010076952166855335,0.006414010189473629
window-5f893c8b507218ffc30f,377_43572_86795,toyplane,toyplane,0.9432255029678345,True,3.018126699316781e-05,0.0001377092848997563,2.614595359773375e-05,0.0006092235562391579,0.0011928235180675983,2.4507905891368864e-06,0.00029624352464452386,2.2281005840341095e-07,4.21617869506008e-08,0.01428831648081541,8.669028943586454e-07,0.002895073499530554,5.152758149051806e-07,6.404400483006611e-05,4.3486525100888684e-05,0.0004744445614051074,1.1188176074483636e-07,0.0001517304772278294,0.01067754440009594,8.115144396469987e-07,0.01987372897565365,1.051315052791324e-06,0.9432255029678345,0.005221324972808361,0.00016228425374720246,0.0006242195377126336
window-f67ba2917e523e50b777,405_54171_105570,toyplane,teddybear,0.6371317505836487,False,0.00024815776851028204,0.25422215461730957,0.0031477713491767645,1.172593329101801e-06,0.019367951899766922,8.629051535535837e-07,0.0001921570801641792,0.0016960244392976165,1.3408635979317296e-08,0.0009713454055599868,0.00026708305813372135,0.00010858396854018793,1.4013822692504618e-05,0.0020668606739491224,2.3138669348554686e-05,0.007939712144434452,7.295313935173908e-06,0.0001847602252382785,1.8657576219993643e-05,5.176725153432926e-06,0.6371317505836487,1.1783502486650832e-05,0.07220017164945602,0.00016857942682690918,4.541119267287286e-07,4.315982550906483e-06
window-022e7e634502d343b39b,405_54171_105570,toyplane,toyplane,0.9790374040603638,True,6.580769422726007e-06,0.0021594148129224777,0.003432060591876507,0.000101138670288492,0.001002771663479507,9.13569635940803e-07,0.00012221276119817048,0.0004763101751450449,1.636683191463817e-05,1.4975697922636755e-05,2.1183648641454056e-05,0.0023844509851187468,0.00013005586515646428,0.007823653519153595,1.0556146889939555e-06,0.00022112764418125153,1.2302271898079198e-05,2.2793124117015395e-06,0.00015237645129673183,9.386843885295093e-05,0.0025992451701313257,5.023720746066829e-07,0.9790374040603638,0.00012511370005086064,1.212730785482563e-05,5.0549973821034655e-05
window-ae57245b31743478679e,405_54171_105570,toyplane,toyplane,0.9020918607711792,True,0.005806555971503258,0.05053180456161499,0.0019891762640327215,0.006494230590760708,0.00273576145991683,8.499660907546058e-05,0.002296535298228264,0.00900918710976839,7.949536666274071e-05,0.00010815937275765464,2.3031832370179472e-06,0.0009620549972169101,0.0017553898505866528,0.009645630605518818,2.007523789870902e-06,0.0024060839787125587,2.76870264315221e-06,7.599627451781998e-07,0.0012778681702911854,4.671241549658589e-05,0.00045447921729646623,1.4733230955243926e-06,0.9020918607711792,0.0018822476267814636,6.4526698224653956e-06,0.00032609186018817127
window-8e2f6f74a6fef722f2c3,405_54171_105570,toyplane,cup,0.4916733503341675,False,8.067967428360134e-05,0.28056517243385315,0.015284571796655655,0.0002829890581779182,0.06933417916297913,8.906054972612765e-06,0.005518592894077301,0.004052152391523123,4.411986083141528e-07,0.4916733503341675,1.919975375130889e-06,6.298106569602169e-08,0.00019125612743664533,0.0006730402237735689,1.0609027185637387e-06,0.09654620289802551,0.00010167789878323674,1.1409640876536287e-07,6.891592784086242e-05,0.00010702355939429253,1.1727851415344048e-05,4.923510914522922e-06,0.024686086922883987,0.010049811564385891,5.6254568335134536e-05,0.000698915624525398
window-1d97804ba0f5bb87f0d1,414_56924_110362,toyplane,toyplane,0.9777029156684875,True,1.0293953245366083e-08,5.755766324000433e-06,3.915752131433692e-06,6.660877716058167e-07,1.0702366353143589e-06,9.188438809815125e-08,2.9153134164516814e-05,1.976833061689831e-07,5.446293653221801e-05,0.002995434682816267,1.3744715088304105e-10,0.003649866906926036,9.377616017047785e-09,0.007939349859952927,2.2371932573150843e-05,4.222370989737101e-05,8.437588405740826e-09,0.00034085792140103877,1.1488715244922787e-05,4.0633082676322374e-08,0.00075203349115327,1.2543073353299405e-06,0.9777029156684875,0.0001221756829181686,6.0311344896035735e-06,0.006318661384284496
window-03a7033dc82da3c92459,414_56924_110362,toyplane,toyplane,0.9802402853965759,True,3.1065661154627833e-10,1.9586068447097205e-06,7.396115688607097e-05,1.962876740435604e-05,1.3662746596310171e-06,7.031657478506759e-09,6.531526014441624e-05,7.405597898468841e-06,0.00924624688923359,1.802443989618041e-06,1.3707387447325914e-09,0.002804296091198921,3.254751561598823e-07,0.006439816672354937,4.7765024646651e-05,6.712602498737397e-06,4.7186105689434044e-08,1.0537328307691496e-05,2.2730129785486497e-05,1.292741558245325e-06,0.0006743381964042783,2.4118341457324277e-07,0.9802402853965759,0.00032857820042409003,5.21317247148545e-08,5.257378234091448e-06
window-d8a91e49142c173bba07,414_56924_110362,toyplane,toyplane,0.8740348219871521,True,1.7761502490998282e-08,9.600628345651785e-07,0.0033645504154264927,1.7664389133642544e-06,8.916786100598983e-06,1.69667671912066e-07,0.0007120053051039577,5.5328553571598604e-05,0.09063202142715454,2.1476698748301715e-05,1.5633230265876819e-09,0.008013888262212276,3.8810676414868794e-06,0.017060324549674988,3.572521745809354e-05,7.292988811968826e-06,6.743091063299289e-08,0.003260349854826927,6.949517410248518e-05,7.343405741266906e-06,0.002191855339333415,5.767169000137073e-07,0.8740348219871521,0.0003062158066313714,2.4291757654282264e-06,0.00020862228120677173
window-fa746bd0524db90fe773,414_56924_110362,toyplane,toyplane,0.7856658697128296,True,2.2003273443260696e-06,0.007507217116653919,2.5727031243150122e-06,3.7466611502168234e-06,3.122299676761031e-05,1.568992593092844e-05,0.06729965656995773,3.082192961301189e-06,6.920000305399299e-05,0.001258724951185286,8.196320067099805e-09,0.0019299868727102876,0.0004336740239523351,2.9287029974511825e-06,0.0011183501919731498,0.00011080719559686258,0.00018741321400739253,0.007023228798061609,0.0015896979020908475,1.5008003728667063e-08,0.03559565916657448,0.00011406823614379391,0.7856658697128296,0.08498630672693253,0.0007874626899138093,0.004261178895831108
window-f72796ee24cd8056a767,563_81055_159564,toyplane,toyplane,0.9602205753326416,True,0.00014935007493477315,5.2315504035505e-06,3.0393221095437184e-05,5.26081130374223e-05,2.72264896921115e-05,9.605867035133997e-07,1.1460063433332834e-05,2.4101604140014388e-05,3.255620697473205e-07,8.192059794964734e-06,1.4437405297940131e-05,7.627094601048157e-05,5.539676717347675e-09,1.6086654852642823e-07,6.507912542197403e-10,0.0011913240887224674,2.1575925046590783e-08,1.8913631720351987e-05,0.0002330005809199065,6.266566154877751e-10,6.363620741467457e-07,2.0815404511154156e-08,0.9602205753326416,0.037923697382211685,1.490387546709826e-08,1.1097997230535839e-05
window-8d015bc5f63c41ab9278,563_81055_159564,toyplane,toyplane,0.7022457122802734,True,0.004618268925696611,0.005483184941112995,0.0005880410899408162,0.0017681284807622433,0.00017160209245048463,2.2162776076584123e-05,0.0003079571179114282,0.003581893164664507,2.1337669409149385e-07,7.046943210298195e-05,3.426515104365535e-05,0.0001370522368233651,5.926421181357e-06,3.7855263599340105e-06,2.2803415049565956e-06,0.2356741726398468,2.0189397673675558e-06,0.00020018932991661131,0.0007826421060599387,7.428747750282128e-08,1.4384162568603642e-05,2.287894744767982e-07,0.7022457122802734,0.0441298633813858,3.3062267903005704e-05,0.0001223969884449616
window-581e6fc71503f048fea3,563_81055_159564,toyplane,mouse,0.7616726756095886,False,0.04037356376647949,0.006844108924269676,0.00010669623588910326,0.00028082862263545394,0.0013217009836807847,2.0089870304218493e-05,0.00338202016428113,0.00035499996738508344,2.2182152292771207e-07,5.366083132685162e-05,6.730370660079643e-05,0.0682721808552742,2.7817452519229846e-07,3.092680117333657e-06,2.747802454905468e-06,0.7616726756095886,1.6031435734475963e-07,0.0036340919323265553,0.0012552248081192374,2.2658173293166328e-07,0.002052261494100094,2.3647011460070644e-07,0.09475653618574142,0.015065587125718594,2.023259071393113e-07,0.00047935210750438273
window-42c0eca1c3bf47c1d084,563_81055_159564,toyplane,toytruck,0.834690511226654,False,0.0009354452486149967,0.00011048143642256036,0.00037421341403387487,2.245346649942803e-06,5.913892891840078e-05,4.216454271954717e-06,0.0007592831971123815,6.937416037544608e-05,6.60742224822819e-11,3.557842092050123e-07,2.9869213449273957e-06,1.2228339301145752e-06,2.0775361520009028e-07,2.790738307112406e-08,4.937002699989534e-07,0.0014218820724636316,4.6898662731109653e-07,2.1916135040100926e-07,0.0007031208369880915,7.707790516953139e-10,1.2579719168570591e-06,2.2141129818464833e-07,0.1600751280784607,0.834690511226654,8.443772117061599e-07,0.0007867100066505373
window-97845cd8d864c1a05d03,610_96544_193198,toyplane,toyplane,0.9710202217102051,True,5.101227361592464e-05,2.0521511032711715e-06,0.0009433114319108427,1.8379231505605276e-06,0.0002374220493948087,5.966981769800483e-11,1.2745559843096999e-06,0.002014209283515811,9.226000408091295e-09,9.722366485220846e-07,1.404313962893866e-07,6.009645403537434e-06,5.039331729683738e-10,2.634695192682557e-06,1.0068542666274993e-09,0.008447685278952122,1.4755420219003668e-09,4.6500492345558087e-08,0.00018855139205697924,7.561658521559877e-10,3.888524133799365e-06,2.0805847322780124e-10,0.9710202217102051,0.01707836240530014,4.6207912873796886e-07,1.1891287066134737e-08
window-65b2308abee1b32878a8,610_96544_193198,toyplane,toyplane,0.9645955562591553,True,0.00038703405880369246,8.241947284659545e-07,0.0002479695831425488,9.405734999745619e-07,1.366306150885066e-05,8.919674598928395e-08,1.2378783139865845e-05,0.002419586991891265,5.689395266017527e-08,3.07906680063752e-06,6.963224441491889e-10,1.936173475769465e-06,9.991810401288603e-08,6.764418358784496e-09,4.923502161524596e-10,0.00011078733223257586,3.3239193726330996e-06,2.6843576961255167e-06,0.008846895769238472,7.880223051870416e-08,0.0003582177741918713,2.289231915142409e-09,0.9645955562591553,0.02272477000951767,5.5749671545868296e-09,0.0002699630567803979
window-fc28e6c5bd183e69dd2c,610_96544_193198,toyplane,toyplane,0.7013492584228516,True,0.004264389630407095,0.0012698472710326314,1.1450192687334493e-05,1.0899701692324015e-06,3.3498511129437247e-06,1.4961550732550677e-05,3.206065593985841e-05,0.011728442274034023,8.276499485759814e-09,4.216271554469131e-05,7.054434263409348e-06,5.609000800177455e-05,0.005838320590555668,9.415671797796676e-08,2.5089234509390046e-11,4.4900385546498e-05,2.9139391344301657e-08,0.17664779722690582,0.0013563820393756032,1.5839376033000008e-07,8.964465814642608e-05,7.284278041863601e-11,0.7013492584228516,0.04348422959446907,4.114683260780794e-09,0.05375825986266136
window-5c1e029e16f1306c0b5a,610_96544_193198,toyplane,toyplane,0.9993051290512085,True,1.4381450341716118e-07,4.109456952505752e-08,4.233234449202428e-06,8.37881053428191e-09,9.155430689133937e-07,4.80150530446366e-10,7.355328790481508e-08,2.5659467155492166e-06,2.5610349396743004e-08,2.7505976163411106e-07,6.173688643640318e-11,6.507567462676889e-08,3.104993595570704e-08,6.341420721867053e-10,1.3881224728701236e-12,4.0014703017732245e-07,9.599819605909943e-08,2.2290769265964627e-05,1.3788803698844276e-06,3.833149631038424e-10,1.3645690160046797e-06,6.175110769945924e-12,0.9993051290512085,0.0006540983449667692,1.7257466289333223e-10,6.7846667661797255e-06
window-f6dd367978e7dc32f5e3,610_97151_194921,toyplane,baseballbat,0.29947546124458313,False,5.156020961294416e-06,3.1127925467444584e-05,0.29947546124458313,1.836721094150562e-05,0.04497002065181732,0.010325608775019646,5.3872117860009894e-05,0.00014059810200706124,0.011598863638937473,0.02016781084239483,0.06373932957649231,1.7787449905881658e-05,0.009905083104968071,0.10000386089086533,0.08787323534488678,0.09910542517900467,0.1839071810245514,0.0035407275427132845,0.0001709546340862289,0.0627300813794136,1.5361609257524833e-05,0.001440145424567163,0.0007015924784354866,4.173854540567845e-05,7.530315571102619e-08,2.0592657165252604e-05
window-4d9b38cd3c5115516010,610_97151_194921,toyplane,parkingmeter,0.32071250677108765,False,3.6226997508492786e-06,0.0006047564093023539,0.17146648466587067,2.0580342606990598e-05,0.17511369287967682,0.006191951688379049,0.0006499573937617242,1.0478041076567024e-05,0.012349327094852924,0.006759752985090017,0.08512704819440842,4.8961351239995565e-06,0.0028311712667346,0.0018326754216104746,0.16292428970336914,0.03061804361641407,0.32071250677108765,0.013941017910838127,0.0006900322623550892,0.0011174558894708753,0.00039115664549171925,0.0015210629208013415,0.0009404260781593621,0.004177181050181389,3.988904850871222e-08,2.822237377131387e-07
window-210425fc059ae25ab208,610_97151_194921,toyplane,microwave,0.4960406422615051,False,5.876386808267853e-07,5.026033250032924e-05,0.34816476702690125,7.858732715249062e-06,0.06192828714847565,0.00016383982438128442,4.576801018174592e-07,4.497127065405948e-06,0.012509153224527836,0.005785087123513222,0.006933453027158976,7.482074693143659e-08,6.367893092829036e-06,0.0016910749254748225,0.4960406422615051,0.005249768495559692,0.024984173476696014,0.00017597891564946622,2.6294153485650895e-06,1.2676803635258693e-05,8.874645573087037e-05,0.03574042394757271,0.0004420765326358378,1.7070709873223677e-05,2.3752122491060845e-09,6.703920973905042e-08
window-9363577b4b2797dc69b4,610_97151_194921,toyplane,microwave,0.7819364070892334,False,1.1591721360559859e-08,6.5822378019220196e-06,0.02987041138112545,3.990585355495568e-06,0.001354121370241046,4.021805216325447e-05,9.217494607582921e-07,1.7259760625165654e-06,0.07955209910869598,0.0003879106370732188,0.004778026137501001,4.786636509379605e-07,0.00013736319669988006,0.0011403769021853805,0.7819364070892334,0.011351107619702816,0.007053381763398647,9.386717283632606e-05,3.3990730230470945e-07,0.0002275919250678271,5.866001811227761e-05,0.08131619542837143,0.0006865593022666872,8.541357487956702e-07,8.407461109527503e-07,1.1638710439854094e-08
window-fa27113929cb9eb93eb3,392_47497_94469,toyplane,toyplane,0.9793141484260559,True,6.904611836944241e-06,0.0001247706968570128,8.432892173004802e-06,5.223194420977961e-06,6.102842235122807e-06,2.209567284694458e-08,0.009958998300135136,0.0008771706488914788,4.953828351972334e-07,0.00037514977157115936,8.221380767281516e-07,0.0007423890638165176,1.6645033795725794e-08,0.0012918016873300076,2.495362650734023e-06,0.00031312834471464157,1.001317917470601e-09,9.879228855425026e-06,0.003402895526960492,3.499218621527689e-07,0.00275015807710588,1.293594653617447e-08,0.9793141484260559,0.00010801495227497071,0.0006896774284541607,1.0916429346252698e-05
window-98fa7da3995ff426d3c6,392_47497_94469,toyplane,toyplane,0.6113647818565369,True,0.00011426971468608826,0.0012076334096491337,0.004025414120405912,0.0019730946514755487,0.0005246588261798024,5.892366516491165e-06,0.0421614944934845,0.008293676190078259,2.6557913770375308e-06,0.04756003990769386,3.9962765185919125e-07,0.004988940432667732,9.645075351727428e-07,0.01946472004055977,0.0003816923126578331,0.0017376284813508391,4.840096323732723e-08,0.0016134396428242326,0.003502627369016409,9.224220320902532e-07,0.016963662579655647,5.449899163068039e-07,0.6113647818565369,0.23266424238681793,0.0005390848964452744,0.0009074460249394178
window-7d77e0e236ade545cdc0,392_47497_94469,toyplane,toyplane,0.6056085824966431,True,2.9642164008691907e-05,0.0034373286180198193,0.0014573163352906704,0.02915973961353302,0.007024284452199936,2.0470693016250152e-06,0.0017147759208455682,0.05799972265958786,6.798446520406287e-06,0.007152115926146507,6.752130957465852e-06,0.0018715487094596028,1.350216933815318e-07,0.011461783200502396,5.444058115244843e-05,0.037622809410095215,1.7360176229885838e-07,7.750298391329125e-05,0.04795851558446884,8.346437425643671e-07,0.003969471901655197,4.6609923742835235e-07,0.6056085824966431,0.11446802318096161,0.06872264295816422,0.0001925914257299155
window-949fe00ef3dac57e0b96,392_47497_94469,toyplane,toyplane,0.7190349102020264,True,5.887658971914789e-06,0.0002608618524391204,0.0002584365429356694,0.00031906034564599395,6.644362292718142e-05,3.455921770978421e-08,0.001523603335954249,0.005169771146029234,1.4031118098500883e-06,0.002662492683157325,1.7780181451598764e-06,2.8254431526875123e-05,2.2632966079072503e-07,0.0007117983186617494,9.553442396281753e-06,0.0003045375051442534,4.838986100708098e-09,5.693102025361441e-07,0.0011570574715733528,1.1242378832321265e-06,0.0005623811739496887,7.53669951336633e-07,0.7190349102020264,0.26785415410995483,3.504940832499415e-05,2.9710012313444167e-05
window-2172edd3065dfee25f7d,540_78942_152953,toyplane,carrot,0.3600168526172638,False,0.007251929026097059,3.8854774174978957e-05,0.005349965766072273,3.9984871591514093e-07,0.0001382376067340374,3.927300085138086e-08,0.0026349618565291166,0.3600168526172638,1.6940972236145768e-10,0.0002620557206682861,0.0011068357853218913,0.0002640552702359855,4.355644705356099e-06,0.0020903805270791054,1.4336254707814078e-06,0.3499991297721863,2.0492296243901365e-05,0.19459161162376404,9.210314146912424e-07,6.556076515007447e-11,2.4343871700693853e-06,1.7457593530501025e-12,0.07617978006601334,1.5585910659865476e-05,9.488006980973296e-06,2.0260449673514813e-05
window-d78186365a20c984c672,386_46250_92251,toytruck,toytruck,0.9485408663749695,True,4.9701257012202404e-06,1.6814296031952836e-05,7.025561353657395e-05,6.208638660609722e-05,0.00030099632567726076,1.5317740690079518e-05,0.036288052797317505,0.00088507030159235,0.0006570954574272037,6.937052239663899e-05,1.4284309145295992e-05,0.00039960199501365423,0.002428716979920864,3.6992228160670493e-06,0.0025942621286958456,1.4267699043557514e-05,2.9402923246379942e-05,3.3587071811780334e-05,0.0006037788116373122,3.7876932765357196e-05,0.0032188838813453913,7.664931217732374e-06,0.0037025355268269777,0.9485408663749695,1.3888644900816871e-08,5.50591266801348e-07
window-5c69b75f9bfc5dfd4b79,386_46250_92251,toytruck,toytruck,0.9671663641929626,True,2.617140353322611e-06,2.602877657409408e-06,4.041160718770698e-05,0.0003547199594322592,0.00023170818167272955,4.542974920695997e-07,0.004456805996596813,0.00019844791677314788,9.540750761516392e-05,0.00028563395608216524,2.228538960480364e-06,0.0001991668832488358,8.864726623869501e-07,1.5487671589653473e-08,0.025594335049390793,1.8273964315085323e-06,7.509940473937604e-07,3.964314601034857e-06,0.0009551106486469507,2.3761559475588e-07,0.0003150978882331401,8.360049719158269e-07,9.037274867296219e-05,0.9671663641929626,3.8830986426319214e-08,1.3953355804119383e-08
window-d1a11101fa3a7b106a86,386_46250_92251,toytruck,toytruck,0.9692553877830505,True,1.325666016782634e-05,2.0770748960785568e-06,5.506609522853978e-05,0.0005145950708538294,4.884710051555885e-06,8.002031790965702e-06,0.023361558094620705,0.0014938696986064315,0.0003957556909881532,0.0004334585682954639,9.011103429656941e-06,0.00018077755521517247,3.935805580113083e-05,1.0290359568898566e-06,0.0006688061985187232,3.70414782082662e-05,7.676688255742192e-05,2.786607637972338e-06,0.00030978003633208573,3.1848389880906325e-07,0.0019122962839901447,5.8461460866965353e-05,0.0011228073853999376,0.9692553877830505,4.770422634692295e-08,4.262066067894921e-05
window-57cb602480c6861faa6a,386_46250_92251,toytruck,toytruck,0.7559497356414795,True,2.215664972027298e-05,9.641073847888038e-05,0.0035751231480389833,0.03929992392659187,0.0002756163012236357,4.9475973355583847e-05,0.0026221058797091246,0.02884899638593197,0.00029188767075538635,0.01716356910765171,3.153416400891729e-05,0.005293004214763641,0.0001377192820655182,0.00014446461864281446,0.08370701223611832,0.0012286198325455189,0.0023661938030272722,3.4218439850519644e-06,0.002242232672870159,6.051318268873729e-05,0.005222834646701813,2.723638499446679e-05,0.05127876624464989,0.7559497356414795,1.533994122837612e-07,6.127286906121299e-05
window-f270029af6e0be7199ce,403_53193_103795,toytruck,toytruck,0.7826684713363647,True,1.448318380425917e-05,0.019656889140605927,2.1606310838251375e-06,4.7011003516672645e-06,7.362800261034863e-06,5.4147295536211004e-09,0.015447168610990047,0.0063967532478272915,8.348995095275313e-08,0.0016202024416998029,5.0250146159669384e-05,0.00034443041658960283,8.775808237260208e-05,0.004353506490588188,8.712268595445494e-08,0.00028664470301009715,3.97462690671091e-06,4.6177436161087826e-05,4.8477231757715344e-05,2.3456626863094243e-08,0.15589243173599243,3.095284455412184e-07,0.012811833061277866,0.7826684713363647,0.0002443636767566204,1.1437338798714336e-05
window-b553c5d75b0b197853e2,403_53193_103795,toytruck,toytruck,0.9932315349578857,True,2.3089410206011962e-07,0.004774135537445545,1.2329299181601527e-07,1.2348104064585641e-05,1.059186427454506e-08,3.4818078975540345e-11,5.676989530911669e-06,3.974970240960829e-05,3.606714216175533e-08,3.695720442919992e-05,5.943134873120925e-11,9.423296432942152e-05,2.7128495005968034e-08,0.0011305842781439424,3.3913545394170796e-07,8.142368460539728e-05,6.017089759779992e-08,2.024454488491756e-07,3.5263602171653474e-07,3.801441827988583e-09,6.608956755371764e-05,9.058764849356749e-10,0.0005079457769170403,0.9932315349578857,1.7867485439637676e-05,1.2924567727168323e-07
window-57586ad4c83f0eb8e946,573_83719_165724,toytruck,baseballbat,0.9568428993225098,False,5.621397747290757e-08,4.360552793514216e-06,0.9568428993225098,4.371248607526468e-08,3.618401578364683e-08,8.21829058392275e-15,1.2032603212419613e-11,3.019081162847215e-08,1.3740008242280055e-08,1.2646033553664893e-07,7.162416437722641e-09,1.2803683603124227e-05,3.80035514169208e-09,4.7169905315058713e-08,3.928346643533587e-07,0.0003943693882320076,2.94860691418819e-10,3.4549075297700405e-13,4.323812974327268e-10,5.689135794406663e-12,9.396470801448231e-08,3.615981825078052e-07,0.0015198256587609649,0.04122445732355118,1.2116414981251135e-14,7.083745008217186e-15
window-8b414f33a9e850218b7b,573_83719_165724,toytruck,handbag,0.7728517055511475,False,6.404497487899619e-10,5.924550805502804e-07,5.850225352332927e-05,0.00015521117893513292,1.7000796788124717e-06,1.8264151080416013e-08,0.00011371227446943521,4.117442831130802e-09,5.068950940767536e-06,7.023735633993056e-06,1.4115617887000553e-05,0.7728517055511475,3.5194178682473876e-09,5.193326160224387e-06,0.003317355876788497,2.8539184313558508e-06,2.7803317426133844e-09,2.6159055824259703e-11,0.1991407573223114,1.3721905816055369e-06,0.0012185070663690567,2.3809603590052575e-05,0.0022219547536224127,0.020860549062490463,1.8665053946875787e-09,1.971682799667418e-12
window-02caae0df423b165e26c,573_83719_165724,toytruck,baseballbat,0.7514556646347046,False,1.785162112355465e-06,2.0832020553029906e-08,0.7514556646347046,3.016307630332449e-07,1.425317752712374e-09,2.0339552264658778e-08,1.4019174443546945e-07,1.843722827743477e-07,6.025223910910427e-07,3.413767615256802e-07,0.0002700848854146898,0.004676483105868101,9.137305356787806e-10,1.875896123237908e-05,4.6026019617784186e-07,4.728079829874332e-07,6.216143710879862e-10,1.7482845726668472e-10,0.005898462142795324,7.099915766417553e-09,2.781803459583898e-06,2.3935642357031384e-09,0.007733362261205912,0.22994005680084229,7.464403227464e-12,1.0291747922636096e-12
window-e80c1eb4848f570cd923,573_83719_165724,toytruck,toytruck,0.9679756760597229,True,8.04490525752044e-07,3.421606379561126e-05,0.00015405549493152648,6.2674312175659e-06,7.361398957073106e-07,5.26788301868919e-09,2.0581644548656186e-06,5.586188223105637e-08,1.59985164005505e-10,4.8002398216340225e-06,3.90167997466051e-07,5.640373728965642e-06,2.8061676857760176e-06,7.268635471291418e-08,5.1888957131041025e-08,8.657063972350443e-07,6.5051777298208435e-09,2.5186569843627105e-11,4.860959597863257e-05,1.1765600993474123e-10,3.700723254951299e-06,5.241170830672104e-10,0.031759198755025864,0.9679756760597229,2.6586074921425285e-12,6.361704132235024e-12
window-d554bcac3f55cd10d728,339_35091_63095,umbrella,chair,0.841820240020752,False,8.718045592104318e-07,5.750558074169021e-08,0.0013192164478823543,0.0031844552140682936,5.823926403536461e-05,8.685249781592574e-07,5.279641754896147e-06,2.9343610208343307e-07,0.841820240020752,0.11689092963933945,8.662625532451784e-07,0.00012542842887341976,2.6940705666333997e-08,9.016333933686838e-05,9.330219086223224e-07,0.011917064897716045,2.426607892402899e-08,0.0008437890210188925,0.0027123969048261642,2.377655192731254e-07,1.7998427210841328e-05,2.5787579943425953e-05,6.927711638127221e-06,5.159855049896578e-07,0.020977305248379707,1.0006894868297422e-08
window-b288be33e9c12487f75a,339_35091_63095,umbrella,umbrella,0.9957362413406372,True,5.8955613724265277e-08,9.197011968353763e-05,0.002248807344585657,0.0006676916964352131,1.806520958780311e-05,9.286809188324696e-08,3.270314863357271e-08,1.8208858421076002e-07,8.859943773131818e-05,0.00012265003169886768,2.843826791831816e-07,0.00010312549420632422,1.2216293081290797e-11,0.00011182354501215741,3.572237972093717e-07,1.8332135368837044e-05,5.0521538064174365e-09,2.290417739914119e-07,1.1149055580972345e-06,1.266090149387722e-10,0.0005160298896953464,1.0781315040730988e-07,7.218455721158534e-06,0.0002669418172445148,0.9957362413406372,9.748953999633159e-08
window-79dbeebe1670f79a4a4b,339_35091_63095,umbrella,umbrella,0.9345653653144836,True,9.547940038601155e-08,0.0006930245435796678,0.0013501138892024755,0.061474189162254333,1.8507895219954662e-05,4.331453055783641e-06,5.022919857822217e-10,4.76396489830222e-05,1.7924530766322277e-05,1.3626591680804268e-05,7.388283120235428e-05,0.0007558512734249234,1.1903955510206288e-06,0.0002775230095721781,1.2489464324971777e-06,0.0005950267659500241,2.0114407917048993e-08,2.297522223670967e-05,7.158773485116399e-08,3.7643530959030613e-07,1.3979295090393862e-06,2.904884333077007e-08,7.698690751567483e-05,8.06772368378006e-06,0.9345653653144836,5.263782441033982e-07
window-039f41ad94e5ade1de1d,339_35091_63095,umbrella,umbrella,0.7720120549201965,True,3.6327306588646024e-05,1.3101416698191315e-06,0.017617808654904366,0.11662676930427551,1.4315480711957207e-06,1.4390086278126546e-07,2.5822084808169166e-06,1.6516599643523477e-08,0.050433672964572906,4.1196752135874704e-05,1.5462319424841553e-08,3.0644940125057474e-05,1.9906794932467164e-06,2.495808257663157e-05,1.298380630032625e-05,0.0025911584962159395,1.2131248467994737e-06,0.04029485210776329,0.0002269575634272769,4.69682981929509e-06,1.5628627352270996e-06,3.3648522190787844e-08,6.425544597732369e-06,4.691229605668923e-06,0.7720120549201965,2.4562499675084837e-05
window-aac321e42a4de0ca1aa8,137_15756_31094,wineglass,wineglass,0.3757273256778717,True,0.004162255208939314,0.017982931807637215,8.032583536987659e-06,0.1594293862581253,4.562470712698996e-05,6.018465228407877e-07,0.010828115046024323,8.120763936858566e-07,0.00047582725528627634,0.30832329392433167,1.1909024578926619e-05,5.29814678884577e-06,0.11582629382610321,8.929378964239731e-06,0.0005532351206056774,2.0162234104503796e-09,0.004688905086368322,0.0012049530632793903,3.974117532834498e-07,9.879878234642092e-06,0.00013432450941763818,1.3491981754043536e-08,4.4299409637460485e-05,0.0005273738061077893,1.1286909185059812e-09,0.3757273256778717
window-d9c945c533508f1d3feb,137_15756_31094,wineglass,cup,0.7722746729850769,False,0.0005363992531783879,0.0020963679999113083,3.2359887427446665e-06,0.00022728000476490706,0.00023717351723462343,4.474751767702401e-05,0.010791389271616936,4.535906555247493e-06,0.00010235142690362409,0.7722746729850769,9.19988067948907e-08,8.015877392608672e-05,0.0004338076978456229,0.000286630674963817,0.0001440920605091378,4.644054456548474e-07,1.8105098206433468e-05,0.00024839432444423437,3.3544940379215404e-05,0.0002950514026451856,0.00046671112067997456,1.9833167996807788e-08,0.0016121038934215903,0.0004733111127279699,1.67522955507593e-06,0.20958763360977173
window-06dfd8011cb5e4e4d729,137_15756_31094,wineglass,bench,0.7830429077148438,False,3.2035811727837427e-06,0.0017956494120880961,0.028055084869265556,0.7830429077148438,2.9228796847746707e-05,1.7347720415727963e-07,5.161472472536843e-06,0.000300355110084638,2.4407021555816755e-05,0.17998749017715454,2.8555346034409013e-06,6.962900079088286e-05,0.0008046221919357777,0.0007379404851235449,0.0005666925571858883,1.3560878642238094e-07,8.925853035179898e-05,4.589771407381704e-08,8.50859507295354e-08,0.0004936345503665507,3.429447872349556e-07,2.5524568569856854e-10,0.003068113001063466,0.00020599916751962155,6.505091221242765e-08,0.000716865761205554
window-3d62e858e5316158d079,137_15756_31094,wineglass,ball,0.4794878363609314,False,0.00414025504142046,0.4794878363609314,4.948768037138507e-05,0.11340014636516571,1.1589415407797787e-05,8.589788080826111e-07,0.0032765527721494436,0.00014920915418770164,0.00013390235835686326,0.28762686252593994,3.1894138373900205e-05,0.00021377424127422273,0.032115787267684937,0.000975651724729687,0.006403009872883558,3.8050475268391892e-06,0.0033020053524523973,0.00020748500537592918,0.0005390653386712074,0.0011260358151048422,0.004998941905796528,2.7497204513338147e-08,0.025768470019102097,0.0003999090113211423,5.335926971383742e-07,0.03563695773482323
window-d9c121189d58cd7a35aa,271_28898_56091,wineglass,wineglass,0.9951056241989136,True,5.51972391349409e-07,9.050036737789924e-07,7.523658779318154e-11,7.646980520803481e-05,0.0009119804599322379,1.5886982396295934e-07,8.249997335951775e-05,4.365315930954239e-07,0.0008176483679562807,0.00030033168150112033,1.1016246389772277e-05,0.00048155232798308134,7.133494489552916e-11,0.0002653399424161762,5.167839276509767e-07,0.00017357330943923444,1.9175224224454723e-05,0.0015804942231625319,3.958075103582814e-05,1.5123135199246462e-05,3.6692398452942143e-07,0.00010073560406453907,3.864382961182855e-06,3.036175399984131e-08,1.1988294318143744e-05,0.9951056241989136
window-738f592da5db019e0df5,271_28898_56091,wineglass,wineglass,0.9991596937179565,True,1.2144118599621834e-08,2.2607268834740069e-10,1.2586019466215292e-12,7.640173826928276e-09,0.0005349398707039654,3.54765036791882e-11,8.635636561393767e-08,8.94697371744968e-11,9.735100547914044e-08,0.00020981577108614147,7.880961161443878e-11,5.179887097028768e-08,1.0409025936108582e-13,1.6606230701654567e-06,1.3582742708351248e-09,7.192201945116494e-09,2.4362112327480645e-08,4.645274020731449e-05,2.034213139268104e-06,2.5485855985607486e-06,1.7876463642707563e-09,4.044252636958845e-05,9.264291556121407e-09,9.668049694155911e-10,2.0834820588788716e-06,0.9991596937179565
window-09efe262883354ff2d7d,271_28898_56091,wineglass,wineglass,0.9971209168434143,True,1.3111548469169065e-07,1.69698122221007e-08,9.42703901052333e-12,8.934208381106146e-06,0.0015388026367872953,7.401274615403963e-08,3.313980869279476e-06,4.338982506624234e-09,0.0004983855178579688,3.455368641880341e-05,5.833863951920648e-07,1.4325561323857983e-06,1.9323917466174123e-12,2.0256607058399823e-06,2.914350147875666e-07,1.5283125875953374e-08,9.521550964564085e-06,9.23891889215156e-07,1.1457256476887778e-08,0.0006937534199096262,1.546641842375962e-10,8.253377018263564e-05,2.272491750332506e-09,1.9998537548193696e-11,3.731189735844964e-06,0.9971209168434143
window-2b6f9db0f87a543647fb,271_28898_56091,wineglass,wineglass,0.9992395639419556,True,2.3288979078550653e-10,1.4741393661310553e-09,1.6580082575975985e-12,1.8547860136663985e-08,0.00012227919069118798,3.211383603485274e-09,3.3802265431148726e-09,2.342818213735276e-12,2.3448359570465982e-05,5.6748331189737655e-06,3.5498803896416575e-09,5.627785348849557e-09,7.126888489084049e-12,8.770358590481919e-07,5.361411758997292e-09,4.48322836632542e-08,4.236061812434855e-08,3.018047145531e-09,1.9095420800141483e-09,0.0003353261563461274,1.0744647394034246e-09,0.00027177692390978336,8.330278689072657e-10,3.2772637381661696e-10,8.62230763232219e-07,0.9992395639419556
window-fe6575060ea782560fca,391_47065_93709,wineglass,plant,0.3893298804759979,False,0.0879506766796112,0.004013465717434883,0.005437334068119526,0.0014866444980725646,3.0828996386844665e-05,0.01678147166967392,0.002426851773634553,0.0030521266162395477,5.220260391070042e-06,0.32111063599586487,4.1988296288764104e-05,0.0009579445468261838,0.00011146686301799491,0.000125926875625737,4.267190888640471e-06,0.00914354994893074,0.13516117632389069,0.3893298804759979,0.0007971011218614876,1.4556075257132761e-05,0.008267923258244991,2.6432458980707452e-05,0.0012039863504469395,0.0002408104483038187,0.01207980327308178,0.00019803181930910796
window-b8b370bf7bdba6b43d55,391_47065_93709,wineglass,plant,0.5316196084022522,False,0.05524224787950516,0.0010563089745119214,4.32180331699783e-06,0.00636011129245162,7.352994657594536e-08,2.8270205802982673e-05,0.007453614845871925,0.0016952210571616888,6.914390269230353e-07,0.3198182284832001,2.133488123945426e-06,0.0007151911850087345,6.208045988387312e-07,1.2611857869160303e-07,3.433730810797897e-08,0.00017021497478708625,0.04688815772533417,0.5316196084022522,0.0008704842766746879,1.0552891893667038e-08,0.0002615039120428264,2.3939574020914733e-06,0.00018332716717850417,1.7452190377298393e-06,9.481075539952144e-05,0.027530407533049583
window-911d4629cef86f1ab5b4,391_47065_93709,wineglass,plant,0.38836148381233215,False,0.0018538187723606825,7.298713171621785e-05,9.725396239446127e-07,0.006415785755962133,3.671448212116957e-05,0.002856056671589613,0.19158710539340973,0.0013871642295271158,8.735820301808417e-06,0.15295472741127014,5.018241790821776e-05,0.0001524063409306109,1.4014638509252109e-05,3.94235985368141e-06,4.827866632695077e-06,0.00051216094288975,0.039745405316352844,0.38836148381233215,0.0030906202737241983,3.4851707368943607e-06,6.369891707436182e-06,1.29194004330202e-05,0.0003551282570697367,1.0309384379070252e-05,0.022855395451188087,0.18764735758304596
window-00f113b8518d96697791,391_47065_93709,wineglass,cup,0.9883473515510559,False,2.7692580260918476e-05,1.4509409993479494e-05,3.961667118801415e-07,0.009298672899603844,5.907783133807243e-07,0.000699513650033623,2.531065183575265e-05,8.002146932994947e-05,5.60082867195888e-07,0.9883473515510559,2.983000740641728e-05,4.577650179271586e-05,1.315117629019369e-06,1.5678286047204892e-07,5.747263571720396e-07,0.0007201863918453455,0.0003180568746756762,0.00028282872517593205,4.995574272470549e-06,6.352177006618831e-09,2.798819025429111e-07,2.4917164864746155e-06,6.609138836211059e-07,1.5020282262412366e-07,5.407814751379192e-05,4.396044460008852e-05
window-2a02d5827ca36b58ce80,475_67235_131970,wineglass,wineglass,0.7270998954772949,True,0.004674597643315792,0.21574188768863678,1.1829641152871773e-05,0.00010330013901693746,0.00017338150064460933,1.9066244760779227e-07,0.0009567163651809096,4.967881977790967e-06,1.5200065206499858e-07,0.004913846030831337,1.0843925792869413e-06,8.350828466063831e-06,0.0006690300651825964,8.866643952387676e-08,5.437852905743057e-07,0.0009575916919857264,6.848923658253625e-05,0.03144237771630287,2.3556258383905515e-06,1.1913841291288918e-07,0.004632053431123495,5.057687046949866e-10,0.00780077651143074,0.0006977858720347285,3.858391573885456e-05,0.7270998954772949
window-8cdb10bc20f1afc5f2bc,475_67235_131970,wineglass,apple,0.48202189803123474,False,0.48202189803123474,0.2529970109462738,0.00019555182370822877,0.0018743574619293213,1.9870814867317677e-05,2.012455411204428e-07,0.00013092132576275617,0.0005189983057789505,1.1759131666622125e-05,0.09591732919216156,8.917476407077629e-06,2.9199041819083504e-05,9.13431795197539e-05,2.627178400871344e-05,6.7348605625738855e-06,4.9990820116363466e-05,0.00035910005681216717,0.06939265131950378,0.0002507581375539303,4.0416986735181126e-07,0.013530123047530651,1.0444459519476368e-08,0.009374597109854221,0.0007419005269184709,0.0036978665739297867,0.06875217705965042
leftover-window-6d7c583d4bd82d0dbf2c,62_4327_11547,chair,chair,0.7996866106987,True,3.508532984142221e-07,2.9911852834629826e-06,0.05666372552514076,0.0009909843793138862,1.1493376632643049e-06,5.8370944316266105e-05,2.0202335804242466e-07,6.069822688914428e-08,0.7996866106987,3.4026222692773445e-06,1.5104064914339688e-05,0.0003241811355110258,0.0020512321498245,2.6167439500568435e-05,4.1488572605885565e-05,8.537255524743159e-08,0.00018634292064234614,0.06871520727872849,3.425419237146343e-08,0.00011676176654873416,2.2760586659842375e-07,0.00023546407464891672,0.00011286984954494983,6.476530245436152e-08,0.07073424756526947,3.260720404796302e-05
leftover-window-184ab8c4fcd863e482f8,62_4327_11547,chair,chair,0.9883648157119751,True,5.417591353307216e-08,7.311973604373634e-08,0.0003435933613218367,6.264288822421804e-05,1.1281876766133792e-07,5.689981321665982e-07,9.070184887605137e-07,3.7880205638884945e-09,0.9883648157119751,1.1354594420254216e-07,2.0028062763799426e-08,0.010566659271717072,2.033208693319466e-05,2.553170361352386e-06,0.00034360840800218284,7.160335258049599e-07,8.269009867944987e-07,5.880212938791374e-06,7.74317499008248e-08,8.907392475521192e-05,2.9525247100536944e-06,2.847728319466114e-05,1.949736798678714e-07,2.132673898813664e-06,7.991634629433975e-05,8.364496170543134e-05
leftover-window-7ae626979eefbba3a9f0,433_61349_119679,parkingmeter,bench,0.7007308006286621,False,2.0678800183304702e-07,7.996346766958595e-07,0.004739175550639629,0.7007308006286621,0.001426221220754087,0.00017083522106986493,4.936715272685355e-11,1.0864815180866572e-07,5.743179709583046e-09,4.21652248405735e-06,1.258345855603693e-05,4.593021913024131e-06,0.005298920441418886,0.00012215030437801033,2.608270733617246e-05,0.0005261265323497355,0.00014414539327844977,7.782463217154145e-05,7.723584966035091e-11,0.0004704665334429592,1.9192521183430955e-10,1.6260568713732937e-07,6.009922230987286e-07,2.409819899185095e-06,3.8420977944042534e-05,0.28620314598083496
leftover-window-5a561d20cd3a4bf5c0dd,421_58416_112563,stopsign,stopsign,0.9895448088645935,True,2.7409798389332884e-11,6.054140522238072e-11,3.3883737482476306e-10,1.9265836148640858e-10,5.31608956887749e-14,2.728050390032877e-07,1.411660233152645e-10,1.9226389143950362e-12,0.005686754826456308,2.783720753907204e-10,9.577547224271302e-15,7.734173777862452e-06,4.9058080549002625e-06,1.1540385536079611e-08,2.782710520343734e-11,6.3467179238886964e-15,0.0047551426105201244,2.5141423520835815e-07,1.3740128479433622e-10,0.9895448088645935,2.7006984837504508e-15,2.5969924995206117e-12,1.882385081142246e-10,5.0129152384670306e-08,4.1998870159432045e-08,1.3037675106186697e-11
leftover-window-af8813137aaf9e78426b,403_53193_103795,toytruck,toytruck,0.9205583333969116,True,5.0219782679050695e-06,0.05891856923699379,3.330738763906993e-05,6.354862762236735e-06,2.740722720773192e-06,1.907016766722336e-08,8.609455835539848e-05,0.008757580071687698,1.6462396956740122e-07,0.00011647039355011657,1.3488032379882497e-07,0.00016452485579065979,1.1098265531472862e-05,0.0002386435226071626,2.853951741599303e-07,5.3267507610144094e-05,6.818142992415233e-06,0.00015281692321877927,5.526837412617169e-06,1.7305197275163664e-08,0.006649843882769346,2.7981522876530107e-08,0.0041909790597856045,0.9205583333969116,3.830243804259226e-05,3.0788864933128934e-06
leftover-window-67f9403b466c193695b6,403_53193_103795,toytruck,toytruck,0.9909031987190247,True,8.61545515817852e-07,0.003950163256376982,1.5236490469305863e-07,3.737854967766907e-07,1.213351765727566e-06,3.084107969009153e-11,0.00030035097734071314,0.00029221747536212206,1.8009727043022394e-08,0.0014310248661786318,8.204386858778889e-08,2.7820515242638066e-05,2.4026633127505193e-06,0.00020551422494463623,1.714014530307395e-07,2.1034582459833473e-05,5.470066298585152e-06,3.1274178127205232e-06,4.461805019673193e-06,2.074721283662484e-09,0.0021486212499439716,2.219959753801959e-07,0.0006642917869612575,0.9909031987190247,3.596735041355714e-05,1.1164133866259363e-06
leftover-window-f872ae87e91db82c447e,475_67235_131970,wineglass,wineglass,0.9621323943138123,True,0.001272536930628121,0.0202347319573164,9.463544120080769e-05,0.0001461874198867008,5.526639142772183e-06,3.8291069870410865e-08,6.37039875073242e-06,5.819207672175253e-06,1.1799031653936254e-06,0.012143091298639774,4.605439940519318e-08,2.9161736165406182e-05,2.659272240634891e-06,3.949839083361439e-06,9.447672937312745e-07,4.79242044093553e-05,6.723988917656243e-05,0.0012006375472992659,8.129100592668692e-07,1.4136777082285334e-08,0.0006727808504365385,3.604190279560271e-10,0.0017828968120738864,1.6352541933883913e-05,0.00013207763549871743,0.9621323943138123
leftover-window-6ca3fa32ca4db97eb32c,475_67235_131970,wineglass,ball,0.37891361117362976,False,0.16931194067001343,0.37891361117362976,0.00037192259333096445,0.0005313150468282402,1.1508374200275284e-06,7.949320774969237e-07,3.481849716990837e-06,0.013345334678888321,0.0003969804383814335,0.28014376759529114,1.5515398388288304e-07,2.576273982413113e-05,0.0019318833947181702,6.022956767992582e-06,8.509771873832506e-07,8.976661774795502e-06,0.0001706571929389611,0.04963869974017143,4.225724114803597e-05,3.449616201578465e-07,0.04514436423778534,4.123878483142107e-08,0.002339136553928256,0.0001698892010608688,1.71832707565045e-05,0.057483330368995667
window-e1edbfe040dcbf2dec79,290_30764_58570,apple,apple,0.9508312344551086,True,0.9508312344551086,0.015958132222294807,2.284672882524319e-05,0.0001438652107026428,8.734128442711153e-08,1.2218276168596276e-08,9.324252232545405e-07,0.00010726438631536439,2.195926947223814e-11,1.4162518482407904e-06,0.00029468873981386423,5.3142223954694146e-09,2.1182581804168876e-06,1.1487436696322462e-10,3.225507860804555e-09,0.03259730711579323,3.1735133965149487e-10,8.74213674251223e-06,7.121246312635776e-07,7.055790951504548e-10,6.48326704322244e-06,6.791417428431146e-10,2.159819814551156e-05,2.4452979232592043e-06,6.101478350339917e-11,7.830154857835225e-10
window-ae68d79847b040fb5717,290_30764_58570,apple,ball,0.7493541240692139,False,0.10052566230297089,0.7493541240692139,1.8098811779054813e-05,0.010886777192354202,0.014000311493873596,5.946874921392009e-07,3.984070644946769e-06,0.09105707705020905,3.247423380550729e-12,0.007118795067071915,0.0006899927393533289,3.216636832803488e-05,1.1133008683827939e-06,2.6913279937978984e-10,6.222139745659661e-07,0.01348425168544054,2.3509839763846685e-07,1.8322417645322275e-06,2.805534904837259e-06,2.551044246956735e-07,8.910152473617927e-07,1.278666275084106e-07,0.00544546777382493,0.007370226550847292,5.766027655340622e-08,4.499525402934523e-06
window-501907bd0e667a2054d4,290_30764_58570,apple,apple,0.9970310926437378,True,0.9970310926437378,1.7775008018361405e-05,7.1411564022128005e-06,3.5895132896257564e-05,6.224663957254961e-05,2.5532679970297067e-08,6.712069443892688e-05,0.00010845006909221411,4.4688013706162266e-11,7.941276635392569e-06,2.4935687179095112e-05,2.4609514639450936e-06,9.431348644284299e-07,1.0521056942325302e-10,1.9069441137276044e-08,0.0023979812394827604,8.357069702924491e-08,2.5874149400806346e-07,1.837098170653917e-05,2.050019265453784e-09,4.229768819641322e-06,4.358480687471911e-09,2.8907428713864647e-05,0.00018369572353549302,6.026697807470782e-09,3.482504666862951e-07
window-95e7dc4645083785d668,290_30764_58570,apple,mouse,0.3027702867984772,False,0.1432332545518875,0.02139212004840374,0.019330553710460663,0.1335218995809555,0.0009728242876008153,0.0007095792680047452,5.2623290685005486e-05,0.10621781647205353,2.4676920062915997e-08,0.007250466849654913,0.000988383893854916,3.96065843233373e-05,0.00025265204021707177,4.023689257337537e-07,1.4978689932831912e-06,0.3027702867984772,3.188529808539897e-05,1.458785482100211e-05,0.0028898834716528654,1.400092151015997e-05,0.0032406020909547806,3.710228838826879e-06,0.022763468325138092,0.23427855968475342,1.2716394621747895e-06,2.8052643756382167e-05
window-584f77e403055e2362e3,351_37090_68533,apple,carrot,0.49586477875709534,False,0.026946062222123146,0.0023434788454324007,0.1365472823381424,6.142877317927287e-10,0.00021543921320699155,3.1676268719138534e-08,1.7652877204454853e-06,0.49586477875709534,0.0017098949756473303,7.229825132526457e-05,8.686378714628518e-05,0.002923637395724654,7.069502316880971e-07,0.0010840301401913166,2.1585792637779377e-06,0.050547171384096146,7.045366601232672e-07,1.237006870269397e-07,0.24285665154457092,5.7995707720692735e-06,0.0007418160676024854,2.2033240384189412e-05,0.006631082855165005,0.03139374405145645,1.428716245754913e-06,9.304532682108402e-07
window-4bdcb0edbca0e6fc71db,351_37090_68533,apple,apple,0.35270172357559204,True,0.35270172357559204,0.12395946681499481,0.35012388229370117,2.125876790159964e-06,5.096147651784122e-05,2.841193918357021e-06,4.662162211843679e-07,0.006721918471157551,2.145339905723631e-09,0.00313748000189662,0.0012739336816594005,3.351080692937103e-07,5.592004526988603e-06,5.3021949497633614e-08,0.0005508323665708303,0.0002517096290830523,0.000553484249394387,1.9200688257114962e-05,0.001764080487191677,0.0005196350393816829,0.00012339460954535753,3.044014693087682e-11,1.9514152427291265e-06,0.14290736615657806,1.576131296587846e-07,0.015327341854572296
window-f97d733801dd12ac99fd,39_1806_5235,apple,apple,0.8913981914520264,True,0.8913981914520264,0.012179733254015446,5.415943087427877e-05,2.814509230120166e-07,3.153162106173113e-05,0.00022017689479980618,0.017818128690123558,1.0080640095111448e-05,8.852543373905064e-07,0.0022220269311219454,0.00015479240391869098,1.794870877347421e-05,4.813021587324329e-05,7.352547527261777e-06,1.9993845853605308e-05,0.00017347255197819322,2.3636777768842876e-05,0.03211447224020958,8.536359382560477e-05,1.8023443715264875e-07,0.04265105724334717,1.5495014622501913e-06,0.0006574722938239574,6.158162432257086e-05,2.4641694835736416e-06,4.5401378883980215e-05
window-f3814da9dc9a6fea338c,39_1806_5235,apple,apple,0.9714252948760986,True,0.9714252948760986,0.010078505612909794,8.018076186999679e-05,9.08481680994555e-08,6.242760264285607e-06,7.696318061789498e-05,0.0032158049289137125,6.230335657164687e-06,7.783193609611772e-07,0.002511200262233615,7.645315054105595e-05,3.5952263033323106e-07,9.77965391939506e-05,3.1250690426531946e-06,1.748235035847756e-06,1.1726561751856934e-05,1.1476775398477912e-05,0.00870492309331894,3.079835369135253e-05,7.20586967872805e-08,0.003570020431652665,4.159778654866386e-07,5.2456307457759976e-05,2.254220817121677e-05,1.2149973827035865e-06,1.3629513887281064e-05
window-9b943bc1d438533357c9,39_1806_5235,apple,apple,0.9614080190658569,True,0.9614080190658569,0.012258938513696194,5.051266725786263e-06,8.110831117846828e-08,2.2871411147207255e-06,0.00014918536180630326,0.0059078955091536045,1.1117053873022087e-05,9.093429298445699e-07,0.005966640543192625,0.00026295401039533317,3.01236264022009e-06,0.0001956691121449694,1.2008032399535296e-06,1.1100272786279675e-05,3.054551052628085e-05,2.1660072889062576e-05,0.011146923527121544,0.00015345009160228074,1.5139267617314545e-08,0.002337997779250145,7.643440653737343e-07,1.768622678355314e-05,5.87063332204707e-05,6.989023404457839e-07,4.743680983665399e-05
window-56b2402cdebc97a0c721,39_1806_5235,apple,apple,0.9926141500473022,True,0.9926141500473022,0.0033554972615092993,1.768399670254439e-05,2.4331546910616453e-07,4.816564796783496e-06,0.000180737508344464,0.0006042824243195355,8.21972548692429e-07,1.2279686245619814e-07,0.0005840418743900955,1.8045599063043483e-05,2.7639798645395786e-06,3.73283946828451e-05,3.476378651612322e-06,9.933639830705943e-07,3.2216794352279976e-05,2.5066547095775604e-05,0.0018400693079456687,3.9772185118636116e-05,1.5372094708254735e-07,0.0006013195379637182,2.3051150321862224e-07,2.379174475208856e-05,6.825191576353973e-06,1.888885918788219e-07,5.352501830202527e-06
window-e6ea0ba0440129f37c52,41_1939_6047,apple,cup,0.2217389941215515,False,0.16182298958301544,0.004743042401969433,0.0451575331389904,0.005246719811111689,0.033690519630908966,0.0003685957635752857,0.033567655831575394,0.0008534002699889243,8.170607179636136e-05,0.2217389941215515,0.0007876566960476339,0.0005584062892012298,0.000612984411418438,0.00016480307385791093,0.000848533003591001,0.05224024876952171,0.0001375822175759822,0.0013113216264173388,0.008879867382347584,0.0004331391246523708,0.1501021683216095,0.0001619731483515352,0.0758577287197113,0.2003624141216278,0.0001542432582937181,0.00011576837277971208
window-3ff96c6d3b329358b890,41_1939_6047,apple,apple,0.31425270438194275,True,0.31425270438194275,0.07982730865478516,0.011319034732878208,0.010958469472825527,0.0022564628161489964,0.00027497982955537736,0.20036274194717407,0.002368465531617403,0.0006429020431824028,0.0964798852801323,0.003908888902515173,7.849805115256459e-05,0.0019874388817697763,0.0003113722486887127,0.00037467130459845066,0.0031796139664947987,0.00022275860828813165,0.0019781645387411118,0.01054843608289957,0.000827113282866776,0.22531385719776154,0.0002332577423658222,0.011198638938367367,0.020584842190146446,0.0004651611961890012,4.4323827751213685e-05
window-29f78458d908f1cad3e0,41_1939_6047,apple,apple,0.6159444451332092,True,0.6159444451332092,0.04051188379526138,0.00020322743512224406,0.0002768851409200579,0.0005477870581671596,6.228704296518117e-05,0.12447534501552582,0.0011413826141506433,5.183087705518119e-05,0.0524018295109272,0.008737578056752682,4.905779496766627e-05,0.00037975344457663596,3.257110438426025e-05,6.006033800076693e-05,0.0022066221572458744,5.0654412916628644e-05,0.00044081336818635464,0.0012442542938515544,0.0002991978544741869,0.14797145128250122,0.0004169220628682524,0.0008996009710244834,0.0012387759052217007,0.00023239590518642217,0.00012336998770479113
window-7913ab814ec2be3b5d4d,41_1939_6047,apple,cake,0.6222033500671387,False,0.06730108708143234,0.04412633553147316,0.0003840632562059909,0.0014650281518697739,0.0006855296087451279,0.00018096125859301537,0.6222033500671387,0.001937019289471209,3.445701440796256e-05,0.06514027714729309,0.0012288243742659688,0.0004953531897626817,0.0004912858130410314,0.00262119947001338,7.530598668381572e-05,0.0025569922290742397,3.207492409273982e-05,0.0003116831067018211,0.0017583933658897877,0.0007897646864876151,0.17431670427322388,0.00018360915419179946,0.0006549371173605323,0.010792241431772709,0.00011218665167689323,0.0001213102150359191
window-bb57e2db4a5c5341d083,41_1941_5802,apple,ball,0.28876832127571106,False,0.06494612246751785,0.28876832127571106,0.03243314474821091,0.10840478539466858,0.003760620951652527,0.03350292518734932,0.006328684743493795,0.008742652833461761,1.6780028033736016e-08,0.009397841058671474,0.24241675436496735,0.00010644747089827433,3.891364758601412e-05,1.3342651072889566e-05,5.863509431947023e-05,0.07667054980993271,0.0003826191241387278,0.0009548275847919285,0.0076917922124266624,6.957553750908119e-07,0.04180549830198288,8.760648597672116e-07,0.0007708690827712417,0.023904578760266304,3.718435618793592e-05,0.04886132478713989
window-b928aefdae70cffa0c9e,41_1941_5802,apple,apple,0.7018791437149048,True,0.7018791437149048,0.08083955198526382,0.0045001148246228695,0.0010382957989349961,0.0012574222637340426,0.042884085327386856,0.000270218268269673,5.794068056275137e-05,5.934870728196984e-07,0.003827914595603943,0.00012292178871575743,0.00012562457413878292,0.00034621081431396306,3.340156354170176e-06,5.483694258145988e-05,0.15369117259979248,6.007977390254382e-06,0.0006582197383977473,0.0002718095784075558,2.196938339693588e-06,0.0016057011671364307,7.542280945926905e-05,0.001491428236477077,0.0038640350103378296,1.7183816680699238e-06,0.0011240593157708645
window-0dfcf5649dae02beffae,41_1941_5802,apple,apple,0.9318311810493469,True,0.9318311810493469,0.03942986577749252,0.0005093741929158568,2.960159872600343e-05,2.5634251869632863e-05,0.0005221476312726736,0.0004752140957862139,1.456961763324216e-05,6.995744570303941e-07,0.00010478647163836285,0.0008167650084942579,1.8381191694061272e-05,6.89427452016389e-06,1.9255287497799145e-06,3.968754754168913e-05,0.014161610044538975,2.4098633844005235e-07,7.421698455800652e-07,4.159425225225277e-05,3.6855119844858564e-08,0.0001407903473591432,2.932021629931114e-07,0.0017796073807403445,0.009964630007743835,5.433549858935294e-07,8.32017176435329e-05
window-9a0251237919c7a11df1,41_1941_5802,apple,apple,0.7873930335044861,True,0.7873930335044861,0.00386487296782434,0.0004105115949641913,6.24184322077781e-05,2.294221121701412e-05,0.19489865005016327,1.7288901972278836e-06,9.032291927724145e-07,2.926029696315169e-10,1.8118345906259492e-05,0.0006783228018321097,1.6019015447454876e-06,1.570437113684875e-08,8.98003627014532e-09,2.2676429125567665e-06,0.01227748766541481,2.9522024647121725e-07,3.29467013671092e-07,3.853323960356647e-06,2.8162026044498134e-09,5.225062409408565e-07,3.985661578553845e-07,0.0003235976619180292,3.653129897429608e-05,1.825728723758857e-08,1.6237485169767751e-06
window-e9ec061f9b17ec78e89a,442_63337_125204,apple,ball,0.7812684178352356,False,0.12021655589342117,0.7812684178352356,0.024618495255708694,0.0038535278290510178,0.00046074154670350254,1.385779597740111e-07,0.00011088769679190591,0.0014562992146238685,2.2384403663977537e-08,4.332567550591193e-05,0.034856148064136505,1.0857686902454589e-05,4.697833446698496e-07,6.744878191966563e-05,7.4459007919358555e-06,0.0138928834348917,0.0018621092895045877,9.663457234410089e-08,0.015053024515509605,5.380989023251459e-07,4.155309397901874e-06,5.975964540994028e-06,0.000709455634932965,0.00140562339220196,9.519407467450947e-05,1.899766033375272e-07
window-e028fe2496aa2139b8c4,442_63337_125204,apple,ball,0.8505028486251831,False,0.14890456199645996,0.8505028486251831,2.3836381757291747e-08,9.986956683860626e-07,3.19880058441413e-07,3.037119142845768e-07,4.500834984355606e-05,6.362922431435436e-05,3.9284370201286833e-10,3.622639269451611e-05,1.0502792065381072e-05,3.053864361390879e-08,4.259677552909125e-06,4.874310288727202e-09,1.4640785366282216e-06,5.561002399190329e-05,1.146474005508935e-05,2.136790584472692e-07,0.0003474949044175446,1.824485096335593e-08,1.4124731251285993e-06,1.456749743056207e-08,5.332824457582319e-06,7.623722467542393e-06,3.967448662933748e-07,2.6117862717001117e-07
window-af6dce32703ba4ff90ee,442_63337_125204,apple,apple,0.774452805519104,True,0.774452805519104,0.18120832741260529,4.163837729720399e-05,0.0019505636300891638,0.0009997686138376594,0.0006071309908293188,0.00028755783569067717,0.0035651964135468006,2.5636945792939514e-06,0.0015249187126755714,9.123429481405765e-05,2.279901536894613e-06,8.251753342847223e-07,5.917165140090219e-07,2.078200486721471e-05,0.0339832529425621,1.621165756660048e-05,3.0484881790471263e-05,1.0737869160948321e-05,4.211668510833988e-06,4.425875431479653e-06,5.274065415505902e-07,4.865009486820782e-06,0.0011146505130454898,1.2779480584867997e-06,7.314149115700275e-05
window-4e2843242aaacc1a4433,442_63337_125204,apple,apple,0.850023627281189,True,0.850023627281189,0.14558909833431244,0.001713206642307341,0.0008522379212081432,4.8364938265876845e-05,3.394300847503473e-06,1.7456650311942212e-05,0.0010396363213658333,8.678212992663248e-08,8.368666613023379e-07,2.7235419111093506e-05,3.496923000056995e-07,2.2712137592861836e-07,2.666506304649374e-07,1.466384105697216e-06,8.914220961742103e-05,3.987284799222834e-06,1.4371751433372992e-07,0.00014739973994437605,2.4276198473671684e-07,1.4401888392967521e-06,3.238251338189002e-07,2.196070818172302e-05,0.0004176543152425438,3.60040850466703e-08,1.9388777161566395e-07
window-516f86a0db2e60b2e20d,223_23556_48787,ball,ball,0.9840291142463684,True,0.00225494964979589,0.9840291142463684,0.00280739669688046,0.00019418033480178565,1.1746297786885407e-05,0.00011436740169301629,1.4104942636095075e-07,3.4983389923581854e-05,0.0004263981827534735,0.0008882279507815838,0.00013991301239002496,1.6220390534726903e-05,3.499720696709119e-05,2.316937042223799e-08,6.580331682926044e-05,1.1770878700190224e-05,3.980650944868103e-05,0.005405760835856199,0.00017505063442513347,4.4631116224991274e-07,2.8043459678883664e-05,4.161748074693605e-05,1.725265792629216e-05,1.7637721612118185e-05,2.130503986563781e-07,0.0032440025825053453
window-259d93f0dee17f61e059,223_23556_48787,ball,ball,0.9716520309448242,True,0.004480620380491018,0.9716520309448242,7.687132892897353e-05,3.6016939475302934e-07,2.5254497813875787e-05,3.0063190934015438e-05,9.235190390199932e-09,0.002789990045130253,3.9647738958592527e-07,0.013937365263700485,0.00026062288088724017,1.18387731617986e-06,7.04393414707738e-06,6.528751317347314e-09,4.621437099672221e-08,9.210511052515358e-05,1.598548624315299e-05,5.22894970345078e-06,0.00357701419852674,4.605141157298931e-08,2.3649697311611817e-07,2.8010871844230678e-08,5.759897703683237e-06,1.0347665011067875e-05,5.867034857942599e-08,0.003031339030712843
window-c8144b4db1921ae17e3a,223_23556_48787,ball,ball,0.9763820767402649,True,0.00027915515238419175,0.9763820767402649,0.0008066056179814041,3.824906798399752e-06,1.9263505237177014e-05,3.56595846824348e-05,4.940762909910745e-09,0.015231910161674023,3.169401807667782e-08,0.0017835532780736685,0.00041235037497244775,9.044647981681919e-07,6.709003628202481e-06,8.261163308986852e-09,1.6033924410407963e-08,2.693684564292198e-06,1.208452289347406e-07,0.0032389715779572725,6.14501623203978e-05,1.2724902020977424e-08,4.588373940350721e-06,1.1545300715454232e-08,1.109975255531026e-05,0.0005101549322716892,7.1500956266845606e-09,0.0012088975636288524
window-d7006ad30f7927e4bf8b,223_23556_48787,ball,ball,0.7758148312568665,True,0.00016734217933844775,0.7758148312568665,0.0008234051056206226,0.00019826261268462986,6.407247497008939e-07,0.00011532749340403825,7.430941639796629e-09,0.0001882866199593991,5.580312517849961e-06,2.604531437100377e-05,0.0010849711252376437,1.072637019206013e-07,1.5114711459318642e-05,5.211641118663124e-10,4.878864956481266e-07,4.516059107118053e-06,3.203738287993474e-07,0.21617814898490906,6.102276165620424e-05,9.728316818780058e-09,2.2897811504662968e-05,1.059351575349865e-06,5.749505362473428e-06,7.258223195094615e-05,1.590026244002729e-08,0.005213240627199411
window-3479f45ec68fdb956b10,333_33894_61781,ball,mouse,0.36374932527542114,False,0.2755773663520813,0.20005755126476288,1.1613537026278209e-05,0.00031500012846663594,0.07039551436901093,1.9922113096981775e-06,0.002859381726011634,0.00013407749065663666,9.480216249357909e-05,0.00038996493094600737,2.545586357882712e-05,0.07580329477787018,5.2284444791439455e-06,2.8635673743337975e-07,2.037695821854868e-06,0.36374932527542114,0.00035397912142798305,5.918699753237888e-05,0.0009451856603845954,2.8198766813147813e-05,0.003658445319160819,1.7083675629692152e-05,0.005319359712302685,9.354884241474792e-05,9.985735232476145e-05,2.162108330594492e-06
window-6185c68745db89aec067,333_33894_61781,ball,ball,0.9765008687973022,True,0.014217497780919075,0.9765008687973022,1.9498459735700635e-08,2.931396920757834e-07,1.8042570673060254e-06,0.0001686460163909942,0.0009599786135368049,1.892180989671033e-07,4.182986685918877e-06,0.0015321510145440698,0.0022952542640268803,3.822897997451946e-05,4.173509093874372e-09,7.396842693907502e-09,3.973634363774181e-07,0.0003406941541470587,1.926074901348329e-06,0.0005332360160537064,7.032689154584659e-06,3.0378740234482393e-07,0.0024599519092589617,8.069637260632589e-07,7.14773796062218e-06,6.322220087895403e-06,0.0008977216202765703,2.5285866286139935e-05
window-a5ae887d50200f4e8537,333_33894_61781,ball,ball,0.9704810380935669,True,0.004145337268710136,0.9704810380935669,4.094940777576994e-07,1.1853077012347057e-05,6.709348235744983e-05,1.1603914572333451e-05,0.0033482087310403585,1.6219197277678177e-05,2.6256966521032155e-06,0.006461906246840954,0.002741050673648715,0.00024339533410966396,2.5454341994191054e-06,7.74058776187303e-07,2.7985522592643974e-06,0.0015631708083674312,5.914413122809492e-06,1.9893586795660667e-05,9.992701052397024e-06,9.4135230028769e-06,0.010184889659285545,4.905725177195563e-07,0.00019194369087927043,0.00021358432422857732,0.00021289309370331466,5.100057751405984e-05
window-f394785745f9f7e408f6,333_33894_61781,ball,ball,0.9102517366409302,True,0.003448812523856759,0.9102517366409302,8.427516149822623e-06,0.0007517508347518742,0.0006562117487192154,5.761625743616605e-06,0.0009107001242227852,0.005742695182561874,4.23337405663915e-05,0.00036101441946811974,0.011756843887269497,0.004315034486353397,1.1502077541081235e-05,9.471195312471536e-07,1.6290941573515738e-07,0.025468818843364716,1.507777051301673e-05,3.251722318964312e-06,0.0001425434893462807,1.0233311513729859e-05,0.0009785385336726904,8.499561772623565e-06,0.03279336914420128,0.0005739998305216432,0.0017413991736248136,3.5817126331494364e-07
window-83b65786029a9ca788b7,372_41204_82153,ball,apple,0.6537557244300842,False,0.6537557244300842,0.1407879889011383,0.0004365786153357476,1.990988130273763e-05,0.008376779034733772,1.1998963600490242e-06,8.903166599338874e-05,0.14164358377456665,3.618442178776604e-06,0.003480318235233426,4.603389669455282e-08,0.05065782368183136,4.2809458022929903e-07,1.1916520634258632e-05,6.501066673081368e-05,4.139431439398322e-06,1.2584936426307536e-09,1.4376458246090351e-08,0.00040698726661503315,6.725681487296242e-07,4.143475507589756e-06,1.97007705288188e-11,7.888543768785894e-05,0.000161890042363666,3.7832120769465405e-10,1.3254772056825459e-05
window-a4a97c4814e2e4d6d8ee,372_41204_82153,ball,carrot,0.3692830801010132,False,0.09798680245876312,0.25051629543304443,0.014297550544142723,0.2496800720691681,0.0009029334178194404,1.660147631810105e-06,0.0005536195822060108,0.3692830801010132,2.460242740198737e-06,0.0006040594889782369,1.2506850907811895e-05,0.0007318522548303008,2.0644599918462347e-10,9.369254257762805e-06,5.829734436701983e-05,0.007605088409036398,1.2589007170049626e-08,1.7381356087753375e-07,0.0021533682011067867,4.165427526459098e-06,1.334840362687828e-06,3.7878367109556166e-09,0.0024794572964310646,0.003072549356147647,1.831842553201568e-07,4.311102020437829e-05
window-f6674eb9ca32da37ffd2,372_41204_82153,ball,bench,0.6880143284797668,False,0.011794769205152988,0.06294795125722885,0.002939131110906601,0.6880143284797668,0.0022140187211334705,2.9491955501725897e-05,0.0025091662537306547,0.005826416425406933,8.786175271779939e-07,0.04091615602374077,0.0029940407257527113,1.7780455891625024e-05,2.270089449751822e-09,0.00023830494319554418,0.00025264278519898653,0.1627734899520874,2.9455536676437077e-08,6.818661972829432e-07,1.4744816326128785e-05,3.6422964058147045e-06,6.484885943791596e-07,1.055700327157183e-08,0.01598731055855751,4.942130181007087e-05,5.528723932002322e-07,0.00047439333866350353
window-23e0ccc78f5a3ca47973,372_41204_82153,ball,cup,0.8598582744598389,False,0.0009531959658488631,0.1226508617401123,2.6317191441194154e-05,0.00779667217284441,0.00024550131638534367,1.4106426533544436e-06,0.0014320381451398134,0.000805533432867378,1.2343201460929265e-10,0.8598582744598389,1.680575145712737e-08,1.7315561535724555e-06,1.70094960338929e-08,2.0393844835098207e-08,1.4536962567035516e-07,0.00039043332799337804,0.00030070659704506397,5.435196115399776e-08,7.85382799222134e-05,2.5187361529788177e-08,2.3485263511702215e-08,9.358445129947768e-10,3.4332632026234933e-07,0.00025221137912012637,7.292983994489077e-09,0.005205817520618439
window-18309abe358953d27f0a,385_45446_90913,ball,teddybear,0.3967190384864807,False,6.527516961796209e-05,0.0004471370775718242,1.2101922948204447e-05,0.0004177834198344499,0.01288734283298254,1.7150212443084456e-05,0.00286659668199718,0.0053009819239377975,0.1925666630268097,0.0019138804636895657,1.2842225487474934e-06,0.16851042211055756,0.011069662868976593,0.01403320673853159,0.0002611990785226226,0.0013070551212877035,0.00013208211748860776,0.006137669552117586,0.09952689707279205,0.0008191241649910808,0.3967190384864807,1.9638790035969578e-05,0.02974657155573368,0.04008921608328819,0.004039790015667677,0.011092303320765495
window-2a92a8e0b0002e9f01aa,385_45446_90913,ball,wineglass,0.9015464782714844,False,9.985375193366508e-09,4.180930773145519e-06,8.921811200934826e-08,0.00023019290529191494,0.00764736020937562,7.757792985785272e-08,1.591036102865928e-08,3.0104252800811082e-05,0.006395942997187376,0.08211175352334976,5.524536916823308e-08,4.784625707543455e-05,5.716377017961349e-06,3.855479462799849e-06,4.982897007721476e-05,1.930175676534418e-05,9.833492242705688e-09,1.3323425264388788e-05,7.658679351152387e-06,2.406680152944318e-07,4.238027941028122e-06,3.1985204259399325e-05,0.001191247720271349,0.0003875375259667635,0.0002709643740672618,0.9015464782714844
window-8d3d3d90dc1356c052d0,385_45446_90913,ball,chair,0.6793245673179626,False,2.2872267436468974e-05,0.014458179473876953,2.985855462611653e-05,0.03562768176198006,1.3616368050861638e-06,1.756094025040511e-05,2.1448105513854898e-08,0.0005526098539121449,0.6793245673179626,5.3839015890844166e-05,7.544343134213705e-06,0.0006021512672305107,7.549666042905301e-05,0.001573914778418839,7.506978927374064e-10,3.7526882806560025e-05,1.0185830433329102e-05,0.001221979153342545,0.028844790533185005,6.891153816468432e-07,0.0006577905733138323,3.951483085984364e-05,0.0073232585564255714,3.390221081644995e-06,0.0009213187149725854,0.22859185934066772
window-21b1f789d60c9f197bbd,385_45446_90913,ball,wineglass,0.9263525009155273,False,1.0067659786727745e-05,0.0047752889804542065,6.59816123516066e-07,0.0030866197776049376,3.5533901154849445e-07,6.69868029490317e-07,2.49427102971822e-07,0.0024608406238257885,7.280549425559002e-07,6.093476713431301e-06,1.0256392670271453e-05,1.6478014003951102e-05,3.830231435131282e-06,0.0451456718146801,1.1189631443642156e-09,1.375468627884402e-06,6.012216431372508e-07,0.00012788113963324577,0.00012072675599483773,4.827216457670147e-07,0.0017676963470876217,2.6750079996418208e-05,0.01605655439198017,3.516657329782902e-07,2.7292873710393906e-05,0.9263525009155273
window-88889cb9f5969b8c07d8,395_48973_96915,ball,handbag,0.7167304158210754,False,0.008823815733194351,0.06411747634410858,0.03397783264517784,0.00020098936511203647,0.0002982172882184386,1.3078390566079179e-06,0.027412191033363342,0.0023317011073231697,1.5728679727544659e-06,0.003677808679640293,0.001154851051978767,0.7167304158210754,5.0633584436354795e-08,0.0026565042790025473,4.781340521731181e-06,0.07675086706876755,1.2739289445562463e-07,0.0005033659981563687,0.005290743429213762,8.794184509497427e-07,0.00023388823319692165,5.5165833146020304e-06,0.0006113602430559695,0.04095427319407463,3.5012322769034654e-05,0.014224506914615631
window-69744d9131ab87912b45,395_48973_96915,ball,cake,0.9081119894981384,False,0.001892862725071609,0.006931719370186329,0.00012482561578508466,0.0001983786205528304,0.0005565772880800068,4.257576165400678e-06,0.9081119894981384,2.8791778277081903e-06,1.637726754211144e-08,0.0017856638878583908,0.0005040547694079578,0.06473524868488312,1.4117050568529521e-06,5.449682066682726e-05,8.182779311027844e-06,0.0018246439285576344,2.1452490273077274e-07,3.447060225880705e-05,0.007128617260605097,1.1513773188198684e-06,0.00010611730976961553,5.198337476031156e-07,0.0006316565559245646,0.0014261789619922638,3.971948899561539e-05,0.0038941572420299053
window-7eb75cae0a91e8ef94f1,395_48973_96915,ball,handbag,0.6394989490509033,False,0.12898679077625275,0.07547404617071152,0.0004590449098031968,0.000286671711364761,0.0018907913472503424,6.811235380155267e-07,0.00037826396874152124,5.825199878017884e-06,2.502095810541505e-07,0.015900885686278343,0.00023455382324755192,0.6394989490509033,5.712089205189841e-06,3.9740763895679265e-05,4.15908289141953e-06,0.06050509586930275,1.3146583910383924e-07,7.027460378594697e-05,0.03370596840977669,9.256073099095374e-07,0.007420638110488653,2.6140765839954838e-05,0.00011395669571356848,0.00040780435665510595,5.4316849855240434e-05,0.034528497606515884
window-0581496b953a0b6a85b5,395_48973_96915,ball,handbag,0.579673707485199,False,0.005043992307037115,0.0226158257573843,0.00039604323683306575,0.0005974004161544144,0.004190143663436174,3.82172001991421e-05,8.120976417558268e-05,0.006853427272289991,8.085127774393186e-05,0.00015288688882719725,0.005670999642461538,0.579673707485199,6.1555792854051106e-06,0.011804699897766113,6.5328003984177485e-06,0.25401240587234497,6.536763663689271e-08,0.0014767693355679512,0.06454925984144211,3.14417820845847e-06,0.0035686513874679804,4.577132858685218e-05,0.02265489287674427,0.01626831479370594,5.2077170948905405e-06,0.00020337518071755767
window-1c150c0c0a54e45ed013,558_80541_158012,ball,cup,0.9735000133514404,False,0.009613145142793655,0.0009419512934982777,0.00012414177763275802,1.7148920505860588e-08,0.00013003917410969734,2.121724173775874e-05,1.0376187020710859e-07,2.5352021111757495e-05,2.6917626114175697e-11,0.9735000133514404,4.5980581489857286e-05,4.535513653536327e-05,0.0002009126910706982,0.0002887503069359809,4.993615334569768e-07,0.011675394140183926,5.269666417007102e-06,3.085322759943665e-06,2.951151691377163e-05,3.245047253130906e-07,7.29937237338163e-05,4.2939004174513684e-07,0.0012528820661827922,0.001771720708347857,2.4579305257788064e-09,0.00025077376631088555
window-2ce4be79598968f6a9b2,595_90445_180229,ball,ball,0.9751350283622742,True,0.0001240564015461132,0.9751350283622742,0.0006387907196767628,1.1812248885689769e-06,0.000250289827818051,1.499208224231552e-08,0.0003051887615583837,0.004890779498964548,0.00015083019388839602,3.158576873829588e-05,0.001742187305353582,4.577314030029811e-05,7.812703728404813e-08,0.00010325017501600087,3.339798786328174e-05,0.0033481703139841557,1.593264983057452e-06,0.008872880600392818,1.6539195712539367e-05,9.035658621314724e-08,0.003754449775442481,5.660551209984988e-07,0.00010559007932897657,0.00043344846926629543,7.35432922738255e-06,6.806224064348498e-06
window-2a5115304b98e4a61b48,595_90445_180229,ball,ball,0.974371075630188,True,0.0003578739706426859,0.974371075630188,0.0001435259764548391,1.2776102664702194e-07,8.031698962440714e-05,3.395042469378495e-08,0.00022671943588647991,0.001705214031971991,3.6634635307564167e-06,6.360080078593455e-06,0.0009273643372580409,0.00031263596611097455,1.2625835552171338e-05,7.7102828072384e-05,5.297668508319475e-07,0.021105045452713966,7.1521667450724635e-06,0.0002292526187375188,4.964803338225465e-06,6.92771266130876e-07,0.00012116243306081742,2.786031529922184e-07,6.784343327126408e-07,0.00014565722085535526,0.00013109418796375394,2.8795704565709457e-05
window-37465e47fb58af845070,595_90445_180229,ball,ball,0.9848857522010803,True,0.0001381614856654778,0.9848857522010803,0.009715408086776733,4.1300499020735515e-08,1.6165235138032585e-05,2.3735844933980843e-06,0.0009569620015099645,0.0018849549815058708,7.480059593945043e-06,0.00020300854521337897,2.7058924388256855e-05,0.00011125414312118664,1.1781479543060414e-06,5.087167664896697e-07,9.436843129151384e-08,0.0015744426054880023,8.070247758951155e-07,5.195766789256595e-05,1.056009409694525e-06,3.245663947382127e-06,0.00014861815725453198,5.845279247296276e-07,7.404980351566337e-06,0.0002581935259513557,2.5898018520820187e-06,4.1746608303583344e-07
window-166bbe270b22b32554a8,595_90445_180229,ball,ball,0.9121377468109131,True,0.030529791489243507,0.9121377468109131,0.009552208706736565,1.776989120116923e-05,1.4260736236337834e-07,8.374077538064739e-07,0.03158930689096451,0.0009938477305695415,1.0146272444444548e-07,9.691651212051511e-05,1.4817821465840098e-05,3.005028759162087e-07,1.6293231965391897e-05,1.8686927205635584e-07,5.074909936730876e-10,0.001792629947885871,4.055158933624625e-05,0.007990586571395397,0.0034755298402160406,1.2023858175780333e-07,0.0017198879504576325,5.76878335323272e-07,5.6952685554279014e-06,2.1062962332507595e-05,2.2500928480440052e-06,8.513067086823867e-07
window-ee6e0f1154a08e0bd3e9,168_18361_34847,baseballbat,baseballbat,0.6213280558586121,True,9.662251977715641e-05,6.808672878833022e-06,0.6213280558586121,0.0024059393908828497,0.030999502167105675,0.009698169305920601,0.0009850525530055165,0.06345274299383163,2.031417096759469e-07,0.0007604803540743887,8.109899499686435e-05,2.3658389181946404e-05,0.001939627225510776,0.12232545763254166,1.4171877182889148e-06,0.0003413782687857747,0.0029329312965273857,0.0003912018146365881,3.0573835829272866e-05,1.28879537442117e-05,3.4957767638843507e-05,7.018047199380817e-06,0.029318509623408318,0.11240050941705704,6.681666491203941e-07,0.00042451577610336244
window-b8f15f6f28dc081688d2,168_18361_34847,baseballbat,baseballbat,0.9985841512680054,True,1.0777160241559613e-05,1.2202308425912634e-05,0.9985841512680054,8.55350026540691e-06,2.4423467039014213e-05,1.8886224495417991e-07,1.278325726161711e-06,0.00030357850482687354,2.1446137921099506e-10,9.86457962426357e-07,1.9275028080301126e-06,3.121021450169792e-07,3.0752467864658684e-05,3.658687637653202e-05,8.775708693065098e-08,1.1564824262677575e-06,1.7321134464509669e-06,9.178721782632238e-09,2.2205913410289213e-06,1.1116411258171865e-07,3.164063286931196e-07,4.081860183191566e-09,4.288676063879393e-05,0.0009355643414892256,6.379479344786887e-08,6.110631289857338e-08
window-c37a5eadb0a1733166c5,168_18361_34847,baseballbat,baseballbat,0.752040684223175,True,0.00015759696543682367,0.0004619061073753983,0.752040684223175,0.20022685825824738,7.932775042718276e-05,3.010944737980026e-07,1.2009932106593624e-06,0.007335667032748461,8.82331079310461e-08,1.538472315587569e-05,2.7855188818648458e-05,1.5313340782086016e-06,0.00030764754046685994,0.00367407756857574,8.879005264361695e-08,2.2921860363567248e-05,9.143691568169743e-05,3.874336229614528e-08,1.6823485111672198e-06,3.9859372918726876e-05,2.7734035938919988e-06,3.2796130255974276e-08,0.02608521841466427,0.009257304482161999,2.1598785679088905e-05,0.00014688685769215226
window-d43de7cb59b15135f022,168_18361_34847,baseballbat,toytruck,0.6219207048416138,False,0.06313078105449677,0.0064046550542116165,0.01793239265680313,0.008298548869788647,0.0014380976790562272,0.008459838107228279,0.0015825360314920545,0.04686782509088516,7.002413582313238e-08,0.013055269606411457,0.00015811933553777635,1.5223243281070609e-05,0.07444214820861816,0.000549574731849134,8.993289520731196e-05,0.003534806426614523,0.11704197525978088,5.114969826536253e-05,0.00027660230989567935,0.00011355071910656989,4.4394806764103123e-07,6.4141991060751025e-06,0.012846591882407665,0.6219207048416138,4.776655259774998e-05,0.0017350558191537857
window-914c951443259f053dfc,186_20091_37188,baseballbat,carrot,0.7366714477539062,False,7.035473572614137e-06,1.9380173398531042e-05,0.25757700204849243,6.692197871416283e-07,0.00033434052602387965,2.565848944868776e-06,3.156898674205877e-05,0.7366714477539062,2.8896702808367536e-09,1.0495728020032402e-07,5.652029358316213e-06,3.968217242800165e-06,2.882106997503797e-09,0.0003893001994583756,2.663614168341155e-06,2.869055379051133e-06,5.957539173095938e-08,1.5013043030975837e-09,0.004475675988942385,2.1403150185506092e-06,6.24833774054423e-06,2.295757139947341e-09,0.00024086226767394692,0.000226408606977202,7.767695109350825e-08,1.3201346682478743e-08
window-86e277dac67d9bf1ba7b,186_20091_37188,baseballbat,baseballbat,0.9559183716773987,True,0.0001339354639640078,0.00025199385709129274,0.9559183716773987,8.63141451645788e-07,0.0001955003826878965,0.0009077928261831403,1.4694670426251832e-05,0.02722468413412571,2.294623845955357e-05,1.1643945981631987e-05,2.445701511533116e-06,0.0035003472585231066,5.173613999431836e-07,0.000446405349066481,1.532568785478361e-05,0.0009619196061976254,1.6319113456120249e-06,5.7402783568250015e-05,0.0019721935968846083,2.0138983813922096e-08,1.9978060663561337e-05,2.2826334600267728e-08,0.007952193729579449,0.0003788477333728224,3.6290921343606897e-06,4.828258624911541e-06
window-5393ee450dadd7d2b07a,186_20091_37188,baseballbat,carrot,0.5652084946632385,False,0.00010788132931338623,0.00040343691944144666,0.4230334460735321,8.534619837519131e-07,5.102608156448696e-06,4.107136646780418e-06,8.665561836096458e-06,0.5652084946632385,2.1960038232293755e-09,1.145469710195357e-07,0.00024013924121391028,2.3975926524144597e-05,2.061663478825082e-10,6.082931940909475e-05,6.104951921770407e-07,0.00013551069423556328,2.0420458213266102e-07,2.413292747860396e-07,0.004730600398033857,1.0896275881577822e-08,3.339887371112127e-06,4.364541505985642e-10,0.005788416136056185,0.0002427521103527397,1.2627931766928668e-07,1.0975904842780437e-06
window-978b67275dda9f7e6996,186_20091_37188,baseballbat,baseballbat,0.9661316275596619,True,9.393745131092146e-05,0.0025404084008187056,0.9661316275596619,7.207278395071626e-05,0.0034799049608409405,0.00046923107584007084,7.997619832167402e-05,0.0020045132841914892,8.748988307161198e-07,2.8105814635637216e-05,1.1848465874209069e-05,0.0002457419177517295,8.714479804439179e-07,0.00019610574236139655,3.617053380366997e-06,0.0020189806818962097,6.093654974392848e-06,2.634141310409177e-06,0.01627872884273529,8.446403967354854e-07,5.820631486130878e-06,1.6150434589690121e-07,0.006181720178574324,0.0001423780049663037,8.637499036012741e-07,2.8796164315281203e-06
window-8e863ae24f96b9082b30,207_21922_46427,baseballbat,baseballbat,0.9988932013511658,True,4.773762157128658e-06,0.0006266581476666033,0.9988932013511658,0.0001374859275529161,3.325436814805016e-09,2.91858892609298e-09,9.961963476357028e-10,0.000178709757165052,0.00013365314225666225,1.695330666962036e-07,6.8618651312135626e-06,1.3691567324336518e-10,1.511440306245504e-09,2.734581983077078e-07,3.649346158596245e-09,1.547864503237406e-09,1.7207756053405632e-11,6.2211529261446685e-09,5.583054907276619e-09,1.2893263123814336e-09,7.635757581780922e-10,4.010766133433208e-06,1.3809980373480357e-05,2.6045432832688675e-07,1.8504209275960193e-10,3.602314890827074e-08
window-6755aa61523a6ad6f5f5,207_21922_46427,baseballbat,baseballbat,0.9691739678382874,True,1.1384111076040426e-06,0.004439881071448326,0.9691739678382874,3.580165503080934e-05,8.76820593020966e-07,4.6595687308581546e-08,1.301302732237275e-09,1.2308579243835993e-05,0.02533530816435814,2.815660764099448e-06,0.00015630078269168735,1.5161064936819457e-07,6.238318019313738e-05,4.1120611626865866e-07,2.372527063698726e-07,2.3945340217323974e-06,3.7481897585678325e-09,1.6447863904200943e-10,3.8183542439007567e-10,6.046654843494537e-11,7.477029551061776e-10,2.3570325993205188e-06,0.0004530453297775239,0.00032048122375272214,2.0255302643490403e-11,1.3203629123381688e-07
window-e5bc5c2b14f606d587c2,207_21922_46427,baseballbat,baseballbat,0.9960804581642151,True,1.1938663946331474e-10,1.1287595498288283e-06,0.9960804581642151,2.815179141180124e-05,9.288813641872284e-12,4.245955323445294e-11,1.1329917445858026e-13,6.138282060419442e-07,0.0014364904491230845,0.0004937507910653949,5.853626611207474e-11,0.00012283187243156135,1.6396309310273693e-10,0.00012069895456079394,3.063810027015279e-06,0.00018495747644919902,1.5851291390589495e-09,3.5710204960103897e-16,6.5412106646219135e-15,3.913599912891419e-12,2.4358823291770193e-10,1.3349074734492206e-08,0.0013151075690984726,0.0002093521470669657,1.610550555142254e-07,3.2690816169633763e-06
window-7dfa3cba1c470c9e35b8,394_48666_96323,baseballbat,baseballbat,0.9323238134384155,True,6.964127533137798e-05,0.0013912005815654993,0.9323238134384155,0.00010310959623893723,4.510779763222672e-05,7.250532396696485e-10,3.530305184540339e-05,0.0011446286225691438,3.753519592919474e-07,1.6053290892159566e-05,3.2034265018410224e-07,1.4115464182395954e-05,3.48863444799008e-08,1.2588867321028374e-05,1.918067482620245e-08,0.051441747695207596,4.7525920698898716e-11,4.67759164735071e-10,3.738396117114462e-06,1.0500090752429969e-07,1.1775260873037041e-06,2.424691114555344e-09,0.011217767372727394,6.5755688410718e-05,0.0021082365419715643,4.995004019292537e-06
window-e78e9af3dfa2630229c0,394_48666_96323,baseballbat,baseballbat,0.9909511804580688,True,1.5459037967957556e-05,2.9126627850928344e-05,0.9909511804580688,8.786961552686989e-05,3.5078965083812363e-06,9.444166337857496e-09,8.142482670336904e-07,0.0007991816382855177,2.785812469596749e-09,2.3598802556534793e-07,7.978990801404962e-10,5.180390516557054e-08,1.575383180352219e-06,7.681858733121771e-06,1.3868507453551615e-09,0.0008370360592380166,3.132466304123227e-07,2.0618985629994313e-08,1.7782622308004647e-05,5.2822322516021813e-08,4.0830795455804036e-07,3.112508473179787e-09,0.007182633969932795,3.219946302124299e-05,2.9883618481107987e-05,2.907998577938997e-06
window-a5ed4a4d624dabfe665d,394_48666_96323,baseballbat,toyplane,0.6748255491256714,False,0.0007933632587082684,5.0093894969904795e-05,0.029058074578642845,0.005754772108048201,0.0003759203536901623,1.605552579775349e-09,3.925993041775655e-06,0.00745796412229538,5.6679212434573856e-09,7.218006885523209e-07,4.4596261432161555e-05,4.345447557341231e-09,2.1201593369823968e-08,4.368325608083978e-05,2.247185904025173e-08,0.27760469913482666,1.0515034676306101e-10,8.495462666679998e-11,0.0037233741022646427,2.1401581307145534e-07,1.2475474875373038e-08,4.869360470394213e-10,0.6748255491256714,0.0002626909699756652,3.009957936228602e-07,7.529495360536487e-10
window-6d777b1f1db63e333e2a,394_48666_96323,baseballbat,ball,0.7952386736869812,False,0.006097579374909401,0.7952386736869812,0.023311443626880646,0.0014820735668763518,0.002671444322913885,4.7639628064644057e-07,0.004154950845986605,0.020072970539331436,6.0141781432321295e-05,6.744279744452797e-06,1.4078240155868116e-06,0.00044404069194570184,5.552025186261744e-07,0.0003214543976355344,8.304485987764565e-08,0.01793373003602028,5.330894055077806e-07,0.003347688587382436,0.029529917985200882,2.460697760398034e-05,1.1514106290633208e-06,1.553148365474044e-08,0.09141159057617188,0.0036926979664713144,9.450385550735518e-05,9.951599349733442e-05
window-231e5b39a3c777b69244,399_51041_100090,baseballbat,baseballbat,0.9012594819068909,True,0.0021307363640516996,0.0018019791459664702,0.9012594819068909,3.2309737889590906e-06,0.00048082249122671783,1.5108316802070476e-06,0.0007806224166415632,0.000679478922393173,0.0005302026402205229,0.0003036996931768954,0.0002306900278199464,0.0007513145683333278,0.0009748702286742628,9.286091517424211e-05,1.3372869034355972e-07,0.021143130958080292,5.037186312506492e-08,0.0003297392977401614,0.0036542017478495836,1.9065780634264229e-06,0.015699353069067,1.7827279634730075e-06,0.04853546991944313,0.00027996033895760775,2.3118811441236176e-05,0.00030969257932156324
window-03243b07a9f167440ade,399_51041_100090,baseballbat,baseballbat,0.6546468734741211,True,0.0003971360856667161,0.0058476743288338184,0.6546468734741211,9.478666811446601e-07,0.001332651823759079,1.4690286889162962e-06,5.042019620304927e-05,0.09695443511009216,0.00013060940545983613,5.774536020908272e-06,0.0008055069483816624,0.010773654095828533,0.00024947445490397513,0.0001927940029418096,8.359626946230492e-08,0.003981882706284523,2.339082882940602e-08,3.61036040885665e-06,0.009034729562699795,0.00033607150544412434,0.036500245332717896,1.0847516662693124e-08,0.1785489022731781,2.4349294108105823e-05,2.7299367502564564e-05,0.00015323881234508008
window-622975df20f235e33bf2,399_51041_100090,baseballbat,baseballbat,0.9987561702728271,True,1.1698649359459523e-05,2.5836960048764013e-05,0.9987561702728271,4.218986404680436e-08,7.606741564814001e-05,9.5131058586162e-09,2.948054316220805e-07,0.00038953032344579697,2.2073265881772386e-06,1.264797617750446e-07,6.707738521072315e-06,0.00017540437693241984,5.751232947659446e-06,3.146139306409168e-06,1.5201292669075883e-08,3.1302610295824707e-05,1.126079451907458e-09,6.595357593397466e-09,6.1002563597867265e-05,2.6973614239977906e-06,7.051966531435028e-05,1.0034871822384162e-09,0.0003790642658714205,8.099387400761771e-07,7.725213890807936e-08,1.6516590903847828e-06
window-b29c9a6624d8038a89c4,399_51041_100090,baseballbat,baseballbat,0.9973177313804626,True,3.6361831007525325e-05,1.5638850527466275e-05,0.9973177313804626,2.5769399947250804e-09,2.314066449571328e-07,2.1231308378055758e-10,8.752184044169553e-08,6.981474871281534e-05,4.3262230065010954e-07,1.1970999480581668e-07,9.497856581219821e-07,4.367682890915603e-07,4.928130692860577e-06,3.887977584327018e-07,3.4446109853369933e-10,3.175070014549419e-05,4.496861216729542e-11,7.325553497139481e-08,2.1174471385165816e-06,3.901196254929573e-09,0.0002505368029233068,3.292970340851298e-10,0.002267316449433565,6.150398235149623e-07,7.314467609376152e-08,2.9192290185164893e-07
window-ce6a097aa2666532a157,407_55027_106548,baseballbat,baseballbat,0.9999085664749146,True,4.350973995315144e-06,1.167404775515024e-06,0.9999085664749146,5.611792062154564e-07,1.326572913740165e-07,3.8805500479632826e-10,6.656463256149436e-07,6.221837975317612e-05,1.9273844673040053e-12,5.841459369548829e-07,1.7305155779467896e-05,6.550833209217899e-09,3.715779628432614e-10,3.397359705559211e-06,8.30194385459393e-11,1.1443726322113434e-07,3.6963567140446685e-07,3.772631929077619e-10,4.729782006052119e-07,3.602109444056367e-10,2.091517892210959e-08,2.2382384140540168e-11,1.6082828124819315e-10,3.355547661954006e-08,1.2934222581861832e-08,1.3026769885016165e-08
window-5c0ca6ea16fb7579c7d2,407_55027_106548,baseballbat,baseballbat,0.999466598033905,True,2.8172136808279902e-05,5.635915840684902e-06,0.999466598033905,3.149760345877439e-07,6.31095673497839e-08,8.934120665493595e-10,2.9511900720535778e-05,2.050868897640612e-05,1.3949861231432603e-11,1.950306977960281e-05,2.102653706970159e-05,1.0231411806671531e-07,1.520205350491466e-10,0.0003490523959044367,8.982150023761903e-10,4.728769636130892e-05,4.069188435096294e-06,1.4291805516819522e-09,1.1133691941722645e-06,1.6151149306864454e-09,2.806607710681419e-07,8.325074851711634e-09,1.3929888353914066e-08,2.493846551487877e-08,6.748068699380383e-06,8.492985159591626e-08
window-ad740dc9e132c424ca90,407_55027_106548,baseballbat,baseballbat,0.9999749660491943,True,4.557667125482112e-06,2.850744529325766e-08,0.9999749660491943,4.881856057181722e-07,1.2341940802684803e-08,7.350305364361986e-10,9.376641685321374e-08,3.7368092762335436e-06,2.3439095716421e-14,1.570306196185811e-08,1.0313061693523196e-06,6.357086856922933e-09,1.0895511055875051e-11,1.3355369446799159e-05,3.875043341761142e-11,3.0870022982298906e-08,4.261444808140169e-10,8.818734076321277e-10,1.5098809171831817e-06,2.332215844058627e-11,1.8106744992252288e-09,2.5414438891042945e-13,5.917516254783095e-09,3.9721867461928184e-10,2.0286183399775837e-08,1.191014620260944e-09
window-393490a3841598613c8b,407_55027_106548,baseballbat,baseballbat,0.9951653480529785,True,0.0001325411576544866,0.00023156122188083827,0.9951653480529785,5.257000884739682e-05,2.140040487574879e-05,5.626585419804542e-08,7.63812022341881e-06,0.00041992266778834164,5.4995299980653556e-11,6.890330405440181e-05,3.5720255255000666e-05,1.3202108561927162e-07,1.8669659151981932e-09,0.003814996685832739,2.531263376681636e-08,6.330298674583901e-06,1.1246171197853982e-05,3.5159384292882123e-09,9.086934369406663e-06,2.7017101444926084e-08,1.3396476106208866e-07,1.4095852263196207e-09,2.2543287236942433e-09,2.263439284888591e-07,2.118819065799471e-05,8.373460218535911e-07
window-3be161e11903ebdf8ad9,436_62184_122673,baseballbat,book,0.7593974471092224,False,3.48392882187909e-06,6.454538379330188e-06,2.362575651204679e-05,0.0014860646333545446,0.7593974471092224,1.2657817194394738e-07,0.0012375264195725322,2.9183571314206347e-05,2.7268351914244704e-06,4.7361663746414706e-05,1.3127335307672183e-07,0.0005298893083818257,1.2103782420780362e-09,0.10448194295167923,0.015151266939938068,0.11073087155818939,1.3418379740670616e-09,8.35965394685445e-08,0.00033933293889276683,1.3374592526815832e-06,2.5386082569411883e-08,3.3579931368876714e-07,0.005086041986942291,0.0013783385511487722,6.045281406841241e-05,6.009610842738766e-06
window-301e0d5d2a227dce7ce8,436_62184_122673,baseballbat,toytruck,0.47146177291870117,False,6.127238157205284e-05,7.344559435296105e-06,0.0007258567493408918,0.0034543571528047323,0.41674721240997314,2.767668547676294e-07,0.011052979156374931,0.0037428829818964005,2.6552112331046374e-07,0.0008817276102490723,3.0053042276989572e-09,0.0014747328823432326,5.753243437212063e-10,0.07013577222824097,0.0002961496647913009,0.006610873155295849,4.9687191250313845e-08,2.3604873149452033e-06,4.6136719902278855e-05,2.366488338623185e-09,2.6979523681802675e-06,6.963729504150251e-08,0.01326516829431057,0.47146177291870117,2.949471127067227e-05,5.732079557674297e-07
window-5a80a1af089ea252eb5f,436_62184_122673,baseballbat,book,0.24334414303302765,False,0.0029596637468785048,0.0009646109538152814,0.0047053443267941475,0.05438635125756264,0.24334414303302765,1.6326275442679616e-07,0.07965923100709915,0.0050729247741401196,0.0006883931928314269,0.0008857421344146132,8.316904427374538e-07,0.08171465992927551,5.28107420905144e-07,0.00016793474787846208,0.0025756563991308212,0.1915692538022995,3.441793126057746e-07,5.858594704477582e-06,0.01347319781780243,5.3948697313899174e-06,8.726962263949645e-09,0.00036337526398710907,0.21703842282295227,0.07734832912683487,0.023064328357577324,5.3292824304662645e-06
window-bc2335e0e067bff8b630,436_62184_122673,baseballbat,cake,0.48683521151542664,False,0.0028057554736733437,3.4329834761592792e-06,0.00015222081856336445,0.002867442322894931,0.29740220308303833,6.010226627495285e-08,0.48683521151542664,6.203375960467383e-05,5.720899480365915e-06,0.004420309793204069,8.926702867029235e-05,0.0003115180297754705,3.7024947552311005e-09,0.00013433131971396506,0.0023410734720528126,0.09085378795862198,4.0191005723499984e-07,1.1374037057976238e-05,0.06801513582468033,4.9293770842950835e-08,6.9382597445155625e-09,9.112268344324548e-07,0.00845295563340187,0.03516325727105141,2.5080591512960382e-05,4.6486398787237704e-05
window-ac260277c96210030123,74_6869_14767,baseballbat,carrot,0.44766250252723694,False,0.0031839695293456316,0.018877001479268074,0.08293750882148743,0.0002599471772555262,0.00542382150888443,5.6647800192877185e-06,3.319430470583029e-05,0.44766250252723694,4.191437597000913e-07,0.0001677877880865708,0.0016990613657981157,0.008721965365111828,2.6791793672487074e-08,0.0004104799882043153,9.227967439073836e-07,0.4077642560005188,8.199950940479539e-09,3.964248662668979e-06,0.009247868321835995,1.1442088521107507e-07,7.869581168051809e-05,1.1426043329265667e-06,0.0035197059623897076,0.00038268128992058337,3.5895450309908483e-06,0.009613728150725365
window-df21bbf850e86afb8734,74_6869_14767,baseballbat,bench,0.32067060470581055,False,0.0001262392761418596,0.003106751013547182,0.2769245505332947,0.32067060470581055,0.025659188628196716,0.00022956567408982664,0.0001846545492298901,0.004618506412953138,3.5913188867198187e-07,0.0002178595314035192,0.006635440979152918,0.11440210789442062,1.0177190233662259e-05,0.0002506850869394839,0.0007413580897264183,0.0312708355486393,6.257144580246177e-09,7.415235359076178e-06,0.007788939401507378,1.0047461529438806e-07,1.184528628073167e-05,8.092896308653508e-08,0.008214556612074375,0.003466275753453374,1.1556658137124032e-06,0.19546067714691162
window-7598ddaed8c02e62fe6c,74_6869_14767,baseballbat,handbag,0.28228244185447693,False,1.9164188813647343e-07,0.00013513732119463384,0.004071615636348724,0.024870615452528,0.1271565556526184,8.635221320218989e-07,2.8976441171835177e-05,0.2365856021642685,0.00023401911312248558,4.7236136424544384e-07,0.00156076205894351,0.28228244185447693,1.3708107537979686e-08,0.028749508783221245,2.288434643560322e-06,0.18260842561721802,6.176987454864502e-08,2.2305589482130017e-06,0.10875482112169266,2.4074327598100353e-07,2.313900949957315e-05,1.0575630767561961e-05,0.0019259023247286677,0.0006158557371236384,4.0791803712636465e-07,0.00037936176522634923
window-721bff73a50512dee089,74_6869_14767,baseballbat,sandwich,0.7903582453727722,False,0.002416525734588504,0.0913943275809288,0.020083477720618248,0.000508143741171807,0.016525505110621452,4.0665181586518884e-05,7.955928595038131e-05,0.04854774847626686,4.597503675540793e-07,2.740706804615911e-05,0.0006274255574680865,0.008291900157928467,1.533897716399224e-06,0.002745152683928609,5.098890596855199e-06,0.016406383365392685,5.411970316338e-10,2.968654655433056e-07,0.7903582453727722,1.4915045767338597e-06,0.0008065282600000501,5.47263523387187e-09,0.0007192993070930243,0.00012548019003588706,0.00013343687169253826,0.00015391482156701386
window-2df8d78d0afe554f0f09,206_21812_45932,bench,toytruck,0.9078980684280396,False,1.7024580074576079e-06,7.070918218232691e-05,5.233558113104664e-06,0.035108983516693115,2.8189504064357607e-06,3.2893083698581904e-05,1.1297108812868828e-06,1.642442271077016e-08,0.004052912350744009,0.00011191196244908497,4.966654501004086e-07,0.0012414578814059496,0.0483865812420845,1.1161484508193098e-05,1.3358081787373521e-06,5.825807875226019e-06,3.0159512789396103e-06,0.00020918616792187095,2.3790124032530002e-05,0.0002473183558322489,7.200831220188775e-08,2.7786442591271054e-10,0.001624132040888071,0.9078980684280396,0.0003223900275770575,0.0006369479815475643
window-bc974326f13890abc2cd,206_21812_45932,bench,bench,0.7188205122947693,True,7.223280817925115e-08,0.00014090836339164525,1.2218227311677765e-05,0.7188205122947693,5.175580554350745e-06,0.000390299828723073,4.436058588908054e-06,0.0011880026431754231,0.09928983449935913,7.881149940658361e-05,0.00010200823453487828,0.02832387201488018,0.056992292404174805,1.6997450074995868e-05,5.463870422772743e-08,0.0005133778904564679,0.00011375652684364468,0.00044827841338701546,3.2583709980826825e-05,0.034445323050022125,1.2673440323851537e-06,6.02305317443097e-06,0.002194623462855816,0.05628734081983566,0.0005695604486390948,2.2380771042662673e-05
window-3debc719bd916cb4a3d5,206_21812_45932,bench,chair,0.6743208169937134,False,2.916865193824947e-09,6.907199257000229e-09,1.3681644759344636e-06,0.3017593324184418,1.6788963819180935e-07,1.5716277630417608e-05,7.416844360896846e-10,5.407104708865518e-06,0.6743208169937134,8.22250626697496e-07,8.908085646908148e-08,0.00010741448204498738,0.0032254939433187246,1.499415247963043e-06,2.779743102365728e-09,1.21991615742445e-06,1.9431273301506735e-07,0.0003887730126734823,8.549425842829805e-07,0.01911221444606781,1.3010562627258082e-09,3.8946077474122376e-09,0.0006505000637844205,0.0003931894025299698,3.0805199457972776e-06,1.1881951650138944e-05
window-ef36ff4fce9047715189,206_21812_45932,bench,bench,0.8442675471305847,True,1.1196053861795008e-07,6.117766133684199e-06,2.526229764043819e-06,0.8442675471305847,3.1029790989123285e-05,0.00271278852596879,1.3318194191924704e-07,1.3118449260218767e-06,0.02608928084373474,0.0008236453868448734,5.095428787171841e-05,0.00013768761709798127,0.09008543938398361,1.7148702681879513e-05,5.3361372209792535e-08,6.196923436618818e-07,6.894229500176152e-06,1.1480530702101532e-05,3.4241340472362936e-05,0.0033963858149945736,1.3045204028117041e-08,1.1151494838657072e-08,0.00240042875520885,0.029030224308371544,9.906424338623765e-07,0.0008929648902267218
window-1cf0937527cf1bb5b7b3,421_58394_112538,bench,bench,0.8945367932319641,True,1.5565804005746031e-06,0.0002934001386165619,7.866947271395475e-05,0.8945367932319641,2.5306170492456204e-09,1.758058658651862e-07,4.095418717042776e-06,5.272348175822117e-07,3.309085059299832e-07,5.6753879373872e-10,5.860184337791452e-09,4.401281330501661e-05,1.3953768757346552e-05,2.8044726150255883e-06,2.6898541705122625e-07,6.13818817996048e-09,9.76331406832287e-08,2.072303686873056e-05,1.2075754618479095e-08,9.401634315509e-08,2.3062655951644473e-11,1.1396229515625578e-09,1.907553269120399e-06,3.4096736101218994e-08,0.10500052571296692,1.0650531567790722e-09
window-cc832c8ab3321703c1be,421_58394_112538,bench,bench,0.9988353848457336,True,4.371203488062747e-08,1.6821068129502237e-06,0.0005255441647022963,0.9988353848457336,6.348237775455345e-07,1.7695111154125698e-08,2.3722086552879773e-05,1.0542103012767257e-07,3.628018419021828e-08,3.0514331061937128e-09,1.1164084767756322e-08,0.00039407919393852353,2.895822217396926e-05,3.855495833704481e-06,9.761034647226552e-08,1.497390544891175e-09,5.722698688259698e-07,2.3886182134447154e-06,2.503346934190631e-07,3.1338050376916726e-08,1.4992746599773454e-08,2.422769739496289e-06,1.0334651534549266e-07,0.000138492148835212,4.161549441050738e-05,7.222356046554523e-10
window-b48e9cf8a1b9c17d8a9a,421_58394_112538,bench,bench,0.9838653206825256,True,3.2182839726502266e-10,8.787532692622335e-07,1.1227775758015923e-05,0.9838653206825256,4.296663469460782e-09,8.122253802866908e-08,3.4282071283087134e-05,9.249761774299259e-07,1.0664594896070412e-07,6.816009090471198e-09,4.149293797439668e-09,0.00025530304992571473,2.484939159330679e-06,1.122661979024997e-05,3.141413117191405e-06,3.199843723322715e-09,6.387279682940061e-08,1.0009229001184394e-08,8.992363298432338e-09,2.592493775210869e-09,9.994315271211196e-12,7.74007133941268e-08,8.261171728918271e-07,1.1570519973247428e-06,0.015812719240784645,9.548869250863845e-09
window-d5270078e520aaa32eb0,421_58394_112538,bench,bench,0.9999992847442627,True,1.1797477599863326e-13,1.8057821904449156e-10,1.0188604404604007e-09,0.9999992847442627,8.774795126620383e-12,1.6264177775827254e-13,1.2122865200581145e-07,9.463326823555551e-12,5.497417104871616e-11,1.2408981008265717e-14,7.646756491896944e-12,4.5289878514154225e-09,8.40654490463777e-11,1.4091423861106733e-10,9.498617448144842e-10,7.649228608375483e-14,2.889777479808675e-11,2.3353649743207416e-12,4.2489132329702473e-13,4.945080803175905e-12,1.088823838355608e-14,2.2452434876585325e-12,1.4996507724865382e-12,9.98676163987966e-09,5.921082220083917e-07,1.5673441751819055e-14
window-40f48a83af006b93911c,429_60409_117276,bench,baseballbat,0.6887906789779663,False,1.3457214436130016e-06,3.1341102157966816e-08,0.6887906789779663,0.3110751807689667,1.3109472618566542e-08,4.850159770336537e-12,3.6223437405169534e-07,5.771260475739837e-06,7.217685924842954e-05,6.60201049385023e-09,7.911684178907308e-07,2.9184928280301392e-05,1.0755266677264785e-09,4.108545965664234e-07,1.7913661665147629e-09,1.096552395551953e-07,4.311000623147265e-08,5.8440530636971744e-08,2.0548755855998024e-05,1.1219516427019016e-09,3.92020887973743e-10,1.3158485216990812e-06,1.3562895162522182e-07,1.528550797047501e-08,1.0619331760608475e-06,7.636681402800605e-07
window-8d5daff682378519ac47,429_60409_117276,bench,bench,0.9774011373519897,True,1.3640867102537868e-08,1.5469868941409004e-08,0.0035132369957864285,0.9774011373519897,4.161056949669728e-06,7.58142160162123e-12,1.982198796213197e-07,9.375004083267413e-06,5.316444730851799e-05,7.203878826800292e-09,1.4348943908060185e-11,0.0005434241029433906,2.1383986847922642e-07,4.5966311290612794e-07,5.2448708487418116e-08,3.157542096232646e-06,3.995698716607876e-05,1.3040752492088359e-05,1.6077231634881173e-07,4.4847450908491737e-07,1.4476133181062778e-08,3.306258733459799e-08,0.01839308626949787,2.0739476894959807e-05,1.0914171753029223e-06,2.754364686552435e-06
window-725594b59f02fbbc47a2,429_60409_117276,bench,chair,0.4293075501918793,False,0.005485467612743378,4.7479737986577675e-05,0.05499962344765663,0.1039372980594635,0.0014585329918190837,5.5194682602177636e-08,0.09540649503469467,0.0021900758147239685,0.4293075501918793,0.0021935959812253714,5.342234544514213e-06,0.0065703969448804855,1.8095224163516832e-07,1.569462074257899e-05,0.0006795236258767545,0.002895219484344125,6.106369983172044e-05,0.0179953183978796,0.04704815894365311,1.312484255322488e-05,1.6111701484078367e-07,0.004030456300824881,0.13774724304676056,0.08465934544801712,0.0004414387803990394,0.002811079379171133
window-8640de36be7c6dec1fb0,429_60409_117276,bench,bench,0.5594139099121094,True,2.6734270353045986e-10,1.263327220613064e-07,5.313164001563564e-05,0.5594139099121094,0.019186705350875854,5.852946599604891e-11,7.014821221673628e-07,1.4405939907646825e-07,2.0873147832389805e-07,7.537929036516289e-07,2.7033800545361863e-12,5.208365738695875e-09,1.113136752911581e-11,1.7490245909357327e-06,0.4134962260723114,5.488274013032424e-08,2.6981713745044544e-05,5.84297026762215e-07,1.4243049406559294e-07,1.0179052045700132e-10,1.0890092647097838e-11,0.006657474208623171,0.00010837541776709259,0.0010164848063141108,3.398058470338583e-05,2.2304941467155004e-06
window-80cfd424c9df37bd6ee3,437_62527_123384,bench,chair,0.9693198204040527,False,1.1890132434189127e-08,1.1651026397885289e-05,0.0023476160131394863,0.025805030018091202,1.9292765500722453e-06,2.55218237725785e-05,3.8101745758467587e-07,6.758125437045237e-07,0.9693198204040527,0.00015202173381112516,1.3435709433906595e-07,8.340047497767955e-05,0.0005663784686475992,0.0001643847208470106,0.001111334189772606,2.6259746732648637e-07,7.055882633721922e-06,3.909742645191727e-06,2.426916410058766e-07,4.649216862162575e-06,2.6988120680471184e-06,9.533871889289003e-06,0.00012424336455296725,1.3594617485068738e-05,0.00018874590750783682,5.4817821364849806e-05
window-bce0b3e4e74ef094e059,437_62527_123384,bench,chair,0.9586918950080872,False,8.32960256325066e-10,5.864574745828577e-07,0.00042111557559110224,0.03540000692009926,5.305255399434827e-05,2.9353245167840214e-07,1.312748167947575e-07,5.389335342442791e-07,0.9586918950080872,8.314326805702876e-06,6.815893812017748e-06,0.00010309015488019213,9.989458931158879e-07,0.0005086465389467776,0.004164305981248617,1.465664922761789e-06,7.007054847463223e-08,2.3951697585289367e-06,9.39519662068733e-09,1.5748444639029913e-05,8.309280374874106e-09,6.94053198913025e-07,1.930616377876504e-07,4.4095548901168513e-07,0.000603685446549207,1.5526778952335007e-05
window-08a7237bc824a262f34d,437_62527_123384,bench,chair,0.7870743274688721,False,6.382872015819885e-06,0.00021792999177705497,0.0018728254362940788,0.18372780084609985,5.785765824839473e-05,1.146252657235891e-06,2.783029458441888e-06,0.0003047025529667735,0.7870743274688721,3.094467319897376e-05,2.336892748644459e-06,0.0004246612952556461,1.1840690604003612e-05,0.012482735328376293,0.0002894742938224226,1.5168293430178892e-05,1.1025369985873112e-06,1.3042310456512496e-05,5.249739115242846e-05,2.7928497729590163e-05,1.0315437066310551e-05,1.2488520724218688e-06,0.0071245520375669,0.0046834214590489864,0.0015423228032886982,2.070227128569968e-05
window-f93668c01f871e316bca,437_62527_123384,bench,chair,0.9682257175445557,False,1.03860759992358e-08,0.0009182568173855543,0.0017076333751901984,0.02621154487133026,0.0001149569361587055,1.5198182836684282e-06,3.2607072171231266e-06,0.00033728164271451533,0.9682257175445557,0.00012999409227631986,0.00020302283519413322,8.19345805211924e-05,0.0003258439537603408,0.001345852273516357,4.745285332319327e-05,4.937992707709782e-05,1.3163822814021842e-06,7.056900699353719e-07,3.652457962743938e-07,2.225503521913197e-06,4.189464846149349e-07,4.319059371482581e-06,5.80913990688714e-07,1.5210182027658448e-05,0.00023524842981714755,3.6059489502804354e-05
window-f4df28dbc88245119422,471_66547_130935,bench,bench,0.991685152053833,True,2.4579141609137878e-05,0.00059551652520895,0.003187740920111537,0.991685152053833,1.541453821118921e-05,6.183092045830563e-05,1.1010695999402742e-07,2.6646130208973773e-05,6.619864143431187e-05,1.4041415852261707e-05,8.368862580709902e-08,1.1135000477224821e-06,0.00013145637058187276,2.2997699034021934e-06,6.752611807314679e-05,2.2642350927526422e-07,0.0006023789173923433,7.119076883554953e-09,8.914539506577057e-08,0.00020172307267785072,9.361198181068175e-07,0.0007064559613354504,0.00041067879647016525,0.0021790030878037214,1.2486324521887582e-05,6.445522558351513e-06
window-bf7c326bb93de2fcc4fe,471_66547_130935,bench,bench,0.999670147895813,True,3.0980043419504e-08,2.998729655701027e-07,1.8488331932076107e-07,0.999670147895813,3.3163746748776646e-10,5.569667504978781e-10,6.189869594663833e-08,6.372750362970692e-07,3.578754004252005e-08,1.3568702827981838e-09,1.1892800633184208e-10,8.746957064431626e-06,0.00031354764360003173,1.3306432720128214e-06,3.6449370099944645e-07,9.237600693268178e-07,7.151285785766959e-07,1.3572112878001974e-10,3.779264956538242e-10,1.0874219924517092e-06,5.7296855260347e-08,1.2059585330348455e-08,3.826628187653114e-07,1.438708068235428e-06,7.053522921296462e-08,4.4979504565390016e-08
window-a5b7912db7e94bfd224f,471_66547_130935,bench,bench,0.9999948740005493,True,4.61491012071491e-10,1.3773642670855679e-08,3.5879522783943685e-06,0.9999948740005493,9.830013247835723e-09,2.2902046925565855e-10,3.9029243725785534e-10,1.5630639893515763e-08,4.735082465012752e-11,2.0091464136839932e-07,2.1754690063269244e-13,1.120029957668578e-09,1.3119776376413483e-09,2.6244885376058846e-08,1.0823868912268608e-08,1.2523479649140246e-11,2.08756940622834e-08,2.9136049128908326e-09,3.1832447788815443e-10,5.5282383115695666e-09,1.5998882774148626e-10,4.619414895046248e-08,4.5835648165848397e-07,2.944601718013473e-08,1.7229321969125522e-08,7.919531412881042e-07
window-9524d443d1650d32ea07,471_66547_130935,bench,bench,0.9998904466629028,True,1.403283178547099e-08,1.9047956811846234e-06,3.6879022058400324e-09,0.9998904466629028,3.352820669988432e-07,1.4454599739366358e-09,8.021079356268501e-10,2.778828047667048e-07,2.144626023437013e-06,2.688347677803904e-08,9.303763315315905e-10,2.991395930962426e-08,6.328106792352628e-06,2.6959962724504294e-06,4.964177264810132e-07,7.180627648040172e-08,9.350859909318388e-05,1.0896907820523438e-09,1.226975299140065e-09,1.1844131897476018e-08,4.189335336968192e-11,3.991562635974333e-08,2.9998736827963057e-09,9.109028269449482e-07,5.548729404836195e-07,2.4931213715717604e-07
window-7b016325495ec0556781,503_72336_140773,bench,toytruck,0.603484034538269,False,1.3560296885373191e-08,6.750190095772268e-07,0.0005117966793477535,0.0031434576958417892,0.12979786098003387,1.2459433946787613e-06,0.0028322881553322077,0.0003060018934775144,0.006631212309002876,0.01792757771909237,6.079883405618602e-06,0.0014872465981170535,1.601686783203604e-08,0.028913605958223343,0.17753289639949799,0.025882458314299583,3.577660891096457e-06,7.106866632966558e-07,0.00020875409245491028,1.196909380496436e-07,1.9381179299671203e-05,1.6631045582471415e-05,0.000967183499597013,0.603484034538269,0.0003241748199798167,1.0122128060174873e-06
window-16f1aeb2f686b6c5797c,503_72336_140773,bench,wineglass,0.40582555532455444,False,0.0009930928936228156,1.907373734866269e-05,0.0009184764930978417,0.08040692657232285,0.3507349193096161,5.429149496194441e-06,0.0013254489749670029,0.0004130202578380704,0.0012274940963834524,3.8729311199858785e-05,0.001171126146800816,0.11467164009809494,2.8474391911004204e-07,0.02917027473449707,0.005909329280257225,0.0008183629834093153,4.829577846976463e-06,0.00010363927867729217,2.4005781597224995e-05,1.723625246086158e-05,0.00026491101016290486,0.0004105732368770987,0.0001012817447190173,6.814366497565061e-05,0.005356217734515667,0.40582555532455444
window-bcb299452dfb8b94b16c,503_72336_140773,bench,kite,0.6897892355918884,False,0.00016357380081899464,1.4396415508599603e-06,0.0009733010083436966,0.0007929455023258924,0.2180512249469757,4.577244453685125e-06,0.0022618102375417948,0.004751128610223532,0.0010260617127642035,0.0017509772442281246,2.0298464278312167e-06,0.005846515763550997,7.288657855042402e-08,0.6897892355918884,0.0028091217391192913,0.026630949229002,2.6099383987343572e-08,2.3515840439358726e-06,0.03723263368010521,1.0634726095304359e-06,0.0005261030746623874,8.474470632791054e-06,0.007117193657904863,8.822941163089126e-05,0.00016606654389761388,2.9875675409130054e-06
window-128d8d167042a08a13fe,503_72336_140773,bench,book,0.4129336178302765,False,5.672297120895564e-08,5.7917686717701145e-06,0.00019168831931892782,0.01574053056538105,0.4129336178302765,8.475505524074833e-07,7.644259312655777e-06,0.00012564605276566,0.0028172435704618692,0.014605538919568062,2.5493227440165356e-06,2.877996848837938e-05,2.429184142727081e-08,0.2830975651741028,0.23228225111961365,0.01159968413412571,1.365368262895572e-07,1.0363496585341636e-05,1.079929370462196e-05,5.518851935448765e-07,0.0007784918998368084,3.624893906817306e-06,0.0009453035891056061,0.0247919000685215,1.870997039077338e-05,6.246215775718156e-07
window-809d663919d3f7e6a6a5,519_74529_145173,bench,book,0.9944235682487488,False,2.794918714243977e-07,2.0937296341116962e-08,8.602332673035562e-05,0.000807862903457135,0.9944235682487488,1.69698159879772e-05,1.6687137360804627e-07,5.497085567185422e-06,4.344513897941438e-12,2.137038421778925e-07,1.5853117929509608e-08,0.004284906666725874,1.8667347667644663e-09,7.179078238550574e-07,4.834204787584895e-07,9.160598892776761e-06,1.081192253782337e-11,2.3863494513776118e-11,1.9052029074373422e-06,9.216303453740693e-08,1.4006059333160348e-11,5.049958229363938e-10,0.0003421669243834913,1.999069718294777e-05,1.354493600613793e-10,6.9195618124240355e-09
window-af336489cddeae681c7c,519_74529_145173,bench,handbag,0.6623589396476746,False,8.5897262636081e-09,0.00011919083044631407,0.004151590168476105,0.2035374939441681,0.00903074536472559,0.005497784353792667,0.001058273366652429,9.939808660419658e-05,6.162039323243107e-09,1.9510156562319025e-05,3.2080129130918067e-06,0.6623589396476746,3.9647437688472564e-07,0.0004232501960359514,3.883739736920688e-06,6.101865801610984e-05,6.764846460782792e-10,2.0199127902742475e-05,2.3769902327330783e-05,3.3483745937701315e-05,3.1261602195797877e-09,5.067066055630676e-08,0.11285025626420975,0.000707024650182575,3.1346047535407706e-08,4.5282681071512343e-07
window-5c4e846aceeaa8e5bc49,519_74529_145173,bench,bench,0.6003291606903076,True,4.6575661372116883e-07,0.0020037207286804914,4.66839483124204e-05,0.6003291606903076,0.015261003747582436,0.0020967768505215645,0.2639014720916748,0.0803537592291832,2.2125778542658736e-08,0.0014254539273679256,0.0003346995508763939,0.0005730997654609382,7.21747892384883e-06,9.913964458974078e-05,3.467113128863275e-05,0.00019710726337507367,0.00012104334018658847,2.6693098220675893e-07,0.0003154707374051213,8.498158621250695e-09,7.04578173582604e-10,1.0406255341877113e-06,0.00010997110075550154,0.028198376297950745,1.439140487491386e-05,0.004574918653815985
window-7cb704e5b32dc752c6f8,519_74529_145173,bench,cup,0.5983355641365051,False,4.5633255467691924e-06,3.6738876474373683e-07,0.008205882273614407,0.08136454969644547,0.0008080703555606306,0.02164342813193798,0.0008924283320084214,0.0057614645920693874,9.423583441359185e-11,0.5983355641365051,0.0003489978553261608,0.15017329156398773,3.622468057074002e-06,4.184787940175738e-06,9.204211437463528e-08,0.0029453549068421125,2.713821061206545e-07,6.612609922740376e-06,0.12045417726039886,0.0006687495624646544,1.6352143250575324e-10,7.253144929109112e-08,0.006858916953206062,0.0014350359560921788,2.8857568850071402e-06,8.139954297803342e-05
window-87b77ca360831103ba06,580_86066_169648,bench,sandwich,0.6820627450942993,False,0.051274269819259644,0.0007386801298707724,3.1344114044713767e-13,2.676529931022742e-08,1.0982760478839282e-08,3.1302313345804578e-06,5.286668056214694e-06,6.509974923574191e-07,4.1932846528425216e-08,0.020155591890215874,0.21748515963554382,6.062682300633782e-11,0.005076336674392223,2.4078242404357297e-06,0.00012271708692424,4.461098512820172e-08,2.336511251144202e-08,1.0045334420283325e-05,0.6820627450942993,4.642519115805044e-07,2.848351505235769e-05,3.8853605133226665e-07,2.4349825267222514e-08,5.0446839594542325e-08,1.1308649572328022e-09,0.023033320903778076
window-aa1b4fdc5be6de01bdaa,580_86066_169648,bench,cup,0.8714765310287476,False,1.64526579737867e-06,9.08680775069115e-09,1.4124109867785783e-11,4.311767831666202e-09,4.1307418596758794e-10,2.3047043669066625e-06,1.570296376485203e-06,1.5916182150021996e-08,2.087094799207989e-06,0.8714765310287476,2.5989344067056663e-05,2.895411057579622e-07,9.235835932486225e-06,7.742382734932107e-09,2.5759047161955095e-07,9.694536284854394e-10,1.8365994836067046e-10,1.5063334330989164e-06,0.12846386432647705,1.0255030247208197e-05,2.3580101071729587e-07,5.097155622024729e-07,7.745001084913383e-08,1.4280833227076073e-07,2.3157165421339165e-11,3.556483079591999e-06
window-40e207d7eeec4c41b28a,580_86066_169648,bench,wineglass,0.5059264302253723,False,0.0012693231692537665,4.560531669994816e-05,2.3868722970332712e-11,8.13496647822376e-09,2.4302195672509797e-11,1.3531778222386492e-06,6.6514216996438336e-06,1.795010433625066e-07,2.024162526481632e-08,0.4924602508544922,0.00019071150745730847,5.510925049634352e-10,3.4391461667837575e-05,1.8906650550709614e-11,4.168703162577003e-05,1.2534670190689212e-07,6.5392504779160365e-12,1.4810249027163991e-08,2.3128077373257838e-05,1.3657347608386772e-07,1.8978163485172672e-10,2.0684909340928925e-09,5.4583011888098554e-08,1.9321860778021005e-10,1.5743144288205002e-10,0.5059264302253723
window-362f6f76a3b3360f4c0b,599_92255_182422,bench,bench,0.4626666009426117,True,7.441850812028861e-06,1.8145638023270294e-05,2.5286055915785255e-06,0.4626666009426117,9.15832060854882e-06,8.480614610562043e-07,0.04999101534485817,0.00022381586313713342,0.0003284755803178996,4.357547368272208e-05,1.4551640106219565e-06,0.0006611638236790895,0.006304103881120682,2.7274685976408364e-07,0.0009619648917578161,2.430715994705679e-06,0.007464852184057236,5.4322590585798025e-05,0.45059865713119507,0.01359894871711731,6.182041397551075e-05,6.073221447877586e-05,9.7275751613779e-06,0.0008058669627644122,2.1078396457596682e-05,0.006101036909967661
window-4646fe243b6d29b515d3,599_92255_182422,bench,bench,0.9730686545372009,True,1.1801434993685689e-06,9.675505862105638e-05,0.002229310106486082,0.9730686545372009,2.3405840465784422e-07,1.7989231082538026e-07,0.006581164430826902,0.0008103412110358477,6.323043066913669e-07,9.109110976623924e-08,2.0071835749035927e-08,0.00018110268865711987,2.1962799579000603e-08,1.2192420399514958e-05,0.0007168593583628535,2.3231669388223963e-07,0.011394049972295761,2.019513340201229e-05,0.004377779085189104,0.000461175455711782,3.5441297541183303e-07,2.855238001586713e-08,7.04396256878681e-07,9.116125511354767e-06,3.386860771570355e-05,3.70371958524629e-06
window-02becb314f5058d3add7,599_92255_182422,bench,bench,0.9716736078262329,True,2.0910079911118373e-05,1.0503726116439793e-05,2.982465048262384e-06,0.9716736078262329,1.9636804182709966e-08,1.2162787754732562e-07,5.3156352805672213e-05,4.468246288524824e-07,0.00011649834050331265,2.6023286636700504e-07,5.360354407457635e-06,0.00011350094428053126,7.512998308811802e-06,5.233308684182703e-07,2.161394149879925e-06,3.310104148113169e-05,5.276884985505603e-05,1.1867020475619938e-05,0.0265656728297472,0.0010111406445503235,4.379589881864376e-06,6.06995683938294e-07,7.170275466705789e-07,0.0001801247854018584,4.0384838939644396e-07,0.00013172482431400567
window-399730f4cd09c7df432a,599_92255_182422,bench,bench,0.9633320569992065,True,3.249823930673301e-05,2.428720108582638e-06,1.4785993016630528e-06,0.9633320569992065,1.2108658893339452e-06,2.62288267549593e-05,1.3853258451490547e-06,7.3961906821296e-08,0.0002687745727598667,2.2418181089278733e-08,1.9019495312022627e-06,6.496493824670324e-06,0.00016520234930794686,8.39252777495858e-07,0.0010280985152348876,4.2666314925554616e-08,2.3362132196780294e-05,5.957439498160966e-05,0.015845555812120438,0.019028207287192345,5.617495162368868e-07,1.121650598179258e-06,6.533630170224569e-08,8.756610623095185e-05,2.9576216320492676e-07,8.476537186652422e-05
window-f674723f7d320ec32172,457_64633_127319,book,kite,0.5228094458580017,False,5.533604962693062e-06,3.7695677747251466e-05,9.952109394362196e-05,4.3322188503225334e-08,0.44281065464019775,7.253405698293136e-08,0.005731521174311638,1.2329320270509925e-05,1.3568454804158137e-08,1.7219086885233992e-06,0.025012385100126266,0.0013412419939413667,7.524437961592412e-08,0.5228094458580017,8.548782352590933e-05,0.00039190685492940247,2.266547616258663e-09,3.7709349531844794e-10,0.001190796378068626,1.5654424714739434e-05,4.1152055928250775e-05,2.2059439288568683e-05,3.369268597452901e-05,0.00035263155587017536,4.156685918133007e-06,1.453089879532854e-07
window-5279048c8aaef2af933a,457_64633_127319,book,kite,0.6003637909889221,False,2.5849915346043417e-06,7.2713010013103485e-06,5.885798600502312e-05,2.213492962255259e-06,0.32190459966659546,8.071502355377902e-10,2.781280636554584e-05,1.8035610992228612e-05,9.804510227695573e-06,3.4120454017738666e-08,0.001626400975510478,0.06178446486592293,1.6962417026533672e-09,0.6003637909889221,2.1451320719734213e-07,0.0009447745396755636,1.3127203768448226e-09,2.0416617729779318e-08,0.008975786156952381,1.127110135712428e-05,0.0003253738977946341,1.2588052413775586e-05,0.0008419571677222848,0.0030626070220023394,1.9463761418592185e-05,4.707349621213552e-09
window-4e9c5fc4de8fd160408f,457_64633_127319,book,book,0.9305724501609802,True,0.0002031940530287102,6.941605533938855e-05,0.0003898084396496415,9.998866516980343e-07,0.9305724501609802,5.181647555474456e-09,1.970037556020543e-05,0.001076974906027317,8.998495104606263e-07,1.6570689354011847e-07,0.0014577674446627498,0.002038639970123768,1.6507840427948395e-08,0.05577072128653526,2.3948170113641254e-09,0.0033390100579708815,2.1467574384814725e-09,1.2494487666714349e-09,0.0035527327563613653,1.6880129578566994e-06,6.815865344833583e-05,5.08396806253586e-06,0.00020468364527914673,0.0012276797788217664,7.141183999692657e-08,1.5922385898647917e-07
window-8f9dcbd84a05b8ca8a58,457_64633_127319,book,book,0.9948157668113708,True,6.668953460575722e-07,2.9505533802876016e-06,0.0004031499847769737,9.60042598308064e-07,0.9948157668113708,2.13080577488034e-11,8.408659368797089e-07,3.734164124580275e-07,4.047484708280535e-06,1.3280426536255163e-08,0.0005232328549027443,5.74785462958971e-06,1.46257917776893e-07,0.0039505669847130775,1.534260718472069e-08,0.0002667128574103117,1.3516651620193443e-07,1.2326878406909714e-09,1.757590871420689e-05,1.2640933277907607e-07,1.123427409766009e-06,6.028610073371965e-07,4.137217729294207e-06,6.215845473889203e-07,4.834603259951109e-07,8.839498577550842e-10
window-8634b50a2f76eb766b8e,463_65654_128621,book,book,0.9989860653877258,True,4.5187608321839434e-08,1.7319547396255075e-06,1.663603507040534e-05,5.995862011332065e-07,0.9989860653877258,7.80931230792703e-08,0.00029606910538859665,0.00032022898085415363,4.556202668482001e-07,1.4579709386453032e-06,5.8493956345273546e-08,1.5413435221489635e-06,8.931698713965375e-10,2.813601713569369e-05,3.1232575565809384e-05,0.00016970100114122033,1.3217113803420943e-07,2.2090362872262403e-09,9.214506280841306e-05,6.968421075725928e-07,4.601189175446052e-06,2.6851762413571123e-06,1.3166427379474044e-05,3.2459181966260076e-05,5.341311837270268e-10,2.1704038566383588e-09
window-942bdc80416b9c1851ad,463_65654_128621,book,book,0.9999793767929077,True,1.8177980010136707e-08,1.075435704933625e-07,2.321892452528118e-06,6.324535917201501e-08,0.9999793767929077,4.63220017898891e-11,4.139649263379397e-07,5.644930752168875e-06,7.479422947653802e-08,3.950907867533715e-08,1.4673040560353456e-08,4.257566388332634e-07,2.1068732695972425e-12,2.4877767828002106e-06,3.8130472148623085e-06,1.5204001613255969e-07,3.758611130666445e-11,2.6540978616262922e-12,4.971828275301959e-06,3.233992984519318e-08,3.219830801981516e-08,1.0189708632424299e-08,8.1636819970754e-08,1.182665076981948e-08,3.0079182200548615e-11,1.1826142842785714e-10
window-dbfdf4087cd4ff38683a,463_65654_128621,book,book,0.9999376535415649,True,3.6490932497912354e-10,1.7441520450134362e-09,2.3836470575133717e-08,3.648387192356495e-08,0.9999376535415649,3.695226763467119e-11,5.437963409349322e-06,5.116819465911249e-07,6.154886591502873e-07,1.2849242780887948e-09,1.7893258430490278e-08,4.696979942764301e-07,1.2595699223211243e-12,2.4372051484533586e-05,2.653105548233725e-05,2.1757775812147884e-06,4.266512837469705e-11,2.303369626109608e-13,8.053157785070653e-07,1.195715412904974e-06,3.10801229197466e-09,1.1128007404437312e-09,1.632683108709898e-07,4.248490004243877e-09,1.521436088225414e-09,1.38878797351083e-10
window-bab7381039de346c6909,463_65654_128621,book,book,0.999946117401123,True,1.6450730555561677e-08,4.63165328312698e-09,1.1341276717757864e-07,4.865417935207006e-08,0.999946117401123,6.942049018965335e-11,3.4587721984280506e-06,1.4442748579313047e-06,3.7903458149912694e-09,1.1338546102024338e-08,5.388603452338714e-10,2.5215037169346033e-08,1.161230183191475e-12,6.655896811480488e-08,4.568826625472866e-05,4.83599933431833e-07,7.0864620595190164e-12,3.463658125504171e-13,2.0952181785105495e-06,2.6077136006108503e-09,9.299637504511793e-09,2.674125143542483e-09,9.466272388181096e-08,2.53663245075586e-07,6.3971414970831475e-12,4.4894817030627365e-11
window-55815bacd36203a91743,517_74144_144536,book,chair,0.4875752925872803,False,2.054081278402009e-07,1.5758449762870441e-06,0.006747584789991379,9.184435612041852e-07,0.23063890635967255,1.378801016471698e-06,0.0028135227039456367,1.752694879542105e-05,0.4875752925872803,0.0003864149039145559,1.9581869992180145e-07,0.06059202924370766,1.2065577266184846e-06,0.000453378539532423,0.15830905735492706,0.00026958363014273345,2.9085973437759094e-05,8.50019496283494e-05,8.173949754564092e-05,0.035071104764938354,0.00013712204236071557,1.2601945854839869e-05,4.9255915655521676e-05,0.013186854310333729,0.003502815030515194,3.566693703760393e-05
window-dd4285067a521ebf7a92,517_74144_144536,book,microwave,0.9930486679077148,False,5.69363618752039e-11,9.935077760481192e-11,0.00045027214218862355,1.9496131642426917e-07,0.0010143541730940342,3.47662698629847e-08,2.5116820324910805e-05,3.2274865588988177e-06,0.00037144639645703137,1.8779159063342377e-06,1.1310584413504188e-10,0.00046729802852496505,1.948748495905761e-09,9.447456250200048e-05,0.9930486679077148,7.719775374503968e-10,3.1433789899892872e-06,1.2605512722529966e-07,6.612650054194091e-07,0.0044415183365345,4.4956408373764134e-08,1.0327065638193744e-06,6.784601396248036e-07,1.1078266197728226e-06,7.069929415592924e-05,4.0386003092862666e-06
window-365e2730151e40c0c72b,517_74144_144536,book,chair,0.5610705018043518,False,1.0578974501962435e-10,3.756591979708901e-07,0.00235961121506989,2.6853555027628317e-05,0.3291007876396179,1.972749305423349e-05,0.00011834634642582387,2.520295311114751e-06,0.5610705018043518,9.627827239455655e-06,2.415317190695987e-08,0.0006428954075090587,1.1481580258987378e-05,1.5222159163386095e-05,0.08132006973028183,1.63967542903265e-05,1.3671333363163285e-06,9.560096464467094e-11,3.860726849325147e-08,0.020784063264727592,7.274052222783212e-06,1.6273546862066723e-05,5.425819153970224e-07,0.004456879571080208,6.412127731891815e-06,1.264506863662973e-05
window-34dc1f36211d5765c8e2,517_74144_144536,book,microwave,0.6763741970062256,False,5.658243651396333e-08,2.918538086760236e-07,7.626895239809528e-07,1.7934806919583934e-06,0.23942700028419495,3.18666787402222e-10,5.473371493280865e-05,4.64355931484306e-09,0.07600151747465134,0.00014361439389176667,3.7243736983327835e-08,0.0030758632346987724,9.429326652821146e-09,3.781406849157065e-05,0.6763741970062256,2.0228610537742497e-06,1.3826753274770454e-05,2.37317703977169e-06,9.916247108776588e-06,0.003300709882751107,3.7801916619173426e-07,0.0010263345902785659,0.0003056853893212974,2.280801936649368e-06,1.067354969563894e-05,0.00020814008894376457
window-cba9165fe77381a82fc4,569_82799_163723,book,book,0.8084688186645508,True,2.5191075110342354e-05,0.0007143879192881286,0.0019070111447945237,1.6587094364695076e-07,0.8084688186645508,1.4610514881496783e-05,0.06166340410709381,0.010682784952223301,0.004625972360372543,0.004177468363195658,0.0051114195957779884,0.03409202769398689,8.087633614195511e-05,0.06464620679616928,1.050226750010097e-08,0.0015669758431613445,2.3846196128829433e-09,4.5028642148281506e-08,0.0014736233279109001,6.359034887282178e-05,1.8533794943209614e-08,1.1543415112669209e-09,4.889759566140128e-07,0.0006820274866186082,9.201212014531279e-10,2.80611766356742e-06
window-ec49b07becf3ac407ebf,569_82799_163723,book,book,0.95135498046875,True,6.7662222136277705e-06,1.7122551071224734e-05,1.8584561985335313e-05,3.5185630054002104e-07,0.95135498046875,2.370167493381814e-07,0.0020110874902457,0.0011860455852001905,2.176792577301967e-06,1.9568949937820435e-05,2.362885879847454e-06,0.00018220508354716003,1.4784055923922068e-11,1.780437924026046e-05,1.466862964427662e-09,2.914602737291716e-05,2.7457541795783413e-10,4.4358287709655997e-07,0.04502665996551514,5.5962450460356195e-06,2.9070767482153315e-07,1.9429646158641845e-07,1.741700401680646e-07,0.00011810346768470481,4.5411617174972996e-12,5.331717359280397e-11
window-40130d43d49bd8b47ea7,569_82799_163723,book,book,0.5408316850662231,True,0.00012056662671966478,5.540991310226673e-07,2.6661886295187287e-05,1.9918871885238332e-08,0.5408316850662231,8.490430580820885e-09,0.0782758891582489,0.07119271159172058,0.00015890528447926044,0.0005237824516370893,7.756140121273347e-07,0.2169964611530304,6.365364413341013e-08,0.04979956895112991,5.171953034732724e-07,0.01625901088118553,4.491283456253825e-10,2.211987393252457e-08,0.01882416009902954,4.3492091208463535e-06,2.5220408588211285e-06,2.3649375791023886e-08,0.00039183150511235,0.006589855998754501,3.0614545187129805e-12,5.206939879265349e-10
window-5282039d4c5ed4ebb3fd,569_82799_163723,book,book,0.7918305993080139,True,2.141400955224526e-06,3.1806874176254496e-05,0.0010322596644982696,1.0093666347188446e-08,0.7918305993080139,4.851190169574693e-07,5.378985861170804e-06,0.0072906543500721455,4.917161732009845e-06,0.005153480917215347,0.0002509730984456837,0.09198255091905594,3.7885755643785046e-10,0.0030966047197580338,1.4647474699813756e-07,0.0665157213807106,9.814379309247556e-10,8.248045446634933e-07,0.001906488905660808,1.4859740531392163e-06,0.0006764219724573195,1.1745697747755912e-08,0.0008428859291598201,0.02937410958111286,2.228348616739595e-10,2.3130766191314933e-09
window-6eae3d21bfcb3d23f4bf,575_84776_167754,book,cake,0.5890125632286072,False,8.781986980466172e-05,0.0021034220699220896,0.0019591525197029114,2.731722270254977e-05,0.3238372206687927,8.230827130972784e-10,0.5890125632286072,0.00399113679304719,0.0007104735122993588,4.060888841195265e-06,1.0079285317488029e-07,0.0027241441421210766,1.7807682297643623e-06,0.04458995908498764,0.000148801103932783,0.0057398476637899876,0.0004637322563212365,6.358229256875347e-06,0.008085062727332115,1.4187423857947579e-06,3.3927323173088553e-09,4.796745997737162e-05,0.00807990599423647,0.008377285674214363,2.795647162656678e-07,1.9225053904392553e-07
window-0f6270d82190b6bc546b,575_84776_167754,book,book,0.6490300297737122,True,0.0002880922402255237,0.004508070647716522,0.0006268058787100017,4.0537088352721184e-05,0.6490300297737122,7.969871984592203e-10,0.12313718348741531,0.037669770419597626,0.00013532918819691986,0.00012386581511236727,1.9584225796620558e-08,0.09504538774490356,0.0006221261573955417,0.05164263769984245,2.4367795049329288e-05,0.0002054875367321074,0.0011385242687538266,0.0015481553273275495,0.006310193333774805,5.601925749942893e-06,4.542486919945077e-08,7.260276220222295e-07,0.02356192097067833,0.004259469918906689,5.940245318925008e-05,1.6220241377595812e-05
window-a15bf11a9416293d0098,575_84776_167754,book,book,0.45436063408851624,True,0.00465920427814126,0.05119970813393593,0.007627645507454872,1.2360480468487367e-05,0.45436063408851624,4.59871607461082e-09,0.2817399799823761,0.002225493546575308,5.322659944795305e-06,3.530157482600771e-05,2.36081141338218e-05,0.003121553920209408,0.00018083180475514382,0.024524128064513206,3.4838594729080796e-05,0.029961004853248596,7.606045983266085e-05,6.128058771537326e-07,0.0032316988799721003,1.9227893517381744e-06,3.5989353364129784e-07,1.824141349970887e-06,0.13445940613746643,0.0017254565609619021,0.0007667591562494636,2.417591713310685e-05
window-17eacce66909a15b8acb,575_84776_167754,book,cake,0.4583576023578644,False,0.12245859950780869,0.023596441373229027,0.010710998438298702,0.00019733859517145902,0.21202640235424042,6.861787227308014e-08,0.4583576023578644,0.10108882188796997,0.00014519860269501805,1.4545520571118686e-05,7.838990131858736e-05,0.005147511605173349,0.0002352137817069888,0.00818503275513649,1.7883617431380117e-07,0.0340697318315506,0.0038976038340479136,0.0003152416611555964,0.011145498603582382,2.480357579770498e-05,1.1917273212702639e-07,1.8974491240442148e-06,0.008058887906372547,0.00023994973162189126,8.443737442576094e-07,3.0211119792511454e-06
window-d2a12a5cd988ce0636b6,589_88155_174470,book,book,0.5601569414138794,True,0.0002578449493739754,0.0021290509030222893,0.011973188258707523,0.002536801155656576,0.5601569414138794,1.147342231888615e-06,0.15668311715126038,0.0009183295769616961,0.00029405270470306277,0.001741043757647276,6.114579446148127e-05,0.00035099501837976277,9.153776773018762e-06,0.007046801038086414,0.0005865973071195185,0.0004773251712322235,0.00011241575703024864,4.236960376147181e-05,0.0055758049711585045,1.2905706171295606e-05,6.911643140483648e-06,2.4449092961731367e-05,0.01139119639992714,0.236418679356575,0.0008963989093899727,0.0002953083603642881
window-1fecb0cf5dd4290524f0,589_88155_174470,book,book,0.8441824316978455,True,6.528323410748271e-06,0.004767879843711853,0.00812795851379633,0.00018909444042947143,0.8441824316978455,1.5754368405396235e-06,0.008118771016597748,0.010500605218112469,0.00033995413105003536,0.015713810920715332,0.0005150522920303047,0.0018213613657280803,8.730652325539268e-07,0.06421276181936264,0.0006353645003400743,0.00010390930401626974,7.428138246723393e-07,3.281384488218464e-05,0.0004867194511462003,1.7890326489578e-05,0.00020609195053111762,3.244762183385319e-06,0.0011756244348362088,0.03668774664402008,0.0019401977770030499,0.00021096962154842913
window-85f102b506fbae45bd89,589_88155_174470,book,book,0.9905555844306946,True,1.2572002106026048e-06,0.00033455376978963614,7.971088052727282e-05,0.0001430477132089436,0.9905555844306946,1.9256727057381795e-07,0.004036400932818651,0.0002711153356358409,4.1041937947738916e-05,0.0009878871496766806,2.6360517949797213e-05,0.0003258936631027609,6.958223934816488e-07,0.0007942288066260517,8.893467747839168e-05,0.00013372977264225483,3.391395694052335e-06,6.04593992648006e-07,5.138424239703454e-05,2.338221293030074e-06,6.862928216833097e-07,3.243058017687872e-05,0.00012130973482271656,0.0019172015599906445,3.613443914218806e-05,1.3806622519041412e-05
window-5dd3e0230ed08e32e7a2,589_88155_174470,book,book,0.8168067932128906,True,3.428590571274981e-05,0.0068870894610881805,0.001867318176664412,0.0005663757910951972,0.8168067932128906,5.307135211296554e-07,0.001322637777775526,0.01323559507727623,0.00016492334543727338,0.010227699764072895,0.0003705050330609083,0.0028295102529227734,2.2049669496482238e-05,0.06788765639066696,0.00014489315799437463,0.0002846783900167793,1.7527567251818255e-05,2.9264267141115852e-05,0.0005127743352204561,1.117354622692801e-05,6.626793765462935e-05,1.807782973628491e-05,0.0050118123181164265,0.0681459829211235,0.0030392843764275312,0.0004952789167873561
window-b67f84b54be24984a63e,69_5418_12829,bowl,toytruck,0.8343001008033752,False,8.987893096445987e-08,0.0003238784847781062,1.0573165454275113e-08,2.758237087618909e-06,9.634522513124466e-08,0.1637575477361679,7.380415354418801e-07,2.9211882690560742e-08,1.0522898524767399e-10,1.4402103261090815e-05,1.3057828152085449e-09,1.246270198151933e-08,1.1974879043918918e-06,1.0528012489574579e-11,1.0007517659005316e-07,3.070776699587441e-08,3.2373421277043235e-08,1.5375857174149132e-06,1.3468057886711904e-06,7.991672323903742e-10,6.162686805311068e-09,2.4286527650074774e-11,3.861159143525583e-07,0.8343001008033752,7.965987869340552e-09,0.0015956413699313998
window-7a95dcb5d475abbbd60c,69_5418_12829,bowl,bowl,0.9507582187652588,True,2.27110217565496e-06,2.2424872440751642e-05,5.789407805423252e-05,0.0007792050018906593,0.013807009905576706,0.9507582187652588,7.480056956410408e-05,0.00029893615283071995,0.00012879641144536436,0.00010883283539442345,0.000641677004750818,0.0019038007594645023,1.5150444596656598e-06,2.833513917721575e-06,0.00025380111765116453,5.732057979912497e-05,0.0013337492709979415,0.0002997786505147815,0.009669086895883083,0.0008920743130147457,1.4739417508735642e-07,3.6952307709725574e-05,5.820306796522345e-06,1.7326219676760957e-05,1.4232186913432088e-06,0.01884438470005989
window-37d37fc5ba0e28c3d6fe,69_5418_12829,bowl,bowl,0.6175591945648193,True,0.00020667073840741068,0.0033448683097958565,4.135289600526448e-06,0.01342511922121048,0.04101768881082535,0.6175591945648193,4.9571281124372035e-05,0.0002528807963244617,1.0043384463642724e-05,0.00021754775661975145,0.02505415491759777,0.0003690917801577598,1.4763677427254152e-05,9.657757118475274e-07,0.0007180229877121747,6.296321316767717e-06,0.0028142959345132113,0.000600798986852169,0.001644980744458735,3.6972992347727995e-06,9.974463318940252e-05,0.00010135384945897385,1.638665889913682e-05,8.541668648831546e-06,3.4821898680093e-06,0.29245567321777344
window-4e6a4888947cd79fca01,69_5418_12829,bowl,bowl,0.9930384755134583,True,0.00017775889136828482,4.03747872042004e-05,4.646162921062569e-08,0.00022644629643764347,0.00037643007817678154,0.9930384755134583,7.004663871157391e-07,0.005314758513122797,1.6659776891359002e-09,1.2061285588060855e-06,3.251156854844339e-08,0.00015218697080854326,9.205837159242947e-08,5.251380663651162e-09,2.316826908099756e-07,9.841871317917139e-09,3.7759160477435216e-05,0.0003518146404530853,0.00016456417506560683,1.383710923619219e-07,7.398084989063136e-08,1.3289518108194898e-07,2.622726356094063e-07,2.9418572466965998e-06,4.700657085798809e-10,0.00011351793364156038
window-0fc4ad383dc42fc31036,70_5861_13666,bowl,bowl,0.9983731508255005,True,3.453491081018001e-05,0.00012496038107201457,0.00017910677706822753,1.768431866366882e-05,1.2928276191814803e-06,0.9983731508255005,0.0001837494201026857,5.144990063854493e-05,4.296421138860751e-06,0.0004202642012387514,0.0002893150376621634,1.9355773019924527e-06,6.258867415454006e-06,1.2146704193582991e-06,0.00010210462642135099,2.253855018352624e-05,3.507041128614219e-06,7.566746717202477e-06,6.988559562159935e-06,4.7446755502278393e-07,1.2478062672016677e-05,1.026568128281724e-07,1.171285248346976e-06,8.482270459353458e-06,1.00806664704578e-06,0.00014433046453632414
window-2ba6981884f2e6229e3b,70_5861_13666,bowl,bowl,0.9988259673118591,True,5.883744961465709e-05,2.9040667868684977e-05,3.88409971492365e-05,9.055790542333852e-06,7.590528383616402e-08,0.9988259673118591,5.1656072173500434e-05,4.790718435287999e-07,3.270179831815767e-06,0.0004466226673685014,0.00047110221930779517,2.386294681855361e-07,4.0947634261101484e-06,1.1762210760934977e-06,1.0651540833350737e-05,4.02354089601431e-06,6.354619586090848e-08,2.8491479042713763e-06,6.569186552951578e-06,2.310279398898274e-07,2.1241703507257625e-05,2.9733428164036013e-07,2.6994322865903086e-07,5.137695779922069e-07,8.431805440523021e-07,1.2095646525267512e-05
window-4dbf86b8af0c3e52a239,70_5861_13666,bowl,bowl,0.9976574182510376,True,4.4287749915383756e-05,1.868907202151604e-05,1.0478617014086922e-06,1.0704209216783056e-06,1.279802859244228e-07,0.9976574182510376,2.2465588699560612e-05,1.6567448710702593e-06,5.331113470674609e-07,0.00024741142988204956,0.0018806459847837687,2.506540113245137e-07,1.7610527720535174e-06,1.5492055638333113e-07,2.7637704988592304e-05,3.76833054360759e-06,3.662798064851813e-07,2.5274800918850815e-06,1.2371260709187482e-06,4.950297594064068e-08,5.951031926088035e-05,1.366109501077517e-07,1.7208266456236743e-07,1.6371254218938702e-07,3.1046948834045907e-07,2.6614865419105627e-05
window-ea14e4c2cab2a286bbb5,70_5861_13666,bowl,bowl,0.9958981871604919,True,0.00032589654438197613,7.498258491978049e-05,4.31163607572671e-05,1.0238768481940497e-05,5.291406779406316e-08,0.9958981871604919,0.0009331026230938733,1.1977098210991244e-06,1.2939010503032478e-06,0.0019709477201104164,0.0006263338727876544,5.498219479704858e-07,3.2005641514842864e-06,3.210521072105621e-06,1.821383739297744e-05,2.931305743913981e-06,3.2336592994397506e-06,3.954514340875903e-06,4.942582108924398e-06,1.4642793644270569e-07,3.763779750443064e-05,1.0770448000130273e-07,1.2594938425536384e-06,1.7762445736480004e-07,6.442704034270719e-06,2.869058880605735e-05
window-af56b19241c441441cf5,70_5950_13767,bowl,bowl,0.9998084902763367,True,5.3759054985391685e-09,5.019344229140188e-08,8.27132939917874e-09,7.134035229228175e-08,1.203226684953762e-10,0.9998084902763367,3.0813520623951263e-09,2.0538262646141447e-08,4.7547788994961593e-07,7.503447818635323e-08,0.00018967709911521524,5.773908018369411e-10,1.5531298913629143e-08,6.775480870802042e-11,6.685439046805186e-08,2.6479651804578452e-09,6.596843959982834e-09,7.34948514491407e-07,2.4557323285989696e-08,1.5814497489330392e-09,2.5630775724039268e-08,1.330324295167884e-07,1.115974757048832e-09,2.7572516492213595e-10,3.6612066711683156e-09,4.9716184946646536e-08
window-4f69edfaf8a2d0cba6a1,70_5950_13767,bowl,bowl,0.9998675584793091,True,4.018824828477818e-09,3.048899577251518e-09,3.24391985495609e-10,2.8123641193644744e-09,6.494716331580108e-13,0.9998675584793091,5.339736985909838e-10,7.746100427752367e-10,3.98090307385246e-08,1.554917261614719e-08,0.00013228821626398712,1.670026616995557e-11,1.2953165207107986e-09,1.2804141427680271e-12,4.870926439970447e-10,1.5663519092878886e-10,8.109389548760504e-11,4.5142765969785614e-08,1.2546265359958397e-08,8.504015547305954e-11,3.3920288800004528e-09,3.02662321871594e-08,3.010864821351156e-11,3.1625581060207297e-12,5.083059528843137e-10,1.963919693537264e-09
window-01ad874ab84eead3688b,70_5950_13767,bowl,bowl,0.999484658241272,True,3.494676903414984e-08,7.150698166924485e-08,1.0916694215268308e-09,2.2789881981566396e-08,4.163432446024906e-11,0.999484658241272,1.2596983900436953e-08,5.456057383668167e-09,2.7631847387965536e-07,3.635365786180955e-08,0.0005136216059327126,1.5919091600480328e-09,3.800758108241098e-08,2.148963645920432e-11,5.411244341502197e-09,7.577251048829226e-10,9.893801333760166e-10,8.622333780294866e-07,8.133011419886316e-08,4.781346429894029e-10,1.4447563501107652e-07,1.5654828189326508e-07,3.150130711837562e-10,3.662363468048824e-11,9.608643880554268e-10,3.841557472128443e-08
window-009473dd0d990d595515,70_5950_13767,bowl,bowl,0.9998095631599426,True,1.2855466025030182e-07,1.077014175621116e-07,2.2421635659242156e-09,5.686081383515784e-09,8.903591405817757e-12,0.9998095631599426,2.1816694228959932e-08,2.790092823445889e-09,3.4394631143186416e-08,6.075223382140393e-07,0.00018721148080658168,9.882455964671522e-10,6.498705573676489e-08,3.299861425776207e-11,9.3289520552986e-10,3.6917544021797255e-10,2.345553529181643e-09,1.916510655064485e-06,1.4411891413601552e-07,2.5623936306118367e-10,9.269526657362803e-08,6.719066192317769e-08,4.42999525951393e-10,1.9501275594357992e-11,2.9880504737178626e-09,2.761341377777171e-08
window-0429cb8ef1b756078c43,70_5965_13782,bowl,bowl,0.9999449253082275,True,2.4653026287069224e-09,1.948680328212049e-08,8.761237957344292e-09,4.331747049945989e-08,1.605517628566755e-11,0.9999449253082275,4.196781588916565e-09,7.571019366992005e-09,6.838831723143812e-08,6.845575661884595e-09,5.438368680188432e-05,1.2820614014863452e-10,9.813935442082311e-09,5.8272791973734694e-12,7.599422957582647e-08,3.6827310645470845e-10,1.4792231883831164e-09,3.335977964979975e-07,1.201623867075341e-08,2.9468000262156124e-10,3.320157304642635e-08,7.095868426176821e-08,8.407675250454716e-11,1.547035763382887e-11,5.171381101121142e-10,7.50373807534288e-09
window-f335a4ed2d8472254c71,70_5965_13782,bowl,bowl,0.9999176263809204,True,2.5009178727941617e-08,7.869937590498921e-09,1.1525513876620153e-09,2.660668574350211e-09,4.181982451306743e-12,0.9999176263809204,3.2944040828652987e-09,7.065631413283313e-10,1.004358125555882e-07,1.565022422767015e-08,8.191186498152092e-05,1.880974369317112e-11,1.0326045574160503e-09,2.7787533558865096e-12,3.4653375724502666e-09,1.0039218067969813e-10,8.564115389075866e-11,1.9771016468439484e-07,3.0919107274485214e-08,2.4748497695625815e-10,1.527087256647519e-08,2.544505761647997e-08,4.67349006716411e-11,5.035877530951138e-12,3.8809847002774234e-10,2.4962651945514835e-09
window-7a4854f3d030f708658c,70_5965_13782,bowl,bowl,0.9993939399719238,True,2.6147409926124965e-07,4.647501725685288e-07,2.268685328488118e-08,1.073173478971512e-07,4.716884105526731e-10,0.9993939399719238,5.240467544354033e-07,7.373119359499469e-08,1.7960974219022319e-06,2.780694785542437e-07,0.000590167532209307,7.727460449302725e-09,1.893677676889638e-07,1.3836133627709302e-10,3.476800429780269e-07,6.3639933323145215e-09,2.0286195834273713e-08,8.829141734167933e-06,2.1589055165804893e-07,2.972214696583819e-09,1.5426066966028884e-06,4.5221517552818113e-07,2.6844091394195857e-09,7.853593331219599e-10,1.3349739980128561e-08,6.347373755488661e-07
window-176255c3454f100e5e4a,70_5965_13782,bowl,bowl,0.9998471736907959,True,9.665835705163772e-07,5.994269258735585e-07,4.473266201898696e-08,4.2878326667050715e-08,2.0510419751484932e-10,0.9998471736907959,1.30164710299141e-06,2.7172475380865535e-09,9.330950945241057e-08,2.1187865968386177e-06,0.00014459373778663576,1.6366756838692709e-09,2.569883328362721e-08,8.402012419139737e-11,8.520090233332667e-08,9.921412580382594e-10,2.0555086521767407e-08,1.8586592887004372e-06,2.9280479907356494e-07,1.8578714122696738e-09,4.226272665164288e-07,1.902767792216764e-07,9.832455960534503e-10,8.727799732932695e-11,2.191385206629093e-08,6.92456509909789e-08
window-f7d8b654ba216a097450,70_6096_13923,bowl,bowl,0.9999172687530518,True,6.316548706308822e-08,3.98535746626294e-07,5.399245850412626e-08,1.2322877296355728e-07,3.2439140262852106e-10,0.9999172687530518,4.606527781447767e-08,2.2686743150757138e-08,5.179596769266936e-07,1.0536385275372595e-07,7.843216735636815e-05,1.7850957378939825e-09,3.721347852092549e-08,1.0447601672680662e-09,3.1916781040308706e-07,5.425702109818076e-09,8.262972528427781e-09,1.1573672509257449e-06,7.673728674717495e-08,4.850172263815011e-09,7.442263267876115e-07,1.809436156463562e-07,3.1116029752809027e-09,1.727406551133015e-10,1.2027072671116912e-08,3.117620792636444e-07
window-7986141cbec85046083a,70_6096_13923,bowl,bowl,0.9999417066574097,True,1.211807472145665e-07,9.032240910755718e-08,4.312029400210804e-09,6.20627949032837e-09,5.907071706778844e-12,0.9999417066574097,2.8461025536330453e-08,5.998521679373425e-10,1.5894781313363637e-07,3.3108904062828515e-07,5.730534394388087e-05,2.4103588569523993e-10,1.2309957497791402e-08,7.042534611034768e-11,1.4855838337268779e-08,3.518065561092243e-10,6.22319085152867e-10,7.27625177887603e-08,1.894152745762767e-08,9.48923384314071e-10,1.8462816342434962e-07,5.002311453949915e-08,3.386505798008699e-10,3.184586275239987e-11,3.959597982827745e-09,2.6403553121667755e-08
window-558ce3190703a0f30738,70_6096_13923,bowl,bowl,0.9996728897094727,True,2.703845041196473e-07,9.115005923376884e-07,1.975638674878155e-08,1.4440460915920994e-07,1.8557440306654627e-10,0.9996728897094727,4.5499183443098445e-07,2.090119899378351e-08,2.73051318799844e-06,4.7027677396727086e-07,0.0003122215857729316,4.374918560756669e-08,4.327520173319499e-07,5.271048042487791e-10,5.561745410886942e-07,3.88914989102318e-09,2.8888443637242744e-08,4.840326710109366e-06,2.9404480983430403e-07,1.4900269906803487e-09,1.993664909605286e-06,4.076101731698145e-07,5.780377954067717e-09,3.0810679008119735e-10,2.3691434591910365e-08,1.2869502370449482e-06
window-3f5f1bab6aa0c60e54de,70_6096_13923,bowl,bowl,0.9998283386230469,True,5.86183318773692e-07,6.11796167504508e-07,2.6168143207883077e-08,3.638239221004369e-08,1.2633985524423963e-10,0.9998283386230469,1.8656905922398437e-06,1.1678604749931765e-09,2.3951244543241046e-07,2.9269922379171476e-06,0.00016283306467812508,4.676385501056757e-09,1.6177763484392926e-07,6.913671857233794e-10,4.64312108761078e-08,1.2655215764212357e-09,1.6859786455825088e-08,1.5435540490216226e-06,1.954280861582447e-07,4.868861758211551e-09,4.0822951064001245e-07,1.573342700567082e-07,2.790506936634074e-09,1.5294530919529592e-10,1.955993234048492e-08,8.460079925498576e-08
window-33da32b4ea5e6a0eb6f2,70_6255_14132,bowl,bowl,0.9999673366546631,True,1.7252920869736954e-08,6.868685886729509e-08,3.6210209941600624e-08,3.887412347580721e-08,2.4367227680066605e-10,0.9999673366546631,4.040889223233535e-08,7.564289639105937e-09,1.3628596207126975e-06,4.618706128667327e-08,2.9112085030646995e-05,3.2929095006295483e-09,2.9701800130510492e-08,1.9439144738342407e-10,1.587340534570103e-07,1.0999108290832282e-09,5.016319803985425e-09,1.3953398365629255e-06,3.953098826059431e-08,1.4250610691490806e-09,1.801457116812344e-08,1.9610817503235012e-07,4.105547901644968e-09,1.6120844936740042e-10,6.678263719805955e-09,5.521702917121729e-08
window-0394344a3626ff7c9e0b,70_6255_14132,bowl,bowl,0.9998600482940674,True,2.405782595360506e-08,2.0358193353331444e-08,7.3152000013010365e-09,1.8501976839502277e-08,4.1548237073030236e-11,0.9998600482940674,9.202855721923697e-08,4.767269246030992e-09,6.666469403171504e-07,5.112683254537842e-08,0.00013845294597558677,2.1449511611315586e-10,5.685045323389204e-09,4.312116982929659e-11,2.187229419803316e-08,2.8262853168925517e-10,7.709208271755585e-10,2.987156051403872e-07,2.0424263880158833e-07,3.7102879102413056e-10,5.203021657962381e-08,4.411487353195298e-08,9.790234178908008e-10,1.484948275454201e-10,3.953471772177863e-09,2.4014457977727943e-08
window-6ba8da912999e9cbc94d,70_6255_14132,bowl,bowl,0.999847412109375,True,1.7290305720507604e-07,2.693791998353845e-07,4.898931038610499e-09,4.712256185257502e-08,1.5682395659855075e-10,0.999847412109375,3.8883902675479476e-07,4.395404484824894e-09,2.491365876267082e-06,1.0521431192955788e-07,0.00014711078256368637,4.3657348847148114e-09,3.1873046424379936e-08,2.5621726962299363e-10,1.2956623152149405e-07,1.4280243654241076e-09,1.8042523031169821e-09,9.066525876733067e-07,1.9770023129694891e-07,1.4074195142654844e-09,1.9269738515959034e-07,1.1803644639485356e-07,2.447559044327363e-09,3.3879757332933025e-10,7.947019931009436e-09,3.577260940801352e-07
window-50e2806236ac0bf32868,70_6255_14132,bowl,bowl,0.9997327923774719,True,4.703457818777679e-07,8.816679155643214e-07,5.1755378649431805e-08,1.2235757651524182e-07,7.907988153199597e-10,0.9997327923774719,5.405292085924884e-06,2.937490473087223e-09,2.8969481036256184e-07,1.1195849765499588e-05,0.0002464457065798342,1.890581025065785e-08,6.85616043938353e-08,3.5442970780508176e-09,2.0371555820020149e-07,1.2396574877726607e-09,3.484886690330313e-08,8.253550163317414e-07,4.4220055883670284e-07,1.1160292245904202e-08,2.455784340327227e-07,2.1441536546262796e-07,5.179110029729372e-09,7.021661030393034e-10,8.685898222893229e-08,2.5870065201161196e-07
window-216e8463cddeda710e6b,387_46579_92829,cake,ball,0.972445547580719,False,0.017207995057106018,0.972445547580719,2.2830128898476687e-08,9.227364898833912e-07,3.958026582040475e-07,1.7259432993910195e-08,0.00024474054225720465,1.0534699868003372e-07,1.9758157332461224e-09,0.0010402589105069637,1.1992571558039344e-07,1.1710789294738788e-05,4.60069031760213e-06,9.519908985566872e-07,2.4084853555983443e-10,0.00024180690525099635,1.767869850510806e-09,0.001951711717993021,0.00011277617159066722,3.302329332655063e-06,0.005341838579624891,1.9817515684028564e-10,0.0012239017523825169,0.00016194407362490892,4.374205957446975e-07,4.921037998428801e-06
window-14fa9280b60c7b944fa3,387_46579_92829,cake,ball,0.905989944934845,False,0.02186426892876625,0.905989944934845,7.438587203978386e-07,0.00012779381358996034,2.295860213052947e-05,5.809880576634896e-07,0.0016599775990471244,8.756338502280414e-06,6.769523679395206e-06,0.013806549832224846,8.328026410708844e-07,1.6595578244960052e-07,7.380981696769595e-05,0.0003961388429161161,5.604488539923125e-10,0.009801170788705349,3.285047123213758e-09,0.00028331184876151383,1.4819216630712617e-05,0.01991928368806839,0.0029818934854120016,1.2391450354698463e-07,0.014036408625543118,0.0001302047458011657,3.61117173497405e-07,0.008873160928487778
window-8163df5ea9a72c453ad4,387_46579_92829,cake,ball,0.9789983630180359,False,0.0032581996638327837,0.9789983630180359,5.92292757062296e-08,1.2111603609810118e-05,6.321212708826351e-07,1.4694674973725341e-05,0.0009727409924380481,4.944430429532076e-07,5.32049035939508e-08,0.0009296878124587238,3.274547211162826e-08,2.009894842558424e-06,0.0001245015737367794,1.0374507155574975e-06,4.8953004844198844e-11,0.0008115913951769471,1.8889803499178015e-08,0.0003043009201064706,0.0009192773723043501,1.3694187146029435e-05,0.01147304754704237,1.5624111726619816e-10,0.0012017580447718501,0.0008226368227042258,1.617441114376561e-07,0.00013882639177609235
window-1f579ff4b919ca284937,387_46579_92829,cake,ball,0.9245291352272034,False,0.0021240839269012213,0.9245291352272034,3.653292068861447e-08,1.4170582289807498e-05,3.870206910505658e-06,1.1805080248450395e-05,0.023133989423513412,2.409812225323549e-07,2.7920978595830093e-07,0.00015484659525100142,1.112725840357598e-06,0.00015653448645025492,0.0018978454172611237,5.753707227995619e-05,6.089023035782404e-11,5.039459574618377e-05,4.5785659708030835e-09,1.1916518815269228e-05,0.004418116062879562,0.00038918317295610905,0.03922150284051895,5.737312402942507e-09,0.003205479122698307,0.0002435916248941794,1.4919583009032067e-06,0.0003728951851371676
window-a6177eda9bfce5bfd2e9,398_50637_99372,cake,sandwich,0.948752760887146,False,0.00047707281191833317,0.0009020041907206178,0.001230351161211729,0.011637105606496334,4.803655428986531e-08,9.7328722858947e-10,0.002201347379013896,0.017021672800183296,0.0020593334920704365,4.840855581278447e-06,1.1862914561788784e-06,0.00684057641774416,0.0005469747702591121,0.00010061849752673879,1.0364839909016155e-05,4.811447797692381e-05,1.865646117948927e-05,5.260465513856616e-06,0.948752760887146,2.8745322197210044e-05,1.718147586871055e-06,9.506754577159882e-05,8.086526941042393e-05,0.007934685796499252,4.1006441620083933e-07,2.6743904868453683e-07
window-2d233cb57b9189a93b73,398_50637_99372,cake,toytruck,0.8614162802696228,False,0.10159759968519211,0.014691810123622417,0.00010809278319356963,0.0013738919515162706,9.270073064726603e-08,1.0960567523032871e-11,1.239959033227933e-06,0.00039474799996241927,1.5956970467190246e-10,6.747618499503005e-07,9.402509704159456e-07,9.738008657222963e-07,0.0003660161455627531,2.2135523067845497e-06,1.0118749571574881e-07,0.0003511175746098161,0.00078877730993554,5.681938751965487e-13,0.01850798912346363,1.6681844954291591e-06,6.690186626912009e-09,8.486966180498712e-06,0.00038729640073142946,0.8614162802696228,4.018064458932713e-08,6.894173274797633e-13
window-b8f520b5b73ca1fa4348,398_50637_99372,cake,toytruck,0.980588972568512,False,6.38442259059957e-07,0.00040539639303460717,0.0006858307169750333,6.472994573414326e-05,2.2098151930549648e-07,3.377872254909514e-13,0.00029326952062547207,2.3033973775454797e-05,6.844873973177457e-11,1.4625165931647643e-05,1.554086907162855e-06,5.583021447819192e-06,1.757790414558258e-05,0.0009588592802174389,8.955843355806792e-08,1.7416363107258803e-07,0.0007206249865703285,1.424739770605754e-10,0.016149165108799934,1.0788760391733376e-06,7.335874130376396e-08,3.529530658852309e-07,6.776643567718565e-05,0.980588972568512,1.5650833518066065e-07,1.5191749014320521e-07
window-78d484a267ff6f4cd24b,398_50637_99372,cake,toytruck,0.9513115286827087,False,2.8541926440084353e-05,0.00020262518955860287,0.013551844283938408,5.500362749444321e-05,4.646045007050681e-11,4.236576600646913e-08,0.00010249428305542096,1.0825201570696663e-06,4.670926955441246e-06,0.009308971464633942,8.092302294926412e-08,0.0003541795304045081,0.017191167920827866,0.0009183704387396574,4.3473161781548697e-07,9.236812203994305e-09,0.0039336527697741985,2.3877913535308437e-11,0.00016581342788413167,2.5775636913749622e-06,2.3636468540644273e-05,0.0027412299532443285,8.588949276600033e-05,0.9513115286827087,3.9376345739583485e-08,1.6038444300647825e-05
window-c7fe2be5cd354c2ec0cc,400_51530_101489,cake,sandwich,0.4206385910511017,False,0.00015371799236163497,0.0037013054825365543,0.0026781552005559206,2.919999360528891e-06,0.006545025389641523,2.9341728691179014e-07,0.0207961592823267,0.0007290877983905375,2.7597989173955284e-05,0.0006682365201413631,5.626122401736211e-06,0.025898385792970657,0.00010163762635784224,0.0001402616617269814,0.1775529831647873,0.0016234252834692597,1.0004689556808444e-06,0.007266509812325239,0.4206385910511017,2.3454354050045367e-06,0.005389138590544462,0.0003091585822403431,0.0012255916371941566,0.32417023181915283,6.726693300151965e-06,0.0003658422501757741
window-e6179ec3dd8ce84ac6e2,400_51530_101489,cake,toytruck,0.9341883659362793,False,0.001437542145140469,0.009056579321622849,3.434039535932243e-05,3.8943832691984426e-07,0.00032069036387838423,1.0888953738685814e-06,0.0006404885789379478,6.82588279232732e-06,9.71530766946671e-07,1.057495865097735e-05,2.464338422214496e-07,0.008088196627795696,7.968626596266404e-05,8.21386947791325e-06,0.0029827244579792023,4.762642493005842e-05,1.6713800050638383e-06,0.004804902244359255,0.022696686908602715,1.173396185549791e-06,0.014550911262631416,8.530909667570086e-07,0.0009672579471953213,0.9341883659362793,2.5393430860276567e-06,6.937492435099557e-05
window-5cc7a45ab13b03f5c262,400_51530_101489,cake,toytruck,0.6253514289855957,False,8.83755783434026e-05,0.014261764474213123,4.877806077274727e-06,2.2413119893371913e-07,0.015359696000814438,1.219136493091355e-06,0.0004941325751133263,1.4979133084125351e-05,3.1147953905019676e-06,9.484010661253706e-05,3.3343305005928414e-08,0.1275167614221573,2.1096926502650604e-05,6.814270454924554e-05,0.001493668183684349,8.087309106485918e-05,1.038903519656742e-06,0.026511147618293762,0.17525874078273773,2.7495575523062143e-06,0.0025893226265907288,8.820347829896491e-07,0.010099905543029308,0.6253514289855957,1.108410401684523e-06,0.0006798733375035226
window-10fdaac424ab0241edd0,400_51530_101489,cake,toytruck,0.69737708568573,False,2.1389541871030815e-05,0.00041152405901812017,5.775451791123487e-05,7.564232760159939e-07,0.0005352931912057102,4.1057830912905047e-07,0.001684602932073176,1.7846048649516888e-05,5.475221041706391e-05,0.00013005800428800285,1.1676504207969174e-08,0.040690310299396515,2.327127504031523e-06,0.00034800099092535675,0.022785797715187073,1.5859530321904458e-05,9.524198389954108e-07,0.0030772227328270674,0.2246098667383194,6.935731562407454e-07,0.0025782070588320494,1.78560076165013e-05,0.005511200521141291,0.69737708568573,4.751101369038224e-05,2.2743113731849007e-05
window-2673afd5bf0fcdba61ae,402_52404_102594,cake,cake,0.8882554173469543,True,0.006739656440913677,0.001848688698373735,0.02869337983429432,3.87191084882943e-06,0.0005587331252172589,2.1872208435524954e-06,0.8882554173469543,0.017488501965999603,8.558127433389018e-07,9.754705843079137e-08,1.241275094798766e-05,7.98250111984089e-05,6.33585386822233e-06,3.164340159855783e-05,1.204089403472608e-05,0.006093088071793318,1.541496089885186e-06,1.137470384549033e-08,0.049567170441150665,6.15572280366905e-05,2.321640567970462e-05,1.9524757590261288e-05,0.0004933017771691084,5.3410458349389955e-06,4.626916449979035e-08,1.4260913303587586e-06
window-3557c60fd64762f23851,402_52404_102594,cake,cake,0.9809486865997314,True,0.00560162216424942,0.0074129896238446236,3.192890653735958e-05,3.575908704078756e-05,0.0008019034285098314,1.2323708915573661e-06,0.9809486865997314,0.0012611434794962406,4.860070745849043e-08,6.041633469067165e-07,7.135643500078004e-06,9.57597194428672e-07,1.2160153346485458e-05,4.2809106162167154e-06,8.430582056462299e-06,0.0024012052454054356,4.745509613712784e-06,4.6376118234547903e-07,0.001326066325418651,4.509115115070017e-06,3.2373282010667026e-05,1.5904594192761579e-06,2.480373041180428e-05,7.486392860300839e-05,2.7294264626220865e-08,4.622316396307724e-07
window-4572c746b0b93e14b212,402_52404_102594,cake,cake,0.9997240900993347,True,4.981437814421952e-05,5.263856292003766e-05,9.121011501633802e-09,2.6161201276408974e-06,1.2641395414902945e-06,2.9050994498902583e-08,0.9997240900993347,1.1043222002626862e-05,1.1592084092626465e-07,2.0311357040725397e-09,9.10328807890437e-08,6.461120210587978e-05,3.8142702578625176e-06,1.8161660619853137e-08,1.7908249105857976e-08,6.6369907472108025e-06,2.4623794669942356e-10,1.4800119352287311e-08,6.316518556559458e-05,1.368389845879392e-09,1.9105657429463463e-06,3.074493548638202e-09,1.7145507058557996e-07,1.2496525414462667e-06,2.8188675352258663e-12,1.6684518413967453e-05
window-fff4f1e7622892d7028c,402_52404_102594,cake,cake,0.9315694570541382,True,0.010396630503237247,0.0002763954980764538,0.017032960429787636,6.554093033628305e-06,0.0003709274751599878,6.315970949799521e-06,0.9315694570541382,0.024297581985592842,8.704355991540069e-07,8.305900678351463e-08,1.4565706806024536e-05,0.00015479310241062194,6.869829121569637e-06,6.131613918114454e-05,3.416422032387345e-06,0.004889877513051033,1.2203313417558093e-06,6.065447877290353e-08,0.010524877347052097,6.570671757799573e-06,2.1214787011558656e-06,3.833300525002414e-06,0.0003430354699958116,2.8721909984597005e-05,2.8724000955548945e-10,9.377097285323543e-07
window-18bb64c6970a1d27c83a,404_53804_104946,cake,cake,0.9671978950500488,True,0.02933553420007229,5.372285727389681e-07,3.1687446266914776e-07,9.637140863105742e-08,3.745886260730913e-06,8.663396329211537e-06,0.9671978950500488,2.9360803637246136e-06,2.75582834330379e-10,0.00037471012910827994,4.7316843847511336e-05,0.00015999434981495142,0.00034823984606191516,2.685999334062217e-06,8.505484649923289e-10,0.00014532088243868202,1.5950546412568656e-06,1.0266914614476264e-05,0.0010131512535735965,3.741148191238608e-08,0.001068657380528748,2.813374635479704e-07,6.684116669930518e-06,6.422282581297623e-07,6.491458179880283e-07,0.00027003028662875295
window-eabdc27d1c41752536a4,404_53804_104946,cake,cake,0.8443461060523987,True,0.012565245851874352,6.91419409122318e-05,0.0007799401064403355,2.3845632313168608e-06,0.0004195857036393136,4.778461516252719e-06,0.8443461060523987,0.015320256352424622,4.550790677626537e-08,0.001974891172721982,0.0015370665350928903,0.05231456458568573,0.029880661517381668,0.0007175572100095451,1.0498172331452338e-09,0.0006022859015502036,4.5925429731141776e-05,0.0001215566007886082,0.032250408083200455,1.9866271827595483e-07,0.006461902521550655,4.4314820115687326e-05,0.00046208230196498334,6.917729479027912e-05,6.84733095113188e-06,3.1205740924633574e-06
window-b851c95266ef23110fd1,404_53804_104946,cake,apple,0.6128331422805786,False,0.6128331422805786,0.000693268608301878,1.1947733582928777e-05,7.97880238678772e-06,3.344139986438677e-05,3.1332107027992606e-05,0.22763389348983765,0.018886618316173553,3.8177978467501816e-07,0.03154511749744415,6.434631814045133e-06,0.004988366737961769,0.04096066206693649,0.0006009445642121136,2.2930478349447725e-10,0.00029499901575036347,9.056463750312105e-05,0.004312037490308285,0.05485359579324722,3.2576443231846497e-07,0.0020619945134967566,2.3665990738663822e-05,6.492742159025511e-06,0.00010777579882415012,1.4666406968899537e-05,3.0318952326524595e-07
window-7de3902fbc576f5a42b8,404_53804_104946,cake,apple,0.7226775884628296,False,0.7226775884628296,6.0166523326188326e-05,4.060707851749612e-06,5.903130386286648e-06,2.0179376747364586e-07,0.00010498282063053921,0.027790408581495285,0.001201279112137854,6.381941375366296e-08,0.004289408214390278,4.402997149099974e-07,0.0002149635984096676,0.2316811978816986,9.031647095980588e-06,1.344582445383935e-09,0.00018923491006717086,1.1675442692649085e-05,0.0008934644865803421,0.010287988930940628,1.1536030086745086e-07,0.0005114632076583803,5.2679395594168454e-05,4.187331796856597e-06,2.2862250261823647e-06,5.530752332560951e-06,1.5521389968853327e-06
window-cd9931466f4a47ae07b1,407_54915_106133,cake,cake,0.7404434680938721,True,0.0001174839271698147,0.00011051508045056835,3.819114681391511e-06,1.7563849041835056e-06,2.3670706639222772e-07,8.763609912421089e-06,0.7404434680938721,0.0001392261328874156,0.00022558902855962515,1.3246936759969685e-05,7.330407242989168e-05,8.41558914999041e-07,6.422833394026384e-07,1.837219861045014e-05,8.3824124885723e-07,1.603385442194849e-07,1.0246450443673893e-07,0.00016409259114880115,0.15654848515987396,3.1876788852969185e-07,0.00017192082304973155,8.77477503991031e-08,0.09493388235569,0.007022016681730747,2.3203381260827882e-07,6.133259375928901e-07
window-697d84d04c81f130a28e,407_54915_106133,cake,cake,0.9061318635940552,True,1.8565267964731902e-05,2.961100562970387e-06,2.687429168091171e-09,4.137937992254592e-08,3.5163200351462365e-08,1.8841627991150744e-07,0.9061318635940552,9.133940693573095e-06,7.451165373595359e-08,9.769171356310835e-07,8.899620297597721e-06,2.8037072752340464e-07,1.4659160285646067e-07,6.65510333419661e-06,5.767149104940472e-07,1.0990637733243602e-08,8.158226449950234e-08,3.231183143270755e-07,0.09341028332710266,8.772015114288934e-09,1.1185850326000946e-06,2.4905602913349867e-07,0.00020150937780272216,0.00020582701836246997,2.969934200791613e-07,2.2305040037196022e-09
window-a6f3a80075525aae657a,407_54915_106133,cake,cake,0.9215186238288879,True,0.0010980080114677548,0.0012683423701673746,5.10951325694009e-09,2.9508294119295897e-07,2.9061191071377834e-06,5.0712504162220284e-05,0.9215186238288879,0.00022541158250533044,4.796861958311638e-06,0.0004177040245849639,0.00034425011835992336,1.09919290025573e-06,2.4199280233005993e-06,7.125861156964675e-05,1.6248302472376963e-06,1.4898559186349303e-07,3.754473993922147e-07,3.890425432473421e-05,0.07084734737873077,2.1602198785330984e-07,0.0029138855170458555,6.607796194657567e-07,0.0007424620562233031,0.00042584340553730726,2.2489828552352265e-05,1.480180458202085e-07
window-96ae57d4630e84eb258d,407_54915_106133,cake,cake,0.9098523259162903,True,3.83190308639314e-06,1.371182634102297e-06,6.103246619204583e-07,1.5735873603262007e-05,2.8153922357887495e-06,5.193091055843979e-06,0.9098523259162903,6.736455543432385e-05,0.0006107891094870865,6.780768308090046e-05,1.053455775945622e-06,1.2487409549066797e-05,2.234252178823226e-07,2.2239633835852146e-05,1.4493585922537022e-06,2.0067705008841585e-07,8.877559309894423e-08,9.690730848888052e-07,0.07496195286512375,2.4742597815929912e-05,1.3360549928620458e-06,1.6198658840949065e-06,0.007067458238452673,0.007276076823472977,3.302313302810944e-07,3.4697716699838566e-08
window-ef6aef36f77acf37de99,410_55724_107428,cake,cake,0.5450189709663391,True,2.5118099074461497e-05,0.0005248330999165773,3.104679308307823e-06,0.00010635312355589122,0.0030385032296180725,0.0034822546876966953,0.5450189709663391,0.00010942482913378626,0.0005206256755627692,0.007423150818794966,0.009160465560853481,0.01081726886332035,9.489740904200517e-08,0.0005693953717127442,7.34052446205169e-05,0.002031919313594699,2.948138444480719e-07,0.0008216847199946642,0.41272109746932983,1.6711759087684186e-08,2.615157654872746e-06,0.002320539206266403,1.8847360934159951e-06,0.0011510234326124191,6.86816338202334e-06,6.907394708832726e-05
window-3f3053f6f1276e4b2ffa,410_55724_107428,cake,cake,0.33853834867477417,True,0.0037130932323634624,0.019454507157206535,6.699604000459658e-06,0.00017698912415653467,0.0020413408055901527,0.029402421787381172,0.33853834867477417,0.00021506566554307938,0.0010868777753785253,0.06543858349323273,0.03289646655321121,0.3200094699859619,1.075236014003167e-05,0.0023063113912940025,0.00025567435659468174,0.04007241874933243,1.8589365936350077e-05,0.016099222004413605,0.09169965982437134,4.919771257050343e-08,2.612368916743435e-05,0.001963220536708832,6.092608600738458e-05,0.03257197514176369,0.0002092377981171012,0.0017260127933695912
window-b20d5e16aad0f915f464,410_55724_107428,cake,cake,0.9528273344039917,True,1.8119864762411453e-05,0.0004064457898493856,2.4956393644970376e-06,2.5899860247591278e-06,3.8037251215428114e-05,1.6888177469809307e-06,0.9528273344039917,7.654663204448298e-05,0.0011974398512393236,0.0008699601166881621,9.512192627880722e-05,0.022230789065361023,4.6962274069528576e-08,2.570032847870607e-05,3.775803861572058e-06,0.0006573072168976068,8.116284675452334e-07,0.0003130714176222682,0.016030050814151764,1.925371407196508e-06,2.0720588508993387e-05,0.0004008355608675629,3.8630725612165406e-05,0.00028547452529892325,0.0035880382638424635,0.0008671116083860397
window-049ed2fa37620eaf677e,410_55724_107428,cake,sandwich,0.7689469456672668,False,6.35152100585401e-05,0.00669410964474082,1.628451116175711e-07,1.7823927919380367e-05,0.0009309498709626496,0.0009787004673853517,0.06601237505674362,6.482929893536493e-05,1.109406366595067e-05,0.0012431341456249356,8.726606756681576e-05,0.1467897593975067,1.1786541520564242e-08,0.0001605740690138191,2.5095848741329974e-06,0.002446983475238085,3.876361631682812e-07,0.00015189066471066326,0.7689469456672668,4.061134717403547e-08,0.0004458281910046935,0.00025439690216444433,2.2193429686012678e-05,0.004484147299081087,7.800053026585374e-06,0.0001825768849812448
window-6b78634bcb0411731413,589_88625_178057,cake,sandwich,0.41197869181632996,False,2.7230319119553315e-06,1.8638089613887132e-06,4.071684452355839e-05,5.489031096317376e-08,0.001630652230232954,5.445544388749113e-07,0.07849434018135071,5.760353087680414e-05,3.908869257429615e-05,0.000772154307924211,8.817761454338324e-08,0.07407738268375397,7.336220519960079e-09,0.325391560792923,5.7606630434747785e-06,0.0015043376479297876,3.7987597067967727e-08,3.3779022487578914e-05,0.41197869181632996,2.7804328510683263e-06,0.005075293127447367,2.121935494869831e-06,0.06744025647640228,0.004866397473961115,0.028577031567692757,4.679131507145939e-06
window-80d15bcf5663fdaaa6ed,589_88625_178057,cake,kite,0.6399565935134888,False,7.741527952020988e-06,2.744091602835397e-07,2.4735811621212633e-06,2.036706291619339e-06,0.012339968234300613,2.2056484283439204e-07,0.06362011283636093,3.945672233385267e-06,0.000223808572627604,0.0009146594675257802,1.2221024690006743e-06,0.25540897250175476,3.2848411990471504e-08,0.6399565935134888,0.0001171791591332294,0.00323245651088655,2.243717656114086e-09,9.851071808952838e-06,0.011623046360909939,4.311684824642725e-05,0.00020704556663986295,6.630972393395496e-07,0.0019634964410215616,0.009256185963749886,0.0009975590510293841,6.723727710777894e-05
window-c9b6c820b0d29b01dd99,589_88625_178057,cake,handbag,0.48633909225463867,False,2.7940463041886687e-05,4.6542218115064315e-06,2.1708970052713994e-06,3.566205350580276e-06,0.07206002622842789,5.494051151799795e-07,0.3391737639904022,1.2137216799601447e-05,0.0008108859765343368,0.000559423235245049,3.971211981479428e-07,0.48633909225463867,8.61561222365026e-09,0.0030435509979724884,2.2018570234649815e-05,0.0035528887528926134,1.6834425764500338e-07,2.5059262043214403e-05,0.03610270470380783,0.00010597526852507144,0.0005928922910243273,0.0004950242000631988,0.002317233942449093,0.05391272157430649,0.0007882085628807545,4.6880129957571626e-05
window-9cad490c7f3c82e1001d,589_88625_178057,cake,cake,0.4593981206417084,True,9.410589700564742e-05,9.546367891744012e-07,1.927264520418248e-06,3.1658906664233655e-05,0.04413856938481331,1.978717364181648e-06,0.4593981206417084,5.9906975366175175e-05,0.02005511336028576,8.772553701419383e-05,1.778226987880771e-07,0.4387175142765045,1.110230751777408e-08,0.006155022419989109,0.0016054322477430105,0.003936814609915018,3.00722263091302e-07,0.001061488757841289,0.009674625471234322,1.0547418241912965e-05,0.0017972015775740147,0.00015889928909018636,0.0002611202362459153,0.0026855538599193096,0.009947532787919044,0.00011776627798099071
window-8793571987f220dc502b,113_13372_23309,carrot,baseballbat,0.6316826343536377,False,0.002251315861940384,0.001361061236821115,0.6316826343536377,1.1036219802917913e-05,0.0063248975202441216,2.949361146420415e-07,9.585613588569686e-05,0.026833025738596916,6.280759023979954e-09,0.0015824598958715796,0.0008720449404790998,7.16761087460327e-06,1.761330531735439e-05,0.03373182192444801,2.8087282544220216e-07,0.048660311847925186,4.3303668917360483e-07,7.836374606995378e-06,0.020953919738531113,3.6625039001592086e-07,0.004426050931215286,3.521728899613663e-07,0.09393472969532013,0.12655407190322876,5.205353591009043e-05,0.0006383942672982812
window-5789161d0c6bf5436c69,113_13372_23309,carrot,sandwich,0.47742417454719543,False,0.0031628599390387535,0.0026115900836884975,0.07502610981464386,4.685635303758318e-06,0.009283422492444515,1.1825811441212863e-07,0.0005608345963992178,0.0012116135330870748,3.49582640613022e-10,0.0030252982396632433,3.4653091915970435e-06,2.095073250529822e-05,7.131612801458687e-05,0.0076147946529090405,3.21528489166667e-07,0.000975346309132874,2.464755561959464e-05,0.0004840827896259725,0.47742417454719543,1.2170488844276406e-05,5.341157884686254e-05,1.3265524785310845e-06,0.41572216153144836,0.00018213850853499025,0.0024924995377659798,3.072696563322097e-05
window-8faf6637ebc720914556,113_13372_23309,carrot,baseballbat,0.584553599357605,False,0.0001412190031260252,9.243244130630046e-05,0.584553599357605,5.436406809167238e-06,3.3393142075510696e-05,8.209574531292674e-08,2.6250703740515746e-05,0.00010951257718261331,4.914476048334393e-10,0.00012306949065532535,0.0001514843461336568,9.943528311850969e-06,9.470160193814081e-07,0.011757940985262394,1.3791244812821901e-09,0.0004956182674504817,3.2720958387244536e-08,1.689139571681153e-05,0.002697115996852517,1.9661232641965398e-08,2.820417648763396e-05,8.535266715625767e-09,0.3984070420265198,0.0011767965042963624,0.00016893353313207626,4.0428503780276515e-06
window-0c101015c10090e1e67a,113_13372_23309,carrot,baseballbat,0.6774376034736633,False,0.00024987634969875216,2.159479117835872e-05,0.6774376034736633,7.406550139421597e-06,5.233358751866035e-05,1.6269362745902072e-08,0.001342173432931304,0.0007423338247463107,8.209564972272432e-11,8.006668940652162e-05,6.482396202045493e-07,1.0993442174367374e-06,3.5959585602540756e-06,0.0005092656938359141,3.251257965075638e-07,0.004784261807799339,2.2289846413059422e-07,2.778360794764012e-07,0.006717219017446041,1.5960461041686358e-07,7.708069915679516e-07,1.6920405698783725e-07,0.3058241605758667,0.002164463745430112,5.9921556385234e-05,1.0988939891376504e-07
window-42c7b457230f7784af4a,398_50405_98934,carrot,toytruck,0.2396600842475891,False,0.0015514236874878407,0.1415606141090393,0.0014346749521791935,0.003920399583876133,0.002349110087379813,3.490753078949638e-05,0.08796084672212601,0.03609229624271393,0.0002960555430036038,0.00019683700520545244,0.15994268655776978,6.706692511215806e-05,2.621313979034312e-05,0.0035919214133173227,5.33632846781984e-05,0.0017273841658607125,1.743406755849719e-06,0.00027437711833044887,0.06717119365930557,0.04339021071791649,9.131576007348485e-06,0.00035135092912241817,0.20827966928482056,0.2396600842475891,5.261744445306249e-05,3.8272719393717125e-06
window-46033fe111ed1366731e,398_50405_98934,carrot,frisbee,0.9591612815856934,False,2.82289238384692e-06,0.014539378695189953,0.00014521072444040328,3.123374335700646e-05,3.846668278129073e-06,2.2609212919633137e-06,6.227693666005507e-05,0.022559644654393196,1.374845055579499e-07,3.195484396201209e-06,0.9591612815856934,9.034685177766733e-08,9.094129040931875e-07,8.14624763734173e-06,1.594193399512278e-08,1.507757497165585e-05,7.971024729158671e-09,1.3687415503227385e-06,0.002042521722614765,8.356259684205725e-08,4.500731301959604e-05,5.521207185665844e-06,0.00037154610618017614,0.0009975106222555041,9.1647035560527e-07,1.9475622892173305e-08
window-e090515831b2afd6aa3f,398_50405_98934,carrot,carrot,0.7469053268432617,True,0.0006643961532972753,0.1262529045343399,0.0014859042130410671,0.0007584503036923707,8.745808736421168e-05,7.863915243433439e-07,0.003546434687450528,0.7469053268432617,6.999913239269517e-06,9.7590218501864e-06,0.002287792507559061,0.0012918023858219385,7.433298378600739e-06,0.00011795941099990159,3.3414977451684535e-07,0.00046809748164378107,4.346966164803234e-08,9.780297841643915e-05,0.07864508777856827,9.655537724029273e-05,0.0006902147433720529,1.7418855350115336e-05,0.022236717864871025,0.014225034043192863,9.925167250912637e-05,1.4639319978471121e-08
window-7d9a93c1515605405f3d,398_50405_98934,carrot,ball,0.7652878165245056,False,0.0005150595679879189,0.7652878165245056,0.0006014961400069296,0.0018351166509091854,6.409004708984867e-05,4.2042622226290405e-05,0.004134455695748329,0.03952525556087494,2.4211376512539573e-06,0.0002514782245270908,0.0931834951043129,0.00011923118290724233,1.7109757664002245e-06,0.0004889953997917473,3.5760638184001436e-06,3.3164415071951225e-05,3.865866631258541e-07,1.984915252251085e-05,0.018238326534628868,3.277710129623301e-05,0.0002902904525399208,4.969041128788376e-06,0.007869855500757694,0.06740222126245499,5.145734394318424e-05,4.1199768929800484e-07
window-1ec8139b8888c1dec553,492_70423_135993,carrot,mouse,0.6796513199806213,False,0.05285351350903511,0.030871136114001274,0.0028716956730931997,0.0018745445413514972,0.09940937161445618,0.00042330255382694304,0.06093502789735794,0.0019027780508622527,1.6570000298088416e-05,0.019090685993433,0.027181053534150124,0.0034076564479619265,5.8401379646966234e-05,6.968995876377448e-05,0.00014771512360312045,0.6796513199806213,3.8727685591766203e-07,0.005385621450841427,0.0019142054952681065,0.00020213497919030488,0.0003746251168195158,7.026357707218267e-06,0.001767116249538958,0.009377778507769108,3.4305823646718636e-05,0.00017228061915375292
window-c51de736cd822b0293d1,492_70423_135993,carrot,mouse,0.5807065367698669,False,0.016681039705872536,0.021904030814766884,0.03812871500849724,0.02862778678536415,0.05972301959991455,0.0012689487775787711,0.06432917714118958,0.007228763774037361,1.1453670595074072e-05,0.09618517756462097,0.06297903507947922,0.0013556956546381116,1.09528009488713e-05,0.0008602861780673265,0.0007716944091953337,0.5807065367698669,2.1299567379173823e-05,1.8081431335303932e-05,0.0028469455428421497,0.00024206304806284606,0.0003569505934137851,2.6659268769435585e-05,0.009619878605008125,0.0042257532477378845,0.0014051971957087517,0.0004648264148272574
window-c44a8ad126eff858cb4b,492_70423_135993,carrot,mouse,0.9392728209495544,False,0.011813392862677574,0.011875241063535213,0.0001752492826199159,0.005300131626427174,0.00762992212548852,0.00047514488687738776,0.008822153322398663,0.00014694692799821496,7.899977845227113e-07,0.011081447824835777,0.00018348233425058424,3.4137116017518565e-05,6.484109235316282e-06,4.817925969291537e-07,1.5829311905690702e-06,0.9392728209495544,4.2295109636825146e-08,5.769176368630724e-06,0.001369758159853518,0.00015703821554780006,1.084668929252075e-05,1.1337373507558368e-05,0.00038521731039509177,0.0010670897318050265,1.3709642189496662e-05,0.00015981559408828616
window-3c2b6cedf3895546b090,492_70423_135993,carrot,ball,0.33193159103393555,False,0.029227061197161674,0.33193159103393555,0.028656190261244774,0.05611216649413109,0.14028480648994446,3.0991202493169112e-06,0.0008085687877610326,0.008620114997029305,4.024565714644268e-05,0.04846590757369995,0.008210309781134129,5.3624939027940854e-05,0.0001019854171318002,1.0551494597166311e-05,0.0003461117739789188,0.2931050658226013,3.7996935589035274e-06,7.606718281749636e-05,0.006490358617156744,0.0002659140736795962,0.00011501969129312783,2.2050119241612265e-06,0.0014500933466479182,0.004602077882736921,0.041010044515132904,7.079777333274251e-06
window-ee9e9c508061b94fe1b7,523_75420_147248,carrot,toyplane,0.9385879039764404,False,6.259036308620125e-05,0.0002118865231750533,0.0003403175505809486,0.0006541649927385151,0.015863491222262383,4.503357104113093e-06,0.0005873294430784881,0.001258011325262487,3.7671079553547315e-06,1.6716281834305846e-06,1.428181985829724e-05,8.834841719362885e-05,7.082615383069424e-09,0.0006936554564163089,3.7235520721878856e-05,0.0014630532823503017,4.0460520267515676e-08,3.368306579432101e-06,0.03818792849779129,8.100385457510129e-06,1.9254430299042724e-05,2.9491699024219997e-05,0.9385879039764404,0.001355597865767777,0.00026295369025319815,0.00026102509582415223
window-9fbd3fbbce1fdc9a7739,523_75420_147248,carrot,toyplane,0.3740648925304413,False,0.01324706245213747,0.005968015640974045,0.002560474444180727,0.15075168013572693,0.007299838121980429,1.4737898936800775e-06,0.005526688881218433,0.10249070078134537,0.0008334711892530322,4.4840973714599386e-05,0.000915957847610116,0.0002574993122834712,1.2110238003515406e-06,0.0014859731309115887,0.03430178388953209,0.02137772925198078,3.5529919273358246e-07,0.00013696274254471064,0.1545563042163849,3.120072733509005e-06,0.015231641009449959,7.406349322991446e-05,0.3740648925304413,0.01979740336537361,0.0881354883313179,0.0009353887289762497
window-0fc18f46f68ac388e897,523_75420_147248,carrot,sandwich,0.5565364956855774,False,0.00033184897620230913,0.00047413315041922033,3.109644239884801e-05,0.0018234801245853305,0.13271619379520416,9.098234841076192e-07,0.1080937460064888,0.025913279503583908,1.5000532584963366e-05,2.8930373900948325e-06,0.00044885679380968213,0.0009414778905920684,5.861963714437479e-08,0.001945875701494515,0.009297655895352364,0.009451298974454403,2.660169196033735e-09,9.860008276518784e-08,0.5565364956855774,7.67142864788184e-06,0.0007100658840499818,6.995851435931399e-07,0.1308673769235611,0.01598389819264412,0.004391830414533615,1.4026707503944635e-05
window-ec14cae16ac321d548cc,523_75420_147248,carrot,toyplane,0.8123707175254822,False,0.0001292911038035527,9.739827874000184e-06,2.809928628266789e-05,0.0013386084465309978,0.0030731158331036568,5.532779141503852e-07,0.013177528977394104,0.13868002593517303,5.38045753728511e-07,3.2046597198132076e-07,5.257777047518175e-06,0.014463730156421661,3.942103088405702e-09,0.000364681298378855,0.0023841620422899723,0.0025617775972932577,2.3241446545085864e-09,2.2802796095788835e-08,0.010541565716266632,9.819054014315043e-08,8.053318015299737e-05,8.74968827702105e-06,0.8123707175254822,0.0007478651241399348,1.3535559446609113e-05,1.9564246031222865e-05
window-af6aa78468d4e09a0a2e,579_85648_169171,carrot,carrot,0.5854661464691162,True,0.10580544173717499,0.024411341175436974,0.08649588376283646,0.0011348479893058538,0.0009621859644539654,1.0817368092830293e-05,4.2126932385144755e-05,0.5854661464691162,3.9387400647683535e-06,0.0004614591598510742,0.00018910813378170133,0.01949744112789631,0.0001901053765323013,0.008165421895682812,3.493689519018517e-06,0.04504087567329407,8.087803871603683e-05,0.00013163317635189742,0.000793085724581033,4.181263193459017e-06,0.0001453583681723103,0.0036594546400010586,0.003159166080877185,0.11398771405220032,0.00015794158389326185,1.4806315062898534e-09
window-3a44fbd5120dbc0fec77,579_85648_169171,carrot,carrot,0.8755714893341064,True,0.00010316456609871238,0.00810376089066267,0.0039409431628882885,0.0006698948564007878,0.0004476630419958383,5.773482314452849e-08,0.0004031807475257665,0.8755714893341064,4.706412326527243e-08,1.9109860659227706e-05,0.0024913789238780737,0.01266432460397482,6.85683116898872e-05,0.010573954321444035,8.888240898841104e-08,0.0006708601722493768,1.0668118193279952e-05,2.424027661618311e-05,1.5020816135802306e-05,3.7118277873560146e-07,7.446193194482476e-05,0.0005167968338355422,0.011299798265099525,0.07230518758296967,2.5061006454052404e-05,1.492478807207931e-09
window-cf6f05f0f06f0e1b11b4,579_85648_169171,carrot,book,0.595321774482727,False,0.00042952000512741506,0.030780045315623283,0.006093257572501898,0.003305132733657956,0.595321774482727,1.249815717585534e-08,3.969643671553058e-07,0.23035882413387299,0.00010637034574756399,0.00016838412557262927,0.0007833961863070726,7.862722122808918e-05,1.864664773165714e-05,0.1311292052268982,3.7445499145860595e-08,0.0003122018533758819,2.413948152479861e-07,3.664011956061586e-06,1.718576459097676e-05,5.17262435550947e-07,4.785943641394397e-09,0.00012879137648269534,0.00011084345169365406,0.0008528407197445631,5.6512607926606506e-08,4.519150564874508e-08
window-f5ea0b7cd30098513e3a,579_85648_169171,carrot,carrot,0.4715651869773865,True,0.06056307256221771,0.002984090708196163,0.17795538902282715,0.03057618997991085,2.7847005185321905e-05,3.743005800060928e-05,0.0005423653637990355,0.4715651869773865,4.26436571387967e-07,4.885329758508306e-07,1.0190275361310341e-06,0.030254578217864037,1.8765580534818582e-05,0.07104431092739105,8.334846484103764e-07,0.00011699734022840858,2.898052855471178e-07,0.0004915852914564312,0.00019008606614079326,1.8810534641033883e-07,1.7609560018172488e-05,6.48632430966245e-06,0.1418912559747696,0.011281426064670086,0.00043059041490778327,1.5001709243733785e-06
window-f1a0ac0a033e29c003ef,610_96645_193673,carrot,chair,0.5924245119094849,False,0.004710514098405838,0.0007697587134316564,0.12018904089927673,0.000614791177213192,4.976930867428564e-08,1.6618527297396213e-05,1.4810165112066898e-06,2.5201699827448465e-05,0.5924245119094849,8.070770718404674e-08,9.8223245004192e-07,0.015743538737297058,0.0003978093445766717,0.009153210557997227,2.0204146494506858e-05,0.0007033406291157007,1.0553611900832038e-05,0.00012532454275060445,0.00015155813889577985,0.0003131348348688334,0.0004181221593171358,4.088724381290376e-07,0.2538141906261444,0.00038828307879157364,7.3084743235085625e-06,6.525645579458228e-10
window-8a8a7780ca778336c2ad,610_96645_193673,carrot,baseballbat,0.9879394769668579,False,2.2978898414294235e-05,0.00010546499834163114,0.9879394769668579,0.005768208298832178,7.26149949059618e-08,1.8262268497437617e-07,2.3645080204914848e-07,9.075014531845227e-06,0.0002192313695559278,1.9935367245871305e-10,3.390923211554764e-06,7.6599690146395e-07,1.916923611133825e-05,7.496590114897117e-05,0.005272164009511471,2.3907312424853444e-05,5.2566301746992394e-06,4.622094820661005e-06,3.3008075206453213e-07,3.282384204794653e-05,5.551120557356626e-05,4.842517000724911e-07,0.0004067878471687436,3.420373468543403e-05,5.65228845061938e-07,6.739643565456532e-12
window-1c8c8ef296124c28038e,610_96645_193673,carrot,baseballbat,0.9568945169448853,False,1.1602513950492721e-05,0.0001423954381607473,0.9568945169448853,0.00016306873294524848,2.037018248302047e-06,2.391466068729642e-06,6.00220531055129e-08,0.0013773911632597446,0.014593305066227913,2.1165433850001136e-07,2.831640449585393e-05,1.4693972843815573e-05,0.0008310959674417973,0.012978452257812023,0.0010342515306547284,0.00010865196236409247,4.905035166302696e-05,2.0723284251289442e-05,8.439499197265832e-07,0.006941766012459993,0.000281877932138741,3.8252933336480055e-06,0.002512065228074789,3.6879078834317625e-05,0.0019706240855157375,1.557594497825221e-09
window-1af059e562645dc0f4ee,610_96645_193673,carrot,baseballbat,0.980379581451416,False,0.00025362963788211346,0.0005819110083393753,0.980379581451416,4.6785138692939654e-05,1.2800172477511751e-08,1.1461801818768436e-07,1.2737321242184407e-07,0.00010898586333496496,0.01794593036174774,4.08749372127204e-08,9.037799486577569e-08,2.9793186513416003e-06,1.1476113286335021e-06,1.2903169590572361e-05,1.2933364246237034e-07,1.880623858596664e-05,2.5122960778389825e-07,2.7596835934673436e-05,2.676748181329458e-06,1.1296927368675824e-05,5.95400479141972e-06,5.7156043453687744e-08,0.0005167717463336885,6.483806646429002e-05,1.7340111298835836e-05,3.2636637836702675e-10
window-bb3056700db54235a0c7,108_12859_23648,chair,chair,0.998923122882843,True,5.021476637279143e-11,4.1063916000894096e-07,8.685069042257965e-05,0.00043840211583301425,1.6081221687613834e-08,1.1533420440912323e-08,1.633566948378018e-09,9.426923242017438e-09,0.998923122882843,9.065757922144257e-07,3.255478588926053e-07,5.711968697141856e-05,1.3543497516366187e-05,3.2524546895729145e-06,0.00042609070078469813,5.993622265165754e-10,6.524271157104522e-06,8.733695722185075e-06,3.960182737294815e-10,3.1926749670674326e-06,1.9277590013189183e-07,8.050301403272897e-06,5.610422348922839e-09,3.6818690318796143e-07,1.0640311302267946e-05,1.2364183930912986e-05
window-71fb294901496c3cca15,108_12859_23648,chair,chair,0.9995790123939514,True,6.299044619240135e-10,5.976932015983039e-07,1.7043199704858125e-06,0.00014416918565984815,1.4901985423421138e-07,6.420594218070619e-06,1.2369540058898565e-07,5.679243297862513e-09,0.9995790123939514,2.469212859068648e-06,4.824335633202281e-07,5.865225102752447e-05,1.6476395103381947e-05,4.11013861594256e-05,3.925143391825259e-05,2.8294628862113314e-08,1.9959612473030575e-05,1.8627463305165293e-07,1.6049694906428158e-08,1.4437908248510212e-05,4.942748788039353e-08,2.8003071292914683e-06,7.573624571932669e-08,1.0512654853300774e-06,2.0144147129030898e-05,5.052023698226549e-05
window-6958e09767a061024c4c,108_12859_23648,chair,chair,0.9457615613937378,True,2.3985048613894833e-08,8.734576113056391e-05,0.0005904023419134319,0.009547768160700798,2.1698299406125443e-06,4.630178227671422e-05,4.733914920507232e-06,9.32573493628297e-06,0.9457615613937378,0.00012062787573086098,0.00023797083122190088,0.0006429466302506626,0.00012218304618727416,0.0004226108139846474,0.03222740441560745,1.599037631194733e-07,0.0008174711256287992,1.22008550533792e-05,7.170087883423548e-07,1.9877395970979705e-05,6.857648713776143e-06,0.0006148836691863835,1.4540830761688994e-06,9.908121137414128e-05,0.008416712284088135,0.0001870819105533883
window-debedbcf3b3e4ac4829e,108_12859_23648,chair,bench,0.5880324244499207,False,6.245183499231644e-07,0.002225522417575121,0.020976049825549126,0.5880324244499207,1.866538241301896e-06,8.53105157148093e-05,7.3662954491737764e-06,9.242854730473482e-07,0.18509897589683533,0.00021216296590864658,0.003235024865716696,0.00036269830889068544,0.007210236042737961,1.621859883016441e-05,0.13558432459831238,4.544431675412852e-08,0.04782867804169655,4.365061977296136e-05,1.8959912750915464e-08,0.005861595273017883,0.00012123819760745391,1.1538125363586005e-05,5.208776201470755e-06,1.166107085737167e-05,0.002769745886325836,0.0002969823544844985
window-6500454e5349d15bf087,372_41140_82042,chair,book,0.7068043947219849,False,1.9880423696161387e-10,0.008921552449464798,0.00016179992235265672,0.004066272638738155,0.7068043947219849,3.2978499575619935e-07,1.4364914932230022e-05,1.7293386918026954e-05,0.0012440918944776058,3.455442993072211e-06,5.077528112451546e-05,2.7643620725825713e-08,8.331640065362134e-12,0.06615273654460907,0.010966279543936253,3.666962356874137e-06,1.3545627730593424e-08,9.44369730859762e-06,6.415610550902784e-05,0.003248663619160652,3.703138872879208e-06,0.06170245260000229,0.09598682820796967,3.6408262531040236e-05,0.03887416794896126,0.0016671374905854464
window-e92819c6ce28a4353fec,372_41140_82042,chair,sandwich,0.37577638030052185,False,5.01033355249092e-07,0.0007279065903276205,0.002846576040610671,8.95894700079225e-05,0.004778583534061909,2.6427629862268986e-08,0.0003391712671145797,0.002309471135959029,0.01596873253583908,0.0004773637047037482,0.0009029656648635864,0.006488366983830929,1.5864475244597998e-07,0.23015163838863373,2.7171164873607268e-08,0.00029194101807661355,4.1558640972994e-09,0.0001474635791964829,0.37577638030052185,0.0065115042962133884,2.3094698917702772e-05,0.004521421156823635,0.29177331924438477,8.543849617126398e-06,0.0555795393884182,0.00028570331051014364
window-da45d70d78d439a9828c,372_41140_82042,chair,toyplane,0.591376006603241,False,6.981916556014767e-08,0.00023753815912641585,0.0005163301830179989,6.182884681038558e-05,0.0005517428508028388,2.4253734871165777e-12,2.9422792067634873e-05,0.01875849813222885,2.190711529692635e-05,2.7866903110407293e-05,2.3492787022405537e-06,3.1921968911774457e-05,2.073469000662964e-11,0.3659174144268036,8.724379441105157e-09,7.845048344279348e-08,4.6093484584730504e-09,0.0005320150521583855,0.0016740190330892801,1.7531383491586894e-06,0.0009084305493161082,8.628146133560222e-06,0.591376006603241,0.0008498119423165917,0.016401875764131546,0.002090560970827937
window-733e2215bfef58fa2a9e,372_41140_82042,chair,sandwich,0.5663760900497437,False,1.91502044799563e-06,0.003527676220983267,0.011469552293419838,0.012616538442671299,0.07138015329837799,5.523622803593753e-07,0.0016923327930271626,0.004920678213238716,2.6328858439228497e-05,4.152408109803218e-06,0.02955825813114643,8.34154798212694e-06,3.868319886635163e-09,1.0432842827867717e-05,0.0012739038793370128,0.0029631343204528093,1.7978510347127497e-10,1.141272036875307e-06,0.5663760900497437,0.00010190121975028887,0.0009990540565922856,0.001244954764842987,0.04664012789726257,0.07662592828273773,0.0007059618947096169,0.16785091161727905
window-8adbaf1c23c2a0e9d8dd,372_41169_81981,chair,bench,0.7146015763282776,False,7.163778459329251e-10,3.4354427498328732e-06,0.0019617874640971422,0.7146015763282776,5.806444658418286e-09,0.00014683128392789513,2.7541902786198946e-11,6.249172734840158e-09,0.04044472053647041,1.7825875886501308e-07,3.568968395484262e-06,6.156209565233439e-05,1.1091574236843371e-07,1.0196319522037811e-07,0.24275653064250946,1.2438142960036203e-07,7.329125395472147e-08,2.1047819700470427e-06,2.2825213941146671e-10,5.817655164719326e-06,3.0082440982681646e-09,3.513259461129792e-09,1.953760486728129e-09,1.216589851082972e-07,5.738001618738053e-06,5.609631898551015e-06
window-18f7a64871cf80dc676b,372_41169_81981,chair,chair,0.9949001669883728,True,3.693465325249612e-11,3.633181506756955e-07,9.083053669201036e-07,0.005046849139034748,3.218545430172526e-10,2.3659076759940945e-06,8.959270825226184e-11,7.116992412070644e-11,0.9949001669883728,3.26350474422199e-10,1.8641445649336674e-06,4.911354949399538e-07,1.2877023891633144e-08,3.571987705619506e-10,7.157086201914353e-06,2.2382474540449948e-08,4.1793082772301204e-08,3.688475044327788e-05,3.0607835710405595e-10,7.996704454171777e-08,3.669907711056908e-10,5.598741026346943e-09,1.5676036857481535e-10,2.282353761984268e-06,3.8420549230977485e-07,1.5630993743798172e-07
window-e458126fd8bfc637bf38,372_41169_81981,chair,chair,0.8958085179328918,True,1.6080913667337882e-07,0.00011982245632680133,0.002612777752801776,0.04932456836104393,1.0189284083139682e-08,7.616494985995814e-05,1.4438110156334005e-06,6.130505312285095e-07,0.8958085179328918,8.898608712115674e-07,0.00014342006761580706,4.5566783228423446e-05,2.3032584067550488e-05,4.937633548252052e-06,0.04372455179691315,9.438288657293015e-07,0.0005084690055809915,8.379838982364163e-05,8.902181320991076e-07,2.841057948899106e-06,2.2534411527885823e-06,1.4553841538145207e-05,6.072190785744169e-07,0.0064761945977807045,0.0010039377957582474,1.903468364616856e-05
window-719fe19cc9dbb990b9f6,372_41169_81981,chair,chair,0.8681299686431885,True,4.0462883044156683e-10,0.00010479967022547498,0.0008602386806160212,0.06791520863771439,1.006446154860896e-06,7.794405831873519e-08,2.3602715373272076e-06,2.969208878766949e-08,0.8681299686431885,9.310705983978096e-09,1.7193464145748294e-06,0.001352817052975297,1.2568280908453744e-05,8.252417319454253e-05,0.05511419102549553,6.209302227944136e-06,0.0054206401109695435,2.9010748221480753e-06,6.046148541827279e-07,1.1739518413378391e-05,2.778236307676707e-09,7.890255915299349e-08,4.5896501887909835e-07,0.0006926882197149098,0.0002833563485182822,3.758238563023042e-06
window-262528ffa91a43efdc8b,391_46976_93669,chair,chair,0.9988718628883362,True,1.61006652454887e-10,4.4449809166735577e-08,2.34565250138985e-05,3.2801679481053725e-05,5.691323394785286e-07,3.353367006297958e-08,8.265969313470123e-07,2.2922124642832387e-08,0.9988718628883362,6.469284841159606e-08,6.213991127879126e-06,3.8324751585605554e-06,1.0096990763486247e-06,2.62310331891058e-05,1.9565175080060726e-07,1.351387557413375e-09,7.162392421378172e-07,0.0009329787571914494,1.0757578650100186e-07,2.8948676117579453e-05,2.3275549665413564e-06,8.72575469657022e-08,2.20399033423746e-05,3.225315231247805e-05,3.0286828405223787e-06,1.0295719221176114e-05
window-dce8d124e62151bed20f,391_46976_93669,chair,wineglass,0.9776870608329773,False,1.1102439497270855e-12,2.1147095186080378e-10,2.906421325832298e-09,3.7535386354647926e-07,3.741727994110988e-08,1.2267309102753643e-05,2.2469847163475443e-12,6.323319645673564e-11,0.00015784056449774653,2.1335905330488458e-05,1.532886528821109e-08,3.430855031183455e-07,1.3223749872892654e-10,2.5680888029455673e-06,3.2960463247633243e-09,5.336627251217863e-10,4.63575062781274e-08,0.020584682002663612,6.631748102059465e-12,0.001532617025077343,9.201955863957778e-11,5.627132537711077e-08,2.3908174995312947e-08,1.3018100052802906e-12,6.932461360520392e-07,0.9776870608329773
window-23c087376a7aceb1e102,391_46976_93669,chair,chair,0.7148071527481079,True,6.774203051805594e-13,5.491968657622692e-09,9.69425206776009e-10,1.1638919204415288e-05,0.2850819230079651,4.236751227626456e-11,1.4386179747472028e-10,3.3630629392433775e-09,0.7148071527481079,9.643358112043643e-09,8.737455573282205e-06,8.619155778433196e-06,2.2511667822824183e-13,3.179860141244717e-05,2.763419433904346e-05,3.3467298976574966e-07,2.8074387259380273e-08,2.8274953933760116e-07,3.1606071093648325e-09,2.2652980078419205e-06,1.0846828324417856e-08,7.6029414231015835e-06,5.699574217032932e-07,3.1831718843022827e-06,8.121084647427779e-06,1.5390009266980087e-08
window-ffba9630d1348126e1f8,391_46976_93669,chair,chair,0.9299233555793762,True,9.902638709036182e-10,2.187155587307643e-06,7.510099635510414e-07,2.568464651631075e-06,0.0005991474608890712,8.70611188474868e-07,1.5072932910698e-05,1.3806112697523076e-08,0.9299233555793762,7.041719072731212e-06,1.225654523295816e-05,2.3034892365103588e-05,1.4718369811816956e-06,0.00025091724819503725,9.022739686770365e-05,3.6418068560806205e-08,0.004032101482152939,0.012341895140707493,4.948817877448164e-05,0.0010817715665325522,3.761483185371617e-06,1.4333863873616792e-05,9.638598567107692e-05,0.05141647532582283,1.3457343811751343e-05,2.134798705810681e-05
window-f9de7346eb0c19eacb02,392_47518_94512,chair,chair,0.9966853260993958,True,1.7639997101914773e-11,4.046777490884779e-08,5.0731516239466146e-05,0.0017860739026218653,1.1370691055390125e-09,9.292899783019948e-11,1.4273205728443372e-08,1.2812534805561882e-05,0.9966853260993958,4.695771549378946e-10,7.075136068124266e-07,0.0013836950529366732,1.8321811623422946e-08,1.3835668166706228e-09,5.935800118095358e-07,8.227475944977414e-08,1.2183826170186762e-10,2.9872023787902435e-07,1.4414945903595822e-09,1.8592047346110974e-10,5.8008645282825455e-05,5.97954908698739e-07,9.539445272821467e-06,2.2124659437849914e-08,1.1489847565826494e-05,4.316718538177611e-09
window-1fb32c2f9bbbe2600ed6,392_47518_94512,chair,chair,0.9883358478546143,True,8.996010603112836e-10,4.1389580474060494e-07,0.0032861968502402306,0.0002050296461675316,2.197599213715762e-09,1.4129737380130791e-08,2.05376293749282e-09,3.0016231903573498e-05,0.9883358478546143,1.5622619002897409e-06,6.206832949828822e-07,0.007971169427037239,6.764404361092602e-07,2.294951173098525e-06,5.059038130639237e-07,8.688239176990464e-06,8.97331275950819e-08,8.786964826867916e-06,1.2444911590137053e-07,1.269949336801801e-07,7.757864040058848e-08,3.6397206713445485e-05,1.6776624534031725e-07,5.034811323412214e-08,0.00011105874727945775,5.486688792188943e-08
window-32e3bc6f7fd1ab90a572,392_47518_94512,chair,chair,0.9994001388549805,True,3.465658870993593e-09,6.469238087447593e-06,0.00015385936421807855,7.32865373720415e-05,4.786026241987429e-09,2.509542851303337e-10,1.0932337257685276e-09,3.6401024772203527e-06,0.9994001388549805,7.609929042473595e-08,3.703339856997445e-08,4.9159523769048974e-05,2.651363217864855e-07,7.688116170356807e-07,7.244829447472512e-08,9.67745904745243e-07,2.5500461742211655e-09,0.0003087088407482952,1.2057202347648399e-08,2.5032639072719576e-08,6.132550112170065e-08,5.306229127199913e-07,1.0692485830077203e-06,8.907176720640564e-07,3.004833359909753e-08,8.070383805680592e-10
window-db0a570483afc201e612,392_47518_94512,chair,chair,0.9990891218185425,True,2.1154503926368307e-08,5.1074624934699386e-05,0.0002711887063924223,7.979254587553442e-05,8.781980698202574e-10,1.2062390908340603e-07,4.307624124066933e-08,4.6374279918381944e-06,0.9990891218185425,1.358811285712136e-08,7.346130814767093e-07,0.00037032595719210804,8.629276271676645e-05,8.297388376377057e-07,4.872935477351348e-08,8.496451187056664e-08,4.318914947898378e-10,2.6042320314445533e-05,1.3155137423837004e-08,9.709727244455735e-09,2.1041910258645657e-06,1.4962299843546134e-08,5.355827283892722e-07,1.4279284243912116e-07,1.683389018580783e-05,9.25210663638154e-09
window-5b43611a806b5b67771f,395_49193_97277,chair,ball,0.6882416009902954,False,4.228678335493896e-06,0.6882416009902954,0.0004500322975218296,0.11503662168979645,0.003836608026176691,6.304970838755253e-07,0.09710099548101425,0.00014687119983136654,0.03960312157869339,0.00038797652814537287,0.0008650139207020402,0.004292009398341179,0.0013235110091045499,0.008241125382483006,0.02156481146812439,8.30954741104506e-05,7.813157480995869e-07,0.00041156652150675654,0.0038129566237330437,0.0017626268090680242,0.009870082139968872,0.00016870693070814013,0.002111859619617462,1.4066104370158428e-07,2.9844115942978533e-06,0.0006800232222303748
window-5ea3d4aeda3894e48c2f,395_49193_97277,chair,toyplane,0.25573039054870605,False,8.66927166498499e-06,0.022672148421406746,0.013560948893427849,0.01787448488175869,0.005860680714249611,1.8484103065929958e-06,0.06262930482625961,0.0032116775400936604,0.005507480353116989,5.567757398239337e-05,0.023862941190600395,0.048552244901657104,0.00011131098290206864,0.13492150604724884,0.0006514153210446239,0.0006626796093769372,9.313161086765831e-08,0.0007681131828576326,0.2258228361606598,2.9057507617835654e-06,0.1769116073846817,0.0004903001827187836,0.25573039054870605,7.881444616941735e-07,8.276084554381669e-05,4.52536805823911e-05
window-0997e00766ec391c1ec1,395_49193_97277,chair,sandwich,0.6639420986175537,False,4.298402927815914e-05,0.11212398111820221,0.00021661404753103852,0.00021882407600060105,5.839108052896336e-05,3.378122755748336e-06,0.07024962455034256,0.014695562422275543,0.0002311044663656503,0.0005052568158134818,0.0001662239956203848,0.001971720950677991,1.0765805200207978e-05,0.08651220053434372,0.0004586384748108685,0.0004203678690828383,5.921847456846763e-09,0.001366569777019322,0.6639420986175537,5.716473197026062e-07,0.04469749331474304,1.570120730320923e-06,0.0013740526046603918,5.17728381055349e-07,3.4703805340541294e-06,0.0007280716090463102
window-3f865ddfb613fd29a6d4,395_49193_97277,chair,ball,0.37132835388183594,False,0.00018497930432204157,0.37132835388183594,0.0008602681919001043,0.005078175105154514,0.02407228946685791,6.63976720716164e-07,0.07834015786647797,0.0027161973994225264,0.2719051241874695,0.002966586733236909,0.0005245860666036606,0.023316750302910805,0.0021184615325182676,0.07989085465669632,0.003451822092756629,0.0013689278857782483,1.2309780004216009e-06,0.002045620698481798,0.060498904436826706,0.00025105904205702245,0.037874143570661545,0.00041682092705741525,0.029777664691209793,1.9438768504187465e-05,1.2757352124026511e-05,0.0009782507549971342
window-ee0d22e6e282b507dba1,455_64092_126267,chair,chair,0.9758824110031128,True,2.500016860196297e-10,2.4747363568167202e-05,0.0012582842027768493,0.007890626788139343,0.0014208710053935647,1.1803676613908465e-07,2.5111476134043187e-06,2.3840219398607587e-07,0.9758824110031128,7.517922313127201e-06,0.012071449309587479,0.00015347308362834156,1.984127948162495e-06,3.8992479289845505e-07,2.203448502768879e-06,8.636706479592249e-05,1.956764776878117e-07,9.898350299408776e-07,1.7741729863018918e-08,1.6555731008338626e-08,1.4284957217114425e-07,0.0007616112707182765,3.0697087538555934e-08,2.478826218066388e-06,0.00042750255670398474,3.8427647268690635e-06
window-f61961c9e35df9d936f6,455_64092_126267,chair,chair,0.9953041076660156,True,1.8742969132290455e-07,0.0001855706359492615,8.644003537483513e-05,8.543411968275905e-05,2.3627038103768427e-07,1.9854308475064641e-10,1.2733839538370262e-09,4.4337093640933745e-07,0.9953041076660156,0.001204531523399055,3.25211212126586e-11,0.00031080612097866833,4.8866617419207614e-09,3.4998162590227366e-08,5.925505419668298e-09,8.367945447673719e-09,6.347776889015222e-06,6.2363787947106175e-06,7.925997351776459e-07,5.018797537559294e-07,2.2491807527558194e-08,1.790051828720607e-05,2.4269339871096918e-09,1.8646338162398024e-07,0.002755747875198722,3.443643436185084e-05
window-0c96796ee6a8f1635b5a,455_64092_126267,chair,chair,0.9596628546714783,True,9.681778010417474e-07,7.536362772952998e-06,0.00014858346548862755,0.003974343184381723,0.0003129697870463133,4.3566149798834886e-08,3.7247830277920002e-06,2.227616846539604e-08,0.9596628546714783,0.004503877367824316,3.8937200770305935e-06,0.007271476089954376,1.3884711734135635e-05,1.0967475816414662e-07,5.4952870414126664e-05,0.0014103633584454656,7.517365361309203e-07,0.0010138102807104588,1.4610860432640038e-07,1.8068114968627924e-06,1.889311249669845e-07,0.02159600891172886,3.0022826535969216e-07,6.05665348984985e-08,1.6589399820077233e-05,6.655686206613609e-07
window-df0344260d23f4b04e2e,455_64092_126267,chair,handbag,0.2977714240550995,False,7.499981080627549e-08,8.931871889217291e-06,0.00029586380696855485,0.001285224687308073,0.13697028160095215,4.077136509295087e-06,0.00015217502368614078,1.3513108854112943e-08,0.04322212561964989,0.00037602271186187863,0.1547621786594391,0.2977714240550995,4.528797035163734e-06,1.6584674540354172e-06,0.0003204821841791272,0.17863397300243378,5.652515937981661e-06,0.050422150641679764,1.2666214743717319e-08,3.99854599208993e-07,2.5413941173724197e-08,3.865623875753954e-05,2.100172423524782e-05,1.8880258494391455e-06,0.13537755608558655,0.00032366812229156494
window-3d164445c635de6387e6,34_1485_4730,cup,cup,0.9802433848381042,True,3.6385094404067786e-07,0.006754245143383741,2.6418779270898085e-06,8.303719596369774e-07,0.008457070216536522,2.9817994118275237e-07,2.432670498819789e-06,4.518155947152991e-07,2.55776825497378e-07,0.9802433848381042,4.1521548155287746e-07,6.055580001884664e-07,1.709762727841735e-05,6.832506187492982e-07,7.041484195724479e-07,8.098448597593233e-05,5.982731090625748e-05,4.86448016090435e-06,6.471536835306324e-06,6.043392659194069e-06,4.01539955419139e-06,1.5623488991423073e-07,7.930707215564325e-05,0.0013789082877337933,3.963289145758608e-06,0.0028939347248524427
window-5eb940676498733a4b4d,34_1485_4730,cup,cup,0.9970658421516418,True,3.8516245695063844e-06,0.002046898938715458,7.483390072593465e-05,7.35367109427898e-08,0.00010805307101691142,1.6033251115654679e-10,4.801581710012215e-08,6.364400206848586e-08,2.486204380147683e-07,0.9970658421516418,1.2581909913933487e-06,6.090616899712131e-09,6.742926643710234e-07,1.8711918528424576e-05,0.0001550788147142157,8.424528641626239e-05,3.464279416220961e-06,7.392016527774103e-07,6.265726142373751e-07,2.0051354354677642e-08,8.785507088759914e-05,9.011969126504482e-08,0.0002640783495735377,1.844173311837949e-05,8.762420975472196e-07,6.408114131772891e-05
window-b2515c3838dcd7b61544,34_1485_4730,cup,cup,0.7814938426017761,True,4.2407547880429775e-05,0.025350667536258698,0.022377269342541695,3.4014152333838865e-05,0.01106411125510931,4.68173266199301e-06,2.0998704712837934e-05,5.421246100922872e-07,0.00012585123477037996,0.7814938426017761,0.019515948370099068,3.608605402405374e-05,9.611437417333946e-05,0.003178499871864915,0.020876305177807808,0.007443590555340052,0.0028043314814567566,9.808364848140627e-05,0.000388377025956288,0.00015790326870046556,0.0012479859869927168,1.684902235865593e-05,0.0372886136174202,0.00944462139159441,0.05310412123799324,0.0037882619071751833
window-f7e0ffb48cec418d7dcc,34_1485_4730,cup,ball,0.5150406956672668,False,4.0947629713627975e-06,0.5150406956672668,0.00012906745541840792,0.00014627740893047303,0.04902014881372452,3.054070839425549e-05,0.0001410054974257946,4.855690804106416e-06,6.494667559309164e-07,0.19196757674217224,8.819739377941005e-06,1.416615731386628e-07,0.0018641807837411761,0.0010797881986945868,0.00011360720236552879,0.003839939134195447,0.0008448591106571257,0.00050820765318349,0.003981410060077906,0.0011662575416266918,0.00017908478912431747,1.8369356666880776e-06,0.002897990867495537,0.007954376749694347,7.469662250514375e-06,0.21906718611717224
window-ebdcaf51014f8eb6af28,46_2543_7478,cup,cup,0.6553754806518555,True,0.028088543564081192,0.0037129935808479786,0.00440980214625597,0.010024524293839931,0.003536110743880272,0.0012171599082648754,0.012338720262050629,0.00223911483772099,0.0038699430879205465,0.6553754806518555,0.00808166153728962,0.0005926060257479548,0.0011536554666236043,0.004381637554615736,0.0014769824920222163,0.012856971472501755,0.0007174346246756613,0.025356601923704147,0.0031127315014600754,0.001859629643149674,0.01763882115483284,0.00013395016139838845,0.005969173740595579,0.006115613970905542,0.002587292343378067,0.18315288424491882
window-682c2071b470703f84c8,46_2543_7478,cup,cup,0.9537185430526733,True,0.0028464437928050756,0.000408437306759879,0.0007282088627107441,0.0008441024692729115,5.984146991977468e-05,0.0006010499782860279,0.0032851160503923893,0.00013987462443765253,3.79776356567163e-05,0.9537185430526733,0.004828409291803837,0.00030016220989637077,0.0001064468378899619,0.0003698802029248327,7.195186481112614e-05,0.0018959667067974806,7.926209218567237e-05,0.0015979853924363852,0.00199911673553288,0.00010789662337629125,0.0013193667400628328,1.166079437098233e-05,0.00045510209747590125,0.0006381400744430721,0.00011390504369046539,0.023435253649950027
window-aa7d87ed4ab88eeb0621,46_2543_7478,cup,cup,0.6900427937507629,True,0.033544350415468216,0.0023980014957487583,0.002262893132865429,0.001360165188089013,0.00021863107394892722,0.0022285061422735453,0.05530446395277977,0.0016128079732879996,0.0007353933760896325,0.6900427937507629,0.03261224925518036,0.0005176629056222737,0.0004675075470004231,0.0006212277221493423,9.856213728198782e-05,0.004053120035678148,6.363278953358531e-05,0.0011669156374409795,0.0018452330259606242,0.0002707169041968882,0.012095870450139046,1.3314062925928738e-05,0.007184046320617199,0.0007581665413454175,0.00050740857841447,0.1480163186788559
window-191a4ca97781e0c950f9,46_2543_7478,cup,cup,0.8819736242294312,True,0.0008659479208290577,0.0012026883196085691,0.0008062398410402238,0.0005456163198687136,0.0004585469141602516,0.001067554927431047,0.0057562957517802715,0.00015915649419184774,2.061696613964159e-05,0.8819736242294312,0.0042475201189517975,8.04250012151897e-05,0.00033337800414301455,0.007516368292272091,1.7701147953630425e-05,9.679869981482625e-05,7.503994856961071e-05,0.00034082814818248153,0.0004499120404943824,0.00029209526837803423,0.001159363309852779,2.7915336886508157e-06,0.0012377985985949636,0.00035582639975473285,6.495752313639969e-05,0.09087289869785309
window-4347655143c93065ad53,589_88288_175265,cup,wineglass,0.658294141292572,False,0.004256451968103647,0.2333918660879135,0.001569791347719729,0.0005248836241662502,0.01718416064977646,0.000275972270173952,0.0011426183627918363,0.0002865605929400772,1.2081857292400855e-08,0.06163555011153221,0.0006418080301955342,3.945812932215631e-05,2.0097713786526583e-05,4.467833036869706e-07,0.01308887917548418,8.607696508988738e-05,5.841427082486916e-06,0.00017800334899220616,0.003580663586035371,8.420210662052341e-08,0.0001385923969792202,1.9668198092404054e-06,0.0019201128743588924,0.0017256921855732799,1.0329583346901927e-05,0.658294141292572
window-71d5169dc65e250cd9b7,589_88288_175265,cup,book,0.2873385548591614,False,0.0009479848085902631,0.02867869660258293,0.23892620205879211,0.0058032977394759655,0.2873385548591614,0.00016175105702131987,0.0016068733530119061,0.0006747274310328066,2.3615361044448946e-07,0.00024431844940409064,0.0002569453208707273,0.0037459770683199167,4.085625914740376e-05,0.0002492241619620472,0.003942111507058144,0.0007126303971745074,5.495262666954659e-05,0.001842324621975422,0.2055383324623108,5.932175781708793e-07,0.001798394718207419,1.5689183783251792e-05,0.0949833020567894,0.10505472123622894,0.00011253229604335502,0.017268812283873558
window-13d85ad0f1d4ccccfc7b,589_88288_175265,cup,baseballbat,0.6182111501693726,False,0.00042180571472272277,0.00897317286580801,0.6182111501693726,0.002134453970938921,0.2361236810684204,0.00015268482093233615,0.000298655271762982,0.00015223989612422884,8.250925276342969e-09,1.7052441762643866e-05,1.2648235497181304e-05,0.010310458950698376,1.609309833838779e-06,2.6010361580119934e-06,0.009608392603695393,0.0001363020419375971,9.30493342821137e-07,0.00017976158414967358,0.07732168585062027,4.5330871500937064e-08,0.00017730829131323844,2.3076406705513364e-06,0.01599988155066967,0.01924256980419159,0.0004133024194743484,0.00010524532262934372
window-4fd077101ab0625cc133,589_88288_175265,cup,toyplane,0.6503592133522034,False,0.0013627134030684829,0.02602669596672058,0.13909456133842468,0.0007300582947209477,0.16964243352413177,7.613572051923256e-06,7.847447704989463e-05,9.833840158535168e-05,1.1810448086180259e-06,0.0014695972204208374,0.0015038681449368596,0.0010236069792881608,2.3475406578654656e-06,1.3239550753496587e-05,0.0016719561535865068,0.000169897815794684,4.06379513151478e-06,4.029980846098624e-05,0.0026416638866066933,5.096207189581037e-08,0.0009602595819160342,1.3748545825365e-05,0.6503592133522034,0.0005742533830925822,1.872359098342713e-05,0.00249118241481483
window-64e0de49b22c8a22a19d,595_90563_180752,cup,cup,0.9990904331207275,True,4.834111999585389e-10,2.4359087547054514e-07,6.585878370435339e-11,5.3631704112488965e-12,9.012484092352224e-10,0.0008569670608267188,1.868649087555241e-05,3.207286658479802e-09,1.3193407255585043e-07,0.9990904331207275,1.7597264090341014e-08,8.117665610887781e-13,5.278054104884689e-10,5.0199237128234486e-11,4.7526121704777324e-08,1.3755679754978711e-11,4.329256408659027e-13,2.7899321253244125e-07,6.351572601204225e-09,1.41627556904389e-10,9.088783463903974e-14,8.583553423591184e-09,3.9356618658503706e-11,5.3652603193565795e-11,3.4545484250969594e-09,3.317853406770155e-05
window-814ed3120d4c6ce281b4,595_90563_180752,cup,cup,0.691771924495697,True,0.00014494138304144144,4.4899290514877066e-05,0.0007208348833955824,4.904222805635072e-07,4.785771307069808e-05,0.13790780305862427,5.68298341718787e-09,1.5148375496210065e-05,0.00035692541860044,0.691771924495697,0.001720593892969191,4.940191034030761e-10,3.49618176187505e-06,0.00036103770253248513,4.006038125226041e-06,5.574641363637056e-06,2.721078271861188e-05,6.015338271936344e-07,9.00746641718797e-08,1.4131052239463315e-06,7.160039228182313e-09,0.0032337158918380737,1.0201713394053513e-06,4.759883722726954e-06,6.973111794650322e-07,0.16362501680850983
window-2a8b238964d9162bf9dd,595_90563_180752,cup,cup,0.6446478962898254,True,3.25350924867962e-07,5.8385554439155385e-05,4.15347685134293e-08,5.547313997045222e-11,3.2654827730738134e-09,0.004231257364153862,3.007210799821358e-11,8.437165774921596e-07,2.0055627203419135e-07,0.6446478962898254,4.1509701231845497e-10,1.4050839815312063e-15,5.016480372432852e-06,1.7033768839880281e-09,6.326268935791246e-12,2.3354820299914536e-08,6.095528595762012e-12,1.5830024722163216e-06,7.850792016483865e-09,4.616906412735489e-09,3.9268974183492844e-10,1.1683709999488201e-08,5.4961278692644555e-06,8.60624550114153e-06,5.635617666976955e-11,0.351040244102478
window-b345e6be4d08de51340f,598_92112_184082,cup,cup,0.9693556427955627,True,0.0001032775326166302,1.569213782204315e-05,2.183007018174976e-05,0.0010031313868239522,2.0516412405413575e-05,0.026397567242383957,0.000194720589206554,8.46755356178619e-05,2.9950281259516487e-06,0.9693556427955627,6.514791039080592e-06,2.7605981813394465e-05,5.822184334647318e-07,2.2558673663297668e-05,0.00025572042795829475,0.00010966223635477945,4.044516188628222e-08,3.101861807408568e-07,2.9987020752741955e-05,1.1439644822530681e-06,1.2670605675779711e-09,1.6397217450503376e-07,6.242999370442703e-05,0.0001585180580150336,6.261435191845521e-05,0.002061940263956785
window-294bd9ac3b066a8e4859,598_92112_184082,cup,cup,0.9528110027313232,True,0.004432110581547022,0.01658906228840351,0.0011329686967656016,0.01214463822543621,0.00012706828420050442,0.0018224489176645875,0.0014165106695145369,0.0004632383643183857,0.0002448572195135057,0.9528110027313232,7.418779568979517e-05,6.939942977624014e-05,3.3686460483295377e-06,2.1485513570951298e-05,0.002466434147208929,0.0010324171744287014,9.226833981301752e-07,4.8926016461336985e-05,0.0015224197413772345,2.517633583920542e-05,8.693661790459828e-09,8.338544830621686e-06,0.0002051450137514621,0.0028297000098973513,2.7619247703114524e-05,0.000480465532746166
window-0e1d785313ffae703c13,598_92112_184082,cup,cup,0.9787818789482117,True,0.00286581227555871,0.0003956082509830594,0.00029973837081342936,0.002108910819515586,0.00021987082436680794,0.0003142228815704584,0.00026434645405970514,0.0010878164321184158,0.0024195953737944365,0.9787818789482117,0.00038446448161266744,1.899569724628236e-05,1.4503872307614074e-06,0.0003149287949781865,0.000734292552806437,0.0036161504685878754,6.338883054013422e-07,8.307272219099104e-05,0.0017295582219958305,1.3793172001896892e-05,6.878374847474333e-08,5.795869128633058e-06,0.0007617701776325703,0.0029139698017388582,0.0005685095675289631,9.462670277571306e-05
window-e818a6c632e6a8915d37,598_92112_184082,cup,cup,0.9983938336372375,True,3.509219823172316e-05,3.751129497686634e-06,0.00010029811528511345,0.00012903551396448165,7.847925007808954e-05,4.66665596832172e-06,0.00011877177894348279,6.095560252106225e-07,2.8482495508797e-06,0.9983938336372375,3.1894862786430167e-06,0.00014748802641406655,2.3765148071674957e-08,5.034132846049033e-05,0.00017185260367114097,0.0002375237236265093,1.3440121620078571e-06,9.08471406546596e-07,4.2617022700142115e-05,1.0131483350050985e-06,1.9639793791270677e-08,4.847024683840573e-07,0.00019168180006090552,5.0964521506102756e-05,0.00020630142535082996,2.6727613658295013e-05
window-5a96ab6d465543704fe7,606_94988_191151,cup,cup,0.827411413192749,True,0.00012764600978698581,0.0024053282104432583,2.950254020106513e-05,1.553407491883263e-05,0.0001527834974694997,0.00010071472206618637,0.0006891146767884493,1.1320798876113258e-06,0.05827879160642624,0.827411413192749,0.00075002561789006,2.438317096675746e-05,0.001395024242810905,7.139999797800556e-05,0.0036196825094521046,0.00032539089443162084,7.183803973020986e-06,0.024605847895145416,1.4434300510401954e-06,3.286792343715206e-05,3.7538256947300397e-06,1.8402231489744736e-06,4.610249106917763e-06,0.0024425960145890713,0.0009983917698264122,0.07650367170572281
window-48e5b23dfedd246f01aa,606_94988_191151,cup,cup,0.777181088924408,True,0.0002469697210472077,0.008056636899709702,8.843933028401807e-05,7.526650006184354e-05,0.00017329737602267414,0.0003217282355763018,0.00010087632108479738,1.3189892342779785e-06,0.09449538588523865,0.777181088924408,0.009864356368780136,1.1435357919253875e-05,0.011811376549303532,7.144754636101425e-05,0.000349004112649709,0.0006127155502326787,1.8092734535457566e-05,0.008644528687000275,2.3306425646296702e-05,6.208536069607362e-05,2.278408283018507e-05,1.6400277672801167e-05,0.00023335262085311115,0.009536056779325008,0.00132051482796669,0.07666157931089401
window-deaa311f65b9d65947fb,606_94988_191151,cup,wineglass,0.48176661133766174,False,0.0007769973599351943,0.012877940200269222,1.7254045815207064e-05,3.662501330836676e-05,0.00014593236846849322,7.236022065626457e-05,3.2611140341032296e-05,6.674462156297523e-07,0.015029026195406914,0.4658682346343994,0.0005388336139731109,1.6759014442868647e-06,0.0002009765594266355,9.676346053311136e-06,0.0002072399074677378,0.0002069555048365146,9.728772965900134e-06,0.02181948348879814,1.767785079209716e-06,2.6462526875548065e-05,4.2042433051392436e-05,6.763725650671404e-06,2.264091108372668e-06,0.00020791652787011117,9.391331695951521e-05,0.48176661133766174
window-458159f75c694f11b35c,606_94988_191151,cup,cup,0.9634957313537598,True,1.5159077520365827e-05,6.57210148347076e-06,2.4061225758487126e-06,1.3002241757931188e-05,0.00020982915884815156,1.0599300139801926e-06,7.842559716664255e-05,1.6068222308263103e-08,2.4780601961538196e-05,0.9634957313537598,0.00013312518422026187,6.315526206890354e-06,0.00013521063374355435,2.254438982163265e-07,7.882269710535184e-05,1.3905975720263086e-05,2.338294279979891e-06,8.222954056691378e-05,1.677393584031961e-07,2.8627158599192626e-07,4.796813186658255e-07,5.979014616741551e-08,2.6593466827762313e-05,0.0001054213207680732,4.1169168980559334e-05,0.03552663326263428
window-c86290eb89273f8ad893,394_48845_96618,frisbee,frisbee,0.6553623676300049,True,4.1687129851197824e-05,0.0021111287642270327,1.9365415937500075e-05,3.544659321619292e-08,0.0002787518023978919,7.9974652180681e-06,0.053814150393009186,0.0008896469371393323,3.415847515952919e-07,0.005871154833585024,0.6553623676300049,0.006000405643135309,9.715475243865512e-06,0.015422886237502098,3.431580708479487e-08,1.648044963076245e-05,2.094994215440238e-06,3.77051856048638e-06,0.16777978837490082,1.685128268036351e-07,0.08207020163536072,6.781424599466845e-05,0.010082020424306393,0.00014203331375028938,4.941162501381768e-07,5.517742920346791e-06
window-69b2f01e3e44bc0707c2,394_48845_96618,frisbee,sandwich,0.7674645185470581,False,0.0021276676561683416,0.05085323750972748,1.3622547157865483e-05,4.420902314450359e-06,0.0008225952624343336,2.6160514607909136e-05,0.004096665885299444,0.07979480922222137,1.2817779861507006e-05,0.00124562275595963,0.005852752365171909,0.0017605096800252795,9.799483086680993e-05,0.0001820269098971039,9.917449460772332e-06,0.00026428315322846174,1.8694391883400385e-06,6.24756357865408e-05,0.7674645185470581,6.001870929139841e-07,0.07377474009990692,2.4022545403568074e-05,0.0039022534620016813,0.007594725117087364,3.335705400786537e-07,9.308339940616861e-06
window-d22ceddbf42b1eb62e39,394_48845_96618,frisbee,kite,0.31324300169944763,False,5.834005423821509e-05,0.1416551172733307,0.00020255109120626003,0.00010248044418403879,0.00042272417340427637,1.0791922022690414e-06,0.03975702077150345,0.03710932284593582,5.095157757750712e-05,2.8350845241220668e-05,0.036896780133247375,0.022365985438227654,0.0018513381946831942,0.31324300169944763,1.663522380113136e-05,0.0006656923796981573,3.2932373869698495e-05,0.0010383109329268336,0.04128148779273033,1.2924248267154326e-06,0.12027807533740997,1.991317367355805e-05,0.24119408428668976,0.001418343628756702,1.4003542219143128e-06,0.0003067751822527498
window-1a1f0b8fbb2da84055a6,394_48845_96618,frisbee,sandwich,0.3506978154182434,False,0.003673278959468007,0.25640806555747986,0.01709248498082161,0.0005263563361950219,0.0004949899157509208,3.3746848657756345e-06,0.09223981201648712,0.10305099934339523,3.851947985822335e-05,0.001591342967003584,0.07454144209623337,9.01578096090816e-06,0.010719616897404194,0.000956868170760572,0.00017945727449841797,1.5385978258564137e-05,0.01324627734720707,0.07247935235500336,0.3506978154182434,1.3130124898452777e-07,0.00022870133398100734,0.0009384975419379771,1.0724828825914301e-05,0.0005785029497928917,0.00027867956669069827,3.454105410582997e-07
window-4b5fc300f30ddb748287,416_57524_111894,frisbee,ball,0.4627215266227722,False,0.0031797196716070175,0.4627215266227722,0.011364505626261234,0.00019829458324238658,0.012159882113337517,0.0009653955930843949,0.00023487486760132015,0.004355869255959988,2.738729847351351e-07,0.022265778854489326,0.32443398237228394,2.957076685561333e-05,0.0010379079030826688,0.025885537266731262,0.00010055474558612332,0.05318528413772583,0.005317436531186104,5.4248113883659244e-05,0.00020933499035891145,1.2435488315531984e-05,1.669264202064369e-05,3.2669718166289385e-06,0.018069669604301453,0.05036596953868866,0.0005892377230338752,0.00324277114123106
window-1cf67e5e5c62e1793530,416_57524_111894,frisbee,frisbee,0.7885705232620239,True,4.191118568996899e-05,0.11320371180772781,0.00019455849542282522,8.215317211579531e-05,0.0053129359148442745,8.38438791106455e-06,3.841477519017644e-05,8.133238588925451e-05,9.863580316959997e-07,0.0008923300774767995,0.7885705232620239,5.620771844405681e-06,8.63798959471751e-06,0.022398917004466057,1.0028961696662009e-05,0.06128348782658577,0.00048316275933757424,4.869754411629401e-05,6.953557021915913e-05,6.909594048920553e-06,2.0501991457422264e-05,1.6257240531558637e-06,0.001128241652622819,0.0027523748576641083,0.0010828960221260786,0.002272136742249131
window-95f6ff1a5df2ddaff134,416_57524_111894,frisbee,frisbee,0.8592897057533264,True,0.00015605137741658837,0.09610074013471603,0.01177912950515747,0.0006066531641408801,0.0026142802089452744,0.00021482475858647376,6.0779941122746095e-05,0.00014969335461501032,9.448151416791006e-08,0.0011804956011474133,0.8592897057533264,9.38554421736626e-07,3.3697774597385433e-06,0.006200798787176609,3.76526628542706e-07,0.0027267192490398884,0.00018697863561101258,2.7842270355904475e-05,0.0001352978142676875,2.9142977382434765e-06,3.808876863331534e-05,1.276474108635739e-06,0.012677201069891453,0.003144672606140375,0.0001203767751576379,0.0025806657504290342
window-2171a442e2a179597ca0,416_57524_111894,frisbee,frisbee,0.7819859981536865,True,6.792294152546674e-05,0.1972796767950058,0.00040555375744588673,8.294104191008955e-06,0.00022487617388833314,6.056654910935322e-06,4.73168256576173e-06,1.6846486687427387e-05,9.765799546812559e-08,0.00037009682273492217,0.7819859981536865,5.078545086689701e-07,4.481794348976109e-06,0.00836225412786007,2.2183685643994977e-07,0.002841453067958355,1.5306110071833245e-05,9.256254088541027e-06,6.844307063147426e-05,4.962443540534878e-07,7.479576197511051e-06,1.9027444864150311e-07,0.004869604948908091,0.0004785739874932915,0.0028688558377325535,0.00010257682879455388
window-59b89b3988576c19a10d,422_58685_113855,frisbee,frisbee,0.4812051057815552,True,0.00032885163091123104,0.00013377646973822266,0.007647645194083452,0.0009949860395863652,0.23207272589206696,6.060806117602624e-05,0.028443528339266777,0.009022044949233532,4.738212044941292e-10,0.014614148065447807,0.4812051057815552,0.0006551541155204177,6.670556444987596e-07,0.14087243378162384,0.0033753630705177784,0.0019200899405404925,0.0026730173267424107,6.5472877395222895e-06,0.05229613929986954,1.551141031086445e-05,0.0003107274242211133,5.0296403060201555e-06,6.274582847254351e-05,0.009286793880164623,0.013058782555162907,0.0009376205271109939
window-dba281ee2e444c2ab8fa,422_58685_113855,frisbee,frisbee,0.9022113680839539,True,0.000890034600161016,0.0010025415103882551,0.0017096943920478225,0.0003570980334188789,0.0048326789401471615,2.836338353517931e-05,0.00022986976546235383,0.00022268059547059238,1.7591963796803611e-06,0.0006440760334953666,0.9022113680839539,3.867767190968152e-07,2.2210317183635198e-05,0.026671884581446648,0.0008095877128653228,0.047630444169044495,0.0015958012081682682,0.0004241485148668289,0.002007401082664728,0.0025851742830127478,2.598806645437435e-07,0.0007621277472935617,0.001089947298169136,0.0042231264524161816,4.133311449550092e-05,6.012599442328792e-06
window-4c6c5d823609976a6800,422_58685_113855,frisbee,book,0.62860506772995,False,3.62807668352616e-07,7.858155004214495e-05,6.878425210743444e-06,0.0032907864078879356,0.62860506772995,3.600860964070307e-06,0.0014626638730987906,1.6096806575660594e-05,2.2597030024940068e-08,4.282725421944633e-05,0.09318992495536804,0.002831989899277687,8.751506186399638e-08,0.2627032697200775,0.00027153315022587776,0.005043866578489542,1.4843625422145124e-06,6.1358296079561114e-06,0.00041299391887150705,0.00015644909581169486,1.0964716921080253e-06,4.0723693928157445e-07,0.0009975461289286613,0.0007855131407268345,8.817265188554302e-05,2.5566041585989296e-06
window-d2e8673808626ee0d782,422_58685_113855,frisbee,frisbee,0.8466429114341736,True,0.001028341008350253,0.007440133020281792,8.00367706688121e-05,0.00014682149048894644,0.007428994867950678,0.0003383946605026722,0.0011259267339482903,0.0023888926953077316,7.0957075770650135e-09,1.2581173905346077e-05,0.8466429114341736,0.0006061156746000051,1.9271953988209134e-06,0.0013675307855010033,2.050034709100146e-05,0.08512557297945023,2.9367127353907563e-05,0.0003925953933503479,0.0405091755092144,5.288268766889814e-06,0.00014583335723727942,3.1220756682159845e-06,0.0003051097155548632,0.004812154453247786,2.838065120158717e-05,1.4330204066936858e-05
window-4c05ae2627cfe9455c8f,426_59777_116430,frisbee,frisbee,0.9979400038719177,True,1.2171699381724466e-05,2.9975821234984323e-05,6.129962275736034e-05,3.6961810110369697e-06,0.000768858240917325,1.2840517911172356e-06,0.00015859281120356172,0.00011569263733690605,1.9545121077158e-08,1.071468659574748e-06,0.9979400038719177,6.876980478409678e-07,7.416652625380493e-09,0.0001167718437500298,6.65731135995884e-07,2.2661901311948895e-05,2.5546856704750098e-05,1.4901149825163884e-07,0.0007319412543438375,3.326473541065411e-09,5.005971104310447e-08,2.0845557173743146e-06,1.0948784847641946e-06,1.0477826890564756e-06,4.5954639062983915e-06,8.129735995510146e-09
window-d22360f88c5652557df7,426_59777_116430,frisbee,frisbee,0.9999618530273438,True,2.69615529902012e-08,1.553586770342008e-07,1.6535157101316145e-06,3.280763962720812e-07,1.1880955526066828e-06,7.429216708487729e-08,5.472666543937521e-06,3.5477626170177246e-06,2.219370820455424e-08,6.708317457082558e-09,0.9999618530273438,2.637167284547104e-08,3.45282461476637e-12,3.13121222461632e-06,2.0686101720457373e-08,1.968910964933457e-06,3.063394871105629e-08,1.2696662388123059e-08,1.796820833988022e-05,2.7774999314389426e-11,1.172113850422818e-09,1.2242324487488077e-08,4.972428158112052e-08,8.015615726719716e-09,2.2656386136077344e-06,2.3868221635248155e-11
window-3765a01046420b417e88,426_59777_116430,frisbee,frisbee,0.9990718364715576,True,2.2322521999740275e-06,6.6979159782931674e-06,1.4893174920871388e-05,2.0679383396782214e-06,0.00028602915699593723,1.1193917544005672e-06,0.00021701156219933182,2.612555181258358e-05,1.5474904557777336e-07,2.861367534023884e-07,0.9990718364715576,4.7460855512326816e-07,1.0143662992900815e-10,2.0396335457917303e-05,8.072821401583496e-06,6.861249858047813e-05,1.645360896418424e-07,1.7144685671155457e-07,0.0002694159047678113,4.368251538267032e-09,6.116472661688022e-08,9.139664314261609e-08,3.0730151934221794e-07,1.9216743396555103e-07,3.581964392651571e-06,2.2596973181521207e-09
window-0b37c96312d5822fa8c7,426_59777_116430,frisbee,frisbee,0.9906917214393616,True,1.4941281733626965e-05,4.026124952360988e-05,0.0055691241286695,2.684275204956066e-05,0.0002724948863033205,4.077475750818849e-06,0.0013350850204005837,0.0001453770382795483,3.171041271343711e-06,4.262019047018839e-06,0.9906917214393616,8.25851566332858e-06,1.2954761707817397e-08,6.258847133722156e-05,9.816105011850595e-05,0.00017992494395002723,3.2064231163531076e-06,1.123723109230923e-06,0.0012810034677386284,2.6966484156787374e-08,6.05292711952643e-07,4.2811589651137183e-07,8.297561180370394e-06,1.399076973029878e-05,0.00023497968504671007,1.2021528661421144e-08
window-b16b2685af1130ae398a,68_5333_12478,frisbee,frisbee,0.9873327612876892,True,3.163623478030786e-05,4.0467337385052815e-05,4.9352012865711004e-05,1.4238112271414138e-05,1.8818522221408784e-05,0.011581814847886562,0.00011055692448280752,1.4960541193431709e-05,6.237745401449502e-05,4.911851283395663e-05,0.9873327612876892,3.3150427043437958e-06,5.0942708185175434e-05,5.254784809949342e-06,3.160885535180569e-05,0.00043250806629657745,5.437835852717399e-07,4.402214017318329e-06,1.1427472600189503e-05,5.070991846878314e-06,9.722739196149632e-05,2.2672273189527914e-05,4.140908004046651e-06,1.8248338164994493e-05,3.37290174456939e-07,6.27636745775817e-06
window-9b5b680a15305f147327,68_5333_12478,frisbee,frisbee,0.9548141956329346,True,3.357954847160727e-05,4.543516115518287e-05,7.0520059125556145e-06,2.3210666313389083e-06,3.925803412130335e-06,0.04330909997224808,0.0007001272169873118,1.6957966408881475e-06,0.00015916854317765683,0.0002791374863591045,0.9548141956329346,3.009291958733229e-06,3.355230364832096e-05,1.7241681007362786e-06,1.1617530617513694e-06,1.2617995707842056e-05,4.425294548582315e-07,1.4741004633833654e-05,1.0109319191542454e-05,3.465216650511138e-06,0.0004933353629894555,6.195532478159294e-05,7.165542115217249e-07,2.3487143607781036e-07,3.441437002038583e-07,6.707345164613798e-06
window-e66fb0615e9b3c021719,68_5333_12478,frisbee,frisbee,0.9678958058357239,True,7.64294745749794e-05,6.007680713082664e-05,3.162895154673606e-05,7.991843631316442e-06,6.431776455428917e-06,0.03017216920852661,0.00035694168764166534,2.807898226819816e-06,0.00039730980643071234,7.174634811235592e-05,0.9678958058357239,1.0687039321055636e-05,0.00010902090434683487,2.1826783722644905e-06,3.298983574495651e-05,3.511029717628844e-05,2.4631654014228843e-06,2.244538154627662e-05,1.2792858797183726e-05,2.1456846297951415e-05,0.0005641323514282703,6.737182411598042e-05,4.879693165094068e-07,1.6033625342970481e-06,7.92520893355686e-07,3.707255018525757e-05
window-6fc29fcb353757443d80,68_5333_12478,frisbee,frisbee,0.9788199067115784,True,5.030974716646597e-05,2.135419344995171e-05,1.9825014533125795e-05,2.4938844944699667e-06,1.4772775784877012e-06,0.019975075498223305,0.00043657689820975065,1.986179313462344e-06,3.353804277139716e-05,0.0003924374177586287,0.9788199067115784,5.082199550088262e-06,4.016872844658792e-05,1.7384021475663758e-06,1.8706908804233535e-06,4.498810994846281e-06,3.276405323049403e-06,1.2557660738821141e-05,1.1638087016763166e-05,6.985919299040688e-06,9.100661554839462e-05,4.559185617836192e-05,3.018468248683348e-07,1.6355582488358777e-07,1.8105109802490915e-06,1.8269285646965727e-05
window-962ad405594b951fe83a,68_5364_12501,frisbee,frisbee,0.9962790608406067,True,0.00015602960775140673,0.00010462343925610185,2.3558608575058315e-07,3.0506519976825075e-08,1.3552512712067255e-07,0.0011496227234601974,0.0021992374677211046,2.2444833120971452e-06,2.8452657829802774e-07,2.202102950832341e-05,0.9962790608406067,1.6704998984096164e-07,2.2618260118179023e-06,1.372765296991929e-07,1.8300516657632215e-08,8.18977969174739e-06,1.0051811827338497e-08,1.745839540490124e-06,3.397098771529272e-05,1.449702295985844e-07,3.6096291296416894e-05,7.164972544160264e-07,7.807356610101124e-07,1.645927795834723e-06,1.3716723312739987e-09,5.975441581540508e-07
window-e61caed2362677a546b4,68_5364_12501,frisbee,frisbee,0.9981185793876648,True,0.00045169563964009285,0.00013830093666911125,7.92491903212067e-08,5.383101964184789e-08,1.3921280697104521e-06,0.00014039019879419357,0.0008332485449500382,6.073321401345311e-06,3.4184399737569038e-06,5.869756932952441e-05,0.9981185793876648,5.86691328408051e-07,4.11533510487061e-05,8.99425245393104e-08,2.4067972503871715e-08,4.72369538329076e-06,7.648421274097927e-08,7.178219220804749e-06,0.00011444248957559466,3.8675591440551216e-07,4.8685993533581495e-05,1.9393442016735207e-06,5.778015861324093e-07,1.5244124824675964e-06,1.4217372834579578e-09,2.6662055461201817e-05
window-e884a16e2b2981ed76d2,68_5364_12501,frisbee,frisbee,0.9988908171653748,True,0.0001301768352277577,8.469409658573568e-05,1.0547011441985887e-07,3.21058273300423e-08,1.3962637979147985e-07,0.000509694975335151,0.0002462930860929191,2.0571435470628785e-06,3.217252469767118e-06,1.1566759894776624e-05,0.9988908171653748,1.8541784641001868e-07,9.209828931489028e-06,2.7507333300036407e-08,9.415908053256317e-09,7.405885753541952e-07,9.605888529051754e-09,1.0924370144493878e-05,6.290930468821898e-05,4.332152059305372e-08,3.04531458823476e-05,1.642840402382717e-06,1.269896046096619e-07,1.203867554977478e-06,2.6936410879585537e-09,3.7527534004766494e-06
window-c519d5f5ed2c40645803,68_5364_12501,frisbee,frisbee,0.9906608462333679,True,0.0017587232869118452,0.0003803164872806519,9.603703432503607e-08,4.6875760517650633e-07,9.44121040902246e-07,0.0013223669957369566,0.00537472777068615,3.356802835696726e-06,2.9790946882712888e-06,8.292687562061474e-05,0.9906608462333679,4.952077574671421e-07,1.0953327546303626e-05,4.9259170964433e-07,7.734725926411556e-08,1.9449150840955554e-06,1.756936001129361e-07,1.0817038855748251e-05,0.00024490366922691464,2.114103807571155e-07,6.991619011387229e-05,1.2645241440623067e-05,1.3403957836999325e-06,2.6032441837742226e-06,3.0280593588116744e-09,5.553839582717046e-05
window-337a8796ee3fe5953476,68_5366_12503,frisbee,frisbee,0.8309521079063416,True,0.047280143946409225,0.022212080657482147,8.199516514650895e-07,4.406098469189601e-06,1.2746269931085408e-05,0.0059119174256920815,0.0749017521739006,0.00024470739299431443,3.33532334479969e-05,0.009707659482955933,0.8309521079063416,8.863529728841968e-06,0.00016018393216654658,4.253197857906343e-06,1.0482551715540467e-06,0.00013769032375421375,1.9004215801032842e-06,0.001644223928451538,0.004124986007809639,1.2541515388875268e-05,0.0008993632509373128,4.9304608182865195e-06,0.00012173606228316203,2.4988756194943562e-05,1.59845995995056e-07,0.001591512467712164
window-7e057c62317e54b4a997,68_5366_12503,frisbee,frisbee,0.983693540096283,True,0.002944414969533682,0.0007826687069609761,3.252851001889212e-07,1.3658303998909105e-07,7.481860393454554e-07,0.0028922713827341795,0.008873273618519306,1.1965897101617884e-05,1.4895670119585702e-06,0.0002511790953576565,0.983693540096283,5.800481517326261e-07,2.9405817258520983e-05,2.983042861615104e-07,6.78596236980411e-08,1.1826050467789173e-05,1.1433846935915426e-07,5.730833072448149e-05,0.00016339159628842026,1.4090305455738417e-07,0.0002438333467580378,3.164522297538497e-07,4.1552752918505576e-06,3.7686279483750695e-06,2.3776349777904215e-08,3.2855154131539166e-05
window-59689ce27e2108719568,68_5366_12503,frisbee,frisbee,0.9718267321586609,True,0.003276338567957282,0.0019272296922281384,5.0590340805456435e-08,8.201757850656577e-07,1.223408617079258e-06,0.0007160991081036627,0.021471718326210976,8.44813166622771e-06,2.7631508601189125e-06,6.109665264375508e-05,0.9718267321586609,1.1498802905407501e-06,2.9787010134896263e-05,4.60962752413252e-07,7.058247319946531e-08,5.660211172653362e-06,1.1119006870785597e-07,6.243485404411331e-05,0.00041057082125917077,1.891397687359131e-07,0.00013632811896968633,3.0339836030179868e-06,3.8357793528120965e-06,3.175938900312758e-06,1.4463555686461405e-08,5.070721454103477e-05
window-2c4a6f077d5d98be1db8,68_5369_12506,frisbee,frisbee,0.9923489093780518,True,0.0001240789715666324,0.00012715038610622287,2.2931306631335246e-08,1.6323200213719247e-07,7.485559905262562e-08,0.005011857487261295,0.002292606281116605,7.40403265808709e-06,3.199829379241237e-08,1.1067045306845102e-05,0.9923489093780518,4.7144247616870416e-08,1.0440587630000664e-06,6.586972745026287e-08,2.1633502100826263e-08,7.855940566514619e-06,7.255346545775865e-09,1.7797169675759505e-06,6.223198579391465e-05,3.101546397488164e-08,1.6186452285182895e-06,1.791975812182045e-08,1.4091689592987677e-07,1.138780930887151e-06,2.5376774015484216e-09,7.383657703030622e-07
window-f31b729ae60c799bbd99,68_5369_12506,frisbee,frisbee,0.8791791796684265,True,0.07677721977233887,0.004080026876181364,1.0040582054671177e-07,2.5250942599086557e-06,1.1204819202248473e-05,0.0018773938063532114,0.02924072928726673,6.155278970254585e-05,1.7096490410040133e-05,0.0008921341504901648,0.8791791796684265,1.7689517335384153e-06,2.695558941923082e-05,2.0698355740478291e-07,3.359005233960488e-07,4.306595656089485e-05,1.466253820581187e-06,0.000402074190787971,0.006726945284754038,4.086392891622381e-06,6.651103467447683e-05,9.84007670012943e-07,4.524907126324251e-06,1.637969762668945e-05,7.20277597565655e-08,0.0005654699634760618
window-11137407a3428af633bb,68_5369_12506,frisbee,frisbee,0.9710896015167236,True,0.008216604590415955,0.002235001651570201,6.164199106706292e-08,1.4661215175237885e-07,3.0461310984719603e-07,0.008798044174909592,0.008174114860594273,2.1169915271457285e-05,3.40143242283375e-06,0.0003603688383009285,0.9710896015167236,7.496765306314046e-07,3.580566408345476e-05,8.219460312375304e-08,3.399937043013779e-08,3.6945798456144985e-06,9.878961293452448e-08,0.0005100815906189382,0.0002643617335706949,1.0403579153717146e-07,2.1092690076329745e-05,1.9609802848208346e-07,1.3729588772548595e-06,2.30944829127111e-06,4.549496779304718e-08,0.0002609819930512458
window-e7b19b92c5209a35812e,68_5369_12506,frisbee,frisbee,0.9242486953735352,True,0.023450586944818497,0.0066632903181016445,1.4217509658465133e-07,4.2110173126275185e-06,1.7916136130224913e-06,0.024037858471274376,0.014725339598953724,0.00011348487169016153,3.024549414476496e-06,0.0005357986083254218,0.9242486953735352,6.080484581616474e-06,0.00012058383435942233,1.7070217381842667e-06,1.646417189249405e-07,1.3565512745117303e-05,2.804327721150912e-07,0.00013520238280761987,0.0008357749902643263,2.762099029496312e-07,8.697529119672254e-05,9.326219014837989e-07,3.971147634729277e-06,5.340717052604305e-06,2.747651706158649e-07,0.005004588048905134
window-de4515413702fc77ddd4,396_49550_97694,handbag,teddybear,0.8181473612785339,False,0.003122287103906274,0.0007106729317456484,0.053159911185503006,3.3938486012630165e-05,1.3026301530771889e-06,7.074695895425975e-05,0.005197862628847361,0.0005991575890220702,0.0002996843832079321,0.008249581791460514,0.0002919224207289517,0.00013709072663914412,0.010238664224743843,4.2156203562626615e-05,3.0926680665288586e-06,4.0902701584855095e-05,0.050438735634088516,0.04613805562257767,0.0010336276609450579,6.642123935307609e-06,0.8181473612785339,9.085016790777445e-05,9.858627890935168e-05,0.001764587010256946,7.277793338289484e-05,9.883992788672913e-06
window-872a7963339879b97dfe,396_49550_97694,handbag,teddybear,0.6179200410842896,False,0.0017515814397484064,0.0024300934746861458,0.006905877962708473,0.011533357203006744,3.4110055366909364e-06,2.3559595163646918e-08,0.0006778528913855553,0.0006594047881662846,0.0002904059365391731,0.011193493381142616,2.6679661459638737e-05,0.0016944350209087133,0.0037515792064368725,1.1737549812096404e-06,0.00012869115744251758,0.00013108552957419306,0.08345306664705276,0.013187775388360023,1.265517403226113e-05,1.2518070491296385e-07,0.6179200410842896,1.2428688023646828e-05,0.0005645520868711174,0.2435719072818756,4.29430201620562e-06,9.405348100699484e-05
window-a4adbdb7c1750cbe28a7,396_49550_97694,handbag,parkingmeter,0.8185341358184814,False,0.00013656560622621328,0.000946642248891294,0.09165285527706146,0.016214482486248016,2.9191074645495974e-05,5.714903750231315e-07,0.0018416533712297678,0.0007862315396778286,0.0020672150421887636,0.002330673625692725,0.0031550137791782618,0.014088977128267288,0.00017333142750430852,0.0008972745854407549,1.0630074939399492e-05,0.00033884416916407645,0.8185341358184814,0.00010034915612777695,0.00031571011641062796,0.00010317187116015702,0.0421004444360733,0.00014272260887082666,2.6477880965103395e-05,0.0027084832545369864,0.0012922035530209541,6.08699747317587e-06
window-fd9926db608fb3bff380,396_49550_97694,handbag,handbag,0.3541979491710663,True,1.5436116882483475e-05,0.0029933855403214693,0.2652030885219574,0.021007243543863297,2.852859142876696e-05,1.894554486625566e-07,0.00047336635179817677,0.011689415201544762,0.058986954391002655,0.00014255402493290603,0.0322815366089344,0.3541979491710663,0.0007705776370130479,0.00041984053677879274,7.40398172638379e-05,8.620831067673862e-05,0.04805579036474228,0.009076087735593319,3.2996933441609144e-05,1.9060795466430136e-06,0.15822406113147736,0.0001458831102354452,0.0003654648899100721,0.010231937281787395,0.025485031306743622,1.0508122613828164e-05
window-7b24cbce415bcf9d1aaf,396_49773_98019,handbag,handbag,0.9439380168914795,True,0.0005823338869959116,0.0009120447211898863,0.002161378739401698,0.0007615130161866546,6.856316758785397e-06,0.0004554117622319609,0.02415340580046177,0.002082688035443425,0.002032666001468897,0.00020629772916436195,0.0001293825189350173,0.9439380168914795,4.523072493611835e-05,1.1072654160670936e-05,2.2369957150658593e-05,0.00011256589641561732,4.103924666765124e-08,0.00022483259090222418,0.00378283578902483,4.228626858093776e-05,0.010469906032085419,1.1584277217480121e-06,0.0019152542809024453,0.005698086693882942,0.00024911988293752074,3.261472784288344e-06
window-fd4c62743fbf1e84be0e,396_49773_98019,handbag,handbag,0.9388870000839233,True,9.549595233693253e-06,3.47946843248792e-05,0.002952845999971032,5.841563324793242e-05,2.704044391066418e-06,0.00013322885206434876,0.046540502458810806,0.001810465706512332,0.0013074134476482868,2.826544368872419e-05,8.465379323752131e-06,0.9388870000839233,8.536982932128012e-06,0.00021785683929920197,0.0004373136907815933,0.0003291537577752024,7.5253306022204924e-06,0.0002691681729629636,0.0022812646348029375,0.0001787323853932321,0.00047608453314751387,1.926008650343647e-07,0.0003295927308499813,0.002676868811249733,0.0010107269044965506,3.295625219834619e-06
window-d15d8d245c2895ad3cdc,396_49773_98019,handbag,handbag,0.9542310833930969,True,2.202967880293727e-05,9.697525820229203e-05,0.005471708253026009,5.147041883901693e-05,1.7972361092688516e-06,1.730790791043546e-05,0.021700505167245865,0.001976957079023123,4.278583583072759e-05,0.00016473597497679293,6.468698643402604e-07,0.9542310833930969,7.924028295747121e-07,1.603595410415437e-05,3.755840225494467e-05,0.00013797298015560955,1.1763171414713725e-06,5.471254189615138e-05,0.001365519710816443,2.5739616830833256e-05,0.007507365196943283,7.954962200074078e-08,0.0008238016162067652,0.0022386929485946894,0.004007798153907061,4.8630631681589875e-06
window-90e6ca35d5cd7e19525e,396_49773_98019,handbag,handbag,0.6535079479217529,True,0.00047392514534294605,0.0006480342708528042,0.0072385105304419994,0.0028697268571704626,1.9406361388973892e-05,3.787020978052169e-05,0.023604582995176315,0.013573026284575462,0.02917293831706047,0.00012093621626263484,4.652315055864165e-06,0.6535079479217529,3.696284693432972e-06,7.239248952828348e-05,7.898167677922174e-05,0.007397687062621117,1.662913382460829e-05,6.598788604605943e-05,0.0032191076315939426,0.00010648183524608612,0.0014397260965779424,1.2606577911355998e-05,0.005775646306574345,0.2503955364227295,0.00014323520008474588,6.410414243873674e-07
window-75cf6ddb4d2ffe8866a5,398_50613_99289,handbag,handbag,0.9864736795425415,True,4.995832370013886e-08,4.421988705871627e-05,7.498710601794301e-06,8.303102731588297e-06,0.0003251070447731763,1.740677930683887e-07,0.0012056692503392696,8.749891094339546e-06,9.41993292258303e-08,6.7767715883348956e-09,3.856967509818787e-07,0.9864736795425415,5.988112783406052e-10,0.011145924217998981,0.0001506838743807748,0.0003097755543421954,9.920494981052741e-12,3.2910285607812284e-11,0.00019428494852036238,9.353309238235852e-09,2.7993537514703348e-05,2.809693455674278e-07,4.758415525429882e-05,3.4335382224526256e-05,1.4814038877375424e-05,2.4644251084282587e-07
window-3ced881a9eebb50f3e8b,398_50613_99289,handbag,handbag,0.5653519630432129,True,2.1740088840260796e-08,2.1121144527569413e-05,9.204087109537795e-05,0.00013920877245254815,0.31914404034614563,2.413122368594145e-09,0.0016145969275385141,0.010033744387328625,1.7508407836430706e-05,2.8839377819167566e-07,1.9382637219678145e-06,0.5653519630432129,1.1821589396276977e-07,0.08807976543903351,0.0014388802228495479,0.001564868725836277,1.1787973930310613e-09,8.915604610137962e-08,0.0008501295815221965,1.066862722609585e-07,0.0008534910157322884,1.570919152982242e-06,0.008449779823422432,0.0017433073371648788,0.000598602753598243,2.7770913675340125e-06
window-255c3bb4936de0e51554,398_50613_99289,handbag,handbag,0.9676916003227234,True,2.254172315474534e-08,1.9056310520682018e-06,0.00015716292546130717,0.0008351745782420039,0.015459095127880573,3.8447453554191213e-11,3.369309979461832e-06,0.005238604266196489,2.582723709565471e-06,2.2810948685503263e-09,2.6195182272203965e-06,0.9676916003227234,1.1780167064046054e-08,0.004955338779836893,1.5325607819249853e-05,0.002205110155045986,3.838452888871302e-10,3.8758329878874065e-10,0.0002838575455825776,1.0707960740319322e-07,0.0001855174486991018,1.3185444913688116e-07,0.0021007442846894264,0.0003723803674802184,0.0004892723518423736,3.468716158749885e-08
window-91cac7cd250ef374bdcd,398_50613_99289,handbag,handbag,0.9865635633468628,True,3.449301289037976e-08,2.0560764824040234e-06,6.033384124748409e-06,2.9671468837477732e-06,0.0003225458203814924,7.521944844768313e-09,8.39007188915275e-05,0.00012537681323010474,3.932173513021553e-06,1.401002247547467e-08,4.919673983749817e-07,0.9865635633468628,4.5249837654637304e-08,0.010537433438003063,6.897856110299472e-06,0.0001011862259474583,1.196174548301343e-10,2.816034905261944e-10,0.00011991879728157073,2.9182523064719135e-08,3.355172884766944e-05,3.3403601662485016e-08,0.0012096964055672288,0.0004975611227564514,0.0003828226763289422,9.516321952673934e-09
window-e62b236acc41ed629e93,399_50881_99810,handbag,teddybear,0.6434032320976257,False,1.4098313272370433e-07,2.350117711102939e-06,0.0009489771910011768,2.2971598809817806e-06,0.0009678394417278469,1.3259379727514897e-07,0.004987474996596575,1.2005419193883426e-05,9.074809895537328e-06,1.0423334515508031e-06,4.3933241045124305e-08,0.06627121567726135,4.370581154944375e-05,4.08041596529074e-05,1.2069522199453786e-05,1.8989753698406275e-06,0.00026175600942224264,0.10333900153636932,0.00024527718778699636,1.5184697588210838e-07,0.6434032320976257,1.3115207366354298e-05,0.17813579738140106,0.001298591960221529,5.803810836368939e-07,1.543189227959374e-06
window-8552ed9c612696cf66c3,399_50881_99810,handbag,handbag,0.6234723329544067,True,1.0057400601226618e-07,0.000106982552097179,9.880859579425305e-05,0.00022028882813174278,0.00016186760331038386,2.8031456622557016e-07,0.000787540222518146,1.62392152560642e-05,0.0011425018310546875,2.748412953224033e-06,3.42778475896921e-05,0.6234723329544067,0.0003892857348546386,0.0027007474564015865,3.127011495962506e-06,1.3853927157470025e-05,5.4782603911007755e-06,0.05728485807776451,1.5915265976218507e-05,2.1418699702735466e-07,0.2984517216682434,0.00011711184197338298,0.014290127903223038,0.0006553438142873347,4.585463557305047e-06,2.3727227016934194e-05
window-bc7bbdb9877af12f07a5,399_50881_99810,handbag,teddybear,0.7031750082969666,False,3.104340606796541e-08,8.348481787834316e-05,0.0001424617221346125,3.147543975501321e-05,3.407600161153823e-05,1.1562410691112746e-06,0.0034307041205465794,2.216106622654479e-06,0.008771240711212158,1.1120575891254703e-06,4.88920761654299e-07,0.017711659893393517,2.0249544832040556e-05,5.952398350927979e-05,0.007738632149994373,2.1040574438302428e-07,4.8521010285185184e-06,0.2531338334083557,2.0151881017227424e-06,2.6277140463548676e-08,0.7031750082969666,0.00013299194688443094,0.0049361311830580235,0.0005461670807562768,3.989644392277114e-05,3.364519614024175e-07
window-dd92902345f6e3aee0ba,399_50881_99810,handbag,toyplane,0.7635850310325623,False,1.935067075464758e-07,2.2267600797931664e-05,0.004263439681380987,2.8803860914194956e-05,1.0541658411966637e-05,5.292712046411907e-08,0.00011823252134490758,0.00013932563888374716,2.8394426408340223e-05,2.5811401016540003e-08,5.445234307899227e-08,0.03253266215324402,6.806689634686336e-05,0.006529886741191149,9.077389790945745e-07,4.4107346752753074e-07,1.2613488252100069e-05,0.009984397329390049,2.4301545636262745e-05,3.392689507109026e-08,0.18232063949108124,5.977517957944656e-06,0.7635850310325623,0.00032108384766615927,1.9573963072616607e-06,5.565347578340152e-07
window-a907cc823e4ddcde9142,401_51889_101876,handbag,handbag,0.9642159342765808,True,8.385108958464116e-05,0.0009536478901281953,2.0986617528251372e-05,0.00011630196968326345,3.4380766010144725e-05,7.98655401013093e-06,0.0007094165193848312,0.002528317039832473,1.250942386832321e-05,1.0724799039962818e-06,0.001244763727299869,0.9642159342765808,1.4388375348062254e-05,0.0006085354834794998,1.7965738152270205e-05,0.00011023048136848956,4.85138343719882e-07,4.461231583263725e-06,0.028890857473015785,3.348498466948513e-06,1.7431766536901705e-05,3.438807425482082e-07,1.6984784451778978e-05,0.0003838083939626813,1.4761415059183491e-06,5.365614583752176e-07
window-eaedc692ed00cd90f285,401_51889_101876,handbag,handbag,0.967798113822937,True,7.388521225948352e-06,0.00017877256323117763,0.00034190528094768524,1.6427187802037224e-05,0.00048311834689229727,1.209130346069287e-06,8.590731886215508e-05,0.0015965690836310387,1.2852609870606102e-05,2.8912265861436026e-06,0.0008623163448646665,0.967798113822937,5.973898851152626e-07,0.0032255228143185377,2.150092950614635e-05,0.000791778089478612,1.8115450757250073e-06,5.159037300472846e-06,0.024220069870352745,3.921335064660525e-06,2.4983033654280007e-05,1.2863536539953202e-05,3.064101474592462e-05,0.0002703767386265099,3.211608600395266e-06,1.1099143648607424e-07
window-9d4f30a88344df5a9ec4,401_51889_101876,handbag,handbag,0.9079436659812927,True,6.033839599695057e-05,0.00037826059269718826,4.8037240048870444e-05,0.0007495998288504779,0.0032061836682260036,2.645535232659313e-06,0.0005683844210579991,0.0005536347744055092,6.8461673663478e-07,3.5834375466947677e-07,0.015275810845196247,0.9079436659812927,1.5084160622791387e-06,0.002996619790792465,8.149429049808532e-06,0.0018994560232385993,9.4943447948026e-07,1.2190445204396383e-06,0.0661071166396141,2.066929118882399e-05,3.568885222193785e-05,1.4710936966366717e-06,9.210659300151747e-06,0.00012966073700226843,5.637119784296374e-07,1.6293199678329984e-08
window-342c5e111be9e9d57fd0,401_51889_101876,handbag,handbag,0.7106756567955017,True,0.0007053306908346713,0.006473463028669357,3.282320176367648e-05,0.0002361330989515409,0.0023764073848724365,5.363792752177687e-06,0.004136944189667702,0.035787347704172134,1.3023163774050772e-05,1.1594580428209156e-05,0.0012730901362374425,0.7106756567955017,4.583502595778555e-05,0.00012454201350919902,7.242139417940052e-06,0.0018548259977251291,2.1624341570714023e-06,2.105882913383539e-06,0.23560830950737,4.769109182234388e-06,6.42109225736931e-05,4.0780275867291493e-07,8.891984180081636e-06,0.0005468029994517565,1.1331409268677817e-06,1.6107438796097995e-06
window-a1697d7650437ee9c753,403_53184_103786,handbag,handbag,0.5094777345657349,True,0.3847515285015106,0.0002681392652448267,0.0841299518942833,7.206299051176757e-05,0.0025516690220683813,0.0037094377912580967,3.852989539154805e-05,3.075250788242556e-05,8.794584687166207e-07,1.3263112350614392e-06,0.003277723677456379,0.5094777345657349,4.33806017099414e-05,0.002101681660860777,0.0016751786461099982,0.00015934067778289318,2.7904761736863293e-06,4.4032742607669206e-07,4.808700759895146e-05,0.00031475824653171003,0.0014404093381017447,0.005853899754583836,3.868707790388726e-05,1.3900390740673174e-06,1.0118407772097271e-05,7.49782245179631e-08
window-51058d3739dc58aec97f,403_53184_103786,handbag,handbag,0.8150857090950012,True,0.016530334949493408,8.560510877941852e-07,0.14712926745414734,2.3854561277403263e-06,0.00022245630680117756,0.0006175303133204579,0.00022894701396580786,3.548471795511432e-05,1.4059314707992598e-06,0.0015556893777102232,3.4454370023695446e-08,0.8150857090950012,0.00033576495479792356,4.6384056417991815e-07,0.000992489978671074,2.236663760868396e-07,5.095052529213717e-06,2.394942202954553e-05,1.570157655805815e-05,0.012472826056182384,2.506141936464701e-05,0.0024826237931847572,1.672709259992189e-07,6.0133345414215e-08,1.4930229497167602e-07,0.0022353630047291517
window-b87ba22232f3b12b485a,403_53184_103786,handbag,hydrant,0.8099689483642578,False,0.00048716203309595585,2.1200510673224926e-05,0.03717457875609398,0.00023804718512110412,0.0002187862992286682,0.00026833880110643804,5.302592398948036e-05,3.8462101059622e-08,3.475989797152579e-05,0.0028418756555765867,1.012593838822795e-05,0.10852126032114029,0.8099689483642578,9.30624155444093e-05,0.006906815338879824,4.059211278217845e-05,2.651461909408681e-05,2.905960343468905e-07,6.905565896886401e-08,0.006542007904499769,0.000637560267932713,0.025461317971348763,8.746164681383561e-09,0.0001170703544630669,6.753946846238534e-10,0.0003364655713085085
window-d69a45659166ab9fccdb,403_53184_103786,handbag,teddybear,0.4807911813259125,False,0.07891997694969177,0.0009048248757608235,0.08551474660634995,0.0006873069214634597,0.05522764101624489,0.0001312323729507625,0.04762091487646103,3.0347939173225313e-05,9.107360710913781e-06,0.00021082686726003885,0.0004121912643313408,0.18745779991149902,0.004495377652347088,0.032907381653785706,0.018832441419363022,0.0001545997365610674,0.0002134107198799029,6.857567314000335e-07,1.4067647953197593e-06,0.002077436773106456,0.4807911813259125,0.0012023613089695573,1.83265219675377e-05,0.0021641701459884644,1.2333825907262508e-05,1.9693418380484218e-06
window-d5209a6481636f38c836,404_53488_104285,handbag,handbag,0.6708891987800598,True,3.6284629914007382e-06,0.0011703388299793005,0.003900245763361454,0.00380214536562562,0.00042283261427655816,1.2302442655709456e-06,5.348171907826327e-05,0.0001452489523217082,0.00035943908733315766,2.7623260393738747e-05,2.0527247670543147e-06,0.6708891987800598,7.628939783899114e-05,0.0010380306048318744,0.2760276198387146,0.0012780865654349327,9.083017357625067e-05,0.004978068172931671,6.568246317328885e-05,7.358703442150727e-07,0.0322113074362278,0.0014887406723573804,0.00012744273408316076,0.0013832965632900596,1.3902517821406946e-05,0.00044255086686462164
window-1dd215adff1fab0a6c49,404_53488_104285,handbag,microwave,0.5014733672142029,False,3.628769951191657e-09,0.00010141048551304266,0.0003122782800346613,0.00015385716687887907,0.001501721446402371,2.1190189158915018e-08,7.959799859236227e-07,3.706751886056736e-05,0.0022411837708204985,9.818960506891017e-07,2.839081389538478e-06,0.4925118088722229,1.2543702041512006e-06,0.0010421309852972627,0.5014733672142029,7.398883099085651e-06,2.9183776860008948e-05,2.31054855248658e-06,5.369146674638614e-05,1.942132485055481e-06,0.00013098222552798688,0.0002189282386098057,2.224760828539729e-05,8.66428526933305e-05,6.57105483696796e-05,2.8697257903331774e-07
window-a39e8778a3ce9147f720,404_53488_104285,handbag,handbag,0.8924894332885742,True,2.848917347364477e-06,0.003336999798193574,0.0009159219334833324,4.980633457307704e-05,0.0008697856101207435,3.078532984090998e-07,4.738951247418299e-06,0.010095031931996346,6.176759779918939e-05,4.863468802795978e-06,2.4073253825918073e-06,0.8924894332885742,7.102850304363528e-06,2.1797824956593104e-05,0.0019063110230490565,1.663989132794086e-05,3.15099578074296e-06,0.00039090870996005833,0.0002599773870315403,5.313678386187348e-08,0.08750918507575989,1.609940045455005e-05,0.0001859921176219359,0.0004923828528262675,1.6621011127426755e-06,0.0013548433780670166
window-4ccb420b403c8e3e0e08,404_53488_104285,handbag,handbag,0.9406211376190186,True,1.476295352631496e-07,0.0005483287968672812,0.0008950888877734542,3.3306067052762955e-05,0.001851415610872209,5.379911272029858e-08,1.2677577387876227e-06,0.051968276500701904,0.00016839246382005513,1.054557174029469e-06,1.0013554856413975e-06,0.9406211376190186,2.4569069410063094e-06,3.9479728002334014e-05,0.0033073616214096546,0.00037696026265621185,1.2659121750857594e-07,1.1582018487388268e-05,3.7887546113779536e-06,1.238457336683041e-08,5.2820596465608105e-05,7.614860351168318e-07,2.5715222363942303e-05,8.560622518416494e-05,3.3854719276860124e-06,4.673668740906578e-07
window-0ad57808b9d0e0cdef8b,194_20930_42343,hydrant,hydrant,0.9984519481658936,True,8.322641065205971e-08,1.3308793313626666e-05,2.18603304347198e-08,3.1293791380448965e-07,1.7587846457001177e-10,5.086010332888691e-06,2.5996798740379745e-06,1.0122433447001811e-10,1.1298036497464636e-06,1.691144825599622e-05,9.691030982139637e-07,7.970625404141174e-08,0.9984519481658936,7.216430786272099e-10,2.8718134537086826e-09,2.9301983772711537e-07,3.125464331787953e-08,0.0006154284928925335,5.341901783140202e-07,6.918194685567869e-06,0.0005105817108415067,6.090821358384346e-08,9.581037829775596e-08,1.6223287957473076e-07,1.6835865608300082e-05,0.00035663999733515084
window-6a1bb88fa4a2ab93478b,194_20930_42343,hydrant,hydrant,0.9523329734802246,True,9.379370879969429e-08,0.0009883716702461243,6.842659416861352e-08,2.8244485861250723e-07,2.667683018930944e-10,2.550630597397685e-05,1.8981060065925703e-06,3.04318514832147e-11,2.6900811462837737e-06,0.0002135264512617141,2.5445614504349123e-09,5.526917448150925e-07,0.9523329734802246,4.6406729126147184e-08,9.745490814339064e-08,1.3224044437265547e-07,1.3915746421844233e-07,0.005273827351629734,2.4833243514876813e-06,9.068964459402196e-07,0.005427280440926552,2.2883598660428106e-07,2.920466215527995e-07,1.092553816306463e-06,2.0555260562105104e-05,0.03570685163140297
window-5802b6b80651971cbd70,194_20930_42343,hydrant,hydrant,0.9996911287307739,True,1.502856328272628e-08,8.98421149031492e-06,3.0899944825080183e-09,8.857665712014295e-09,2.7476661570990935e-11,9.321544069962329e-08,1.3999928683006146e-07,1.0580187984401968e-12,3.256720004785052e-09,1.4171678230923135e-06,1.738805904816232e-10,1.3034019419322362e-09,0.9996911287307739,1.1252326848065763e-09,8.108082261149008e-11,6.567259180911833e-09,5.1771195330729824e-08,6.0277267039055005e-05,1.1650240772098641e-09,7.917461175566132e-08,0.0001416749000782147,5.549901094248355e-10,5.421113336012695e-09,1.4153815186546126e-07,5.527128532634151e-09,9.597518510418013e-05
window-6a80ee6c3555ce65520d,194_20930_42343,hydrant,hydrant,0.9890473484992981,True,0.00013387807121034712,0.001250371802598238,2.8644217309192754e-07,1.5058813005452976e-05,1.9165544706822857e-09,7.155784260248765e-06,5.956154564046301e-05,1.3868209913781016e-09,3.9007151286796216e-08,4.184719728073105e-05,8.301843479330273e-08,1.0183420044995728e-06,0.9890473484992981,5.9734697188673636e-09,1.95669647151675e-10,5.095521373732481e-07,8.780264124652604e-07,0.002727675484493375,3.399604864284811e-08,5.750113814428914e-06,0.0003539535391610116,1.0828626884062942e-09,2.649187251790863e-07,1.2843491276726127e-05,1.3498690805135993e-06,0.00634007016196847
window-ce98691e40701a7b44f9,194_20938_42675,hydrant,hydrant,0.9653931260108948,True,5.779021648777416e-06,2.9690698966078344e-07,1.430658471690549e-07,0.001876252586953342,2.883967198386017e-08,2.502939423720818e-05,2.5086134058938114e-08,1.3735387938140775e-06,0.00042220132309012115,1.6888913023649366e-07,0.013803398236632347,0.006547209806740284,0.9653931260108948,5.321176286088303e-05,2.3349680589035415e-07,6.568259891537309e-08,0.00016765500186011195,1.249744491360616e-05,1.9605218426477222e-07,0.011263739317655563,0.0003910576633643359,2.05294825583735e-09,4.848945081903366e-06,6.001310737246968e-08,3.082854891545139e-05,5.706910428671108e-07
window-df9556fa6c9597141964,194_20938_42675,hydrant,hydrant,0.9514116644859314,True,4.658103989640949e-06,1.0134804142580833e-06,6.428936671909469e-08,0.00014711963012814522,4.4549274491600954e-08,2.1544276023632847e-05,8.759202501096297e-06,2.9128366804798134e-05,0.0002492932544555515,3.5024530831151424e-08,0.007971893064677715,0.03522874787449837,0.9514116644859314,5.3326511988416314e-05,2.0275602707897633e-07,4.936584829806634e-08,0.0006141272024251521,4.1498560676700436e-06,2.880645297409501e-05,0.0020412637386471033,0.00216841883957386,2.2716497571906302e-09,4.145920229348121e-06,1.0431199370941613e-06,1.005328340397682e-05,5.438559469439497e-07
window-8f7f632cd8b77a768c81,194_20938_42675,hydrant,hydrant,0.9815995097160339,True,2.3773698558215983e-05,1.4109440371612436e-06,2.037864277326662e-08,0.00036481121787801385,5.9140083941144894e-09,9.31473641685443e-06,8.407698146584153e-07,1.9379344848857727e-06,0.00019685803272295743,1.916511749300298e-08,0.0012622937792912126,0.01585848443210125,0.9815995097160339,1.770475682860706e-05,3.4426338402226975e-07,4.0053009797702543e-08,1.6881485862541012e-05,1.2071172932337504e-06,8.468397822980478e-07,0.00027025138842873275,0.00036632217234000564,3.601362097427341e-09,5.1313513722561765e-06,8.089634206953633e-08,1.2722406381726614e-06,4.94790810989798e-07
window-0d62e491e3054ef178bf,194_20938_42675,hydrant,hydrant,0.9973748922348022,True,1.2557437003124505e-05,2.74670560429513e-06,5.5051717851029025e-08,2.3519409296568483e-05,9.818424295815475e-09,4.691400590672856e-06,2.4396143771809875e-07,4.222382813168224e-06,4.454618465388194e-05,1.7522985729101492e-07,0.00045116027467884123,0.0011588771594688296,0.9973748922348022,5.05475725276483e-07,8.98838603546892e-09,3.3664300236324607e-09,8.713243005331606e-06,7.4243284871045034e-06,2.6881070880335756e-07,0.0001532353926450014,0.0007466594688594341,4.92338558810701e-10,3.830298737739213e-06,2.191787871197448e-07,5.040614041718072e-07,8.150091730385611e-07
window-564163d00c8eb06650c3,481_68723_133699,hydrant,hydrant,0.9998251795768738,True,7.696774884102808e-10,8.452645374745771e-07,2.031090318155293e-08,7.60397597332485e-05,6.493797943818436e-09,1.566429972399419e-07,3.36768841979751e-11,3.164548445511173e-08,2.0743635104736313e-05,2.408220325378352e-07,5.200332680033171e-07,6.586989287349354e-11,0.9998251795768738,2.9854865801759445e-10,2.674882981779092e-09,2.242957555798064e-11,2.02967112272745e-06,2.5231304334738525e-06,5.136056913102038e-09,7.368455499090487e-06,4.725805524685711e-08,8.262601158826044e-10,5.241283851376011e-09,4.7319008444901556e-05,6.798182849987455e-11,1.6919775589485653e-05
window-6ddc41ba5865284690b4,481_68723_133699,hydrant,hydrant,0.9995321035385132,True,5.843986405906776e-10,1.1176433645232464e-06,6.35489243450138e-08,2.366035232626018e-06,1.286177553350143e-10,3.130803705175822e-08,3.295953787674222e-10,5.014579329554181e-08,0.00036389034357853234,4.846129286306677e-06,1.0000809957944057e-08,3.0751491630898187e-11,0.9995321035385132,2.0902788389065563e-09,2.4570981360660937e-10,2.1450217158047735e-09,4.974793910150765e-07,6.993699935264885e-05,1.1793531484727282e-07,1.641434721477708e-07,2.775759888606899e-08,1.6069477692948198e-10,3.519275423968793e-06,1.2752639122481924e-05,8.837981901876901e-09,8.566282303945627e-06
window-1e5d6fa165c9d07d725b,481_68723_133699,hydrant,hydrant,0.9930805563926697,True,2.8666904405838523e-09,8.224113844335079e-05,1.3060381434115698e-06,0.005818026605993509,1.1082045003885099e-10,3.4271010918018874e-07,6.701319620744384e-12,0.00027928684721700847,8.249706297647208e-05,5.840246012667194e-05,3.8000650874892017e-06,6.4574296430863765e-12,0.9930805563926697,2.9655520261684387e-09,2.783152597274352e-10,8.767693793210185e-10,0.00012782428530044854,1.7604565982765052e-07,3.804939918694572e-09,3.0016542950761504e-05,2.4062222792053944e-07,7.998091966499032e-09,2.231638973171357e-06,0.00013564481923822314,7.835773629949472e-08,0.0002973483642563224
window-5950ff65df0246ad45a4,481_68723_133699,hydrant,hydrant,0.9954577684402466,True,1.0445576208439888e-06,2.496399247320369e-06,1.6621699217012065e-07,0.0003123232163488865,2.6078016190922426e-08,3.527875946929271e-07,3.2179175990521003e-10,2.5862804250209592e-05,0.0008565392927266657,9.77130525825487e-07,5.510537903319346e-06,1.1847398617703675e-08,0.9954577684402466,3.778245982744011e-08,4.075179660389949e-08,3.6625935617706773e-09,0.0017372684087604284,2.2884893041918986e-05,3.3454750791861443e-07,0.00020294847490731627,2.704892949623172e-07,7.285266834244908e-10,4.151863777224207e-06,0.0013552084565162659,3.040827607492247e-07,1.3497864529199433e-05
window-536ea36899f95fb85477,587_87863_173253,hydrant,hydrant,0.9813437461853027,True,2.8075464797439054e-06,5.710405730496859e-06,2.858360232949053e-07,4.49841063527856e-05,2.2692422940728818e-10,1.1588879855750633e-09,3.764248219795263e-07,5.247843826161613e-10,1.2115229708342667e-07,1.895143526553511e-07,5.763062915775663e-08,2.7701798899215646e-07,0.9813437461853027,1.233966973046563e-08,7.124418743842398e-08,1.5272795528264993e-10,0.018517063930630684,5.3050400310894474e-05,4.5383050095715305e-10,9.426064373485588e-09,5.848569912814128e-07,2.3765122136865102e-07,1.6578859174387617e-08,3.0425437216763385e-05,4.894143756928315e-09,1.3483864691465897e-08
window-cf50dd1f4ee1e01c363c,587_87863_173253,hydrant,hydrant,0.9468997120857239,True,0.011983685195446014,0.0003158683539368212,2.2389365312847076e-06,0.0003175301244482398,1.804045801634402e-08,1.0903939084982994e-07,2.834785482264124e-05,1.1149326439863216e-07,5.92343576499843e-06,0.00016334546671714634,8.469992849313712e-07,5.538835102925077e-05,0.9468997120857239,4.727494840039981e-08,9.374998057865014e-07,7.5144601652255e-09,0.021535126492381096,0.0165786761790514,1.3478970117830613e-07,6.198256983225292e-07,0.0010740363504737616,1.801069447537884e-05,2.9854478270863183e-05,0.0009707206045277417,2.5378701593581354e-06,1.624479227757547e-05
window-7e51b8c3e69d3997bbe4,587_87863_173253,hydrant,hydrant,0.8664414286613464,True,0.002708352403715253,0.0021849710028618574,0.0013707524631172419,0.05187062546610832,9.196562018587429e-07,8.242569492722396e-06,0.0013264968292787671,1.4113786050984345e-07,3.3806529245339334e-05,8.236413850681856e-05,5.761599823017605e-06,4.85862692585215e-05,0.8664414286613464,1.5173641259025317e-05,0.005645768251270056,1.4489341992884874e-07,0.0442860908806324,0.010024054907262325,4.241840940721886e-07,2.260496103190235e-06,0.00032793590798974037,3.58901743311435e-05,0.00029272056417539716,0.012983161024749279,5.9584806876955554e-05,0.0002444011333864182
window-f498d3d6847c9ae6aa70,587_87863_173253,hydrant,hydrant,0.861927330493927,True,0.00025682305567897856,0.0002543888404034078,0.0002727136015892029,0.04750409722328186,1.1583153991523432e-08,3.417829219642954e-08,8.553423867851961e-06,1.939923350846584e-07,4.6674350073772075e-07,2.111579760821769e-06,3.3880684213727363e-07,2.808598401315976e-05,0.861927330493927,3.226498677122436e-07,1.5305309716495685e-05,3.861944097849346e-09,0.08535082638263702,0.0038398439064621925,6.36915231666535e-09,1.0090085424963036e-06,9.489064723311458e-06,1.4634675835623057e-06,7.463635120075196e-05,0.00027468663756735623,0.00016596946807112545,1.1374092537153047e-05
window-bc9a4f1ef286cb449aa6,599_92297_183310,hydrant,hydrant,0.9999668598175049,True,6.731008397764526e-06,8.395613093625798e-08,5.180103013202597e-10,1.4240877135307528e-05,3.95805721531417e-10,1.371716351616925e-10,1.4204152520846947e-08,5.084643817099277e-09,1.763513211017198e-07,6.112691153248306e-07,1.5359990612751062e-08,8.391462635870539e-09,0.9999668598175049,1.549622763441505e-09,2.0291659463822498e-09,3.2171949132520083e-11,5.232475359662203e-06,4.122218342672568e-06,5.152543725017722e-09,1.4455671362156863e-06,1.0248293591530455e-07,2.808460963787951e-10,3.3489877537817847e-10,2.9352517572078796e-07,1.1259558618803567e-08,5.926293056290888e-08
window-539a79d333c4326b6900,599_92297_183310,hydrant,hydrant,0.9999865293502808,True,2.837148940670886e-06,1.64598631613444e-07,1.8235435561564373e-07,1.1700270761139109e-06,4.547741957322549e-12,5.2540562178737815e-11,6.997245838302746e-11,3.4491105527223453e-09,1.1649244697764516e-06,1.6098155697363836e-08,1.4678080617613887e-07,1.317302600334358e-09,0.9999865293502808,4.892370883413655e-11,8.779036525519146e-12,3.1293663407122585e-12,4.29142937719007e-06,3.3221485864487477e-06,3.658280622875765e-11,1.3751765948200045e-08,6.632957738617051e-09,1.6721705964339861e-10,8.358760211768512e-11,4.37426939114971e-09,1.2836874792310216e-11,5.1963301217483604e-08
window-bf9db59c358085ec1ecd,599_92297_183310,hydrant,hydrant,0.9998131394386292,True,4.376571723696543e-06,2.4366295292566065e-07,1.0049966903125096e-07,1.0404865236068872e-07,2.1341343969805138e-10,1.6495316224052203e-09,6.331419832861229e-10,6.865472079731205e-10,1.0900129154833849e-07,1.8650609945325414e-06,6.481683101355884e-08,4.715940526978102e-09,0.9998131394386292,2.6471277947415217e-10,3.7705022437606317e-10,8.493620251570633e-10,4.2543993913568556e-05,0.00013674871297553182,5.018746876417346e-11,1.0212514922613991e-07,2.2190991444404062e-07,9.401562861555135e-10,1.8281614000414947e-09,5.0914308324934154e-09,9.236370557275109e-10,3.3740710136953567e-07
window-c3e737245ad874aa6f8f,599_92297_183310,hydrant,hydrant,0.9986876845359802,True,0.0001479850325267762,2.5718932761265023e-07,3.570085027604364e-08,1.8429429360367067e-07,6.335484914465894e-10,3.673396309356036e-10,2.232773077537331e-08,7.365502874279173e-09,2.495015678505297e-06,9.694383606984047e-07,6.958438234505593e-07,3.211771515410078e-09,0.9986876845359802,4.444392076585757e-11,4.828738298101598e-09,3.333979536890297e-09,0.00016019183385651559,0.0009905732003971934,1.1315008929813075e-09,9.386803867528215e-07,6.6480856730777305e-06,1.9097983194882318e-09,2.16994089363709e-10,2.1623894497224683e-07,2.7891582377037594e-09,1.0624222568367259e-06
window-7728e6911a8df985edd1,79_8251_17496,hydrant,hydrant,0.9858322143554688,True,1.129527049670287e-06,5.66699043247354e-09,7.07885874362546e-08,2.2876371076563373e-05,8.404325013700031e-10,4.3560788753893576e-08,8.659678485400946e-08,5.383784582591034e-07,0.009606417268514633,1.2205869097670075e-06,1.165542684589127e-07,1.093583961164768e-07,0.9858322143554688,4.67012739591155e-09,5.3519019077574725e-11,5.808737455481605e-07,4.776046012011648e-07,0.00014980838750489056,6.164095339045161e-06,5.423884067567997e-05,0.00401802733540535,7.904467480557287e-08,3.388574612017692e-07,0.00011076885857619345,1.4380512425304914e-07,0.00019455321307759732
window-a150c73971f64321c21a,79_8251_17496,hydrant,hydrant,0.9996875524520874,True,3.567606938759127e-07,7.298716631076729e-10,6.679248265584192e-09,0.00022427659132517874,1.8649321670283214e-11,7.841672555741752e-08,1.165304186478977e-09,1.4548637849998158e-08,7.131873644539155e-06,3.269537884875717e-08,5.8133323364018e-06,1.1491323448353796e-07,0.9996875524520874,4.1039271980736203e-10,3.3360300633056283e-10,1.5415020648834599e-10,1.5846128007979132e-05,1.960152758329059e-06,8.014826846647338e-08,3.5582019336288795e-05,2.0678604414570145e-05,2.0807174039294551e-10,1.694768236859545e-08,4.1896477398495335e-09,2.530230602815209e-08,3.8140089486660145e-07
window-d3d9b8b9f5c432913612,79_8251_17496,hydrant,hydrant,0.9966436624526978,True,6.30989670753479e-05,1.6056670437691878e-09,2.5615944920787115e-09,0.0006915669655427337,1.301200553555093e-11,5.2103775516343376e-08,1.6908773270429833e-09,7.907927823680438e-08,1.0978464160871226e-05,1.1457634485623203e-07,3.518234734656289e-05,3.8456474271697516e-07,0.9966436624526978,7.803448909271538e-08,3.7335207148103677e-10,3.0849849341763047e-09,6.97102295816876e-05,3.911498879460851e-06,1.2559040385440312e-07,0.0024509623181074858,2.4506978661520407e-05,4.733299530101931e-09,5.370984013097768e-07,1.0955150120395274e-09,3.845465471385978e-06,1.2220673397678183e-06
window-22a655c121096b458c8c,79_8251_17496,hydrant,hydrant,0.9873381853103638,True,0.0019961372017860413,4.896602376902592e-07,5.943449195910944e-06,0.0006774194189347327,3.0539053924583115e-11,7.515000532976046e-08,3.564605776773533e-06,0.00011920308315893635,1.0447743989061564e-05,9.687030251370743e-05,7.355039244316686e-09,7.227894798234047e-07,0.9873381853103638,6.531907459361719e-09,3.1302467562444036e-11,0.00026334187714383006,0.0030141244642436504,0.000489590922370553,0.00012830855848733336,0.003315454814583063,0.00010434356954647228,1.0639145386903692e-07,4.7862715291557834e-05,0.00020052361651323736,0.0009232174488715827,0.0012639029882848263
window-13f7a5f52368c9aed1b9,398_50755_99575,kite,kite,0.9732120633125305,True,1.6310104911099188e-05,2.1369730802689446e-06,0.001856767339631915,3.0088276758988286e-08,0.00025511495186947286,2.314199036845821e-07,0.0023792439606040716,1.3489763659890741e-05,1.6867863009140116e-11,9.740665518620517e-08,2.1426123453238688e-07,0.0001236695534316823,2.047993996612263e-09,0.9732120633125305,4.112324925031885e-10,0.00014114633086137474,3.892175470809889e-08,8.134808382465053e-09,5.938400499871932e-05,4.917201749776723e-06,1.788850227057992e-06,5.1434760450774775e-08,0.021833941340446472,9.130081889452413e-05,1.028551910309261e-08,8.201047421607655e-06
window-a520f4858aafed2329ba,398_50755_99575,kite,kite,0.9902815818786621,True,1.999414507736219e-06,4.832210152017069e-07,7.305409235414118e-05,2.8827971121359042e-08,0.0028971482533961535,3.1710814596408454e-07,0.0007406884687952697,5.722366040572524e-06,2.591405146024073e-10,1.6170787375813234e-07,2.6246516426908784e-06,0.00021380514954216778,5.7234763595204186e-09,0.9902815818786621,7.902488441402511e-09,0.0008617942221462727,1.441742369934218e-07,8.442240240214005e-10,0.0001366872456856072,8.125881322484929e-06,1.6525495993846562e-07,1.465128178779196e-07,0.004740433767437935,3.047392783628311e-05,1.6288286275312203e-08,4.259571596776368e-06
window-47db81d012882bbe2584,398_50755_99575,kite,kite,0.8160800337791443,True,1.398956464981893e-05,2.889264578698203e-06,0.0002778443449642509,5.712805872803983e-08,0.004564153961837292,8.385652705555913e-08,0.0010734624229371548,2.4428871256532148e-05,4.886570792450584e-08,1.1784246822799105e-07,4.878371328231879e-06,0.0003430900105740875,3.796354342000541e-09,0.8160800337791443,3.33472826241632e-07,0.000402447854867205,2.4733653845032677e-06,5.055225926753337e-08,0.0007991176680661738,7.494253623008262e-06,7.045955953799421e-06,1.5676946532039437e-06,0.1760912388563156,0.00030211565899662673,9.575313697496313e-07,2.6701636457460154e-08
window-71f90d61d1a16ba0aee1,398_50755_99575,kite,kite,0.9986473917961121,True,7.665796175615469e-08,7.6626236023003e-08,9.64099817792885e-05,1.3571429535730317e-09,8.057087143242825e-06,1.0421624674350483e-09,1.959334076673258e-05,6.887741932359859e-08,1.048537645598202e-11,4.118027308042116e-10,1.579177144606092e-08,2.9638320484082215e-05,1.195334022735528e-11,0.9986473917961121,3.1036453962407506e-10,1.7921952348842751e-06,6.142446551393732e-10,3.104040288692822e-11,8.925798056225176e-07,1.4227552469492366e-07,3.502468359783961e-08,1.4345636900614522e-09,0.0011953446082770824,3.3376022656739224e-07,1.8847032379198936e-08,1.8392787737298022e-08
window-1d0004d1dc21c47b6727,400_51402_101011,kite,chair,0.9918162226676941,False,8.969824801538864e-15,1.0915616854845211e-08,0.0014142148429527879,0.0006758524104952812,1.3462151393639488e-09,7.776775334811248e-10,3.960763933719136e-05,1.96294749343906e-08,0.9918162226676941,6.463413138035889e-10,1.333458010677191e-09,2.330956885998603e-05,1.4248559276897055e-10,0.003990930505096912,5.841692654939834e-06,4.076791348950337e-09,1.375919655988156e-10,1.0847484332998647e-07,6.671643859590404e-08,1.877019206730779e-09,1.4271340660343412e-06,2.3247284843819216e-06,4.3735130020650104e-05,1.733607390974612e-08,0.0019834451377391815,2.88587466457102e-06
window-b9503e2023ad3e3d3b63,400_51402_101011,kite,kite,0.9285979270935059,True,3.82987010161262e-11,1.0212431789113907e-08,0.00010956927144434303,1.3261012099974323e-05,5.250866852435365e-09,2.350959205088543e-09,1.40115821523068e-06,2.5404420966879115e-07,0.030498437583446503,5.562584988183517e-07,1.3658585373832466e-07,0.0003912890679202974,1.928743414980616e-10,0.9285979270935059,3.8635121200059075e-06,1.194198517850964e-07,5.462069019301907e-09,7.027968422335107e-06,6.047568490430422e-07,9.440742019251047e-07,9.156499913842708e-08,2.1708435937739523e-08,0.00045924732694402337,1.5026107291760127e-07,0.03986499831080437,5.006925857742317e-05
window-57ceec14a9a9780e653a,400_51402_101011,kite,kite,0.9615095257759094,True,4.681195431288643e-10,1.1130665278358265e-08,0.0004889751435257494,0.00011873781477333978,5.238555604591966e-05,2.7731173801726072e-08,2.0033442069689045e-06,2.3739748939988203e-05,0.03660288825631142,6.141532139736228e-06,1.6037700945048528e-08,0.0004683701554313302,2.100441776065054e-08,0.9615095257759094,5.662341209244914e-06,1.391588830301771e-05,1.7666547114103537e-09,1.2196377952022885e-07,1.0883722012522412e-07,9.636451068217866e-06,2.3734122223117993e-08,6.060598689572316e-10,0.0004338359576649964,8.6114217992872e-05,0.00016529711137991399,1.2548013728519436e-05
window-b2ed640cdb4d5d26330f,400_51402_101011,kite,kite,0.9988611936569214,True,5.442704967273393e-11,4.86838018787239e-07,1.2348569725872949e-05,5.140558414495899e-07,6.293792830547318e-05,3.486363697735584e-10,3.309180465294048e-05,5.9090239119541366e-06,0.00040227812132798135,1.3762758044322254e-07,8.073900659155697e-09,0.00020042703545186669,4.781550444477034e-08,0.9988611936569214,1.4531920555782563e-07,1.4686717122458504e-06,2.1438968378362233e-09,5.016556503534275e-09,1.7054128420568304e-07,8.774406978773186e-07,2.7355221732250357e-07,1.461850918094143e-10,0.00032425473909825087,2.4170134565792978e-05,6.652878073509783e-05,2.7620653781923465e-06
window-0e10b394e939f9092991,401_52206_102304,kite,kite,0.9646772742271423,True,5.262750732981658e-07,5.367513949749991e-06,4.3076430301880464e-05,6.434744932448666e-07,0.004253798630088568,7.139954849577634e-09,0.0002763515803962946,6.284847842152885e-08,3.560493269105791e-07,8.393250254812301e-07,4.260574314685073e-06,0.03056923672556877,5.07417432515922e-08,0.9646772742271423,3.058201798467053e-07,7.579640077892691e-05,6.309950825733601e-12,1.1303370683890535e-08,1.6200250684050843e-05,3.564135226952203e-07,1.3365328754844086e-07,4.152008514779482e-09,4.798337727152102e-07,9.964688615582418e-06,6.169960397528484e-05,3.1771821795700816e-06
window-9e91023a3dd9c5fdfbc8,401_52206_102304,kite,kite,0.9287849068641663,True,2.2068293503707537e-07,1.6125866295624292e-06,5.9411986512714066e-06,1.6933552160480758e-07,0.0026960738468915224,3.440377938090933e-08,1.3321488040674012e-05,3.525210331645212e-06,1.6390719110859209e-06,2.744767755302746e-07,4.745365345115715e-07,0.06842616200447083,1.8858045791603217e-08,0.9287849068641663,5.011509784935697e-08,3.719522646861151e-05,3.96428827265094e-11,4.777400697264511e-09,3.3737610465323087e-06,6.855646716985575e-08,2.1508823522253806e-07,7.43686268123156e-09,4.273220838513225e-06,1.9491702914820053e-05,8.475533377350075e-07,1.2914669866859185e-07
window-4506661605918c375235,404_53795_104925,kite,kite,0.9690442085266113,True,1.426373325008612e-10,6.672418066955288e-07,2.4703883809706895e-06,5.03708633914357e-07,0.0017179968999698758,8.175555787914845e-10,4.33229388363543e-06,5.6996290368260816e-05,3.9469387047574855e-06,5.244443741503346e-07,0.00010653895878931507,0.028700441122055054,9.55799328572482e-10,0.9690442085266113,2.972060819672606e-08,1.698949381534476e-05,8.175747190364291e-09,1.5488749340875074e-06,1.4952466699469369e-05,1.167076746355633e-08,8.675576827954501e-05,4.6485421734132615e-08,7.796615682309493e-05,9.45218198467046e-06,0.00015301602252293378,6.481219543275074e-07
window-ebdccb014c845c62ad65,404_53795_104925,kite,book,0.7938313484191895,False,9.866911454547989e-11,7.41251682256916e-08,3.9129136553128774e-07,1.1639538570307195e-05,0.7938313484191895,3.530420178421423e-09,1.1684642231557518e-06,4.168432042206405e-06,1.3454410918711801e-09,2.2361844287388521e-07,2.7190756100026192e-06,1.5183388768491568e-06,1.171652076574492e-12,0.20554779469966888,1.4817945270806376e-07,5.965496256976621e-07,1.0908746822524407e-10,5.985438633615559e-08,0.0005356432520784438,3.9639110127609456e-07,3.5433986340649426e-06,3.1758833340944648e-09,3.122118414466968e-06,5.4369687859434634e-05,1.1655316711767227e-06,1.1530892685129857e-08
window-d591bcb78c7f40616491,404_53795_104925,kite,kite,0.8740682601928711,True,4.972065994479635e-07,1.5787672964506783e-05,2.1494170141522773e-06,1.8135983737010974e-06,0.07982528954744339,2.540871868461636e-08,0.0006216703914105892,0.00012238603085279465,4.296436202366749e-07,3.9805894402888953e-07,0.0005772818112745881,0.00924035906791687,6.475655567328431e-09,0.8740682601928711,3.306826386051398e-07,7.600508979521692e-06,9.080639351566333e-09,2.904400941972085e-09,0.0352046824991703,2.6091331051247835e-07,3.605584424803965e-06,1.2483658906603523e-07,0.0001333511754637584,0.00017259690503124148,1.1706846407832927e-06,1.0902244385047055e-10
window-918d9eded2850f5a5122,404_53795_104925,kite,kite,0.8512014150619507,True,9.889038921073734e-08,7.601365155096573e-07,2.9477231322516673e-08,1.6032493022066774e-07,0.0020087086595594883,6.39392567336472e-07,0.08905940502882004,1.1875236850755755e-05,4.1481743551230466e-07,0.0003194153541699052,0.00012236299517098814,0.02121107466518879,9.338450013274269e-07,0.8512014150619507,1.0065141395898536e-06,4.1361694457009435e-05,1.0810173733943884e-07,7.555744900855643e-07,0.03504393249750137,1.0064511712926105e-07,3.4623153624124825e-05,5.133070226293057e-05,6.545709766214713e-05,3.782500061788596e-05,0.0007851972477510571,9.554362350172596e-07
window-678b43fef8c5dfea6a11,409_55524_107245,kite,cake,0.2934650480747223,False,0.00024972850224003196,0.002320104045793414,0.11768624931573868,0.08886351436376572,0.02973823994398117,5.454027996165678e-05,0.2934650480747223,0.01442860160022974,0.0008495701476931572,0.0014853975735604763,0.0069098505191504955,0.0006485515623353422,1.5106111277418677e-05,0.1941724270582199,0.00047393623390235007,0.008755626156926155,0.003171986434608698,0.0003399131528567523,0.0035220454446971416,0.00012329818855505437,0.004796402063220739,0.001003398559987545,0.08159376680850983,0.1452593207359314,4.461086791707203e-05,2.879755811591167e-05
window-aebf0c46e00065861245,409_55524_107245,kite,kite,0.7672786116600037,True,9.879924618871883e-06,0.008322338573634624,0.0471610389649868,0.0704306960105896,0.017021644860506058,3.3167250421684003e-06,0.002376463497057557,0.005999202374368906,0.0008737382595427334,0.0003778637037612498,0.026582108810544014,0.00031811351072974503,1.3173616025596857e-05,0.7672786116600037,0.013240529224276543,0.001874420908279717,0.010615820065140724,1.0393748652859358e-06,7.035949238343164e-05,1.7951502741198055e-05,0.0002282603963976726,0.00016687644529156387,0.001958355074748397,0.02496933564543724,7.961818482726812e-05,9.203298759530298e-06
window-2fac67cb7835a53e52ed,422_58671_113667,kite,kite,0.9320299625396729,True,1.051316544931069e-08,1.8445998648530804e-05,3.053812906728126e-05,6.284284154389752e-06,0.06472279131412506,2.6617074126988882e-06,0.0007203127024695277,7.69122266319755e-07,3.517596098845388e-07,9.035959919856396e-06,0.0007759704603813589,0.00032511947210878134,3.7674575992241444e-07,0.9320299625396729,0.00012130507093388587,0.000858371495269239,5.728054020437412e-06,5.431516569842643e-09,1.7108892507167184e-06,5.5039263315848075e-06,0.00026481819804757833,3.65608575521037e-05,6.421686862267961e-07,5.756489190389402e-05,5.243275609245757e-06,3.5243521434580316e-09
window-8fdd5dbda6143e85ab32,422_58671_113667,kite,kite,0.9989940524101257,True,1.0407351196117798e-11,1.714710265332542e-06,2.0259358279872686e-07,1.7966026177873573e-07,0.0009401534334756434,1.2616420974609355e-07,7.861270205467008e-06,6.951222530915402e-08,2.8733126100632944e-07,7.624140039297345e-07,5.170106305740774e-06,9.100624083657749e-06,2.6652169360374955e-09,0.9989940524101257,1.0256316272716504e-05,1.732017335598357e-05,1.7804515550778888e-07,1.5159296040678782e-09,1.5270501307895756e-07,5.4067239574351333e-08,9.98967593091038e-08,2.5843357320809446e-07,7.311419381039741e-08,1.3913096381656942e-06,1.0545608347456437e-05,2.2342994121515858e-10
window-f756071c969ab523b944,422_58671_113667,kite,kite,0.9992966651916504,True,3.019558214578666e-11,6.202802751431591e-07,1.0531940688451868e-06,5.1209152474029906e-08,0.0006665863329544663,7.757630982041519e-09,8.774905069230954e-08,6.21406970324756e-09,4.85431641550349e-08,6.504462817247258e-07,5.992523028908181e-07,1.2332111509749666e-06,2.2652713038695538e-10,0.9992966651916504,3.931501396436943e-06,2.5899849788402207e-05,1.6002974501105882e-09,6.756659121087694e-11,2.223437878257073e-09,6.273319286265178e-08,3.078994836869242e-08,1.0573578634875958e-07,1.0290082030905978e-07,1.8858495209883586e-08,2.2062056359573035e-06,5.86685075520954e-11
window-8e891256ed90316c8df2,422_58671_113667,kite,kite,0.9978283047676086,True,5.855719797942527e-10,4.515392902249005e-06,5.394452387008641e-07,3.5260816275695106e-06,0.0013791326200589538,2.2194150517407252e-07,0.00010360001033404842,8.508191484679628e-08,5.200972807983817e-08,4.882620487478562e-06,0.00015469764184672385,0.0003585686790756881,2.6075680281678615e-08,0.9978283047676086,1.9957400581915863e-05,5.680532194674015e-05,4.5365077028236556e-08,2.950360233899829e-10,1.8387099771643989e-06,1.463313083149842e-06,2.2995607196207857e-06,2.634650684285589e-07,8.899538670448237e-07,2.2206590983842034e-06,7.613196066813543e-05,7.401941837237302e-10
window-646f4411c738a28166a1,432_61230_120293,kite,toyplane,0.5233898758888245,False,0.0024748709984123707,0.01215033233165741,0.19584433734416962,0.0017494386993348598,0.1910979300737381,6.126438734099793e-07,0.002457389608025551,0.00039426182047463953,2.1476882466231473e-05,0.0031725086737424135,0.0013749251374974847,0.0009995782747864723,2.3871638404671103e-05,0.059845149517059326,3.803553408943117e-05,0.0006769899628125131,3.2721534353186144e-06,2.8083009965484962e-05,0.00031637013307772577,4.798737427336164e-05,0.001179373706690967,5.805708860862069e-05,0.5233898758888245,0.0006574296276085079,0.001983900088816881,1.403377336828271e-05
window-a71a5cfbeab76e7b6d05,432_61230_120293,kite,umbrella,0.23217785358428955,False,0.0024176312144845724,0.11667191982269287,0.1215735375881195,0.0013407449005171657,0.09473603218793869,3.125769580947235e-05,0.011957117356359959,0.006147379521280527,0.0024711480364203453,0.04526013880968094,0.013029173947870731,0.02445375919342041,0.0008769467822276056,0.20219264924526215,0.0004302306624595076,0.001706307171843946,5.264873107080348e-05,1.4290316357801203e-05,7.066468970151618e-05,4.463363438844681e-05,0.0038792374543845654,3.321863187011331e-05,0.11774762719869614,0.0006500522140413523,0.23217785358428955,3.38713543897029e-05
window-f9db7f7222e046be0546,432_61230_120293,kite,baseballbat,0.569005012512207,False,4.934335811412893e-05,0.011164105497300625,0.569005012512207,0.00011309498222544789,0.004183290060609579,4.0065260691335425e-06,0.0018091831589117646,0.0007830689428374171,0.00025030894903466105,0.003005621489137411,0.014270031824707985,0.0007801708416081965,1.6045909433159977e-05,0.3112794756889343,0.00013447021774481982,0.005225478205829859,8.660065759613644e-06,2.1208047940035613e-07,7.77694094722392e-06,3.7139288906473666e-06,0.0006247759447433054,4.270857243682258e-05,0.016191834583878517,0.00036540074506774545,0.06067551672458649,6.608996955037583e-06
window-bf5881d1b6388039a3bf,432_61230_120293,kite,kite,0.7796681523323059,True,9.92455898085609e-06,0.0007001314661465585,0.02348419837653637,5.262136983219534e-05,0.17090129852294922,1.6013004255910346e-07,0.0005356321926228702,0.000680478464346379,2.402598056505667e-06,0.00026351757696829736,0.00026589809567667544,3.154184014420025e-05,7.178676696639741e-06,0.7796681523323059,6.344915277622931e-07,0.0006957829464226961,1.0417416973496074e-07,3.515518987029509e-09,2.833211692632176e-05,1.5969656033121282e-06,5.430104920378653e-06,2.052344370895298e-06,0.019756488502025604,3.6261146306060255e-05,0.002869735239073634,4.684277996602759e-07
window-e07bac41464966cbde0c,618_100139_200140,kite,baseballbat,0.9268143773078918,False,2.419516498264329e-08,4.362050631812053e-08,0.9268143773078918,1.8831725867585192e-07,4.165144340539939e-10,2.5729789392830993e-12,8.605014478746398e-09,1.7278375707974192e-07,6.429210657188378e-07,2.2699879309584503e-08,8.391963092435617e-06,6.245425726060516e-13,7.21696551408968e-08,0.07153978198766708,9.842118786629328e-11,6.1980300891661955e-09,1.5674489262096358e-08,3.511520617394126e-06,2.3335451349026926e-09,5.749157594436838e-09,1.808851679552248e-10,1.5103334164920379e-12,0.0016295932000502944,3.0899286684871186e-06,1.7219361936327005e-08,9.195201905393635e-18
window-9ba9f586960776a7fba6,618_100139_200140,kite,kite,0.6987350583076477,True,6.464180302145905e-08,2.698504317777406e-07,0.19717958569526672,1.0138014516769545e-07,3.0975906284425037e-09,2.7471790033789523e-12,2.311883662287073e-08,2.5598301363061182e-06,3.541756086633541e-05,1.5785965956638393e-07,8.816775334707927e-06,2.6746595389870453e-12,7.62468516768422e-07,0.6987350583076477,8.809877827253842e-11,2.8658156736582896e-08,4.572713351080893e-06,8.393940515816212e-05,2.7224130505487665e-08,9.750874596647918e-07,1.21076343395643e-10,3.9551058283494867e-13,0.10390960425138474,3.800503691309132e-05,2.783541219741892e-08,4.0536346568908194e-17
window-f1f5431146a514710e82,618_100139_200140,kite,kite,0.9209596514701843,True,9.255026078847095e-09,4.3310140540597786e-07,0.07808443158864975,4.2118540477531496e-07,1.0361642967249285e-11,7.212207176962582e-13,3.911178048099373e-09,5.569343102251878e-07,8.317497446341804e-08,1.4493534372661543e-08,3.128590435608203e-07,1.4486484928299959e-12,2.156673645004048e-06,0.9209596514701843,5.0649019700532705e-11,1.396774362838471e-10,5.583810636089481e-10,4.739506493933732e-06,1.6590847584652124e-09,2.6307687139848213e-09,4.320337421148679e-09,1.2800675233334835e-12,0.0009465522598475218,3.4139617355322116e-07,3.0247869631239155e-07,3.2882075769274076e-16
window-4f61b493bc94073b78c8,618_100139_200140,kite,kite,0.6118230819702148,True,5.328034013984961e-09,2.6807201791712032e-08,0.2663980722427368,5.725317464566615e-07,1.0329845312462282e-10,3.788072286403654e-12,6.508397154547652e-10,2.499699007785239e-07,1.4648420801677275e-05,4.979289158768552e-08,2.3729469376121415e-06,1.669282767569058e-11,1.4934237242414383e-06,0.6118230819702148,7.218646513873495e-11,4.773896833398794e-09,3.9046902600148314e-08,1.4365752576850355e-05,1.6417377457500493e-09,2.789677999714968e-08,6.656540874061534e-10,1.2212586627743938e-12,0.12174361944198608,4.83641599657858e-07,9.522137247586215e-07,2.1362860467512079e-16
window-b756b49f0bfd0c36f222,428_60233_117662,microwave,microwave,0.9905215501785278,True,3.395095973246498e-07,2.5944594028715073e-08,0.005273987073451281,0.00030900249839760363,0.0005102476570755243,1.7581311406722477e-10,3.235755684727337e-06,1.1211629669105605e-07,3.829772055041758e-08,8.666981443639088e-08,1.2085579328413587e-06,4.558432209478269e-08,2.552282012402429e-07,4.252312280073056e-09,0.9905215501785278,3.459224899415858e-06,0.0033037918619811535,1.1169815650191595e-07,2.603887327978782e-09,5.240090139579934e-09,4.985440318705514e-05,9.733896149555221e-06,5.209875908462891e-08,1.292203160119243e-05,1.8853882011171663e-08,4.3650032921505044e-08
window-66e81a01e4d8104f6110,428_60233_117662,microwave,microwave,0.9999966621398926,True,2.309420710222554e-11,1.6816944992115168e-07,1.4714794938086584e-09,2.931076323875459e-07,1.402270299877273e-09,7.228373715556513e-12,2.8542326280245334e-09,3.380149350522277e-13,7.42614476856307e-12,5.915582690363408e-08,3.5199079762016083e-11,4.158640445894868e-12,9.307746240416748e-11,4.642931818090584e-14,0.9999966621398926,4.681001364303938e-09,1.98586369570819e-09,4.1412486773140245e-09,1.3721229881469288e-11,3.0744710163149724e-12,1.0425743539599353e-06,3.362436018505832e-08,9.574140091839212e-12,1.6436838450317737e-06,8.54286502649515e-11,2.465854898048292e-08
window-d7e3fc1f9aad7392a3f7,428_60233_117662,microwave,microwave,0.9997695088386536,True,2.106778640431628e-10,2.4576232604545112e-08,3.262267966874788e-08,3.540749637931384e-10,9.778575531527167e-07,7.309032667990323e-08,7.662870302738156e-06,1.690462006487259e-11,7.627412590416327e-10,5.9198367097224036e-08,9.111792209637315e-09,2.0781770970756952e-08,2.450385672148059e-09,6.389661647281542e-15,0.9997695088386536,3.963980788057597e-08,0.00021828434546478093,1.4518126079110516e-07,1.0321149490621906e-09,1.0211765877343737e-09,2.2966564756643493e-06,4.568171618757333e-09,1.8109309607439172e-09,8.939970257415553e-07,1.948065320167558e-10,1.4172629812358312e-13
window-17d857a2f3565b5372e0,428_60233_117662,microwave,microwave,0.9997275471687317,True,4.115910737234607e-11,1.8513513566631445e-07,9.77866948232986e-05,1.4307260016721557e-06,4.976839136361377e-07,5.981489437090204e-08,1.6485170135638327e-06,6.135585373101549e-09,5.2726560895166585e-09,2.14848903112852e-08,1.6519737755515962e-07,3.432928608049224e-08,4.75424366541688e-09,5.437957723009035e-11,0.9997275471687317,1.2197716614537057e-08,4.289281423552893e-05,8.220216045629058e-07,7.630861498242325e-10,1.629260615310102e-09,4.711698420578614e-05,2.941897946584504e-06,3.6519696156034342e-09,7.671245839446783e-05,5.424897753236735e-10,3.0532251726889115e-10
window-366803412e2f39830177,432_61232_120283,microwave,microwave,0.9998714923858643,True,3.524554537115421e-10,1.532350921706893e-07,2.405757641099626e-06,4.5035852963337675e-05,5.200935993343592e-05,2.6681193503463874e-06,1.7733091226546094e-06,4.635425376875446e-09,7.300046123148718e-10,3.861218374368036e-06,3.1349477467301767e-06,5.241017220214417e-07,1.8910217836065613e-10,1.3558423006543308e-07,0.9998714923858643,4.52895790203911e-07,2.4236435081093077e-08,1.7863467149936696e-08,1.2647056735204387e-08,4.86227613727408e-10,2.5037710571496063e-08,7.331012170652684e-07,1.999916898753895e-10,1.537118077976629e-05,3.3786456299367273e-08,2.5321336138972583e-09
window-1d5c3dd976c76ed7d746,432_61232_120283,microwave,microwave,0.9831164479255676,True,1.740542359129904e-07,4.216747129248688e-06,2.179647935918183e-06,3.5057466448051855e-05,1.6380068700527772e-05,4.089003269314162e-08,0.01627817191183567,5.792585522357285e-09,8.738127689866815e-06,9.542702628095867e-07,7.572348113171756e-05,5.6640972616150975e-05,5.036687733550593e-10,1.5202752365439665e-05,0.9831164479255676,1.881617919252676e-07,3.01613072224427e-05,0.00010234878573101014,1.8300851252206485e-06,1.8830091619292944e-07,0.00011223334149690345,0.000113773210614454,8.299004150558176e-08,1.8997354345628992e-05,3.748028120753588e-06,6.5842327785503585e-06
window-f052e5be086f5910e796,432_61232_120283,microwave,microwave,0.9995338916778564,True,2.1249146442414713e-08,1.3229539490566822e-06,0.00014669023221358657,1.502438863099087e-05,0.00026007829001173377,2.2272449484717072e-07,1.7802249203668907e-05,7.670362833778199e-08,4.57754509852748e-08,2.131846486008726e-06,3.860249307763297e-06,3.4643682056412217e-07,5.997359053822038e-09,1.6588196558586787e-06,0.9995338916778564,1.5099519714567577e-06,9.321055216560126e-08,5.2941679484774795e-08,3.341151284530497e-07,4.926116181636075e-10,1.8982311758009018e-06,2.637843010688812e-07,1.3977849278035137e-07,7.850912879803218e-06,4.808462108485401e-06,6.456986056946334e-08
window-8eb42e68813b818e83e5,432_61232_120283,microwave,microwave,0.9981484413146973,True,2.070421487587737e-06,4.876093953498639e-06,3.022239252459258e-05,1.2544616765808314e-05,0.0012276750057935715,1.960012951940371e-08,6.923505861777812e-05,2.450290139677236e-06,3.3028791790457035e-07,1.3646459592564497e-05,4.568629265122581e-06,0.000392686459235847,1.0320779786354706e-09,2.3289156160899438e-05,0.9981484413146973,1.7844991816673428e-05,4.6386453504965175e-06,1.983308038688847e-06,5.068707764621649e-07,1.0613145917659494e-07,7.464977329618705e-07,2.4057666450971738e-05,4.989487365492096e-07,1.5963505575200543e-05,1.0884300536417868e-06,5.163599325896939e-07
window-2aa4d564a35d12986b7e,455_64107_126277,microwave,microwave,0.9999676942825317,True,2.1483652659746462e-16,5.902669032806923e-14,6.83529106026981e-06,1.439183705542746e-07,7.67359953357527e-09,1.5115108453755965e-06,3.4815806487786816e-11,3.1361276287477854e-14,1.6780147689132718e-06,4.582535240160723e-09,1.6460736940171472e-10,3.917700799188628e-12,2.6418918661346054e-14,1.0611817414379887e-12,0.9999676942825317,7.885424258002871e-11,6.503717600025993e-07,1.0399795469240303e-09,2.44660823718601e-12,2.7133967961390226e-08,3.099506762360704e-11,2.1323212422430515e-05,1.1507078276351557e-11,8.594978027909317e-12,2.316148245418148e-10,6.647515249369462e-08
window-3578b7e6d77d144999ce,455_64107_126277,microwave,microwave,0.9999980926513672,True,1.0451595101532152e-13,4.109535791090718e-13,7.963854575798734e-11,2.642214502746043e-10,2.5476630353959973e-12,6.548290798491507e-07,8.375841686891761e-10,2.2176197120635623e-15,8.13729741366842e-08,1.928652295646316e-07,5.519250834140621e-08,8.601540805303325e-15,1.922773572304859e-11,1.4598017889985715e-13,0.9999980926513672,2.1027274366147708e-10,1.2383644110158798e-10,4.387978522202296e-11,2.595766483703965e-12,1.0933715799410493e-07,2.7820903133329855e-12,3.1605006256540946e-07,6.357551637914405e-12,5.162192548424649e-11,7.899908347928572e-14,5.65726679724321e-07
window-2efa58ef01811ae5aff6,455_64107_126277,microwave,microwave,0.998723566532135,True,1.0877739681225407e-12,2.4403609341638877e-11,2.669726484327839e-08,1.2930586024140212e-07,4.1755293977985275e-07,8.022469046409242e-06,7.466756379859163e-11,4.923720936175768e-13,1.695224091236014e-05,2.1422774807433598e-05,2.7452715656295368e-09,6.998201795621259e-14,6.9870585012177244e-12,1.869163504530924e-11,0.998723566532135,1.1170320918241217e-10,5.5290597629209515e-06,3.8934766166676127e-07,2.8047427227950728e-11,1.5795989156686119e-06,5.452770873715096e-11,0.000108438114693854,7.281834857320035e-11,6.842736155476814e-08,4.34799390935936e-10,0.0011135409586131573
window-1543f592532b41963827,455_64107_126277,microwave,microwave,0.9998452663421631,True,4.430406169426797e-14,3.4905102896595763e-14,8.078240854025864e-11,2.649973751545076e-08,4.701656286520972e-10,1.7985156766653354e-11,4.0208342211300874e-10,7.525946689847587e-14,4.418187927512918e-06,9.134657119602707e-08,0.0001397433370584622,3.372230947718165e-14,6.2363376724002e-14,2.630158894498247e-12,0.9998452663421631,1.4278579385518242e-07,1.702485548094046e-07,3.616991428589955e-11,7.691176584501136e-10,5.063832873020147e-07,8.599214673665756e-10,9.490129741607234e-06,3.3501346141662225e-09,6.646808103916158e-10,1.2085825233393993e-13,1.6950122017078684e-07
window-c06cadaa4ddbadcb6699,606_95089_191495,microwave,microwave,0.9999613761901855,True,6.459306700623557e-11,9.77369574162168e-12,7.221350184494213e-09,5.031175760450424e-07,5.890549600694314e-15,2.0041473688947598e-11,3.1457265178141958e-12,2.920499397873755e-10,3.5197350676391403e-12,7.2972064588811e-14,2.6765553329255454e-08,2.7815731939995203e-09,2.8601204521069845e-13,1.8772584875481613e-10,0.9999613761901855,4.2099067287804104e-11,1.1071352168379178e-11,2.0813230305893882e-10,9.076226098816975e-13,4.593935454266784e-09,5.320616764947772e-06,3.278507574577816e-05,9.3484442937968e-15,2.6337822456426506e-16,2.0271723535914e-11,2.254869901907597e-12
window-3b67efc2b9d48c153be2,606_95089_191495,microwave,microwave,0.999919056892395,True,5.748197599332594e-13,8.52171389009726e-11,8.036891330220897e-08,1.989475322261569e-06,1.8346507039274096e-12,1.7608071251062896e-11,1.4312674656569158e-10,3.5003109299935886e-09,1.795177340113696e-10,7.258796410517006e-17,3.720912467031212e-09,6.331695168171336e-09,3.8244771932705035e-12,4.071294412710813e-10,0.999919056892395,8.151792019184256e-10,6.809515451511317e-11,6.1228941916624535e-09,2.275096951109834e-11,8.874767032374109e-10,6.911541277077049e-05,9.67329560808139e-06,3.4537750806008793e-13,8.861199941130257e-14,3.674062165615055e-10,3.0724660554475036e-13
window-f0d12a7f048d4fd08bf0,606_95089_191495,microwave,microwave,0.9999288320541382,True,6.098599403259186e-11,2.2323584647487849e-10,6.699273740196077e-07,7.591951955987497e-09,2.254472164509025e-10,4.611167447876596e-09,7.007473074027715e-11,1.8438647941820818e-07,5.989281248730549e-08,3.538697329955043e-12,5.726294816099653e-08,2.2205182403922663e-07,5.48031333313069e-14,3.1689538104728854e-08,0.9999288320541382,1.3765667716825192e-08,5.233749544863997e-11,2.8622136483136273e-07,2.733844262081675e-10,5.277767459177518e-11,1.8272838133270852e-05,5.130274803377688e-05,1.1639749164515933e-09,6.522625321803144e-13,1.1767681273866515e-09,8.07063725745405e-13
window-3dbdef75ab0d3789692b,606_95089_191495,microwave,microwave,0.9865981340408325,True,4.864241388152779e-12,8.427771501506864e-12,9.552121582601103e-08,0.00046196996117942035,3.962616909949923e-13,1.5748229387213541e-09,6.042696121255631e-09,3.103149381900039e-08,2.176956286348286e-07,1.7357490228117611e-12,4.55806841159756e-08,4.711582590744001e-08,3.980650184476353e-11,5.813396986020791e-10,0.9865981340408325,1.1815362577216604e-10,5.551684979787641e-12,4.219504035063437e-07,2.639731211395713e-10,2.427345213718013e-09,0.00018701658700592816,0.01275203749537468,5.896519817555346e-12,7.726094763960134e-11,1.10199067648864e-08,1.0233139668969216e-08
window-2ec5c5c201f9dd7d440c,610_96684_193735,microwave,microwave,0.9891112446784973,True,1.9940986639710445e-09,6.368421789915146e-09,1.557336508994922e-05,0.00015521535533480346,0.0005228638765402138,5.455411122845533e-10,4.862631158175645e-06,4.167554834566545e-06,4.485145310706429e-10,3.927520083379932e-06,7.2155174279942e-08,3.5269706599727613e-10,3.8665884716238e-08,0.00028643489349633455,0.9891112446784973,9.37575623538578e-06,0.00014272094995249063,5.606226149978966e-09,3.160496309106975e-09,0.009685666300356388,1.0432611441402173e-09,7.1554300262732795e-09,1.2358407275314676e-06,5.6673798098927364e-05,2.291983669522324e-08,2.049900915679359e-09
window-39dfdff10c7a5fe63f7a,610_96684_193735,microwave,microwave,0.9978705644607544,True,5.99055809402671e-08,1.4332816711259966e-08,5.08738457938307e-06,3.3535809052409604e-05,0.00016132013115566224,3.697081182862938e-11,3.939805992558831e-06,1.0373732038715389e-05,3.947028037742939e-09,1.5787451275173225e-06,4.6714947643522464e-07,8.398819972832428e-10,1.83457000701992e-08,9.873468661680818e-05,0.9978705644607544,1.760488544277905e-06,0.000621038256213069,3.243314061762703e-09,3.861241637537205e-08,0.001187531859613955,3.078642452081226e-09,1.2604071741861844e-07,4.8031779442681e-07,3.253073600717471e-06,5.633046806785558e-10,8.922822550272436e-12
window-72fd4bf2d1ae835f12d0,610_96684_193735,microwave,microwave,0.8271484375,True,8.3118941063276e-08,7.334937777159212e-07,0.0006973383133299649,0.00011526652815518901,0.045783184468746185,3.549319282925012e-09,2.080536614812445e-05,1.645453812670894e-05,3.077710175602988e-08,4.3687387005775236e-06,2.4617534677418007e-07,2.307335307705216e-06,1.2270671504666097e-05,0.12521107494831085,0.8271484375,3.4644355764612556e-05,1.894632077892311e-05,1.4800231262768193e-08,4.19686966779409e-06,0.0005127016338519752,9.486119779467117e-06,1.1714128959283698e-05,0.00037601988879032433,1.909531965793576e-05,6.363685542964959e-07,7.958427250542854e-10
window-8f705cb28f2ea40f3628,610_96684_193735,microwave,microwave,0.9960172772407532,True,3.233375309719122e-07,1.0630840563408128e-07,6.396542448783293e-05,0.001149555784650147,0.000552527082618326,3.3128136345261794e-10,0.00031947228126227856,8.07848664408084e-07,4.193452340928161e-08,1.7659076547715813e-06,0.0010179750388488173,1.5158910571244633e-08,7.172195068960718e-07,0.0005100300768390298,0.9960172772407532,5.59725594939664e-05,3.027442653547041e-05,1.4481710941538495e-08,2.2334843663429638e-07,0.00025799928698688745,1.0752277376013808e-05,4.674878709920449e-06,4.146534593019169e-06,1.165036223937932e-06,5.133674108037667e-08,5.3149026846277536e-11
window-e630d1c79b5bdfa2f796,610_96685_193736,microwave,microwave,0.8397761583328247,True,2.959788525380702e-10,6.6193832637395644e-09,8.655760757392272e-05,3.2798827760416316e-06,0.0018893954111263156,7.316629940801178e-12,6.421955731639173e-06,1.5743097492304514e-06,1.947241479172135e-08,6.66342893964611e-05,3.757689626127103e-08,3.226308109560705e-08,5.836309213691493e-08,0.1553017944097519,0.8397761583328247,7.406531494780211e-07,3.186213007211336e-06,2.36289710020543e-10,1.630345458636384e-08,0.002835462335497141,1.1095555585427519e-08,9.564346328261308e-07,2.1170768377487548e-05,6.360122370097088e-06,2.0341524020750512e-07,2.9977431127703458e-12
window-0733944c9e54c64b4842,610_96685_193736,microwave,kite,0.7955751419067383,False,6.708187783033281e-08,9.51557694861549e-07,0.00011102790449513122,7.535654276580317e-06,0.01843309961259365,5.566360150588423e-10,1.6532172594452277e-05,2.9388649636530317e-05,2.3605872812026973e-08,3.1583481359120924e-06,1.929562586155953e-06,9.502653597337485e-07,6.180040509207174e-05,0.7955751419067383,0.17535482347011566,8.210558917198796e-06,4.5846474677091464e-05,1.3827452960413211e-08,9.272261536352744e-07,0.010112687945365906,5.277070613374235e-06,8.790551873971708e-06,0.00018483848543837667,3.687779826577753e-05,8.855838018462237e-08,7.294947285130249e-11
window-c41251ba97cca8e721ee,610_96685_193736,microwave,microwave,0.9941652417182922,True,7.465266804729254e-08,8.717810473513055e-09,2.3454579149984056e-06,4.6497297034875373e-07,0.0010169255547225475,6.691288495508374e-11,4.975565752829425e-05,5.435045750346035e-06,3.146638789530698e-07,9.252848030882888e-06,1.841094854171388e-05,1.2566416351944554e-08,1.0659915687938337e-06,0.0012498073047026992,0.9941652417182922,6.710899469908327e-06,0.0013491298304870725,7.281170724127151e-07,3.578576013296697e-08,0.0021163385827094316,2.1520647806028137e-06,1.0622630952639156e-06,3.97307803723379e-06,7.180082093327655e-07,1.015057904396599e-08,2.4572611740519834e-12
window-85ed4b0d6c7d984ac89a,610_96685_193736,microwave,microwave,0.9450897574424744,True,4.964712668753535e-11,7.602224627589749e-09,0.0007694168016314507,0.0002462691336404532,0.00628255819901824,3.184098540387481e-09,0.0015334855997934937,2.3044001864036545e-05,6.125042091298383e-06,0.004975978750735521,5.617494913678911e-09,6.522993203361693e-07,1.0178316642850405e-06,0.0003532444825395942,0.9450897574424744,5.340999268810265e-05,6.456036499002948e-05,3.7541848740829664e-08,1.8740105023340448e-09,0.039426837116479874,8.433550533482048e-07,1.6476304836032796e-06,1.1071129847550765e-05,0.001138372696004808,2.1377110897446983e-05,3.7254656604090997e-07
window-48e68cbb61c85f350d2d,251_26910_54530,mouse,mouse,0.8834590315818787,True,0.0010027308017015457,0.003123493865132332,0.0025427411310374737,0.0003872160450555384,0.009196530096232891,1.3140414012013935e-05,7.212568743852898e-05,0.008853972889482975,0.001703611807897687,0.021981848403811455,0.00859080906957388,6.980195757932961e-05,9.160117042483762e-05,7.014917355263606e-05,3.212294541299343e-05,0.8834590315818787,1.4430929695663508e-05,5.719964519812493e-06,0.011678414419293404,5.63277026230935e-05,0.008198818191885948,7.287142125278478e-07,0.020497174933552742,0.014864877797663212,0.00011221861495869234,0.003380395704880357
window-8e048cd59fbc797e595d,251_26910_54530,mouse,mouse,0.6727237105369568,True,0.0018208666006103158,0.0007700427086092532,0.0018047238700091839,3.534655434123124e-06,0.003109377808868885,1.932485611177981e-05,6.76577546983026e-05,0.10520409047603607,1.7467895304434933e-05,0.00469054002314806,0.0001097767599276267,0.00013014140131417662,6.93780606297878e-08,2.0703350855910685e-06,2.7692904041032307e-05,0.6727237105369568,8.799295869721391e-08,1.6856828324307571e-06,0.12722069025039673,2.883291472244309e-07,0.00016071881691459566,2.131892642864841e-06,0.04308132082223892,0.038249026983976364,4.9801474233390763e-05,0.0007331810775212944
window-c14c8ac836e60423dae9,251_26910_54530,mouse,toyplane,0.7658712863922119,False,0.04309885576367378,0.00024707845295779407,0.003853812348097563,2.4326143829966895e-05,0.001176143647171557,3.93576301576104e-05,1.6586014680797234e-05,0.0005235467106103897,1.9131430235574953e-05,0.00442495197057724,0.0006563988863490522,8.946135494625196e-06,3.8541173807971063e-07,1.1930717391805956e-06,5.924922334088478e-06,0.12201103568077087,1.422481687995969e-08,6.630335064983228e-06,0.009869590401649475,1.654489096836187e-07,0.0008299447363242507,3.051974672985125e-08,0.7658712863922119,0.028144577518105507,3.9961241782293655e-06,0.01916610077023506
window-163f065c01eb3d13e576,251_26910_54530,mouse,mouse,0.676634669303894,True,0.10016782581806183,0.005304696969687939,0.0015096327988430858,0.0013920014025643468,0.00020634388783946633,0.0006084161577746272,0.005633107386529446,0.026512060314416885,2.5136390831903554e-05,0.01806236431002617,9.323200174549129e-06,0.0013132148887962103,2.6061470634886064e-05,1.3670446605829056e-05,1.6223193597397767e-05,0.676634669303894,2.1500993170775473e-05,2.9435734631988453e-06,0.04274363815784454,7.571193236799445e-07,0.0012029592180624604,2.8617549219234206e-07,0.029007837176322937,0.08063657581806183,1.2370966032904107e-05,0.008936429396271706
window-fd3fd9431d2a53bed992,269_28620_57203,mouse,wineglass,0.6570292711257935,False,0.0007816770230419934,0.06554218381643295,0.0724589005112648,5.3221749112708494e-05,0.00658857636153698,0.000209496560273692,4.4298747525317594e-05,0.0004635056830011308,1.4406171544578683e-07,0.0003130048280581832,0.005765275564044714,5.841351139679318e-06,3.983762653092526e-08,2.8416932309482945e-06,7.197345985332504e-05,0.17611058056354523,8.740810386598241e-08,2.179788907596958e-06,0.0036070963833481073,1.790061321393921e-09,8.671024261275306e-05,1.428422979898869e-08,0.0018533491529524326,0.008905693888664246,0.00010410131653770804,0.6570292711257935
window-e0ae2f0bda1130657bcc,269_28620_57203,mouse,toytruck,0.7777760028839111,False,0.00032256860868074,0.0027326494455337524,0.008217302151024342,0.0012882899027317762,0.0027612801641225815,5.96545987718855e-06,4.446736511454219e-06,0.01844056509435177,1.8235721199744148e-07,0.005830800160765648,0.001433073659427464,2.0530690107989358e-06,1.3932263343008344e-08,0.0056139566004276276,2.4356534140679287e-06,0.12570248544216156,2.484505898792122e-07,0.00032012962037697434,0.03093804232776165,2.4129209919010464e-07,8.082801059572375e-07,1.2393096767482348e-05,0.0142324548214674,0.7777760028839111,0.0018483754247426987,0.002513404469937086
window-0921ccc2b1699f992e8a,269_28620_57203,mouse,apple,0.32581236958503723,False,0.32581236958503723,0.19946923851966858,0.007686052471399307,0.0002625921042636037,0.00047290834481827915,3.0468768272839952e-06,8.144213097693864e-06,0.04823102056980133,0.0001663692237343639,0.006182506214827299,0.0006538560264743865,0.0003383888688404113,2.412651156191714e-06,1.7652259884926025e-06,1.3223800010564446e-07,0.2331363409757614,2.422420948278159e-07,0.005203302018344402,0.040737781673669815,1.6207098951781518e-07,0.0023339828476309776,2.9908170517956023e-07,0.014005877077579498,0.00783366709947586,3.0494451493723318e-05,0.10742707550525665
window-d6267af99d59c06c1f14,269_28620_57203,mouse,apple,0.776637077331543,False,0.776637077331543,0.036124538630247116,0.0003132495912723243,1.3782237573423117e-08,0.0009757402585819364,1.507376765630397e-07,0.0003038265276700258,0.0002447552978992462,3.2298006491515707e-09,0.0004261420981492847,4.09639051213162e-06,1.462802970308985e-06,1.372816541334032e-06,1.3442745805392065e-09,5.310263340163601e-09,0.0784570500254631,3.2157796425735796e-09,0.0013720726128667593,0.09407477080821991,1.5273239339919087e-09,0.0008483176352456212,6.410243003074356e-08,0.0013055589515715837,0.006885227281600237,3.1140092460191227e-07,0.002024143934249878
window-414f044196be8cb9daf4,373_41590_83041,mouse,mouse,0.9878450036048889,True,8.502130367560312e-05,8.285053627332672e-05,2.6262097890139557e-05,0.0001685531169641763,0.0009347872692160308,2.901510676167618e-08,0.00012074632832081988,0.0026707814540714025,1.4006803894517361e-06,2.066756678686943e-05,8.321018685819581e-05,0.0021342039108276367,1.0014246981882025e-05,0.00047332653775811195,9.008568326862587e-07,0.9878450036048889,1.8225683788841707e-06,4.3395880311436485e-06,0.0011767505202442408,1.8793741674016928e-06,8.309144504892174e-06,0.000134340109070763,0.001057808636687696,0.002952365204691887,2.8740068955812603e-06,1.6636173540973687e-06
window-18514abd842b52e35d79,373_41590_83041,mouse,mouse,0.5683285593986511,True,1.6376119674532674e-05,1.6217614984270767e-06,0.0015260896179825068,3.4682147997955326e-06,0.3629249930381775,4.628912364523785e-08,0.012984250672161579,0.0007538527133874595,7.758356514386833e-05,0.0008510067127645016,0.00016029363905545324,0.033684831112623215,3.1360032153315842e-06,0.002237561624497175,4.303611603972968e-06,0.5683285593986511,1.0828738368218183e-06,3.5310115436004708e-06,0.00011011746391886845,1.4828321582172066e-05,7.498617196688429e-05,1.8618758986121975e-05,0.007631099782884121,0.008573013357818127,5.829525889566867e-06,8.846587661537342e-06
window-b41839a8cddc0443da1a,373_41590_83041,mouse,mouse,0.2632581293582916,True,0.00033723990782164037,1.6732265066821128e-05,0.005919184070080519,0.004617073107510805,0.07368171960115433,5.85811278597248e-07,0.19195151329040527,0.0003188007976859808,0.0013406932121142745,0.0005802708328701556,0.0003762725100386888,0.07788289338350296,2.3632355805602856e-05,0.12302717566490173,0.0008225612109526992,0.2632581293582916,3.722270776052028e-06,9.353063796879724e-05,0.0019975260365754366,0.0003210639697499573,0.0003894964756909758,0.000599173828959465,0.24060723185539246,0.007166840601712465,0.004624410066753626,4.2479459807509556e-05
window-e842d1eff2a1afa53f61,373_41590_83041,mouse,mouse,0.9895162582397461,True,4.8046771553345025e-05,1.6030664085064927e-07,1.7313159332843497e-05,2.724732257775031e-05,0.0005320667987689376,1.1455298931650759e-07,0.00370550318621099,8.684628846822307e-05,1.4794472917856183e-05,0.0001856571325333789,5.311668064678088e-05,0.0008422633982263505,1.374390080854937e-06,0.00016102012887131423,1.9686302039190196e-05,0.9895162582397461,3.463099176315154e-07,2.6381760562799172e-06,0.001772914081811905,1.2028671335428953e-05,4.904903562419349e-06,0.00027187351952306926,0.002558580134063959,0.00011227367940591648,5.01379618071951e-05,2.8834963359258836e-06
window-4f96528298d7db716caa,374_41907_84025,mouse,kite,0.5517023801803589,False,4.774808530783048e-07,0.00041838042670860887,0.0027703423984348774,6.332281191134825e-05,0.0011967775644734502,3.846228082693415e-07,0.0037887475918978453,0.0011149137280881405,7.457729225279763e-05,1.0372315273343702e-06,0.003384950803592801,0.3838740289211273,2.551573516029748e-06,0.5517023801803589,3.229925277992152e-05,0.03125479817390442,1.4615693544328678e-06,8.482001589982247e-07,0.0037599641364067793,3.060391827602871e-05,4.163189078099094e-05,4.854396706832631e-07,0.0076470524072647095,0.004363550804555416,0.0020041298121213913,0.0024703003000468016
window-49efd91e5739a00a2ee1,374_41907_84025,mouse,handbag,0.6947526335716248,False,7.215108325908659e-06,0.00048213335685431957,0.0005969986668787897,1.468867230869364e-05,8.202878234442323e-05,2.14832411415955e-07,0.0012620135676115751,3.678064967971295e-05,0.00012573062849696726,6.863702495252255e-09,0.0002292680146638304,0.6947526335716248,7.627169793522626e-07,0.007972688414156437,1.3692933862330392e-06,0.07241138815879822,8.80520531154616e-07,7.723827479821921e-07,0.016218623146414757,2.741521348070819e-05,0.00012843671720474958,2.402564689418796e-07,0.11747017502784729,0.08251280337572098,0.005664092488586903,6.269201549002901e-07
window-cc700b68bbbcb5825451,374_41907_84025,mouse,handbag,0.6311624646186829,False,7.14325433364138e-05,0.0006721488898620009,7.705336611252278e-05,3.6020574043504894e-06,3.954545536544174e-05,5.626843062600528e-07,0.0017527265008538961,0.0009014892275445163,2.010404205066152e-05,1.8596885809074593e-07,0.00017868417489808053,0.6311624646186829,4.627327712114493e-07,0.1463405340909958,1.007566368116386e-07,0.18280856311321259,3.8228247234428636e-08,1.6725772411518847e-06,0.003492720890790224,8.743738726479933e-05,0.00012907087511848658,1.3130962983609606e-08,0.011908110231161118,0.018167927861213684,0.0020525227300822735,0.00013090542051941156
window-ef306fe7fcb5c236bb28,374_41907_84025,mouse,handbag,0.85139399766922,False,1.909348247863818e-05,4.328530849306844e-05,0.001142350840382278,5.258753503767366e-07,0.0012029180070385337,4.2798157551260374e-07,0.0021082775201648474,0.00034256052458658814,7.574483606731519e-05,4.0219106267613824e-07,5.630397208733484e-05,0.85139399766922,2.6333520963817136e-06,0.005382902454584837,3.4033512292808155e-06,0.046395111829042435,9.798146720640943e-07,2.534673512855079e-06,0.0006673582247458398,1.4105316040513571e-05,0.00028384910547174513,2.613654999095161e-07,0.07257271558046341,0.017802322283387184,0.0003952903498429805,9.062064054887742e-05
window-33684eedd96601e00c2a,537_78163_151221,mouse,mouse,0.9973015785217285,True,1.2420005987223703e-05,4.289612206775928e-06,0.0003739178064279258,3.0205478651623707e-07,8.352819349966012e-06,2.0329935068730265e-08,0.00047357226139865816,1.1976030691585038e-06,2.923469022420022e-09,5.0740354708977975e-06,3.7153743051021593e-06,7.63028729124926e-05,9.650120980086996e-11,0.0007571312598884106,1.5234347117143443e-08,0.9973015785217285,7.404507584851672e-08,1.4677154069886456e-07,4.161647302680649e-05,7.777011035159376e-09,2.856692447039677e-07,3.751276977936868e-08,0.00010819866292877123,0.0008316629682667553,2.1988022069763247e-08,1.1931689414268476e-07
window-bc9e2450fb529b38ff88,537_78163_151221,mouse,mouse,0.9118584394454956,True,0.005237983074039221,0.0002340364590054378,0.00460569653660059,1.0780922821140848e-05,0.0003870707005262375,8.584058377891779e-05,0.011301884427666664,6.088195732445456e-06,5.301242111954707e-08,3.385863601579331e-05,0.011402590200304985,0.019934097304940224,1.4613621033277013e-06,0.007162868045270443,3.050194754905533e-05,0.9118584394454956,3.202890366083011e-05,9.41196849453263e-05,0.017091840505599976,4.7102696498768637e-07,2.422686156933196e-05,4.32921615356463e-06,0.009403311647474766,0.0010466553503647447,2.737921249718056e-07,9.507310096523724e-06
window-e2a86141853dc6f3d56d,537_78163_151221,mouse,mouse,0.9929813146591187,True,0.0003061909810639918,3.9058599213603884e-05,0.0002991753863170743,2.700970185287588e-07,5.3649269830202684e-05,3.437233999648015e-06,0.00016584311379119754,1.9079661797150038e-05,2.7155202531048417e-08,1.1093193279521074e-06,1.0171854682994308e-06,7.751775410724804e-05,7.0630536974647384e-09,0.0006649733986705542,8.210149644582998e-07,0.9929813146591187,1.1867585953950766e-06,3.43343202757751e-07,0.00014052068581804633,1.710771812213352e-06,4.8013375817390624e-06,5.075149260846956e-07,0.00040526865632273257,0.0048297797329723835,2.304818963239086e-06,7.779920707662313e-08
window-9f55e42e8f27d2d30a70,537_78163_151221,mouse,mouse,0.9283781051635742,True,0.005894088186323643,6.191689317347482e-05,0.021718602627515793,9.181073892250424e-07,0.0002627316862344742,3.9500412185589084e-07,0.00023329049872700125,0.0006633157609030604,1.9077347133134026e-06,1.0221808224741835e-05,2.54583414971421e-06,0.021362164989113808,1.572541319383447e-09,0.0017304426291957498,3.130400614281825e-07,0.9283781051635742,5.714840511927832e-08,7.245030701596988e-06,0.004883086308836937,5.977575057158901e-08,2.935958946181927e-05,7.964724318298977e-06,0.0004072404408361763,0.0143425976857543,5.490044259204296e-07,8.995153280011436e-07
window-10e82e26752a6cb4b2e1,616_99441_199619,mouse,cake,0.6536228060722351,False,0.006811148952692747,0.002375485375523567,0.00016866149962879717,6.446575571317226e-05,0.01519679743796587,8.414026808623021e-08,0.6536228060722351,0.00037649154546670616,3.8753458397877694e-07,0.0015704765683040023,0.08678663522005081,0.06691399216651917,0.0018555489368736744,0.000743295531719923,0.000127044680994004,0.017290592193603516,9.33757576149219e-07,1.0493239642528351e-05,0.13076196610927582,1.633520696486812e-07,0.00016271018830593675,4.030594936921261e-05,0.0002338292106287554,0.013989629223942757,0.0008808571146801114,1.5311199604184367e-05
window-231aa478fc602e49d9f9,616_99441_199619,mouse,cake,0.2646713852882385,False,0.0031116274185478687,0.0012228403938934207,0.0035821390338242054,4.3902324250666425e-05,0.00263017974793911,2.3066261789495002e-08,0.2646713852882385,2.8886457585031167e-05,1.3113361951866409e-08,0.011796200647950172,0.16879817843437195,0.0006488519138656557,1.8984188500326127e-05,0.04610952362418175,2.6340076146880165e-05,0.1974402219057083,1.4223057576145948e-07,1.2052713600496645e-06,0.009540759958326817,3.1869497263414814e-08,4.4398652221389057e-07,8.3340373748797e-06,0.005397058557718992,0.056224483996629715,0.22869788110256195,3.1235046549227263e-07
window-53ccf9cb5ed26cef113a,616_99441_199619,mouse,umbrella,0.6057798862457275,False,0.0010552637977525592,0.001387086813338101,0.00012096044520149007,0.00020832948212046176,0.02126074768602848,4.981437484730122e-10,0.01570148766040802,0.0012887597549706697,2.7588208695306093e-07,0.00041524122934788465,0.008863279595971107,0.04578336700797081,1.194474350540986e-07,0.029637787491083145,4.929385681862186e-07,0.0021616725716739893,8.856607536245065e-08,1.2833222172048409e-05,0.24096661806106567,1.1713085967812731e-07,1.0795999969559489e-06,4.444648027401854e-07,0.0015202101785689592,0.023831523954868317,0.6057798862457275,2.3636603145860136e-06
window-a8293d1ce0e82e2598ff,616_99441_199619,mouse,book,0.489618718624115,False,0.027335667982697487,0.03833112493157387,0.00032937797368504107,0.00024706716067157686,0.489618718624115,3.819213247879816e-07,0.003911943174898624,0.0023383251391351223,2.8709121124848025e-07,0.00028014794224873185,0.04856947436928749,0.06039489433169365,6.299220694927499e-05,0.03800349682569504,4.681900009018136e-06,0.14890903234481812,1.0649650761251905e-07,0.00021990195091348141,0.11166228353977203,6.194148340910033e-07,0.00014613520761486143,1.3170569218345918e-05,0.0018393965438008308,0.005061330273747444,0.022573858499526978,0.0001455760357202962
window-f1d11cd11fde183c47d4,105_12597_24882,parkingmeter,parkingmeter,0.9131851196289062,True,0.00010841486073331907,7.470130070075243e-10,3.189504127476539e-07,2.931795084482047e-11,0.006148423533886671,1.5810044715180993e-05,1.800450011302246e-09,7.0563301868276085e-09,4.11301179781276e-08,2.057152137524554e-08,1.4941834436399404e-09,6.52991474225928e-08,9.026537009049207e-05,2.532798326626562e-08,1.9964861763810404e-08,2.3818500949346344e-08,0.9131851196289062,3.886783950246553e-11,6.680949127257918e-10,0.0013988635037094355,4.052916210639523e-06,2.2748025685359607e-08,5.705568906222425e-09,1.7576451227796497e-06,2.619562899930372e-10,0.07904687523841858
window-000abbd73704e3d2a0bc,105_12597_24882,parkingmeter,parkingmeter,0.9984921216964722,True,0.00011446423741290346,1.6515215861545585e-08,4.8445745051139966e-06,2.336059123919654e-10,2.9506783903343603e-05,8.87055921339197e-06,1.8032195736594758e-09,9.34276215502905e-07,1.238925317892381e-08,1.900867907522752e-08,4.734818648266526e-10,7.802712076454554e-08,0.000354730524122715,6.400194507705237e-08,1.1047085468618434e-09,1.9489161395824794e-09,0.9984921216964722,1.2456842501951115e-10,5.396874058760659e-10,0.0003662485396489501,3.3717299174895743e-06,1.0614905621153525e-09,1.9942087980950873e-09,4.531910963123664e-05,6.344760133947247e-11,0.0005794079042971134
window-8983f24504dc4e7d655f,105_12597_24882,parkingmeter,parkingmeter,0.7122179269790649,True,0.004357040394097567,1.029810405839271e-07,6.118929377407767e-06,1.1057207593978546e-08,0.009579242207109928,4.582615656545386e-05,7.328597462219477e-08,1.734582292556297e-05,1.1981104819369648e-07,1.105862068584429e-08,7.580824856745494e-09,0.00014059734530746937,0.006561170797795057,2.3364261778624495e-06,3.9635256143810693e-07,9.802034384165381e-08,0.7122179269790649,1.9031817899417547e-08,1.5283834642332295e-08,0.2599329352378845,0.000197771136299707,6.211792680232975e-08,2.1733940869239632e-08,0.006246694829314947,6.4141143785168e-11,0.0006940933526493609
window-6d7f2b19975cca3c301a,105_12597_24882,parkingmeter,parkingmeter,0.9455404281616211,True,0.017430318519473076,4.615755813119904e-07,6.326972652459517e-06,1.4942830972586307e-08,0.0002460796386003494,6.192686214490095e-06,9.690201352441363e-08,4.0740935219218954e-05,7.601013862768013e-07,3.3664811383005144e-08,1.4887767407767427e-10,8.650648055663623e-07,0.0048025851137936115,1.6306026751067293e-08,2.6663688146300046e-08,9.054865746094265e-10,0.9455404281616211,3.944930160315607e-09,7.0451406486427e-08,0.027899375185370445,8.937983511714265e-05,8.10860489863785e-10,1.0662505900427277e-07,0.003861695295199752,8.446129906580779e-11,7.437112071784213e-05
window-1b9aad6f9c00dcbe0f20,429_60447_117580,parkingmeter,parkingmeter,0.9824668169021606,True,6.837878174792422e-08,5.955117510225705e-10,1.3868423076601744e-09,1.3233183993044406e-10,8.466108369908909e-10,2.8976877786135447e-08,2.690751788048118e-11,7.255838707642681e-10,5.21071941150808e-09,2.1304447272996185e-07,5.624430088335686e-11,1.1562972801471005e-09,9.732329999678768e-06,5.357794563565221e-08,2.3262189050021753e-11,1.4483948485022324e-09,0.9824668169021606,4.2285694945576324e-08,8.044236943227645e-10,0.01749740168452263,1.1250855282141092e-11,1.4185602692506905e-10,6.085554976609231e-11,1.0378751191808533e-09,9.10279709387396e-08,2.5564218958606943e-05
window-23c6cd24270c7aee4df6,429_60447_117580,parkingmeter,parkingmeter,0.9997573494911194,True,6.133036549726967e-07,1.5360632765748505e-09,3.164401789490512e-07,5.637030842109425e-09,9.477482132425052e-10,2.525324021007691e-07,4.5515868851708774e-11,8.658524848215166e-07,3.688102623300438e-08,3.2623077572679904e-07,1.7803207811084576e-05,5.876044095742827e-10,2.3022721507004462e-05,2.778683283466421e-09,3.0023292185710204e-10,1.3118969910408396e-08,0.9997573494911194,6.406785928447789e-07,2.454570546817081e-09,0.00014191336231306195,3.0155131724995954e-09,1.469986443680682e-08,1.7577216071540391e-10,3.765972533820161e-10,3.459284941831342e-11,5.686446820618585e-05
window-30620ec6f1436f3dad2f,429_60447_117580,parkingmeter,parkingmeter,0.9857967495918274,True,7.293847748002236e-09,7.591514222804463e-11,9.441965431733479e-09,5.723674030393144e-13,1.2120077030886023e-07,1.4653535052033817e-09,2.528630360654205e-10,3.7489389370648496e-10,1.860541304354868e-10,2.104445728789983e-09,2.982072899726518e-08,5.828729165990865e-10,2.107105956383748e-06,1.8737473794772086e-09,9.586245642775881e-13,8.870188472620555e-10,0.9857967495918274,1.0430298402752669e-07,2.2799599014300398e-11,0.014200915582478046,1.6825727477964847e-09,1.1162816504484141e-10,4.475791737235113e-09,7.980479055369472e-10,4.4871677445761093e-13,1.2541275573596522e-08
window-bf7f6774961e56c65295,429_60447_117580,parkingmeter,parkingmeter,0.8555136919021606,True,4.3216923586442135e-06,1.4306230866623082e-07,1.0034693076477197e-09,6.039111433153721e-10,3.045642813503946e-07,8.757062914810376e-07,7.728768736114944e-10,1.3554325439812942e-09,1.1790726617277869e-08,7.912387900432805e-07,2.335821136512095e-07,4.1337315792588925e-07,0.00026660977164283395,1.4247562774016842e-07,2.7449287287595325e-10,2.0533821754042947e-08,0.8555136919021606,8.970850103651173e-06,7.548345976049475e-11,0.14420267939567566,1.862526660678654e-10,5.124300983538888e-10,7.079115960095805e-09,3.1639920905490726e-08,2.2329155058287142e-07,6.033905037838849e-07
window-15af39c11478ab7c8bf4,602_93529_187049,parkingmeter,umbrella,0.39908239245414734,False,5.385477197705768e-05,0.06698594242334366,0.23826457560062408,0.0015322430990636349,2.3707932996330783e-05,6.258401867853536e-07,0.000791381869930774,6.961068166333462e-09,3.680744157463778e-06,4.313989734328061e-07,8.583349142554653e-08,4.714732858701609e-05,0.00028147653210908175,2.1790008759126067e-05,5.157856364235158e-08,0.00010056254541268572,0.2924985885620117,9.001859871204942e-05,3.258661536165164e-06,6.280896195676178e-05,2.4717098767723655e-06,1.3117134045614876e-09,0.00012592300481628627,8.032571713556536e-06,0.39908239245414734,1.8907994672190398e-05
window-3584954c12c83992f583,602_93529_187049,parkingmeter,umbrella,0.7102248668670654,False,3.090306927333586e-05,0.0015953091206029058,0.25137656927108765,0.0002001769607886672,4.779600430993014e-07,7.843681260055746e-08,0.013229714706540108,6.7492771371746585e-09,8.039255021685676e-07,1.0947904627300886e-07,5.940862246589518e-10,0.0002797239285428077,0.0014679188607260585,2.7398174395898423e-08,2.7036169285565848e-06,0.00016017760208342224,0.00045861201942898333,0.0019497944740578532,1.8723889070315636e-06,0.017920538783073425,0.0007572119939140975,1.2508892588414255e-08,0.0003398158005438745,2.5030710730788996e-06,0.7102248668670654,3.926262337472508e-08
window-abc0b06f5a1478fbe3df,197_21223_42168,plant,plant,0.9331958889961243,True,4.618911589204799e-06,0.0017813683953136206,2.587307790236082e-08,2.0915742879878962e-06,2.766270654319669e-06,5.818858994643961e-07,8.867160067893565e-05,9.81821983714326e-08,4.3990148697048426e-06,0.00014576263492926955,5.940201575072024e-08,7.0923715611570515e-06,4.5796178937962395e-07,2.5088422262342647e-05,6.004886472510407e-07,2.066087290586438e-06,3.260402081650682e-06,0.9331958889961243,7.968428690219298e-06,1.2303091523335752e-07,0.06399808824062347,6.101456619944656e-07,0.00043883550097234547,0.00011189712677150965,0.00011081826232839376,6.684059917461127e-05
window-080762098ea107819154,197_21223_42168,plant,plant,0.9995458722114563,True,1.615157088963315e-05,9.677868547441904e-06,1.4693959826672653e-07,5.645836509415858e-08,1.0589776593405986e-06,3.5027638567441954e-09,9.37614095164463e-06,9.345362678159219e-11,8.308293763548136e-05,3.2962871046038345e-05,3.434141582214778e-10,2.269443712066277e-06,2.9997238470969023e-07,4.2020823798338824e-07,3.2452369396196445e-06,7.815928597665334e-07,7.249560667332844e-07,0.9995458722114563,9.711465764894456e-08,6.505061378447863e-07,6.539545574923977e-05,1.119498847401701e-06,5.4160736908670515e-05,0.00016169901937246323,8.880539098754525e-06,1.7970284034163342e-06
window-f4c1801c99cea4cffdc4,197_21223_42168,plant,plant,0.9997264742851257,True,4.841775194108777e-07,4.0183253986469936e-06,6.470806823699604e-08,1.2273029881271214e-07,5.405053684626182e-07,2.229968565359286e-08,1.1596656804613303e-05,2.075506710941255e-10,1.3815900274494197e-05,8.521395102434326e-06,6.684121700573087e-09,2.539970046200324e-05,1.248268404197006e-07,5.078996991869644e-07,2.258875156258e-06,2.8023313447533837e-08,2.2926590759198007e-07,0.9997264742851257,9.26193933992181e-07,3.322502948321926e-07,3.8719317672075704e-05,1.276066086575156e-06,4.725575854536146e-05,2.762880831141956e-05,8.701525803189725e-05,2.564094984336407e-06
window-142223aa8689427bc764,197_21223_42168,plant,plant,0.9566004276275635,True,1.99283840629505e-06,0.0004870454140473157,3.644516937129083e-07,1.1144758218506468e-06,4.3324806028977036e-05,7.406558921729811e-08,8.414342300966382e-05,4.985567514381728e-08,0.0006116799777373672,8.477684605168179e-05,1.4051452978947054e-07,8.073020580923185e-06,1.2478168400775758e-06,0.00012251929729245603,1.6718755432520993e-05,9.13408712222008e-06,3.533448398229666e-05,0.9566004276275635,5.591564331552945e-06,1.3504912885764497e-06,0.039316970854997635,4.946444732922828e-06,0.0005598341231234372,0.0006236047483980656,0.001358372624963522,2.1309024305082858e-05
window-1b719d36517d7763b1a9,346_36039_66047,plant,plant,0.9998441934585571,True,9.77802394608318e-10,1.2980190255973412e-09,1.2497656243226629e-08,6.982912736930302e-07,4.851721246978968e-10,1.895207368818319e-08,1.3944024823686618e-09,4.861373525955059e-10,7.019689655862749e-05,3.7326341129073626e-08,1.929466586503281e-09,1.7847782146418467e-05,9.818879334488884e-06,1.116151437940971e-08,3.1893133467519874e-08,5.4248912029208896e-09,1.2361835111107666e-08,0.9998441934585571,1.1580918908293825e-06,1.867910839337128e-07,3.62056653102627e-07,2.999135872983061e-08,2.251216756121721e-05,3.987257969129132e-06,2.7694348318618722e-05,1.1319963277856004e-06
window-1c13b12de3c6f04f90af,346_36039_66047,plant,plant,0.7442625164985657,True,1.7654245311859995e-05,0.0007111768354661763,9.807282913243398e-05,5.1921088015660644e-05,8.164995961124077e-06,0.00010276543616782874,7.620225369464606e-05,0.00011038914090022445,0.002322274027392268,0.0030967656057327986,0.000201495859073475,0.00691908597946167,0.01856946386396885,3.2756495784269646e-05,0.00017132432549260557,1.2464756764529739e-05,5.951343155174982e-06,0.7442625164985657,0.005698110442608595,4.938252004649257e-06,0.09318700432777405,5.642382802761858e-06,0.016028765588998795,0.10514658689498901,0.0015205920208245516,0.0016378873260691762
window-a46aca6fa984b4b3467a,346_36039_66047,plant,plant,0.9796835780143738,True,8.415614502155222e-06,0.0005466148722916842,7.290779649338219e-06,2.7324225811753422e-05,3.545537992977188e-06,6.361966597978608e-07,2.0696015781140886e-06,2.7498654162627645e-06,0.000942701066378504,0.0007367079379037023,1.357626047138183e-06,0.0013909755507484078,0.00045655941357836127,0.00030466870521195233,9.649208368500695e-05,8.679145139467437e-06,2.7812971893581562e-05,0.9796835780143738,0.000768564292229712,4.318070750741754e-06,0.0053666201420128345,2.9417381028906675e-06,0.0037313257344067097,0.0037613529711961746,0.002040186198428273,7.653963257325813e-05
window-1bcc1f02349f3eacb6a7,346_36039_66047,plant,toyplane,0.5701369047164917,False,2.7036659957957454e-05,0.0005588106578215957,0.0015156309818848968,0.00016439330647699535,5.6936198234325275e-05,6.985405889281537e-06,4.624988287105225e-05,5.8292185713071376e-05,0.006903217639774084,0.011933484114706516,0.0001069836798706092,0.03247438371181488,0.019219905138015747,9.785845031728968e-05,0.0008360539795830846,1.841031576077512e-06,0.00011421722592785954,0.2037196308374405,0.008344247005879879,4.971655289409682e-05,0.01226437371224165,3.855925388052128e-05,0.5701369047164917,0.12168152630329132,0.007548103574663401,0.002094605937600136
window-82a0b061f38c9777cd3d,374_42124_84248,plant,sandwich,0.44608694314956665,False,0.0017471697647124529,0.002694492693990469,0.0010280959540978074,0.00012134228745708242,6.541387733705051e-07,2.575942517069052e-06,0.0015400811098515987,0.3382115960121155,3.5150230814906536e-07,0.00030916486866772175,1.684595918050036e-05,3.704621849465184e-05,4.630666072813483e-09,1.3046705134911463e-05,5.822795579035756e-10,0.002863501664251089,1.6953723616097705e-06,0.19427360594272614,0.44608694314956665,4.3050206954831083e-07,0.00012124037311878055,2.7490829057619237e-10,0.010803187265992165,0.00012168019020464271,3.1136462439462775e-06,2.126296976712183e-06
window-1a7ce30e511d5ac07a1d,374_42124_84248,plant,mouse,0.9263824224472046,False,0.001151339616626501,0.04660842567682266,7.078333510435186e-07,4.632443960872479e-05,6.113997983447916e-07,2.9721665129045505e-09,0.0004222470161039382,0.002038725418969989,1.3865326664586064e-08,6.261264388740528e-06,2.174133157950564e-07,5.793722721136874e-06,4.566536972561153e-06,5.349002094590105e-07,1.0893376201082106e-09,0.9263824224472046,2.1181058400543407e-05,0.0006961699691601098,9.519309242023155e-05,1.887356546603769e-07,0.0008470028988085687,1.971554830504374e-08,0.020320957526564598,0.001228370820172131,4.639024155039806e-06,0.00011802405788330361
window-67517d56d08f5dd4d00c,374_42124_84248,plant,plant,0.452510803937912,True,0.002704194514080882,0.2827925384044647,8.410403825109825e-05,0.000769756268709898,9.820574859986664e-07,1.096529740607366e-05,0.003947633318603039,0.00022154733596835285,1.4152838012648772e-08,3.791119161178358e-05,3.3808960324677173e-06,6.5310700847476255e-06,0.0002560107677709311,5.270904068765958e-08,5.69764413427265e-09,0.05733893811702728,6.127393862698227e-05,0.452510803937912,0.0004461893695406616,6.717083920193545e-07,0.006800854112952948,2.530960614421929e-07,0.15544040501117706,0.03655186668038368,3.90940567740472e-06,9.17870147532085e-06
window-5349774507c85fe5f31a,374_42124_84248,plant,ball,0.4441772401332855,False,0.07501630485057831,0.4441772401332855,1.068074743670877e-05,0.00028757151449099183,1.2073479105367824e-08,3.860664605781494e-07,8.363222877960652e-05,0.04320831596851349,2.718353755426506e-07,0.0006984896608628333,2.903532913478557e-05,6.892543296999065e-06,4.638467544282321e-06,1.0080091072950381e-07,1.8795522915837637e-09,0.2515028119087219,9.288129149354063e-06,0.04563869163393974,0.004002025350928307,9.278093671127863e-07,0.05789206176996231,1.541887684197718e-08,0.05168981850147247,3.186406502209138e-06,2.620941586428671e-06,0.025735005736351013
window-973b8d2514fa9f09e54a,38_1678_5044,plant,plant,0.9997026324272156,True,4.2707304359623777e-10,3.6553069460154575e-09,2.2407693478498913e-09,6.540612048411276e-06,1.814015249124168e-08,1.6200816244094085e-09,3.4615725326148095e-06,5.220598620070405e-09,2.2692684069625102e-05,3.2403675049863523e-06,3.2861970922226647e-09,0.00012041476293234155,4.375007023327271e-08,6.31691605690321e-08,6.1185843946987e-08,6.01236882502576e-09,7.684618452685754e-08,0.9997026324272156,3.195731608229835e-07,1.4461205921634246e-07,4.282078953110613e-05,5.391365220930311e-07,2.990808525282773e-06,5.186130191958682e-09,4.203200660413131e-06,8.964249718701467e-05
window-92d9cd0e5717fbb96436,38_1678_5044,plant,plant,0.9999136924743652,True,1.758341042212841e-11,4.7346980502904756e-11,1.7393587958824952e-10,1.7386020090270904e-07,1.093570123344989e-09,2.9098766063384573e-08,2.2007391464740067e-07,6.237538263675901e-10,4.860437002207618e-06,2.6760361038213887e-07,3.2024105589556484e-11,6.098499397921842e-06,5.119505175343875e-08,1.291704965211693e-09,6.951317299552784e-09,8.959135516795058e-12,8.799028172745693e-09,0.9999136924743652,4.014913557170985e-08,1.860479272863813e-07,3.237426790292375e-05,2.898471329615404e-08,1.2947310779054533e-06,3.3423537271204395e-09,7.814629725544364e-07,3.997322346549481e-05
window-9df30bcae1ebe64a7a32,38_1678_5044,plant,plant,0.9999493360519409,True,7.086543157841518e-11,4.860574789877781e-11,1.0878479367315563e-10,6.679790232055893e-08,1.813049710364112e-10,8.202447610017316e-10,3.756939577215235e-07,5.291039134602826e-11,2.51202545769047e-05,1.5460339852779725e-07,7.036120575065752e-10,4.221820290695177e-06,8.620428815220293e-09,1.6056305174316776e-09,1.0664922278635913e-09,8.203069473688984e-11,1.669749893906669e-10,0.9999493360519409,1.976670160885874e-09,8.478351354312963e-09,7.266145303219673e-07,2.2610317174098782e-08,7.455768269437613e-08,4.755187354987811e-10,1.3508824849850498e-06,1.8546765204519033e-05
window-a5f524c53d0b248f9a33,38_1678_5044,plant,plant,0.9998533725738525,True,1.3098562512414702e-10,5.871264030510304e-10,1.3305977153432735e-10,1.7839811050635035e-07,2.4533025611006565e-10,2.7851029926750925e-07,9.101366231334396e-06,6.625960891071259e-11,2.5306228053523228e-05,3.438998987803643e-07,9.37803057432518e-10,2.0447670976864174e-05,9.549682289389239e-08,3.718653385220705e-09,5.4643958691258376e-08,4.441522236803275e-12,7.995735629151568e-09,0.9998533725738525,1.5393565888643934e-07,1.0371367125117104e-06,3.379586814844515e-06,1.4161979606797104e-06,2.506766065835109e-07,1.1830478818808388e-09,2.4264907096949173e-06,8.213218825403601e-05
window-8053bb8c6fee3b795551,40_1901_5812,plant,plant,0.9998218417167664,True,3.4280747129855627e-09,4.948062226617367e-08,2.6378026429796364e-09,3.160773687227447e-08,1.2085936873518222e-07,7.691279506616411e-07,7.225302169899805e-07,2.3441333318885427e-09,7.64290143706603e-06,7.9214845527531e-07,9.532869604811367e-09,5.5186548706842586e-05,1.8818941782683396e-07,1.9835983522398237e-08,1.0320158949639335e-08,1.2863110576688541e-08,1.0460228239139724e-08,0.9998218417167664,1.9520477678725e-07,6.296776291492279e-07,4.895443998975679e-05,3.9203289503575434e-08,2.2662383969418443e-07,5.811332304261896e-09,3.2780199887838535e-08,6.244450923986733e-05
window-b0e280d25d341d499398,40_1901_5812,plant,plant,0.9996918439865112,True,5.7934705921525165e-08,2.3710192920134432e-08,9.988029292529177e-10,2.872114457375119e-08,1.8839210724763689e-07,2.719048325161566e-06,2.9655018352059415e-06,3.5135807596731183e-09,0.00010809244849951938,7.4299955485912506e-06,2.4822773170285473e-08,0.00015712546883150935,4.269255441613495e-06,2.532527243470639e-10,9.077590235051503e-09,7.772203991507354e-10,1.7796014617488254e-07,0.9996918439865112,7.524043326156971e-07,1.0271464816469233e-06,1.3606240827357396e-05,3.356105366947304e-07,8.225544547713071e-07,4.935872865985402e-08,2.956108691165582e-09,8.375186553166714e-06
window-fef2328c462294a24a92,40_1901_5812,plant,plant,0.9999427795410156,True,9.311293402980425e-11,1.6900572052946927e-09,1.544226690963768e-10,1.4789182101182519e-09,5.5070499271892e-09,4.6797453023827984e-07,1.4140126403106024e-08,7.26145532592426e-11,4.1618230170570314e-05,1.3636231415148359e-06,1.3138182097804929e-08,1.7470470083935652e-06,5.684228554514448e-08,6.061393054146436e-10,1.4174865448079998e-10,3.7978918621117685e-11,1.5142619602670493e-08,0.9999427795410156,7.928276701818504e-09,1.014891992667799e-07,5.01756574067258e-07,7.566685944482288e-09,1.8696509584970045e-07,2.3647325764208915e-10,1.1645929776094022e-09,1.1111183084722143e-05
window-e6257c0d8a6b5fd3ee9f,40_1901_5812,plant,plant,0.9995255470275879,True,1.5786066898115791e-09,2.734171857809997e-07,5.410640380176801e-09,2.3014120387188086e-08,2.391820146385726e-07,2.309302999492502e-06,1.4610046150664857e-07,2.3243902358416335e-09,8.435580093646422e-05,6.997696573307621e-07,1.2348523625860253e-07,3.7191027786320774e-06,5.1565930334618315e-06,2.04388617142115e-09,2.379691999010447e-10,8.225909536863085e-11,2.3817344185772527e-07,0.9995255470275879,8.036077474571357e-07,5.792239221591444e-07,9.445350769965444e-06,4.285000727577426e-07,4.20414380641887e-06,4.789743712763084e-08,1.4901826439484012e-09,0.0003616830217652023
window-ac5a922d263d86d3f08d,480_68442_132810,plant,wineglass,0.9119476675987244,False,6.606491297134198e-06,0.0005169146461412311,1.521540227145124e-08,2.45718683800078e-06,2.2394104348677502e-07,2.1717047715696935e-08,1.515146834663028e-07,3.8587757988928217e-10,4.6573103418268147e-07,2.9259761049615918e-06,3.067104444198776e-06,0.00010021116031566635,8.071290358202532e-05,7.038346439003362e-07,1.6274027681006942e-09,3.5614255011751084e-07,2.841714604073786e-06,0.08708394318819046,2.45349163208175e-08,7.343881236465677e-08,3.448818119977659e-07,2.784784625120551e-10,0.00016900662740226835,8.099017577478662e-05,2.728398271756305e-07,0.9119476675987244
window-9959ab77c5afc1dc1873,480_68442_132810,plant,wineglass,0.9057897925376892,False,9.368089308736671e-07,0.00047710895887576044,3.4183636898887926e-07,1.002199587674113e-05,0.00322056096047163,1.2341868114162935e-06,1.8317345418239483e-09,4.329786307266659e-08,0.0013959045754745603,2.857776780729182e-05,2.627908361318987e-05,4.3839405407197773e-05,0.010620303452014923,7.472911238437518e-05,3.6258682167833456e-10,4.103222011053731e-07,2.4257301447505597e-06,0.07803426682949066,1.0578010005701799e-05,1.667431934038177e-05,1.4208815457550372e-08,5.958449378340447e-08,0.00017734400171320885,6.826358730904758e-05,3.3017070677487936e-07,0.9057897925376892
window-81213e69848fc5ea10db,480_68442_132810,plant,wineglass,0.9681701064109802,False,1.8044842136077932e-06,0.00021085598564241081,5.6804200454507736e-08,2.4693878231119015e-07,4.7849291149759665e-05,2.7932608759329014e-07,8.004524126858925e-11,2.585094023288548e-07,3.809777263086289e-05,1.3796288840239868e-06,1.215960492118029e-05,8.26392260933062e-06,0.029007939621806145,2.536508509365376e-05,1.3899665923453042e-12,4.398455999421458e-08,6.176572696858784e-06,0.0023731933906674385,8.859395165927708e-06,3.5995122971144156e-07,7.810298825461359e-07,2.0476793871626597e-10,6.372514326358214e-05,2.2258100216276944e-05,4.770227590711329e-08,0.9681701064109802
window-9f5b3b5adda9280d3376,480_68442_132810,plant,wineglass,0.9974521994590759,False,1.5807287923053082e-07,7.36156744096661e-06,3.707329998547948e-10,4.063317362579255e-07,9.887793339657946e-07,8.50400795116002e-07,1.1030756169594369e-10,2.364145545996621e-09,7.146816187741933e-06,1.9087051441601943e-06,2.290418734673949e-07,5.712310553462885e-07,0.000130425687530078,1.368701759929536e-06,2.642490176327228e-13,4.546608867173063e-09,3.8671963409342425e-09,0.0023898018989712,1.8243856914068601e-07,4.684989818315444e-08,2.9981916949139986e-09,2.3608535265617903e-11,5.626590336760273e-06,7.982462193467654e-07,9.40246880354323e-10,0.9974521994590759
window-d08aa31c74fa9359f378,492_70632_136944,plant,plant,0.9550315141677856,True,0.001403397647663951,0.0022161807864904404,4.852660708820622e-07,1.378792035211518e-06,2.2779519781579438e-07,7.265780004672706e-05,0.0038779587484896183,9.942240285454318e-05,1.8024741166300373e-07,0.028122520074248314,3.849993663607165e-05,1.6855472495080903e-05,0.00017923822451848537,9.821503965667944e-08,3.967345918454157e-08,1.0115492159457062e-06,4.290562628739281e-06,0.9550315141677856,7.677607754885685e-06,2.428535594845016e-07,0.0035318664740771055,5.021505558033823e-07,3.775805089389905e-05,0.0007466664537787437,0.00010649026080500335,0.00450286315754056
window-2e032f4fa37d531026b8,492_70632_136944,plant,plant,0.936989963054657,True,0.00900860596448183,0.004865431692451239,3.467168426141143e-06,3.428711715969257e-05,1.096422511182027e-05,0.0002538091503083706,0.011994397267699242,0.0011005805572494864,3.3456620940341963e-07,0.0023203929886221886,0.0001936648623086512,0.0033021934796124697,1.3829915133101167e-06,9.177834954243735e-07,4.608222297974862e-06,0.0007614743080921471,1.4483498489425983e-06,0.936989963054657,0.0004213899956084788,2.5071153686440084e-06,0.02174493297934532,2.342379730180255e-06,0.0005187032511457801,0.005135424435138702,0.0011196363484486938,0.00020716129802167416
window-a16446a777a00cb6b482,492_70632_136944,plant,plant,0.6134749054908752,True,0.01226893812417984,0.045521266758441925,3.0006151064299047e-05,0.0007284005987457931,3.7457516555150505e-06,0.0001855443842941895,0.000729269115254283,0.00035405048402026296,8.158636774169281e-06,0.06591612100601196,0.0017111352644860744,7.202062988653779e-05,0.0001252412621397525,2.131990640918957e-06,1.834972317737993e-05,4.9835733079817146e-05,1.955250627361238e-05,0.6134749054908752,8.523673750460148e-05,5.121596018398122e-07,0.020401520654559135,1.9994389731436968e-05,0.00010153360199183226,0.04751118645071983,0.007594739086925983,0.18306657671928406
window-4fc7db143808aee18b4d,492_70632_136944,plant,plant,0.9755251407623291,True,0.0035797476302832365,0.0008412459283135831,7.407415978377685e-07,2.493660940672271e-05,3.108044666078058e-08,1.4560258932760917e-05,0.0002767399128060788,0.0002562867011874914,1.1751495065936979e-07,0.016785820946097374,2.057392066490138e-06,3.6746894238604e-06,5.6817712902557105e-05,1.82557151617857e-08,3.660221459256263e-09,5.013270083509269e-07,7.350756277446635e-06,0.9755251407623291,2.1400858258857625e-06,2.325878512010604e-08,0.0004111171583645046,3.2132084015756845e-07,6.076972567825578e-05,0.00031027087243273854,0.00024219081387855113,0.0015975297428667545
window-fdba8157f743e01e1c6d,537_78170_151231,plant,plant,0.8426678776741028,True,0.0005943499854765832,9.917162060446572e-06,3.4835474593819526e-07,3.5605811717687175e-05,3.6564811125572305e-06,4.412714406498708e-05,4.306789833208313e-06,3.9275932977034245e-06,0.023494863882660866,0.0003447966300882399,2.7536691504792543e-07,8.812102896627039e-05,0.0047821286134421825,1.2006456273638832e-08,1.400959376951505e-06,3.463073880993761e-05,4.167894985585008e-06,0.8426678776741028,5.595253469437012e-07,0.0005953160580247641,0.00033024061121977866,7.148576969484566e-06,0.00026885405532084405,0.0038952825125306845,5.743566362070851e-06,0.12278220057487488
window-7a6ca9e6fd9baf9a00fa,537_78170_151231,plant,plant,0.983244776725769,True,1.0679871138563612e-06,4.093288907824899e-07,6.336231095360745e-09,2.2071649254939985e-06,1.193407772603905e-08,5.077580681245308e-06,2.386202368143131e-06,2.628069921684073e-07,0.007784079760313034,5.300980410538614e-05,6.144917907846548e-09,1.3997531596032786e-06,9.836723620537668e-05,1.2711369734574873e-08,1.4774762746583292e-07,3.6384318491400336e-07,1.1715345635820995e-06,0.983244776725769,5.768601951672281e-08,6.152122296043672e-06,4.0950420952867717e-05,1.0171263653546703e-07,3.666851398520521e-06,1.659549707255792e-05,2.5909714622684987e-06,0.008735114708542824
window-1bbbd3f842b220e3a14d,537_78170_151231,plant,plant,0.9198305606842041,True,1.0632244993757922e-05,7.002570782788098e-06,7.050327610613749e-08,0.00231480342335999,7.1306944846583065e-06,0.00017687839863356203,0.000129701045807451,4.599180829245597e-05,0.0008786719408817589,0.0003302056866232306,1.3335001085579279e-06,6.976318400120363e-05,0.0015160850016400218,1.4085361499382998e-06,3.714430931722745e-05,0.00012125828652642667,2.6192325094598345e-05,0.9198305606842041,1.090375121748366e-06,3.108142664132174e-06,0.007580822799354792,2.5499407456663903e-06,7.819345046300441e-05,0.0016297638649120927,0.0003411859506741166,0.06485854089260101
window-6220b48d9ab67ad8774d,537_78170_151231,plant,plant,0.9788909554481506,True,0.000226803298573941,7.71883933339268e-05,1.0274317929770405e-07,0.0009435666142962873,2.1936016310064588e-06,0.00014047288277652115,5.28534246768686e-06,5.240431619313313e-06,0.00029528187587857246,0.00015285545669030398,4.383424766274402e-06,0.00012695713667199016,0.001489903312176466,2.0121126453886973e-07,6.136415777291404e-06,1.6715477613615803e-05,8.989306479634251e-06,0.9788909554481506,2.52060021921352e-06,1.250426794285886e-05,0.00031956954626366496,5.247640615380078e-07,1.0660364750947338e-05,8.531843195669353e-05,0.0007421573391184211,0.01643361896276474
window-45d27599584904d24532,612_97575_195854,plant,plant,0.6109548211097717,True,0.02877221070230007,0.08403357118368149,0.0001947217679116875,8.572813385399058e-05,0.004561681300401688,0.0001585938734933734,0.0002971419889945537,1.5942472373353667e-06,0.00023391628928948194,0.0011641165474429727,3.734203346539289e-05,0.012188351713120937,0.0019628277514129877,2.972142283397261e-07,0.00011325851664878428,0.0002791672886814922,1.7479882217230625e-06,0.6109548211097717,5.314671579981223e-05,8.190160770027433e-06,0.048351168632507324,1.4321663002192508e-05,0.15167847275733948,0.03789758309721947,1.8277646631759126e-06,0.016954174265265465
window-a1222bb5f0b3de0ee288,612_97575_195854,plant,plant,0.5825599431991577,True,0.0030610663816332817,0.0004889350384473801,0.06860098987817764,0.0011883535189554095,0.002702900907024741,0.0011001831153407693,0.06404848396778107,0.004647056106477976,0.004768004175275564,0.009193097241222858,0.00019337516278028488,0.025546599179506302,7.375474069704069e-06,0.00013029777619522065,0.004729780368506908,0.00018549094966147095,0.0013503965456038713,0.5825599431991577,0.03383694589138031,1.9785058611887507e-05,0.022834336385130882,0.001323780044913292,0.04524713009595871,0.1116124764084816,0.008267303928732872,0.0023558770772069693
window-f8c6fc1e384ee19ee024,612_97575_195854,plant,toytruck,0.22061385214328766,False,0.0005513620562851429,0.0008598674321547151,0.20242677628993988,0.001174404751509428,0.02927253395318985,0.002244045026600361,0.17479780316352844,0.0002848861622624099,0.05435672774910927,0.029026798903942108,0.0036861838307231665,0.010466367937624454,6.16167335465434e-06,0.00047095329500734806,0.1023058146238327,0.00023116922238841653,2.5377398742421065e-06,0.040791451930999756,0.013830135576426983,1.1164544048369862e-05,0.013934517279267311,0.0009189732372760773,0.03191537782549858,0.22061385214328766,0.06423776596784592,0.0015823650173842907
window-baf444687a292c2a62c1,612_97575_195854,plant,plant,0.5256865620613098,True,0.0008255438297055662,0.00786822009831667,0.005680404137820005,0.009392186999320984,0.19599328935146332,3.3209994398930576e-06,0.00017932927585206926,9.59863536991179e-05,0.00959592591971159,0.00585870211943984,1.9539325876394287e-05,0.1392110288143158,0.0005631690728478134,5.099367263028398e-05,0.00037057651206851006,0.000717011047527194,0.0006595620652660728,0.5256865620613098,0.013585030101239681,0.0003141759370919317,0.003392923856154084,5.074750879430212e-05,0.010849133133888245,0.06556668877601624,0.001295270980335772,0.002174572553485632
window-9ae2a9d82123ec2c0aef,272_29076_57620,sandwich,baseballbat,0.4592216908931732,False,0.0034082646016031504,0.004232844803482294,0.4592216908931732,0.028299693018198013,0.0010624196147546172,1.1949565532631823e-06,0.00953402929008007,0.0011013092007488012,1.5566068896077923e-06,5.703905117115937e-05,0.0008142506703734398,0.001537951990030706,1.5814471225894522e-06,0.0015882464358583093,0.00012119572784285992,0.015209805220365524,3.484089575067628e-06,2.549837518017739e-05,0.2887022793292999,1.3274560842546634e-05,0.00015393686771858484,1.059369242284447e-05,0.17964044213294983,0.004538899753242731,0.000717625895049423,8.504046604684845e-07
window-39ed7eeadbbf091ef08d,272_29076_57620,sandwich,sandwich,0.5530213117599487,True,0.00036995706614106894,0.0016274058725684881,0.000629216490779072,0.00010641875996952876,0.0014329096302390099,2.394709781583515e-06,0.04012813791632652,0.0006557058077305555,3.524802116849912e-10,3.518356243148446e-05,0.0009194765007123351,0.0007253811345435679,2.6654578988427602e-08,0.00016744511958677322,7.843999014767178e-07,0.34844937920570374,2.562579481946159e-07,2.273468702185255e-08,0.5530213117599487,6.680706832185024e-08,1.6635425708955154e-05,8.460340836791147e-07,0.05028010532259941,0.0011863682884722948,0.0002445192076265812,2.24018137373605e-09
window-919dc3eb02a5017366b7,272_29076_57620,sandwich,sandwich,0.6073872447013855,True,0.006009169388562441,0.0005607358762063086,0.00020209721697028726,3.534547659000964e-06,0.00017805547395255417,8.899135650608514e-07,0.010578624904155731,0.00027694975142367184,6.46047049190912e-10,8.681588224135339e-05,0.0002873927296604961,0.00011673466360662133,2.7487114806490354e-09,2.6344046091253404e-06,2.7056350404564e-07,0.3550458252429962,2.5071797082887315e-08,9.840994152909843e-08,0.6073872447013855,6.369272664841219e-09,1.179268383566523e-05,1.5540770448296826e-07,0.01880647987127304,0.0004230499325785786,2.142410448868759e-05,6.198060398254768e-10
window-fe72a63dee45518c8572,272_29076_57620,sandwich,sandwich,0.8720978498458862,True,0.008891788311302662,0.0074117244221270084,0.00036032008938491344,0.00019518373301252723,0.004402333404868841,2.0807738110306673e-06,0.01968204230070114,0.008206382393836975,2.0669015157182002e-06,0.00013035140000283718,0.001412080368027091,0.0008743920479901135,2.885686285480915e-07,4.813701525563374e-05,2.9282280138431815e-06,0.01287008821964264,4.6993631031000405e-07,0.0004269959172233939,0.8720978498458862,8.095489079096296e-08,0.0005016053910367191,2.1052810552646406e-06,0.04644240438938141,0.015837257727980614,0.00019801520102191716,9.30865382997581e-07
window-be54e2efdba79409cb1c,368_39852_77846,sandwich,sandwich,0.9881888628005981,True,0.0008761428180150688,0.00197966187261045,0.0008065789006650448,0.00014713862037751824,0.0002576702681835741,1.1476665804366348e-06,0.0006254002801142633,0.0033410347532480955,3.6672253145297873e-07,6.087862857384607e-05,1.7860718799056485e-05,1.1341482604620978e-05,0.0001507037814008072,0.0004227049648761749,4.201478532195324e-06,0.00014583521988242865,6.2645199250255246e-06,0.0003994850558228791,0.9881888628005981,2.8494691832747776e-06,7.694560918025672e-05,1.3467873714034795e-06,0.0011265055509284139,0.0012403881410136819,0.00010718475823523477,1.4596475921280216e-06
window-1f4111c99650a554f928,368_39852_77846,sandwich,sandwich,0.985365092754364,True,0.000544097856618464,5.505920489667915e-05,7.699624802626204e-06,1.6900376067496836e-05,2.9486404855560977e-06,9.58993496169569e-06,0.009332104586064816,3.889611434715334e-06,5.039396122619166e-10,1.5756819493617513e-07,1.1029414054064546e-05,4.866537892667111e-06,1.3104355502946419e-06,4.762240223499248e-06,2.23428067158693e-08,2.206172030128073e-05,3.83615841315077e-08,0.00042485009180381894,0.985365092754364,3.1131047961707736e-08,0.0003097457520198077,2.5256656499550445e-06,4.80512994727178e-07,8.754669238442148e-07,0.003879881463944912,7.201029994519104e-09
window-831399a16d2534d9d09a,368_39852_77846,sandwich,sandwich,0.9904969930648804,True,0.0006480736192315817,6.310582830337808e-05,2.7401843908592127e-05,4.5459531975211576e-05,1.9329074348206632e-05,1.4796106029280054e-07,0.008458121679723263,9.216689136337664e-07,8.681752206030069e-09,1.0212750112259528e-06,4.8943329602479935e-06,1.0925718925136607e-05,6.01322426518891e-06,7.52276548610098e-07,1.0531081215958693e-06,7.391037070192397e-05,4.724248992005187e-09,3.07814079860691e-05,0.9904969930648804,3.7098917005096155e-07,3.3943401831493247e-06,5.626720280815789e-07,1.3340260011318605e-05,8.453186455881223e-05,8.855665328155737e-06,1.3359743533669644e-08
window-285b0eda3eb0ed8aa766,368_39852_77846,sandwich,sandwich,0.965555727481842,True,0.01649976149201393,0.0003074821433983743,0.000796473294030875,0.00226607802323997,0.0003549657703842968,9.053862015662162e-08,0.006082877516746521,6.605341332033277e-05,6.729918027303938e-07,4.013221257537225e-07,1.5290564761016867e-06,6.496299192804145e-06,0.005103833042085171,5.677482931787381e-06,4.287774572730996e-05,0.0008537177345715463,4.774675517182914e-07,0.000304647401208058,0.965555727481842,4.964311756339157e-06,2.046551526291296e-05,4.454933514352888e-05,0.00011784135131165385,0.0015374042559415102,2.4773362383712083e-05,2.5366381350977463e-07
window-47e75dbc2e981158f2a6,422_58620_113279,sandwich,sandwich,0.9860817193984985,True,0.0004655259835999459,1.9879058527294546e-05,0.00015190397971309721,2.5904219000949524e-05,0.0007066377438604832,0.0003515919961500913,0.0013552721356973052,0.0021060053259134293,6.152430432848632e-05,4.158514639129862e-05,0.007760568521916866,0.00024857083917595446,6.443972324632341e-07,1.679854449321283e-06,1.9205308490199968e-05,5.532629802473821e-05,0.0002488531172275543,0.00019726382743101567,0.9860817193984985,1.3273443073558155e-06,4.572361831378657e-06,6.531115650432184e-05,2.580208501967718e-06,1.1421027011238039e-05,1.2129292770168831e-07,1.50816531458986e-05
window-bf6df4e2d8a38a87b8c3,422_58620_113279,sandwich,sandwich,0.9454248547554016,True,0.002833095146343112,0.00395488366484642,3.412886508158408e-05,0.0005263428902253509,0.0001418565952917561,0.004645097069442272,0.014849307015538216,4.645453373086639e-05,0.00027882293215952814,4.663968866225332e-05,0.025358770042657852,3.332725555083016e-06,6.512300387839787e-07,6.221216608537361e-08,9.112629413721152e-06,4.33041668657097e-06,0.00012452737428247929,0.0016701320419088006,0.9454248547554016,1.1321345482429024e-05,5.44697559234919e-06,1.831767258408945e-05,1.7437529322705814e-06,1.9518902263371274e-06,8.215848765757983e-07,7.986106538737658e-06
window-a299687d87a2a1e094c9,422_58620_113279,sandwich,sandwich,0.9988532066345215,True,2.118427119057742e-06,3.558990647434257e-05,3.7545166833297117e-06,4.198482201900333e-05,0.0003354692889843136,1.17657623377454e-06,0.00039828408625908196,0.00018984840426128358,3.1289785056287656e-06,7.499457410631294e-07,1.0920802196778823e-05,1.6445702613054891e-06,4.867299097099931e-08,1.0147321518161334e-05,5.719366072298726e-06,9.043968020705506e-05,6.544260031660087e-06,3.511180921123014e-06,0.9988532066345215,6.110362846811768e-07,2.4228535266956897e-07,2.1731369770350284e-07,7.541852369286062e-07,1.0773790108942194e-06,4.301574207943304e-08,2.8925519472977612e-06
window-0b3a877d56842a6da7a7,422_58620_113279,sandwich,sandwich,0.9957079887390137,True,9.715933629195206e-06,5.23107337357942e-05,1.1062560361096985e-06,8.368783710466232e-06,5.773378234152915e-06,0.0006578557076863945,0.00017875457706395537,8.627942406747025e-06,6.215626626726589e-07,1.6979149222606793e-05,1.3414586646831594e-05,2.1663316147169098e-05,3.396148429146706e-07,8.879146307094743e-09,1.2261796200618846e-07,1.0350473758080625e-06,1.527867789263837e-05,0.0032602811697870493,0.9957079887390137,2.2277117750491016e-07,2.0991598148611956e-07,3.806080485446728e-06,3.004224709002301e-07,1.0833103942786693e-06,4.028835487446258e-09,3.412606019992381e-05
window-5fe237155da07fb3ac41,618_100645_201517,sandwich,sandwich,0.8250474333763123,True,0.005269972141832113,2.3366330026419746e-07,6.728107837261632e-05,0.00010712572111515328,0.0012756247306242585,1.2741162436213926e-06,0.16728319227695465,9.467517520533875e-05,9.319114724348765e-06,0.0002566998009569943,5.6133235375455115e-06,5.671443432220258e-06,9.31051502561786e-08,9.480102744419128e-05,1.054306437708874e-07,9.343930287286639e-05,5.039083039726222e-10,3.382800059625879e-06,0.8250474333763123,0.00021181664487812668,1.0530163308430929e-05,1.2530411153122145e-09,2.9817752874805592e-05,0.00013183489500079304,4.7757284238336695e-12,1.2567804574814545e-08
window-d329d15b47f99247105c,618_100645_201517,sandwich,cake,0.49129387736320496,False,0.0019568223506212234,3.1788476917427033e-07,2.109154775098432e-05,0.00015883860760368407,0.03294289857149124,5.129289547767257e-06,0.49129387736320496,0.00023434673494193703,0.0008221838506869972,0.0031618985813111067,2.3042535758577287e-05,0.0016163619002327323,3.372557841885282e-07,0.004825940355658531,9.54543793341145e-07,0.0017110651824623346,2.430706469436217e-10,4.930817158310674e-05,0.4526444971561432,0.0035259872674942017,0.0007086021942086518,8.372280646540275e-09,0.0014417589409276843,0.0028539448976516724,8.537230478111724e-09,8.609105748291768e-07
window-bec646631cbc1ca7045c,618_100645_201517,sandwich,sandwich,0.5831580758094788,True,0.005814398638904095,4.9169081250965974e-08,2.1978987206239253e-05,6.0833805036963895e-05,0.0019259537803009152,4.919890983501318e-08,0.4059906303882599,0.00026900661760009825,0.00016171575407497585,3.2331277907360345e-05,3.663380994112231e-06,0.00037500090547837317,9.186308602693316e-08,0.00046054605627432466,3.670532322530562e-08,0.0004782116739079356,8.2480322571854e-10,8.560438436688855e-05,0.5831580758094788,0.0002829099539667368,0.0001411454431945458,7.402801149858362e-10,0.0006627484690397978,7.50462495489046e-05,5.138638403678897e-10,6.576760913645785e-09
window-d1f6415e5692af7b05ee,618_100645_201517,sandwich,cake,0.9272049069404602,False,0.0001879260380519554,6.099548643945241e-10,8.035835996622609e-09,4.0884935970098013e-07,3.5141258649673546e-06,6.606408931020269e-08,0.9272049069404602,2.8377201033435995e-06,3.0023375074961223e-07,9.939769370248541e-06,6.312939149211161e-08,1.3224163240010967e-06,2.2551582823382432e-09,1.302494069932436e-06,7.22565474120529e-08,9.536483048577793e-06,1.8259395731523576e-11,4.299517968320288e-07,0.07249075174331665,7.081480362103321e-06,9.504500440016272e-07,1.4218316628233918e-11,5.208543370827101e-05,2.655174284882378e-05,6.731059459808009e-11,3.057800679329148e-09
window-d0487444f7f4900083c7,620_101121_202636,sandwich,toytruck,0.5462436676025391,False,0.007454202510416508,0.0001461904466850683,0.010612251237034798,0.0012418796541169286,0.01267329417169094,7.852783028283739e-07,0.14149503409862518,0.0002992443332914263,0.0019040537299588323,0.00019228187738917768,2.5573395760147832e-05,0.00025125694810412824,0.0005342686781659722,0.006639487575739622,6.074633347452618e-07,0.0008442047401331365,8.410732554864353e-09,1.0210036634816788e-05,0.1901598572731018,0.002479379763826728,0.04664299637079239,6.8468280005618e-06,0.030141500756144524,0.5462436676025391,3.760440563382872e-07,5.368417532736203e-07
window-d1f8d00ed382bedeb7a1,620_101121_202636,sandwich,cake,0.34971070289611816,False,0.15182535350322723,8.123033330775797e-05,0.03145526349544525,0.005988381337374449,2.875440077332314e-05,5.409409027379297e-07,0.34971070289611816,0.000842188426759094,0.00198419950902462,0.0008345864480361342,3.43019564752467e-07,0.0001761094608809799,0.0007988979341462255,0.007297756150364876,1.550311523601522e-08,0.00612245500087738,5.867899499634177e-09,0.0002179771545343101,0.11494702100753784,0.01771051250398159,0.014286492019891739,4.345993716015073e-07,0.06783653795719147,0.22733020782470703,3.1305615266319364e-05,0.0004927787813358009
window-4d4b8047f1511a132372,620_101121_202636,sandwich,cake,0.7408478260040283,False,0.11736647039651871,9.422968287253752e-05,0.00889485515654087,0.0019981905352324247,1.0767429557745345e-05,7.181476746609405e-08,0.7408478260040283,1.2020874237350654e-05,0.0001311707601416856,2.5584022296243347e-05,1.0398933625310747e-07,6.692937313346192e-05,6.808639591326937e-05,8.293984137708321e-05,5.7148339394075265e-09,0.001976301660761237,1.7923742351433347e-11,2.3295962819247507e-05,0.02813071757555008,0.004254114348441362,0.006335592363029718,1.2454187015009666e-08,0.08497868478298187,0.004662724211812019,6.372601092152763e-06,3.291761822765693e-05
window-ad7a1d4df117ca13aeab,620_101121_202636,sandwich,cake,0.4957021474838257,False,0.11711100488901138,0.000503073853906244,0.004815890919417143,0.0022671716287732124,1.1548886504897382e-06,1.1879037487005917e-07,0.4957021474838257,1.5248987438098993e-05,3.849781569442712e-05,1.756468918756582e-05,1.977635477601325e-08,0.0002082574792439118,0.000889857648871839,0.00018999865278601646,2.064863696693564e-10,0.0006543432828038931,5.081276545360058e-12,1.9128430722048506e-05,0.24032196402549744,0.0002554023521952331,0.003224730957299471,7.76313680006524e-09,0.12745274603366852,0.006302908528596163,3.839879354927689e-06,4.8693536882638e-06
window-9a5e19dfa6f9c90afe15,70_6182_14057,sandwich,sandwich,0.7239955067634583,True,0.022050080820918083,0.005138172768056393,5.99772683926858e-05,0.011344348080456257,2.1104518964421004e-05,0.017651604488492012,0.11813915520906448,0.0004556014609988779,2.8816280064347666e-06,0.002892738673835993,0.00020735310681629926,0.0006261864909902215,0.0030819319654256105,1.044130931404652e-05,0.000275517872069031,0.016772426664829254,6.760721589671448e-05,0.056491635739803314,0.7239955067634583,3.968974397139391e-06,8.35650134831667e-05,4.1607847379054874e-05,0.0014714121352881193,0.01843271404504776,0.0003381279530003667,0.00034438681905157864
window-41f661de64f65f3e6828,70_6182_14057,sandwich,apple,0.45320650935173035,False,0.45320650935173035,0.016933070495724678,3.3963930036406964e-05,0.00020065730495844036,0.00016079720808193088,0.027245890349149704,0.16013236343860626,0.00014374713646247983,8.578647339163581e-07,0.018562721088528633,0.014588264748454094,0.00019335350953042507,0.002038644626736641,3.4562010114314035e-05,0.0002992366789840162,0.029500342905521393,0.0003524400817696005,0.010638639330863953,0.25092610716819763,2.479677959854598e-06,0.0004314273246563971,0.00011700521281454712,0.002280835062265396,0.011083408258855343,1.0709200978453737e-05,0.0008819286595098674
window-ccd489727011b6305241,70_6182_14057,sandwich,sandwich,0.9053016901016235,True,0.02686622366309166,0.0005964321317151189,1.7364078303216957e-05,5.0979822844965383e-05,5.178051651455462e-05,0.0007843617931939662,0.02529100701212883,4.509082282311283e-05,6.785544428566936e-07,0.00014572273357771337,0.0007022871286608279,0.00016532182053197175,7.516850018873811e-06,5.158193516763276e-07,3.879168798448518e-05,0.006632158532738686,3.272151616329211e-06,4.527157580014318e-05,0.9053016901016235,6.577756295200743e-08,0.00017233904509339482,1.36686221594573e-05,0.032219383865594864,0.0008365842513740063,6.195623427629471e-06,5.348020295059541e-06
window-571b6dc8e3894495ffea,70_6182_14057,sandwich,sandwich,0.9336690306663513,True,0.03223872557282448,0.002194055123254657,2.3229335056385025e-05,0.0018308274447917938,3.251992893638089e-05,0.006436411291360855,0.007988829165697098,0.0005720190238207579,7.113258106983267e-06,0.0004888966795988381,0.0026486667338758707,0.002951899077743292,0.00041522225365042686,2.2004021957400255e-05,8.216529386118054e-05,0.003056311048567295,5.068846348876832e-06,9.091036190511659e-05,0.9336690306663513,2.0717439497275336e-07,9.061986929737031e-05,5.5806999625929166e-06,0.004208139143884182,0.0009076975984498858,2.672260052349884e-05,7.107243618520442e-06
window-eca3eaecd788ce4dceb8,146_16270_32238,stopsign,stopsign,0.9999760389328003,True,6.84565387232619e-14,2.7156746482977275e-17,9.980057704323019e-16,5.752722282180168e-18,3.0141771301117615e-09,1.984296948975839e-09,1.0499652536299919e-10,7.69305452674729e-12,2.3188750475355846e-08,2.984297253760815e-10,8.231261158786474e-12,4.586044001150813e-13,2.6899421357029496e-08,1.1321040460643417e-07,7.578297711585691e-11,9.431550592603477e-13,2.3736472940072417e-05,2.394077291967278e-08,6.662493907266809e-13,0.9999760389328003,1.2063261969745033e-14,7.208681429560215e-10,5.0066157816774925e-12,3.5862434441362445e-13,9.8478506843332e-15,1.0153236029708523e-09
window-9baea53d55dc48200608,146_16270_32238,stopsign,stopsign,0.9999998807907104,True,1.9093042847705827e-13,1.633046699779585e-16,8.331084709904332e-14,1.2809404895857358e-19,8.15957967859049e-09,8.063502754396268e-09,1.8646120820866967e-14,1.669826278118125e-12,4.474066894744055e-09,1.2782219727114352e-11,2.395666720556022e-10,9.454198491784527e-13,3.397617742706416e-10,8.042157162435615e-08,4.646525948292374e-14,2.925573533972027e-14,3.646863921957788e-10,6.077410796834215e-11,3.984695505581629e-16,0.9999998807907104,7.347280913258539e-17,4.645190482266415e-13,5.418556159320076e-10,7.253932985561888e-16,7.799007967213001e-12,1.3840720236579784e-10
window-8d840f79e35eea67311c,146_16270_32238,stopsign,stopsign,0.9999769926071167,True,8.913810777434733e-17,1.614297228445417e-17,7.272188133761995e-17,2.8902594297422e-18,2.139715252269525e-05,2.6920347895309504e-11,1.0852263098576342e-12,2.0118497864288383e-15,4.6738617243136105e-07,1.2521552805039304e-12,9.396002991499466e-14,4.291064465561378e-12,9.988658337956036e-12,5.220963106289389e-10,6.581483968925994e-11,1.1195068233644189e-15,1.1015922609658446e-06,2.3627666490000365e-10,2.149256318165378e-14,0.9999769926071167,5.814575192248576e-16,2.060420237204319e-11,6.153505222733502e-12,4.43961070705802e-14,4.304653964011529e-13,5.25720851400624e-13
window-d5eadcb40085a5a1ff01,146_16270_32238,stopsign,stopsign,0.9999986886978149,True,3.391932849368005e-15,1.6551450614545106e-17,9.250372955691213e-14,6.099123602431144e-17,4.6028605993342353e-07,4.565202882389485e-09,6.777910210083865e-14,1.3201028811749005e-13,3.179686203225174e-08,4.504995335108397e-11,1.8798643197648346e-11,6.16102797305982e-15,3.420790317676392e-09,1.8053360406611318e-07,9.182772597871036e-12,6.9917796765184715e-15,5.318164539858117e-07,9.424292596316164e-11,6.700270323105589e-15,0.9999986886978149,2.2260518853488095e-17,1.2429695293858511e-11,9.244276455433464e-09,3.03009109773808e-13,1.7832023563920524e-13,1.3214733751709673e-09
window-7b23b9f848b36e48dbe1,249_26599_53534,stopsign,stopsign,1.0,True,9.578090542916584e-10,5.479253118931271e-13,8.535209485797252e-14,3.1040081393879024e-15,8.44729525857537e-15,7.967394799468508e-11,2.8511758926041963e-11,7.410629727054585e-13,9.858602649515102e-13,3.745363394425105e-11,2.9504939209066064e-14,1.0517491825373648e-12,1.891525602815136e-09,3.758491740057934e-09,6.105397437616844e-12,2.0588265814414086e-10,1.0003292638671724e-09,1.6072575562131597e-11,1.319774774492452e-13,1.0,1.0204080978212836e-15,1.4474466614980593e-14,5.260897918473936e-14,6.63896292541627e-15,1.0778696186465597e-13,4.437962886072455e-09
window-756c05901a8327958558,249_26599_53534,stopsign,stopsign,0.9999406337738037,True,3.48307840902784e-12,3.6445928740247435e-12,1.0102631079790536e-13,6.913557560268076e-16,5.855087942263637e-11,1.8368341569985347e-11,4.308997048063645e-10,5.253171595637207e-12,2.0801556657734643e-11,2.0924350252471413e-08,9.587757254791995e-10,1.1606104532296824e-12,3.6959040272677157e-09,1.7178438671550111e-09,7.035599880467203e-11,2.2591291684581627e-11,5.929323742748238e-05,2.031286072678995e-08,6.93470558754683e-11,0.9999406337738037,2.6509026085363985e-09,1.1510619389067112e-13,1.6316900955382074e-11,3.4348110293513923e-13,1.5712113901611424e-11,5.299009941950317e-08
window-348dc704e674a3302609,249_26599_53534,stopsign,stopsign,0.9995554089546204,True,6.928848467202542e-11,3.787050967957173e-13,3.2685208706251245e-11,6.019801085561938e-13,4.725321023357765e-09,0.00043682518298737705,3.465232323307532e-09,7.819312558554614e-11,4.05017921423223e-08,8.680464702592872e-08,1.1972588254138827e-07,6.341478557547742e-12,2.063098207827352e-07,1.069878862836049e-06,3.99740640588675e-09,1.3783123080368664e-11,2.476248027960537e-06,2.415059498162009e-06,1.3488043570930586e-08,0.9995554089546204,5.854800533278137e-10,4.923289793623553e-07,1.9154377639551967e-07,1.441855662642766e-10,4.448945656321257e-09,5.257825819171558e-07
window-091490720158bedb0e6d,249_26599_53534,stopsign,stopsign,0.9999996423721313,True,1.1380899556101554e-09,9.457538051316217e-12,7.923189556703625e-14,2.4268275326729547e-15,6.783772849017211e-11,3.092565492579524e-08,1.4437661066679652e-09,1.2931699981677536e-12,6.713444244965672e-10,1.041418284941642e-09,5.351495913075155e-10,1.9301189813081265e-10,2.2170019065015367e-07,1.687094375313336e-08,3.235424623528049e-14,2.7283310159720298e-12,4.6520636232116885e-08,8.964761377683317e-08,3.145275595528574e-09,0.9999996423721313,1.584249658542758e-12,4.541308735311889e-12,4.881783310928256e-10,8.208005108922833e-11,4.564707986598471e-14,2.6444584300122642e-09
window-46b0ec3222c876fcb1b1,437_62330_122209,stopsign,stopsign,0.9999858140945435,True,7.546494679155913e-11,1.2358179529627783e-13,9.560168628963694e-12,9.002658861445578e-12,2.9304497196902535e-12,5.011837060919788e-07,3.1111945020256826e-08,1.472030369776764e-13,7.443308902566059e-08,3.837315887267323e-08,2.6548187648245403e-08,3.3105794581406167e-12,1.2677625818469096e-05,5.024979259360407e-07,1.1868509730561527e-08,7.576825278299282e-11,1.7125350382229954e-07,1.0228954572255589e-08,3.552004393739261e-12,0.9999858140945435,1.3676630357742359e-12,1.1250728126910303e-09,1.2025790953329452e-11,4.813721036361907e-13,1.6269452451922461e-09,1.1019502466069753e-07
window-4abe4ab6bb8e810a4671,437_62330_122209,stopsign,stopsign,0.9997945427894592,True,6.580549438695016e-10,3.9834352179649035e-13,3.4053207476070213e-10,1.0166428246125014e-13,6.895550797025862e-11,2.838376467195758e-08,6.760599635668996e-09,2.292008249860089e-11,2.855285075042957e-08,2.1908282121785305e-07,3.479849394749657e-11,2.8111639752137485e-11,2.0537174805213e-06,1.91171920960187e-06,5.588355889152297e-10,4.1740647396815156e-12,0.00020033233158756047,8.019297297323646e-07,1.1134587696304266e-09,0.9997945427894592,1.3157478578884607e-11,5.219938023492965e-11,1.4955493787827123e-10,3.4939287574253797e-11,7.644389654615225e-08,1.2871766763566939e-08
window-c1da6427c33c96668325,437_62330_122209,stopsign,stopsign,0.9857546091079712,True,4.7690090099195004e-08,2.7633548782546313e-09,7.790347034131173e-09,3.18176129887604e-09,4.4316855962733825e-08,0.00013373098045121878,9.934387514010101e-12,8.361254397182272e-12,0.004820563364773989,3.6502668081084266e-05,1.270367722128185e-08,1.0220149726514194e-10,1.0258839893140248e-06,4.4020045606885105e-05,3.417730454202683e-07,6.450225686904787e-09,1.5440814422618132e-06,3.0893968983036757e-07,3.0748379536982284e-11,0.9857546091079712,3.418316671388588e-11,4.321350832725557e-09,1.8868119511239456e-08,1.240631375409862e-09,1.3463820323522668e-05,0.00919377338141203
window-2d328df07584d6fd174e,437_62330_122209,stopsign,stopsign,0.9999604225158691,True,2.7909584332519444e-07,3.909396417700606e-11,9.405036645315779e-12,4.008164633528821e-10,7.876727603495226e-10,3.616525646066293e-05,7.708717553178701e-10,2.172183975388247e-14,1.8179818539465487e-08,4.1039069742510037e-07,1.620349340814009e-11,1.7540961738671257e-10,2.042895403064904e-06,2.39049114725276e-07,1.7426071002857313e-11,5.076223816291581e-11,6.489488058036841e-09,3.4012882110801e-07,9.589541617380237e-13,0.9999604225158691,2.2122745530015614e-13,2.429119730883167e-13,1.6801145363842807e-08,7.600065021762248e-11,3.173776352838331e-09,8.647469940115116e-08
window-3a832983939c9178253b,443_63537_125922,stopsign,stopsign,0.9978585839271545,True,2.786771347018657e-07,1.2423497560559715e-12,4.3454817522103895e-09,3.0582938959078376e-11,7.79850140020244e-09,4.472909509445344e-08,2.378832547611509e-11,8.760663861018259e-10,2.249150384159293e-06,1.0861310739684882e-09,4.44973302364815e-05,6.184293077637903e-10,0.0020696655847132206,6.549949915779507e-08,2.105788254880281e-08,5.919899986883692e-13,2.4377803129027598e-05,2.752046270870778e-07,2.414070054967965e-10,0.9978585839271545,7.952415392864509e-10,8.278438156338053e-13,6.665219487445029e-10,6.787614026393385e-09,5.930566593370656e-10,4.878555337484158e-10
window-c438711336b61359c841,443_63537_125922,stopsign,stopsign,0.9996943473815918,True,2.2733021864951297e-07,6.3623545756114844e-15,5.369800055632368e-05,2.174902179554858e-17,2.5301861300564e-11,1.415389333514483e-10,1.8439078042220558e-10,3.2271182703880186e-07,1.2968558849024703e-07,9.056253524875046e-09,1.1619725626133004e-08,4.2451637760621e-09,0.00014007219579070807,1.8517965827413718e-07,2.448044371383684e-12,9.450674563673406e-14,1.3511261386156548e-05,9.753069025464356e-05,5.761672690736625e-15,0.9996943473815918,1.828169039763683e-11,3.4789280831115654e-12,2.242769081561846e-09,6.092450155481544e-11,5.151795101632217e-10,1.9989612187742978e-09
window-b5cd36caccfd8259eb16,443_63537_125922,stopsign,stopsign,0.9898099899291992,True,4.7333951442851685e-06,5.02009045444396e-10,0.0004736144910566509,7.236168608759641e-11,4.2081655493575454e-08,7.724807460363081e-07,2.597905343539736e-13,1.6824534441184369e-06,3.037080205103848e-05,1.1724770274668117e-06,3.72642805501755e-09,1.2265419790935539e-08,0.00012223592784721404,3.4913548461190658e-06,2.850606972693015e-10,1.8242908572663197e-10,0.009550579823553562,6.587143843717058e-07,1.3966902634443557e-10,0.9898099899291992,6.265688488882315e-12,1.3126987497003029e-08,1.2672898286325562e-09,3.3623051010067684e-09,6.701074539705587e-07,5.426009508369134e-08
window-41d62797d87428bd4c29,443_63537_125922,stopsign,hydrant,0.5515498518943787,False,1.3641675877806847e-07,1.6562584637114242e-12,7.248183919728035e-06,4.5920122630598026e-14,8.836097009634614e-08,2.272118138080259e-07,7.260940737552346e-10,3.471357601370073e-08,7.111265887260743e-08,1.2910708613311783e-10,1.958147549885325e-06,3.042403551312134e-10,0.5515498518943787,9.391616913489997e-06,8.517553329312477e-11,1.4447315566101793e-10,0.0038285674527287483,1.0523463878087114e-08,1.147727335393256e-08,0.44459834694862366,1.3291150124938866e-10,5.68440737189202e-12,3.0419541872106493e-06,1.0168447488467791e-06,1.1723968462717949e-09,1.0668119898582518e-07
window-e27c73856d1c498d005f,587_87885_173344,stopsign,kite,0.4900083541870117,False,6.740936555615917e-07,0.04048749804496765,4.466446625883691e-05,0.0007695041131228209,6.39107747701928e-05,3.892585937137483e-06,1.9551949662854895e-05,0.00031438685255125165,2.869959826057311e-05,9.806369052967057e-05,0.45237186551094055,4.679637299886963e-08,1.2939950444490478e-08,0.4900083541870117,0.0005770213319920003,8.779079507803544e-05,1.2685180763583048e-06,1.4929542047070754e-08,1.5426772748128315e-08,1.856549715739675e-05,3.792512970335338e-08,3.698497721416061e-07,0.015095780603587627,2.395507010533038e-07,7.824178283044603e-06,2.0486825569321354e-09
window-ce6c903e5a8b3487fd91,587_87885_173344,stopsign,kite,0.5542294979095459,False,0.00056941102957353,0.0015303771942853928,0.120930977165699,2.450240685902827e-07,1.6859412710346078e-07,0.00016448217502329499,4.637760397940838e-09,2.2198507565462933e-07,2.0704686676253914e-07,9.07113280845806e-06,0.3224964439868927,5.0862095785086936e-11,4.232356687339234e-09,0.5542294979095459,1.7155101886601187e-05,9.029763248236122e-08,1.517062173661543e-06,3.979620188943045e-08,4.213299931166148e-09,1.5634055671398528e-05,5.4013438166578e-09,7.317269279383254e-08,3.440553700784221e-05,9.055026062299021e-09,1.9351265381772897e-11,7.677633639957548e-09
window-54b9272283b0be56adf3,587_87885_173344,stopsign,toyplane,0.6709968447685242,False,1.3666704212766945e-08,0.0018032683292403817,0.0342843234539032,1.5064340914250351e-05,2.112321340064227e-07,1.0540953354620797e-07,2.5495601221336983e-05,4.4687917011287936e-07,3.447230767505971e-08,0.12387597560882568,0.025166701525449753,1.5027798450084617e-10,4.158096658102295e-07,0.088238425552845,0.03369777649641037,0.0011040422832593322,0.020722640678286552,3.3281760594000565e-12,8.623104719163166e-08,6.118217424955219e-05,6.103938243740004e-09,1.9105439150735037e-06,0.6709968447685242,4.081751285411883e-06,7.746463666080672e-07,7.869754625744463e-08
window-07562ddfcc9d85eb6c4a,619_100875_200297,stopsign,stopsign,0.9996476173400879,True,1.677628702623224e-09,4.874531889242917e-09,1.2848739970650058e-05,1.158480472440715e-06,3.068652586080134e-05,1.344261306712724e-07,1.1676952027528387e-07,6.154554199611084e-08,2.1173878650415645e-08,2.7190016904654613e-09,0.00024808922898955643,3.213916244249049e-08,3.0453712440703384e-08,3.633177402662113e-05,2.2562395315617323e-05,2.1400101957169682e-07,8.683269214770917e-08,1.0988190357608119e-09,1.0811316286662986e-09,0.9996476173400879,5.996528273932711e-10,2.1993038501477713e-09,4.959572197371642e-10,1.682435302186036e-09,6.425517670022307e-12,8.501743753441815e-10
window-6c9102e7ed7d4b8acb06,619_100875_200297,stopsign,stopsign,0.9995276927947998,True,3.536471671061747e-10,1.984852948666571e-09,1.0568200195848476e-05,7.712682759120071e-08,0.0001989011507248506,1.7048874312308726e-08,5.5361941697640304e-09,1.810362704190993e-08,2.6998014845958096e-07,1.9374690740647793e-09,1.9295037418487482e-05,9.966424840968102e-07,3.168214135484959e-08,0.0001729586801957339,6.913390825502574e-05,1.1609769146048166e-08,5.727164520408223e-08,7.145405100938973e-11,6.118717338354784e-11,0.9995276927947998,3.518643598710014e-09,1.9992605349017367e-09,1.369624275104897e-10,2.182359848390547e-09,4.339691661581213e-10,2.1229627777952231e-10
window-5ecfd4dc71fd8b47d159,619_100875_200297,stopsign,stopsign,0.9999948740005493,True,5.515186640714376e-10,5.003858091767732e-11,6.581310429965015e-08,2.1819437368009176e-09,4.5652947733287874e-07,7.663277123981516e-09,1.501888569066523e-08,8.833484638204325e-11,2.0861524063775505e-08,1.9689860852878383e-09,1.9358374174771598e-06,1.4334155196138454e-08,1.0608165723624552e-07,9.553480140311876e-07,1.578275259817019e-06,1.1468143767956462e-08,2.547823951815076e-09,6.308681875510924e-12,1.2215040177260272e-12,0.9999948740005493,1.813294792096798e-10,1.3821419009296676e-10,1.266880697570194e-11,1.5373969458609693e-11,4.352361786946757e-12,6.650779926786754e-11
window-7deb2becb9a3c9575e6b,619_100875_200297,stopsign,stopsign,0.9993751645088196,True,1.6119389156799002e-09,3.696922101781297e-09,1.9794249510596273e-06,1.9183039512427058e-07,2.4788598238956183e-05,1.2705639562682336e-07,8.047283728274124e-09,1.0430935226679594e-08,1.4047472518541326e-08,3.6108562806447253e-09,0.0005260541220195591,1.7545698227650064e-08,3.2776494407471546e-08,1.0072377335745841e-05,6.115125142969191e-05,3.687176501898648e-07,1.77326580086401e-08,1.0445777576251203e-10,1.3658199571331409e-11,0.9993751645088196,7.2045419630129e-10,2.288419898022198e-09,9.059900746288818e-11,3.4525995951106836e-10,4.351724536277857e-11,3.4576805307828806e-10
window-07b4a8cc15fc2cb61c74,619_100981_200584,stopsign,frisbee,0.48321595788002014,False,0.0011678329901769757,0.22011394798755646,0.002089093904942274,2.9347037866500614e-07,2.3353704818873666e-06,0.013791676610708237,2.2263805021793814e-06,0.14948375523090363,1.937665729201399e-06,0.04688244313001633,0.48321595788002014,2.9247653188235745e-09,4.221735798637383e-05,0.002544943941757083,7.143234626028061e-08,1.1480033208499663e-05,1.839939756109743e-08,7.095999166040201e-08,0.05908679962158203,6.603248039027676e-05,4.819983132620109e-06,2.6701241040427703e-07,0.016550060361623764,0.004939889069646597,3.829094769665538e-14,1.7511262058178545e-06
window-f46505043d59985b1980,619_100981_200584,stopsign,frisbee,0.6789695024490356,False,0.000294400320854038,0.0014933624770492315,0.0007002460188232362,1.008369915345142e-10,1.3699839655600954e-05,0.00014921188994776458,1.6629243555082995e-13,2.6485720809432678e-05,1.5151465504459338e-06,0.001208603149279952,0.6789695024490356,9.499058457458258e-20,1.5295382738145236e-08,0.19054549932479858,1.8704128523783226e-11,6.9119778345339e-07,1.9412368601479102e-08,5.238363215420705e-11,1.4090679734124478e-09,0.1257672905921936,2.626952209539013e-06,1.0270245098809028e-08,0.00020511902403086424,0.0006217503687366843,3.548541194502326e-14,3.18072061744612e-11
window-1f30e54066a6bab7d7fb,619_100981_200584,stopsign,frisbee,0.9719182848930359,False,1.5045540067148977e-06,0.018419263884425163,0.00948682427406311,1.2385419946581155e-11,7.358750764296929e-08,2.981317629746627e-05,1.739355946599186e-12,2.355631295358762e-05,2.7198972241126995e-11,3.5973836929770187e-05,0.9719182848930359,2.911777003093634e-17,5.345743403495362e-08,8.311678539030254e-05,8.680146185158222e-11,7.373017751888256e-10,1.2292253326329217e-10,2.8944335817016054e-10,7.965840209678277e-10,1.6969177352166298e-07,5.145645021187306e-10,5.967077092855488e-12,1.4347493788591237e-06,7.204361412993521e-11,2.631632467337123e-19,1.2641144131464443e-08
window-edce53f52679c6454387,619_100981_200584,stopsign,frisbee,0.9999783039093018,False,2.8197836954291233e-08,5.601048997050384e-06,5.788455723632069e-07,2.0058954497415016e-10,1.265202200784188e-07,1.9903038150914654e-07,1.611198967212818e-13,5.622704861707462e-07,1.591311615811719e-08,1.382611571898451e-07,0.9999783039093018,3.991843096740493e-20,7.878938473870889e-11,1.919130454552942e-07,2.6519292404408867e-12,8.343340462957372e-10,4.051119682768611e-12,6.85745418782524e-11,2.306623642089889e-10,1.410981440130854e-05,4.2430278041072356e-12,1.5281003459127751e-12,9.005392342942287e-08,1.0611653067371662e-07,2.741372172564221e-22,2.172279717216341e-11
window-29fff7f472fbb35bf080,387_46702_92994,teddybear,teddybear,0.9977893829345703,True,7.826421642675996e-05,9.054104452843603e-07,0.0005917752860113978,0.00019318867998663336,1.958448692107595e-08,3.6835448025129836e-09,2.511364300517016e-06,0.00021017824474256486,0.0010352273238822818,7.340975827219154e-09,1.1143522897327784e-05,7.029076641629217e-06,2.418879034848942e-07,1.544272407727476e-07,1.3301379997443519e-09,1.2887979892184376e-06,3.7508159772547955e-11,6.258853318286128e-06,1.5081735682542785e-06,2.236072482730833e-08,0.9977893829345703,6.917530299688224e-07,6.594292790396139e-05,4.277592779544648e-06,2.693966161260164e-10,6.684757192232382e-10
window-57fc0de95641bd4abe94,387_46702_92994,teddybear,teddybear,0.9912295341491699,True,0.0019870784599334,2.5971497962018475e-05,0.00017087590822484344,3.022617534043093e-07,1.372044522440774e-08,2.277870336797605e-08,1.9898421669495292e-05,8.567215991206467e-05,0.0016332475934177637,2.9781253019223186e-08,2.1832109453612247e-08,0.00012861331924796104,7.386992706415185e-07,5.57091916562058e-05,2.2412423916762236e-08,1.8532073227106594e-05,4.719181712076193e-10,1.6629177480353974e-05,0.00024316049530170858,3.3068499760702252e-06,0.9912295341491699,1.7102154743042774e-05,0.003911901265382767,0.00045173769467510283,4.788419438739311e-09,9.982588089485489e-09
window-0d911d305a9f0721bfd8,387_46702_92994,teddybear,teddybear,0.8984562158584595,True,0.004885452799499035,0.0005345160025171936,0.0067255329340696335,0.0007467172108590603,4.380961854622001e-06,5.008843828591125e-08,0.016322476789355278,0.015259398147463799,0.013599982485175133,4.499466285778908e-06,0.00010261111310683191,0.007976096123456955,4.588794763549231e-05,0.0014147207839414477,5.478958337334916e-05,0.00012789428001269698,1.849564682743221e-06,0.000228914970648475,0.0006245473050512373,2.2535414245794527e-06,0.8984562158584595,0.0015216056490316987,0.03069123439490795,0.0006672529270872474,8.059493552536878e-07,4.0050252891887794e-07
window-b5b58a93ea1bf04ec8fe,387_46702_92994,teddybear,teddybear,0.7907654643058777,True,0.015374517999589443,0.0012362905545160174,0.1020665243268013,0.000742994889151305,2.6905514459940605e-05,1.0359168811646668e-07,0.0034748446196317673,0.02102576568722725,0.0534207709133625,1.116557200475654e-06,8.865988638717681e-05,0.001282383338548243,0.0017360675847157836,0.0007431270787492394,0.00013863349158782512,0.00011708006059052423,6.181337084854022e-06,0.00390896201133728,0.0009729665471240878,1.4044501313037472e-06,0.7907654643058777,0.0021196831949055195,0.00030067312764003873,0.00043156108586117625,2.2199928935151547e-06,1.5168004210863728e-05
window-5c9274c16f9bc0ba8903,387_46713_93018,teddybear,teddybear,0.7695634365081787,True,4.282770896679722e-05,0.00025219778763130307,4.3585050661931746e-06,2.5899003048834857e-06,0.0030239138286560774,5.25421057773201e-07,0.0010717905825003982,1.2004897143924609e-05,0.0016948924167081714,0.0055580963380634785,1.15732109406963e-06,0.020828107371926308,1.0726724212872796e-05,0.0003297101065982133,3.777476194954943e-06,1.0422428204037715e-05,1.0440664482302964e-05,7.168024603743106e-05,0.0023548805620521307,3.8355412357304886e-07,0.7695634365081787,1.3349484106583986e-05,2.8873821065644734e-05,0.19368217885494232,0.0013548952993005514,7.280091813299805e-05
window-aa9126f1d8664594ac2f,387_46713_93018,teddybear,teddybear,0.9991439580917358,True,3.947244113078341e-05,0.0003185885725542903,3.317036316730082e-06,5.278289449961449e-07,1.0764306068722362e-07,1.8463114717648388e-11,5.508532194653526e-05,9.37836489356414e-07,2.858273910533171e-05,6.907935699018708e-07,3.0473773504624546e-10,0.00014353559527080506,8.473515578089064e-08,9.283218105338165e-08,1.451540043717614e-08,7.171394855731705e-08,4.672480180545335e-09,8.655779674882069e-05,3.1019922062114347e-06,1.294039009280823e-08,0.9991439580917358,2.789639630407237e-09,1.31097704070271e-06,1.4533034118358046e-06,0.00016683703870512545,5.5447803788410965e-06
window-5489ad103235e6924652,387_46713_93018,teddybear,teddybear,0.9732363224029541,True,0.0005687729571945965,0.0002239364548586309,7.589925644424511e-06,2.2164520032674773e-06,1.188170790555887e-05,5.082348764062772e-09,0.01900484226644039,5.292650166666135e-05,5.852948561368976e-06,0.00022457634622696787,1.08531800435685e-07,0.004098300356417894,0.00016156956553459167,5.728343239752576e-07,5.52968458578107e-07,1.827116420827224e-06,6.292992225098715e-07,2.8835085686296225e-05,0.00036262781941331923,3.1511822840002424e-07,0.9732363224029541,1.312944959863671e-06,2.5099454887822503e-06,0.0016438240418210626,0.00034419461735524237,1.3838472114002798e-05
window-fad3cd070aaa8f37fb53,387_46713_93018,teddybear,teddybear,0.9990241527557373,True,7.135376023370554e-08,1.184717348223785e-06,6.105259586774991e-08,1.1022288504136668e-07,6.587247725065026e-08,1.3370487876585013e-11,0.00023336669255513698,1.1779784614418531e-07,4.3429963625385426e-07,1.3381498320086394e-05,3.79372956660351e-11,0.0005288330721668899,6.358708901643695e-07,1.4457607733220357e-07,4.645436604278075e-07,1.9452444632861443e-07,3.0370743697716307e-09,1.453179692134654e-07,4.1946918827306945e-06,5.813070558247091e-08,0.9990241527557373,2.837375632225303e-07,9.489586955169216e-05,9.26433494896628e-05,2.7285982469038572e-06,1.7982894178203424e-06
window-eb8a788039472a1df587,442_63250_125013,teddybear,teddybear,0.9668537974357605,True,3.4667177573055596e-08,1.1026614629372489e-05,1.3653871064889245e-06,4.937840458296705e-06,1.4369105883815791e-05,8.946023366540601e-10,4.28487328463234e-06,3.141408888041042e-05,4.5022428821539506e-05,2.9436019843842587e-08,4.791099286194367e-07,0.032267577946186066,0.0004321559681557119,6.167937681311741e-05,0.00011789156997110695,3.865099188260501e-06,2.057813162537059e-06,5.843899998581037e-06,8.44085548123985e-08,4.6690624344591924e-07,0.9668537974357605,0.0001101100497180596,7.809520070622966e-07,1.2756986507156398e-05,1.482094648963539e-05,3.1604797641193727e-06
window-a2fa0d554f47fe5d1d1f,442_63250_125013,teddybear,handbag,0.9774689078330994,False,6.60968817101093e-06,0.005351124797016382,5.7287714298581704e-05,0.003923376090824604,3.7758723010483664e-06,3.3278256523772143e-06,0.005421735811978579,0.00016579768271185458,5.927553502260707e-06,1.322718787832855e-07,8.481623081024736e-05,0.9774689078330994,0.00012971332762390375,5.187167516851332e-06,3.9929662307258695e-05,4.114084276807262e-06,1.218979718942137e-06,3.008357271028217e-05,7.808039299561642e-06,2.404271299383254e-06,0.007208290044218302,7.0555024649365805e-06,2.2192318738234462e-06,5.673109626513906e-05,9.753201084095053e-06,2.616243591546663e-06
window-c7b764d0340dd49198bb,442_63250_125013,teddybear,teddybear,0.9890494346618652,True,1.209913946809138e-09,2.1904179448029026e-07,1.4064613651498803e-06,1.4797764379181899e-05,7.439324267721759e-09,3.1959993679331333e-11,4.0963121136883274e-05,2.090456291625742e-05,1.2404285598677234e-06,1.6690173687550214e-09,2.7627844900735e-08,0.010651596821844578,4.1007249819813296e-05,9.857732266027597e-07,5.564426714954607e-07,3.2234417357557277e-09,2.0402441805345006e-05,3.513106639729813e-05,2.755452612746012e-07,1.7661587747852536e-09,0.9890494346618652,2.015706513702753e-06,1.5223296941258013e-05,2.1740894226240925e-05,8.159505523508415e-05,3.55815359398548e-07
window-fd884d69327d7a97ca03,442_63250_125013,teddybear,teddybear,0.9994567036628723,True,7.619559982963153e-10,4.455554289961583e-07,1.6878516362339724e-08,4.37525557117624e-07,1.0714322762339634e-08,2.1182983145351386e-10,1.863771103671752e-05,2.8824299391772e-08,9.111205656608945e-08,2.3542181537550277e-08,3.945943660710327e-08,0.00040953533607535064,3.548052336554974e-05,3.3691439966787584e-06,6.293384444688854e-07,5.130238456274583e-09,5.0154494601883925e-06,8.553212182960124e-08,7.737993712453317e-08,3.3207379068755927e-09,0.9994567036628723,4.17189730796963e-05,4.134048140258528e-06,9.090379649023816e-07,2.246437725261785e-05,1.4322786512366292e-07
window-45e315233efb2e6d45b0,463_65700_128783,teddybear,teddybear,0.6121442317962646,True,0.00011692913540173322,0.0008976564859040082,0.0004904942470602691,2.17072283703601e-05,0.0025290604680776596,1.4610475773224607e-05,0.00010035099694505334,0.0016393399564549327,3.508337087509972e-08,5.892263175155676e-07,3.825061867246404e-06,0.30281293392181396,0.0005254079005680978,2.946919630630873e-05,1.4659703083452769e-05,0.0003411108918953687,3.990234745288035e-06,0.009854283183813095,0.06733201444149017,1.8933884859961836e-07,0.6121442317962646,8.182168187431671e-08,0.0008962515275925398,0.00022403456387110054,4.389170499052852e-06,2.3030190732242772e-06
window-9da0b4022af8d4259116,463_65700_128783,teddybear,teddybear,0.9773923754692078,True,1.226153699462884e-06,0.0010025007650256157,5.781824074801989e-05,4.736315986519912e-06,9.573307579557877e-06,5.2381658122158115e-08,2.439145418975386e-07,8.903909474611282e-05,5.310529331836733e-07,4.7432931182811444e-07,5.779337470812607e-07,0.018350478261709213,1.8513767372496659e-06,6.722362968503148e-07,3.1627724439431404e-08,1.2684628927672748e-05,2.314475722187126e-07,0.00011907943553524092,4.256260126567213e-06,7.116823041997122e-08,0.9773923754692078,4.530985734163551e-06,0.0002246485964860767,0.0016890224069356918,0.0010103331878781319,2.3063146727508865e-05
window-9e24f7defc5ff751c6c4,463_65700_128783,teddybear,teddybear,0.5114930868148804,True,6.227897756616585e-06,0.0762035921216011,0.08351479470729828,3.248572465963662e-05,0.00040461370372213423,1.8803841328463022e-07,0.0001826600928325206,0.00036794604966416955,0.00012662810331676155,1.3638733662446612e-06,6.774239409423899e-06,0.27258604764938354,0.0008741072379052639,0.0016713626682758331,1.1996665705282794e-07,0.0260696429759264,6.088768350309692e-05,0.0013375332346186042,5.6845106882974505e-05,3.2300201837642817e-06,0.5114930868148804,7.377858855761588e-05,0.007065615151077509,0.002031060168519616,0.015772169455885887,5.7246710639446974e-05
window-b08be3ddab6d50657f4d,463_65700_128783,teddybear,teddybear,0.9995275735855103,True,1.2184477782284375e-06,0.0001262993464479223,3.069833610425121e-06,7.606588781072787e-08,2.1704076971218456e-06,3.0473529477603734e-08,9.564604624756612e-06,1.7945113484074682e-07,8.258468824351439e-07,8.630437378087663e-07,3.83050246455241e-06,0.00012183828221168369,1.4991889656812418e-05,2.9389414635261346e-07,6.284518860866228e-08,8.699760023489489e-09,3.3847985037027684e-07,2.9854083550162613e-05,1.725908077787608e-05,3.980860530106156e-09,0.9995275735855103,1.489075529548245e-08,0.00010742934682639316,2.1036323232692666e-05,7.912633748219378e-08,1.111451638280414e-05
window-3d90ae1c4c610fd2fb10,472_66886_131679,teddybear,teddybear,0.8569691777229309,True,0.03180700168013573,5.559173587244004e-05,6.043176654202398e-06,2.2933143384307186e-07,0.00022805569460615516,8.510058364663564e-07,0.0001617915986571461,0.0007813880802132189,1.5202203940134495e-06,0.0003137466264888644,7.617891242261976e-05,0.0750482827425003,0.005623014643788338,4.3741030822275206e-05,6.884235403958883e-08,0.0013263607397675514,4.3790862491732696e-07,0.0028619926888495684,0.0011167239863425493,3.5447638424557226e-07,0.8569691777229309,5.974739565317577e-07,0.02342933788895607,0.0001427225797669962,1.3732789057030459e-06,3.4414829315210227e-06
window-6d400a7ff86188a113d4,472_66886_131679,teddybear,teddybear,0.7589787840843201,True,0.00022310411441139877,4.5302320359041914e-05,1.96312612388283e-05,5.067332722319406e-07,6.525758180941921e-06,1.9146414231840936e-08,0.0008107995963655412,0.0003726677387021482,7.812455038447297e-08,3.0782331350565073e-07,3.1129013677855255e-06,0.23422880470752716,0.0027523485478013754,1.5045367035781965e-05,2.0581134663189005e-07,1.4449309674091637e-05,2.5270496735174675e-06,0.0006180047057569027,8.077282836893573e-05,9.644904963579393e-08,0.7589787840843201,1.0637804592761313e-07,0.0017620105063542724,6.157115421956405e-05,3.2628436201775912e-06,8.882875768279064e-09
window-5b6c0fa9aef015fd3392,472_66886_131679,teddybear,teddybear,0.6377484202384949,True,0.03090590611100197,0.0005155937978997827,6.979117461014539e-05,0.00015334926138166338,0.0005020270473323762,3.438958628976252e-08,0.11763955652713776,0.004245794378221035,1.0193712114414666e-05,4.1623889046604745e-07,1.943650386238005e-05,0.15115679800510406,0.026951687410473824,0.00022466207155957818,1.0907018577199779e-07,0.00039861517143435776,7.750256969529801e-08,0.005975003819912672,0.001870909589342773,7.491410997317871e-06,0.6377484202384949,1.2355081935311318e-06,0.01946333236992359,0.002102526370435953,3.690261655719951e-05,9.200094552852534e-08
window-4a13ec1f76fff55695a2,472_66886_131679,teddybear,cake,0.4624716639518738,False,0.41930079460144043,0.0001433073921361938,0.0002897822705563158,9.683158168627415e-06,0.00012083943875040859,8.709242251825344e-07,0.4624716639518738,0.0010201357072219253,1.007844502964872e-06,1.7125987596955383e-06,0.0006104675121605396,0.004896700847893953,0.0009105269564315677,2.800565562210977e-05,2.5138016113146477e-08,0.0023897055070847273,4.916776674690482e-07,0.0012763857375830412,0.009566763415932655,3.4392989618936554e-05,0.08939488977193832,7.371157698798925e-05,0.007432588376104832,2.4251277864095755e-05,1.0074486453959253e-06,3.499808656215464e-07
window-3f8d05751bf64dcdfcd9,514_73815_143655,teddybear,teddybear,0.9770623445510864,True,3.4155760886278586e-07,0.0034636924974620342,4.961103059031302e-06,4.089656044925505e-07,3.111547357548261e-06,3.758670708009504e-09,2.941909770015627e-05,5.448118372441968e-06,2.6009398425230756e-05,1.9645584359295754e-07,3.068453224841505e-08,0.012785078026354313,7.493832185900828e-07,2.4641787604195997e-05,1.5408890021717525e-06,7.0003411565267015e-06,1.4943433157554864e-09,7.407106022583321e-05,0.0001588192826602608,7.71361552409644e-09,0.9770623445510864,2.2764609752812248e-08,0.006263243034482002,1.3329898138181306e-05,6.408622721210122e-05,1.1431967323005665e-05
window-240eacd8187a04d4dad2,514_73815_143655,teddybear,teddybear,0.9117542505264282,True,8.362350854440592e-06,0.01849421113729477,2.016616463151877e-06,7.574279879918322e-05,0.0019476751331239939,8.21804690076533e-07,8.432210597675294e-05,0.0010516743641346693,0.00016291749489028007,1.1036681826226413e-05,1.8423613710183417e-06,0.02857389859855175,2.648289591888897e-05,0.00045518827391788363,0.0001008071267278865,0.0006491925450973213,1.8102364052197117e-08,0.026335839182138443,0.008003002032637596,2.661239477674826e-07,0.9117542505264282,6.149884484329959e-06,0.000503312039654702,0.0005380088114179671,0.0011262843618169427,8.672243711771443e-05
window-7c228eae7c3eb693e55b,514_73815_143655,teddybear,teddybear,0.9997158646583557,True,1.6224571908196594e-08,0.0001595070498296991,3.012574154581671e-07,4.622098401796393e-07,1.1746211612262414e-06,1.9664392336693481e-10,1.7834950085671153e-06,4.905388095721719e-07,2.980469560043275e-08,6.63319932314721e-09,5.498197879205691e-07,6.582785135833547e-05,1.728391829658449e-08,1.2234839232405648e-05,1.9994799913547467e-06,1.6394365331962035e-07,5.955904214260954e-09,2.433596364426194e-07,2.564682836236898e-05,1.4016439120467794e-09,0.9997158646583557,1.4735213937910885e-08,2.4370306164200883e-06,1.7210066260986423e-08,3.6206333486887843e-09,1.1139735761389602e-05
window-0d3bbe9490e130efc4ad,514_73815_143655,teddybear,teddybear,0.9964932799339294,True,7.958389147688649e-08,0.00026466144481673837,7.41783992452838e-07,3.5474548099045933e-07,1.7230611774721183e-05,8.122520434028502e-09,0.0005053578643128276,0.0002543651789892465,7.234126769617433e-06,2.8235473958915236e-09,8.056716183091339e-08,0.0021904774475842714,5.731789087803918e-07,7.243152504088357e-05,1.6789533674455015e-06,7.291319548130559e-07,2.857867542616077e-08,3.872375964419916e-05,7.293927774298936e-05,7.309350902318101e-09,0.9964932799339294,2.638280349742672e-08,7.105388067429885e-05,4.790036655322183e-06,3.4288279948668787e-07,2.7412199870013865e-06
window-f0cc151613732c7794a6,529_76909_148725,teddybear,teddybear,0.9969469904899597,True,2.017362385231536e-05,0.0007450043340213597,2.6919154905158393e-08,1.808532168467991e-08,9.761026653620775e-09,2.956153377642323e-11,0.0014545789454132318,7.46777288895828e-08,3.3802703569563164e-07,2.593564204289578e-06,1.7019383680150213e-09,7.215305231511593e-06,0.000533113197889179,1.3833653156325454e-07,3.589289008232299e-07,2.1313587694749003e-07,2.4121751707184558e-08,3.0904934646969195e-06,3.8536583701898053e-07,4.245675366831847e-09,0.9969469904899597,9.564224257019305e-08,1.518527278676629e-05,0.0002698470198083669,3.685756553295505e-07,7.086451603299793e-08
window-49723db7e80528af77dc,529_76909_148725,teddybear,teddybear,0.9534919857978821,True,0.0030992955435067415,0.02315879985690117,2.620457780722063e-05,5.705012154066935e-05,6.317004590528086e-07,7.033118976096375e-08,0.0010075198952108622,8.240349416155368e-05,5.431257886812091e-05,0.00039832948823459446,1.99987152882386e-06,1.1299291145405732e-05,0.010124336928129196,1.4243268253721908e-07,2.1749543520854786e-05,9.454791143070906e-05,3.2458443456562236e-05,0.003343645017594099,1.6722735836083302e-06,1.2225004866195377e-06,0.9534919857978821,1.841087510001671e-06,9.50499452301301e-05,0.004872038960456848,8.652642463857774e-06,1.2819535186281428e-05
window-b02ef93dd4915fcb10ec,529_76909_148725,teddybear,teddybear,0.7833464741706848,True,0.0011320391204208136,0.020790135487914085,0.00014801615907344967,0.0005244831554591656,5.967736342427088e-06,1.7489365973233362e-06,0.020459197461605072,0.00038628067704848945,0.00012515547859948128,0.0013906694948673248,9.456330190005247e-06,0.0006518498994410038,0.013556611724197865,4.250961865182035e-05,0.00012584941578097641,0.004330107476562262,0.00013055729505140334,0.0024832170456647873,2.6447736672707833e-05,7.174894108175067e-06,0.7833464741706848,8.328088370035402e-06,0.006168875377625227,0.14369291067123413,4.62400093965698e-05,0.0004097804194316268
window-795877036249d09ef239,529_76909_148725,teddybear,teddybear,0.9786409735679626,True,3.525076317600906e-05,0.0007625847356393933,2.9749513075216782e-08,2.7952503955930297e-07,3.712652407728001e-09,1.1964461643643176e-09,0.0005710044642910361,8.402514140470885e-06,4.845459216085146e-07,7.974418986123055e-05,4.491136351703062e-09,6.822332352385274e-07,3.87062355002854e-05,1.7886062408933867e-08,1.219788714479364e-06,2.366192120462074e-06,3.6679033144082496e-08,1.2589549442054704e-05,3.507518044898461e-07,7.143901026296362e-09,0.9786409735679626,2.262081011394912e-07,0.0012615208979696035,0.018583230674266815,1.0790812154937157e-07,5.055825269550951e-08
window-81fb8346cd086ff49d3f,534_77577_150665,teddybear,toytruck,0.6239040493965149,False,4.156270733801648e-05,0.00012598387547768652,2.624283661134541e-05,0.00031597312772646546,0.12352493405342102,1.2129756044032547e-07,0.0005241192411631346,0.00036160415038466454,3.0024013540241867e-05,1.8262780940858647e-05,0.016217539086937904,0.019933193922042847,0.00705426512286067,2.6118994355783798e-05,3.476484926068224e-05,0.00030647340463474393,7.109147759365442e-07,6.566329346924249e-08,0.0021110507659614086,1.235230797647091e-06,0.20283518731594086,3.3151204661407974e-06,0.002601183485239744,0.6239040493965149,1.9819838144030655e-06,3.458813679912964e-08
window-03fb8d85cbb1c38429de,534_77577_150665,teddybear,toytruck,0.825461745262146,False,0.003863356541842222,0.001297022681683302,5.779919320048066e-06,0.0006836726097390056,0.017012018710374832,0.0008483880083076656,4.7806322982069105e-05,0.02116413787007332,0.0028036052826792,0.0008827566634863615,0.000169483115314506,0.06516862660646439,0.014712232165038586,0.0001823505008360371,5.5908581998664886e-05,0.002804730087518692,3.7674567465728614e-07,0.00015381231787614524,0.004561576526612043,0.00021493661915883422,0.0373527817428112,1.233157433944143e-07,0.0005305206868797541,0.825461745262146,1.5742285540909506e-05,6.5699377955752425e-06
window-916b059b988923448200,534_77577_150665,teddybear,teddybear,0.8023826479911804,True,3.365335942362435e-06,0.00032851030118763447,0.00014531500346492976,0.0005900865653529763,0.001478604506701231,3.468339491519146e-05,4.8628779040882364e-05,0.00028757532709278166,0.0002127746120095253,5.320549689713516e-08,2.1819829271407798e-05,0.19194182753562927,1.1350516615493689e-05,0.000340695318300277,5.555630923481658e-05,0.00020468248112592846,4.368637746665627e-06,0.0011323262006044388,1.3013269381190185e-05,1.919445509201978e-07,0.8023826479911804,1.3987021247885423e-06,0.0001242200960405171,0.0005861978861503303,4.836169318878092e-05,1.757954578351928e-06
window-df0c1b2b86a991853d6c,534_77577_150665,teddybear,teddybear,0.929936945438385,True,2.4421036869171076e-05,3.900528099620715e-05,4.160305252298713e-06,1.7827417195803719e-06,0.0032731108367443085,1.9675153453135863e-05,2.2779933715355583e-05,8.237361180363223e-05,7.658367394469678e-06,2.824534988121741e-07,2.8598336939467117e-05,0.062277860939502716,0.00012882999726571143,1.5927560525597073e-05,2.6475245249457657e-06,9.183189831674099e-06,3.095508645856171e-06,2.0467448848648928e-05,0.002231414197012782,1.3210217275627656e-07,0.929936945438385,2.1087703316879924e-06,0.0013111253501847386,0.0005480851395986974,8.32181285659317e-06,2.8510784844115733e-09
window-9c417b7bf214982c3ce5,616_99423_199584,teddybear,teddybear,0.9994877576828003,True,0.00016952055739238858,2.4867355023161508e-05,9.97167376226571e-07,1.6978749073359722e-08,2.2687945744337412e-08,9.218530383492407e-10,5.015224928683892e-07,1.762169267749414e-05,1.2134200915170368e-06,8.165202958210216e-10,8.518770187038172e-07,5.443648092295916e-07,9.98914911178872e-05,1.931300230850752e-09,1.414181554082461e-07,2.1336761619750177e-06,2.4601662929057966e-08,6.362187665587271e-09,2.9807375540258363e-05,0.0001593383785802871,0.9994877576828003,3.907044174411567e-06,1.9982544507968214e-09,5.31258876890206e-07,1.6653297052471316e-07,2.4778907814493323e-09
window-356a4849952325e63d3a,616_99423_199584,teddybear,teddybear,0.9991944432258606,True,0.0003307376755401492,1.3821011634718161e-05,9.710547033137118e-09,2.371873142337222e-09,7.859341621951899e-09,1.4150479898944468e-07,9.191215212922543e-06,3.100065271155472e-07,4.5752466348858434e-07,7.946645382617135e-06,4.373794695311517e-07,5.520354307009256e-07,0.0003400552086532116,1.705738467139284e-10,8.90918627760584e-08,8.647437539366365e-07,2.2382425868272549e-07,2.2823815015726723e-07,8.10873243608512e-05,1.1565576642169617e-05,0.9991944432258606,3.453371618888923e-06,1.1074467565208579e-08,5.033071559523705e-08,3.185922196280444e-06,1.0974661108775763e-06
window-9ef8a5d1258bffe2a5a8,616_99423_199584,teddybear,teddybear,0.9997351765632629,True,4.10920474678278e-05,1.3782882035684452e-07,1.6501054744821886e-08,9.034466508239802e-10,1.650531100683139e-11,2.8298712262397885e-09,6.980463496120137e-08,1.4050656638175951e-08,1.7620506298499095e-07,1.5266920172507525e-08,2.486594041783974e-07,4.799821340384369e-08,1.879589763120748e-05,1.8156498873822535e-11,2.8754262859642665e-10,7.243288191460806e-09,2.32883545780993e-10,1.50746859439721e-10,0.0002030561154242605,6.553746629833768e-07,0.9997351765632629,1.0061111765935493e-07,2.5130733050104936e-09,2.727041037431377e-09,2.9120235467416933e-07,1.8773636811797445e-10
window-a07db3b766d399b7676e,616_99423_199584,teddybear,teddybear,0.9999977350234985,True,1.336327272838389e-06,5.449420359404655e-10,4.7960826421444835e-09,1.4390139253805945e-11,1.2299808740956486e-11,3.293932682169043e-09,4.2955598189564625e-08,1.2284939288065289e-08,2.8421918152332637e-09,1.5620365001467462e-09,6.927361351216632e-09,1.3570722323663631e-08,3.9818638697397546e-07,4.6176526491414904e-10,2.991170158783696e-11,9.301643011383476e-09,6.32091601282525e-11,3.5729565139863695e-11,4.6220569061006245e-07,1.0822329699067268e-08,0.9999977350234985,4.313636559061251e-09,1.42104578104707e-10,1.1200219224294372e-10,1.4214361632181038e-10,7.55154516696166e-09
window-eef52b2b8e15a36ba055,622_102226_205337,teddybear,cup,0.3544871509075165,False,0.0024904063902795315,0.21614937484264374,0.0004627532325685024,0.00896765198558569,0.004788598511368036,1.1663702252917574e-06,0.06389866024255753,0.00026119890389963984,1.5939228887873469e-06,0.3544871509075165,0.00015172138228081167,4.537904533208348e-05,2.7415298973210156e-05,0.005794635973870754,0.0029551200568675995,0.22301708161830902,0.020675119012594223,0.005682928487658501,0.0004898380720987916,2.7676154786604457e-05,0.000613026786595583,7.77138029661728e-06,0.0009986303048208356,0.008048143237829208,0.07995468378067017,2.203918029408669e-06
window-e3e8b1f9835a3d6bc78b,622_102226_205337,teddybear,bench,0.7607628107070923,False,0.0012029670178890228,0.06272804737091064,0.0112930778414011,0.7607628107070923,0.00022955634631216526,1.025978235702496e-07,0.00011701066250680014,0.040348175913095474,3.4214444895042107e-05,0.06511242687702179,0.0006875944091007113,8.864709343470167e-06,8.674927812535316e-05,0.0013652765192091465,0.0001746269263094291,0.03997833654284477,0.00055663101375103,0.0006086815847083926,0.00016356738342437893,6.296135779848555e-06,0.00452814344316721,4.730172349809436e-06,0.0023270382080227137,0.007566745858639479,0.00010796194692375138,3.498144849345408e-07
window-79741da3fe89bcac66b0,622_102226_205337,teddybear,bench,0.2582088112831116,False,0.07914187014102936,0.013579081743955612,0.001581612741574645,0.2582088112831116,0.00027371555916033685,1.1928509593417402e-05,0.005628528539091349,0.025056008249521255,3.6091198126086965e-05,0.007658642716705799,2.804295945679769e-06,0.0005851411842741072,0.0005520920967683196,0.0005765553214587271,0.0016784509643912315,0.08325283229351044,0.0009905779734253883,0.08826225996017456,0.07595494389533997,1.7359478761136415e-06,0.030161861330270767,7.682851901336107e-06,0.09876184910535812,0.22404929995536804,0.003949729725718498,3.58844808943104e-05
window-0170c538150d065b3dcc,622_102226_205337,teddybear,teddybear,0.5257511734962463,True,0.000846618611831218,0.008539123460650444,7.899379124864936e-05,0.0015442813746631145,0.011503580026328564,1.1188123608008027e-05,0.009393887594342232,4.253928273101337e-05,1.0490301974641625e-05,0.003378559835255146,3.431014556554146e-05,1.3188666343921795e-05,0.02006455510854721,1.1764748705900274e-05,0.0004521974187809974,0.21770094335079193,0.006015540100634098,0.018707485869526863,0.0005567644839175045,3.564293365343474e-05,0.5257511734962463,3.6721389733429532e-06,0.014052665792405605,0.16118399798870087,6.490017403848469e-05,1.9376147974980995e-06
window-aa390eb8fddc12f15c3d,124_14451_29937,toilet,toilet,0.9999972581863403,True,5.4849865833072817e-14,1.2474596355893652e-10,2.3006447236184613e-07,3.5785971408408557e-10,6.022410348194285e-11,4.5964497985551134e-07,2.206891616270113e-15,1.892138831751625e-15,9.404057266237942e-08,2.064395943079944e-07,4.084827196493279e-07,1.545117332690804e-11,4.149614263315726e-10,1.6989224263519453e-11,3.336825216138095e-08,2.0071018180800593e-09,1.8357108055866433e-09,2.8361795134657086e-09,8.380424717895074e-13,1.6072155542209976e-12,1.2989863762413734e-06,0.9999972581863403,1.9926514458661407e-14,3.713613097588997e-11,1.479302791373982e-10,2.751380503637768e-12
window-47122011417fad5b16fa,124_14451_29937,toilet,toilet,0.9999915361404419,True,1.9517457853883424e-13,2.1426824758918883e-09,2.625953356982791e-07,2.1216159384884747e-10,6.08194383744376e-10,7.40806740395783e-07,4.1660636529092243e-13,1.7864439853625125e-13,9.971430472432985e-07,1.0149279461302285e-07,2.388772912809145e-08,3.417087945933872e-09,1.943432526019251e-09,8.969362058630637e-11,1.4270478914113482e-06,2.4686221955505516e-09,9.504116604830415e-08,5.970021699219785e-10,1.3518098099241094e-11,3.4879066301840567e-10,4.8753795454103965e-06,0.9999915361404419,3.800717878442439e-13,2.627689177359116e-09,5.058937713187106e-10,3.9046385569285746e-10
window-27b6a1b3e821b0724e70,124_14451_29937,toilet,toilet,0.9999905824661255,True,2.8064813792144302e-14,3.5515863583412965e-09,3.3716395364535856e-07,4.2618811590955374e-08,2.70887556830246e-09,4.6729979885640205e-07,1.0606261962448071e-14,1.9842195378080851e-13,8.090268011073931e-08,7.454678652152325e-09,3.3340038498863578e-06,3.8039402183720483e-10,2.9068006682231307e-11,2.3902893553362503e-11,5.151681307324907e-06,3.4231086715186265e-11,3.561918315853063e-09,1.471730029511953e-11,3.080110168654504e-12,6.623884166861993e-12,1.1487250262121051e-08,0.9999905824661255,3.481603297762065e-13,3.845974927418894e-11,4.010126605780151e-11,9.650423689333554e-12
window-98e07052cbe93982ce45,124_14451_29937,toilet,toilet,0.9998961687088013,True,8.438274357687112e-14,3.832394818159557e-11,2.298348675822126e-07,5.3061040006241456e-09,8.50924386508467e-10,6.430644816646236e-07,8.581172881647059e-13,9.743078637988473e-15,2.2572588420644024e-07,2.4908277662660794e-09,3.4751174098346382e-06,2.9134781254214204e-09,1.182453357451152e-09,1.319254080978105e-11,9.78797979769297e-05,3.613681021086279e-10,6.391989604281889e-09,4.699771127825159e-10,3.5250972280076454e-11,1.4903200895588498e-09,1.4248449815568165e-06,0.9998961687088013,1.603712497001697e-12,7.478618418987892e-11,1.7983128874909937e-10,7.228846861384586e-12
window-a81258d44c6dd240c358,423_58823_113344,toilet,toilet,0.9996858835220337,True,1.422525014449505e-10,3.028792860959584e-08,8.513846978530637e-07,4.5312945076148026e-06,2.714893909683269e-08,1.0035878403868992e-06,6.4874243130286224e-12,3.107278540373515e-12,2.424259491817793e-06,2.9080612762300007e-07,1.5338237346895767e-07,2.4124611197606782e-09,3.312221963369666e-07,1.6628955157305114e-12,0.0003015371039509773,2.746893869698397e-06,5.114586532073417e-10,3.9142747709774994e-08,4.9896000525739836e-11,4.130334962937354e-11,6.221618065183065e-08,0.9996858835220337,1.2429986206985433e-10,1.0124989557880326e-07,3.425739247830961e-09,6.869392277231157e-10
window-33a53c95af0857a7db8f,423_58823_113344,toilet,toilet,0.9999971389770508,True,9.465110376786871e-16,4.800920403412456e-13,6.934641305633704e-09,1.7250464390272668e-09,4.427765792902605e-11,2.307565916126464e-09,4.3793927419696357e-16,1.4093776974199567e-15,8.514025751082954e-08,1.8803591572691403e-08,1.4634464473584075e-10,5.076032649764528e-11,2.1366441602110875e-11,2.206015995960889e-15,2.7763869638874894e-06,7.13614653480299e-11,3.6963576643955776e-10,1.5993777482958826e-12,4.947157338327417e-15,1.505520708100505e-11,1.7475699706781533e-12,0.9999971389770508,4.612332583464433e-14,7.400192264528371e-11,1.1311149499676487e-12,2.0282581170150138e-11
window-5010b5774ee2daf41c3a,423_58823_113344,toilet,toilet,0.9999352693557739,True,8.91045626226581e-15,4.923962171159146e-13,2.3113786440376316e-09,5.300452299294989e-10,1.0821499252244848e-10,1.8503616416865043e-08,1.1245840447293796e-14,2.731941929284636e-15,3.2377496950175555e-07,6.928990270438362e-09,1.7941657881603845e-10,1.8039021882146344e-12,2.3839923091184545e-11,1.7055074567414342e-16,6.435841351049021e-05,4.529415065235298e-09,6.851149092490516e-10,6.959224307934164e-10,2.948161463220411e-13,4.7818943249566814e-11,1.3435443729781227e-11,0.9999352693557739,6.258011127938069e-15,5.420502913709713e-13,7.290554444872033e-12,2.460228132328268e-10
window-14f91cda735cbe6a7f90,423_58823_113344,toilet,toilet,0.9999052286148071,True,4.740816029677464e-13,6.063234914144289e-10,1.3702727841291562e-09,5.266315383778419e-09,2.112860775227432e-09,2.548494921938982e-05,1.3473713464384751e-11,5.6770096300761894e-14,7.475731308659306e-06,3.878672941937111e-06,1.9397552009081664e-08,2.347759486820422e-10,3.540279847058514e-09,3.296496588409679e-15,5.7426401326665655e-05,3.477915289096245e-09,2.650332175946346e-10,4.035580047911935e-07,3.4719317264925165e-12,4.530691100068651e-11,9.572384662703826e-09,0.9999052286148071,8.61108737483865e-14,8.128266393292449e-10,6.403084312767149e-11,1.57836010927781e-09
window-735463d42f1d36d0b8d9,429_60377_117017,toilet,toilet,1.0,True,3.025181876887878e-16,8.671570948283469e-14,2.5778330858816645e-11,2.0274968769856683e-12,5.8802450755846e-12,3.9410821273122565e-09,9.864954330946183e-18,1.0199317898537827e-18,4.955116317262309e-10,9.787883004097608e-11,5.859032703448008e-11,1.2449711434567388e-15,1.6111210672867249e-12,9.734160201617053e-17,6.15329209807669e-09,2.079711750035962e-11,6.4026011055429155e-12,7.87721190359525e-12,2.0876870020069004e-16,7.436594200681268e-14,6.651568401974672e-13,1.0,1.6418471404909856e-17,1.0068440298413085e-15,1.752001931661258e-14,1.0716603250420995e-13
window-6bb7d897729e5874ff90,429_60377_117017,toilet,toilet,1.0,True,1.310401169084957e-13,3.9011952002176997e-10,8.417947450212182e-10,8.95323870597764e-10,5.190857743642141e-10,6.020699494513337e-09,4.92960602156692e-18,1.2167061834024548e-16,1.0466437716516452e-09,1.620899664489528e-10,1.3676538124229864e-08,3.3994489081340395e-12,3.671028325075154e-12,2.9108194588165425e-17,1.6343934206020094e-08,1.1117467189902808e-11,3.0549846506688905e-13,7.093917033657027e-12,9.999875760659707e-18,2.4482681666468925e-17,1.3440748514170764e-11,1.0,8.946699446826106e-14,9.51309669060263e-13,2.9211520219873596e-14,8.167614262873102e-13
window-d1b88caead14e69f10c6,429_60377_117017,toilet,toilet,1.0,True,4.96535689999036e-16,2.5820600865755772e-11,2.419807756948167e-11,1.7058443546602575e-10,2.6897498985045676e-12,1.5643566442236079e-09,6.198630121398823e-17,5.6888742786487315e-18,2.4708912249593595e-08,2.681694588613226e-10,2.2385562292726036e-09,4.147975365964562e-12,5.991843739922009e-12,2.4580729142233637e-19,3.3193492399163915e-10,3.6741456231614844e-12,7.197965314065247e-12,1.5566721089238511e-12,1.1375357078884899e-15,5.435980983924116e-13,2.7715332741491683e-13,1.0,8.687483573928384e-17,7.19056803896457e-16,4.732505636966021e-15,5.456103437432268e-16
window-06b2d0156a18cac33cf0,429_60377_117017,toilet,toilet,1.0,True,2.1626580734568357e-14,1.0983654263885256e-10,2.7369879695982036e-09,3.9177756150365894e-08,2.190985587402494e-11,1.5138800213421177e-09,2.3425434001424073e-17,5.023251800458538e-17,8.189891431698015e-09,3.3762223572431083e-10,2.121829156820354e-09,4.3756487148882695e-12,2.9753059824916273e-12,5.140923536550127e-17,2.2100396179780546e-08,5.466693209221773e-10,3.5357780071854084e-12,1.3485595290203128e-13,1.079522738968398e-15,4.548086625193182e-13,4.837462353433908e-13,1.0,1.054721360162908e-14,4.7422034018824305e-14,1.2474136307227823e-13,4.118974177578019e-14
window-6495dc9a780f1d445af1,431_60914_118495,toilet,toilet,0.9997239708900452,True,1.519221370926971e-08,2.0612668549802038e-07,0.0001488827110733837,1.1788801202783361e-05,4.96187908538559e-07,2.0770451669704926e-07,5.393997980718268e-06,5.85115150775195e-11,5.004371814720798e-06,1.5999057723092847e-05,4.3169554042599145e-10,4.735084985441063e-06,2.523862674408406e-09,4.247751927977106e-09,3.9331560230948526e-08,2.497103560017422e-05,3.289315282017924e-05,1.700823486316949e-05,9.641280662719964e-09,3.0812326023976766e-09,3.393689995689897e-09,0.9997239708900452,8.01833812147379e-06,2.006618444738706e-07,7.404930357779449e-08,2.8028054543938197e-08
window-19e6c19f6e6e7fd61d4e,431_60914_118495,toilet,cake,0.5308669805526733,False,3.390889276033704e-07,0.00105384923517704,0.021920306608080864,0.03296973183751106,0.08925940096378326,3.0405914003495127e-05,0.5308669805526733,0.00020227169443387538,0.002266452880576253,0.1709536463022232,0.0009440482826903462,0.0051012770272791386,1.7009715520543978e-05,0.0005289975088089705,0.00385782471857965,0.0011198135325685143,0.00017566313908901066,0.022918792441487312,7.714512321399525e-05,2.828650758601725e-05,0.0031827117782086134,0.07307950407266617,0.0027929896023124456,0.005647283513098955,0.004907703492790461,0.026097575202584267
window-3fdd4070850d0268ce47,431_60914_118495,toilet,chair,0.45837002992630005,False,4.307405820913601e-10,0.011845137923955917,0.002058039652183652,0.01663416065275669,5.344515052740917e-09,0.44071096181869507,9.065487205361933e-08,2.1419866413907585e-07,0.45837002992630005,0.006115246564149857,0.0006268563447520137,1.8045249817078002e-05,2.3807638172002044e-06,5.205662567675517e-10,0.01608583703637123,6.264433523028856e-07,4.552176857686163e-09,0.0008285116637125611,7.163276904975646e-08,1.7528310536363279e-07,6.409071033885994e-07,0.044238075613975525,4.504498519963818e-06,1.3118229844621965e-06,0.002365461550652981,9.367562597617507e-05
window-d992e2866fb011e47e70,431_60914_118495,toilet,toilet,0.5258281230926514,True,1.0143465800638296e-07,5.4724805522710085e-06,0.012648224830627441,0.4206725060939789,0.008022827096283436,1.9305505702504888e-05,1.1322008504066616e-05,3.527873104758328e-07,0.009862629696726799,0.004613042343407869,0.00016218949167523533,2.0741285879921634e-06,0.0003079674206674099,1.938374367682627e-07,0.0020633821841329336,0.0003109112149104476,0.0030391598120331764,0.01203401293605566,1.1248188513945934e-07,4.097955752513371e-06,5.9949481510557234e-05,0.5258281230926514,1.6224988939939067e-05,2.7382817279431038e-05,0.00017949126777239144,0.00010884671792155132
window-71ba524e0df5f45505d4,564_81534_160286,toilet,toilet,0.6509777903556824,True,6.806612495857678e-10,8.296439773403108e-05,0.00029009010177105665,0.0001425175869371742,0.2914958894252777,1.954610979737481e-06,1.4322137076305808e-07,1.1564031510147288e-08,0.00024798105005174875,4.903103558717703e-07,0.0005340478965081275,0.00015354227798525244,1.0160838428419083e-05,0.00026178808184340596,0.05564325675368309,5.178546780371107e-05,6.297553045442328e-05,2.228044877483626e-07,3.3354524475726066e-06,2.8187134375912137e-05,8.78758783073863e-06,0.6509777903556824,2.084853534256581e-08,6.212104608493974e-07,1.4155461940390524e-06,3.89472010198233e-09
window-a5d32c22a807c05ea5a3,564_81534_160286,toilet,toilet,0.991209864616394,True,8.580340136177256e-07,9.876693366095424e-05,0.0007889954722486436,0.005914052948355675,0.0006515929708257318,3.136053919661208e-06,1.4795300558034796e-06,8.91127456270624e-07,4.263926712155808e-06,3.0136465284158476e-05,1.0927154789897031e-06,3.877962444676086e-05,0.00017147553444374353,3.7497498851735145e-05,0.0009746743598952889,2.5891056793625467e-05,2.4195731384679675e-05,8.012685270841757e-08,2.3421445405347185e-07,4.2259333810079625e-08,8.988839908852242e-06,0.991209864616394,4.200677778953832e-07,8.542565410607494e-06,9.196072880968131e-08,3.987655418313807e-06
window-93ba6f81e14b6e55e84d,564_81534_160286,toilet,toilet,0.5337122082710266,True,5.300241173245013e-05,0.0027487012557685375,0.0002196827990701422,0.3563089966773987,0.017089836299419403,5.379378308134619e-06,2.9854571039322764e-05,9.94958782030153e-07,0.0007556334021501243,4.61621357317199e-06,0.008785741403698921,0.00012474783579818904,0.009976040571928024,8.247271034633741e-05,0.06961818784475327,0.00010541210212977603,0.00011816104233730584,5.131289071869105e-05,2.25320923163963e-06,1.2154196156188846e-05,0.0001330519880866632,0.5337122082710266,1.6042781325609212e-08,1.3806719607600826e-06,5.9028003306593746e-05,1.107468733607675e-06
window-6523510c7ccf5f2c49ee,564_81534_160286,toilet,toilet,0.9993172883987427,True,1.1628437102118028e-09,4.637125130102504e-06,7.784790341247572e-07,0.00021080905571579933,0.0002586125337984413,4.1602510236771195e-07,1.7311267086483895e-08,3.888938504559292e-09,2.470141907906509e-06,3.8502808052953696e-08,1.2408470411173766e-06,1.1921461009478662e-06,1.2800667718693148e-05,4.813911402834492e-08,0.00018006571917794645,8.913371374319468e-09,7.593429472763091e-06,5.116607937338813e-08,1.4425312500065957e-08,1.2076047539721912e-07,1.1486968531926323e-07,0.9993172883987427,1.870559351857537e-08,1.0947633199975826e-07,1.5182514516709489e-06,4.804807107738895e-10
window-b45cd18c8ab01c2a9a0e,590_88813_174935,toilet,toilet,0.9999995231628418,True,3.444481714624478e-16,7.84666255582156e-12,5.494669963468368e-08,2.0361246022559953e-10,6.906611105250704e-08,1.0160996488650653e-08,3.23342528695935e-14,4.663913755930315e-16,1.4718220597842446e-07,2.363226725421441e-09,5.372107381163005e-08,5.591421214923287e-10,9.591535898856307e-11,1.4016504623626247e-10,5.8854269013863814e-08,3.2378383307829495e-10,9.75176467354899e-11,2.660674415164155e-12,1.3917264909957261e-11,1.0526047394820992e-10,1.0779299941532372e-07,0.9999995231628418,2.8047098606272247e-13,2.2430503288095593e-10,9.559551934767985e-12,1.2460534990973993e-12
window-ba16854977f8c700c0ff,590_88813_174935,toilet,toilet,0.9999998807907104,True,9.628604841702019e-18,8.824211326918796e-12,3.754872857086866e-09,1.9755244315411424e-11,2.873600690733724e-09,4.169509182361253e-09,2.955283923987065e-16,4.297700755250813e-15,8.621115910045773e-08,7.310339833477286e-12,2.1358932678072762e-10,6.980010319734831e-11,6.817063732088291e-13,3.345998174711373e-12,6.777020900017305e-08,6.113667514948129e-13,2.1768477645456308e-11,7.903268697036919e-14,2.1099826191263958e-14,7.68707363388299e-13,2.7792021461969796e-10,0.9999998807907104,5.397317318013746e-14,2.1420037618624654e-11,9.903966752614068e-13,3.748710868632654e-13
window-a58e230934259a62d592,590_88813_174935,toilet,toilet,0.9999899864196777,True,3.786598110262253e-15,1.5655886587140344e-09,2.961262790535102e-09,3.716023669331214e-11,9.068337192275067e-09,1.075647674042557e-06,1.0510724099887722e-13,7.080864757383343e-13,1.7484312593296636e-06,9.509767417981152e-10,5.260427204945017e-09,4.882946269546551e-10,5.75493264154403e-10,6.9808429870032995e-12,7.184610240074107e-06,2.9330694123475e-11,1.6234846800244895e-11,3.4893164746474525e-11,2.8792517415415775e-12,2.237999091603271e-10,1.7879447922197755e-09,0.9999899864196777,5.715339226192162e-12,5.563429578137047e-11,1.702264197656067e-11,7.13950860237178e-12
window-39f6fbeabf25798812f7,590_88813_174935,toilet,toilet,0.9999998807907104,True,9.194660432964658e-17,8.799337126996765e-12,1.270730742852777e-10,7.560143483464898e-11,2.7327178714342537e-11,3.392943703772744e-09,1.1159581325097827e-17,2.266457725978114e-15,4.219273541661295e-11,3.327435549316249e-11,5.963501914507674e-11,7.67974280089373e-14,5.139511862969903e-13,4.183865774007821e-16,1.4543951465384453e-07,1.5595753855013328e-12,7.100897560924357e-13,4.038086427466791e-15,3.2291968561350094e-15,1.403604473317402e-13,1.8114664499316313e-12,0.9999998807907104,4.542966768424821e-15,1.6317374833046613e-14,8.719991374955024e-16,3.437480551940486e-12
window-d8e9434fba792d0a41ea,605_94531_187737,toilet,toilet,0.9997299313545227,True,9.285946577647364e-13,7.039143934406411e-09,2.5803230983001413e-06,1.4931878467905335e-05,2.2666135635063256e-07,1.2075008770651152e-09,9.0192258994648e-08,1.6240318118088126e-11,0.00023809281992726028,1.0964296848214872e-07,1.034739494087944e-08,1.0125903600055608e-06,6.4354189817095175e-06,1.9931793715510793e-10,3.920787548850058e-06,2.7436136917913245e-08,4.366779382536379e-09,4.320187656503549e-07,3.68128993954997e-08,4.5327149678087153e-07,7.5083738693138e-07,0.9997299313545227,4.6286472432655046e-09,8.116103344946168e-07,4.614582674311585e-11,5.971856342767978e-09
window-6fddb2454feeb8426dc1,605_94531_187737,toilet,toilet,0.9995313882827759,True,3.5480990367986465e-10,9.289714398619253e-06,0.0002267042436869815,1.1106167221441865e-05,1.7735244455252541e-06,9.602567297406495e-05,2.2391510867691977e-07,7.177175520567403e-11,3.1591371225658804e-05,3.351928853589925e-06,3.1933197419675707e-07,3.892141194228316e-06,5.913978748139925e-05,3.0026498620827624e-08,7.729323442617897e-06,1.5460991562576964e-06,2.0767896291573607e-09,1.5011731591130228e-07,6.684985009997035e-09,3.678811211216271e-08,1.2044621144013945e-05,0.9995313882827759,1.3851789049112995e-07,4.2032678493342246e-07,2.2963710932799586e-07,2.812734237522818e-06
window-3d7af661ff81ba71795f,605_94531_187737,toilet,toilet,0.9999998807907104,True,6.808752797275762e-15,6.26490179178596e-11,4.867781733253196e-10,5.407003733637339e-10,5.6731820630151475e-11,2.3134532484148096e-11,5.802419634180767e-13,2.6233063539092463e-15,1.0471099898268221e-07,4.103466011429191e-09,1.2169774077364082e-09,8.939910478567015e-10,8.538193263518679e-09,1.6873197717509614e-12,2.080293048933868e-09,3.050347127664388e-11,8.449707947222329e-12,4.2763048657690206e-10,6.02517272185743e-11,5.458138940817037e-10,1.8134336698949483e-08,0.9999998807907104,1.481463042518616e-11,6.890935599912495e-10,1.944841926393437e-10,2.6275745468318235e-10
window-e1303be33427dc406352,605_94531_187737,toilet,toilet,0.9999985694885254,True,6.17949864455819e-13,8.913921156761262e-09,1.2201385288790334e-06,2.093434403604988e-08,7.769607734964268e-10,2.2806133717634403e-11,1.5433057609648415e-10,6.409727783263097e-12,6.250865425272423e-08,2.8980855493188074e-09,4.572999756646823e-10,3.3170060476095387e-08,2.9335353701753775e-08,2.856771893697263e-12,4.632664918347018e-09,8.607901613721936e-10,8.952943421347559e-12,2.636500566477462e-11,3.885113342150248e-10,5.342354558734996e-09,3.6143095627494404e-08,0.9999985694885254,1.6118026358036275e-10,7.281716118967552e-09,1.4224461886147566e-10,1.697889051577306e-10
window-bd53011994515c982f5b,621_101751_202372,toilet,microwave,0.8753156065940857,False,4.3846873289295207e-13,5.433629990392319e-09,6.712890171911567e-05,0.10391076654195786,7.203263521660119e-06,8.171611654006483e-08,1.1529953525268866e-07,1.2286083261869862e-10,0.0009371882770210505,6.316724210364555e-08,1.9420146046833509e-10,4.3502637709025294e-05,4.0953600546345115e-05,3.921313236787682e-06,0.8753156065940857,6.138838894685639e-13,7.507432542297465e-07,6.61430110682204e-09,2.3762348178024695e-07,2.5822406435338507e-09,0.00013273458171170205,0.019537219777703285,9.052798094488779e-11,1.7069711475414806e-06,4.2086242046934785e-08,7.107528290362097e-07
window-ee74ed483284b3571090,621_101751_202372,toilet,microwave,0.9842527508735657,False,2.987698630163571e-12,1.0449279130853029e-07,5.536848766496405e-05,0.005732177756726742,3.7665579384338344e-06,1.4239330425880325e-07,6.82063500789809e-06,3.8924096584791457e-11,0.0004948559799231589,2.121159425882979e-08,2.1368193325876916e-10,1.3666316590388305e-05,0.0001789189118426293,3.488122501948965e-07,0.9842527508735657,7.061728589038974e-14,2.0531012978608487e-07,4.228361305536055e-08,1.2827258615288883e-06,3.5813911836157786e-08,0.00815834105014801,0.0010931672295555472,1.058671195153238e-08,7.533058123954106e-07,6.481969450078395e-08,7.136541626096005e-06
window-48bc557c93dfebccbc98,621_101751_202372,toilet,toilet,0.5866806507110596,True,1.9658230663958942e-13,2.14922302177456e-09,1.2017365406791214e-05,0.0001340184680884704,1.5052954438488086e-07,1.2677533050009515e-06,0.0037029157392680645,1.6101542321678153e-09,0.027882693335413933,5.035556750954129e-05,1.138335203876295e-08,0.0015307747526094317,0.00015630274720024318,7.043545338092372e-05,0.21827732026576996,1.2726155240727621e-08,5.3464096708921716e-05,8.40559459902579e-06,3.965468204114586e-05,2.210529714830045e-07,0.09418947994709015,0.5866806507110596,1.369519679883524e-07,4.3099807953694835e-06,1.4748378873719048e-07,0.0672052726149559
window-dab83ef597b0a15d94d6,621_101751_202372,toilet,toilet,0.8907095193862915,True,2.917569519311769e-10,1.1795024956740008e-09,2.85841429104039e-06,0.04099753499031067,4.441032430690939e-09,1.2401634421621566e-06,0.001319575123488903,9.758854835340003e-10,0.0048799822106957436,4.129949502384989e-06,2.6322275061829714e-06,1.057743065757677e-05,0.00695313885807991,7.617202936671674e-05,0.028892170637845993,1.1411650513437621e-09,1.4818443787589786e-06,3.379759760946399e-08,8.916191291064024e-06,1.0334179023629986e-05,0.026127975434064865,0.8907095193862915,4.655369867379022e-09,4.352706355348346e-07,3.969391286773316e-07,8.005371796571126e-07
window-322bc4a8640480222ff0,104_12353_22041,toyplane,toyplane,0.9988498687744141,True,5.451135961891118e-13,8.978392251890455e-09,2.183607250572095e-08,1.6623775273005847e-11,4.375404216716561e-08,2.2316026360158503e-08,1.0619591250815574e-07,5.5673408105860744e-09,8.56774917679104e-09,0.0009772260673344135,2.491829798056955e-10,2.781840748866671e-07,1.1263247001735976e-09,1.8029062630375847e-05,4.0275333068606756e-10,1.2650717140516576e-09,2.5808608583588466e-08,3.042396543029291e-11,1.8451371985861442e-08,9.918276269726967e-12,8.540091585018672e-06,4.754051319277863e-12,0.9988498687744141,0.0001451472780900076,1.9838304865515966e-07,4.618583488991135e-07
window-0c75d5777eab3799596f,104_12353_22041,toyplane,toyplane,0.9999803304672241,True,9.55227325190322e-13,1.3977405899368023e-08,4.329464445618214e-06,5.31771120193536e-11,5.983577522350458e-10,5.825024906869203e-10,2.2447845804407507e-09,2.221162134219412e-07,5.783360990108122e-08,3.0313613024191e-06,5.600762366907153e-13,2.028540357912334e-08,3.350163757520619e-10,1.6899201682463172e-06,1.2023644579972625e-10,3.2023734358732625e-11,1.3022686040642384e-08,5.763313715156926e-10,1.7060759915921153e-08,3.4935931925161867e-10,3.52996471519873e-06,1.3040897571883758e-13,0.9999803304672241,6.823777312092716e-06,8.480858237902567e-10,4.747525039761058e-09
window-55eaacad7e650e88b120,104_12353_22041,toyplane,toyplane,0.9999791383743286,True,2.709875553119634e-11,1.242271707724285e-08,3.739385689982555e-09,4.775479260621905e-14,1.8128012868601218e-08,2.642189522727989e-10,4.113379414860674e-09,1.827349382921284e-09,8.738613305192544e-11,1.2913241334899794e-05,1.6053451970532429e-12,2.416389577319933e-08,4.4417294842169497e-10,4.263857178443686e-08,4.040730597343334e-11,3.799004666404926e-09,2.7118652212720917e-08,6.940698883683982e-12,2.093218043341949e-08,2.1193559060495026e-11,2.247030124635785e-06,5.529795913707114e-13,0.9999791383743286,5.525118922378169e-06,9.507233889038957e-10,1.2106133340239467e-07
window-4de7f3b076f72935a14f,104_12353_22041,toyplane,toyplane,0.9999992847442627,True,1.7468977746485747e-15,8.745872082105421e-12,1.0245106846218377e-11,1.1421314333745838e-14,1.2384870906601009e-09,1.794110243398886e-13,3.1723395611804595e-12,7.181234079611798e-11,8.466706502563426e-12,1.1758492490798744e-07,2.2468048675359197e-14,4.461641125996785e-12,5.6744688700476054e-14,5.278094477034756e-07,4.715028281004896e-13,7.061357927421255e-14,5.3197897476042755e-11,1.0074724393497117e-13,4.100953084062997e-12,1.155505829501845e-15,1.3333059101228173e-08,1.223846777026927e-15,0.9999992847442627,7.552482372830127e-08,2.2538687929896106e-11,8.610965673144788e-13
window-f4f0eb6c15514fa2b3a9,399_51164_100417,toyplane,cake,0.5292960405349731,False,1.9967374100815505e-05,0.000825407390948385,0.0012987629743292928,0.00035754169221036136,0.08359654247760773,7.026956438949128e-08,0.5292960405349731,0.001629350008442998,1.6641683941998053e-07,0.0022029175888746977,2.099918447129312e-06,8.714718205737881e-06,0.0030256640166044235,0.0061497921124100685,7.561736481420667e-08,7.88959368946962e-05,8.440768579021096e-05,5.430014061857946e-05,0.005353431683033705,0.0004108141001779586,0.0025384302716702223,5.535960667657491e-07,0.3360616862773895,0.02616656944155693,0.0007990580052137375,3.8796795706730336e-05
window-0db6b9e781e144e2fd84,399_51164_100417,toyplane,toyplane,0.9675251841545105,True,9.012710506794974e-05,0.0002664102939888835,0.00010229260806227103,1.8103202819474973e-05,0.0017713365377858281,3.1689857404870736e-09,0.01697670854628086,3.271118112024851e-05,6.7709486906153415e-09,0.008772782981395721,8.97921665909962e-07,3.068946341500123e-08,9.878806217500369e-09,0.0002635031705722213,1.0865407773508196e-07,0.00254248408600688,8.124526971187152e-07,9.700352165964432e-07,2.6406087272334844e-06,1.8508831090002786e-06,2.575821963546332e-05,1.1539342814614884e-08,0.9675251841545105,0.0015748620498925447,2.968006447190419e-05,6.570250548065815e-07
window-537c5b8f22ed9c5ad645,399_51164_100417,toyplane,toyplane,0.7904946208000183,True,5.548965418711305e-05,0.0004354915872681886,0.0027446537278592587,0.0002555722021497786,0.08242761343717575,1.7866390589205139e-09,0.004361980129033327,0.001806730404496193,2.007312982499343e-09,0.0010105257388204336,1.4989551573307835e-06,3.387409378774464e-06,2.847062887667562e-06,0.0856342762708664,8.559705975130782e-07,0.0063329823315143585,2.3523149650372943e-07,1.0247661521134432e-05,0.0007742175366729498,5.004853392165387e-06,0.001016387133859098,4.4746645500026716e-08,0.7904946208000183,0.009520423598587513,0.013087480328977108,1.7325259250355884e-05
window-548d10577f710b26a9c2,399_51164_100417,toyplane,toyplane,0.5789168477058411,True,3.6835510400123894e-05,0.01919669099152088,0.0039377170614898205,0.0029956514481455088,0.1214950904250145,3.3407528121642827e-07,0.19343632459640503,0.0013686803868040442,2.871693595807301e-06,0.005482946056872606,7.37155050956062e-06,6.451099352489109e-07,0.0014064144343137741,0.0027563725598156452,2.6679114739636134e-07,0.00038129498716443777,2.1871554054087028e-05,4.0650931623531505e-05,0.0011354461312294006,0.0013692209031432867,0.004374014679342508,2.3576174044137588e-06,0.5789168477058411,0.05527375265955925,0.00613740598782897,0.00022294298105407506
window-2f35dd8684349dd9e1fc,614_98688_198492,toyplane,toyplane,0.8405143618583679,True,6.993555246026517e-08,1.1178814929735381e-05,0.026811471208930016,0.00038379861507564783,0.00029115218785591424,3.6367097777656454e-08,0.05224088579416275,2.1675512471119873e-05,0.027084656059741974,6.165655577206053e-06,3.236794327676762e-06,1.499880397659581e-07,0.004047863185405731,0.0020750134717673063,0.004891255870461464,0.007150362245738506,0.011037920601665974,1.9485902157612145e-05,0.00021889655909035355,0.013829815201461315,0.0026862018276005983,3.272826870670542e-05,0.8405143618583679,0.0066416324116289616,3.391415859255176e-08,3.134864590137454e-09
window-25ed845a16b7cf0dd3e2,614_98688_198492,toyplane,toyplane,0.9276768565177917,True,3.037997885257937e-06,4.6751171112191514e-07,0.0033043851144611835,8.369570281274719e-08,2.987860352732241e-05,4.683006409322843e-07,0.02690444514155388,5.942611551290611e-06,6.338096136460081e-05,9.212856184603879e-07,1.442334905732423e-05,1.107541379496979e-06,0.0011400813236832619,0.0006933428812772036,4.0188962884712964e-05,0.002720403019338846,0.004905470181256533,2.2713975340593606e-05,0.010718763805925846,0.0027199399191886187,5.472238626680337e-05,4.564212758850772e-06,0.9276768565177917,0.018974503502249718,4.6684247578809845e-09,3.723127084409583e-10
window-929afe18f1b189f89d30,614_98688_198492,toyplane,toyplane,0.9298657178878784,True,4.0905927534140574e-08,2.1074267806397984e-06,0.01982327178120613,2.3288355805561878e-05,5.3808744269190356e-05,1.4548123772328836e-07,0.0015594306169077754,3.661339860627777e-06,0.00022114223975222558,1.7802369711716892e-06,3.954927706217859e-06,3.0683429486089153e-07,0.0015785321593284607,3.3727446862030774e-05,0.000245746283326298,0.041694797575473785,0.0011837477795779705,9.307838126915158e-07,6.272009341046214e-05,2.156097980332561e-05,0.0013223462738096714,0.0009614788577891886,0.9298657178878784,0.0013357694260776043,2.2269585286949223e-08,2.3157561979125774e-10
window-b9efb91f0eb09438d663,614_98688_198492,toyplane,toyplane,0.9260857701301575,True,2.7679147862613718e-08,2.6369712941232137e-05,0.0022899964824318886,6.370304618030787e-05,0.00010651122283888981,1.7780021153157577e-06,0.015016544610261917,1.2336703321125242e-06,0.0024176263250410557,3.311633008706849e-06,3.246197593398392e-05,9.279951882490423e-07,0.00701144291087985,0.001062207156792283,0.0035810349509119987,0.023465534672141075,0.0026673784013837576,6.068678885640111e-06,1.6194151612580754e-05,0.000225365802180022,0.005902444943785667,0.0014035949716344476,0.9260857701301575,0.00861201249063015,4.781859956892731e-07,4.112166718250876e-10
window-0b24ca0c1bba683f6e55,372_40936_81490,toytruck,toytruck,0.9212785363197327,True,1.1340031051076949e-05,0.0006662053638137877,1.6859044990269467e-05,0.016786683350801468,1.0123307220055722e-05,6.485233825515024e-06,0.001252916525118053,3.500814045764855e-06,2.3981812773854472e-05,0.0009300572564825416,1.5147904377954546e-05,0.030101586133241653,0.026824340224266052,9.054801921593025e-07,0.0009360850090160966,0.0006131020491011441,1.4688013834529556e-05,0.0001822922786232084,1.1498087587824557e-05,1.3245568879938219e-05,1.976644853129983e-05,3.816029447989422e-08,0.00010924552043434232,0.9212785363197327,0.00010751080844784155,6.394040246959776e-05
window-97bb6630579a4ec62ca8,372_40936_81490,toytruck,toytruck,0.7859439253807068,True,3.6246105992177036e-06,1.5872677977313288e-05,0.00024365325225517154,0.03126019984483719,3.630483115557581e-05,1.9223743947804905e-06,0.02017201855778694,9.97874576569302e-06,0.00012806874292436987,0.00033581655588932335,2.2213260308490135e-05,0.15192659199237823,0.005703471601009369,4.7100601818783616e-07,0.0030337211210280657,0.0001677935797488317,6.919304269104032e-06,0.0008329548290930688,1.7561662389198318e-05,5.0262617151020095e-05,1.504705232946435e-05,5.005352932130336e-07,4.554143288260093e-06,0.7859439253807068,4.7473007725784555e-05,1.9107526895822957e-05
window-cd296299fc7e0c80718e,372_40936_81490,toytruck,toytruck,0.6913654208183289,True,6.291543832048774e-05,8.302748028654605e-05,0.00014139595441520214,0.018669625744223595,1.3046971503172244e-07,7.568993169115856e-05,0.0010795638663694263,9.503549335931893e-06,4.3309410102665424e-05,0.0012714645126834512,7.249323971336707e-05,0.2566182613372803,0.027285080403089523,1.626348603167571e-05,0.0017769723199307919,1.6980195141513832e-05,6.983491039136425e-05,0.0009574498981237411,5.623570177704096e-05,0.00019185408018529415,1.41201562655624e-05,1.7265581675474095e-07,6.413275514205452e-06,0.6913654208183289,9.039334690896794e-05,2.551286161178723e-05
window-aac758fe63b6a027de35,372_40936_81490,toytruck,toytruck,0.9345914721488953,True,0.0003142091154586524,0.0001193055504700169,1.3639310964208562e-05,0.010195950977504253,2.7688091819300098e-08,6.043896792107262e-05,0.0004017134488094598,2.6467703264643205e-06,9.509766641713213e-06,0.0014355664607137442,1.4364579328685068e-05,0.05092778429389,0.0013293366646394134,2.3193317701952765e-06,0.0003590535488910973,1.500248345109867e-05,2.3736990897305077e-06,0.00010339311847928911,1.841264747781679e-06,3.8777352528995834e-06,7.800395707135976e-08,3.772362688891917e-08,4.24946156272199e-05,0.9345914721488953,5.085323209641501e-05,2.6574359708320117e-06
window-6d80d3ade9b762bbed50,375_42459_85038,toytruck,toytruck,0.8682243824005127,True,0.0012166015803813934,0.00047050174907781184,1.3254447367216926e-05,0.0036835630889981985,0.00013236174709163606,3.5422499422566034e-07,0.0037910020910203457,8.707799133844674e-05,2.429286951155518e-06,0.00020056426001247019,6.20040268017874e-08,0.07406668365001678,0.0012305093696340919,1.6427385673978279e-07,4.000385888502933e-05,0.005388560704886913,1.41334581371666e-07,6.535930879181251e-05,0.00020648336794693023,3.00546396658774e-08,0.004433083347976208,2.4856920965987683e-09,0.03565679118037224,0.8682243824005127,6.592968020413537e-07,0.001089367549866438
window-44cc5c1b719d0c151930,375_42459_85038,toytruck,mouse,0.8176960349082947,False,0.008082442916929722,0.06532306969165802,7.129418372642249e-05,0.0002964749583043158,0.0002748275292105973,2.193530917793396e-06,0.00034718139795586467,0.0009333804482594132,4.751888660337045e-09,0.0007986546261236072,1.6581556337769143e-05,0.0035431620199233294,0.0002698485623113811,3.289565256636706e-06,1.9464422962300887e-07,0.8176960349082947,5.155535518497345e-07,0.000881317479070276,0.0012412950163707137,1.2525961601284052e-08,0.03785824775695801,5.806779057593303e-08,0.03324953839182854,0.02910141460597515,3.0420835628319765e-06,5.988626980979461e-06
window-8f3674ccdd85312e153c,375_42459_85038,toytruck,mouse,0.33348873257637024,False,0.00271940347738564,0.003008093684911728,0.0002448259328957647,0.03704696148633957,0.001942915958352387,5.8957877627108246e-05,0.0019266916206106544,0.00018931025988422334,3.555809962563217e-05,0.0005495775258168578,2.0821795260417275e-05,0.039398375898599625,3.4288961614947766e-05,0.00015527526556979865,0.00010450688569108024,0.33348873257637024,3.5030432627536356e-05,0.06563860177993774,0.004870154894888401,6.798764502491395e-07,0.00038116617361083627,6.298518542280362e-07,0.27015432715415955,0.2376284897327423,4.403621278470382e-05,0.0003225945692975074
window-9e44c8097045c4603668,375_42459_85038,toytruck,toytruck,0.5925381183624268,True,4.139170778216794e-05,0.0003808191395364702,0.0025768091436475515,0.0006254204199649394,0.007155448663979769,0.00013052139547653496,0.007009933236986399,1.1936886039620731e-05,1.1795442844686477e-07,0.0006538404268212616,1.8641836163624248e-07,0.024808799847960472,0.00013615832722280174,1.7562116454428178e-06,0.00045521004358306527,0.0014177559642121196,1.3656358532898594e-07,0.0010667637689039111,0.0002808371209539473,5.369314237668732e-08,0.09366247802972794,1.8388858791240636e-07,0.2663709819316864,0.5925381183624268,5.823099513690977e-07,0.0006738734664395452
window-0b225b826870238bc685,380_45013_90081,toytruck,cake,0.48346996307373047,False,0.03293943777680397,0.0007249065092764795,0.01453209389001131,0.005053838714957237,2.6390896891825832e-05,0.001983077498152852,0.48346996307373047,0.010982143692672253,1.2056924560965854e-06,0.001195042277686298,0.0024276534095406532,0.0008156112744472921,3.3516346320539014e-06,1.851849810918793e-05,0.07055216282606125,0.0001502951781731099,1.8370303223491646e-05,0.00010361563181504607,0.00126806425396353,7.600722540246352e-08,0.00931202620267868,1.5220498994494847e-07,0.00018966196512337774,0.3642216622829437,5.115996373206144e-06,5.537669949262636e-06
window-980e54b66a6ab059ff69,380_45013_90081,toytruck,cake,0.7684290409088135,False,0.0003406702307984233,8.131218783091754e-05,0.0005483429995365441,0.00077593739842996,1.3116452464601025e-05,2.8686937980637595e-07,0.7684290409088135,1.7242761884972424e-07,5.353270466912363e-07,0.0005876785726286471,4.573461410473101e-05,0.00062319275457412,0.002569852862507105,1.4983294249759638e-06,0.009549491107463837,0.0006743540870957077,3.5286598176753614e-06,1.4048245589037833e-07,0.0009411030332557857,3.3604319469304755e-05,0.00010100355575559661,2.4458555344608612e-05,7.005541647231439e-06,0.2146470993757248,6.295476282502932e-07,2.2756213979846507e-07
window-3ea7a6019e82a540b49a,380_45013_90081,toytruck,toytruck,0.9908275008201599,True,0.0002712293353397399,2.8202312023495324e-06,0.0002187420177506283,0.0007034066948108375,6.618732300012198e-07,3.441877561272122e-05,0.0010786355705931783,1.3870302382201771e-06,1.8817577256413642e-06,1.2378038263705093e-05,2.2242838895181194e-06,0.00027851026970893145,1.1434819498390425e-05,7.220021984721825e-07,0.0023142872378230095,0.00014178782294038683,9.047929779626429e-06,1.979252374439966e-05,0.003355986438691616,1.8185144199378556e-06,3.116222069365904e-05,2.1763761992588115e-07,0.000677105039358139,0.9908275008201599,2.198479251092067e-06,6.398512937266787e-07
window-e582905ca769f51e865e,380_45013_90081,toytruck,toytruck,0.4912213683128357,True,0.054900120943784714,0.053119633346796036,0.1054597869515419,0.0016331617953255773,5.21035372003098e-06,0.0005302552599459887,0.09152012318372726,3.2840739550010767e-06,1.2396394595270976e-06,0.00010651125921867788,0.004617179278284311,0.00555680226534605,0.0016643099952489138,4.286764669814147e-05,0.013225794769823551,0.049289096146821976,3.722125984495506e-05,1.9675646854011575e-06,5.476192382047884e-05,1.1290301671351699e-07,0.1265982836484909,1.5290688679669984e-05,0.00038718178984709084,0.4912213683128357,3.3797111882449826e-06,5.077255082142074e-06
window-aa5fc13102f643fcfd0f,385_45397_90766,toytruck,toyplane,0.4554562568664551,False,0.003519771620631218,4.1766721551539376e-05,0.0006006950279697776,0.0003259714285377413,0.03140592575073242,2.0309749743319117e-05,0.02636902593076229,0.0010257038520649076,6.407807086361572e-05,0.0018878072733059525,1.8623822484187258e-07,0.00039790492155589163,3.7631886584676977e-07,0.0003844359889626503,0.009172010235488415,0.01383611373603344,2.3142451027524658e-05,1.0705016961765068e-07,0.001036187051795423,6.054614459571894e-06,0.0001431955024600029,1.6383073386805336e-07,0.4554562568664551,0.4541162848472595,1.1491122720030944e-08,0.00016641165711916983
window-4d8ed42a3d5a14d6c361,385_45397_90766,toytruck,toytruck,0.8848141431808472,True,0.003281752346083522,2.328797745576594e-05,0.00016703949950169772,5.6868437241064385e-05,0.041021768003702164,7.92183982412098e-06,0.044819269329309464,0.003400694113224745,3.911389285349287e-05,0.003714220132678747,4.369549628790992e-07,2.7249341655988246e-05,1.0861835164632794e-07,2.6512114345678128e-05,0.0002603136526886374,0.00030047204927541316,4.914679266221356e-06,2.6687006382530853e-08,0.001764148473739624,2.7958929422311485e-05,2.3690888610872207e-06,1.2927738168855285e-07,0.016217121854424477,0.8848141431808472,9.361335040480867e-10,2.218891131633427e-05
window-afd4c288c406c81f74f1,385_45397_90766,toytruck,toytruck,0.9117494225502014,True,1.3157172361388803e-05,2.4541025140933925e-06,2.4692742954357527e-05,2.2150670702103525e-05,0.0007974941399879754,1.2195307590445736e-06,0.016243895515799522,0.00012263114331290126,2.4524632635802845e-07,0.022601798176765442,1.5880077697261186e-08,2.9313740014913492e-05,7.438922693836503e-06,3.1509616746916436e-06,0.00695840222761035,0.0004383301129564643,0.0015180694172158837,1.9112986748837102e-08,0.0003821039863396436,1.711781116853217e-08,3.0017868084541988e-06,1.3457801983918216e-08,0.03900299593806267,0.9117494225502014,3.203718179634052e-08,7.787234062561765e-05
window-4665c62586acd1104255,387_46845_93204,toytruck,toytruck,0.8683335185050964,True,0.0002657908480614424,0.0002611110103316605,5.464474452310242e-05,0.0005274230497889221,3.073854895774275e-05,1.2694865745288553e-06,0.016494903713464737,9.19585090741748e-06,4.029852334497264e-06,0.0015689904103055596,8.270832950074691e-06,0.06156754493713379,0.0019288782496005297,1.5286908819689415e-05,0.00013117196795064956,0.0006555915460921824,6.642242738053028e-07,0.0006492835818789899,0.001414754893630743,7.554999825742925e-08,0.019444795325398445,1.5530686141573824e-06,0.026334963738918304,0.8683335185050964,0.00028712270432151854,8.499273462803103e-06
window-e1184b1216914bcd8e56,387_46845_93204,toytruck,toytruck,0.5826554894447327,True,0.0005992908263579011,0.000711821427103132,7.378678856184706e-05,0.00017305230721831322,4.5264354412211105e-05,1.1203195526832133e-06,0.1401500552892685,0.00011332045687595382,2.7334746732776694e-07,0.000865765439812094,3.8748275983380154e-05,0.05601005628705025,0.00010001715418184176,3.845483297482133e-05,2.418988060526317e-06,0.0025123159866780043,1.240785650225007e-06,0.003077933331951499,0.0018896183464676142,6.747755776359554e-08,0.009299315512180328,3.125349849142367e-06,0.20043927431106567,0.5826554894447327,0.0011917991796508431,6.3290058278653305e-06
window-4a51b0892e19dd118ef8,387_46845_93204,toytruck,toyplane,0.7477973699569702,False,0.00035811352427117527,0.004850657656788826,6.013948222971521e-05,1.8364435163675807e-05,7.539857733718236e-07,3.9860350398157607e-07,0.013398492708802223,0.00017386906256433576,5.743821702708374e-07,0.000691008404828608,4.101707963855006e-05,0.0024247646797448397,1.711665390757844e-05,6.544042116729543e-05,2.7477344701765105e-06,0.007826329208910465,6.136292086011963e-06,0.0012354959035292268,0.0005227071815170348,4.215513854433084e-06,0.013241498731076717,3.323638520669192e-05,0.7477973699569702,0.2067546397447586,0.00047483795788139105,1.2628649415091786e-07
window-b48753e0a5d12bdbc773,387_46845_93204,toytruck,toyplane,0.9543418884277344,False,4.441530836629681e-05,1.9612200048868544e-05,2.8194608603371307e-05,0.00011609958164626732,3.4611020964803174e-06,3.622094624233796e-08,0.0008856721105985343,1.1911138741993454e-08,9.712349537949194e-07,0.00034988229162991047,5.3852854620117796e-08,0.009019143879413605,2.169044364563888e-06,3.5578855204221327e-06,1.9652941773529164e-05,7.947673111630138e-06,1.2574109859997407e-06,0.00016721496649552137,0.00023982816492207348,9.694373659385747e-08,0.00030973501270636916,4.2040160224132705e-06,0.9543418884277344,0.034278906881809235,0.00015576965233776718,2.6387701268504316e-07
window-57e3dfc905797a087030,399_51165_100420,toytruck,kite,0.838868260383606,False,0.0006528531084768474,0.0003953829873353243,0.0030528088100254536,0.03106480836868286,0.09669458866119385,7.334790108615152e-09,0.0035988499876111746,0.0011845516273751855,3.676009185937801e-08,0.0008794604800641537,3.428710624575615e-05,6.885008588142227e-06,8.089542120615079e-07,0.838868260383606,0.00011403004464227706,0.0051637371070683,1.4069795497562154e-06,7.047650342428824e-06,0.0031759177800267935,1.0427031327253644e-07,5.020798994337383e-07,1.670600013881085e-08,0.00021606002701446414,0.009447610005736351,0.005379355046898127,6.062550164642744e-05
window-a9919644921744937964,399_51165_100420,toytruck,kite,0.4860475957393646,False,8.95512039278401e-06,0.00016861689800862223,0.0004744094330817461,0.0014495388604700565,0.0004916268517263234,4.202910020012496e-09,0.0008869269513525069,0.0009105477947741747,2.8191288947709836e-07,0.09187782555818558,4.967085374119051e-07,3.8103637507447274e-06,5.215200076236215e-07,0.4860475957393646,2.025631573587816e-07,0.005001381039619446,1.2658393643505406e-05,2.9541554340539733e-06,0.019285574555397034,8.381313421068626e-09,8.106406212959882e-09,1.1060638627213848e-07,0.30728572607040405,0.08568983525037766,0.0003987210802733898,1.6865050156411598e-06
window-40234a50edd7c182b028,399_51165_100420,toytruck,mouse,0.31609001755714417,False,0.011803381145000458,0.018904652446508408,0.0015194524312391877,0.029742125421762466,0.02076827548444271,5.995639753564319e-07,0.14255169034004211,0.005139123648405075,1.9954384242737433e-06,0.07078652083873749,2.1247825543468934e-07,2.2057674868847243e-05,1.3487636351783294e-05,0.037865158170461655,0.00020482407126110047,0.31609001755714417,3.7816389522049576e-06,0.0005264891660772264,0.0024188102688640356,1.5942488971631974e-05,1.2523664736363571e-06,1.0817057045642287e-06,0.2078438550233841,0.12929604947566986,0.003951788414269686,0.0005273014539852738
window-f3e5ff0c44334fcc0549,399_51165_100420,toytruck,toytruck,0.5360511541366577,True,0.026272401213645935,0.05794862285256386,0.0009315140196122229,0.09116654098033905,0.060979798436164856,3.772093748466432e-09,0.023073209449648857,0.0053522102534770966,7.321493740164442e-07,0.03156345710158348,7.278723387571517e-06,5.00948726767092e-06,9.292930371884722e-07,0.0022760911379009485,2.0942132323398255e-05,0.04007155820727348,4.753327084472403e-05,7.622764769621426e-06,0.10339033603668213,8.964259905042127e-06,9.109542986607266e-08,6.728176231263205e-06,0.0032199418637901545,0.5360511541366577,0.017575237900018692,2.2103547962615266e-05
window-b49bcc75f62e892a24be,416_57430_111052,toytruck,toytruck,0.9989721775054932,True,1.4969123163233178e-10,9.938325717939733e-10,7.088675374689046e-06,2.8835274861194193e-05,3.685661431518383e-05,1.8594027428875393e-09,1.1551028364920057e-06,1.7594452117464243e-07,0.00012481423618737608,1.4122651009529363e-05,2.7495067334015744e-10,8.375593097298406e-06,3.643031334377156e-07,1.0754869208540185e-06,1.6328366427842411e-06,1.8867309847792058e-07,1.1967335108997723e-11,2.3189608455709276e-08,4.384754447528394e-06,7.645167556802335e-07,7.626078513567336e-06,5.972366068363044e-08,0.0007901890785433352,0.9989721775054932,1.7169168131658807e-07,6.997024737387392e-09
window-231293fe2fd785d1f6d9,416_57430_111052,toytruck,toytruck,0.798439621925354,True,2.0484444362978138e-08,2.1068965452286648e-06,4.876821913057938e-05,0.00034620208316482604,0.002152833389118314,2.0393221333847578e-08,2.1258667857182445e-06,1.0173958742143441e-07,0.0015712134772911668,2.2965930838836357e-05,6.509474133054027e-07,0.0003522225306369364,2.591429222320585e-07,2.3162461729953066e-05,0.0005824522231705487,4.732036904897541e-05,1.5348093629352633e-10,2.0644486653509375e-07,0.00022206432186067104,1.8130816897610202e-05,0.0061951070092618465,8.924505436880281e-07,0.17558687925338745,0.798439621925354,0.014384623616933823,5.6043695906282665e-08
window-77ffc6abd32d07a1978a,416_57430_111052,toytruck,toytruck,0.997424840927124,True,1.5846722545287406e-10,3.7530486451942124e-07,6.259350629989058e-05,0.000976247014477849,0.00030767411226406693,2.9400422096870216e-09,1.0793544788612053e-05,2.5837854991550557e-05,5.749838601332158e-05,1.2419313861755654e-05,6.946643704708322e-09,2.626499735924881e-05,6.6076806248815956e-09,1.0892941645579413e-05,0.00015176601300481707,0.0001957546774065122,4.640935458155582e-08,2.657547248929859e-08,3.2643954909872264e-05,9.994657375500537e-06,0.00040483789052814245,7.744694698885723e-07,0.0002093863586196676,0.997424840927124,6.29573842161335e-05,1.64399480127031e-05
window-854f8472331603bbca9f,416_57430_111052,toytruck,toytruck,0.9732472896575928,True,2.1196694177660902e-08,8.955828434409341e-07,3.643674426712096e-05,0.0006057739956304431,4.4684547901852056e-05,1.1116928710919183e-08,5.025355562793266e-07,1.8591113075672183e-06,0.0013581167440861464,2.037835838564206e-05,1.19586431424068e-07,0.000114240130642429,1.1231020835111849e-05,2.6176546725764638e-06,3.13656528305728e-05,3.0117746064206585e-05,9.33182177365044e-12,1.1270649302730362e-08,2.5716572054079734e-05,2.356213008170016e-05,0.00012550583051051944,9.811708423512755e-08,0.02431073598563671,0.9732472896575928,8.627891475043725e-06,2.5430940908677258e-08
window-7659ba2c37e17312e370,601_92870_186087,toytruck,baseballbat,0.8606788516044617,False,0.0001386339426971972,0.0031514146830886602,0.8606788516044617,0.016931431367993355,9.126375175583235e-07,1.5706015654703975e-10,1.275573850989531e-07,0.00011371550499461591,5.982651885005907e-08,0.0019411628600209951,0.0001608484162716195,0.003624116303399205,2.2186613080066309e-07,0.0006237588240765035,0.017455019056797028,0.06177574768662453,1.0482198149475153e-06,4.9092323088639755e-12,0.00025101163191720843,3.101081336165379e-10,2.7428808380136616e-07,2.9059794997010613e-06,0.03139282763004303,0.001754930941388011,1.0502224512265457e-07,9.219286880579602e-07
window-463ed90b247f870778b5,601_92870_186087,toytruck,toytruck,0.9582343697547913,True,3.6133715184405446e-05,0.00015171687118709087,0.00070017552934587,0.0008643623441457748,3.098338856943883e-05,2.6674660744130385e-12,2.441846334022557e-07,1.153775087914255e-06,1.5935560163105045e-11,0.00013253996439743787,3.822298094746657e-05,3.8589782889175694e-06,6.54360343688154e-10,4.171280920672871e-08,9.224164386978373e-05,0.039346884936094284,1.170761265711917e-08,5.671344470437045e-12,2.2661597540718503e-05,1.7640487959269535e-09,1.1094459795302214e-09,5.922869377172901e-07,0.00014384031237568706,0.9582343697547913,0.00019983318634331226,6.919105999259045e-08
window-4bf70f2e7c934b4622d9,222_23411_48627,umbrella,bench,0.5084989666938782,False,1.9420980379436514e-08,0.00011024798004655167,0.0028765201568603516,0.5084989666938782,1.28028875678865e-06,8.418986396918626e-08,1.5951998832974823e-08,2.012701258991001e-07,0.001460320665501058,1.0267909544836584e-07,3.5887073863705155e-06,0.0013801530003547668,5.38774565939093e-06,6.00401617703028e-05,4.054077635373687e-06,0.0003980316105298698,1.2764491657435428e-05,0.00012498977594077587,2.5629386612990857e-08,8.806742926026345e-07,1.8435392235005565e-07,2.937336773811694e-08,0.0001700198045000434,1.8017949514614884e-06,0.4848902225494385,1.0412591677777527e-07
window-1772af76315875ae0013,222_23411_48627,umbrella,umbrella,0.9993392825126648,True,1.7513755723452817e-10,1.7146143136415049e-06,1.1685875733746798e-06,0.000550934870261699,1.0136625405721134e-07,2.2752041136525625e-12,6.550357625201286e-07,1.2063161136666167e-08,4.1614813994783617e-07,1.8747607910540864e-09,1.244924996424146e-11,9.687312558526173e-05,5.097394506492492e-08,1.9516843963174324e-07,2.240816172616178e-07,6.24963558948366e-06,1.9809514029134334e-08,2.7490605347679775e-09,1.5845932566094234e-08,5.8368136990338826e-09,1.6201562313966633e-10,2.261654058477447e-11,4.3103302260760756e-08,1.9110364064545138e-06,0.9993392825126648,3.174192159116629e-11
window-0de76f7089941167f366,222_23411_48627,umbrella,umbrella,0.9944989085197449,True,3.776138512989746e-09,1.9170773157384247e-05,0.00022096095199231058,0.0036003815475851297,5.390065780375153e-06,2.6905175865010733e-09,3.4337160741415573e-06,1.898877721728809e-09,5.7283261412521824e-05,4.867040956924029e-07,3.2694842388991674e-09,0.0004067185800522566,7.187647952378029e-06,0.0004878056643065065,9.389692650074721e-07,0.0004348305519670248,0.00017580307030584663,3.943820956919808e-06,2.3655060132909966e-08,7.240923878271133e-05,1.0755034054454882e-06,9.00529286695928e-08,2.5751264729478862e-06,4.3285592710162746e-07,0.9944989085197449,2.0470821482376778e-07
window-3f4879e001adfe52eb4d,222_23411_48627,umbrella,umbrella,0.9575848579406738,True,2.3528357928626065e-07,1.7388578271493316e-05,0.000504012918099761,0.03687812015414238,9.035164794113371e-07,1.6089704013566575e-09,5.8969686023147005e-08,1.8051778738481516e-07,0.0039100078865885735,2.2866230210638605e-05,7.998015583154938e-10,1.9216935470467433e-05,3.5306107747601345e-05,1.1795719728979748e-05,1.8519773220759816e-05,4.305027687223628e-05,1.42478393172496e-05,0.0009026093175634742,3.4272186439920915e-06,1.2487121239246335e-05,3.2545393047200832e-09,1.8438247595398138e-09,6.947087968001142e-06,4.463716322788969e-06,0.9575848579406738,9.292588401876856e-06
window-e288281e2a2c476c4eca,373_41364_82715,umbrella,umbrella,0.9953645467758179,True,3.676840378830093e-07,1.1537827049323823e-05,6.023000423738267e-06,0.00028311953064985573,3.676346022984944e-05,8.022487207881568e-08,3.640988310849025e-08,3.2980238984237076e-07,0.000384106911951676,6.592042154807132e-06,6.766970273019979e-07,0.001752517418935895,1.0475382623553742e-06,5.0501839723438025e-06,4.586585689025924e-08,0.0007571102469228208,6.955833953270485e-08,1.7917157038027653e-06,1.7587279216968454e-05,0.0003586465900298208,1.2646939051563777e-09,6.9040564376621205e-09,0.0009893260430544615,1.7260670574614778e-05,0.9953645467758179,5.242228780844016e-06
window-9a615c62030b005e70d8,373_41364_82715,umbrella,umbrella,0.9997310042381287,True,2.1893761470437312e-08,1.2227575396650536e-08,7.251836109389842e-07,2.389698965998832e-05,6.263079832535823e-09,1.0262172361885646e-10,2.112720241809196e-11,1.1995275883691647e-09,0.00017963982827495784,1.0377269710204473e-08,6.128940022165352e-09,7.1796816882852e-06,5.185325502310434e-10,2.5592764019144454e-10,4.496437888690252e-09,2.1160234609851614e-05,4.268484232738956e-09,1.0955801371892449e-05,1.5836778857192257e-06,7.753248709718719e-09,1.924565840027981e-09,1.0391935922893225e-10,2.361799488426186e-05,9.660030997338254e-09,0.9997310042381287,2.158230394400107e-08
window-c9de653fa93907858476,373_41364_82715,umbrella,umbrella,0.999157190322876,True,4.6567699030219956e-08,8.201071977964602e-06,8.396759767492767e-07,1.0106606168847065e-05,6.772052984160837e-06,2.3115710734433748e-10,1.541106264824066e-08,5.555476789709246e-08,1.1431638995418325e-05,5.75349712317319e-10,3.804325743317349e-09,0.0003386193129699677,1.5636389752438085e-11,6.153458542712542e-08,9.314899216406047e-07,0.00045593114919029176,7.980866456591684e-08,1.5605793635131704e-07,3.9444794310838915e-06,3.2861915855164625e-08,5.593375762558139e-10,9.587812765943227e-10,5.61155820832937e-06,1.7039987199041207e-08,0.999157190322876,3.6824576721272706e-09
window-372b6a4b5396844a7deb,373_41364_82715,umbrella,umbrella,0.9998457431793213,True,2.1112214199092705e-08,4.335034553548667e-09,3.2925123605309636e-07,5.334343100571459e-08,1.325393270690256e-07,1.4952508632301575e-12,6.009740483037262e-10,4.779964202228371e-10,3.1765165431352216e-07,5.4607882660207e-09,1.3505903340149672e-10,2.952415115942131e-06,1.2062612020358188e-10,5.053713607594545e-07,2.2206574357142017e-09,2.6518802769714966e-05,2.3000569626674405e-07,2.9452353444980872e-08,1.5796123298272846e-09,1.4583162455394927e-09,1.318595233001929e-09,6.738168356612562e-10,0.0001229910849360749,4.0449624094662795e-08,0.9998457431793213,1.497140367234806e-08
window-8a1a710bc32b3ae761d6,378_44135_87968,umbrella,umbrella,0.45382586121559143,True,0.002466551959514618,0.0171815138310194,0.0015923622995615005,0.007400523871183395,0.005733718164265156,6.870213110232726e-05,0.016727127134799957,0.0006570167606696486,0.0007936498732306063,0.06356615573167801,0.009988140314817429,0.10254586488008499,5.92891956330277e-05,0.0042255776934325695,3.765201836358756e-05,0.01638224348425865,2.5793793767547868e-08,0.05008198693394661,0.0014397302875295281,8.230601906689117e-07,0.058323513716459274,0.010329203680157661,0.1750606745481491,0.0010873329592868686,0.45382586121559143,0.0004248381301295012
window-1bac2af62af9879fecd8,378_44135_87968,umbrella,umbrella,0.8179078698158264,True,4.916060788673349e-06,0.0023358750622719526,9.794186553335749e-06,5.6413220590911806e-05,0.0008500601397827268,2.6768806492327712e-05,0.0028844824992120266,5.338514893082902e-05,7.28374698155676e-06,0.0026551312766969204,0.00014201190788298845,0.12904813885688782,9.15934549539088e-07,0.03421594202518463,4.523705138126388e-05,0.0007485375390388072,1.9633752401659876e-09,0.000791922037024051,0.002161285374313593,1.0150278484388764e-07,0.0003772406780626625,6.715541530866176e-05,0.004937182646244764,3.9312268199864775e-05,0.8179078698158264,0.0006329889292828739
window-f14c980b07ff66852f38,378_44135_87968,umbrella,umbrella,0.9557377696037292,True,2.5627846298448276e-06,0.0004200828552711755,7.4106860665779095e-06,6.292420948739164e-06,0.0005798293277621269,4.6302215196192265e-05,0.0009046425693668425,7.892328540037852e-06,2.3204997887660284e-06,0.002940495265647769,1.9812760001514107e-05,0.035075582563877106,1.5048902923808782e-06,0.0017449968727305532,1.7230146113433875e-05,0.0014174201060086489,7.384151623490709e-10,3.50633890775498e-05,7.13673434802331e-05,6.421358023089851e-08,9.626651444705203e-05,2.4313283574883826e-05,0.00032277562422677875,5.196669008000754e-06,0.9557377696037292,0.0005128048360347748
window-8c1f3e8d4016d98a9d94,378_44135_87968,umbrella,umbrella,0.3647875487804413,True,0.0007679591653868556,0.02304789423942566,0.01085780467838049,0.0003866796032525599,0.00029468248249031603,0.0004846701049245894,0.012883597053587437,2.726774982875213e-05,0.000152199761942029,0.033870402723550797,0.00012873607920482755,0.1692444533109665,0.0011934231733903289,0.0002587698108982295,4.2292325815651566e-05,0.09082436561584473,7.840513127632676e-09,0.0029744538478553295,0.0006585041410289705,4.7183668527850386e-08,0.005410640966147184,0.0014283901546150446,0.21463657915592194,0.0005360267823562026,0.3647875487804413,0.06510260701179504
window-84eb5e6ac255d21d9cf6,379_44414_88476,umbrella,umbrella,0.9999327659606934,True,3.2745087023833275e-12,2.1087398494046283e-09,3.444264439167455e-05,3.0657901106678764e-08,8.63053983835016e-08,6.082059161860442e-11,4.430604320926346e-12,9.745945717121174e-11,2.524323917896254e-06,6.931570624146843e-07,2.506878558905523e-11,1.3835773415848962e-07,1.8135175305911133e-10,6.7157111516280565e-06,1.6496629484663572e-07,9.425423996844984e-09,7.196832907396811e-09,1.7005590052576736e-05,2.5753253696247924e-11,6.863734114403997e-08,5.597218244446367e-09,1.0567241304215713e-07,5.063636308477726e-06,3.674815340914961e-09,0.9999327659606934,1.5218452631415857e-07
window-31e5776c7589fd76e811,379_44414_88476,umbrella,umbrella,0.9999208450317383,True,4.295709004509263e-06,1.9726463506231084e-05,6.05315308987997e-09,8.611060366092715e-06,4.359826388800059e-11,2.8859746623727256e-12,2.0112767354363292e-11,3.561906396498671e-06,6.676896369128826e-09,3.5510478483047336e-05,4.0970160597453287e-10,8.606871326755083e-10,8.754544398442698e-13,1.2461261178486893e-07,2.6405066577694924e-08,3.17589439191579e-07,4.899429313809378e-06,1.4262945269294391e-09,1.9423086996539496e-06,5.10013198340431e-10,9.688697844012495e-09,4.400158815087707e-08,4.828077493357341e-08,1.85334787516922e-08,0.9999208450317383,1.895257728534716e-09
window-bf50ebfd53629cc03fd7,379_44414_88476,umbrella,umbrella,0.9999969005584717,True,4.0498024855492587e-13,5.7337004068236386e-12,1.28447721209346e-11,6.6084425258405854e-12,2.9577204259112477e-06,4.1242642981331734e-12,9.328279658047875e-14,3.783468330298412e-12,4.50464821000196e-09,5.177285267166098e-10,3.1756739165417214e-12,9.696113778545623e-08,4.7195401883456944e-14,4.106015438765098e-08,1.2398518323131213e-10,3.0283858754032167e-10,1.5819120319227054e-11,4.1668852396314904e-11,1.6944229222840002e-12,4.3487050765955715e-11,9.89818713104107e-11,5.890684051657047e-10,2.2606478466968838e-08,1.8646520091869512e-11,0.9999969005584717,8.10428026770671e-12
window-68003b73b54f7b0749a7,379_44414_88476,umbrella,umbrella,0.9843721985816956,True,6.730319968874243e-13,7.178528882434421e-10,2.71128101303475e-07,2.1875516509339832e-08,1.0294959551515603e-08,4.16927804280931e-07,2.3908802049277256e-08,3.916012653037981e-11,2.8787244445993565e-05,2.0619522729248274e-06,3.963267758422262e-08,3.164667941746302e-05,2.9079240349005886e-08,0.015533532947301865,1.532173286022953e-07,7.821934389085072e-08,3.9793090422790556e-07,7.207373897699654e-08,8.752364237807342e-07,5.551911726797698e-06,1.3178351743192707e-09,3.106821050424813e-11,2.371956543356646e-05,8.923257155402098e-08,0.9843721985816956,3.921705182818869e-09
window-f784ae584907257cc4e8,398_50430_98975,umbrella,bench,0.2685045897960663,False,9.288919500249904e-08,0.038825519382953644,0.0013559374492615461,0.2685045897960663,0.00015772026381455362,3.0917095728000277e-07,1.4561811440216843e-05,6.167620085761882e-07,0.046338800340890884,0.16092301905155182,0.007713983301073313,2.8517277314676903e-05,1.776583680168642e-08,0.1520308256149292,0.02780122496187687,0.03750240430235863,1.9105914361716714e-06,0.03660895302891731,6.313670155577711e-07,5.7927859415940475e-06,0.0007993461331352592,0.000735701119992882,0.00044736426207236946,3.240699797402158e-08,0.22018781304359436,1.4323984942166135e-05
window-d2340f1fe4a10501df3c,398_50430_98975,umbrella,umbrella,0.9892599582672119,True,7.657715350717353e-09,0.00023346132365986705,0.0017309642862528563,0.00045734643936157227,3.0885948945069686e-06,1.4671844894564856e-07,9.779775609786157e-06,1.629066437303095e-09,0.005380682647228241,9.408773621544242e-05,1.4755468100702274e-06,2.6784180590766482e-05,1.1039710257065849e-09,0.0013959603384137154,0.0008088804897852242,0.00024324106925632805,7.930805736577895e-07,1.9827204596367665e-05,1.794173165592383e-08,5.175743353902362e-06,2.1608707356790546e-07,0.00020052936451975256,0.0001276681141462177,7.187750838966167e-09,0.9892599582672119,1.963377016522827e-09
window-8b0ef65a3451b6e0fed5,398_50430_98975,umbrella,umbrella,0.9734126925468445,True,5.247321688273132e-09,8.780674397712573e-05,0.000669235538225621,0.001874443725682795,5.7005902220907956e-08,3.851007690514052e-08,7.433160362779745e-07,5.539528391551585e-09,0.007148724514991045,2.769075081232586e-06,2.1260503046960366e-07,4.119308869121596e-06,1.2153750894583482e-08,0.0027307714335620403,0.00031473487615585327,0.0001217363533214666,6.809153774156584e-08,0.012764237821102142,2.7058182361372474e-09,6.004894999023236e-07,7.140067464206368e-05,0.00015233553131110966,0.0006431732326745987,3.2244735770348143e-09,0.9734126925468445,1.584422371081473e-08
window-51737cfe95c57fdab63c,398_50430_98975,umbrella,umbrella,0.6043543815612793,True,4.56536099591176e-07,0.19776710867881775,0.05355792120099068,0.031089164316654205,0.00039767951238900423,1.3191167624881928e-07,0.00011811971489805728,2.1257612559111294e-08,0.0806509330868721,0.0015873514348641038,1.2813380578791111e-07,1.938780997079448e-06,5.425971849604139e-08,0.008912854827940464,0.0034002065658569336,0.0023327083326876163,1.2556761248561088e-06,0.0028588571585714817,3.737078202448174e-09,0.0006037606508471072,9.549515198159497e-06,1.8200478734797798e-05,0.012233036570250988,6.745516202499857e-06,0.6043543815612793,9.750366734806448e-05
window-a318d7badcfbc49eb59b,430_60670_118462,umbrella,umbrella,0.9946311712265015,True,3.4020833372672143e-10,1.1094572073488962e-05,0.0006531274993903935,0.0033521309960633516,1.2529881132650189e-05,3.63982542023189e-12,4.700896738540905e-08,5.383951133808296e-07,1.5876395991654135e-05,3.3829512524619076e-09,1.2270438674022444e-06,8.979154517874122e-05,5.6617905919154055e-09,0.00040112732676789165,2.2350670406012796e-05,0.0007941238582134247,1.7139289809620095e-07,8.65394895299687e-07,1.1853003343276214e-06,5.583741824466415e-08,5.462132435241074e-07,1.149723605209374e-08,9.330564353149384e-06,2.7080484414909733e-06,0.9946311712265015,4.3081858080995517e-08
window-73759f47ef7b1f85e899,430_60670_118462,umbrella,umbrella,0.9510161280632019,True,4.383415852515782e-09,0.0007377807050943375,2.1390871552284807e-05,0.04804084822535515,1.826013118488845e-07,2.7938636647240056e-12,1.7655102624303254e-07,1.0018879059714436e-08,1.1789211384893861e-07,1.2798830439919584e-08,1.1017957149306312e-05,2.7681264327839017e-05,1.2987874242753605e-07,8.172412890417036e-06,0.00011943870777031407,3.240867954446003e-06,7.89707792137051e-06,1.6773369360123525e-09,2.666157428166116e-08,6.809557362430496e-08,1.4401316548173781e-06,6.496900240016146e-10,1.6924936971918214e-06,2.4797157038847217e-06,0.9510161280632019,1.1808496935827861e-07
window-3f4505e5f8a456d5a9a1,430_60670_118462,umbrella,bench,0.3608715534210205,False,7.743075912003405e-06,0.2775852680206299,0.00613517826423049,0.3608715534210205,3.852009200500106e-08,2.3279654592922583e-10,1.214301335039636e-07,1.5118719147722004e-06,3.180562544002896e-06,1.7705004040635686e-07,0.0008074647630564868,0.0005725995870307088,3.202944299118826e-06,9.091744459510664e-07,0.0002934863732662052,0.0007095032487995923,5.72769386053551e-06,0.0005899504758417606,8.746009370952379e-06,2.3255989148318612e-11,0.0006214318564161658,1.8558657757239416e-06,3.4603624499141006e-06,5.44393508050689e-08,0.35177215933799744,4.69081760456902e-06
window-158ef3ca185b6ec6a310,430_60670_118462,umbrella,toilet,0.8381789326667786,False,7.425902026625408e-07,0.00016523328667972237,0.0008031899924390018,0.0007687967736274004,7.997393822734011e-07,2.4780882725748904e-15,3.142202444905706e-07,3.0033572073762116e-08,3.2240612199530005e-05,6.908189970999956e-05,3.206658902854542e-07,0.04650343209505081,1.4917818589310627e-06,2.985123501275666e-05,0.000429952924605459,1.2002263360955112e-07,1.621917363081593e-05,0.0010221109259873629,1.8039219895626957e-08,3.9663169104642293e-07,4.4516717423448426e-08,0.8381789326667786,3.0299048603410483e-08,7.669578963032109e-07,0.11158572137355804,0.00039013000787235796
window-0a5fdbe8d550daf1fbbf,430_60746_119186,umbrella,umbrella,0.7395597696304321,True,1.221539633888824e-07,3.944293439417379e-06,0.25984472036361694,6.60746154608205e-05,7.306956462116432e-08,3.258405101291828e-09,2.0834956870885435e-08,4.783289497822807e-08,0.0003249900764785707,7.206228360701061e-07,3.028265416205045e-09,4.441328371740383e-08,1.2171597063570516e-08,1.8172711335751046e-08,2.3815155145712197e-06,1.8359592104388867e-06,1.9434395426287665e-08,9.41291218623519e-05,4.311709034254818e-08,1.9494790137741802e-07,1.5151971344273818e-10,4.650284424201345e-08,0.00010075455065816641,6.146400721718237e-08,0.7395597696304321,7.516330668977389e-09
window-b45a42bbca9031ded9e8,430_60746_119186,umbrella,umbrella,0.9995948672294617,True,2.649746022598265e-07,2.224379568360746e-05,4.4650063500739634e-05,5.983054870739579e-05,1.3819342892240627e-10,1.6477126330016745e-09,1.4049562624407486e-09,7.865135387419286e-08,1.9083203369518742e-05,7.230143950209822e-08,6.137992841104278e-06,4.220972904533937e-09,9.055901029064728e-10,8.294141480291728e-07,3.9828623812354635e-06,2.304907320649363e-05,9.861222949325565e-10,0.00013579729420598596,8.745562607437307e-10,1.3087316785842518e-09,4.5442858365163374e-09,6.41648112420512e-09,8.91685122041963e-05,3.846349017067041e-09,0.9995948672294617,4.462449073455721e-12
window-a6bb1514ac6b53dfe42f,430_60746_119186,umbrella,umbrella,0.9999603033065796,True,4.6200411552010934e-11,5.4071147559398014e-08,7.857010597689396e-10,1.9584329493227415e-05,5.246608356102023e-11,3.1853392265437236e-14,7.67531329291804e-13,6.504081162539421e-10,9.609834705770481e-06,1.619514201564587e-12,1.3735924897506635e-10,2.183820015488891e-06,1.322039092782612e-11,2.378537189429153e-08,8.16269403003389e-06,6.157053888955488e-08,2.418073900833928e-11,2.403463206235301e-09,7.61434860475918e-13,3.2265743896142673e-12,1.177280495312516e-10,4.023797961494324e-10,1.022061435485e-09,3.47958792855374e-12,0.9999603033065796,4.1495317381831653e-14
window-dfc8c7c69d00611cade9,430_60746_119186,umbrella,umbrella,0.9979051351547241,True,2.7478080255605164e-07,9.027829946717247e-05,0.0013163298135623336,0.0004953425959683955,3.1873974570828523e-09,3.169585927054186e-09,3.423638759644798e-12,1.1430049198679626e-05,0.00010432951239636168,6.841736990281788e-07,1.8916881572295097e-07,7.854001182749926e-07,3.805781911836448e-09,6.278229420786374e-07,9.323420272266958e-06,1.8465874518369674e-06,8.761081460306741e-08,1.3243260355011444e-06,2.281743904930522e-09,1.152035897233894e-10,4.710548617836707e-10,9.112012122614033e-08,6.193645822349936e-05,4.26601465264298e-09,0.9979051351547241,3.446350704816581e-10
window-f9f53490ededea74c8b3,436_62230_123014,umbrella,umbrella,0.9687226414680481,True,9.599363838541652e-12,1.308169430558337e-07,0.0009572671842761338,0.0011726798256859183,3.04719138810583e-09,3.5229358319455173e-10,0.005870752036571503,7.428185289093392e-10,0.0003736895741894841,2.754150330019911e-07,5.646683121085516e-09,1.653313847782556e-05,1.7881052372104023e-07,4.3694275518646464e-05,0.003252029186114669,1.8322900974254708e-09,5.648590376949869e-05,0.01948874443769455,2.836793328242493e-06,5.4048987294663675e-06,9.864317007668433e-07,2.3032052922644652e-05,1.3326324932450007e-08,6.807284194110252e-07,0.9687226414680481,1.2030225661874283e-05
window-abd1f54d40f401dcecb0,436_62230_123014,umbrella,umbrella,0.9956934452056885,True,1.1648905451355773e-10,1.6323558060804544e-09,9.274042440665653e-07,7.533526513725519e-05,1.569989827032714e-08,5.383646861645275e-10,1.881382559076883e-06,4.831395838955643e-10,0.004094751551747322,1.3781939856016834e-07,2.9212667840283757e-09,4.957881856171298e-07,7.85892531607324e-11,1.9562938177841716e-05,2.31737658396014e-07,6.522521189822328e-09,1.3031371537408631e-08,0.00011123832518933341,1.3828663725234946e-07,1.5648036821858113e-07,7.109491328982642e-10,9.586731408717242e-08,5.067222641486069e-09,1.7749236747022223e-08,0.9956934452056885,1.5547518614766886e-06
window-9b273c8c2c4bb7b09481,436_62230_123014,umbrella,umbrella,0.9993313550949097,True,1.8194848405705955e-11,1.1309140290904907e-08,1.4407403796212748e-05,0.0003210327122360468,7.252767136867178e-11,1.3801077614061796e-07,7.571242122139665e-08,1.6660292700976242e-08,0.0001322641910519451,4.2270839606395327e-10,1.6366975330583955e-07,1.3698419024876785e-05,4.048578139403958e-11,1.429381882189773e-06,6.014895248540597e-09,3.796501957253895e-08,5.147815951289658e-09,0.00017986058082897216,4.986031399312196e-06,1.4139837745119621e-08,1.1043492786910747e-09,8.462763645411542e-08,4.8579490652400636e-08,3.954508387415956e-10,0.9993313550949097,4.794376877725881e-07
window-5c46ef1fe845d2d43c3f,436_62230_123014,umbrella,umbrella,0.9978299736976624,True,1.246093367379686e-10,2.6303669642402383e-07,0.0005548529443331063,6.051682430552319e-05,3.003414628111045e-09,2.0544785428455725e-08,0.00011557358084246516,7.37511527404422e-08,3.073882544413209e-05,1.4853745824439102e-06,1.5853551804667632e-10,1.915561006171629e-05,3.6887820442643715e-07,1.413919790138607e-06,0.00018953006656374782,8.027205353755562e-07,4.82936084154062e-05,0.0007759336149320006,1.5176148053797078e-06,3.4847350889322115e-06,3.068733178679395e-07,4.921303570881719e-06,8.245697102893246e-08,3.714254717124277e-07,0.9978299736976624,0.0003603384830057621
window-0e02e6d2de27ead3cd6a,604_93965_187833,umbrella,umbrella,0.8958735466003418,True,1.5122830987479574e-08,0.001050404622219503,0.0042482842691242695,0.001372163649648428,5.864938430022448e-06,6.479536551751153e-08,2.126704202964902e-06,2.023573642873089e-06,0.057615529745817184,2.119421083079942e-08,2.716253038670402e-05,0.022431936115026474,1.311911574930491e-07,2.604829023766797e-05,0.016688482835888863,0.000621147861238569,1.372279939459986e-06,3.6820767945755506e-06,7.027730930531106e-08,7.203179848147556e-07,2.657474033185281e-05,3.8151654280227376e-08,3.2284430062645697e-07,2.190863369833096e-06,0.8958735466003418,1.976767860512041e-09
window-2bed0fc984ea5ae3b64f,604_93965_187833,umbrella,umbrella,0.7769832015037537,True,1.1991514838882722e-05,0.0023726767394691706,0.11336568742990494,0.026108594611287117,1.6661807649143157e-06,9.928197687258944e-05,0.0001181134139187634,9.62646026891889e-06,0.004296191036701202,4.793265361513477e-06,6.094937816669699e-06,0.000767955498304218,5.093297872349467e-08,5.9767975471913815e-05,0.05375031754374504,0.014369776472449303,1.5725581192782556e-07,0.00736522302031517,5.653418611473171e-06,3.1778986340214033e-06,9.073973342310637e-05,1.459848817830789e-06,0.00019626774883363396,4.761150648846524e-06,0.7769832015037537,6.89993294145097e-06
window-91198074cbdc57926479,604_93965_187833,umbrella,microwave,0.5171203017234802,False,5.7811221267911606e-06,0.00021658194600604475,0.11376906931400299,0.20947618782520294,4.60259389001294e-06,3.07621194224339e-05,2.817512722685933e-06,0.00013738023699261248,0.0054443529807031155,8.525305617013146e-08,4.19028801843524e-05,0.10298813879489899,9.862835526064373e-08,2.432343308100826e-06,0.5171203017234802,0.021722009405493736,4.848425305681303e-07,0.00010680150444386527,1.2407394024194218e-05,7.598880813475262e-08,1.2689265531662386e-05,3.088572668730194e-07,1.1950967746088281e-05,0.00010076635953737423,0.02879200130701065,4.143788423505157e-09
window-4d17f156b1efe662dea4,604_93965_187833,umbrella,umbrella,0.7180774211883545,True,8.70286598342318e-09,0.0011980688432231545,0.0022742801811546087,0.0016932126600295305,4.01388115278678e-06,2.553509261815634e-07,2.1694129372917814e-06,7.534907808803837e-07,0.259367972612381,1.146761618997516e-07,1.2191613677714486e-05,0.0027659330517053604,2.7076598740904956e-08,3.1676045182393864e-06,0.014244628138840199,0.00030080651049502194,3.7584985079774924e-07,4.440002885530703e-05,7.129077772560777e-09,9.436242720539667e-08,7.665431439818349e-06,3.684760230271422e-08,6.24381698344223e-07,1.709034108898777e-06,0.7180774211883545,5.435965011457711e-09
window-a2731dbf86d05dfd07a1,76_7548_15451,umbrella,bench,0.9767589569091797,False,1.8925355727006377e-10,0.004642167128622532,0.01449512131512165,0.9767589569091797,2.4784419565548887e-06,0.00016840560419950634,9.61534897214733e-05,7.747594565898908e-08,0.00017416162882000208,2.52007939707255e-05,3.499110334814759e-07,0.0017009465955197811,2.5664036002126522e-05,4.6643974201288074e-05,5.4441603424493223e-05,1.7381912797986843e-08,2.1842312492026394e-07,5.141046699463914e-08,7.033477800177934e-07,9.792075616132934e-06,0.0015186280943453312,0.00018405102309770882,7.555574029538548e-06,2.950611133201164e-06,8.51853983476758e-05,6.437159072447685e-08
window-4a07cc57c5dbe5545fdc,76_7548_15451,umbrella,bench,0.8435535430908203,False,1.1474758920826389e-09,0.007633738219738007,0.019481929019093513,0.8435535430908203,4.320750122133177e-06,1.0756003575806972e-05,7.84987278166227e-05,4.040993644593982e-06,0.02176186814904213,4.204897413728759e-05,2.0107856357753917e-07,0.004646994639188051,0.09185966104269028,0.0014242976903915405,9.444908073419356e-07,1.920312388392631e-05,3.7014721954165e-08,3.851720066450071e-06,9.74633530859137e-06,1.5513776816078462e-05,0.001559107331559062,9.552242408972234e-05,0.00013412379485089332,0.00013546495756600052,0.007524424698203802,2.271597310254947e-07
window-bc761c4c152ea0260edb,76_7548_15451,umbrella,baseballbat,0.4568086862564087,False,8.456493283404143e-10,0.03940112143754959,0.4568086862564087,0.012156079523265362,4.1292247487945133e-07,6.984187166381162e-06,7.815845606273797e-07,0.00015884208551142365,0.001956387422978878,7.42949760024203e-06,1.1133167390653398e-05,0.30049121379852295,0.0002743992954492569,0.12983505427837372,7.723524504399393e-06,5.32310377820977e-06,7.262367489602184e-07,2.815843629377923e-07,5.406713626143755e-06,1.62077176355524e-05,0.0012573719723150134,5.162767047295347e-05,5.587811392615549e-05,0.00011903906852239743,0.05735445395112038,1.7526324882055633e-05
window-03f661f3c87b888b01a9,76_7548_15451,umbrella,bench,0.9866364598274231,False,1.3557471985337077e-11,0.0004150417516939342,0.00779053894802928,0.9866364598274231,2.0790622556887683e-08,6.80092693272627e-09,9.433841086092798e-08,3.833770733763231e-06,3.8770038372604176e-05,2.3130297677198541e-07,1.9243262983081877e-08,0.00020092245540581644,1.743174777857348e-07,0.0021912262309342623,2.0216032226016978e-07,9.153471730583007e-11,1.7317638989489126e-10,8.467560519420658e-08,5.902007274016796e-07,1.0957999840854882e-08,0.00012794986832886934,4.1951639673243335e-07,3.5078996006632224e-05,1.7711435020828503e-06,0.0025565430987626314,5.6504315892880186e-08
window-2c387d204f9aaaa2af2a,307_32362_61186,wineglass,wineglass,0.8967200517654419,True,4.875446268925998e-09,6.357549209301538e-11,1.0185284690308882e-12,2.481184094987876e-12,2.646488063418051e-11,5.778246077170479e-07,2.5185067789937343e-13,4.871474335033099e-10,1.3026043234276585e-05,0.10296011716127396,7.154057901637145e-10,0.00019963346130680293,8.620747138365914e-08,4.7313001232396346e-06,7.316012329283694e-08,6.092668730639517e-11,6.251560033532222e-12,3.596010156314833e-10,1.5374791217936945e-08,0.00010156430653296411,1.8932212242361857e-08,2.951862278915973e-12,6.30855367944605e-08,1.6868013930082526e-11,3.4021928747548016e-14,0.8967200517654419
window-d16dfcf2880496a28882,307_32362_61186,wineglass,handbag,0.5061391592025757,False,1.3953805932942487e-07,1.8049971517442032e-09,3.0011304552601814e-10,7.310531346949034e-11,1.395522808422811e-09,3.236439738429908e-07,9.844809689685263e-11,1.5105695183592616e-06,1.6110052456497215e-05,0.47099992632865906,8.188160149913415e-10,0.5061391592025757,3.704239475155191e-07,0.000679179560393095,9.265964990845532e-07,1.1664279497836105e-07,7.64031782285457e-10,1.9647211502160644e-07,2.901551852119155e-07,0.00027842295821756124,2.0076316786798998e-07,1.5787691987068087e-10,1.7924681742442772e-05,1.3240111784718067e-10,3.103111517743784e-11,0.021865177899599075
window-f3e2a0bef21feec89916,307_32362_61186,wineglass,wineglass,0.985466718673706,True,2.929428592324257e-05,2.365463380726851e-08,5.501013186637316e-11,1.9266968576125976e-10,3.4441307583676917e-09,7.334520546464773e-07,6.986400902242451e-10,3.0098168402048486e-09,3.596715032472275e-07,0.01161098200827837,4.0964005521004765e-09,0.0022351115476340055,1.4472586371994112e-05,0.00013118362403474748,1.0730232133937534e-06,4.640807844680239e-07,1.7277266284310144e-09,1.6800769344627042e-06,6.27714484835451e-07,0.0002498489629942924,3.0592375424021157e-06,2.949347710501371e-11,0.0002541203866712749,2.2654599263205455e-07,1.2944238736434244e-10,0.985466718673706
window-2f56666f28526d76e291,307_32362_61186,wineglass,wineglass,0.9121633172035217,True,8.768773263057028e-09,2.2537239435793666e-11,5.1912207171822544e-11,9.713055013071958e-13,2.333949478128261e-09,0.00033096925471909344,1.540475802475072e-10,2.3296143680795467e-08,7.333915164053906e-08,0.002007400384172797,4.7363368782527e-10,0.08539412915706635,2.7542775569600053e-05,1.063757918018382e-05,6.39832498094961e-09,5.442698028379489e-11,8.330774438347621e-12,2.8545335226226598e-05,1.464788965677144e-07,1.928876736201346e-05,2.3041133090373478e-07,3.501313128317918e-10,1.7674525224720128e-05,8.854659555052209e-16,4.106446221474949e-14,0.9121633172035217
window-53bb354756c5d3351068,379_44792_89523,wineglass,cup,0.8131398558616638,False,2.1043873857706785e-05,0.0011741232592612505,2.1631271351907344e-07,1.2657543265959248e-05,7.200697837106418e-06,0.00011489230382721871,1.384743518428877e-05,2.4994351477403143e-08,0.0002878248633351177,0.8131398558616638,0.0042490605264902115,1.0355361155234277e-06,0.00197199615649879,5.140661869518226e-06,8.061568479433845e-08,9.163687536783982e-06,0.002016807673498988,0.003915245179086924,2.3141849396779435e-06,1.7896205406486843e-07,4.740094664157368e-05,8.338867019119789e-08,8.995495477392979e-07,4.963362152921036e-05,6.198891787789762e-05,0.1728971302509308
window-8149de12d4f0fbfa1fea,379_44792_89523,wineglass,cup,0.9628037810325623,False,0.00028455036226660013,0.008358863182365894,6.815823780925712e-07,4.753060420625843e-05,4.191935659036972e-06,1.5946270650601946e-05,6.84567930875346e-05,1.6487287979316534e-08,3.443727473495528e-05,0.9628037810325623,0.00019674169016070664,3.316081119919545e-06,7.858713797759265e-05,4.753461325890385e-06,1.331434077656013e-06,8.345643323082186e-07,0.0007014060975052416,0.004479229915887117,4.112163878744468e-05,1.7064115809262148e-07,7.206150621641427e-05,1.3703716206237004e-07,5.786893098047585e-07,2.0374165615066886e-05,8.680348400957882e-05,0.022694101557135582
window-649ebdfb828d0e25c04b,379_44792_89523,wineglass,cup,0.8830834031105042,False,0.00045370333828032017,0.0007392425322905183,4.8185679588641506e-06,6.630458665313199e-05,5.590041837422177e-06,5.9059027989860624e-05,0.0002189321821788326,1.515574687971366e-08,0.0001486564433434978,0.8830834031105042,0.000125284816022031,4.941248698742129e-05,0.0006867730407975614,3.903991455445066e-05,1.3370884062169353e-06,6.971697530389065e-06,0.007582241203635931,0.0699678286910057,1.3477957509167027e-05,4.3287341213726904e-06,0.0005692761042155325,7.203234417829663e-07,3.364423901075497e-05,4.478065966395661e-05,9.414314263267443e-05,0.036001067608594894
window-944fc02470e63a28f1e2,379_44792_89523,wineglass,cup,0.7042239308357239,False,0.0001332226092927158,0.0009845320601016283,1.6012720038816042e-07,1.0834883141797036e-05,1.1995729209957062e-07,2.4807444788166322e-05,3.208468569937395e-06,4.7703268002408095e-09,5.7267410738859326e-05,0.7042239308357239,9.941125608747825e-05,6.46653177227563e-07,0.00014583398296963423,2.038767433987232e-06,1.7543514729823073e-07,1.0785824997583404e-06,0.0006821156712248921,0.0038195501547306776,6.546814256580546e-05,1.2445056540855148e-07,8.128157787723467e-06,9.433369285716253e-08,9.795210189622594e-07,8.670820079714758e-07,2.0939347450621426e-05,0.28971439599990845
window-72845f32f7d01c5b5dcf,400_51387_100909,wineglass,wineglass,0.9998434782028198,True,9.356111263514322e-07,1.2640167597055552e-06,6.134339702867919e-10,1.1255989196268246e-10,5.416642352429335e-07,1.7806430605560308e-06,2.0043001924818782e-08,1.2154195185021255e-11,1.451820746956045e-10,9.629485430195928e-05,1.6769007016304016e-10,3.428142736083828e-05,1.570354157820475e-08,2.1854531517817577e-09,9.924394817062421e-08,1.6563515004008877e-08,3.1275211309633733e-09,1.1945754522457719e-05,7.118226221791701e-06,2.274810118052528e-09,5.772786266788899e-07,3.653444879958556e-09,1.3947798152003088e-06,1.3504759976967762e-07,1.3554454447728403e-08,0.9998434782028198
window-1c6a20ab563108168bdc,400_51387_100909,wineglass,wineglass,0.9999572038650513,True,2.0281036938740726e-07,3.7318638987926533e-06,5.487299503670329e-10,1.0231578084773929e-10,5.940976599561054e-10,1.9531508854697677e-08,1.9845205478929984e-09,1.167450858208241e-11,9.45664102580679e-10,2.327519905520603e-05,2.995442560660422e-09,7.973876847700012e-08,1.336338755208999e-07,6.54013371237383e-11,1.0368096381441205e-09,1.6432012728273548e-07,5.136414316098126e-08,1.5033532690722495e-05,2.7505203448185966e-08,2.576185653690999e-10,7.385074951571369e-08,3.136499060474307e-08,3.1342025863523304e-08,9.98457050371826e-09,1.0105516423664085e-09,0.9999572038650513
window-612f2d14c5f16f31ae74,400_51387_100909,wineglass,wineglass,0.9987151622772217,True,1.8903821796811826e-07,3.8707599969711737e-07,1.3633613552346824e-12,6.801824999503464e-14,4.6363763522849766e-12,3.379768998001964e-08,1.0432748415167836e-10,3.734325782628334e-12,8.814548535518441e-10,1.343183612334542e-06,3.520250202448949e-10,1.3625945705086906e-08,2.545765198647132e-07,1.2670845275786213e-12,1.969147934988147e-11,4.557323962650628e-10,5.210696318869168e-10,0.0012823565630242229,2.9435495818574964e-08,5.3798118737624634e-11,1.988802296182257e-07,9.388287480760482e-09,1.2787744196884887e-09,1.3451986746737532e-10,4.509634332627854e-11,0.9987151622772217
window-385e6ad6dce2fb564fd9,400_51387_100909,wineglass,wineglass,0.9988651275634766,True,3.67768279829761e-07,5.5750263072695816e-08,1.417819550653121e-08,6.405538321985205e-09,1.3371694862485128e-08,2.113444850238011e-07,2.0026817981744216e-09,1.5435580591471876e-09,3.1354517204817967e-07,0.000862345565110445,6.4000571335653955e-12,2.7679183745021874e-07,2.146126007573912e-06,8.108324428546254e-11,1.0222845903129496e-09,7.448788696962083e-09,4.171466017055536e-08,0.00024898347328417003,1.865313242888078e-05,1.2482275657532682e-08,4.722627622300024e-08,3.628429112723097e-09,1.2403316986819846e-06,8.428296638385291e-08,9.529989297707431e-11,0.9988651275634766
window-5d1dde152afc845e070a,403_52945_103427,wineglass,wineglass,0.9989246726036072,True,1.3014975763780967e-07,1.4506681509374175e-06,1.0883246526205426e-09,3.4106719226656423e-08,3.2759469803522734e-08,5.608946594293229e-06,7.613604857681366e-09,1.831401523488818e-11,3.2080791356747795e-07,0.0008703236817382276,6.530166842821927e-07,3.054467612173539e-08,1.1591562270041322e-06,1.0013957718602029e-10,1.745072530923153e-09,9.208826590167973e-09,2.1717646632168908e-06,0.0001931834121933207,8.387450733948754e-09,5.4157274220756335e-09,1.1500849578238714e-10,6.4061520532732175e-09,1.8994863637544768e-07,3.789293501199609e-08,4.3287262663227466e-10,0.9989246726036072
window-640aae98264ec32923e3,403_52945_103427,wineglass,wineglass,0.976493775844574,True,1.610877188795712e-05,0.00016677223902661353,8.555618364880502e-07,2.6961970434058458e-05,1.1555935998330824e-05,2.100930032611359e-05,4.031958056316398e-08,1.8261875993630383e-06,4.681471546064131e-05,0.022226016968488693,1.181619973067427e-05,3.330605295559508e-06,0.00020036616479046643,2.3163529476732947e-06,9.580526949548585e-08,1.2224711099406704e-05,1.0214079338766169e-05,0.0004732243833132088,2.035655143117765e-06,2.71292066145179e-07,3.338345322845271e-06,2.3875124099959066e-08,0.00013952360313851386,0.00012944830814376473,8.304613174914266e-08,0.976493775844574
window-fd756cc58ea7bfeb6ade,403_52945_103427,wineglass,wineglass,0.9746471643447876,True,3.6660694604506716e-05,0.00012127434456488118,8.891238394426182e-07,1.7010258943628287e-06,1.7688891603029333e-05,3.5833112633554265e-05,2.4306945078933495e-07,3.021906877620495e-06,1.201941540784901e-05,0.02108858712017536,9.005457286548335e-06,5.990500994812464e-06,0.0010479227639734745,1.390168478110354e-07,3.7188684132161143e-07,1.4091265256865881e-05,0.00110721867531538,0.001715737977065146,1.4343397197080776e-05,3.5122980079904664e-07,1.1294225714664208e-06,6.555594040946744e-07,2.1688141714548692e-05,9.594138828106225e-05,4.163009066360246e-07,0.9746471643447876
window-6f38b89f3ba8664748ac,403_52945_103427,wineglass,wineglass,0.9746981263160706,True,4.313330919103464e-06,0.0009449985227547586,6.57084956401377e-06,0.00021348321752157062,0.0005670188111253083,2.9998684567544842e-06,1.0042691428679973e-05,8.589727076468989e-05,0.0001101998714148067,0.0023011902812868357,0.003511684713885188,5.865656930836849e-05,1.580684693180956e-05,0.0005889397580176592,3.444990943535231e-05,0.001535295625217259,2.374731411691755e-05,0.011788371950387955,4.513256862992421e-05,1.655335069017383e-07,2.8060861950507388e-05,6.321927685348783e-06,0.0028465637005865574,0.0005710059776902199,9.425839380128309e-07,0.9746981263160706
window-ab6586e3e29452bd5e12,482_69023_134346,wineglass,bowl,0.5195509791374207,False,0.0019874253775924444,0.0018374256324023008,0.0002493702922947705,0.006303367204964161,8.457346120849252e-05,0.5195509791374207,0.002728910418227315,1.3269675136484693e-08,4.295258622732945e-05,0.2822607755661011,0.001742808846756816,0.0005561455036513507,0.000427691382355988,9.354377834824845e-05,0.01721199043095112,0.06765380501747131,1.839395372371655e-05,0.0014559227274730802,1.7137301256298088e-05,0.02944844961166382,0.02452988177537918,0.0005350169376470149,0.01834436133503914,0.0005840159137733281,0.0011067207669839263,0.021228356286883354
window-0d64c2a0438ba3b5df9f,482_69023_134346,wineglass,cup,0.6009705066680908,False,0.017125697806477547,0.0002435047208564356,0.10494568943977356,0.010684097185730934,0.0007619797834195197,0.042319297790527344,0.009713366627693176,1.525042563343959e-07,5.475270518218167e-05,0.6009705066680908,0.0013794244732707739,4.6397472033277154e-05,0.0005253888666629791,0.00011644617188721895,0.02588210441172123,0.09598774462938309,1.2720147424261086e-05,0.01976865530014038,0.00025583821116015315,0.007510222494602203,0.0024228962138295174,0.000885790039319545,0.007646667771041393,0.012794729322195053,1.0592745638859924e-05,0.03793533518910408
window-d583549861494936cafd,482_69023_134346,wineglass,cup,0.5599501729011536,False,0.010279115289449692,0.0012968943919986486,0.001041590585373342,0.0003952097031287849,2.665172542037908e-05,0.04274467006325722,0.011570436879992485,5.8685986914497335e-06,7.35507273930125e-05,0.5599501729011536,0.001832231180742383,4.579799792736594e-07,0.0007857937598600984,9.731513273436576e-06,0.004490790888667107,0.002146458951756358,0.00033966463524848223,0.021643510088324547,1.4165453649184201e-05,0.06634873896837234,0.0014749281108379364,2.1812496925122105e-05,0.0009361874544993043,0.004011970479041338,7.085290690156398e-06,0.2685522735118866
window-77a727e639a2ebd986fd,482_69023_134346,wineglass,cup,0.6404052376747131,False,0.0032416447065770626,9.478232095716521e-05,4.712586087407544e-05,0.049323536455631256,0.001646174699999392,0.05970212444663048,0.01389127317816019,6.009208277646394e-07,0.00014014719636179507,0.6404052376747131,0.003552671754732728,0.00018713960889726877,0.0007018502801656723,4.657091631088406e-05,0.01222233846783638,0.03195442259311676,0.0007286703330464661,0.015073094516992569,0.0006193349254317582,0.029289832338690758,0.005830518901348114,4.258928674971685e-05,0.0004331361560616642,0.025714898481965065,1.423436788172694e-05,0.10509608685970306
window-942989f8301f68b53528,514_73689_143350,wineglass,wineglass,0.9485667943954468,True,7.491620181099279e-06,0.0004909069393761456,2.8356169423204847e-05,0.0004200469411443919,1.6106266542692538e-08,0.027259735390543938,0.00033838042872957885,3.388611276022857e-07,8.126352622639388e-05,0.011933709494769573,1.9106018953607418e-05,0.002354722237214446,0.00011517547682160512,4.916660856224553e-09,3.842953810817562e-05,0.00020143685105722398,1.1264990007475717e-06,0.003955264575779438,1.281032837141538e-05,1.6164972294063773e-06,3.2624009236315032e-06,1.5273421013262123e-05,4.111018370167585e-07,2.427980689390097e-06,0.004151809960603714,0.9485667943954468
window-8e5e0e3a932a260b16d5,514_73689_143350,wineglass,wineglass,0.9789496660232544,True,2.0076178770978004e-05,0.0013610649621114135,2.13860047892922e-07,1.104816055885749e-05,1.1328747939742811e-09,0.00031194882467389107,1.920632530527655e-05,7.928790779487827e-08,1.200183533001109e-06,0.001856332179158926,6.655469769611955e-05,1.386969294969731e-08,4.344759574337331e-08,8.23276558037378e-10,4.97541691402148e-07,2.6145507945329882e-06,4.6766643890805426e-07,0.0017551088239997625,4.5490942284232005e-06,1.1360854159647715e-06,0.00011190312216058373,7.831516995793208e-06,5.626699461913631e-08,7.014617775524812e-10,0.01551839616149664,0.9789496660232544
window-f933788d882d1e273513,514_73689_143350,wineglass,wineglass,0.6947835087776184,True,0.0007429195684380829,0.03534359112381935,3.3666714443825185e-05,6.165162631077692e-05,1.535174851596821e-05,0.06965279579162598,0.0043834783136844635,0.00892809871584177,3.090696765184475e-08,0.05990707874298096,0.00031891895923763514,0.005154781509190798,2.013713128690142e-06,1.0692066787498788e-08,1.2595854968822096e-05,0.016927195712924004,3.270729109772219e-07,0.09276744723320007,0.010873865336179733,2.1773752223452902e-07,2.8172493330202997e-05,1.9439557945588604e-06,3.8238333218032494e-05,8.535544111509807e-06,1.3661318007507361e-05,0.6947835087776184
window-238d6e38f36587fd2ad4,514_73689_143350,wineglass,wineglass,0.6018489599227905,True,0.006065657828003168,0.18325509130954742,0.0026253771502524614,0.0012464482570067048,6.170689175633015e-06,0.0017429131548851728,0.0025811863597482443,0.001286498038098216,1.0307079634230831e-07,0.0012209328124299645,0.0004248047771397978,0.0014455150812864304,1.4602239389205351e-05,2.63927017840615e-06,2.2995101971901022e-05,0.038330499082803726,1.0965202363877324e-06,0.07173450291156769,0.07357092946767807,3.793041469180025e-05,0.010194226168096066,2.2825477117294213e-06,0.0007464302470907569,2.779087117232848e-05,0.0015644521918147802,0.6018489599227905
window-982a667110374f4cf755,606_95085_191490,wineglass,wineglass,0.9588194489479065,True,7.151873887778493e-06,4.5968997142153967e-07,5.2220038924133405e-06,5.195708217797801e-05,1.7592055883142166e-05,3.8039574974391144e-06,0.018940787762403488,2.8665760964941e-06,8.466143481200561e-05,0.007955959998071194,7.559044206573162e-06,5.940119152114676e-08,7.370983075816184e-05,0.001453951233997941,1.802509905246552e-05,5.3036190365673974e-05,1.6766218323027715e-05,0.009029476903378963,0.003364426316693425,4.469465056899935e-05,1.2711440149359987e-06,4.324053952586837e-05,9.369302489403708e-08,1.560149712531711e-06,2.175454255848308e-06,0.9588194489479065
window-ebb9b7b3222b0730ef02,606_95085_191490,wineglass,wineglass,0.7175820469856262,True,1.4387411262362093e-08,1.8058120970776415e-11,8.005016649548224e-10,2.164775914081929e-08,3.4046021557543327e-10,5.198190677901948e-08,5.46242127086316e-08,6.204511904250865e-11,4.396847828047612e-07,0.0034132031723856926,1.0982032644379913e-10,5.800902293240373e-12,3.0391124710149597e-06,3.94669852354923e-09,3.156789887270861e-07,4.766209996120985e-11,5.251694119579042e-07,0.2789994776248932,1.0477475553827276e-09,6.471564120147377e-07,6.346343589536119e-11,1.3053645275817871e-08,2.247544372835364e-08,3.0886689039721915e-11,1.6564696281307079e-09,0.7175820469856262
window-1b9e94a6efc89b4c0696,606_95085_191490,wineglass,cup,0.8329100608825684,False,4.511778683990997e-07,1.184368159101723e-08,6.578615341368277e-08,1.041629548126366e-05,6.914294203852478e-08,3.2191903187595017e-07,3.0751334634260274e-06,8.68080363147783e-09,1.4380753782461397e-05,0.8329100608825684,4.0212106000581116e-07,6.706413273604994e-07,0.00011169028584845364,5.40643395652296e-06,0.00021253954037092626,4.467389302931224e-08,1.126517145166872e-05,0.018495947122573853,5.195700509830203e-07,0.0003158689069095999,1.534892213328476e-08,9.086696763915825e-07,2.7866108212037943e-06,6.182595768677857e-08,1.1089014151366428e-06,0.14790190756320953
window-c8918d66a0d4fea83df1,606_95085_191490,wineglass,plant,0.9362233281135559,False,9.855916260903541e-08,1.0765851543581562e-09,6.125188889427591e-08,1.812120171962306e-05,7.044326935101708e-07,2.9952025215607136e-06,6.4401697272842284e-06,5.75596459384542e-10,0.0007286903564818203,0.03912864625453949,1.1055211501798112e-07,2.571246113802772e-06,0.00259130890481174,4.065920506945986e-07,6.772183405701071e-05,8.641712270218704e-07,9.192618790621054e-07,0.9362233281135559,1.0362378333184097e-07,0.015543739311397076,1.082209806213541e-07,6.838902777417388e-07,8.021936537261354e-07,4.206402081763372e-06,1.3097630926495185e-06,0.005675888154655695
