window_id,sequence_id,category,predicted_category,predicted_probability,correct,probability_apple,probability_ball,probability_baseballbat,probability_bench,probability_book,probability_bowl,probability_cake,probability_carrot,probability_chair,probability_cup,probability_frisbee,probability_handbag,probability_hydrant,probability_kite,probability_microwave,probability_mouse,probability_parkingmeter,probability_plant,probability_sandwich,probability_stopsign,probability_teddybear,probability_toilet,probability_toyplane,probability_toytruck,probability_umbrella,probability_wineglass
window-06b07fff690598cf242f,620_101397_203374,apple,apple,0.9663089513778687,True,0.9663089513778687,0.03213595226407051,2.6445629019988814e-10,2.2604481273447163e-05,2.9115740929341882e-09,3.845734397600609e-09,0.0006985240615904331,0.00039500233833678067,2.0163941696904608e-11,2.239157765870914e-05,1.2341110050329007e-05,3.7923525431082794e-11,7.643249659849971e-07,6.387771577963039e-14,1.4214042165505703e-09,1.1038429192922194e-07,7.318196253436327e-07,2.0729629568450036e-07,2.620013583509717e-05,5.973469548864463e-12,0.0001329594961134717,3.3219298839481937e-11,6.443065672101511e-07,0.00024264014791697264,4.573488289472127e-12,7.490766762430212e-08
window-298ca542c22db3c41c34,620_101397_203374,apple,apple,0.5816196203231812,True,0.5816196203231812,0.41685569286346436,2.412095523318669e-10,0.00019579283252824098,1.190881171453384e-09,9.767976649754928e-09,1.4336276763060596e-05,0.0006396714015863836,4.0524103517292076e-10,1.6514806702616625e-05,0.00020326155936345458,8.01839539210647e-10,2.7287621833238518e-06,8.012218140470914e-14,1.0996910049243525e-09,3.0969617910159286e-06,2.0921935117712565e-07,4.910150863679519e-08,8.049560733525141e-07,1.2703178352974076e-12,0.0004116217605769634,1.8061720521989066e-11,6.009654640592998e-08,3.648822530522011e-05,5.972405209275777e-11,2.5184339946804357e-08
window-be15febdd7bf69673a5f,620_101397_203374,apple,apple,0.7076668739318848,True,0.7076668739318848,0.28912925720214844,3.3758069256650813e-11,1.038788650475908e-05,6.338548796946952e-09,1.721371795104787e-10,1.0551752893661615e-05,3.671589365694672e-05,6.831906568249835e-11,3.1144525109993992e-06,3.693202643262339e-06,3.2530491633764314e-09,3.405506049602991e-06,3.707743205343117e-13,1.0334372940734582e-10,4.707865628006402e-06,2.0501470032741054e-07,7.993024269126181e-07,9.516151635580172e-07,2.0007851712217084e-12,0.0031183832325041294,1.094913673616027e-10,2.161134773359663e-07,1.072948634828208e-05,1.2033481849860195e-11,3.9171684562688824e-08
window-efa68518f266fece998e,620_101397_203374,apple,apple,0.9968551397323608,True,0.9968551397323608,0.0027298047207295895,3.2586000564549522e-09,1.4110170241110609e-06,3.143512472547627e-08,1.5427071842211149e-09,1.3262265383673366e-05,1.559981501486618e-05,3.891248989695839e-10,1.4145019122224767e-05,7.639624755029217e-07,8.901739345645865e-10,0.00010353875404689461,1.3230964717933502e-12,6.854175005344132e-10,3.65631848353587e-07,3.4025770219159313e-06,3.7807617445650976e-06,5.226883786235703e-06,9.614735223262283e-12,0.00022257727687247097,1.3532087950185456e-10,5.18037450092379e-06,2.464853969286196e-05,8.126468248326191e-11,9.348800631414633e-07
window-8fc3b45d431e9bb6a541,151_16771_32072,apple,book,0.5061903595924377,False,0.0779573917388916,0.0057124062441289425,0.004922253545373678,6.299718370428309e-05,0.5061903595924377,0.0007276461110450327,1.0236134357910487e-06,0.02199755236506462,9.458750449553577e-10,0.25287124514579773,0.05364970862865448,4.091295977559639e-06,5.031218819340211e-08,5.930938584697287e-08,0.00011726613593054935,0.0023174418602138758,1.3405226127360947e-05,4.1912071537808515e-06,0.003887489438056946,6.088491932842999e-09,0.0015710757579654455,2.7990241235897884e-08,2.9337047635635827e-06,0.06700097769498825,4.0705522508233116e-08,0.000988311367109418
window-d63d7150fa96d1a0fac1,151_16771_32072,apple,apple,0.9664289355278015,True,0.9664289355278015,0.03004823811352253,2.0147626855759881e-07,7.411463798234763e-07,0.00031362142181023955,0.0006291393074207008,1.5193034608174116e-09,5.465774847834837e-06,2.5649432230934188e-11,0.001652933657169342,0.0004973594332113862,1.5393161190146998e-09,1.663581912225709e-07,1.9197332254677207e-13,4.857779803413287e-11,6.9382120273076e-05,3.6915027976647252e-06,3.2328225643141195e-06,4.0996675920723646e-07,3.40388472963582e-09,1.8489964759282884e-07,1.0928805603549474e-12,3.975318740856437e-09,6.366649176925421e-05,3.1619658605840095e-14,0.0002827376301866025
window-2db1e47f2fd8e4c94858,151_16771_32072,apple,apple,0.9998738765716553,True,0.9998738765716553,4.6384888264583424e-05,3.307506801775162e-07,1.0395207254987326e-06,3.5056012848144746e-07,3.5970987255495857e-07,1.163483545618682e-11,7.26734299405507e-07,1.6294778026892942e-12,3.6171470128465444e-05,1.9811729146113066e-07,8.253513324174566e-12,3.3681369586702203e-06,7.0416805050235905e-15,6.511673524608325e-14,6.364239197864663e-07,5.125593460775235e-08,5.827396876156854e-07,1.2959394553035963e-06,1.4399546000021246e-09,7.42158476896293e-07,7.876085885100224e-15,3.6554154148049633e-10,9.281870916311163e-06,2.841581662218996e-15,2.4763909095781855e-05
window-803386818eadf3fa7b91,151_16771_32072,apple,cup,0.4852730631828308,False,0.470859557390213,0.027628259733319283,8.397793135372922e-05,8.024039743759204e-06,0.002483353018760681,0.0046020811423659325,5.588302265380207e-09,0.0001878038456197828,1.5541429254639638e-10,0.4852730631828308,0.00022236697259359062,4.009416409989086e-10,8.361747859453317e-06,9.510528475864533e-11,1.43799860907734e-08,0.0001646665477892384,2.2995760446065105e-05,0.00013702323485631496,2.3126783617044566e-06,1.0456890464638491e-07,2.0646278642288962e-07,4.558489141714972e-10,6.291564318416931e-07,0.003955221269279718,6.525933265999484e-11,0.004359924700111151
window-156dcf712c34a69415b2,96_10748_18781,apple,apple,0.7528358101844788,True,0.7528358101844788,0.2424277514219284,1.5489817997149657e-06,1.729910195535922e-06,9.52219488681294e-06,5.948172088210413e-07,6.664286775048822e-05,0.0006811182829551399,2.8130564284217785e-12,0.0014998200349509716,4.808141602552496e-05,1.9589172506329078e-09,1.1059414717351501e-08,2.2171448010865902e-10,3.068127853111946e-06,0.001354085048660636,1.945532943636863e-07,5.589831744146068e-07,0.0009753791964612901,1.8409018753828832e-10,2.706462055357406e-06,2.681364019707644e-10,7.261316932272166e-05,1.7501291949884035e-05,2.875034113003494e-07,9.898085409076884e-07
window-56961d0bf1cdbdf03bcd,96_10748_18781,apple,apple,0.7160707116127014,True,0.7160707116127014,0.26752594113349915,1.0069691143144155e-06,3.451682459854055e-07,3.0791732569923624e-05,7.834490133973304e-06,1.8575592548586428e-05,0.0006507799262180924,5.058369521859785e-12,0.006511223502457142,0.0009383948054164648,3.1998659721921285e-08,4.31611120177422e-08,2.5947949344740096e-10,1.126522192862467e-06,0.0004846985684707761,8.339074497598631e-07,2.099915946018882e-05,0.006374490913003683,1.1541641947721004e-10,4.37452854384901e-06,4.828585309368805e-10,0.0003898980503436178,0.00096130435122177,1.2893905498856384e-08,6.646445854130434e-06
window-ca6a2836c56f43a0a6a6,96_10748_18781,apple,apple,0.9525220394134521,True,0.9525220394134521,0.01097427774220705,1.1533651331774308e-06,1.0585898053250276e-05,0.00020301793119870126,6.487239829766622e-07,0.02613931894302368,7.021848432486877e-05,8.095581982558997e-09,0.001839217497035861,9.024091013998259e-06,8.582095034626036e-08,5.544244459088077e-07,2.469096593848974e-10,1.6828234095100925e-07,0.0030897699762135744,3.1521659593636286e-07,0.001566090970300138,0.0007502969237975776,2.728397419105022e-08,8.964031621871982e-06,1.4043454177325998e-09,0.0008464512065984309,0.0019455606816336513,8.762603442846739e-08,2.216026587120723e-05
window-8d502de56de91c1b832d,96_10748_18781,apple,cake,0.5805173516273499,False,0.3120880424976349,0.018130600452423096,8.652895303384867e-06,4.544073453871533e-05,0.01847662217915058,1.5614065205227234e-06,0.5805173516273499,0.0015763167757540941,6.974143484939077e-09,0.002503657480701804,4.758641352964332e-06,8.039712184881864e-08,1.1235052710389937e-07,4.826820609871163e-10,4.196013469481841e-05,0.0008063116692937911,1.1000995527865598e-06,0.0001629211474210024,0.011472723446786404,2.531448899389943e-06,6.377948739100248e-05,1.9470238754593083e-09,0.05107741430401802,0.002616040175780654,4.7721925966470735e-08,0.00040201612864620984
window-693a9cc0fabdf476b331,608_95712_192517,apple,cake,0.4978918433189392,False,0.20380152761936188,0.07088080793619156,4.746530521515524e-06,1.616763256606646e-05,1.935273303388385e-06,4.815843226424477e-07,0.4978918433189392,0.008561312220990658,1.7898055375553668e-05,0.007684757933020592,3.734667552635074e-05,0.0008444394334219396,1.312297536060214e-05,1.9452209016890265e-06,3.7534590546783875e-07,0.001453910837881267,8.320844244735781e-06,0.0006338374805636704,0.00094049540348351,1.005515226637499e-09,0.16595737636089325,1.1739380134656585e-08,0.002568726660683751,0.03787049651145935,0.000785657437518239,2.2441483451984823e-05
window-a5c5b97d727fcf4102bd,610_96727_193809,apple,cup,0.6522212028503418,False,0.09292901307344437,0.03358006849884987,0.00014890357851982117,0.0004248910991009325,0.0039952718652784824,0.0002479131508152932,0.0012643340742215514,0.0494610071182251,1.9318839861171e-07,0.6522212028503418,0.0020785238593816757,1.213228370033903e-05,6.540907634189352e-06,0.0004415245493873954,4.896229484074865e-07,0.07930537313222885,0.00017719538300298154,0.0001821777841541916,0.0003167658287566155,1.9436556897289847e-07,0.0011507640592753887,3.6810308756685117e-07,6.659888458671048e-05,0.0007999544613994658,2.176261615360886e-09,0.0811886414885521
window-17207c0ef9aea183b8f7,201_21619_43660,ball,ball,0.9995344877243042,True,6.965859938645735e-05,0.9995344877243042,2.459824145262246e-06,1.9788457095160084e-08,2.197978574258741e-06,6.797545665904181e-06,2.2979423874858185e-07,6.310829485300928e-05,1.819839279271207e-09,1.5330739188357256e-05,8.320719643961638e-05,2.0868621675163013e-07,1.8692725234359386e-07,9.934886691098654e-08,3.548245308682141e-10,7.827002264093608e-06,2.903190132741429e-09,6.914235086696863e-07,4.889264459961851e-07,3.563591782773656e-11,5.667747586812766e-07,2.4850910218532363e-10,3.58549323209445e-06,0.00020116267842240632,2.0281338830585582e-09,7.503366759920027e-06
window-4ebdbb2b40c5d0033980,201_21619_43660,ball,ball,0.9993120431900024,True,0.000246550451265648,0.9993120431900024,2.7346582101017702e-06,1.0764084379388805e-07,7.191655981841905e-08,9.166694781015394e-07,1.0607672962237302e-08,0.0002593264216557145,1.1870317229156768e-11,2.9008742785663344e-06,0.00012844604498241097,3.8662793144794705e-07,2.0112324250476377e-08,3.567166007023559e-10,8.688540165113778e-11,2.7584243071032688e-05,3.611463483821353e-08,2.8210242817294784e-06,6.875351914459316e-07,2.4038676865040243e-12,1.667576441377605e-07,2.3062728810030464e-11,1.0136374157809769e-06,7.432086022163276e-07,2.3749852084975487e-10,1.338681067863945e-05
window-24e69060602b1b41c882,201_21619_43660,ball,ball,0.9957299828529358,True,0.0008360377396456897,0.9957299828529358,2.737651448114775e-05,6.35993515629707e-08,2.993952818997059e-08,6.636730063291907e-07,4.0120773370233564e-09,0.0031787084881216288,2.4382434005848497e-12,6.672199378954247e-05,4.787995567312464e-05,1.3550379662774503e-07,3.881746977185685e-07,9.187773458707582e-11,1.4499785053190273e-11,2.34983854170423e-05,8.084258951157608e-08,2.5149309294647537e-05,3.632515472418163e-06,3.191439473804181e-11,7.472957008758385e-07,3.1394206678747594e-11,3.949514211853966e-05,6.892297278682236e-06,2.112523045383341e-09,1.242000962520251e-05
window-35e059666d8d83807200,201_21619_43660,ball,ball,0.9980547428131104,True,1.1730978712876095e-06,0.9980547428131104,3.960130925406702e-06,9.497019171078591e-09,7.98763082343612e-08,7.416550715788617e-07,1.107259617327827e-09,0.001793129020370543,3.6840499401114e-11,1.0573519830359146e-05,0.000124683792819269,2.1096518310059764e-08,2.453192848861363e-08,1.089604628745633e-09,1.6730595858369113e-12,1.2932251820529927e-06,5.662390556437913e-09,1.8987365137945744e-06,1.0033166972789331e-06,3.391360976767732e-12,6.044601974508623e-08,1.2906358273778729e-11,9.63774823503627e-07,2.764073542493861e-06,1.7736083435249128e-10,2.8008514618704794e-06
window-222d36de5c8a0d6dda44,394_48628_96157,ball,carrot,0.44219741225242615,False,0.082137830555439,0.3714487552642822,2.590446683825576e-07,1.3781790585198905e-05,3.369648382545165e-08,5.397525626449351e-08,0.0007334050606004894,0.44219741225242615,4.2288888835173566e-08,0.0005370430881157517,0.00028724470757879317,1.53442533701309e-06,0.0011526017915457487,1.3380100654103444e-06,5.252592805149447e-10,3.7316556245059473e-07,7.224627916002646e-05,0.0009128801175393164,4.5335080358199775e-05,6.393416907002347e-09,0.10042597353458405,7.082339834596496e-06,1.1474731763883028e-05,1.2685813999269158e-05,3.5563590472520445e-07,2.074896485737554e-07
window-2758fade3a73a599d3a3,394_48628_96157,ball,carrot,0.7899249196052551,False,0.08741768449544907,0.11748985201120377,3.073304924328113e-06,1.5070595509314444e-06,2.487008941898239e-06,5.782214529403973e-08,4.022272605652688e-06,0.7899249196052551,5.547245329751149e-09,0.0036219912581145763,0.0002964625891763717,9.485463010605599e-07,0.0004872299905400723,2.9146025553927757e-05,2.4851830815464382e-08,3.2611990263831103e-06,5.391071681515314e-06,5.537876404559938e-06,1.6778340068412945e-05,2.2158540957661899e-07,0.0006756926886737347,4.526450325670339e-09,1.0119671060238034e-05,7.947115818751627e-07,4.829178692489222e-07,2.376501697654021e-06
window-ba9a4f4aae51e53b10df,394_48628_96157,ball,carrot,0.9884111881256104,False,0.004549102392047644,0.0009919962612912059,5.5380596108989266e-08,7.478655916770549e-09,1.239401683506003e-07,1.5485318582975083e-10,5.059944463425836e-09,0.9884111881256104,1.4379202273318015e-09,9.787155249796342e-06,0.0005999243003316224,4.455932955949038e-09,0.004720622207969427,1.0164546893065562e-07,1.6730779955898e-11,6.402390084758736e-08,2.103648967022309e-06,2.6556424472801154e-06,1.9418052943365183e-06,3.203127985074161e-09,0.0007000213954597712,6.063062552019716e-11,1.0242979442409705e-05,4.735002079314654e-08,2.692758793720884e-10,4.557482569111926e-08
window-b9ec458e21d55f86610b,394_48628_96157,ball,carrot,0.8991785049438477,False,0.0346379317343235,0.05993782728910446,2.1622859947001416e-07,9.83800646281452e-07,3.731775777282564e-09,2.942199539557322e-10,9.065340691449819e-07,0.8991785049438477,6.033867849808416e-11,1.2444455933291465e-05,4.547383014141815e-06,3.528130232410831e-09,0.0033561461605131626,4.731989733386399e-08,2.5376966153456415e-12,1.0696596497439259e-08,6.342809501802549e-05,2.6398347472422756e-06,4.623828772309935e-06,3.0895903890826304e-11,0.0026955127250403166,6.007329356183533e-11,0.00010182672849623486,2.262662974317209e-06,4.1659024674345346e-08,1.0098791847212851e-07
window-997aba1bd981d6bfc4bf,372_41041_81726,ball,apple,0.7451013922691345,False,0.7451013922691345,0.10197888314723969,1.2207974631195384e-09,1.4556230780726764e-06,9.108899051701869e-11,8.189274012693204e-06,0.0021544795017689466,4.84899828734342e-07,1.1789011722385112e-07,0.006464329548180103,0.0004190965264569968,4.888593593932455e-06,8.76280500961002e-06,1.2033916085840701e-09,1.0215741497177078e-07,1.763305590429809e-06,2.5272484105443027e-09,0.006897708401083946,9.537546429783106e-05,5.298267033437831e-11,0.13417911529541016,9.126194022712752e-09,0.00025101477513089776,2.0524315914371982e-05,0.002410625573247671,1.7361849131702911e-06
window-d37c6177ba8f0a63cdb7,372_41041_81726,ball,ball,0.6215113401412964,True,0.3121490180492401,0.6215113401412964,2.167086066151569e-09,0.00014487163571175188,2.016548907024518e-11,8.355901809409261e-05,0.005547544918954372,5.830197551404126e-06,2.970788557377091e-07,0.042912691831588745,0.00019983420497737825,1.2861730169788643e-07,0.00011079858086304739,5.637568190053344e-10,5.634317190583715e-08,7.603049994031608e-07,4.7876234532395756e-08,0.0034287781454622746,0.00019384303595870733,2.0894025398732197e-10,0.009851007722318172,4.1334465095133055e-07,0.0005263351486064494,0.0027753140311688185,0.0004310133517719805,0.00012653630983550102
window-9052676ba1a77bd2da9d,372_41041_81726,ball,apple,0.8659696578979492,False,0.8659696578979492,0.10403484851121902,3.160510289035301e-07,2.8606691557797603e-05,1.7315449074573053e-10,0.0001163916676887311,0.0007959495997056365,0.00010556798952165991,2.6589416890487882e-08,0.011858071200549603,0.004959229379892349,4.903723720417474e-07,2.157268227165332e-06,5.4929131465542014e-08,5.3480345485468206e-08,0.00031915001454763114,5.910562350663895e-08,0.001450271811336279,0.0006411412032321095,8.089207081951599e-11,0.0035785369109362364,8.815283081275993e-08,0.0021452531218528748,9.50861067394726e-05,0.0038717291317880154,2.732466600718908e-05
window-8c5ca4bed4244c19d6f0,372_41041_81726,ball,ball,0.8285464644432068,True,0.05135422199964523,0.8285464644432068,2.007079391574962e-09,4.2983656385331415e-06,6.060588836342973e-11,8.399162652494851e-06,0.0004987545544281602,4.958415956934914e-05,7.794830025886768e-07,0.0015011101495474577,0.00042423169361427426,5.479593255586224e-06,4.5521552237914875e-05,1.4341138943052556e-08,1.4147933935504398e-09,3.1025113003124716e-06,1.5177532564081275e-09,0.006888252682983875,0.0003184433444403112,3.153412531098354e-10,0.1091218963265419,1.656960613161118e-08,0.0002886020520236343,6.420805584639311e-05,0.0006691946764476597,0.00020756163576152176
window-a33b0ed12a0bdf4e4649,606_95090_191497,ball,frisbee,0.7892125248908997,False,0.00020444313122425228,0.016449281945824623,0.09387937188148499,0.003252413822337985,1.1807084774773102e-05,1.5966637079145585e-07,0.00021768877923022956,6.0283207858446985e-05,1.808402316783031e-06,0.00011659444135148078,0.7892125248908997,0.0012987348018214107,7.829336823306221e-08,0.0011990703642368317,3.999172937252382e-10,0.09083366394042969,4.354746785395491e-09,0.0007587241707369685,0.0003119703906122595,1.9873016565696844e-09,1.925905598909594e-05,2.2984853785601445e-05,0.0005241523613221943,0.001611288171261549,9.913343092193827e-06,3.7481900108105037e-06
window-00eb4160fa109d27ad87,251_26912_54706,baseballbat,baseballbat,0.9881455898284912,True,2.522100217561274e-08,9.006498294183984e-05,0.9881455898284912,8.028376186075548e-08,0.0001265043974854052,1.3534733625419904e-05,1.0788025974761695e-06,0.000646824948489666,4.128535522340826e-07,1.5989236999303102e-05,0.00011897753574885428,0.0002512344508431852,4.57829756328465e-08,0.00010806736827362329,1.1688774037565963e-07,0.0016286226455122232,4.627044081217946e-09,1.2261629308341071e-05,8.775309652264696e-06,1.5639411987677931e-09,2.6891962988884188e-05,6.228242909855908e-06,0.0015024393796920776,0.007295713294297457,1.8609938479130506e-07,3.104113943663833e-07
window-31457de6837cccb212a3,251_26912_54706,baseballbat,baseballbat,0.9876108765602112,True,1.2825465134369551e-08,0.00038045787368901074,0.9876108765602112,9.419938464816369e-07,0.005742562934756279,4.901019678982266e-07,7.228577203477471e-08,0.004417310934513807,2.4261556973215193e-05,6.611221033381298e-05,8.29380878712982e-05,0.0003736881189979613,1.15070717399135e-08,0.0001390616234857589,4.7458911467401776e-08,0.0005629021325148642,8.668512019305297e-10,3.5735731671593385e-06,1.5696424782163376e-07,9.413740620356492e-11,2.2677881133859046e-05,2.3372977011604235e-05,1.396269908582326e-05,0.0004884092486463487,1.163918952329368e-07,4.607007576851174e-05
window-38a5b47b592f6ada19c0,251_26912_54706,baseballbat,baseballbat,0.9706943035125732,True,4.08809199825555e-08,0.00045644608326256275,0.9706943035125732,1.8056846329272958e-06,0.011362047865986824,4.902271371065581e-07,3.938317149732029e-06,0.0013704154407605529,9.797452366910875e-05,7.006245868979022e-05,0.0013193920021876693,0.0007028812542557716,6.74728596550267e-07,0.0015517730498686433,6.435205364141439e-07,0.005628372076898813,2.842297419647366e-07,6.611924163735239e-07,3.3487987138869357e-07,3.1234721475925653e-09,1.8931417798739858e-05,4.982658356311731e-05,0.00018310913583263755,0.006444867234677076,1.603435885044746e-05,2.4641165509819984e-05
window-3303115f13d78872409a,251_26912_54706,baseballbat,baseballbat,0.444401353597641,True,7.901454227976501e-05,0.15712140500545502,0.444401353597641,2.1163664314372e-06,0.06492876261472702,0.0003195444296579808,6.431026849895716e-05,0.03050529584288597,1.2028652236040216e-05,0.004109099507331848,0.0008025919087231159,1.8152593838749453e-05,2.4264170406240737e-06,0.004853371065109968,4.2941351807712635e-07,0.015453038737177849,2.0404575025168015e-06,0.0029615440871566534,0.000443711644038558,4.086723492946476e-08,0.0008720526820980012,6.442297308240086e-05,0.023681554943323135,0.23190470039844513,3.4730805964500178e-06,0.017393482849001884
window-f5a78fb2731ad2136ed2,514_73832_143780,baseballbat,carrot,0.917056679725647,False,8.704204468301668e-09,9.660696377977729e-05,0.08244054019451141,3.072439938023308e-07,9.237979247700423e-05,5.103800759798105e-08,3.788992444242467e-07,0.917056679725647,9.639391009841347e-07,2.8934530860169616e-07,9.525998757453635e-05,8.857104148773942e-06,1.4597881792255407e-09,3.441327294240182e-07,2.9998890482829665e-08,0.0001500845537520945,2.4616091387485994e-09,2.1334781763471256e-07,1.223702611241606e-06,1.1547686418200698e-11,3.872032721119467e-06,8.836732945383119e-07,2.749456871242728e-05,2.3452310415450484e-05,4.194780078847771e-09,5.729534208187559e-11
window-444b98f6d022ad8a420d,514_73832_143780,baseballbat,baseballbat,0.7419012188911438,True,2.0505723341557314e-07,1.096441519621294e-05,0.7419012188911438,6.183614914334612e-06,0.00017822947120293975,4.11734895067184e-08,1.3363118341658264e-05,0.25659650564193726,5.956185759714572e-06,5.156308020559663e-07,2.430537460895721e-05,4.286070179659873e-05,4.268244424565637e-07,1.2384625733830035e-06,3.878603394014135e-08,0.0001361416798317805,2.6895527298620436e-06,2.643950267611217e-07,1.5519009366471437e-06,1.0742538802954726e-10,2.810413590736971e-08,1.4353962797031272e-05,0.0008056671358644962,0.0002572148514445871,7.699497039936887e-09,8.600536949288085e-10
window-32a19c36accd3ffbf2f5,514_73832_143780,baseballbat,baseballbat,0.7895163893699646,True,2.3115342173696263e-06,0.0003311606706120074,0.7895163893699646,1.61776051754714e-06,5.8988266573578585e-06,7.608635996803059e-07,1.1356176401022822e-05,0.2086465209722519,1.7289501386130723e-07,4.1123715277535666e-07,0.0002946212771348655,4.376904325908981e-05,8.715210775278592e-09,2.0608524664567085e-06,2.6987564183400536e-08,0.00034826755290850997,5.009538117661805e-09,1.0675452521979878e-08,2.0459743609535508e-05,4.430805548849559e-12,7.609082331327954e-06,1.2121990948799066e-06,0.0007522503728978336,1.311293090111576e-05,1.3489033223734737e-09,6.931236834484267e-11
window-c62c5e55f5b6e2052d2b,514_73832_143780,baseballbat,baseballbat,0.9482877850532532,True,3.3521075692988234e-06,0.00671247486025095,0.9482877850532532,5.577654604849158e-08,1.4355639905261341e-05,5.572949248744408e-06,7.2833449848985765e-06,0.04481440782546997,2.1541027308558114e-06,2.9323273338377476e-06,3.481223757262342e-05,2.7210955522605218e-05,1.9878116575000604e-07,8.414195917794132e-08,9.45899447657439e-09,7.421608188451501e-06,7.413797220578999e-08,2.7190640139451716e-07,2.393257091171108e-06,7.839347226923365e-12,5.065126629233418e-07,2.6769052965391893e-06,5.9054284065496176e-05,1.4844555153104011e-05,3.285668626062943e-09,9.304312181823704e-11
window-51cef5a1f4b1695e42cd,534_77327_149480,baseballbat,baseballbat,0.7179533243179321,True,1.1821393286481907e-07,0.0012567259836941957,0.7179533243179321,0.0034609390422701836,1.401007375534391e-05,1.0098596249008551e-05,8.820664447739546e-07,0.0026664745528250933,0.0003730563330464065,2.122888190569938e-06,0.00011490621545817703,0.00042829205631278455,3.97238545701839e-05,0.03778110072016716,4.465410711418372e-06,6.286662392085418e-05,3.213881791452877e-05,0.0005111037753522396,1.6463312931591645e-05,1.472932126489468e-06,0.00011193526006536558,2.010775546068544e-07,0.23149077594280243,0.002919471124187112,4.5862409024266526e-05,0.0007015268784016371
window-980f36b21df935abcb57,534_77327_149480,baseballbat,baseballbat,0.5722627639770508,True,4.642146578248685e-08,0.00048150785733014345,0.5722627639770508,0.00010164045670535415,0.0001971297024283558,0.0003123509814031422,4.511680273822094e-08,0.006039372645318508,7.557823118986562e-05,0.002884303918108344,0.020230773836374283,1.0391577234258875e-05,8.26616378617473e-05,0.0013143139658495784,1.3722440428409755e-07,0.0001399398170178756,9.871708925857092e-07,0.004070702474564314,6.910607226018328e-06,2.945562016520853e-07,0.00011094500951003283,4.356135896443902e-09,0.2925938367843628,0.022314537316560745,0.00015807629097253084,0.07661078125238419
window-848f05d1ba72291617c0,534_77327_149480,baseballbat,baseballbat,0.9641377925872803,True,3.5061354992649285e-06,0.00033368502045050263,0.9641377925872803,0.004027805756777525,0.00010656307858880609,0.0002690322289709002,4.075520337210037e-06,0.002086991909891367,2.2622258256888017e-05,0.0003140135377179831,0.0006537979352287948,7.789098162902519e-05,0.00022325111785903573,0.000326208071783185,5.424494702310767e-07,9.913815301842988e-05,3.0623752991232323e-06,0.0013467990793287754,9.192142897518352e-06,2.2964277590631355e-08,3.9654602005612105e-05,7.000196422524141e-09,0.02381184697151184,0.0008102830033749342,1.4589468264603056e-06,0.0012909151846542954
window-9ecf4a8f2d34a7e274be,534_77327_149480,baseballbat,baseballbat,0.989274799823761,True,1.377852137940394e-10,1.820814645725477e-06,0.989274799823761,5.537749530049041e-07,1.1501391554702423e-06,2.0337138266768306e-06,5.572156971944686e-11,0.0021335510537028313,9.625708941030098e-08,9.66390871326439e-06,0.0032586718443781137,8.830857467501119e-08,1.0690316685213475e-06,7.425524381687865e-05,2.744585114733411e-10,1.254386006621644e-06,2.12082493789012e-08,1.426428116246825e-05,1.3434594166028546e-06,1.940100169406378e-08,8.11979873560631e-07,3.873404708087946e-09,0.0038878421764820814,5.408880315371789e-05,5.994383172946982e-06,0.001276607858017087
window-899c4f9382a51e140cf3,417_57601_110929,bench,bench,0.5492956042289734,True,6.773052973585436e-06,1.1361468750692438e-05,0.42953118681907654,0.5492956042289734,1.8908099264081102e-06,3.783619817454564e-08,2.2748954506823793e-06,2.031543644420708e-08,0.0032459446229040623,4.380397513159551e-05,3.0759719038542244e-07,4.328788236307446e-06,2.43899103224976e-05,1.4816361044722726e-06,0.0004000418120995164,7.339585135923699e-05,6.350932557630529e-10,0.0005285116494633257,7.202438041531423e-07,8.614456370459322e-10,0.011409136466681957,0.001681837602518499,0.0019182495307177305,0.0013396138092502952,0.0004791239625774324,2.6895092819501087e-09
window-bc2d80dc5bd05702aebf,417_57601_110929,bench,bench,0.6268132328987122,True,1.730935650812171e-06,1.3716844193822908e-07,0.3695395588874817,0.6268132328987122,1.5168328104664397e-07,2.026807344179815e-08,9.121573043557873e-07,1.2615886646472063e-07,7.542862294940278e-05,4.596388691879838e-07,3.991674990544425e-09,7.163043392210966e-06,3.4107542887795717e-06,1.9759661995522038e-07,2.1098097931826487e-05,5.297471489029704e-06,5.3403631343484914e-12,0.0002646565844770521,1.6716053323762026e-06,2.302154689104441e-09,0.0014937624800950289,1.777317447704263e-05,0.0015414096415042877,0.00018820066179614514,2.352309638808947e-05,1.8077117580617141e-10
window-3bef112ff26aebd359ab,417_57601_110929,bench,bench,0.976576566696167,True,3.551623350972477e-08,9.225292529890794e-08,0.023152055218815804,0.976576566696167,9.090897634678186e-08,8.461882305965673e-10,3.4948119953526202e-09,2.9764997577785834e-08,2.3895478079793975e-05,8.950451757527844e-08,2.3782892810686462e-07,1.0152971441357295e-07,2.077991290150294e-08,4.07108075251017e-07,6.437224442379375e-07,8.653067880004528e-07,3.266827780512571e-11,1.096703385883302e-07,5.112825718356362e-08,7.108077321182904e-11,1.1277395373099353e-07,1.1037476497222087e-06,2.1035671124991495e-06,3.424437863941421e-06,0.0002380135265411809,1.522430792544327e-10
window-316b8a906a3b9c00285a,417_57601_110929,bench,baseballbat,0.7037174701690674,False,3.969450517615769e-06,1.1780389996829399e-07,0.7037174701690674,0.29514142870903015,7.228716514262601e-10,9.173193871170326e-10,5.8940184288758246e-08,4.722127414424904e-06,1.2787096466126968e-06,3.95503469974301e-08,7.769787657707639e-07,4.93120978717343e-07,2.870946218536119e-06,2.1881422185288102e-07,1.3384873227550997e-06,5.7611750037267484e-08,1.2355957592800546e-14,4.9386973842047155e-05,0.0004476127796806395,1.8179766719805812e-11,5.655595668940805e-05,1.0827017831616104e-05,0.0005226345383562148,2.8894442948512733e-05,9.126650184043683e-06,9.221175255660907e-13
window-d634e2365ad7a2b91bd3,431_60964_118808,bench,bench,0.9881536364555359,True,1.0666047906005005e-10,4.4316379899100866e-08,0.01164975855499506,0.9881536364555359,6.05082988158756e-08,1.333650345713977e-08,3.83530496250728e-09,9.480668472505727e-10,3.076870598306414e-07,5.1113609345065925e-08,1.689757445078044e-09,1.3814045907167838e-08,1.675561520642077e-06,3.3943958754889536e-08,0.0001382771588396281,4.851482771073279e-08,1.696107432280769e-07,1.1880491683768923e-06,3.2532061489121133e-09,5.378779088793806e-10,1.9374568616115084e-09,1.829176365930607e-09,9.429556371287617e-07,1.030177554639522e-05,4.3140338675584644e-05,2.636532485666976e-07
window-0c56ccaf36d15c5aa1d4,431_60964_118808,bench,bench,0.9724221229553223,True,3.312169982727653e-11,6.026448318152688e-08,0.027421245351433754,0.9724221229553223,1.43639420002728e-06,1.1454340809180508e-09,1.9928638739230564e-09,7.773775401176408e-09,1.8635018861345998e-08,2.5695352512400405e-09,1.3504803941799537e-09,3.511560486835208e-10,4.440203724698222e-07,4.305147285776911e-06,5.367561971070245e-05,7.561144488299476e-10,1.2910164514323696e-05,7.315933192586499e-09,7.548626612674525e-09,3.933355863239285e-09,3.4769291612501974e-11,7.924540468273733e-10,1.410251684319519e-06,8.217449794756249e-05,1.687512991566109e-07,1.6082939424677534e-08
window-1b7a25eac0bc3642e73e,431_60964_118808,bench,bench,0.9999388456344604,True,1.1669863859975482e-11,1.2612939859213412e-10,2.3144664737628773e-05,0.9999388456344604,4.152049815075998e-09,7.693297388033926e-12,7.678230967700372e-11,3.26380350697264e-12,4.759658889241791e-09,5.156772231451612e-10,4.78392499225766e-12,1.7642785843374753e-10,4.4299621748677964e-09,6.386933204538536e-10,2.134582246071659e-06,6.1545000207274825e-09,6.160181253989094e-10,9.66183244521801e-10,9.714157950257984e-11,4.885796628384398e-11,3.712891105678295e-12,2.169065205226417e-10,4.164025568798024e-09,2.8747480840252138e-08,3.58017859980464e-05,2.7011759495820797e-10
window-5339d15dbc7a0ea75fdd,431_60964_118808,bench,bench,0.9996439218521118,True,9.068163581149591e-11,4.091370353620505e-09,0.00031846814090386033,0.9996439218521118,3.2077799971830245e-08,1.4613390358908518e-11,2.5311202786482134e-11,7.346589482593036e-12,7.952119176479755e-07,5.40516431613014e-09,8.050571494166991e-12,2.9806455081882177e-09,1.9847848307108507e-05,1.7423840148467207e-08,9.436704431209364e-07,1.252408954321993e-09,1.7090989103962784e-06,1.1773970243211807e-07,9.146087359690469e-11,1.2094627521719303e-08,2.162044987485956e-10,8.702689263673236e-11,1.6579100758917775e-07,7.750353688606992e-06,6.188863153511193e-06,1.3930898212777265e-08
window-10e17b6833fefea77151,188_20287_35716,book,book,0.8653456568717957,True,5.016660907131154e-06,0.012331890873610973,7.867302338127047e-05,6.13291012996342e-06,0.8653456568717957,1.7996295582634048e-06,0.00016612328181508929,0.0009146890370175242,5.052516982573252e-08,0.0002263935311930254,0.004357447382062674,0.05799536034464836,2.0187164295748516e-07,0.003095145570114255,6.516024200209358e-07,0.04042189568281174,4.347604942722683e-09,5.797273843199946e-07,0.0009090408566407859,3.242813306769676e-08,3.233794268453494e-05,6.608386726725257e-09,0.011400769464671612,0.0027064213063567877,3.5891046081815148e-06,9.185259841615334e-08
window-d36ae66105fe68faff64,188_20287_35716,book,book,0.5286868214607239,True,0.0001793775154510513,0.2079789638519287,1.1996703506156337e-05,1.6666561350575648e-05,0.5286868214607239,3.4014751690847334e-06,2.9988999813213013e-05,0.00014828998246230185,1.5240269135574636e-07,0.00013279705308377743,0.011051434092223644,0.14582517743110657,1.6607325505901827e-06,5.401063390308991e-05,1.869628931672196e-07,0.10108842700719833,4.568733302789951e-08,1.1043667882404407e-06,0.0007530564325861633,5.207078856983571e-08,0.002223687246441841,2.6244034501132774e-08,0.0003209938295185566,0.0014872286701574922,7.00893565408478e-08,4.446479124453617e-06
window-96176962e0336a09c80d,188_20287_35716,book,book,0.9063802361488342,True,1.2359869288047776e-06,0.006968740839511156,9.91199049167335e-05,5.198568032938056e-05,0.9063802361488342,8.96065159849968e-08,1.4569716768164653e-05,1.76010507857427e-05,1.4308932350104442e-06,0.00011736602755263448,0.0010238741524517536,0.016119487583637238,6.469910658779554e-06,0.0005601849989034235,1.2377816460684699e-07,0.04853503778576851,1.6521637746791384e-07,9.682096788310446e-06,7.780173473292962e-05,8.89728113406818e-08,0.0001559102674946189,1.2611454280886392e-07,0.016031375154852867,0.0038244843017309904,3.1385447130105604e-08,2.699767492231331e-06
window-f6db40ebbed75a8ade62,188_20287_35716,book,book,0.32780805230140686,True,9.059186413651332e-05,0.06525859236717224,0.0001195727163576521,1.043067459249869e-05,0.32780805230140686,2.7168166525370907e-06,5.224886263022199e-05,0.007613113150000572,1.3118384600829813e-08,0.00027158582815900445,0.21346072852611542,0.03016378916800022,5.081980134491459e-07,0.0015219127526506782,5.866261858500366e-07,0.30055126547813416,1.5771876249459638e-08,7.910617796369479e-07,0.050641018897295,5.221896692830796e-09,6.876653787912801e-05,8.991567490568286e-09,0.0007754983962513506,0.0015878418926149607,1.2185742548354028e-07,2.312573457174949e-07
window-52ba61a67d45d1eebf39,470_66441_130641,book,baseballbat,0.6175159811973572,False,5.415287773757882e-07,1.7989857951761223e-05,0.6175159811973572,0.0002207959769293666,0.17431797087192535,4.776971596065493e-10,0.0016703223809599876,0.007047590799629688,3.634345047132115e-09,1.2743161278194748e-05,9.273685463995207e-06,9.989143109123688e-06,3.889649491384262e-09,0.001960301073268056,0.00352336373180151,0.010374799370765686,1.3317349445429727e-09,4.286826538191235e-08,0.008384971879422665,1.281294998989324e-07,2.312611286470201e-06,9.209654905362186e-08,0.17284652590751648,0.00208171084523201,2.5516428650007583e-06,8.884146041054919e-08
window-075aa0d098cb19eb3c7e,470_66441_130641,book,book,0.9870347380638123,True,2.0335445827246446e-10,3.1950467160868357e-08,2.5371540687046945e-05,4.7288074256357504e-07,0.9870347380638123,3.876097847636123e-13,0.007730127777904272,6.160661723697558e-05,1.3513495877859327e-11,2.0282216439682088e-07,8.122323720272107e-07,5.267963388178032e-06,3.840890279438458e-13,0.002647335408255458,1.4801798897678964e-05,7.25866702850908e-05,2.7014862243913973e-13,1.3967206297788026e-12,0.0021999685559421778,1.7242651750848381e-09,6.475378313552937e-07,4.821957277911793e-10,0.00020045913697686046,5.428768417914398e-06,2.417159095102761e-08,2.809645571755226e-11
window-167088e9bda5a0c105f6,470_66441_130641,book,book,0.9703660607337952,True,3.6729330687990114e-10,5.629605226431522e-08,2.569250500528142e-05,4.4517221908790816e-07,0.9703660607337952,5.866280117922118e-12,0.020274855196475983,3.140091575914994e-05,2.062452014728322e-10,3.900990577676566e-06,2.3299044471514208e-07,3.2771470159786986e-06,8.701272124697623e-13,0.0015309621812775731,3.5480145015753806e-05,6.545112410094589e-05,3.8119172803083995e-14,1.0183034970800975e-11,0.005023897625505924,1.4370203915703428e-09,3.7621043702529278e-06,9.724144822698122e-10,0.002613973570987582,2.0292814951972105e-05,2.709009550017072e-07,3.309016394226205e-10
window-7ec4bead3858f43f6cd3,470_66441_130641,book,book,0.998705267906189,True,1.6597678786922643e-10,3.4541930205023164e-08,4.820135018235305e-06,2.2723126491541734e-08,0.998705267906189,5.364322267636945e-13,0.0008401391096413136,4.909983999823453e-06,1.2737944379836996e-11,2.6106278028237284e-07,7.664618095759579e-08,2.177049651663765e-08,1.9004746778031323e-13,0.00018039961287286133,1.9582453205657657e-06,3.4675838378461776e-06,8.320504929579947e-14,6.495217991925317e-12,0.00018638084293343127,5.930890778493847e-10,2.8779689387192775e-07,1.1463445748205459e-09,7.184121204772964e-05,2.123358484595883e-07,9.214709884020067e-09,1.7364484850013184e-10
window-847aa120d83489fcc4be,472_66868_131636,book,frisbee,0.352647989988327,False,0.00013048031541984528,0.00837297085672617,3.600988566176966e-05,5.059823138253705e-07,0.28415846824645996,4.690251898864517e-06,0.027893412858247757,0.07303362339735031,2.160749772883719e-06,9.989242244046181e-06,0.352647989988327,0.0027505429461598396,2.2377889818958607e-10,0.004303225316107273,2.3642144242330687e-06,0.19290272891521454,9.444931815816293e-12,8.860703104573986e-08,0.052435245364904404,1.0380680759425331e-09,0.00045455494546331465,4.800710495800331e-09,3.498502337606624e-05,0.0008226838544942439,2.624184617161518e-06,6.453018954744039e-07
window-40642f8f6f46cf015f6e,472_66868_131636,book,sandwich,0.32426825165748596,False,3.7602287193294615e-05,0.0013816608116030693,0.00430947495624423,2.7661215426633134e-05,0.02021545171737671,4.6868259232724085e-05,0.004115570802241564,0.145462766289711,5.2451880037551746e-05,0.0011789367999881506,0.28606486320495605,0.00555652379989624,2.1856886078808202e-08,0.020394133403897285,2.126388835677062e-06,0.1775713711977005,6.493813820007688e-11,0.0005656168796122074,0.32426825165748596,1.2952932060272815e-09,0.000986023573204875,4.022190580599272e-08,0.003676768159493804,0.003874614369124174,3.5341432521818206e-05,0.0001759071456035599
window-0d1570ca00ea8e801bbf,472_66868_131636,book,carrot,0.44850337505340576,False,0.00017865411064121872,0.020016862079501152,0.006543158553540707,0.005184848792850971,0.25697827339172363,2.1717210074712057e-06,0.0009641964570619166,0.44850337505340576,3.9255002775462344e-05,1.2205782695673406e-05,0.012763984501361847,0.04125823825597763,3.280420557416619e-08,0.011577717028558254,0.0002742574142757803,0.0451652817428112,2.4969251111173207e-09,0.00044105228153057396,0.015126227401196957,3.021671579617191e-09,0.037864621728658676,2.4306375578930783e-08,0.04923291131854057,0.04778996855020523,3.024058969458565e-05,5.243339910521172e-05
window-c265734fd0adbb6cbcd9,472_66868_131636,book,kite,0.7222209572792053,False,6.27615435178086e-08,9.292887261835858e-05,0.0008886010036803782,1.9795882053585956e-06,0.16198286414146423,1.8594701032270677e-06,0.0027612687554210424,0.05066328123211861,7.135657506296411e-05,4.239719146426069e-06,0.018047848716378212,0.0028559882193803787,8.123236111545751e-11,0.7222209572792053,7.64605647418648e-06,0.005951749160885811,9.647276033586394e-12,2.0000902622996364e-06,0.03266778215765953,1.3929423170466748e-09,5.910846448387019e-05,1.570951440044155e-07,0.0009631306165829301,0.0007157876971177757,3.477058271528222e-05,4.534781055554049e-06
window-c5cc9b213e052cc674b7,209_22182_45212,book,book,0.9970628619194031,True,4.422623078426113e-06,1.1900212371074304e-07,7.26859798305668e-05,2.895145634340679e-08,0.9970628619194031,9.80516006165999e-08,1.5697100508305084e-08,6.508107617264614e-07,2.5905647071944315e-10,0.0003069470985792577,1.0684533435778576e-06,2.538676881158608e-06,2.4358388373002526e-07,3.2091021506808204e-10,6.524718543232666e-09,1.3714627300487336e-07,3.199372713424964e-06,2.4984852643683553e-05,9.753497351994156e-07,2.419577316281618e-10,0.0024199034087359905,5.06912524109171e-12,2.7839755034619884e-07,6.990092060732422e-06,2.3886748481971587e-11,9.19406593311578e-05
window-591e4890fd29721b5362,209_22182_45212,book,book,0.9999136924743652,True,3.9495841974712675e-07,3.5782643408310832e-06,5.001470526622143e-06,1.5128842179024105e-08,0.9999136924743652,1.5485890969557659e-07,1.8038409654863585e-10,2.0824420232656848e-07,2.8021329701033437e-09,3.751024269149639e-05,1.1834889619422029e-06,2.0846317738687503e-07,4.185515045662669e-09,1.6640494537867312e-11,1.904699864496706e-08,2.584481961775964e-08,1.7264371265923728e-08,4.771032422468124e-07,6.672519869965754e-09,8.076174451421281e-11,2.5723851649672724e-05,1.48312213205104e-11,1.0048001541917984e-08,9.802270142245106e-06,1.9879165587960435e-12,2.027376467594877e-06
window-37c3924692651fc0ac4f,209_22182_45212,book,book,0.9016698598861694,True,4.066470137331635e-05,3.2592841307632625e-05,0.008264675736427307,2.034782119153533e-05,0.9016698598861694,3.2195725907513406e-06,5.747088835050818e-06,7.211177580757067e-05,4.6292811362036446e-07,0.0005286507657729089,0.0005132696824148297,0.0019054111326113343,4.252325197739992e-06,6.904271685925778e-06,2.3600407530466327e-06,3.552957423380576e-06,6.598364052479155e-06,0.001024719444103539,0.0009173730504699051,1.9871997380960238e-08,0.08265630155801773,2.876130722473391e-10,8.500822877977043e-05,0.0021527244243770838,3.5457117064652266e-07,8.278583118226379e-05
window-a01f7f56f425f4cbda17,209_22182_45212,book,book,0.9738924503326416,True,0.00018252088921144605,2.6357822207501158e-05,0.001548340660519898,4.541234011412598e-05,0.9738924503326416,4.269143028068356e-05,1.8095108316629194e-05,1.3957735518488334e-06,8.924945404942264e-07,0.0027607197407633066,0.012380264699459076,8.16871106508188e-05,2.444735582685098e-05,9.238899565389147e-07,1.3987597640152671e-06,6.505637429654598e-05,3.306940243419376e-06,0.00024396245134994388,0.00044952041935175657,3.374386636778581e-08,0.004808271769434214,2.4120008212946686e-09,1.883478762465529e-05,0.0002377240889472887,7.878854546561342e-08,0.0031655083876103163
window-3ea361af8ff3a780a2be,475_67222_131925,book,microwave,0.8066092729568481,False,6.83203327245252e-10,5.6617677728354465e-06,0.00022546187392435968,0.0001949604629771784,0.13740678131580353,0.00022292444191407412,0.014032522216439247,1.1018406667062663e-06,1.892801265057642e-06,2.04647926693724e-06,1.4671306871605339e-06,1.0809770174091682e-05,7.01488866994282e-11,1.260790213564178e-05,0.8066092729568481,4.2441133700776845e-06,5.961799109943655e-11,1.8404405466299067e-07,0.0001419436594005674,2.1702530261791253e-07,4.689387367307063e-07,6.070183189876843e-06,0.00016990666335914284,0.04089648276567459,5.2477047574939206e-05,4.924945642414968e-07
window-363f27ab15d63990beff,69_5608_12991,bowl,bowl,0.9923388957977295,True,2.116529742579587e-07,7.794647558512224e-07,5.954472612756945e-07,9.19421125900044e-08,1.1412998150717168e-11,0.9923388957977295,1.6432759366580285e-05,3.0873252399032936e-07,4.147010201904777e-08,0.00012351397890597582,0.0075147259049117565,5.214377374329615e-09,1.059207388465211e-09,4.545181120363395e-09,8.700394005245471e-07,6.687684503958735e-07,3.15912539183838e-11,2.2628857720974338e-07,5.15998443972876e-08,3.543365687669331e-12,4.540377460671152e-07,4.154759203345293e-09,9.738078787790982e-09,3.228443068437059e-09,1.8473601315349697e-08,2.0640381990233436e-06
window-6c3608dd77375226fa95,69_5608_12991,bowl,bowl,0.9867892861366272,True,1.8428686416882556e-06,6.069067808311956e-07,4.393473584940466e-09,6.90021650928685e-10,1.995392132775331e-12,0.9867892861366272,1.135669845098164e-05,1.75592929085866e-09,1.3588919989260262e-09,0.0003280375385656953,0.012865261174738407,9.573968701159785e-11,4.269344433538436e-09,2.2872638505422316e-10,3.465715181505402e-08,4.495896988032655e-08,1.3233772584719805e-11,4.2834352598219994e-07,1.7681703212701905e-08,1.2524244879033586e-12,1.356854568257404e-06,4.138306142209558e-09,3.543867699296044e-10,9.14727946166316e-11,8.766177117536245e-09,1.6829366131787538e-06
window-35168b47cbc04f446d95,69_5608_12991,bowl,bowl,0.9925593137741089,True,2.4454272988805315e-06,4.673498096963158e-06,1.630816548470193e-08,3.96189436813188e-09,1.1694650456361977e-11,0.9925593137741089,3.577798997866921e-05,9.86429160576563e-09,1.5084715698776563e-08,0.00041217092075385153,0.00696555757895112,2.2276891442629676e-08,4.660165586756193e-09,1.873162513987836e-09,2.5036231932062947e-07,1.2817931747122202e-06,7.495880305352642e-11,7.410869784507668e-07,2.6749559012273494e-08,2.5086642832516937e-12,7.137720785976853e-06,7.053698958259247e-09,5.276853620728161e-09,6.077465197762422e-10,4.087667804242301e-08,1.0558641406532843e-05
window-50b0fc5c944a45c1601c,69_5608_12991,bowl,bowl,0.9986987113952637,True,8.538729048268578e-07,9.680853736426798e-07,6.570520127979762e-09,4.139928122537384e-10,4.8911404440521444e-12,0.9986987113952637,8.53188794280868e-06,1.850135711300993e-09,8.897139913699448e-09,0.0001530263980384916,0.0011282265186309814,1.4036733553268732e-08,7.928962375558513e-09,1.1075388384185203e-09,9.42356948030465e-08,1.5753322202272102e-08,9.043412546594354e-11,1.8934263152914355e-06,1.1770192820392822e-08,7.028211779919191e-12,3.6202127375872806e-06,3.1247744392004506e-09,4.3331821464320797e-10,8.401026402315992e-11,7.55930926743531e-08,3.9045066841936205e-06
window-b2131a7fed14feb6032b,70_5949_13766,bowl,bowl,0.9991191029548645,True,6.520375350760332e-10,2.4586539026927312e-08,9.21490705962924e-09,3.4480580612950007e-09,4.549646046730395e-14,0.9991191029548645,1.6816052550439053e-07,1.1051730197664256e-08,1.822939310613947e-08,2.5744217424517046e-08,0.0008803931414149702,6.029360344328438e-10,2.952519478904847e-11,1.373282737526793e-10,4.130896069654e-09,1.1394152288346504e-09,3.494069454341303e-13,1.458222840255985e-07,1.271080463105534e-09,3.4577040259860595e-14,1.8814835911484806e-08,5.0595230227656884e-09,1.7068782151574702e-11,2.862169485792765e-12,1.9915512294854665e-10,1.736864874146704e-08
window-3ede63420dc2207a4782,70_5949_13766,bowl,bowl,0.9997438788414001,True,3.9284248076754125e-10,5.7116529283973705e-09,7.593382034265517e-10,1.2014519934488987e-10,1.4521329559820384e-14,0.9997438788414001,9.676978862671604e-08,3.0201735556900644e-10,7.138933444394979e-09,9.581616389198189e-09,0.000255897524766624,1.362319701492254e-10,5.194870141694841e-12,3.5287556297142197e-12,1.2569520979610616e-09,7.565592596847637e-11,7.431315491353979e-14,8.166212950300178e-08,3.6431010985715773e-10,8.504681740751849e-15,7.539655122457134e-09,5.296570737556294e-09,2.2940906986568255e-12,3.721658398125882e-13,3.6304747402793325e-11,1.1982944636557136e-09
window-1bacce2666bb74bc0c4f,70_5949_13766,bowl,bowl,0.9997941851615906,True,3.016136229661015e-09,2.00034506292468e-07,1.0603928402019847e-08,1.8213400787558953e-09,3.6973291724258506e-13,0.9997941851615906,5.269619691716798e-07,6.1540910145652106e-09,1.4035396134204348e-07,6.830657639511628e-08,0.00020301736367400736,1.3313503188783216e-08,5.857715007495656e-11,5.3212458744900104e-11,1.8075498431358028e-08,2.4536357390303465e-09,2.285798069920353e-12,1.4892540320943226e-06,3.464797559971089e-09,1.504134409255689e-13,1.5817786902516673e-07,1.1600074856232823e-07,4.817983859095598e-11,8.414826127567387e-12,8.891804514910007e-10,7.173338190114009e-08
window-3fb3a5a51e72a6c85270,70_5949_13766,bowl,bowl,0.9997377991676331,True,5.6506777035281175e-09,3.082922717112524e-08,6.042099043312987e-10,2.283064709507343e-11,4.9384104525975955e-14,0.9997377991676331,3.495044040846551e-07,1.3459083847422448e-10,5.030062477651143e-10,2.8493454706790544e-08,0.0002615429984871298,9.100968589859093e-11,4.3700584817507604e-11,3.471524456788444e-11,2.4426227707152748e-09,1.249338271724909e-10,1.0744187657618642e-12,1.1676334565891011e-07,5.155637028408933e-10,1.1419008371250233e-13,2.2327389714860146e-08,7.061616624781664e-09,1.2912837032280633e-12,2.9700401209600824e-13,6.828168030992288e-10,1.0360174051982085e-08
window-0d1afb1f0e342af75818,70_6057_13880,bowl,bowl,0.9996083378791809,True,3.2998426213737275e-09,1.895071299884421e-08,1.5987955848117963e-08,2.4618760363637193e-08,1.428598043898624e-13,0.9996083378791809,1.2510375881902291e-06,5.427463989349235e-08,3.589757824329354e-08,4.566995528421103e-07,0.00038803956704214215,8.381001670443311e-09,5.077795822705511e-11,2.319992808974547e-10,1.9756692282157928e-08,1.3156729039565107e-08,3.532330894798208e-12,1.1817585345852422e-06,4.635850370249273e-09,2.689192455957584e-13,7.936172607969638e-08,1.1359231333329944e-09,2.437070267813368e-10,4.1952288865054754e-11,5.366890487579212e-09,4.338087080668629e-07
window-16e3fa32643f0bbe5de6,70_6057_13880,bowl,bowl,0.9998544454574585,True,2.5797536551408484e-08,1.1163543867098724e-08,3.9113055017026e-09,9.759663299746535e-09,6.245563961837508e-13,0.9998544454574585,1.550447336740035e-06,1.3782008423390835e-08,6.594886059474447e-08,4.952222752763191e-06,0.0001366705255350098,9.16597731048796e-09,2.8832883303131496e-10,1.0247086512649162e-10,2.79176326500874e-08,1.5054373747602767e-08,4.7915755564675866e-12,1.1328309028613148e-06,1.0551807427816584e-08,1.6152184841369821e-12,4.675388538544212e-07,7.186540806891628e-10,4.973235712135704e-10,1.803262816846285e-10,2.5792357138954003e-09,5.918874990129552e-07
window-4c4224310a1ec9bc77e2,70_6057_13880,bowl,bowl,0.9995829463005066,True,3.095359701887901e-08,1.2241555680247984e-07,4.459679736612543e-09,6.4862959447964386e-09,6.266237528862462e-13,0.9995829463005066,2.2231029106478672e-06,1.708393249089113e-08,1.9901374059827504e-07,4.064232598466333e-06,0.0003971033438574523,4.6815756604701164e-08,1.7060827750547958e-10,2.2193191728803185e-10,3.5021272992707964e-08,4.8570317545681974e-08,3.3350986902713764e-12,7.254729553096695e-06,2.5232143485709457e-08,7.358169520736701e-13,1.383028120471863e-06,3.827086203500585e-09,7.723524042546615e-10,5.166135227940849e-11,7.554548098198666e-09,4.509515747486148e-06
window-36a1a8a79a25cce0e77c,70_6057_13880,bowl,bowl,0.9995507597923279,True,1.638947111359812e-07,2.826946285949816e-07,1.0456354893051412e-08,9.37401711809116e-09,1.0175849746163479e-11,0.9995507597923279,7.703018127358519e-06,3.7269153096985974e-08,3.268304382686438e-08,6.404039595508948e-05,0.000335207034368068,2.259186615560793e-08,5.714832163050687e-09,5.67273561458137e-10,1.495229895454031e-07,3.520814573221287e-08,3.6017686055878073e-10,4.311813427193556e-06,2.508215324326102e-08,1.578503300292411e-11,3.2137061225512298e-06,1.6827504945027272e-09,1.91063231902433e-09,1.3848179547526485e-10,1.0135657646515028e-07,3.386439857422374e-05
window-9180d574aa34868e0852,70_6228_14105,bowl,bowl,0.997431218624115,True,5.103095190861495e-08,1.1811751932100378e-07,2.1474537703625174e-08,2.5977403339538796e-08,2.7396867326862084e-12,0.997431218624115,4.035503025079379e-06,3.2563391982876055e-08,6.095641680303743e-08,3.6116996398050105e-06,0.002558632753789425,2.506153284898005e-09,1.1204170924372647e-09,1.226394874542791e-09,2.617645478153463e-08,3.170421436493598e-08,8.27167761369152e-12,1.0664055025699781e-06,1.0277863893293215e-08,2.1903335536369722e-13,2.990572625094501e-07,4.247105778176774e-09,2.080715821861645e-09,6.68938099357419e-11,6.85451306825513e-10,6.526357765324065e-07
window-400e3c41f04bf41df69e,70_6228_14105,bowl,bowl,0.9922520518302917,True,6.2204481565686365e-09,4.131757691538951e-08,4.104473982913248e-10,1.1871655047901442e-10,1.719699550947404e-13,0.9922520518302917,2.2985798295849236e-06,2.587000891285385e-10,1.8907717613814157e-09,4.7021583782225207e-07,0.007744742091745138,1.3254605746304549e-10,1.705506014193503e-10,7.806796875620137e-11,5.304114925053227e-09,3.661850545011447e-10,3.74273176470194e-13,8.008161955785909e-08,3.2646683134629484e-09,1.2582407446677657e-13,3.003085282671236e-07,1.1245379738511474e-08,2.355242736951091e-11,4.4297196119535975e-12,6.083106240950542e-11,5.7128879404899635e-09
window-2c5d5e70bdb2fd605b67,70_6228_14105,bowl,bowl,0.9945606589317322,True,9.477034268456919e-08,4.5172234308665793e-07,2.0179770743311565e-08,2.104203566943852e-08,9.369820891391711e-12,0.9945606589317322,8.48778581712395e-05,8.940690854331024e-09,2.696323520012811e-07,5.6965418480103835e-06,0.005329706706106663,1.3333431070350343e-07,2.2974735447434114e-09,4.798595298893815e-09,5.02894749843108e-07,4.4601339510563776e-08,2.2310537098335637e-11,1.4827686527496553e-06,3.4138967208718896e-08,2.322610853644491e-12,1.558880649099592e-05,1.7926748796526226e-07,4.311856649508172e-09,2.3835042273212537e-10,2.1805346861469843e-08,8.679629814878353e-08
window-1160c2e48f7b1eda9194,70_6228_14105,bowl,bowl,0.9986948370933533,True,2.2389482978724118e-07,3.040031231194007e-07,3.5921935648275394e-08,4.66859226833094e-08,2.5554620919354676e-11,0.9986948370933533,0.00041213235817849636,2.816281208239957e-09,1.0776165026982198e-07,0.0001585374411661178,0.000705445243511349,2.592561720859976e-08,1.4012843330135638e-08,1.2249151915000311e-08,2.0530380879790755e-06,3.9770506887748525e-09,1.0494749513867419e-09,1.5370438632089645e-05,4.0890167696261415e-08,1.3673819021509104e-10,8.908852578315418e-06,5.480628573195645e-08,1.3651622055022017e-09,9.841301107371692e-10,3.8221222098400176e-07,1.4527373650707887e-06
window-352543d2caecf6371a46,70_5747_13382,bowl,microwave,0.9976851940155029,False,1.8876220031494029e-13,7.857711148417934e-10,8.22793833066271e-09,2.891363692469895e-06,5.409077857621014e-06,3.898519285172597e-09,0.002147881081327796,9.112331549043784e-12,3.2305053991876775e-06,2.7712601422535954e-06,7.216275577093256e-08,2.1195307908783434e-06,7.571001117701037e-13,8.033162544052175e-07,0.9976851940155029,9.52608445459191e-08,5.184286498900216e-14,4.216963134240359e-08,2.4034775378822815e-06,3.898437128668775e-09,3.554750716006083e-09,2.592679265944753e-06,0.00012908836652059108,3.7707883393522934e-07,1.4997157450125087e-05,4.655240193329746e-09
window-fc526efaf069b243a8db,70_5747_13382,bowl,toyplane,0.8544027209281921,False,4.5207201870844926e-10,3.207858867426694e-07,5.45002258149907e-05,0.00015002455620560795,9.858734847512096e-05,2.887063317302818e-07,0.003861916484311223,4.0916759758147236e-07,0.0012132443953305483,0.0014539763797074556,5.096779568702914e-05,0.000829405733384192,1.3574542878647122e-10,0.03284432739019394,0.09430921077728271,6.577885869774036e-06,1.0152484408720852e-10,0.00019448163220658898,0.006024133879691362,4.947607323835257e-10,2.738990474426828e-07,8.403797437495086e-06,0.8544027209281921,1.4305869626696222e-05,0.00448127556592226,6.274169663811335e-07
window-3ba9e6de2ef06725900e,70_5747_13382,bowl,microwave,0.6553249359130859,False,6.249756788478944e-12,2.062373880562518e-07,3.3174448617501184e-05,0.0008074636571109295,0.0007989683072082698,9.049879423628227e-08,0.0003756946243811399,2.9803231882397085e-08,0.00013008774840272963,3.0344019705808023e-06,3.820957772404654e-06,5.379164940677583e-05,2.841708986178748e-11,0.01356301736086607,0.6553249359130859,6.47945535092731e-06,1.7084728076710576e-10,5.795511697215261e-07,0.0002156063710572198,5.889775778200601e-09,2.220277073305965e-09,9.455550298298476e-07,0.2368355691432953,1.3725257304031402e-06,0.09184509515762329,7.475451724303639e-08
window-aca96965e0f096c6e43c,70_5747_13382,bowl,microwave,0.968251645565033,False,2.3298989473841125e-11,5.0726911560161625e-09,9.438436165964958e-08,4.042259024572559e-05,3.233134702895768e-05,1.573410152166943e-10,0.00020757415040861815,3.7499057678469505e-12,7.996612112037838e-06,2.8174421458970755e-05,4.679252185724181e-07,3.8045607652748004e-05,1.7758563716774312e-12,2.530092569941189e-05,0.968251645565033,3.4625611533556366e-06,1.0938777661451127e-11,1.1843149394508146e-07,4.731004537461558e-06,9.064049066864754e-09,4.656934837754534e-09,1.997668277908815e-06,0.0024253057781606913,5.142773716215743e-06,0.028927210718393326,3.855333385871518e-09
window-131e408008abb6098b3c,391_46871_93579,cake,cake,0.9874590635299683,True,6.088288137107156e-05,4.3195901525905356e-05,5.145332604428177e-09,0.00010301335714757442,5.6403202108867845e-08,4.439117518018065e-09,0.9874590635299683,0.0002779873029794544,2.7761726945074727e-11,1.242116525190795e-07,0.010005906224250793,2.3467025300760724e-07,6.600390012323487e-09,3.568435147371929e-07,4.724324931260071e-09,1.3161823630980507e-07,7.982791316862858e-08,9.042737758591102e-08,0.0019530528225004673,2.296893786279952e-10,4.917677870253101e-05,5.4749431654954606e-09,1.7776056893126224e-06,4.47169913968537e-05,9.177293947004728e-08,9.036271819695685e-08
window-c7055c160f9acdc28400,391_46871_93579,cake,cake,0.9996757507324219,True,1.5014058590168133e-05,2.0739789761137217e-06,5.786930309947813e-11,4.5752466348858434e-07,6.56153957834249e-08,6.976071109665583e-11,0.9996757507324219,4.456605438463157e-06,1.0879854309142623e-11,4.672874709399366e-08,8.529393198841717e-06,1.6487081921923163e-08,4.897582894791697e-10,4.544482123947091e-08,1.1969102098330353e-10,1.253515247157111e-08,2.7535709268278197e-09,5.0759673797529103e-08,0.00028765585739165545,7.293516485207263e-12,5.34868649992859e-06,9.44064493246799e-10,3.739410487924033e-07,1.787749681625428e-07,3.664686609727852e-10,6.297474186567342e-08
window-7434fa4898152e25c039,391_46871_93579,cake,cake,0.9986447691917419,True,3.232183735235594e-05,5.303705984260887e-05,1.76507905513823e-11,7.626727892784402e-06,1.1546284213181934e-06,3.6631356281624505e-10,0.9986447691917419,2.8672109237959376e-06,3.560121294987617e-11,9.377282061961978e-09,4.8775827963254414e-06,4.180805990472436e-05,6.330308499613579e-10,1.9728004474472982e-07,2.3602819698709254e-09,3.6173994999444403e-07,2.1619128709460256e-09,1.992135736372802e-07,0.0011882565449923277,2.510057994786763e-10,1.5951394743751734e-05,2.427783807323891e-10,1.3428110605673282e-06,5.1468882702465635e-06,5.7042779388893905e-08,7.893486042576114e-08
window-b0a860b31dcd79667b25,391_46871_93579,cake,cake,0.9953540563583374,True,0.0017675861017778516,0.0013357253046706319,2.8883331490425768e-11,7.048863608360989e-06,9.532110567533891e-08,6.062439439347145e-10,0.9953540563583374,6.169086645968491e-07,9.68534419332201e-11,2.076791538740963e-08,1.2238491763127968e-05,3.488876245683059e-07,5.864917085318666e-08,5.915097744946252e-09,9.443464898950538e-10,2.9174793780839536e-07,2.0602662631485913e-10,3.721242478604836e-07,0.001501837745308876,3.1710674086582458e-09,1.3713312000618316e-05,6.810219610464685e-10,4.025037014798727e-06,1.1039512628485681e-06,2.742156084423186e-07,5.720422109334322e-07
window-65899bca80870d8f3e48,42_2008_6247,cake,cake,0.8801686763763428,True,0.028182081878185272,5.470602627610788e-05,1.5919753423077054e-05,2.8952349566679914e-06,1.250485070158902e-06,9.747568401508033e-05,0.8801686763763428,1.5123137018235866e-06,7.55395674900683e-08,0.023633141070604324,0.0053192367777228355,2.6377396352472715e-05,1.356646498607006e-05,3.145937080262229e-05,8.442009857390076e-06,0.00025943908258341253,6.15736865938743e-08,0.0003746212460100651,0.0001569653832120821,1.0513718251559112e-07,0.061263538897037506,8.192383802452241e-07,0.00021755791385658085,2.094428964483086e-05,8.140748832374811e-05,6.778654642403126e-05
window-41ff688cde1003d036ba,42_2008_6247,cake,cake,0.7046773433685303,True,0.04782471805810928,6.795434455852956e-05,1.8817727323039435e-05,1.5742612049507443e-06,3.9102204141272523e-07,0.0004580817767418921,0.7046773433685303,6.301273970166221e-06,1.5626173421878775e-07,0.06270366162061691,0.008983367122709751,6.649181887041777e-05,4.071375587955117e-05,3.193083557562204e-06,8.382534360862337e-06,0.00035537173971533775,1.4545317128522584e-07,0.0008386157569475472,0.0004886534297838807,3.4660693870591786e-08,0.17269642651081085,4.554674148948834e-07,0.0005289254477247596,3.048470534849912e-05,1.1804358109657187e-05,0.00018793669005390257
window-83f98551e49926f9fe9a,42_2008_6247,cake,cup,0.4275582432746887,False,0.06723290681838989,0.0005755249294452369,3.276576899224892e-05,9.699015208752826e-07,1.6894979637527285e-07,0.0021800664253532887,0.12370897084474564,4.529680154519156e-06,5.419081503532652e-07,0.4275582432746887,0.026036158204078674,6.097639197832905e-05,9.989960381062701e-05,8.273359526356217e-06,1.9463350326986983e-05,0.0003836785035673529,9.868043093774759e-08,0.002572382800281048,0.00015403791621793061,3.3657965303746096e-08,0.3484198749065399,1.4498950804409105e-06,0.00014666041533928365,7.661442396056373e-06,2.635499185998924e-05,0.000768318132031709
window-6b2c0437c6b5231758a3,42_2008_6247,cake,cake,0.36828532814979553,True,0.018873775377869606,0.0006920710438862443,8.474839705741033e-05,3.5400139495322946e-06,2.541299181757495e-06,0.003745865309610963,0.36828532814979553,1.6651893020025454e-05,6.18345382008556e-07,0.26725372672080994,0.029213281348347664,0.00011980676936218515,0.00020677756401710212,8.408006397075951e-05,0.00029181482386775315,3.7424622860271484e-05,1.227575353368593e-06,0.0010630241595208645,0.0001300976291531697,5.0300093334954e-07,0.30909401178359985,2.521546548450715e-06,8.760745549807325e-05,2.6671590603655204e-05,0.00020957004744559526,0.0004727546183858067
window-6477aab26f2117ae3626,620_101209_202956,cake,book,0.5698506832122803,False,0.04496113210916519,2.8303344379310147e-07,0.007254680152982473,9.470128134125844e-05,0.5698506832122803,7.67250707411904e-09,0.07373060286045074,0.001204696367494762,7.199283572845161e-06,3.228852801839821e-05,0.004746084101498127,1.0079538697027601e-05,8.736213203519583e-05,0.0013280631974339485,0.0023970557376742363,0.2358974814414978,1.2351233635854442e-06,3.443966534177889e-07,0.0018596783047541976,0.05028169974684715,0.0004997243522666395,0.0014999295817688107,0.00223443447612226,0.0020121210254728794,8.39184122014558e-06,3.2704170482844575e-09
window-c12b3dc895267b9a3540,620_101209_202956,cake,book,0.4257268011569977,False,0.06321190297603607,5.45760485692881e-07,0.003678328124806285,0.0002671833208296448,0.4257268011569977,6.71690036924133e-09,0.22535677254199982,0.0004322506138123572,1.0597176697046962e-05,2.8931435736012645e-05,0.00550702353939414,4.0739073483564425e-06,0.0001275626418646425,0.0011155434185639024,0.005384637508541346,0.1768142431974411,1.5718973145339987e-06,1.1731061704267631e-06,0.0019390315283089876,0.08210597932338715,0.0009045058395713568,0.0012009353376924992,0.004574797116219997,0.0015689448919147253,3.657583147287369e-05,1.4173204831990915e-09
window-b42840ab6854b90f1989,620_101209_202956,cake,book,0.6305565237998962,False,0.016288474202156067,3.3594318438190385e-07,0.0021589496172964573,0.0001477839978178963,0.6305565237998962,3.2759412960103873e-09,0.0669611319899559,0.00016344724281225353,2.5346886104671285e-05,1.566432911204174e-05,0.004068335518240929,8.53519122756552e-06,4.8210662498604506e-05,0.00297398935072124,0.004293880891054869,0.203752800822258,2.4418670818704413e-07,7.0173524591155e-07,0.0006001247675158083,0.06117122992873192,0.0004076159093528986,0.0032382330391556025,0.0023326564114540815,0.0007427450618706644,4.308099232730456e-05,4.282560139845515e-10
window-0339a7c66bebf6d0df78,620_101209_202956,cake,book,0.6193360090255737,False,0.0047486587427556515,1.352731402448626e-07,0.007155546918511391,0.00031990627758204937,0.6193360090255737,2.5518676061153656e-09,0.016080254688858986,0.0007662426214665174,1.0954438948829193e-05,6.325612048385665e-06,0.0029129411559551954,7.86130749474978e-06,3.8009780837455764e-05,0.001010419800877571,0.001965170493349433,0.31501105427742004,1.2916682123886858e-07,1.562660827403306e-07,0.00031219556694850326,0.026105336844921112,0.0001260896970052272,0.0016124097164720297,0.0016601443057879806,0.0008061418193392456,7.886026651249267e-06,3.2082694834123515e-10
window-c97961b2cf827900ccf1,385_45669_91341,carrot,carrot,0.9066172242164612,True,1.2388576578814536e-05,0.00017593074881006032,0.030982570722699165,1.281531922359136e-06,0.019001875072717667,2.1685442774810326e-08,0.0004626305599231273,0.9066172242164612,1.4805954151597689e-06,5.856061306985794e-07,0.00010519850911805406,0.0014132307842373848,1.9890080693585332e-06,3.3135092962766066e-05,3.4359505463044115e-08,7.707145414315164e-05,4.679430276155472e-06,2.670843457508454e-07,0.040774155408144,6.225040621865574e-11,0.00029998921672813594,3.5593370739661623e-07,2.5463066776865162e-05,7.533676125603961e-06,8.450406880911032e-07,2.1011696549333436e-10
window-6301941785c5831fa008,385_45669_91341,carrot,carrot,0.895871639251709,True,0.0001452291471650824,0.0017638789722695947,0.0018183854408562183,5.027358085385458e-09,0.014268859289586544,2.5681849535885704e-08,0.00024153816048055887,0.895871639251709,2.8067104196338732e-08,2.74149449808192e-08,0.00020677318389061838,0.001494101481512189,7.471453500329517e-08,0.00021842974820174277,1.5204388859046958e-08,1.688104384811595e-05,4.8064372037970315e-08,1.3114253682999788e-08,0.08353302627801895,5.991712681563399e-11,0.00039577664574608207,1.4268361603342328e-08,2.4288239728775807e-05,1.0130663667951012e-06,4.774054040979081e-09,1.0839071610743711e-12
window-97de4a40ab3b239b56b8,385_45669_91341,carrot,carrot,0.9936969876289368,True,0.00017523765563964844,0.00020405832037795335,0.0003878723946399987,1.0487385182500475e-08,0.002652520779520273,2.7873973962311283e-11,2.722216549955192e-06,0.9936969876289368,7.995458517484622e-09,6.075620895273914e-09,1.042504754877882e-05,0.000592875643633306,9.690499069847647e-09,1.116213411478384e-06,1.175746167092484e-08,6.082224354031496e-05,9.144952017869912e-10,4.818697618702572e-08,0.0017734381835907698,9.427284473895181e-12,0.0004375098505988717,4.326168034918254e-10,4.092689323442755e-06,2.6847334311241866e-07,3.6214251042387957e-10,2.13534528600845e-12
window-b483f1cbae1b9a4c04b1,385_45669_91341,carrot,carrot,0.8196722865104675,True,0.00027022819267585874,0.03169533610343933,0.0005339843919500709,3.3667213017452013e-08,0.0881776511669159,2.413803601442055e-09,9.135335130849853e-05,0.8196722865104675,3.607111054293455e-08,7.306239169224682e-09,0.0004713802773039788,0.00012368173338472843,4.917645810564863e-07,4.450865526450798e-05,2.050946790177477e-08,4.9216574552701786e-05,4.449025325925504e-08,4.3908897850997164e-08,0.05825614929199219,3.580215984788637e-11,0.0005576335825026035,2.616303840241585e-09,5.405996853369288e-05,1.8187320165452547e-06,6.5451741804167796e-09,2.2754416406645106e-11
window-68980e05bc83dcb70fcc,398_50466_99066,carrot,carrot,0.998112678527832,True,8.026773684832733e-06,0.00013267445319797844,1.3977130208786548e-07,1.5143286873353645e-06,2.289234402041984e-08,1.0010088244416515e-11,0.0009271851158700883,0.998112678527832,6.217850540002345e-11,1.5068151526520523e-07,8.591140385760809e-07,3.7730821986770025e-06,7.522567102569155e-07,1.8891720132696577e-10,1.8614047803122702e-11,2.0023223612497532e-07,1.0222075616184156e-05,3.66148242392228e-07,0.00012248109851498157,1.0593378930133512e-13,0.0006290228338912129,1.762594159515629e-08,4.835522486246191e-05,1.491778448325931e-06,1.1000277355677213e-09,6.967705301619276e-10
window-c5ed78970ef5e649c7ac,398_50466_99066,carrot,carrot,0.9970269799232483,True,1.7970579619941418e-06,8.426674321526662e-05,6.805444172641728e-07,1.1262111456744606e-06,4.5706192963734793e-07,4.5419752403574876e-09,0.0007057607290335,0.9970269799232483,3.1967119923370646e-11,4.6671806330778054e-07,4.2286483221687376e-05,6.6858260652225e-06,4.276040144191029e-08,2.0035845693655574e-07,7.016313745278335e-12,8.557179853596608e-07,2.029469578701537e-05,6.134299468385507e-08,0.0010020475601777434,2.355016789218345e-12,4.31171343961978e-07,6.189032619730028e-11,0.0010529799619689584,5.26032927155029e-05,5.416957105097708e-09,1.5592247493145805e-08
window-b7e1bd686be31479a92d,398_50466_99066,carrot,carrot,0.9890657663345337,True,1.6127016351674683e-05,8.219481242122129e-05,9.238119247356735e-08,8.607524648596154e-08,3.2657749837738947e-09,8.551648278398716e-10,0.007560336962342262,0.9890657663345337,7.03978542127004e-11,3.722248607118672e-07,8.482587145408615e-05,4.00485259888228e-06,5.2062991926504765e-06,5.95627325239434e-10,1.3538764293691274e-12,2.700504069252929e-07,4.004549191449769e-05,1.3615114767162595e-05,0.0007422359194606543,2.0825598190388206e-12,0.0023059712257236242,2.1584767750937317e-08,7.744874164927751e-05,1.3196441841500928e-06,1.1012377676422602e-08,3.4172796148368434e-08
window-ba9c592c496783f86657,398_50466_99066,carrot,carrot,0.9999136924743652,True,1.360022992002996e-07,6.581771003766335e-07,1.0868625395232812e-06,1.332154742073044e-08,1.650510306205888e-08,1.225285389643005e-12,1.8467484323991812e-06,0.9999136924743652,1.2459470954961915e-11,4.199413261574136e-09,5.391796548792627e-06,2.3085722204996273e-06,4.3708197949854366e-07,2.63637361941349e-10,5.905326141281142e-13,1.3824707423282234e-07,2.666491738523291e-08,2.605661642007817e-08,6.436752300942317e-05,1.6033115319332575e-13,3.196886382283992e-06,5.081898235559379e-10,6.557264441653388e-06,7.918045952237662e-08,9.261865580034723e-12,2.0437535344641766e-11
window-f8b7cb1b9ed754290774,399_51327_100768,carrot,carrot,0.9995706677436829,True,3.780089400606812e-06,4.361371338745812e-06,0.00013463705545291305,3.935021553047591e-08,1.1193702675882378e-07,5.964922999979194e-11,3.743720299098641e-05,0.9995706677436829,4.34936808790809e-13,2.932520715148712e-08,1.6880602515811916e-06,6.736781870131381e-07,1.3304117529866488e-10,1.1448595849117282e-08,5.300330487012506e-13,1.3681617019756231e-05,3.781832624838444e-09,1.525086834597289e-09,0.00018371647456660867,1.0076420492270699e-13,9.611588325242337e-08,3.2220461108206644e-12,4.7187200834741816e-05,1.7910504084284185e-06,2.5510600298872532e-09,9.677580958822318e-10
window-37ba31d04aae19968210,399_51327_100768,carrot,carrot,0.9945214986801147,True,0.00011476690269773826,0.0005647387588396668,0.00014471926260739565,5.317994222764355e-08,6.882340244374063e-07,4.685818399963182e-10,6.821364877396263e-06,0.9945214986801147,4.4469719573392297e-11,2.251129899377702e-06,5.94252378505189e-05,7.54268876335118e-06,1.2699047369224559e-09,2.1936998564342503e-06,5.352806739522542e-12,0.00019382243044674397,6.513231909366368e-08,7.010854119471333e-08,0.00390072213485837,5.5320639562317364e-12,1.1135402928630356e-06,1.511253344688157e-10,0.00026513918419368565,0.0002138247073162347,4.4619346795116144e-07,4.357073368765896e-09
window-c2675a9f4741d8faaf36,399_51327_100768,carrot,carrot,0.992461621761322,True,5.617976512439782e-06,5.247530498309061e-05,0.0063290721736848354,9.717819438037623e-08,8.44505393615691e-07,8.383829186442426e-10,1.4809274034632836e-05,0.992461621761322,2.930673011127677e-13,4.284741450533147e-08,0.00022442510817199945,1.513687379883777e-07,5.420631721264613e-10,4.319941581343301e-06,4.924499696912221e-11,0.00017149488849099725,6.536301278003975e-09,4.069655376581771e-11,0.000688358093611896,1.0499193528468176e-11,1.518133529998522e-08,2.5485523413859568e-11,3.3157459256472066e-05,1.3350820154300891e-05,1.0239308778636769e-07,8.566977682811228e-10
window-03bfe5fdaa7687bdfac2,399_51327_100768,carrot,carrot,0.9986832737922668,True,0.00028103505610488355,0.0002754264569375664,0.000244196126004681,3.879035759268845e-09,4.387398444549717e-09,1.0461591593013964e-09,9.091968422580976e-07,0.9986832737922668,4.729778309460475e-13,9.644263343489001e-08,1.822261583583895e-05,3.189299206951546e-07,7.416993685893658e-10,4.9873873919636935e-09,7.405274310423593e-14,3.3854150387924165e-05,4.871448311405402e-08,3.520833047332417e-08,0.00041138578671962023,3.8769790329518106e-13,1.104381340155669e-06,1.2152834294454351e-11,4.15027498092968e-05,8.533782420272473e-06,1.4154507566033203e-09,9.6469809918176e-09
window-5c9d1f816dfbc3e92447,477_67631_132226,carrot,carrot,0.9068419337272644,True,0.0002231844700872898,0.03364485874772072,0.005425276234745979,0.0003432832600083202,5.860479723196477e-05,3.143874437228078e-06,8.643033652333543e-05,0.9068419337272644,1.9574177656522807e-07,0.03603934124112129,0.00010994511831086129,0.00026204728055745363,5.206724722484068e-07,6.724854983986006e-07,1.6604809971454415e-08,0.0008153987000696361,5.668142330250703e-05,0.00013326674525160342,0.0007869995897635818,2.9017007546761064e-11,0.00035751255927607417,1.133773366746027e-05,0.01306106336414814,0.0016852287808433175,1.8307198388356483e-06,5.1045819418504834e-05
window-91b9114ba2aa07bb5c2e,477_67631_132226,carrot,carrot,0.9407350420951843,True,0.0011835518525913358,0.054766301065683365,4.560364686767571e-05,4.70554550702218e-06,9.131202318712894e-07,1.4933561942598317e-08,4.419875767780468e-05,0.9407350420951843,7.14833277015714e-08,5.917478773653784e-08,8.947154128691182e-05,6.8223730522731785e-06,5.990079898765543e-07,8.049847011193378e-09,5.333936851231735e-12,1.4456276403507218e-05,1.734062893277155e-11,1.8550855429566582e-06,2.6111709303222597e-05,7.28910801075372e-13,0.0028523884247988462,4.511543139074092e-09,0.00015741129755042493,7.028122490737587e-05,1.513449920942378e-10,1.5155890764617652e-08
window-0ad2e10fdd82e64e2bd6,477_67631_132226,carrot,carrot,0.9947183728218079,True,0.00048710298142395914,0.0005416631465777755,0.00045116691035218537,0.00017370427667628974,0.0003001592413056642,1.9445717924782002e-08,3.25977525790222e-05,0.9947183728218079,2.3029549822695117e-08,4.764260381762142e-07,0.000910322880372405,5.571143628912978e-05,2.938124907814199e-07,1.8253378186727787e-07,8.218188352060452e-10,0.0003441710723564029,4.3650130732153514e-10,5.737803121519391e-07,0.0006008975906297565,7.147290398412665e-11,0.0007669954211451113,2.0974454173483537e-07,0.00024121464230120182,0.0003741564287338406,4.1990014243431517e-10,4.648726559253191e-08
window-6cd3b617d543d78d327d,477_67631_132226,carrot,wineglass,0.5786983966827393,False,0.000198094014194794,0.004912152420729399,0.030152883380651474,9.357775707030669e-05,0.0010162765393033624,2.377516921114875e-06,0.014803251251578331,0.3307012915611267,3.6185289786772046e-07,0.0023934829514473677,0.0003853723464999348,0.002878100611269474,6.65829929857864e-07,0.00017877494974527508,4.772861075252877e-07,6.753008347004652e-05,5.912556275688985e-07,0.006222990807145834,0.019107850268483162,3.4399010306884747e-09,0.000432438071584329,2.705285453430406e-07,0.0038136618677526712,0.0036518904380500317,0.0002872087643481791,0.5786983966827393
window-8e0aadd1a161da786a18,506_73066_142318,carrot,carrot,0.9992238283157349,True,3.8658113226119895e-06,8.683284704602556e-07,0.00040745100704953074,4.401607895943016e-07,3.402867676527421e-08,2.745042804175313e-10,5.6797114211804e-07,0.9992238283157349,2.448718831871144e-11,1.0690869345353349e-07,1.80198984622848e-08,1.7535004559476874e-09,8.184554189938353e-08,2.0216464946543056e-08,9.191895508631198e-12,1.3590062053481233e-06,5.647121383844933e-07,4.226719862998607e-09,1.432493377251376e-06,1.5673009765015955e-13,6.0591527351050445e-09,2.5254531267875774e-14,0.0003588798572309315,5.012059887121723e-07,2.825966127772972e-08,4.1204806927597204e-11
window-224f2d7291c7a504adc0,506_73066_142318,carrot,carrot,0.9999725818634033,True,1.2838767361245118e-05,1.7631357422942529e-06,6.928806897121831e-07,2.6610980512487004e-06,5.574478101344482e-10,4.910928330659203e-10,4.708360368255171e-09,0.9999725818634033,1.8403566431207663e-12,1.1942107676077285e-06,5.227521882034125e-08,1.7456256926062785e-11,9.87696591181475e-09,6.589208068064067e-10,2.352099903735194e-10,1.4233904721550061e-08,1.092569732463744e-06,3.3122713460898012e-09,1.5924275658107945e-06,6.963253893843904e-14,8.419482888655239e-10,9.433127259731496e-15,5.579329808824696e-06,3.3047889758108795e-08,7.212892505492619e-10,1.7833558241253655e-10
window-92d6f1d2cae9b7eec02d,506_73066_142318,carrot,carrot,0.999954342842102,True,6.64703384245513e-06,5.214366865402553e-06,5.763329227193026e-06,8.228646493080305e-07,9.266772167393356e-07,5.290800783597227e-12,3.2077953626696853e-09,0.999954342842102,3.9250736992221813e-13,7.030918368400307e-06,4.2064240091121974e-08,3.6272727876873745e-11,3.245923752004387e-09,1.0035078545911347e-08,2.9617222008226918e-09,5.078718913864577e-06,5.524312200577697e-06,1.056301920931979e-10,6.192171753127695e-08,9.803657587343154e-14,1.584256636988357e-08,1.8318147969624207e-14,8.073728167801164e-06,3.761310836125631e-07,3.4871447396334077e-10,7.757489095538972e-11
window-24022b7443c07e5bf38f,506_73066_142318,carrot,carrot,0.9999878406524658,True,5.830017357766337e-07,1.2213559053009249e-08,5.45681899666306e-08,9.272102530211157e-11,2.3674671112416945e-09,2.8382575152988143e-13,7.05115271726342e-11,0.9999878406524658,4.724006931889745e-15,1.8614885188839025e-09,1.2979207708596618e-09,5.268473504682625e-11,2.182842934184137e-10,1.4528690750470474e-11,3.314311986749724e-13,4.395545971647152e-08,2.66227404704944e-11,1.0035112497919219e-11,4.074808828136156e-07,4.897048854401323e-17,5.53118162383015e-10,4.923419537765636e-18,1.1127219295303803e-05,1.6432875060701235e-09,2.235233005631887e-11,1.5389173047797538e-15
window-5b86ff76fdcbf87ce282,216_22847_49082,chair,toilet,0.9387057423591614,False,1.315740322683362e-14,1.1610688943619607e-07,4.934740445605712e-06,1.3606290849565994e-06,2.408707122647513e-10,3.8909687971599993e-11,4.4181355463024374e-08,1.4705171759096802e-12,0.061233311891555786,3.063407305603505e-08,1.0174252065842104e-11,2.2267747681326e-06,6.183671352744113e-09,1.139246141868e-09,5.821339073008858e-07,1.2046126596221285e-10,1.3113160557409742e-10,3.761197575613551e-08,6.276774655589179e-09,3.4457853237412905e-12,3.9798655052436516e-05,0.9387057423591614,6.2696794422834046e-09,1.1776369319704827e-05,4.816479437508292e-10,1.073737778377326e-12
window-196b749ca6e18aef06a3,216_22847_49082,chair,chair,0.5273340344429016,True,4.9130041758007356e-17,1.6892838239357388e-09,1.8488103137315193e-07,8.749789230932947e-07,2.718824498870731e-09,3.103363746537191e-11,9.175126769456199e-10,1.098893614992491e-10,0.5273340344429016,6.073159966035746e-07,1.1740264316273397e-10,6.273923190747155e-06,1.2265546911471858e-10,3.4507499435676436e-07,4.179276220384054e-05,8.447659460841805e-09,6.502712257550058e-11,1.158951268287467e-09,8.571739429363845e-10,4.43854068082894e-12,3.855968202515214e-07,0.4726121723651886,5.68269487022377e-10,3.296752083770116e-06,4.3745962408081596e-09,8.852560351435557e-10
window-7242998ed24877f46e61,216_22847_49082,chair,toilet,0.8653329014778137,False,3.212250344192258e-12,9.986344906565137e-08,0.0005227378569543362,0.0005652691470459104,2.142917310266057e-07,5.1542627943490515e-09,1.9441810650278057e-07,8.935973738743996e-08,0.12525255978107452,6.626253252761671e-06,2.3363003975873653e-08,0.0004067504487466067,1.5833448685498297e-07,3.656130957097048e-06,0.0020050490275025368,1.9679607703437796e-06,9.930085553833123e-08,4.156347131356597e-06,8.466161034448305e-07,3.1097482633413165e-07,6.443212896556361e-06,0.8653329014778137,1.623688348217911e-07,0.005884512327611446,5.169215455680387e-06,6.756412762598529e-09
window-b71c176bd221529ba384,216_22847_49082,chair,chair,0.9918465614318848,True,1.7685768417797197e-14,4.047452506483751e-08,3.9390124584315345e-06,1.2599598449014593e-05,3.976844453745798e-08,9.537583167684716e-09,4.9043819672078826e-08,2.6488523180434598e-11,0.9918465614318848,1.0831922736542765e-06,3.108246104943646e-09,0.00037049484672024846,2.420263740532391e-07,3.033640496141743e-06,0.00020917643269058317,2.951297539688369e-10,3.201084197712589e-08,0.00016462456551380455,1.632531665407555e-09,4.772026107602301e-10,2.3758340830681846e-05,0.007337473798543215,1.1541306799145445e-09,2.6846888431464322e-05,2.8213335667715e-08,4.743361703418714e-09
window-262b95ea2f2d67590bd0,465_66075_129693,chair,chair,0.9999374151229858,True,1.5376327928603252e-20,1.0685466183754655e-12,2.9523240300477482e-05,8.896085432752443e-07,5.354503951338074e-09,9.224432329091314e-11,1.644626622387957e-11,7.465991800487126e-13,0.9999374151229858,3.679435423009636e-08,2.1884105638747542e-10,1.3550139556173235e-05,2.2968424037705937e-12,3.318147946629324e-06,9.093090739042964e-06,2.5730298100490323e-11,4.250757460865645e-13,9.63892521355092e-09,1.7283969868937647e-14,4.982340495035542e-12,5.387017942837247e-09,1.6988300330922357e-06,9.000927780888901e-10,2.0097438380162203e-07,4.3102249946969096e-06,8.931694966962667e-11
window-a52462fb8f0ad3fb3dca,465_66075_129693,chair,chair,0.9999983310699463,True,3.184419113021539e-23,9.185116224533674e-16,1.6604895236582706e-08,7.268084467604297e-10,5.699174856002576e-13,1.2821610093083358e-11,7.590780624509505e-14,1.4727416064019144e-14,0.9999983310699463,1.6798616317426074e-11,3.976372115149611e-14,1.6152555417647818e-06,5.833631527737667e-15,5.7604469805294656e-11,4.297643840800447e-08,2.7808610466038873e-15,6.003699226403859e-15,2.6646149176023926e-10,7.685546829466994e-18,5.43882862398949e-15,1.0700353363785053e-12,2.787465147591206e-09,3.3821042754594854e-12,1.471985727752312e-11,1.0915209180950569e-08,1.6062932911955e-14
window-43a9489039b93db5b02b,465_66075_129693,chair,chair,0.9999995231628418,True,1.6293466048358556e-20,1.1727511323167406e-12,4.3646051040013845e-07,1.4252053759378214e-08,3.605020101882239e-11,1.3483314291462545e-11,2.0490911484954966e-13,5.045496084734452e-14,0.9999995231628418,5.790107282521717e-11,2.028158370415145e-11,4.282345145156796e-09,8.747391699870377e-12,9.397165268154595e-10,2.9735618412018994e-09,1.601761800452961e-13,4.464770296096904e-14,2.646025898389581e-10,5.636838563157062e-16,1.3877232696302144e-12,6.736881018321039e-13,2.7546518399645947e-09,1.6029316762811163e-10,1.2436145446770297e-09,5.5488898198507997e-11,2.031390624763758e-15
window-6e4519dac82483b6dc59,465_66075_129693,chair,chair,0.9999903440475464,True,3.7150286040144826e-17,1.0826420055592978e-12,2.580851230504777e-07,1.282659809476172e-07,5.086274541099556e-06,2.3570310633824754e-11,3.0707357229903254e-12,2.6754523618256754e-13,0.9999903440475464,1.3486554095720749e-08,6.250283623998598e-10,9.365967343910597e-07,2.210918254030858e-10,2.522166369089973e-06,1.1477693817596446e-07,2.2730481386012968e-10,1.9646759913394263e-11,2.4612707427706937e-09,4.243394698122405e-12,1.148691253227696e-09,1.4963245920096568e-10,2.5043538354196926e-09,3.2530383009543584e-07,8.220678893167133e-08,6.315131173550981e-08,6.98513682062963e-15
window-01fad0ee21ef2bddebd0,62_4327_11547,chair,chair,0.9999945163726807,True,2.038440441313062e-19,9.485145882362988e-16,5.376334399898042e-08,7.306259419692651e-08,4.316054458275431e-11,1.3098575557535241e-08,2.1617321266376166e-09,8.070443232910778e-17,0.9999945163726807,1.9970561315751922e-10,5.989437418252308e-11,7.864435360716016e-07,1.9139907436738213e-09,1.8591554962199552e-09,9.181965054949615e-08,1.0376667752864163e-14,1.6314931627903206e-09,4.4302765900283703e-07,4.4111227020529e-15,6.941752173084126e-10,2.3055922449000121e-10,3.906629880701118e-11,6.60342752700771e-11,1.6028373073240232e-11,4.099366833543172e-06,2.4559804190360524e-10
window-f85c293d506998366e72,62_4327_11547,chair,chair,0.9996612071990967,True,9.553344123861611e-20,2.519966386168443e-13,5.015050192014314e-06,4.805407115782145e-06,2.4258964317056854e-14,1.3574631696489092e-10,2.6193639271476776e-11,2.468256888211052e-14,0.9996612071990967,1.716209466207097e-11,1.5366002914518617e-10,1.7836084680311615e-06,9.363580133481264e-09,3.3589447195891964e-11,2.2364154972365213e-09,7.468037080122884e-15,3.5453123770068373e-10,0.0002969809283968061,4.349795263564049e-13,5.266571553863564e-11,8.330360845576479e-10,7.763742981836685e-10,3.8012787362262657e-11,1.0842077236006276e-11,3.0325521947816014e-05,5.99622074215489e-10
window-2d9c0c2efbff34ea4db4,62_4327_11547,chair,chair,0.971039891242981,True,5.117103911282152e-14,5.592462049008873e-10,0.0013122477103024721,1.0234762157779187e-05,2.1843932884735295e-08,1.8048439187623444e-07,4.2089007479262364e-07,5.067941292319356e-12,0.971039891242981,8.920360414776951e-07,4.663971431284608e-09,0.00014547689352184534,1.5442398080267594e-06,1.0151186558005065e-08,3.947614004573552e-06,9.518176524725419e-11,1.1323285775688419e-07,2.6793873985297978e-05,2.198979366652143e-11,2.1802351923838614e-08,5.490456942425226e-07,4.938440767432439e-09,1.702578060758242e-07,3.763883782426092e-08,0.027457434684038162,5.970822769540973e-08
window-40e1d14f35037547dd5a,62_4327_11547,chair,chair,0.9996803998947144,True,3.76813538605051e-16,5.843808510014314e-13,5.144166061654687e-05,6.7685336944123264e-06,6.014635545170677e-08,7.625184395010365e-08,1.0607541156559819e-07,7.334559934228657e-13,0.9996803998947144,9.932679745361384e-08,2.380562591497437e-08,7.608692249050364e-05,2.621040039230138e-06,1.4917901580702164e-07,3.1736522032588255e-06,2.4861019493060965e-11,6.191015700096614e-09,6.723067053826526e-05,8.73640326748415e-11,8.378173532719302e-08,2.2072094907343853e-07,5.837144101406011e-10,3.611220336097176e-06,3.8305745420075255e-07,0.00010751117224572226,1.802895788216574e-08
window-e6d533fa0b9d42ea6f6b,573_83721_165787,chair,chair,0.9865821599960327,True,1.6716832362817513e-08,1.567039475958154e-06,0.0001333794352831319,0.0003811006899923086,3.901380841853097e-05,1.0362038665334694e-05,0.0004083053208887577,7.0184333900158435e-09,0.9865821599960327,3.4637701901374385e-05,2.179293261406201e-07,0.005445356015115976,1.2951343109079971e-08,9.10866856429493e-06,0.003031499683856964,2.288393079652451e-05,1.1208790340333508e-07,0.002437820192426443,6.017646683176281e-07,7.503734167357834e-08,6.764641398149251e-07,6.344480061670765e-05,4.7886769607430324e-05,5.145673753759183e-07,0.0013206932926550508,2.862333167286124e-05
window-acd581ccc05ad40b8e9f,38_1705_5096,cup,cup,0.9933979511260986,True,1.2648268921111594e-07,0.005268289241939783,7.50582557884627e-06,5.057822636445053e-05,2.506437279947704e-10,0.00014739380276296288,0.00011700310278683901,1.0895466402871534e-05,2.4648597900522873e-06,0.9933979511260986,2.2861509307858796e-07,2.3478095556583867e-07,5.354403853630174e-08,1.0643822490052912e-09,4.933249783789506e-06,1.929141490109032e-06,7.560654324834104e-10,1.5769935998832807e-05,2.932203635452879e-08,3.174861262777995e-08,1.6839818499647663e-06,5.943851192569127e-06,3.130524783045985e-05,0.0005691307014785707,5.576528572248662e-09,0.00036650418769568205
window-62e27d056ff416bc86f7,38_1705_5096,cup,cup,0.9343567490577698,True,1.2203199730720371e-05,0.04383232071995735,7.290978373930557e-06,2.9541391995735466e-05,3.192730275713984e-07,0.0003821252903435379,0.0009763403213582933,1.5239343156281393e-05,3.0031321784917964e-06,0.9343567490577698,0.0011055426439270377,2.361116884230796e-07,0.00040722687845118344,3.696211194892385e-07,1.1047704902011901e-06,0.012311350554227829,3.305055396030099e-10,0.001208603847771883,1.6803724633973616e-07,5.8993117058037114e-09,0.0026678210124373436,1.562944453326054e-05,0.0009009027853608131,0.0012481147423386574,2.8813587071852e-09,0.0005179094150662422
window-6d524e37f715112e548c,38_1705_5096,cup,cup,0.9877556562423706,True,6.182656875353132e-08,0.00017211161321029067,5.996696017973591e-06,4.744066700368421e-06,2.0326867966602435e-10,0.0004287963965907693,2.2213966985873412e-06,5.766116260019771e-07,3.179841087330715e-06,0.9877556562423706,4.3105526856379583e-05,1.3391294828579703e-07,6.567973542814798e-08,6.085848713865971e-09,4.181835720373783e-06,7.804505912645254e-06,5.884130960254197e-10,0.0001261112338397652,9.068519943866704e-07,1.0107589432095665e-08,1.4616216503782198e-06,3.0680644158564974e-07,1.2695066288870294e-05,1.8652781363925897e-05,4.151124599616196e-08,0.011411122046411037
window-a3c5218aa85c6757269b,38_1705_5096,cup,cup,0.9521216750144958,True,1.3043018054492705e-10,5.8757097576744854e-05,2.200126090201593e-07,8.523077667632606e-06,7.804971113856141e-10,0.00010174910858040676,1.4161209094254446e-08,6.462695409936714e-07,5.90074364481552e-07,0.9521216750144958,1.142781655971703e-07,1.4090457689519553e-08,7.067904483903931e-09,6.199068480761127e-10,1.985918345326354e-07,5.600373356173804e-07,8.716944943643057e-10,6.81260246437887e-07,7.146936820134897e-09,6.96683197243253e-11,4.626555849540637e-08,1.7121629980465514e-07,9.339043458567176e-07,9.373589819006156e-06,3.3736549664986626e-10,0.04769567400217056
window-5fcaa60141c2036e60b9,405_53913_105048,cup,baseballbat,0.5321111679077148,False,0.0009934562258422375,0.13494561612606049,0.5321111679077148,0.00036730023566633463,0.007492203265428543,0.008691953495144844,0.0001299342402489856,0.0016316557303071022,6.002113423164701e-06,0.008624611422419548,0.05908621847629547,0.00021820672554895282,2.4957604182418436e-05,5.852074991707923e-06,0.0013361781602725387,0.003682830836623907,5.606974082184024e-05,0.0009825738379731774,0.061652448028326035,0.0010202254634350538,5.06729084008839e-05,8.737954715343221e-08,0.005853490438312292,0.0005135165411047637,0.0006995856529101729,0.16982325911521912
window-4a85f3544d94a236d54b,405_53913_105048,cup,baseballbat,0.649055004119873,False,0.00014192787057254463,0.10497988015413284,0.649055004119873,0.00016837965813465416,0.0004254016967024654,0.0024367093574255705,2.80488120552036e-06,0.003086694283410907,5.481968400999904e-06,0.008105418644845486,0.01810612715780735,2.9991765586601105e-06,0.00010272424697177485,1.7069214663933963e-06,2.890817313527805e-06,5.253310519037768e-05,0.000951479421928525,0.001768374815583229,0.0530075877904892,0.00042285106610506773,6.331214081001235e-06,5.227424892950694e-08,0.0011405237019062042,2.8998256311751902e-05,1.5026374967419542e-05,0.1559820920228958
window-2b183d3945f4c79c5ee9,405_53913_105048,cup,wineglass,0.7987844944000244,False,5.1195136620663106e-05,0.003018604125827551,0.022398170083761215,1.5240196262311656e-05,4.148534935666248e-05,0.03497135266661644,5.038797462475486e-05,4.3378982809372246e-05,0.0003543230996001512,0.05658716335892677,0.036666110157966614,7.111727313713345e-07,0.0006376270903274417,5.085203724775056e-07,1.3405209756456316e-05,0.00019143630925100297,0.00011122868454549462,0.04119162634015083,0.003726721741259098,0.0006002961890771985,5.1356091717025265e-06,6.098122412367957e-06,0.00040819263085722923,0.00011729987454600632,7.802288564562332e-06,0.7987844944000244
window-83eaf4f0b488c2180c1d,405_53913_105048,cup,wineglass,0.8493994474411011,False,1.632559906283859e-05,0.002332306932657957,0.048955485224723816,8.145920219249092e-06,3.909594306605868e-05,0.047332048416137695,6.085482482376392e-07,1.7799589841160923e-05,0.00031008964288048446,0.00756489485502243,0.013540769927203655,4.819683908863226e-06,3.2534961064811796e-05,4.270901001746097e-07,1.6406892200393486e-06,0.0003791132476180792,4.892229844699614e-05,0.028364121913909912,0.00017757788009475917,0.00033044180599972606,3.849178028758615e-06,1.6308721342284116e-06,0.0008084772271104157,1.118668842536863e-05,0.00031822704477235675,0.8493994474411011
window-0dfaadcecc6e27a49e8c,30_1155_3251,cup,toyplane,0.5257360339164734,False,5.83371365792118e-05,0.32020777463912964,0.002266901545226574,0.00012067245552316308,3.2162370189325884e-05,3.8206959374065264e-08,0.0025377876590937376,0.07335560768842697,3.1839014980050706e-08,0.025579344481229782,0.0019421629840508103,0.0007235580706037581,0.00019262716523371637,0.00022205107961781323,1.9430956399446586e-06,0.020016975700855255,4.6898094296921045e-09,2.2446743969339877e-05,0.013578458689153194,1.855670461736736e-07,0.00035376279265619814,2.1365012798924e-05,0.5257360339164734,0.013027440756559372,5.696480798178527e-08,2.2897399958310416e-06
window-19ff3769a605a1ea0c18,30_1155_3251,cup,toyplane,0.5975971221923828,False,5.0620274123502895e-05,0.01641525700688362,0.006838288623839617,2.1785925127915107e-05,1.2157458968431456e-06,1.71880998323104e-08,0.00023129009059630334,0.215778648853302,5.367013500290341e-08,0.0013813069090247154,0.02175845578312874,0.0009872711962088943,0.04243303835391998,0.041785988956689835,5.466447419166798e-06,0.005473900120705366,2.4344151938748837e-07,1.8877643015002832e-05,0.03375716134905815,1.947378223121632e-05,0.0008204728947021067,1.7428970750188455e-05,0.5975971221923828,0.014403793029487133,1.200178445515121e-07,0.00020273953850846738
window-913b87ce26aa3a3d945b,30_1155_3251,cup,ball,0.9289788007736206,False,8.573134255129844e-05,0.9289788007736206,0.000493435247335583,2.7374011551728472e-05,2.2396466903273904e-08,2.897988053973677e-07,5.4501742852153257e-05,0.017498869448900223,1.927319459582577e-07,0.03348700702190399,0.0014535968657582998,0.0001823224883992225,0.00036924899904988706,0.00015933600661810488,0.0003243847459089011,0.0008930774638429284,4.630162919738723e-09,2.302378447893716e-07,0.0011048725573346019,2.9319974714780983e-07,5.623007382382639e-06,2.3865873117756564e-06,0.007312794215977192,0.007267589680850506,2.4585311564351287e-09,0.00029796743183396757
window-2eedf815ac9ba513bd25,30_1155_3251,cup,toyplane,0.5863933563232422,False,5.695341315004043e-05,0.17058321833610535,0.0007614122587256134,0.00017724659119267017,1.2004284144495614e-06,1.3846516822013655e-07,0.012973659671843052,0.03411079943180084,1.3321692904355587e-07,0.16317519545555115,0.0005849352455697954,0.00022442081535700709,0.0011325259692966938,6.962729094084352e-05,5.011412940802984e-05,0.00011686651123454794,5.908855627012599e-08,9.762103582033888e-05,0.018681935966014862,2.498026105968165e-06,6.453427340602502e-05,7.244979315146338e-06,0.5863933563232422,0.00424584886059165,1.023882916229013e-07,0.006488319486379623
window-d5674e3ea685f8d37efe,595_90448_180363,cup,wineglass,0.7251115441322327,False,0.0011044167913496494,0.0005682058399543166,1.9555336621124297e-06,0.00012695748591795564,0.045850805938243866,0.011669100262224674,0.1580115556716919,1.578030423843302e-05,2.2506701498059556e-06,4.506409095483832e-05,0.0025629871524870396,8.221511961892247e-05,1.2200988521726686e-06,1.945408939718618e-06,0.012170449830591679,0.0003734417841769755,3.431482809901354e-06,0.013956337235867977,0.0009354435605928302,2.885226786020212e-05,0.019585920497775078,5.9903246437897906e-05,0.0003271880850661546,0.006994465831667185,0.0004085095424670726,0.7251115441322327
window-d91c954a6142ed80a2f9,622_102453_205829,cup,toyplane,0.5125777721405029,False,0.0007785342168062925,0.025074424222111702,2.051046976703219e-05,6.776489954063436e-06,1.7459329683333635e-05,1.94444581325115e-07,0.00578853115439415,8.649353731016163e-06,7.888427717261948e-06,0.02634822577238083,0.0003438926942180842,2.4192444470827468e-05,2.20943121576056e-07,0.00010692526120692492,5.241826784185832e-06,0.00014357813051901758,8.426430220254133e-09,0.004334789235144854,0.0006389961927197874,2.789333279906714e-07,0.4222221374511719,5.191386208025506e-06,0.5125777721405029,0.00012175467418273911,0.00012549685197882354,0.0012984663480892777
window-ba4d59d7b3cd8b4e8c6b,219_23096_47262,frisbee,frisbee,0.816746175289154,True,1.8675909814191982e-05,0.0026598849799484015,6.050671572666033e-07,2.284754373249598e-06,0.00016492603754159063,1.7912446992340847e-07,0.0010174253256991506,0.1763419806957245,5.1134589618140325e-11,3.911565727321431e-05,0.816746175289154,1.434398484434496e-07,1.2778382796341248e-09,8.167619824916983e-08,3.661351044570438e-08,0.0021533349063247442,1.9033208786822797e-08,3.635890755138149e-10,0.0008503468707203865,3.3199455012379586e-13,2.1560786933605414e-08,8.174842469621524e-10,4.781896677741315e-06,3.2388498993896064e-08,5.574527506269078e-09,7.985007620392448e-12
window-4bcbc4a0769de5a5fd7b,219_23096_47262,frisbee,frisbee,0.5375967621803284,True,9.132786544796545e-06,0.002646230859681964,8.684304475536919e-07,1.6292291604713682e-07,0.0005431320751085877,1.8330173361391644e-06,0.4075358211994171,0.027546504512429237,3.370256296264529e-09,3.026816330020665e-06,0.5375967621803284,0.00030685399542562664,3.385172320236052e-08,0.0001604805001989007,4.419756649554074e-08,0.00512882973998785,5.673740588463261e-07,1.969715279770412e-09,0.018512198701500893,5.4538124016900724e-11,1.6358810626115883e-06,4.616445892224874e-07,9.107932896768034e-07,3.9749940583533316e-07,4.116218406124972e-06,2.997183612407639e-10
window-e9bf24665778ba17cfab,219_23096_47262,frisbee,sandwich,0.6273440718650818,False,0.00018441531574353576,0.00019491184502840042,3.366181772435084e-06,9.34742911340436e-06,8.53081564855529e-06,3.239115130782011e-06,0.3513036370277405,0.009317103773355484,3.693561154705094e-07,0.0018869743216782808,0.007791556883603334,9.260735532734543e-05,1.899972858154797e-06,0.0009661298827268183,1.9560527562134666e-06,2.9193506634328514e-06,5.9037690292029765e-09,6.151517027319642e-06,0.6273440718650818,4.587656476928714e-08,6.306485738605261e-05,7.626868523402663e-07,0.0002977500553242862,2.119999408023432e-06,0.0005169925279915333,3.1359344010439827e-09
window-5080af7e069d4d562120,219_23096_47262,frisbee,frisbee,0.650780200958252,True,0.0008408515714108944,0.006101480219513178,3.194369924131024e-07,4.3725258080939966e-08,7.700208698224742e-06,2.5487138373136986e-06,0.1936502754688263,0.1443377286195755,3.474500964717464e-10,7.1303697950497735e-06,0.650780200958252,4.589413492794847e-06,4.8200089253214173e-08,2.744195803927596e-08,6.250238726579482e-08,0.002015083795413375,9.9792973884405e-09,1.5669781916471948e-08,0.0022249335888773203,6.788491210135694e-12,6.73606837153784e-06,1.1838667823838023e-08,2.0129182303207926e-05,1.0945345074730994e-08,1.2871063326258536e-08,2.4523960986955196e-11
window-138ab8098bf0546d44e4,68_5341_12469,frisbee,frisbee,0.9998538494110107,True,1.8242948499391787e-05,1.0505147656658664e-05,1.0770618530386855e-07,6.740729641130372e-10,1.1070446781502596e-09,9.792013770493213e-06,7.022515637800097e-05,1.127781160903396e-06,3.6622471548397595e-12,7.787083404764417e-07,0.9998538494110107,1.5319344015551906e-08,7.075794394850732e-10,2.8757431991266458e-08,2.1829543728202339e-10,2.896365367632825e-05,4.378907826618761e-12,4.587820345847149e-09,5.701834652427351e-06,3.0306087500653334e-11,4.9350724395935686e-08,3.645344026637076e-10,2.8459947998271673e-07,2.045911173809145e-07,7.199003199120924e-11,4.1280266316334746e-08
window-fb4193528861d1d30a37,68_5341_12469,frisbee,frisbee,0.9997239708900452,True,8.655239798827097e-05,8.905263530323282e-05,1.623368106606904e-08,2.6014143963970504e-11,1.1849745629177733e-09,1.0716244105424266e-05,6.828468758612871e-05,3.573069022877462e-07,1.794667821471141e-12,2.8173169539513765e-06,0.9997239708900452,3.656842606503119e-09,1.8065982043680151e-09,2.5488358090797192e-08,7.64128760266658e-11,8.576567779527977e-06,2.227233805371376e-12,5.0277897400974325e-09,7.694227861065883e-06,3.2701489086073288e-12,1.2847032166973804e-06,7.852097305693917e-10,4.320886830555537e-07,5.7691217136834894e-08,1.3314427685373609e-11,4.4320884740045585e-08
window-08982e363c163222cde7,68_5341_12469,frisbee,frisbee,0.9993209838867188,True,0.0004824077186640352,7.889830885687843e-05,2.2981778258213126e-08,1.9760827696391203e-10,2.934073262128578e-10,3.967082375311293e-05,3.6056473618373275e-05,1.8707125946093583e-06,3.186446332487103e-12,1.5628824030500255e-06,0.9993209838867188,1.6979866401811705e-08,6.4721654702282194e-09,6.967446619654538e-09,3.8468464524932244e-11,1.248071657755645e-05,2.1422688276095947e-11,2.379647767725146e-08,2.5450171960983425e-05,4.6631682890097e-12,2.538019430176064e-07,4.565146927149044e-09,7.904527876689826e-08,1.7644183003540093e-08,3.468389464522659e-11,1.7255972295515676e-07
window-b8ffb8cdb629f99c3621,68_5341_12469,frisbee,frisbee,0.9994584918022156,True,0.00012256158515810966,0.00020739476894959807,1.0892273394347285e-07,4.5349252131288154e-11,6.794630413864411e-10,0.00019166381389368325,1.2042421985825058e-05,2.804047198878834e-06,1.2427270150439096e-11,1.7892208461489645e-06,0.9994584918022156,7.847651417591806e-09,6.438148236753705e-09,3.663104664042294e-08,6.721377898699643e-10,1.3013445823162328e-06,3.33511794570196e-11,2.41308697468412e-08,7.86279201747675e-07,3.2622127221770825e-11,6.614829430873215e-07,3.6375504830488126e-09,2.989311198575706e-08,1.969507934518333e-08,1.8080477393045413e-10,3.320557482311415e-07
window-3f4e47d716ae33dc515b,68_5238_12327,frisbee,frisbee,0.9557980895042419,True,0.0025033000856637955,0.03947966545820236,3.30817577776088e-08,1.1689346379739618e-08,9.039133885835327e-09,0.00019226636504754424,3.287988147349097e-05,2.628671154525364e-06,2.5117542594432773e-12,6.135422881925479e-05,0.9557980895042419,3.187177743946279e-10,4.112452600679717e-08,7.553886960387501e-10,7.005665578901921e-12,0.001389523153193295,1.223642298597838e-10,0.00015957221330609173,0.0003320645773783326,1.1863831965441829e-11,3.880468284478411e-05,4.1103260173258604e-07,5.7316328820888884e-06,5.706190009391321e-08,9.925089396178866e-12,3.641364628492738e-06
window-352d3a4f25e7f610c937,68_5238_12327,frisbee,frisbee,0.9469332695007324,True,0.02714238315820694,0.013502724468708038,8.730835077130905e-08,4.0333311801532545e-08,5.521199497593443e-09,0.006893952377140522,0.0006601539789699018,9.346745173388626e-07,2.2314012616819756e-12,0.0008292339625768363,0.9469332695007324,1.5696441368895364e-10,6.001087626827939e-07,7.971858173583257e-10,1.7435716065383744e-11,0.00043794390512630343,3.514531998760617e-09,0.0022871943656355143,0.000662277452647686,9.45390848938743e-11,0.00016407946532126516,1.9010020650966908e-06,4.929141141474247e-06,1.0348266954451901e-07,1.8363988107950036e-10,0.0004781507595907897
window-9f2482e6c89e8099f6a3,68_5238_12327,frisbee,frisbee,0.982910692691803,True,0.012600653804838657,0.002201405353844166,2.8130216378485784e-08,1.2283434269733107e-09,1.1103021835268123e-09,0.00026852902374230325,2.732543543970678e-05,1.139390633397852e-06,6.679574970393232e-13,0.00018242660735268146,0.982910692691803,1.2234324664461838e-10,4.341739270330436e-07,2.2449939129920438e-10,1.481010084534995e-12,0.0012936989078298211,2.0665409661280165e-10,2.8265740183996968e-05,0.00021804911375511438,9.788309746072699e-11,0.0002507201279513538,3.720386132499698e-07,1.2512505236372817e-06,8.835478837454502e-08,6.3500962300955255e-12,1.5008428817964159e-05
window-d2a094d2a78d45b9feaf,68_5238_12327,frisbee,frisbee,0.9944828748703003,True,2.9486167477443814e-05,0.00028879655292257667,7.103319887846737e-08,1.0351003387754076e-09,9.18725151510813e-10,5.3235544328344986e-05,0.00011333405564073473,3.7921515172456566e-07,9.193828424264305e-13,1.0698024652811e-06,0.9944828748703003,1.8187991390750113e-10,1.1626591245317286e-08,2.9782314392434728e-09,1.778360119754352e-12,0.005016900133341551,2.2588342654672466e-11,7.576744565085392e-07,4.086476565134944e-06,4.296557901128928e-11,1.6714485582269845e-06,6.538345331819073e-08,7.184400146797998e-06,1.081871126018541e-08,7.991307268695458e-12,7.93003707144635e-09
window-4dabdedc8850063b622b,31_1334_4061,handbag,handbag,0.9179222583770752,True,1.7257486106814213e-08,0.0006981392507441342,1.1275935776211554e-06,0.0034556658938527107,3.671112426673062e-05,4.693243571551875e-09,1.1519264262460638e-06,3.0085178082117636e-07,0.00014170950453262776,0.000108807158540003,3.552069471890462e-10,0.9179222583770752,3.9371670368382183e-08,3.2744085274316603e-06,4.338720032137644e-07,4.0641210944158956e-05,2.3665328626520932e-05,0.0039789434522390366,4.9123197953804265e-08,4.719509227868457e-09,3.983854639955098e-06,4.931537205266068e-06,0.00020240280719008297,4.791351784660947e-06,0.07337098568677902,6.758673976037244e-08
window-57602816b3e5e0382332,31_1334_4061,handbag,handbag,0.9758555889129639,True,5.146154944668524e-05,0.013854024931788445,7.704214226578188e-07,0.005839257501065731,0.00112985132727772,8.533299478585832e-06,7.770072443236131e-06,2.6974905722454423e-06,3.723729236071449e-08,0.0001911970175569877,3.171840390336911e-08,0.9758555889129639,4.15534877618029e-08,6.877484537426426e-08,3.0460182642855216e-06,0.0018282762030139565,0.0003904194454662502,0.0002563632733654231,7.895516205280728e-07,6.24169549379161e-10,0.0002522563736420125,6.630341431446141e-07,5.1328035624464974e-05,0.00021405392908491194,4.193097265670076e-05,1.9675888324854895e-05
window-a26bf5e3b9f33c80f797,31_1334_4061,handbag,umbrella,0.739029049873352,False,9.55429982241185e-07,0.005823591724038124,5.734967203352426e-07,0.002277304185554385,0.0006824498996138573,1.1265927213344185e-07,6.551693513756618e-05,3.217253606635495e-06,1.2975853280750016e-08,4.788176738657057e-05,4.209633516438771e-06,0.23540078103542328,6.54582618153654e-06,7.653688953723758e-05,2.0406254463978257e-08,0.015888173133134842,0.00035777874290943146,0.00012556783622130752,1.0008719897314222e-07,6.864893653535376e-10,5.4375464969780296e-05,2.9041552807029802e-06,8.117203105939552e-05,5.542809594771825e-05,0.739029049873352,1.571665779920295e-05
window-943bd986445e75cc39cc,31_1334_4061,handbag,teddybear,0.9988460540771484,False,1.5950599174807678e-10,4.921184881823137e-07,4.339035149314441e-05,2.4202298831710323e-08,1.3754749339511818e-08,3.2981326003600486e-12,3.2761562351879547e-07,0.00013266195310279727,1.4455491026410527e-08,1.5671106723402772e-07,4.888054405682851e-09,0.0009384045843034983,3.2573699293436675e-09,6.059771294530947e-06,6.25381024743632e-10,1.3005167602386791e-05,1.129296034463323e-08,1.4938871473191284e-08,1.4831715589025407e-07,3.934593623133864e-11,0.9988460540771484,1.368141602142714e-05,2.1138669481501893e-08,7.3462551597458514e-09,5.424267328635324e-06,2.3573019092282266e-09
window-1031a1b5f7b132f11867,397_50012_98436,handbag,handbag,0.9918460249900818,True,6.683062103718385e-09,0.00018329842714592814,3.7144418456591666e-05,5.487298949446995e-06,6.242144650059345e-07,6.862129531270966e-09,2.9232510314614046e-06,2.1714001832151553e-06,1.500899657003174e-06,6.621954753427417e-07,5.992284002331871e-08,0.9918460249900818,9.473329498632665e-08,1.0935060345218517e-05,0.00013015195145271719,2.117037001880817e-05,1.87014916264161e-06,5.881202014279552e-05,7.249727786984295e-05,5.856191642727993e-10,0.002309707459062338,2.1434024333188972e-08,6.739263335475698e-05,7.928767900011735e-07,0.0046149869449436665,0.0006317234365269542
window-2fb8ca8ecd3a401a3066,397_50012_98436,handbag,handbag,0.99104905128479,True,6.545433084426122e-10,3.491530833343859e-06,1.2654413694690447e-06,1.725976289890241e-05,8.928473675950954e-07,4.6877004500345265e-09,1.3387137187237386e-05,1.222811789602929e-07,6.564177965628915e-07,5.573268140324217e-07,7.315292549492369e-08,0.99104905128479,2.6439778366693645e-07,4.1310544474981725e-05,7.848460086279374e-07,4.5252741642798355e-07,6.307449211817584e-07,0.0002591248485259712,0.006543256808072329,1.5421385057834414e-08,0.0007168420706875622,1.6774784228346107e-08,4.801420800504275e-05,5.516391684068367e-05,0.001139165135100484,0.00010817610018420964
window-c3a037fb1afc1fa643db,397_50012_98436,handbag,handbag,0.9895737767219543,True,1.6973620731164374e-08,0.001074469182640314,1.4795325569139095e-06,0.00048777833580970764,1.1083374218401332e-08,2.6300428501713213e-09,2.4316627786902245e-06,2.384083200013265e-05,9.59893554863811e-07,1.4366834477641532e-07,6.384599071651564e-09,0.9895737767219543,1.911117379904681e-07,2.0726908189772075e-07,4.349081450527592e-08,3.69214575357546e-07,2.645984231719467e-08,0.00027091585798189044,0.0007423933711834252,1.0747830576918194e-11,0.007272257935255766,9.521401028722565e-11,0.00044858400360681117,1.631997861295531e-06,8.666062785778195e-05,1.18522266348009e-05
window-f99b5f8bef596a6c5b08,397_50012_98436,handbag,handbag,0.9994533658027649,True,1.2778304456229073e-11,1.8789111777550715e-07,8.735424671613146e-06,1.5152221521930187e-06,5.173185968487815e-07,5.850027684495274e-10,1.191649175780185e-06,3.250618760830548e-07,2.521571786928689e-06,2.5974474127110625e-08,1.4669211623186129e-08,0.9994533658027649,1.3464717341094001e-08,1.1466336218290962e-05,1.9246140254836064e-06,2.983824515467859e-06,6.972126129767275e-07,1.8230613932246342e-05,8.480817632516846e-05,1.4771740497465657e-09,3.686895433929749e-05,6.409796582396154e-10,1.6559099094592966e-05,1.9533281374606304e-05,0.00032741070026531816,1.1094852197857108e-05
window-32d7e5e843183968582a,397_50244_98709,handbag,mouse,0.4854576885700226,False,0.0005927885067649186,0.0001973427861230448,0.0010892157442867756,1.5572333040836384e-06,0.014660499058663845,2.029568513250979e-08,0.07344076037406921,0.003385230666026473,0.0001418443862348795,0.00023232623061630875,1.5011958112154389e-06,0.36866992712020874,4.858348034986193e-08,0.0005021971301175654,2.9785139759042067e-06,0.4854576885700226,3.751379438199365e-07,5.902978045924101e-06,0.007468881085515022,3.964275574475096e-09,0.04255684092640877,4.900704425381264e-06,0.00142554787453264,0.0001608330203453079,1.1573351343940885e-07,5.8981299844163e-07
window-16ce6fe6c0a29e3271c2,397_50244_98709,handbag,handbag,0.9272122383117676,True,1.9075798718404258e-07,3.819681296590716e-06,1.4461455066339113e-05,1.3504016749266157e-07,0.0042100753635168076,1.475622646296415e-08,0.00025552805163897574,3.574644551918027e-06,2.6617464754963294e-05,3.894572273566155e-06,1.8830836552297114e-06,0.9272122383117676,1.7301063914842985e-09,0.0464288592338562,4.8227775550913066e-06,0.02146715112030506,2.2332225044913168e-12,3.466207232349916e-08,3.2026731787482277e-05,8.71450556161335e-09,5.335465175448917e-05,9.070042494840891e-08,0.0002799967478495091,1.1223086175959907e-06,1.0501238989490957e-08,2.3794748393868304e-09
window-5b6f0c7a8c6082486a8d,397_50244_98709,handbag,kite,0.9446120262145996,False,7.381839282061264e-07,1.345205532743421e-06,0.0019240296678617597,7.647748390127163e-08,0.0011162633309140801,2.0836044001271148e-08,5.9968908317387104e-05,8.715369403944351e-07,0.0008486472652293742,0.0002567696792539209,1.6254595891496137e-07,0.03174584358930588,1.4162949923957058e-08,0.9446120262145996,4.15212671214249e-05,0.015748202800750732,2.6383923257961017e-12,3.8841432115077623e-07,1.7733842469169758e-05,3.00226076888066e-07,0.00010644710710039362,2.0027557923185668e-07,0.003506041131913662,1.0947462669719243e-06,1.0889761142607313e-05,3.982446514783078e-07
window-d9decc355d8c0b787335,397_50244_98709,handbag,handbag,0.9532849192619324,True,0.0004584421985782683,8.419241203228012e-05,8.736028394196182e-05,1.150372241909281e-08,0.0038062273524701595,1.8636898690971293e-09,0.0005882143159396946,0.0009623033693060279,5.4099896260595415e-06,1.862116187112406e-05,3.7323903256947233e-07,0.9532849192619324,1.893323137158731e-10,0.0002918882528319955,1.8210969301435398e-06,0.03580799698829651,8.242370674871324e-11,5.8507225730863865e-09,0.0024385990109294653,5.481167186793812e-10,0.0016721513820812106,3.8178580297199005e-08,0.0004882914945483208,2.9235986858111573e-06,1.5533787234289775e-07,5.5923474739927315e-09
window-38dbc8e7e31bba7b22d7,401_52084_102154,handbag,carrot,0.8708290457725525,False,3.431166305745137e-06,0.0012460572179406881,0.0016137054190039635,0.0021868275944143534,0.035762906074523926,2.081583119206698e-07,2.2019041807652684e-06,0.8708290457725525,0.0023878549691289663,0.00022881316544953734,3.93058189729345e-06,0.01946202479302883,1.1560749726413633e-06,0.0329878106713295,2.2442593035520986e-05,0.026492822915315628,5.858066651853733e-05,3.681067391880788e-05,6.889302994750324e-07,2.704400912989513e-06,5.6514459174650256e-06,9.378020138228749e-08,0.0007636611699126661,1.0937124898191541e-05,0.005886996164917946,2.7179205517313676e-06
window-f43c1338f98a2123c949,401_52084_102154,handbag,book,0.8387076258659363,False,2.0974626750103198e-05,0.0015673252055421472,0.0002694797294680029,0.006318498868495226,0.8387076258659363,3.2839619912294893e-09,0.07377801090478897,0.00643543154001236,3.6508099583443254e-06,2.610884803289082e-05,7.2895172706921585e-06,0.0231061689555645,4.3367588631326726e-08,0.0007468043477274477,0.00011282072955509648,0.04640059918165207,0.0011958798859268427,4.925210669171065e-05,1.922493538586423e-06,1.4954920857235265e-07,0.00042002659756690264,4.439041731529869e-05,8.45978684083093e-06,0.00028649799060076475,0.0004926310502924025,5.247105416827935e-09
window-bb7a5955623a40265c21,401_52084_102154,handbag,kite,0.6951984763145447,False,1.2401058313571411e-07,0.0001292990637011826,7.62013005441986e-05,0.04818455129861832,0.1597794145345688,2.8612190394738946e-09,0.0007560696103610098,0.01782117411494255,0.00028494137222878635,3.810168709605932e-05,0.00010731440124800429,0.0663139745593071,3.275645532596627e-09,0.6951984763145447,0.00012459045683499426,0.008151190355420113,1.2797518138540909e-05,1.5642827477790888e-08,1.5995938156265765e-05,1.9957894892286276e-08,2.8884353014291264e-05,1.066647018888034e-05,0.00047548345173709095,0.0024494226090610027,4.1380568291060627e-05,3.609965437689766e-09
window-6425cb07cbebe80a2f5e,401_52084_102154,handbag,book,0.5312952995300293,False,1.0586182952465606e-07,1.5174265172390733e-05,0.0016210452886298299,0.015092791989445686,0.5312952995300293,1.326045833138778e-07,0.0005760614294558764,0.010118145495653152,0.00020158040570095181,1.92380539374426e-05,4.051082669320749e-06,0.432312548160553,2.772617513358e-08,0.0037350929342210293,6.823188596172258e-05,0.004642443731427193,3.792385177803226e-05,1.6069818684627535e-06,5.323385266819969e-05,5.2125312777207e-07,1.1465616580608184e-06,2.123978219970013e-07,1.6645004507154226e-05,0.00014458087389357388,4.209839244140312e-05,7.034624882606977e-09
window-2bdee743c61d1861cfd7,250_26807_55293,hydrant,hydrant,0.9980785846710205,True,2.6046574674865042e-08,1.800088522685428e-09,7.606188773934264e-06,0.00014947510499041528,1.6900818522458394e-09,6.103618943598121e-06,1.0840498134712107e-06,7.454320147259885e-12,0.0003705843409989029,0.0008177494164556265,6.475821123785863e-08,1.095590505428845e-06,0.9980785846710205,6.399090590747392e-09,2.1110034253979393e-07,7.421612768787611e-10,1.5486806660192087e-05,4.1685252654133365e-05,1.1025925727992103e-09,8.08606216651242e-07,4.682025519286981e-06,2.0616977569609674e-10,1.3271501586586965e-07,0.000504323048517108,2.9557014613601496e-07,8.451445410173619e-08
window-6205e20c09dd4e110792,250_26807_55293,hydrant,hydrant,0.9951139688491821,True,1.6449462236778345e-07,1.5618927307059494e-07,0.00023223526659421623,0.00031690107425674796,3.956530214566101e-09,3.870607542921789e-06,7.593402187922038e-06,1.7175724176254903e-09,0.00013631356705445796,0.0006143296486698091,7.3639198490127455e-06,9.591450407242519e-07,0.9951139688491821,7.260705814360335e-08,2.373563789959121e-09,6.1559455311055444e-09,0.00026690986123867333,0.003219544654712081,6.608048153111667e-08,2.7963764637206623e-07,4.437591269379482e-05,5.137491543294459e-10,8.732699257052445e-07,4.6540139919670764e-06,7.3808782872220036e-06,2.1868381736567244e-05
window-6e47a2bf5f35ecfd5241,250_26807_55293,hydrant,hydrant,0.9972359538078308,True,1.585881909704767e-05,2.4874098016880453e-06,4.652576899388805e-05,6.620911108257133e-07,1.2439231511507387e-07,1.4477626564257662e-06,1.44032048510212e-08,3.047714969284243e-09,1.193579777236664e-07,0.0007643753779120743,2.0767525711562485e-05,2.990104235323088e-07,0.9972359538078308,8.057101652525489e-10,2.488942385525661e-10,7.199663087931185e-09,0.0006032906239852309,0.0012746432330459356,1.665582871623883e-08,9.396132760741693e-09,2.8841543098678812e-05,3.037340127673427e-12,6.601369051395523e-08,3.125679768345435e-06,3.605899223657616e-08,1.1960587471548934e-06
window-0686f9c66c975b220c9d,250_26807_55293,hydrant,hydrant,0.995210587978363,True,1.1889965207956266e-06,6.630089899317682e-08,1.152898676082259e-06,6.428291726479074e-06,1.155930476670619e-06,5.8607263781595975e-05,7.682173600187525e-05,4.214013860082133e-11,2.855161028492148e-06,0.0026768120005726814,1.9659253212012118e-06,4.2732415295176907e-07,0.995210587978363,2.1002160011107662e-08,6.969254950917048e-09,7.851017613802469e-09,2.8226038921275176e-05,0.0019121795194223523,4.624462945912455e-08,9.76565033283805e-08,7.98062319518067e-06,2.1988811813034026e-11,1.9521989997883793e-06,5.724217317037983e-06,1.1700254276547639e-07,5.501535724761197e-06
window-b1ee4239bd1272db5df2,304_31883_60483,hydrant,hydrant,0.9999350309371948,True,1.4407493210619182e-12,5.476102557522289e-11,2.2632537510780537e-10,5.833922234188549e-10,1.1885281170700979e-12,1.5885527485451356e-12,3.736648577362667e-12,8.63076808372415e-13,9.548926982461126e-07,2.651691755062302e-09,2.484735750485356e-10,2.0320699983811252e-11,0.9999350309371948,5.179755062367786e-12,2.4846338094602904e-12,1.6546239376686022e-16,4.4609019823838025e-05,1.904747296066489e-05,7.579482831296391e-13,6.219064846435529e-11,3.812923239365773e-07,1.857580793828903e-13,2.1160038998768727e-10,1.2531546980665276e-11,1.5265268216158034e-10,2.962505518677716e-10
window-f236d00904981c89c5f1,304_31883_60483,hydrant,hydrant,0.9977619647979736,True,5.506270786548306e-11,6.061735113860323e-09,1.0289982199651604e-08,6.986439204936801e-10,1.7995542556104027e-10,2.82845535187759e-11,7.944603308551734e-12,1.0292131730205156e-10,3.1074318940227386e-07,1.0024007401909785e-08,2.315056235602242e-08,3.3536409205225937e-09,0.9977619647979736,1.2184773155732298e-11,8.085839398215555e-13,9.440717521971842e-15,2.3355991288553923e-05,0.0022038135211914778,2.254327453876659e-11,8.426831454855233e-11,1.0462184036441613e-05,6.055944591285001e-13,3.933229741903688e-09,2.364589912762227e-10,1.940790195220643e-09,8.2058146944064e-09
window-83b313ec6d810ed6a66c,304_31883_60483,hydrant,hydrant,0.9997434020042419,True,1.6974550237636166e-11,2.1597634791703513e-09,4.160108257877937e-09,6.725208390179205e-09,6.955454007889772e-12,1.6291013676950072e-11,4.6778209777942337e-11,7.313823852106438e-11,5.903389421746397e-08,4.120612739910712e-10,6.054018175660758e-09,9.813412304993108e-10,0.9997434020042419,3.2011734842768425e-12,3.8375615077183844e-13,9.936031049307108e-16,2.9487491701729596e-05,0.00022113026352599263,3.85157149229709e-11,3.356614292071569e-11,5.820935712108621e-06,4.0558555862782453e-13,4.382230134325482e-10,1.3452255975821004e-10,1.3754755667783058e-10,1.2585731345993167e-09
window-c451afe6c66faf201caa,304_31883_60483,hydrant,hydrant,0.9985594153404236,True,8.17898613419965e-12,1.1943388500412766e-09,1.2882522604229507e-08,7.001661472827436e-09,3.139682611119632e-11,4.54330705002004e-11,1.1045612341442634e-10,2.6227223517971687e-11,3.459850631770678e-06,1.3806457088705315e-09,5.6228099509780805e-08,6.356290160880462e-09,0.9985594153404236,4.168944356397475e-10,6.693027382320693e-11,7.508426152146811e-15,0.00035031005972996354,0.001082241185940802,4.2821975132500967e-11,4.4211662109105987e-10,4.378180165076628e-06,2.4662504677364083e-11,2.1976893638253614e-09,3.3804117838265313e-10,4.7658748059120626e-09,1.1868337423948105e-09
window-a49ecb14fd8df07469e7,429_60367_116963,hydrant,hydrant,0.9996427297592163,True,4.185419122393341e-09,2.854776823824068e-07,5.501752387004899e-10,5.472798420669278e-06,1.286782413956189e-08,1.6032778438201944e-09,2.4374830331908015e-07,1.7270682661774117e-09,7.639465060549355e-09,6.695450792904012e-06,2.7923157119857933e-09,1.930737791866477e-09,0.9996427297592163,7.1460740970474834e-12,5.6109652514513275e-12,1.0025667102064872e-10,5.659521185030769e-10,0.00029021635418757796,7.141238000940575e-08,9.85010117915408e-09,1.0780510706354107e-07,1.2323680487549837e-12,4.981013626093045e-05,3.996061423094943e-06,7.831582049533381e-10,3.0343994694703724e-07
window-341e95c178d65f235ca3,429_60367_116963,hydrant,hydrant,0.999956488609314,True,9.770642961370868e-09,3.4634507528608083e-07,7.473959819093157e-12,3.505847701035236e-07,6.511066685810363e-11,3.4305819296420736e-10,8.784073468603992e-10,9.386550425816154e-10,1.751570266605995e-08,3.3436622288718354e-06,3.459845299147446e-09,2.0629911112735044e-09,0.999956488609314,7.915217092868687e-11,1.3245636107850258e-14,9.17907590214373e-12,1.6037963179726944e-09,3.340610419400036e-05,2.7984619066501182e-08,2.2364349261394523e-10,6.677395845144929e-07,1.6209101660717706e-13,4.974574039806612e-06,2.887670689233346e-07,8.09992739547738e-10,5.304622519020086e-09
window-77959f24c0091c6f6190,429_60367_116963,hydrant,hydrant,0.9996898174285889,True,1.1511290409771391e-07,5.582146968663437e-06,3.517802993346919e-10,2.8742460926878266e-06,6.640566985183227e-10,2.2535904253828676e-09,2.0905629583012342e-07,2.3399331361417808e-09,3.332452820359322e-07,1.631038321647793e-05,1.8354239017526197e-08,1.4890956023805302e-08,0.9996898174285889,2.380728947315447e-09,4.292533342664662e-12,5.792975127372202e-11,1.151003402810602e-06,0.00025559053756296635,3.621569888423437e-08,1.6211281206324202e-08,3.0599428555433406e-06,2.515669530328557e-12,2.399882214376703e-05,2.838492036971729e-07,3.5070959825134196e-07,2.547146209508355e-07
window-f6ac84df6f1ec9112fc5,429_60367_116963,hydrant,hydrant,0.9981107711791992,True,4.32679634343458e-08,5.912348655101596e-08,1.0269331218726307e-10,6.558513177878922e-06,1.220249123967676e-09,3.6756693244655025e-09,4.461530522803514e-08,5.059352381486804e-10,2.913036780682887e-07,4.0130025809048675e-06,1.2375045432833076e-09,2.959031686344815e-09,0.9981107711791992,6.302106406175234e-12,3.879417186797296e-12,3.3843546021206095e-11,1.7423616327505442e-08,0.0017227419884875417,7.197383666834867e-08,7.250980260664619e-09,1.5921388012429816e-06,4.9387313086780155e-14,3.378386463737115e-05,0.00011924478894798085,3.0099092107604974e-09,7.491310611840163e-07
window-21db55f61584dc546241,429_60395_117232,hydrant,hydrant,0.999987006187439,True,6.867179351208175e-13,4.089054182060403e-12,3.202692668360929e-12,1.8614302321751097e-09,1.138536794953026e-15,6.825536229965179e-13,6.091600748131532e-13,2.224084479275244e-15,5.6126063796568815e-09,3.979357288130814e-09,3.598229006418485e-11,4.2603518369405124e-13,0.999987006187439,1.2373418118217009e-15,1.1752285681621878e-16,3.1460209868066055e-17,3.0952629348490746e-09,1.2959322702954523e-05,1.7960544076295326e-12,8.680464658704368e-13,2.738841653471269e-10,1.1852958194381012e-16,3.7250671297561766e-11,1.1838262314878278e-10,5.290577004268826e-13,1.5797421148988633e-09
window-02f33ac8296d9a995998,429_60395_117232,hydrant,hydrant,0.999832034111023,True,9.469326364697217e-12,5.738963748669335e-10,4.659217456293163e-10,1.6316645812253228e-08,9.66416269926329e-12,1.1653898679409025e-10,3.0838230732042893e-13,5.538737871124688e-12,5.0673094165176735e-08,1.1696115365111837e-07,7.380401179091223e-09,6.492282267345217e-09,0.999832034111023,3.985218459488099e-13,1.945158037463049e-13,9.971011392446343e-16,1.4477478771368624e-06,0.0001647922326810658,8.384999361510381e-10,8.642632616517876e-12,1.372878273286915e-06,4.87769059084181e-13,5.94539903420177e-11,1.805063459814349e-10,1.835429161087254e-12,4.459523417210676e-09
window-58979a3909beca604c1f,429_60395_117232,hydrant,hydrant,0.9999829530715942,True,8.150372737825151e-13,4.506890086825033e-12,1.7379936378958405e-10,2.230220674803718e-09,8.539260166757611e-15,1.5010800762105259e-12,4.1095680461053496e-13,1.9921821896133618e-14,3.481791566173342e-08,6.826963994122082e-10,2.3658563996775683e-10,3.552123005456931e-12,0.9999829530715942,8.243191827912721e-13,9.877251197932396e-14,3.599478503476031e-18,2.5671115011505208e-08,1.6793797840364277e-05,2.3790697190051446e-10,1.4783866839063187e-11,9.628729458199814e-08,1.593319524711631e-13,6.366783727833336e-13,8.130332344868929e-12,1.1658269835623791e-12,1.4233261921500762e-12
window-c80355bb20145f9d0a2b,429_60395_117232,hydrant,hydrant,0.999998927116394,True,1.8821339072775528e-13,3.0038992127057185e-12,6.870910090883697e-11,9.38591093735397e-10,6.375327647528337e-14,3.820342913546382e-12,5.354393144141323e-13,2.7912369884495157e-14,5.315209161693701e-09,3.783736346463229e-08,1.7805316110397484e-09,2.5632685210497108e-11,0.999998927116394,1.180188488169448e-13,1.822830149084305e-15,7.230577640228127e-17,1.1302501157217648e-08,9.781687140275608e-07,1.90854443360422e-10,3.4537099742604216e-12,4.894592287030264e-09,7.976584650226052e-15,5.544802811341398e-11,6.127480745021785e-10,9.144580708983496e-13,2.6535358355062044e-09
window-552dc221341991d023f4,411_55970_107894,hydrant,hydrant,0.9997941851615906,True,4.619382252712967e-06,2.8623892376344884e-06,4.506242021307116e-06,0.00010634828504407778,5.312841278026781e-10,2.5111825813217692e-11,6.674990005173242e-10,5.539115277564122e-10,3.450425992923556e-06,6.243193979571515e-07,5.484835363667173e-10,1.4010995030844242e-08,0.9997941851615906,3.028544429128921e-11,1.474672883805539e-10,8.210350621595808e-09,2.0440952539502177e-06,9.00296163308667e-06,9.517600041419882e-09,2.1295704755175393e-08,3.934770211344585e-05,8.085033836001398e-13,1.5302421161322854e-05,1.71248939295765e-05,4.657253498407954e-07,8.81067663272006e-08
window-032857a12aa489022ce5,411_55970_107894,hydrant,hydrant,0.998272180557251,True,4.094609266758198e-06,9.049523214343935e-05,2.616705205582548e-05,0.000505856703966856,4.855605340026159e-08,9.448164473013776e-10,1.5784806794982842e-09,1.7415593411840291e-09,0.0008795293979346752,1.0239369657938369e-05,4.7745675857413516e-08,3.080094401752831e-08,0.998272180557251,5.324710464216231e-11,2.7747670827693582e-09,7.650980293760767e-09,1.735160367388744e-05,0.00013943834346719086,1.1359680973654918e-09,2.364383817621274e-07,5.87707654631231e-06,8.20703921489141e-12,3.2571742849540897e-06,1.5224698472593445e-05,2.5308986550953705e-07,2.9702381652896293e-05
window-59ab82ab96ff94966e14,411_55970_107894,hydrant,hydrant,0.9995361566543579,True,6.974139523663325e-07,2.752761076862953e-07,5.147042884345865e-06,8.394675387535244e-05,2.4522355257516892e-09,5.350821452587695e-10,5.928827206957976e-08,3.2065101442102506e-12,6.55768089927733e-05,2.0774127733602654e-06,1.4687673299818016e-08,3.3909108854146552e-09,0.9995361566543579,7.368048770932389e-13,2.410913024775141e-09,1.8510982968678036e-08,1.314005544372776e-06,0.00026189928757958114,1.511942238074937e-10,8.851163357803671e-08,1.836639603425283e-05,1.567521112910697e-10,1.4571747897207388e-06,1.3755232430412434e-05,1.40385270697152e-06,7.836105396563653e-06
window-f82f2178c5cd139d250b,411_55970_107894,hydrant,hydrant,0.9997690320014954,True,3.6793317121919245e-06,4.4646572661122264e-08,2.4563520995002364e-08,0.00020657829008996487,8.382903815551401e-10,4.300800687806472e-11,2.6806917796662333e-10,8.286595715167877e-11,1.2669244142671232e-07,5.8641167015593965e-06,1.808766647570792e-08,1.0764554525533043e-10,0.9997690320014954,7.239057985865271e-13,1.9379036153566176e-09,2.721348979495275e-10,1.1476565475732059e-07,1.158477630269772e-06,2.736211079934492e-08,9.447146398500195e-10,3.2286386613122886e-06,8.041818079507213e-12,8.828745308164798e-07,8.975473974714987e-06,3.19671009663125e-08,2.46176597329395e-07
window-3a5bafad27c52a5aa216,372_41097_81898,kite,kite,0.9899966716766357,True,2.9125362122073284e-09,1.220683134306455e-05,0.000422928569605574,1.180693018909551e-07,0.007454259321093559,3.9913452383189e-06,2.140839114872506e-06,0.0004768605576828122,8.724491635803133e-05,3.525288434502727e-07,0.00022293624351732433,0.0005390076548792422,3.788605429377867e-09,0.9899966716766357,8.77713773661526e-06,9.123372728936374e-05,5.02677295344256e-08,7.364434964074462e-07,1.1540124432940502e-05,1.4544332849197872e-08,2.261351255583577e-06,6.016658176122291e-07,0.0006294460617937148,2.8326949177426286e-05,7.680192538828123e-06,6.837431669737271e-07
window-0537a14514256f453064,372_41097_81898,kite,kite,0.9616684317588806,True,6.534135650326789e-07,0.00022875185823068023,0.0036227782256901264,2.140290575880499e-07,0.000504694995470345,9.772545126907062e-06,2.526836624383577e-06,0.017486272379755974,0.00012575084110721946,3.9213487070810515e-06,0.004581127781420946,0.007162430789321661,1.4093703093465137e-08,0.9616684317588806,1.9858589439536445e-05,0.00023990392219275236,2.1678305373029616e-08,7.687071956752334e-06,0.00017383164959028363,4.399079500672087e-08,0.0001645944721531123,1.5481577975151595e-06,0.0038133817724883556,0.00016788211360108107,1.0198507879977114e-05,3.668445742732729e-06
window-e34d4240cacefbbeaafe,372_41097_81898,kite,kite,0.4480965733528137,True,1.021759362629382e-05,0.0032783288042992353,0.10781186074018478,2.7282158043817617e-06,0.01874610222876072,0.0016147514106705785,1.5111270840861835e-05,0.3115118145942688,0.0012183577055111527,0.00011196063860552385,0.00636331457644701,0.05371858924627304,1.6047359167714603e-05,0.4480965733528137,3.4119566407753155e-05,0.0005557195981964469,8.667904694448225e-06,0.0031253716442734003,0.0015255061443895102,4.951185701429495e-07,0.0013249776093289256,0.00023231438535731286,0.021589059382677078,0.0009507755166850984,4.976018681190908e-05,0.018087515607476234
window-e2a55c0fc8194f99ddf7,372_41097_81898,kite,kite,0.2497113049030304,True,4.671876740758307e-05,0.03715165704488754,0.0650850459933281,2.8642987217608606e-06,0.016449324786663055,0.0007345132762566209,4.999109933123691e-06,0.028792856261134148,0.0001680436689639464,0.015106136910617352,0.20294919610023499,0.018123211339116096,5.718919783248566e-05,0.2497113049030304,2.3773345674271695e-05,0.01671127788722515,0.0003249012806918472,0.007117049302905798,5.5801367125241086e-05,1.6989857840599143e-06,0.007849466986954212,2.3406537366099656e-05,0.10387279093265533,0.000755477522034198,0.00018479173013474792,0.22869642078876495
window-efd6b22fec2f7f06c5ee,622_102123_205145,kite,baseballbat,0.7572644948959351,False,6.998172352723486e-08,3.571846264094347e-06,0.7572644948959351,4.361544458930666e-09,9.35539024027321e-09,1.0889696127258305e-13,4.3967446572423796e-08,0.0014658598229289055,7.870935014864244e-10,3.990130062447861e-05,7.694881105635432e-07,4.541307063732347e-08,1.6412833758749912e-08,0.2408590465784073,2.526451270412622e-12,1.1648486179183237e-05,2.0347117324348574e-09,4.3172230235200004e-09,4.402612603371381e-07,1.5366113714776475e-08,1.113388279350147e-07,1.2505685376140718e-10,0.0001362357143079862,0.0002176837297156453,1.7658588133406816e-11,2.3427564332934026e-09
window-0fdd103aa380c228dbbd,622_102123_205145,kite,kite,0.9080846309661865,True,9.429018632545194e-08,8.368546673409583e-07,0.09123797714710236,2.0006399381600204e-07,5.479785727402486e-07,5.681806414248314e-11,4.877567505445768e-08,2.250738543807529e-05,1.1475181054265704e-06,3.5507964639691636e-05,6.659286009380594e-05,6.898601867533216e-08,3.7952062825752364e-08,0.9080846309661865,1.1181517933778196e-09,1.6131234588101506e-05,3.364467038302621e-10,1.2832206266466528e-06,6.500056883851357e-07,5.20719368068967e-06,7.363509268998314e-08,3.8054445705704154e-10,0.00018518016440793872,0.0003412187797948718,3.4260302927968667e-11,2.807229115830978e-09
window-a7747bcabd019ce47e1a,622_102123_205145,kite,kite,0.9968390464782715,True,5.415476400649766e-11,1.6499544841508396e-08,0.0028886953368782997,1.9042873944385974e-08,2.9799853695777756e-09,2.0712715396997705e-12,7.979099159172165e-09,1.1897592457899009e-06,1.392997148741415e-07,1.5589458826070768e-06,6.792458589188755e-05,5.315659579174792e-10,1.2753330613790581e-09,0.9968390464782715,7.699414439343855e-10,1.3440727286706533e-07,3.853501545636462e-11,1.6156783688714427e-09,5.1813874080153255e-08,1.8975580360347521e-06,7.331742435390254e-10,1.6091759869052424e-10,1.0147123248316348e-05,0.0001891368447104469,5.692800831430533e-12,6.101458227547596e-10
window-7deeb564554a12c38646,622_102123_205145,kite,kite,0.736335039138794,True,6.8038428224781455e-09,1.6596712839600514e-06,0.259184867143631,1.9372302517695061e-07,9.804558231962801e-08,1.3093210543546618e-11,1.6908193956055584e-08,2.2513429939863272e-05,1.8897537756856764e-07,4.208778773318045e-05,1.9669230823637918e-05,8.912733306942755e-08,2.4693324718327858e-08,0.736335039138794,5.54996848478595e-09,1.1128143341920804e-05,3.935755332751256e-10,8.122983174985166e-09,3.6844422623971695e-08,1.2661962500715163e-06,3.299897954889275e-08,6.747660208361594e-10,0.00236739544197917,0.002013626042753458,7.249902067574254e-11,2.2176875447144084e-08
window-47f820b8650b168d0d3e,566_81802_162361,kite,bench,0.2712826132774353,False,3.6900091799907386e-05,0.0003452829841990024,0.022851521149277687,0.2712826132774353,0.19377478957176208,0.014587633311748505,0.0004907221882604063,8.506383892381564e-05,0.0013908403925597668,2.191765270254109e-05,0.12312110513448715,0.0021469308994710445,0.0024871141649782658,0.07433989644050598,4.5733006004411436e-07,0.1922125667333603,0.0001230758789461106,8.847305821291229e-07,0.018247967585921288,4.800307351615629e-07,4.2223215132253245e-05,1.7375425613863626e-06,0.081020787358284,0.0013583858963102102,1.5407110822707182e-06,2.759501694526989e-05
window-e5eedf177d8130ecd77b,566_81802_162361,kite,book,0.7336113452911377,False,3.648494612207287e-06,8.726384112378582e-05,4.4160071411170065e-05,0.10990413278341293,0.7336113452911377,0.0005859642405994236,6.960405880818143e-05,3.8317662074405234e-06,2.7206931918044575e-05,1.2389433322823606e-05,0.020632119849324226,0.005590795539319515,0.0009219232597388327,0.06540519744157791,9.468435564485844e-07,0.006935564801096916,1.602098382136319e-05,2.8777958505088463e-07,0.021464524790644646,1.4864591548757744e-06,1.278977742913412e-05,7.664883696634206e-07,0.026093468070030212,0.008329479023814201,3.282757234046585e-06,0.0002417916402919218
window-6daace5b7be2801205d4,566_81802_162361,kite,bench,0.6893628835678101,False,9.04959779290948e-06,1.6217958545894362e-05,0.001015550340525806,0.6893628835678101,0.21446585655212402,0.003386549884453416,0.0008301686611957848,3.515645948937163e-05,2.0108836906729266e-05,2.9795612135785632e-05,0.005686313379555941,0.005093505140393972,0.0017312811687588692,0.015251558274030685,1.962041693559513e-07,0.021815728396177292,0.0006938501610420644,6.186607492963958e-07,0.012753262184560299,3.056943569390569e-07,5.941837116552051e-06,3.701959940372035e-06,0.02402193285524845,0.0036259132903069258,4.030350453376741e-07,0.00014418423234019428
window-f19ff6974df9bf2bcd44,566_81802_162361,kite,book,0.6022783517837524,False,2.9163074941607192e-05,0.0005296858143992722,0.0013774072285741568,0.2001931369304657,0.6022783517837524,0.003380220616236329,0.0006343022105284035,1.08319409264368e-05,0.0003603562363423407,3.23648564517498e-05,0.0685817152261734,0.0026055718772113323,0.0007415878935717046,0.018022194504737854,9.283693543693516e-06,0.01845455914735794,0.00010604228009469807,5.079241987004934e-07,0.021743016317486763,8.636440611553553e-07,8.763941877987236e-05,9.975125294658937e-07,0.05313743278384209,0.0075561353005468845,1.6780157920948113e-06,0.0001248921180376783
window-0610c66dc36544427618,407_55221_107129,microwave,baseballbat,0.4722020626068115,False,1.1297673019328158e-08,4.723720394395059e-06,0.4722020626068115,0.00010985235712723807,2.8282298444537446e-05,1.8682452491702861e-06,6.995037438173313e-07,5.4104905444773976e-08,6.497813592432067e-05,1.035409809446719e-06,1.240500932908617e-05,0.0001720382133498788,9.682327828386406e-08,0.0002087475440930575,0.04105333611369133,6.489772204076871e-06,4.0801104717047565e-09,4.200982857582858e-06,3.106084136561549e-07,6.546824193875977e-10,3.112481294920144e-08,0.4417845904827118,2.3046144633553922e-05,2.0522014892776497e-05,0.04430064931511879,1.237331348491466e-10
window-110274842238389bd597,407_55221_107129,microwave,toilet,0.7174615263938904,False,1.873887867986923e-06,3.579950862331316e-05,0.0007198729435913265,0.005796907935291529,0.0027241131756454706,2.0518791643553413e-05,0.027324676513671875,6.532974339279463e-08,9.611596760805696e-05,0.00013168403529562056,3.7751983654743526e-06,0.0029825998935848475,1.5226983123284299e-05,3.8444057281594723e-05,0.12326085567474365,4.7066539991647005e-05,1.4609079812544223e-07,0.0009226063266396523,6.297093932516873e-05,3.3266987884417176e-06,8.418647666985635e-06,0.7174615263938904,1.1277230441919528e-05,0.0011273499112576246,0.1172022670507431,5.362801971386943e-07
window-8ee840f8dcb6a7059f2a,407_55221_107129,microwave,microwave,0.7622694373130798,True,5.1505755216396665e-09,1.5261060752891353e-06,0.0005547052714973688,1.8444174202159047e-05,3.9235997064679395e-06,1.402202883582504e-06,3.943809133488685e-06,2.774639851210736e-09,0.0005460140528157353,4.9878552090376616e-05,1.1100110896222759e-05,0.0005157681880518794,1.853096165405077e-08,3.974136052420363e-05,0.7622694373130798,4.256075499142753e-06,1.293510298872036e-10,2.3671532289881725e-06,3.7744351288893085e-07,5.648919110257111e-09,8.416109587017218e-09,0.04934310168027878,6.96853277304399e-08,2.1684961666323943e-06,0.18663175404071808,2.341081462020611e-08
window-1ef6602462ae644d6035,407_55221_107129,microwave,microwave,0.7182534337043762,True,8.017623370770721e-11,1.5626820015768317e-07,0.12752100825309753,0.00015704620454926044,3.481264502624981e-05,1.6192502982903534e-07,2.1501514879673778e-07,1.7475848324011167e-08,0.0006891291122883558,2.9864227713005675e-07,4.274278580851387e-06,0.000273960322374478,1.0657738691577379e-08,0.0005404511466622353,0.7182534337043762,3.813034254562808e-06,1.1756373652360708e-10,2.048852820735192e-06,6.782590844522929e-07,1.4601185538420935e-10,4.233822537003107e-08,0.04900471121072769,5.648794285662007e-06,2.588472852949053e-05,0.103482186794281,3.356629904582853e-11
window-23cf96cd3b0afa826900,48_2772_8326,microwave,microwave,0.9992104768753052,True,8.93143475844127e-11,1.5696173250034917e-08,4.7185087169054896e-05,0.00040679407538846135,1.955779589479789e-05,7.998714190993184e-11,3.427596311667003e-05,1.3574712021124924e-08,1.5015108374427655e-06,4.912397599809992e-08,1.675859984118233e-08,6.12684161751531e-05,5.911049982820771e-10,1.0083835149998777e-05,0.9992104768753052,4.53881426665248e-07,1.8645927468696755e-08,5.3414570544418893e-08,2.6209548309452657e-08,8.500996351301637e-09,5.808017249364639e-07,5.612911246899444e-10,9.891973906661633e-10,9.663062519393861e-05,0.00011081851698691025,1.9759350777803775e-07
window-7c94a106d198fd3830af,48_2772_8326,microwave,microwave,0.9968622922897339,True,1.0615585077644596e-09,2.882022272387985e-06,1.424308356945403e-05,0.000300171144772321,0.0021653471048921347,1.8367063078783552e-11,7.005091174505651e-05,2.2266439358986645e-08,1.3068254256509704e-09,2.5936133170034736e-06,1.0482038703685248e-07,7.475678103219252e-07,2.5754414226253353e-11,1.198073846353509e-06,0.9968622922897339,7.483360968763009e-05,2.5173954587565106e-10,5.0591020261947506e-09,1.7698819192446535e-06,6.246144490518191e-09,5.7164804445619666e-08,7.564667225956612e-10,2.412657238437532e-07,2.3731512555968948e-05,0.0004797243163920939,9.831288672046412e-09
window-4bb8bf16e299e63ba42a,48_2772_8326,microwave,microwave,0.9923514723777771,True,8.531601813910328e-11,1.284710577920123e-07,5.805682303616777e-05,0.0069154249504208565,0.0004507681878749281,3.3223485074174164e-10,4.787744387613202e-07,1.0248556463920977e-05,5.218758758473996e-10,5.3533847676590085e-05,1.4748424348454137e-07,5.154074642632622e-06,3.1222049251544703e-11,1.0236931302642915e-09,0.9923514723777771,6.208098852766852e-07,4.768767047913514e-10,6.281903330851435e-10,7.637635235369089e-07,2.4839283407906976e-10,1.4786702706715005e-07,6.16733331071373e-11,9.750041662925923e-09,0.00015310384333133698,5.3900873098200464e-08,1.5481455006849387e-09
window-7f88e7a51b1f62c2d0bd,48_2772_8326,microwave,microwave,0.9895608425140381,True,3.733165101493796e-07,8.058094681473449e-05,6.459903670474887e-05,0.0030324498657137156,0.0008319953922182322,4.3336501676094485e-07,7.449765234923689e-06,1.5240392770010658e-07,4.356444538444748e-09,0.0005762000218965113,8.836726192384958e-05,9.298726411088865e-08,8.256241557091926e-08,7.305557936376772e-09,0.9895608425140381,4.460078343981877e-05,1.296461107358482e-07,1.2474337118817402e-08,0.0005475328071042895,6.686169058411906e-07,6.113513109085034e-07,1.7059034007615992e-06,2.467410240569734e-07,0.005140804219990969,1.9661971236928366e-05,4.713769783393218e-07
window-3a06a3f8c35d57527b35,555_80017_155910,microwave,microwave,0.9993070363998413,True,7.749257947841943e-15,2.217054806408214e-08,5.010575137021078e-07,0.00020736789156217128,1.2253540262463503e-06,2.8112502548083285e-08,1.5385595020234177e-07,1.1523826164150375e-11,9.622897050576285e-05,2.2767881091567688e-07,1.9707715459560404e-09,0.000361872895155102,1.048991737917504e-08,2.777246379537246e-07,0.9993070363998413,3.882589527659519e-10,4.343323034561308e-09,2.5214271204276884e-07,1.0010092754697553e-10,1.0790495164059166e-09,7.943592805759181e-08,2.2111646558187203e-07,3.9866325352022614e-08,2.407360625511501e-05,5.136931235938391e-07,8.272622586957823e-09
window-ab3ce0ce16316c4373f9,555_80017_155910,microwave,microwave,0.9994968175888062,True,7.755346928886575e-14,2.609775506812184e-09,8.777449522767711e-08,0.00018203584477305412,3.953432425873871e-08,1.083082423747328e-08,7.062874174401657e-10,6.422670013016274e-13,0.0003071859246119857,1.0661068472472834e-06,5.959823190515579e-10,8.191952474589925e-06,1.5152380461458392e-09,1.0435289965471384e-08,0.9994968175888062,1.5450520030046988e-10,9.006237533526473e-09,2.2266974042395304e-07,1.8601929024919528e-11,1.711430580586537e-10,1.573220664852215e-08,5.145340153944744e-09,6.136486430108334e-09,2.9490888664440718e-06,6.880369483042159e-07,7.021032502052549e-07
window-4e9bf21f470fff91a9ce,555_80017_155910,microwave,microwave,0.9989022016525269,True,1.7229091663076225e-15,6.301710819833772e-10,1.2382336933569604e-08,4.84820302517619e-05,3.3706595559124253e-07,2.2111268371816095e-09,6.048275213998977e-10,5.365510553217989e-14,0.000901911873370409,8.027747753658332e-06,1.3839562829076613e-10,0.00013189922901801765,2.363628459622902e-10,1.1169219327200608e-08,0.9989022016525269,2.067097881752744e-10,1.9929284889030896e-09,4.095765060441181e-09,3.4209338920648813e-12,1.0073193668080904e-10,3.694087480354824e-09,4.74467078959151e-08,1.0034734820862923e-08,5.093227173347259e-06,1.9534363673301414e-06,6.761800364074588e-08
window-3e25f2b702900926bbef,555_80017_155910,microwave,microwave,0.9998257756233215,True,7.927328498497088e-14,2.1954383200295524e-08,2.6594056734552396e-08,7.706651558692101e-06,1.9749290913750883e-06,9.922643151583088e-09,4.113038798436719e-09,4.794765279259039e-12,1.4428972463065293e-05,2.675168104815384e-07,5.553500326271887e-09,0.0001440963096683845,2.3533117121665725e-10,6.818719384682481e-07,0.9998257756233215,8.751104285664724e-10,3.217775157438041e-09,8.648626703688933e-09,9.051529664683144e-11,3.5802769082771135e-10,1.640256375168292e-09,5.0047372468498e-08,4.3227139201462705e-08,4.468378392630257e-06,4.972328042640584e-07,1.8818917979501748e-08
window-8b58c3f1b771ebc58117,618_100747_201834,microwave,baseballbat,0.9999256134033203,False,2.365228846112899e-10,1.2247779750396148e-06,0.9999256134033203,5.915549081692006e-07,6.541704027432371e-13,2.1613551226540295e-10,7.611453689548853e-10,2.4782813579093954e-09,2.469686535278015e-07,6.4414034106619056e-09,5.594625235971762e-06,9.09039824751462e-14,8.653472605146817e-08,2.1014484445913695e-06,3.8558173400815576e-05,3.4766134415775696e-09,6.399918095478796e-11,1.4691084970763768e-06,1.5400065667137142e-09,9.353721353022593e-09,1.5717064802411862e-11,7.208944680314744e-06,1.7272048353333957e-05,5.447172668482381e-08,2.110358554574532e-09,4.2051015447519546e-11
window-dea44c1a8b57d32c69e9,618_100747_201834,microwave,baseballbat,0.9999285936355591,False,9.631222208650314e-11,1.290377440454904e-07,0.9999285936355591,1.5046563248688472e-06,5.914164123710375e-12,6.802193530663914e-11,9.101281533974159e-11,2.0979486592409557e-08,1.1877036740770563e-06,6.789618112179596e-08,1.96981545741437e-05,6.845537998219006e-14,3.8257857681855967e-07,6.409845809685066e-07,4.981803613191005e-06,1.7501536331288037e-10,2.592783210353389e-10,3.0700784918735735e-06,9.510694454206714e-09,9.311330373407145e-09,2.2672939914425427e-12,3.483183490970987e-06,3.6225821531843394e-05,5.6938162629194267e-08,2.0906712125401405e-11,2.8576672278513016e-12
window-82c08c7ef6e6bc0c8dc5,618_100747_201834,microwave,baseballbat,0.9437077641487122,False,1.0194870725399596e-07,1.6985450201900676e-05,0.9437077641487122,0.00013342010788619518,1.0290803764689826e-09,6.001262420340936e-08,1.4100150735885109e-07,3.358559652610893e-08,0.0021820152178406715,0.00011884455307153985,0.0357954166829586,3.5142878190841387e-11,5.883344419999048e-05,0.0007650855113752186,0.013937389478087425,5.210043241277162e-07,2.620592454150028e-08,0.0017313077114522457,5.395491371018579e-06,5.422058893600479e-05,1.4914087742567972e-09,0.0002923783613368869,0.0010014537256211042,0.00019860360771417618,2.9178082172620634e-10,2.633076867653017e-09
window-7312c3636e075e8c7a53,618_100747_201834,microwave,baseballbat,0.9984234571456909,False,1.674148109032103e-07,1.0802693395817187e-05,0.9984234571456909,1.781514669119133e-07,1.4108436641180333e-12,3.980781482226803e-09,1.0468335531754747e-08,3.396719350234889e-08,1.23668587548309e-06,1.0640325854183175e-05,0.0013738911366090178,2.8512752597333046e-13,2.479904708252434e-07,8.292888378491625e-05,3.4479486203053966e-05,7.595553483952244e-07,5.243695477830101e-10,4.9606020184000954e-05,3.2063074417720827e-09,9.159639802192032e-08,2.6866762148358703e-09,1.7524604345453554e-07,1.1200834705960006e-05,6.213890912931674e-08,1.934085114285722e-09,1.9884630830802053e-08
window-481395cd4651690f7ea0,506_72906_141733,microwave,microwave,0.9958386421203613,True,2.6317473591011553e-13,1.0142590239903271e-10,1.2367764838927542e-06,0.0024922166485339403,2.0986094568797853e-06,2.1655421900135252e-10,7.183687671385997e-07,3.289549080180698e-13,0.00012431017239578068,2.487858807853627e-07,2.466035553538859e-08,1.2169228966740775e-06,3.890945343698604e-10,3.72867869913307e-09,0.9958386421203613,1.9610276069670363e-08,3.377416749050788e-11,5.674205638683816e-08,2.5474624579940874e-12,1.0824867224812351e-08,8.311563988172566e-07,1.5260475265677087e-06,4.629939542866168e-09,1.038557229549042e-06,0.0015358150703832507,2.2508608310545242e-08
window-21d3a0ba1656ff973e76,506_72906_141733,microwave,microwave,0.985731303691864,True,3.0818975843560636e-12,1.1320257231606234e-11,5.059694103692891e-07,0.014172961004078388,2.5627948616602225e-06,1.1059500537591305e-11,6.265281626838259e-07,9.734467572297678e-12,3.9627133219255484e-07,3.125917146462598e-06,5.54921015805121e-08,2.864113184841699e-06,5.870033348287507e-10,2.878254079519138e-09,0.985731303691864,9.904067610477796e-07,1.583583199467331e-12,1.0042783445129988e-11,2.7011322067949095e-09,5.182704959638684e-11,1.0186256105271241e-07,2.558549567766022e-07,1.0842752473649853e-08,8.380916551686823e-05,4.962550406162336e-07,1.1783733711023814e-12
window-cbf63f5c4fc858f54662,506_72906_141733,microwave,microwave,0.9899975657463074,True,1.3665063525181154e-10,5.25727184008673e-10,2.5393250325578265e-05,0.00972250197082758,1.537302159704268e-05,4.147903964746291e-10,4.4003850234730635e-06,9.65453317292031e-09,4.045632977067726e-06,2.2664810330752516e-06,1.8236017922390602e-06,2.1793312043882906e-06,1.5129020258797254e-10,5.752696452532291e-08,0.9899975657463074,2.4209157345467247e-05,1.2712185470942217e-11,1.2369739899042997e-08,7.139787427945521e-09,4.5880196863912204e-10,1.1096477692262852e-06,3.387248852959601e-06,2.286157574360459e-08,5.707031050405931e-06,0.00018993009871337563,3.5399227993337945e-09
window-a49a32e12f701de197eb,506_72906_141733,microwave,microwave,0.8198534250259399,True,1.0985661685891657e-10,8.544247531716564e-10,8.175589755410329e-06,0.1768845170736313,5.7155593822244555e-06,2.0353958518626314e-09,1.3615182069770526e-05,4.1018979879403616e-10,0.0003549045941326767,3.961118181905476e-06,1.119203645316702e-07,7.439825253641175e-07,2.376798668990432e-08,4.030641154173509e-09,0.8198534250259399,1.1264562971291525e-07,2.122191727904621e-10,1.586636528827512e-07,5.134913050319767e-10,1.844687425034408e-08,4.849145625485107e-06,6.677333317384182e-07,3.627698319519368e-08,2.376736665610224e-05,0.002845018170773983,3.0379678150893596e-07
window-4cad43580460ad7de362,117_13754_28208,mouse,handbag,0.7650067210197449,False,1.8691684090299532e-05,3.491170718916692e-05,0.003733742516487837,0.1649942249059677,0.012439988553524017,1.1772277730415226e-06,0.0018369039753451943,6.7682653934753034e-06,1.2809598956664559e-05,0.00034244044218212366,0.00025665489374659956,0.7650067210197449,0.0010143634863197803,0.008870607241988182,0.01282527670264244,0.0036863808054476976,6.327821756713092e-05,4.191392235952662e-06,0.0004532479797489941,2.596424906187167e-07,0.011960756964981556,2.4675068743817974e-07,0.009431070648133755,0.002039567334577441,0.00039858007221482694,0.0005670854006893933
window-d0138215af07aee3e6ce,117_13754_28208,mouse,toytruck,0.3109455406665802,False,0.0015327294822782278,0.0023737691808491945,0.006923317443579435,0.10659459233283997,0.12362498044967651,1.2730109119729605e-05,0.00030097702983766794,0.0006056820857338607,4.6777890929661226e-06,0.008340266533195972,0.0064259921200573444,0.06721731275320053,0.00032633444061502814,0.007031056098639965,0.0013369431253522635,0.0017702685436233878,2.888935796363512e-06,0.00037407418130896986,0.11196267604827881,8.116430763038807e-07,0.02349938452243805,3.2091156754177064e-06,0.00027740607038140297,0.3109455406665802,0.00011795088357757777,0.2183944433927536
window-41268c81a04d0ce81afe,117_13754_28208,mouse,handbag,0.5900885462760925,False,0.0003711828321684152,0.01646873727440834,0.0014953392092138529,0.09927680343389511,0.006818369030952454,4.033432196592912e-05,0.022325174883008003,0.0003852907393593341,5.3335781558416784e-05,0.00032270734664052725,0.013990751467645168,0.5900885462760925,5.641977986670099e-05,0.02861209772527218,0.05095040053129196,0.004328822251409292,9.01724852155894e-05,2.6128104764211457e-06,0.1268439143896103,1.4042105078715394e-07,0.0034485403448343277,3.228495643270435e-06,0.026969164609909058,0.004306851886212826,0.002125140279531479,0.0006258763605728745
window-a0a5038ae089a0f84755,117_13754_28208,mouse,handbag,0.5378064513206482,False,0.0010193088091909885,0.0091882748529315,0.00034741408308036625,0.16819901764392853,0.023121966049075127,0.0017808520933613181,0.0016818356234580278,3.198167178197764e-05,0.19826364517211914,0.0012930176453664899,0.02477315068244934,0.5378064513206482,0.002233730396255851,0.0006327143055386841,0.002055030083283782,0.01264443714171648,0.007490216754376888,9.98240690108787e-09,0.00019392934336792678,2.0578656290126673e-07,0.0029204816091805696,1.9036686353501864e-05,0.0034179678186774254,0.00030039201374165714,0.0005672447732649744,1.766364039212931e-05
window-cc4d3d63518c1514b483,14_161_1089,mouse,toyplane,0.8419539928436279,False,0.03474438562989235,9.68100139289163e-05,0.06747826933860779,3.291078974143602e-05,4.3218046812398825e-06,0.0012537045404314995,0.00013197085354477167,0.00032395473681390285,0.00021044822642579675,0.0004437320458237082,2.9657712730113417e-05,0.0058925943449139595,0.0004927190602757037,0.03304096311330795,0.002590215764939785,0.00924756657332182,8.997407690003456e-07,2.6876350602833554e-05,0.0005421444657258689,1.4648227306679473e-06,5.1291845011292025e-05,0.00011105993326054886,0.8419539928436279,0.0007575482595711946,5.013139343645889e-07,0.0005400169757194817
window-834cd9028600a3147aa6,14_161_1089,mouse,kite,0.7690885663032532,False,0.00012869077909272164,0.002166318241506815,0.004289375618100166,0.0003064000920858234,6.796794332331046e-05,4.7367797151309787e-07,5.3559291700366884e-05,0.0001753336691763252,6.787330448787543e-07,0.00038453927845694125,0.004981037229299545,0.0026583182625472546,0.011902831494808197,0.7690885663032532,0.0002504736476112157,0.046741586178541183,4.951148366671987e-05,9.888446948025376e-05,0.005684244446456432,5.1840001106029376e-05,0.0002527878968976438,7.724940951447934e-05,0.05805220082402229,0.09026769548654556,0.00036451552296057343,0.0019049750408157706
window-35cd8c945d03bee082ac,14_161_1089,mouse,kite,0.373095840215683,False,0.0612737275660038,0.014781293459236622,0.001700819586403668,2.6400059596198844e-06,6.06446155870799e-05,1.0009630386775825e-05,0.0004944840329699218,0.0001636747329030186,4.282605061689537e-07,0.0065451450645923615,0.0017058617668226361,0.011273162439465523,0.2404823750257492,0.373095840215683,0.0004513764288276434,0.007465089205652475,0.0005588045460171998,0.006481649819761515,0.039402950555086136,5.3841355111217126e-05,0.13334979116916656,0.003866042708978057,0.04134950041770935,0.00460353447124362,7.233126234496012e-05,0.05075489729642868
window-de59f3a9f45001d86603,14_161_1089,mouse,baseballbat,0.3504924476146698,False,8.085404988378286e-05,0.017940418794751167,0.3504924476146698,4.0985272789839655e-05,4.103146056877449e-05,2.7819369279313833e-06,5.4376105254050344e-05,0.010265120305120945,8.137495797200245e-07,0.000731842708773911,0.001368850003927946,0.001995926257222891,0.007607384119182825,0.04661063477396965,0.003842935897409916,0.0004214885411784053,1.4546054671882303e-06,1.267530933546368e-06,0.27823561429977417,2.5811875730141765e-06,8.892537152860314e-05,1.443655310140457e-05,0.26213547587394714,0.01795034110546112,8.03644707048079e-06,6.392435170710087e-05
window-d7105ba4b33c4035852d,465_66131_129808,mouse,handbag,0.8606522679328918,False,4.376121796667576e-05,0.000549242424312979,1.9808358047157526e-06,2.819672317855293e-06,0.0002506730379536748,2.265246584060021e-12,2.686098014237359e-05,0.002978478791192174,1.6957534043626765e-08,2.7006672098650597e-07,1.7662870277490583e-08,0.8606522679328918,8.576153049943969e-06,0.0005978014087304473,2.619647554436e-10,0.000402968522394076,4.046556932735257e-05,1.945261942637444e-07,9.515740202914458e-06,3.1717166670830466e-09,0.12789319455623627,2.756403034709365e-07,0.006428595166653395,0.00011180639558006078,3.4575674590087146e-07,2.741043850229552e-11
window-89577104d0474cfca336,465_66131_129808,mouse,handbag,0.452364981174469,False,0.0008197135757654905,0.024481920525431633,4.669114787247963e-05,4.387919943837915e-06,0.0002487065503373742,3.7756417436973777e-10,0.0004968924913555384,0.10111774504184723,2.282726256908063e-07,4.635442564904224e-06,8.476117159261776e-07,0.452364981174469,5.789020360680297e-05,0.0028516780585050583,1.462402754448533e-09,0.0001277430128538981,0.0004790534731000662,3.6722667573485523e-06,0.00010702031431719661,2.178417979337155e-08,0.4128960072994232,1.013197561405832e-06,0.003093864768743515,0.0007950817816890776,3.195150384271983e-07,4.0987174765305667e-10
window-8a676d99acc538701fb1,465_66131_129808,mouse,teddybear,0.3191360831260681,False,0.0019610896706581116,0.005661393515765667,6.212489097379148e-06,2.6512952899793163e-05,0.0008148562046699226,1.6155497079006764e-11,0.00011852689931401983,0.2342752069234848,1.950996342259259e-08,3.8309531191771384e-06,2.9510176773328567e-06,0.23078809678554535,0.00013264772132970393,0.000463316187961027,1.1303779023918992e-09,0.009279407560825348,0.00019643016275949776,9.583659448253457e-07,0.00034029234666377306,2.8164205190250868e-08,0.3191360831260681,1.1609538219659044e-08,0.19399906694889069,0.0027929223142564297,1.5384696894216177e-07,5.8002735947582096e-09
window-2b3507ad326e5829a6ca,465_66131_129808,mouse,handbag,0.2521001398563385,False,0.1643790751695633,0.18771915137767792,4.23536948801484e-06,9.419929119758308e-05,0.0024065496399998665,5.24858307926479e-07,0.0027544614858925343,0.0010437172604724765,3.4278598377568414e-06,0.0022111961152404547,0.0013353002723306417,0.2521001398563385,0.014865917153656483,0.05567888915538788,8.882000201992923e-07,0.0045035239309072495,0.010475261136889458,5.510256869456498e-06,0.06867346912622452,3.57723160959722e-06,0.19834361970424652,0.0006765223806723952,0.030939392745494843,0.0015730157028883696,0.00020844725077040493,6.039601263552186e-09
window-5aa7173f8b40accb3cf0,601_92735_185308,mouse,mouse,0.9995218515396118,True,0.00029333733255043626,2.6788666218635626e-06,0.00015708421415183693,3.838345818962807e-08,6.648350758808874e-09,8.101562476436897e-11,1.8856612769013736e-06,1.642398956391844e-06,2.515346819720321e-09,4.855282895732671e-07,1.847391331466497e-06,4.137149517191574e-06,1.0417423867981057e-10,8.477710480292444e-07,2.864857240325591e-09,0.9995218515396118,7.086729120198143e-11,1.5061024427609482e-08,8.505195410180022e-07,4.283652599301746e-11,1.3745788862706831e-07,3.0373504955605313e-07,1.1350540262355935e-05,4.03694002670818e-08,1.506839566900453e-06,1.639198821123955e-08
window-5bdcd9676f45c1a8e161,601_92735_185308,mouse,mouse,0.9996433258056641,True,0.00013205764116719365,5.332047749107005e-06,0.00020617347036022693,7.3644031317599e-08,8.191437750326713e-09,2.740746345153422e-11,7.305612257368921e-07,3.5268203646410257e-06,5.529676716520271e-10,2.677926431715605e-07,1.000551151264517e-06,2.214396317867795e-06,8.344519519809523e-11,2.384506387898e-07,2.3820716510414286e-09,0.9996433258056641,1.2434293872320978e-10,3.1356564011986165e-09,1.2495133887568954e-06,2.9659923822533685e-11,1.8934620982236083e-07,2.0324192462339852e-07,2.2712933969160076e-06,5.05322788058038e-08,1.1045250403185491e-06,4.8368908878160255e-09
window-149871cdac8ad5358d6e,601_92735_185308,mouse,mouse,0.9992766976356506,True,0.0004729641368612647,3.7576253930637904e-07,0.00023379306367132813,1.8499781706537988e-09,1.1012180056724219e-09,4.809340078959501e-11,3.4455447917025595e-07,3.8543916502931097e-07,6.448805378589384e-11,1.7118405821747729e-06,9.171695865006768e-07,8.2053458472231e-10,3.2186636689246484e-10,3.0618448221275685e-08,5.197074992580042e-10,0.9992766976356506,1.0396351141084281e-10,1.1952338674348084e-08,2.816679625539109e-06,9.020093699740883e-11,4.332635583637057e-08,1.814373717934359e-08,8.572232218284626e-06,1.3341816895717784e-07,3.1814881840119824e-09,1.1699070228132769e-06
window-0bfdb76ce96cff94d8fc,601_92735_185308,mouse,mouse,0.9325194358825684,True,0.06607182323932648,4.881063887296477e-06,0.0010651579359546304,1.771738133982126e-08,7.224101761238444e-09,9.513422688511852e-11,1.0946621841867454e-05,1.4718219745191163e-06,2.1946483519386106e-10,1.3705740457226057e-05,1.571457005411503e-06,7.084297237724968e-08,3.873847465030167e-09,1.936488871479014e-07,1.2369008928203584e-08,0.9325194358825684,1.3380255792228013e-09,6.056010874999629e-07,6.562951602973044e-05,5.670010572167428e-10,4.875759714195738e-06,2.6113158924090385e-07,0.00023608033370692283,1.440639721295156e-06,3.003510329335768e-08,1.8384059785603313e-06
window-324254094bf984a0eb68,269_28600_56284,mouse,mouse,0.866628110408783,True,0.02457926608622074,0.00021929315698798746,4.843800979870139e-06,1.534709213046881e-06,3.292576820967952e-06,1.2732610521482002e-09,0.04757742956280708,0.05486398935317993,1.4899395051060083e-09,2.161511656595394e-05,8.722251550352667e-06,9.126050827035215e-06,2.9932939460408647e-10,7.363692322570614e-09,2.514567931655165e-08,0.866628110408783,7.964278680994141e-10,5.243106837582445e-09,0.00079406175063923,5.910897465932763e-11,0.00013681409473065287,7.031424054115831e-11,0.005127924028784037,2.1833751816302538e-05,8.755933755821843e-09,2.151053877241793e-06
window-0eb9cad2dfe4102594d8,269_28600_56284,mouse,mouse,0.44136643409729004,True,0.001611764426343143,0.0007709170458838344,0.0005418456275947392,5.762358341598883e-05,0.00021663079678546637,4.926345553712963e-08,0.019116070121526718,0.2898327112197876,6.680981101681027e-08,8.48219424369745e-05,8.019377128221095e-05,0.0003759873507078737,1.0287924290253159e-08,0.00011124939192086458,3.210938302800059e-05,0.44136643409729004,5.762816357446354e-08,3.27127793298132e-07,0.052043356001377106,5.213524545411019e-08,0.00041112612234428525,9.873246664682256e-10,0.19186143577098846,0.0014438142534345388,1.527274798718281e-05,2.604203109513037e-05
window-be528ae84d05bc7f3ba0,269_28600_56284,mouse,mouse,0.9916371703147888,True,0.0014763094950467348,0.0004158665251452476,4.690775313065387e-06,1.9421772776695434e-06,9.935960406437516e-06,2.482666017211699e-10,0.002329527400434017,0.001346981036476791,2.3309057461951e-10,3.45233138432377e-06,1.02400906598632e-06,2.0788070287380833e-06,1.564858131963831e-09,3.6175290318851694e-08,1.3175422530764536e-08,0.9916371703147888,1.197906662753212e-09,1.196612497977867e-08,2.2637996153207496e-05,6.88165982531963e-11,0.0004182170669082552,1.4666382691652657e-11,0.002320727566257119,6.425020274036797e-06,3.002529638251872e-07,2.641751507326262e-06
window-d90faedadbc8f578bc7e,269_28600_56284,mouse,mouse,0.7798609137535095,True,0.0011420377995818853,5.131219222676009e-05,0.0005070467013865709,6.4040091274364386e-06,9.012233022076543e-06,7.149033587339204e-10,0.002346896566450596,0.18487952649593353,1.1271741873208896e-10,5.664020136464387e-06,6.803822088841116e-06,1.692799997954353e-07,6.6619258720646e-11,3.121612124346029e-08,6.641864302991962e-08,0.7798609137535095,2.492917428043029e-09,3.049042796021695e-09,0.0010798858711495996,1.21960774812635e-10,1.704498686194711e-06,1.4249190369297615e-11,0.030096042901277542,4.0630616240378e-06,1.835459215726587e-07,2.1763603399449494e-06
window-7008d236bf198aab3b82,193_20812_42179,parkingmeter,parkingmeter,0.9974517226219177,True,8.244874227791854e-10,2.1255799897978989e-10,1.5987702681741212e-06,3.9867895651468643e-08,1.4332759974422515e-06,5.0729042494479515e-11,1.584538056320639e-12,3.624874012064794e-11,4.325993430143171e-08,1.4040527673842007e-07,3.4221281453028496e-07,2.080981005292415e-07,0.002511931350454688,3.809427425949252e-06,7.441593050322784e-14,5.073803877042593e-11,0.9974517226219177,1.1165170690219384e-05,2.1534874578010843e-11,1.7445812773075886e-05,1.9598219935801353e-08,3.109118797378456e-14,6.3008145367859925e-09,4.245030549299145e-09,1.2049750530707115e-08,1.0035087427695544e-07
window-fedd9ba10066f7177bc9,193_20812_42179,parkingmeter,parkingmeter,0.9998434782028198,True,1.01355661641378e-08,1.916851226357874e-12,4.205641289445339e-06,1.1140927763664266e-10,1.6860791163253452e-07,1.2766668147992655e-12,6.2427497118109146e-15,6.186612333536345e-11,7.906175020222506e-11,6.684457876104943e-09,2.7474236219404702e-08,5.620214710289062e-11,0.00012073554535163566,2.9475424323521793e-09,6.581997418614576e-15,1.9375421406175874e-12,0.9998434782028198,3.0426395824179053e-05,8.70347142880451e-13,8.638073154543235e-07,4.319481161640937e-10,8.481996689646941e-17,1.183746069916003e-11,9.564998793010204e-10,8.167426153796176e-13,1.810016136971626e-08
window-c1814403cfff70e9b986,193_20812_42179,parkingmeter,parkingmeter,0.9999935626983643,True,1.186985787438033e-10,1.3019311323470006e-11,5.356250198929047e-07,8.306545729031001e-11,2.8599581369803673e-08,2.3454938078565357e-12,6.634482835809344e-17,1.7431103435661122e-11,2.5714227622208874e-11,5.383016699056498e-09,6.680502906419861e-07,3.991360852939607e-10,5.140367420608527e-07,7.160598225475212e-10,6.287183048520625e-16,7.928334204432286e-12,0.9999935626983643,4.3246564018772915e-06,2.107047609306578e-12,3.4349244515397004e-07,1.3798116815788575e-10,3.9519596938735e-15,1.8132039923332566e-12,4.1277800622019356e-10,1.5499108940719708e-11,8.984559762836852e-09
window-8863c25c4d451ec78bdf,193_20812_42179,parkingmeter,parkingmeter,0.9991666078567505,True,1.1721191725544422e-11,3.0500759253329623e-13,8.4651134102387e-08,4.5950471205813415e-10,3.3978958535740844e-10,6.317294777569149e-13,3.0902612181704387e-15,1.173573217772006e-11,1.162554705280705e-10,1.0708903985801044e-08,1.3947611066100762e-08,2.784603381211781e-10,0.0008217920549213886,1.4072233378570331e-09,8.71720913642109e-17,9.024661714544108e-14,0.9991666078567505,1.1019519661203958e-05,2.2480200210020507e-13,5.124985591464792e-07,2.3857428185780627e-11,1.291833770659175e-16,2.5454974933447616e-11,9.802645362100293e-10,7.994289952240052e-11,1.5851174595127304e-08
window-d1da0d2747423b4c5726,433_61349_119679,parkingmeter,parkingmeter,0.927579939365387,True,7.936117185636249e-08,0.00017322879284620285,1.0589531484583858e-05,0.0009530992247164249,2.0061410396010615e-05,1.5096521792656858e-06,5.99857330474407e-10,5.5684303390535206e-08,0.000592112832237035,3.3316798635496525e-06,5.008101666703624e-08,4.447033745691442e-07,0.06454692780971527,8.990685387288977e-07,2.1814470230197003e-09,1.2620617051428695e-10,0.927579939365387,0.0007345252088271081,1.671104921108224e-11,0.005204631481319666,9.559497584632481e-07,2.6365142707929223e-11,2.677249710814067e-07,6.943225162103772e-05,6.31016234819981e-07,0.00010707048932090402
window-0fe58fd389f6adee19b6,433_61349_119679,parkingmeter,parkingmeter,0.9993577599525452,True,2.0652103638330033e-10,4.65122002424323e-06,1.884777418581507e-07,9.010594794744975e-07,1.1535409612406511e-05,1.009380312666508e-08,1.1402982507888182e-13,1.157471452017944e-09,1.0069367817777675e-05,2.123691501765279e-06,4.2349185269685563e-10,7.47456397220958e-07,0.00022260044352151453,2.635779026149976e-07,2.9345713359330006e-11,4.518545260179252e-12,0.9993577599525452,8.3213153629913e-06,1.330353535666795e-11,0.00025181827368214726,2.982022806463647e-08,2.5260353704592564e-12,2.4864414527314693e-08,1.2172292507273141e-08,6.961887777379161e-08,0.00012865298776887357
window-332fab2d24835a723cf7,433_61349_119679,parkingmeter,parkingmeter,0.9933609962463379,True,1.6791906407020996e-11,1.784971601637153e-07,3.4948314464600116e-07,1.8749931314232526e-06,7.658084541617427e-06,1.629673107572671e-08,3.114231149434904e-14,3.2721405585078855e-09,2.130759412466432e-06,8.640012651994766e-07,1.7018702891391513e-08,1.4421260630115285e-08,0.00015901422011666,3.6582372331395163e-07,9.039085452355877e-12,1.9190716724071244e-11,0.9933609962463379,5.191138825466624e-07,1.0920070186645758e-12,0.005951983388513327,1.0389988175374398e-10,7.795508162600218e-12,5.147943737959793e-10,2.763124840043929e-08,3.1337489048155476e-08,0.0005140606081113219
window-6321c355d3f74353e89d,375_42777_85636,plant,plant,0.9795212149620056,True,5.913735279250432e-09,2.930223672592547e-07,5.9630288888001814e-05,0.0005352282314561307,8.968147085397504e-06,1.3075451832378349e-08,1.8337361495923687e-07,4.341520920547737e-08,0.00655718706548214,8.18582429928938e-06,7.620983843992235e-09,5.238847279542824e-06,0.0011186401825398207,0.0006035325350239873,3.877111609540407e-08,1.9894701164258066e-10,0.004776885733008385,0.9795212149620056,1.888825273965722e-08,0.005339034833014011,7.42127958801575e-05,1.3236616247525035e-09,6.439499884436373e-06,4.5332544118537044e-07,0.0012162397615611553,0.00016829707601573318
window-a6f3f08b87dd80e9e747,375_42777_85636,plant,wineglass,0.8041532039642334,False,3.150540939245161e-11,3.835050943479246e-09,4.9353353404058e-08,1.0190329703618772e-05,2.857844992831815e-05,7.631944853869754e-09,7.439842164558286e-08,1.1552948597781665e-09,9.624897757021245e-06,4.327252554503502e-06,2.268529142313014e-09,6.711575650797386e-08,4.52346503152512e-05,0.00017979918629862368,3.1868091499021034e-11,2.29781679794705e-11,0.000635072123259306,0.1797746866941452,1.1872970873127997e-07,0.015157736837863922,7.440902560773566e-09,3.476036958272033e-10,5.552751076720597e-07,1.525135395752386e-08,5.559193141380092e-07,0.8041532039642334
window-74ae7dc6df47209557d5,375_42777_85636,plant,plant,0.9934208989143372,True,8.047658373033784e-11,1.0731351918202847e-10,4.1154213370475645e-09,9.885960707833874e-07,2.1120596827017835e-08,7.742141150401949e-09,4.912972428883222e-08,2.3279121685870763e-10,2.8734631996485405e-05,7.208332704067288e-07,1.5518135665359978e-09,1.8409386015605378e-08,2.6656502996047493e-06,3.350204167418269e-07,8.480612045946856e-13,1.5016475476276048e-12,5.072743078926578e-06,0.9934208989143372,3.924166378510563e-07,0.002187398262321949,1.0428831132003324e-07,1.9254848826477655e-09,1.5407082173624076e-05,2.4011555410652363e-08,2.8005342045389625e-08,0.004337242338806391
window-9b0e211382e7b4634f27,375_42777_85636,plant,plant,0.8188787698745728,True,9.768713615798674e-11,4.230628292134497e-08,9.047767868253231e-09,3.0177166991052218e-05,2.580601403678884e-07,1.2817761296801677e-09,8.382661320638363e-08,2.9885963148679195e-10,6.678281351923943e-05,5.690967554983217e-06,1.590261811124094e-10,1.3467794879318262e-08,8.943279681261629e-05,7.51244306229637e-06,1.7085303657959905e-11,1.9447203569722404e-10,1.1516793847476947e-06,0.8188787698745728,2.6274381781377087e-08,0.005938911344856024,2.9424214176287933e-07,3.958795957714756e-09,1.2831877029384486e-05,1.485102245624148e-07,1.8348038111071219e-06,0.1749659776687622
window-a1bb4e60312a9a42e51b,612_97740_196493,plant,plant,0.8688709139823914,True,9.664740900916513e-06,4.846072556574654e-07,1.4450070295879414e-07,4.0423415157420095e-06,9.753178126237216e-11,2.499423601420858e-07,0.0005176576087251306,6.432008490264707e-07,1.8985772953783453e-08,8.696649456396699e-05,3.939932412322378e-06,5.732198928853904e-07,1.3147563322490896e-06,3.2582325726338013e-10,3.4532934845010743e-10,3.2997991183947306e-07,1.4074000853625535e-09,0.8688709139823914,0.1287083625793457,1.0072109118963724e-10,0.0006150397239252925,6.495880500168028e-10,0.00023770658299326897,1.0586627041675456e-07,4.351583629613742e-05,0.0008983906591311097
window-a6d2b03a3131d9700fdb,612_97740_196493,plant,plant,0.8407426476478577,True,1.5572052234347211e-06,1.0152660934181768e-06,6.139141639494028e-09,9.097583983930235e-07,1.021723705640909e-09,1.6550363852729788e-06,2.451547970849788e-06,5.136753884471545e-07,2.2742929104424547e-06,2.2596233975491486e-05,1.7722147731547011e-06,8.272878403658979e-06,7.011261186562479e-05,1.4454499819294142e-09,3.843770191025442e-09,9.218695140589261e-07,3.1124356425493716e-09,0.8407426476478577,0.15838894248008728,7.097699650238098e-10,0.0004523886600509286,6.784696138240065e-10,0.0002640962484292686,1.644128019506752e-06,1.0777315537779941e-06,3.5045359254581854e-05
window-d1783076e83b358ae591,612_97740_196493,plant,plant,0.996863603591919,True,9.780704024464626e-10,4.5179973651165994e-10,9.584492310921178e-09,4.809660936189175e-07,1.3911641616459747e-08,8.164563247703427e-09,6.556752509823127e-07,1.7803646557013053e-08,1.1065781109209638e-06,5.754450853601156e-07,5.786895940218528e-08,1.595655339770019e-05,2.8620424927794375e-06,1.7196113422102144e-09,6.029559962428266e-09,2.378536656522101e-08,1.7329059021076176e-10,0.996863603591919,0.002774194348603487,1.5419811261185856e-10,8.580413850722834e-05,2.350702132947191e-10,0.0002412383328191936,1.1783771697082557e-05,1.6312597495016234e-07,1.3925513258072897e-06
window-df82b505c7ee6092e3f9,612_97740_196493,plant,plant,0.9799210429191589,True,3.115355184490909e-06,2.169344952562824e-07,1.2307934866839787e-06,1.6629146557534114e-06,8.378141735931877e-09,5.001436775842194e-08,0.0007261020364239812,3.828555691143265e-06,8.944866749516223e-07,1.9692319256137125e-05,8.517991290091231e-08,2.1165533325984143e-05,1.1944473953917623e-05,2.9099027631929175e-09,1.2211721411858889e-08,4.0051676478469744e-05,5.353487875225937e-09,0.9799210429191589,0.0025708291213959455,7.831847670392023e-11,0.01610914058983326,1.7992039857972486e-08,0.0004890715936198831,2.2409381017496344e-06,6.838308763690293e-05,9.265568223781884e-06
window-d7eb36e3aa913cd72b5f,272_29055_55880,sandwich,mouse,0.6372559070587158,False,0.0005994259845465422,0.009999149478971958,0.04716043546795845,0.003575516864657402,0.00045089001650922,9.701527596917003e-05,0.00666023837402463,0.00012379448162391782,6.766982096451102e-06,0.0004387192311696708,0.13687260448932648,0.00028254700009711087,3.2960897442535497e-06,0.0003349976032041013,0.0007590155000798404,0.6372559070587158,1.5301135363188223e-06,0.03174107149243355,0.0036558250430971384,1.0248105581922573e-06,0.004887282382696867,7.122867629050234e-08,0.08578609675168991,0.010967176407575607,1.2466700354707427e-05,0.01832703873515129
window-a65c4ca2baeef0ab4f7f,272_29055_55880,sandwich,sandwich,0.43689456582069397,True,0.0009919903241097927,0.012801873497664928,0.0011004979023709893,0.0002709476975724101,0.008135659620165825,6.355889127007686e-06,3.123747228528373e-05,0.019450979307293892,5.56423492525937e-06,1.3909281733504031e-05,0.00408953009173274,0.00014276121510192752,3.0779393256352705e-08,0.00017396912153344601,1.4844208635622635e-06,0.15308693051338196,4.1782897142184083e-07,0.01974841207265854,0.43689456582069397,5.748631792812375e-06,0.013136068359017372,2.9862409434144865e-08,0.3003060221672058,0.0007855590083636343,1.5990159454304376e-06,0.028817886486649513
window-a1d35f7b2789a7deafd6,272_29055_55880,sandwich,sandwich,0.4466058909893036,True,0.015734955668449402,0.2148241549730301,0.001007275772280991,2.4533366740797646e-05,0.0015748534351587296,8.104323569568805e-06,0.00046592438593506813,0.012919032014906406,5.792807087345864e-07,0.0002956303069368005,0.000385538034606725,2.3158152089308714e-06,5.706683836592674e-08,2.6009849534602836e-05,7.296927833522204e-06,0.05186351761221886,3.4921606584248366e-06,0.20625898241996765,0.4466058909893036,1.116450675908709e-05,0.0047637708485126495,3.6980316586721074e-09,0.0076035126112401485,5.5644955864408985e-05,1.002542830974562e-06,0.03555683046579361
window-e1ccbeadc2213a6f2fa4,272_29055_55880,sandwich,plant,0.5447348356246948,False,0.0011870531598106027,0.06859737634658813,0.011137399822473526,0.0009074066183529794,0.017604012042284012,9.001183570944704e-06,0.0003205473185516894,0.0007336708367802203,0.0007770977099426091,0.0013235756196081638,0.02666964754462242,0.000813537510111928,6.110670710768318e-06,0.00016313818923663348,1.0605339411995374e-05,0.04998980835080147,0.00020714158017653972,0.5447348356246948,0.0055727241560816765,1.4189996363711543e-05,0.007841907441616058,1.744903954659094e-08,0.007756846025586128,0.0020607749465852976,1.5277675629477017e-05,0.25154635310173035
window-8f95135f01446f5f8635,366_39378_76721,sandwich,sandwich,0.9594904184341431,True,5.514049917110242e-06,7.230900109789218e-07,2.818919320191071e-09,6.184099987649461e-08,1.801096550479997e-05,8.387986838442885e-08,0.005566033069044352,1.3639883036375977e-05,1.2836728124909769e-08,6.598194886464626e-06,4.0611339500173926e-05,0.0004960373626090586,6.638539161940571e-06,0.0007603774429298937,1.8851889649340592e-07,2.7454263999970863e-06,1.8336726581580365e-09,1.5749689907806896e-07,0.9594904184341431,2.9610502938481886e-09,0.03345943242311478,1.6023561366651506e-09,0.00011765431554522365,1.5068156244524289e-05,7.163463600079467e-09,2.6228063276789726e-08
window-d721347ea879657fa554,366_39378_76721,sandwich,sandwich,0.9949870109558105,True,6.692781880701659e-06,1.4722184005222516e-06,6.607213887122043e-09,1.1313085579445215e-08,7.214823085632815e-07,6.498854787650998e-08,0.004004739690572023,8.553442057745997e-06,1.5399982400410295e-09,7.326217996705964e-07,1.3510060853150208e-05,1.328100438513502e-06,1.5515661289100535e-07,0.0004948200075887144,5.93456803699155e-08,1.0681635558285052e-06,2.4555685262939164e-10,2.1932013538616957e-08,0.9949870109558105,2.595200443433754e-10,0.0004202095151413232,4.411992160502365e-10,5.762717410107143e-05,4.10220764024416e-07,8.188637252715125e-07,1.358082313274167e-09
window-146838074d1bfa16eef5,366_39378_76721,sandwich,sandwich,0.9919121265411377,True,1.772910884767498e-08,6.110968797656824e-07,1.1107778030705617e-09,1.551292982959751e-09,4.171380169282202e-06,2.5044482043767857e-08,0.006350550334900618,1.0146086424356326e-06,1.260698628824386e-10,1.9802975259608502e-08,7.213822073026677e-07,9.54117513174424e-06,2.2214147188392985e-11,0.0016367040807381272,1.249499490540984e-07,8.436961707047885e-08,5.805892658999889e-12,2.974291257729078e-09,0.9919121265411377,3.320116057081712e-11,7.622664998052642e-05,1.5573251022082957e-10,7.519233804487158e-06,7.088472386840294e-08,4.265806410330697e-07,3.2678850736544973e-09
window-946f440e839395d29886,366_39378_76721,sandwich,sandwich,0.9894311428070068,True,3.788032472584746e-06,1.8514036128181033e-05,7.491104980772434e-08,1.848887265509802e-09,2.1113990442245267e-05,1.1291593182249926e-05,0.007893041707575321,0.000498660490848124,5.586644924449047e-09,3.1103334094950696e-06,4.328575960244052e-05,0.000404742342652753,7.492361930871994e-08,6.639498678850941e-06,2.4403033194175805e-07,1.2727447028737515e-05,5.066474670356591e-11,7.006357094496707e-08,0.9894311428070068,3.974894371983062e-11,0.001603002892807126,2.2652866249472936e-09,4.5716868044110015e-05,2.439960098854499e-06,1.9569343123748695e-07,1.6788144208135236e-08
window-e2e9bcc6809a2e4a2ee8,407_55217_107125,sandwich,sandwich,0.9874078035354614,True,4.5786219260435246e-09,7.623838449433151e-09,1.4892651998762996e-12,1.8824634651082306e-07,6.9189542983849606e-09,7.77969333398687e-09,0.004157670773565769,2.4148485988639834e-10,2.7121902235194284e-07,2.3181110009318218e-06,1.5449584944704498e-09,0.006991120055317879,7.446060434901369e-11,1.2501579771395654e-09,4.878614845438278e-07,5.162774721623187e-11,1.166795479679017e-11,3.1767984182806686e-05,0.9874078035354614,3.7195346629104176e-12,5.6309370847884566e-05,5.000756004847062e-07,0.0008211241802200675,0.0005241772742010653,6.303262580331648e-06,5.717058423893029e-11
window-06ffc06b405d38e8bef3,407_55217_107125,sandwich,sandwich,0.9992660880088806,True,7.618874064974079e-07,1.064477146428544e-06,4.006793161148714e-11,2.741104253800586e-06,1.2337026511488602e-08,4.9127995005449066e-09,0.00026458161300979555,2.5920565249748506e-08,1.0358550639466557e-07,3.067606826334668e-07,9.912177034721026e-08,0.00016606970166321844,5.836628402811073e-10,1.646081670969579e-08,3.8844490291012335e-08,1.0208234951791795e-10,2.687819411484327e-10,4.217422883812105e-06,0.9992660880088806,2.5964304491143952e-12,4.66575802420266e-05,1.984808619681644e-07,0.00021802258561365306,2.291996861458756e-05,5.936610705248313e-06,6.566542309904833e-10
window-4a0c81676d353f874029,407_55217_107125,sandwich,sandwich,0.9992895126342773,True,7.01629261357084e-08,1.0486294286238262e-06,1.0374749670472028e-11,2.1654987847341545e-07,8.922269589817233e-10,3.104481560711747e-09,0.0001313078828388825,1.9254522420908415e-09,1.0487172907858167e-08,5.767365109932143e-07,5.450572437837309e-09,4.5900262193754315e-05,4.2895971497092233e-11,9.498907438398874e-09,4.1290579844144304e-08,4.749145087606932e-12,3.922662542010791e-11,2.232632141385693e-06,0.9992895126342773,4.79832861811913e-13,7.062726217554882e-05,2.3611640642684506e-07,1.8652943253982812e-05,1.093656464945525e-06,0.00043837830889970064,3.981457524782073e-11
window-e1d31ca04837c8d3161e,407_55217_107125,sandwich,sandwich,0.9976485371589661,True,1.4233567071642028e-06,2.6781242468132405e-07,3.5082353688764556e-11,3.347408039644506e-08,1.1439430380733029e-07,2.647411534439925e-08,0.0014565696474164724,5.263156577228756e-09,1.4168681339299383e-08,4.955012400387204e-07,2.6369809802417876e-07,0.000669006141833961,4.274282705551968e-09,1.6613840303492111e-09,7.818438341189449e-09,2.083388184193069e-10,2.6809515718539956e-10,7.086280675139278e-06,0.9976485371589661,2.646648959020448e-12,0.00013320367725100368,1.6024152955651516e-06,5.681703260052018e-05,2.3975642761797644e-05,6.358546329465753e-07,4.026108873372847e-12
window-c7640d03c742cc8aac45,434_61676_121244,sandwich,toyplane,0.6923501491546631,False,0.0008211928652599454,0.0001417786697857082,0.06282144784927368,4.657865429180674e-05,0.06416383385658264,0.033991824835538864,0.007834304124116898,0.014880695380270481,1.4870844097458757e-05,0.0020032753236591816,0.0004120263911318034,0.0009222807711921632,3.736595999725978e-06,0.00286748050712049,0.03540884330868721,0.03428557887673378,0.0005461477558128536,0.00010581036622170359,0.0049383980222046375,4.185920624877326e-05,4.506131517700851e-05,5.4506177349367135e-08,0.6923501491546631,0.039094094187021255,0.0021271579898893833,0.00013147207209840417
window-d8c4ae9f70782693fd3e,592_89292_179219,sandwich,sandwich,0.9998345375061035,True,1.244594614036032e-07,3.049741126304184e-09,7.071778058975742e-12,3.4580986078142084e-12,4.596133294398896e-06,9.018998221865804e-12,0.00011175349209224805,3.995980659965426e-05,2.1688141560449736e-10,2.6226677080076755e-11,2.6746329240268096e-07,1.0219207524642115e-06,8.790748619487421e-13,4.957910277880728e-07,1.766190571572679e-08,5.636415068011047e-08,9.70175698268962e-15,1.824245268733371e-11,0.9998345375061035,9.570720951868061e-13,6.349127488647355e-06,6.411815522966435e-13,6.944678148101957e-07,3.3574565350136254e-08,5.028757358443992e-13,3.7184918438031196e-16
window-72535c9bce53a60a175a,421_58416_112563,stopsign,stopsign,0.9982983469963074,True,2.0559123292684944e-09,2.7364872590140976e-09,5.200123665005663e-10,8.856175237603736e-10,2.468613646833262e-10,1.651655201495572e-11,1.5566264943700503e-10,5.003335528004638e-13,8.509322135807906e-09,6.012084696749298e-08,3.878241616739331e-10,1.161618135014919e-09,0.00038806063821539283,4.057952537550591e-06,1.0321447472746992e-12,4.600356554029794e-13,0.0013091614237055182,4.847635892701874e-08,2.188255826540697e-10,0.9982983469963074,8.385033778424145e-10,1.4062719088173137e-12,4.248088547598172e-10,8.118486438668526e-10,4.2993630877674605e-09,1.7710249267111067e-07
window-d2a72175ff2abd78a1c9,421_58416_112563,stopsign,stopsign,0.9938347339630127,True,3.1914311193759204e-09,1.8523692801863945e-08,1.2083643241567188e-07,5.70412453271274e-07,5.214749743132074e-10,7.009992586404223e-09,1.7899053073033855e-10,7.987534939024599e-11,4.8377578423242085e-06,2.4479368221363984e-06,7.467840390518177e-08,3.03966309900261e-08,0.0018167555099353194,9.663675155024976e-05,1.4698765208459585e-12,2.613080108196386e-13,0.004037103615701199,0.00020544927974697202,1.1738984229126004e-09,0.9938347339630127,1.0686668217019246e-10,5.558098469318762e-13,8.794680539381261e-09,8.379786642365161e-09,1.2065133887517732e-06,5.782951717492324e-08
window-5d8d6852124158444686,421_58416_112563,stopsign,stopsign,0.9995768666267395,True,1.8121598666098748e-10,6.136167129966452e-10,1.1425176776880264e-11,1.8326514750199863e-09,1.9318897610115515e-12,5.449984907812677e-10,6.491197336588872e-12,2.6282566685628846e-14,1.3087512407139457e-08,2.4903565432055075e-08,2.5693891458899998e-12,3.4375752244741875e-11,0.00012777955271303654,4.0875569595755223e-08,1.0923939339975192e-15,2.167732859602073e-15,0.0002949375775642693,1.9196832568013633e-07,1.5025475655350284e-11,0.9995768666267395,5.583306711930136e-13,1.5821644777259535e-15,6.808733576946224e-10,2.204421784002264e-10,2.7463581409037374e-10,9.285734847708227e-08
window-a4de84f13ddea70902de,613_98287_196294,stopsign,stopsign,0.8893380165100098,True,2.4927961931098253e-05,3.9618245750716596e-07,0.000104246981209144,2.441687320242636e-05,0.00019663275452330709,1.581227238034444e-08,0.0006433667149394751,9.0530318175297e-07,0.00026676765992306173,9.110228234021633e-07,1.9411063476582058e-05,3.68499036085268e-06,0.06395353376865387,0.04152163118124008,1.711877303023357e-05,2.0253439288353547e-05,8.312636964546982e-06,3.094468775088899e-05,7.758477295283228e-06,0.8893380165100098,0.0035835413727909327,4.5032285811430484e-07,4.761862874147482e-05,0.00017612468218430877,9.033028618432581e-06,4.796619990088402e-09
window-615c77fd377696936342,613_98287_196294,stopsign,stopsign,0.9902487397193909,True,4.843713554691931e-07,5.699247296320209e-08,3.7286044971551746e-06,1.0073142675537383e-06,9.872707596514374e-05,3.2379492420631095e-09,0.0005736300372518599,3.7302707589503825e-09,0.0002725983504205942,5.746643182646949e-06,2.4609352067272994e-07,4.2703044300651527e-07,0.003784729400649667,6.71817033435218e-05,2.3678165234741755e-05,2.7908555466638063e-09,2.498439471310121e-06,0.00044866956886835396,1.7967424810194643e-06,0.9902487397193909,0.00323114194907248,4.957758847012883e-06,4.463702225621091e-07,0.001229585031978786,7.063844648103057e-11,2.0637163089531896e-09
window-3897c683fed58aa2e86a,613_98287_196294,stopsign,stopsign,0.8759998679161072,True,6.72848618705757e-05,1.3949014828540385e-05,0.00011323659418849275,0.000530633085872978,0.0037136089522391558,1.0813840845003142e-06,0.0008997198892757297,2.557459595209366e-07,0.006425413768738508,0.0006457652780227363,4.990267916582525e-05,2.404911174380686e-05,0.00876555498689413,0.0006281413370743394,0.04198784381151199,4.765451649291208e-06,0.00019689666805788875,0.0006058785947971046,0.00026827483088709414,0.8759998679161072,0.05261059105396271,0.0019192697945982218,3.0145709388307296e-05,0.00449759978801012,2.7885405984307e-07,4.464946457005681e-08
window-41a21ec63a96f2697505,613_98287_196294,stopsign,stopsign,0.6925285458564758,True,0.0002277618768857792,1.2825854355469346e-05,0.00017764183576218784,5.050620166002773e-05,0.002082205144688487,4.1403583850296855e-07,3.0736304324818775e-05,3.473213610050152e-07,0.0015002925647422671,0.0003975595463998616,0.0005119792185723782,0.00013197293446864933,0.09406746178865433,0.0005429317825473845,0.007805392611771822,4.163792618783191e-05,4.571230601868592e-05,0.00022517280012834817,0.00014032257604412735,0.6925285458564758,0.1936902105808258,0.00484870420768857,1.953192986547947e-05,0.0009185030357912183,1.649438218009891e-06,3.315205177045755e-08
window-61b096a51185c5d56d72,491_70260_136776,stopsign,stopsign,0.9837030172348022,True,2.6677687836595965e-10,7.486068625439657e-06,1.4513471313648552e-08,6.772132223886729e-07,0.0023909304291009903,2.5290892153861932e-05,8.16127374014819e-11,5.23296195872186e-13,0.00036977604031562805,2.892847703606094e-07,2.821447196765803e-06,2.7655957524075347e-08,1.3812546058034059e-05,0.0115613779053092,0.0002858257794287056,1.0548961704159865e-08,0.001629014266654849,6.078969931877509e-07,1.0402935179953943e-09,0.9837030172348022,7.854593064848814e-08,1.5491750673390925e-06,3.204470431228401e-07,8.960073500929866e-07,6.116597432992421e-06,1.5681433040981574e-08
window-9210a1ae84d93e66cf51,605_94657_188742,stopsign,stopsign,0.9810194373130798,True,8.02253229126304e-12,2.375233094653595e-07,3.2293321794441e-08,3.6168239603284746e-07,0.002130565233528614,2.7532409148989245e-05,1.1061485755137213e-10,9.090849546668917e-14,0.0011778885964304209,4.801374853258267e-09,9.917112947732676e-06,1.4611902798833398e-08,5.2341991249704733e-05,0.015241637825965881,0.00013364032201934606,1.5719368917643806e-08,0.0001855288282968104,7.888761501817498e-06,1.498775686892273e-10,0.9810194373130798,8.880159940716226e-10,1.4353115318499476e-07,3.3124181300081545e-06,6.310136058118587e-08,9.394367225468159e-06,3.427537009770276e-08
window-479f2b4678e63295d917,558_80581_158315,teddybear,teddybear,0.999371349811554,True,1.3735855786123352e-09,5.9530481877345665e-08,6.349022196872056e-09,4.408620135620822e-10,1.0123246241278139e-08,2.1282888645890452e-11,4.5541210056398995e-06,5.526907898456557e-06,4.212996600472252e-07,4.2408043743336066e-10,7.131839823565356e-12,0.0005647955695167184,3.5789128105534473e-08,2.5225455502209115e-08,8.8852251944882e-11,5.1359239777726273e-11,3.359894307219946e-10,6.519602635535193e-08,6.953582669666503e-06,6.743849744725349e-15,0.999371349811554,2.9374029875128826e-09,4.2104340536752716e-05,4.158601768722292e-06,2.753892891504961e-09,3.41085530071187e-16
window-f1d1a0430cab269e4cf1,558_80581_158315,teddybear,teddybear,0.9976853132247925,True,7.4562749432516284e-06,0.00023057790531311184,7.160525061777889e-09,7.02425586496247e-06,5.316269948707486e-07,5.393251470420246e-11,0.0007466870592907071,0.0004809789825230837,2.7723717721528374e-07,4.320176216765503e-09,1.199134374019195e-07,6.532242696266621e-05,1.5645015594145661e-07,1.5134196473809425e-07,5.373908540384775e-10,6.550049391762514e-08,2.1227846147553464e-09,6.113299377830117e-08,6.847162148915231e-05,3.6924451126893465e-13,0.9976853132247925,7.1778877286377e-10,0.0007020860794000328,4.6552572712244e-06,1.577946773245742e-09,1.4959596061903113e-10
window-5796eeca4e9a974fd6ba,558_80581_158315,teddybear,teddybear,0.9990789890289307,True,1.5643124129383068e-08,5.041701297159307e-05,1.540458760551644e-09,6.911600736181356e-10,1.9521456806614879e-07,1.2923028966382866e-11,1.993613068407285e-06,1.1391523912607227e-05,4.5290985895007907e-07,8.328213674246854e-09,1.1193526994190961e-08,5.9838464949280024e-05,1.3500477180627968e-08,1.4768468226122877e-08,2.134796332764477e-11,2.301366919255088e-08,3.786341628685824e-14,2.95996921417796e-10,1.5830163420105237e-06,4.705439969685931e-15,0.9990789890289307,5.323622098707403e-10,0.0007950127474032342,2.0102190134707598e-08,1.0698584379520426e-10,8.163652723660111e-14
window-2d515a566b57b78f9a45,558_80581_158315,teddybear,teddybear,0.9751102328300476,True,4.410104281760141e-07,3.4633202972145227e-07,4.5048292918181687e-07,2.203966120717382e-09,1.4048636387542501e-07,6.549819714374294e-11,2.717929965001531e-05,0.00031549789127893746,2.1886258139147685e-07,4.196250458221584e-08,5.958704196729059e-09,0.019091175869107246,6.541991979247541e-07,5.494858328347618e-07,8.991730277019272e-11,3.088990752075915e-08,1.0525208260503405e-08,1.7060175139249623e-07,0.00026651762891560793,6.068688303620395e-13,0.9751102328300476,1.9015094949281774e-05,0.0051597002893686295,7.550586815341376e-06,9.223175001515926e-10,1.0620445359743255e-13
window-8e7e40aa7de6bc6319b6,435_61906_121528,toilet,toilet,0.999998927116394,True,1.0550007778033614e-16,1.4581877372243923e-11,2.0360205965630485e-08,5.076008058324533e-09,3.3703218167702165e-12,6.403012842159939e-11,8.931178821676433e-13,9.859525544585997e-18,1.750058951921485e-11,7.161721736481663e-12,2.1819669335232383e-11,2.8359243122236255e-13,1.0013097122285597e-12,3.061746616330775e-14,1.0568056723059271e-06,2.621852171133532e-12,2.1914080392827616e-16,4.1439676126339697e-13,3.3413696072168153e-13,2.1844983944853142e-15,1.1549298843671618e-12,0.999998927116394,2.4172170968534074e-15,3.9409858709760215e-10,1.4555180384524455e-14,7.991214183290072e-20
window-31cefa545fe332361fa4,435_61906_121528,toilet,toilet,0.9999936819076538,True,5.589545934384996e-17,1.198664723034426e-09,1.9043728372025726e-08,6.46440323492925e-09,3.840955765249676e-12,9.000185485774637e-09,5.719501478332334e-13,1.1646501854421657e-16,1.164801033404217e-09,5.40623013023378e-09,1.945591465712937e-09,2.0122662217070264e-12,2.194420860301971e-12,3.540806767254358e-14,6.2812587202643044e-06,1.8494946785012345e-13,1.7416240151700715e-16,2.8449853150397386e-12,1.157145803872342e-13,4.677909387196917e-16,2.034200932699015e-12,0.9999936819076538,7.672195737333694e-15,2.234992413363557e-09,8.511031099724467e-14,2.757130500416078e-18
window-1cd01b80a7e59368e72b,435_61906_121528,toilet,toilet,0.9999068975448608,True,1.6490323290766417e-16,5.6514661006534794e-11,1.2346416111697067e-09,5.9919695871712975e-09,7.526600870333411e-13,5.31165955663937e-09,6.770753120492745e-13,2.402751023157029e-18,3.892173805475352e-10,8.017479458111154e-10,2.7980069372546268e-09,7.307146966499534e-13,9.741366106775715e-14,4.586999776187836e-15,9.305767889600247e-05,3.8220897800866904e-12,7.371754209733778e-16,2.385893132367256e-12,2.242042509493277e-14,1.3684694789026577e-14,1.7931508600015078e-13,0.9999068975448608,1.0316085415377693e-14,6.357911974674835e-10,3.813326065506273e-14,2.7917304314634056e-18
window-66833848b3d189b2a529,435_61906_121528,toilet,toilet,0.9999966621398926,True,1.7179545529617769e-15,2.4208844998097057e-11,1.3371346252455396e-09,1.4982796114892949e-09,4.561017796084199e-12,4.4302301410725775e-11,2.4567224339924754e-13,2.477581090091026e-18,1.2416691286265547e-10,4.061437818003721e-12,1.8909328963756522e-11,1.0361921417472233e-13,4.8875601001586045e-15,4.587426680793252e-16,3.3708486171235563e-06,3.640484441680414e-11,5.820611890184539e-17,3.5902646822313575e-14,8.904377106803366e-15,6.176826302196415e-16,4.937648055182431e-13,0.9999966621398926,2.0792723384808597e-15,4.5350372762653635e-12,3.046437004028922e-14,2.5021785399138606e-20
window-7de744cbb6e7605a8ff0,554_79591_157154,toilet,toilet,0.9971027970314026,True,7.59809782450348e-16,1.0358850444092127e-09,1.3498603038897272e-05,2.9485994673450477e-05,2.89887363245922e-13,5.4508371150063795e-09,0.00041203000000678003,4.783439633908554e-16,0.0007898510666564107,1.0517188897551932e-08,1.4979283438631974e-11,3.920562448911369e-06,8.17601453206862e-09,4.374541839879953e-10,0.0009574865107424557,3.987781892894615e-12,2.914194832171792e-14,6.94294755021474e-08,1.2429774542965788e-08,4.253976945006732e-12,0.0006344743305817246,0.9971027970314026,3.0110192117405177e-09,5.619410512736067e-05,4.477781345713083e-08,4.751019998423811e-14
window-5936f51f9cf0b2333dea,554_79591_157154,toilet,toilet,0.993528425693512,True,1.4806571345879618e-16,4.578646795039276e-09,1.9790218175330665e-06,4.1713235987117514e-05,1.4403538041093955e-12,2.748603300517516e-08,0.00017773095169104636,4.235106502756378e-16,0.0030161894392222166,4.4422611722438887e-07,8.610236655604009e-12,1.927095217979513e-05,3.702729856058795e-08,5.279062187391048e-10,0.002294370671734214,1.2220765848933168e-12,3.0726252298789516e-14,7.973867610644447e-08,1.1252996756638822e-08,4.655020726523906e-12,0.00043243233812972903,0.993528425693512,3.5863709779704323e-09,0.00048737984616309404,7.4379324921380885e-09,2.7669853170861347e-13
window-fdf578fbb6ecf54faa5c,554_79591_157154,toilet,toilet,0.9447367787361145,True,1.7845742448347433e-14,1.6663842927755468e-07,0.00016285768651869148,0.0004480780626181513,2.3336985122135445e-10,2.829494292200252e-07,0.0008971596253104508,1.909494047255822e-12,0.04791828989982605,2.614599452499533e-07,4.933424224695671e-10,0.0006526010110974312,3.7068639358039945e-07,5.1295998559908185e-09,0.0021179106552153826,1.6262184307502814e-11,7.893312197436442e-13,1.0539122740738094e-05,4.97062671911408e-07,1.341955799954997e-11,0.0021720437798649073,0.9447367787361145,4.2509839204285527e-08,0.0008818919886834919,1.53498120880613e-07,2.078639343983113e-12
window-2da1a1c3d1ce74d7ea61,554_79591_157154,toilet,toilet,0.9940258264541626,True,2.9986407695019606e-18,3.111512603126698e-09,1.3771426665698527e-06,2.0361526367196348e-06,7.343631453805843e-13,8.685897556759414e-10,8.107761459541507e-06,6.110504151821995e-16,0.005929454695433378,9.087441910082816e-10,2.6075872689400315e-13,5.320305831446603e-07,3.852858865283082e-10,2.8279312485474106e-12,1.179320224764524e-05,3.6754646093144216e-13,5.4322069439243295e-15,6.115332951139862e-08,2.9465922757321295e-11,3.1893178419409307e-13,5.382524705055403e-06,0.9940258264541626,3.426622541269353e-09,1.5307145076803863e-05,8.422756381243346e-10,1.063643937466649e-13
window-e1bbeb5d18be97abfc02,580_86025_168884,toilet,cake,0.8893950581550598,False,6.782999662391376e-06,0.00011917865776922554,0.000256547296885401,4.956834800395882e-06,0.00556426914408803,1.0749078683147673e-05,0.8893950581550598,3.6522314417197776e-07,6.039835511728597e-07,4.996562347514555e-05,0.03065292164683342,0.013585277833044529,6.321142336673802e-06,0.0009807255119085312,0.04913071542978287,0.00039640028262510896,0.0019958014599978924,4.521150003711227e-06,0.0007144734845496714,0.0031186984851956367,0.0017174620879814029,0.0013262155698612332,5.8189489209325984e-05,0.0008517676033079624,4.9687641876516864e-05,2.24857421926572e-06
window-2572914c25b8869c4782,377_43572_86795,toyplane,toyplane,0.9775539040565491,True,1.4062503396417014e-05,0.0003773101489059627,2.6087660444318317e-05,9.489783224125858e-06,0.0003319360548630357,1.932286330941224e-08,0.0017483920091763139,5.4116215324029326e-05,1.5253701235451445e-07,0.014969387091696262,1.221539037032926e-06,0.001136675593443215,6.330746060712045e-08,1.0217720955552068e-05,2.9075226848362945e-07,0.0014153807424008846,1.859055664965581e-08,7.3156238613591995e-06,0.0008458171505481005,1.580357650299291e-10,0.0007738078129477799,2.216601791005246e-09,0.9775539040565491,0.0006477236747741699,5.215713827055879e-05,2.445101381454151e-05
window-5d9d6ae77f5ffec61d53,377_43572_86795,toyplane,toyplane,0.9778620004653931,True,6.7317569119040854e-06,1.524923504803155e-06,1.9584187612053938e-05,6.556250582434586e-07,6.928294737917895e-07,4.058978930743251e-09,0.00028480737819336355,4.853249720326858e-06,1.5408306808240013e-07,0.0014590818900614977,1.011906824999187e-08,0.0011516778031364083,9.483932927878413e-08,2.466603746142937e-06,1.4713396012666635e-07,0.009797820821404457,1.259160109512436e-09,2.2811756934970617e-05,1.3212432349973824e-05,3.733375275594142e-10,0.004224653821438551,1.9213883262203524e-10,0.9778620004653931,0.003070398233830929,9.53425478655845e-06,0.0020671163219958544
window-74a26c664303a32301df,377_43572_86795,toyplane,toyplane,0.3822283446788788,True,0.0005079370457679033,0.003656878136098385,0.0001214274307130836,9.77736635832116e-05,1.5386453014798462e-05,1.668260551923595e-07,0.05182325467467308,0.00022138594067655504,4.447454102773918e-06,0.1524067521095276,1.086329484678572e-05,0.0003508295339997858,1.4270145811678958e-06,4.082009468220349e-07,9.841472092375625e-06,0.1828862577676773,1.974709107344097e-08,0.001338018337264657,0.004727627150714397,5.312263073875556e-09,0.03676772490143776,6.497037130515082e-09,0.3822283446788788,5.833378963870928e-05,0.0013360221637412906,0.18142881989479065
window-5f893c8b507218ffc30f,377_43572_86795,toyplane,toyplane,0.9500717520713806,True,8.771040484134573e-06,7.009124965406954e-05,2.4883129299269058e-06,4.050510597153334e-06,3.2738047593738884e-05,3.409923232666756e-09,0.011102263815701008,2.191639623561059e-06,1.9139378082400071e-07,0.006792858242988586,6.43063913230435e-09,0.00011360040662111714,8.925683800953266e-07,2.3140677285482525e-07,5.513426231118501e-07,0.0004932913579978049,8.33657676224675e-09,4.694296148954891e-05,5.2750157919945195e-05,3.396812431333274e-08,0.014148887246847153,3.138647675093864e-10,0.9500717520713806,0.016016919165849686,7.048045063129393e-06,0.001031452906318009
window-f67ba2917e523e50b777,405_54171_105570,toyplane,ball,0.6383637189865112,False,0.0005183308385312557,0.6383637189865112,0.003659516340121627,1.2066876706740004e-06,0.003078232053667307,2.010034805266514e-08,2.784281241474673e-05,0.008086583577096462,4.420484955858228e-08,0.00010850121907424182,0.0009998923633247614,0.00048590340884402394,3.822471171588404e-06,0.0010166268330067396,2.3103267210444756e-07,0.11875343322753906,5.73543002246879e-06,5.008693278796272e-06,9.889158536680043e-05,5.254602086779414e-09,0.1863684356212616,9.643545126891695e-07,0.03806920349597931,0.0003461713495198637,1.1841959803859936e-06,4.5781874291606073e-07
window-022e7e634502d343b39b,405_54171_105570,toyplane,toyplane,0.8920553922653198,True,3.6160431591270026e-06,0.002195427194237709,0.01383616216480732,0.00010221116826869547,0.001275855116546154,6.260394869173069e-09,0.00026402182993479073,0.01818118803203106,0.00015506631461903453,6.855346782685956e-06,2.446127291477751e-05,0.0001304059405811131,6.324092964860029e-07,0.05448751896619797,8.298949438767522e-08,0.012408257462084293,3.527342869347194e-06,3.822006419795798e-06,0.00023073941702023149,2.7385251399891786e-08,9.083699842449278e-05,8.977571610557789e-07,0.8920553922653198,0.004538504872471094,1.6829607147883507e-06,2.7246849185758037e-06
window-ae57245b31743478679e,405_54171_105570,toyplane,toyplane,0.528659462928772,True,0.0030980275478214025,0.1592129021883011,0.002769791055470705,0.0008258786983788013,0.0003257839707657695,6.569553647750581e-07,0.016266074031591415,0.22758403420448303,0.0001022286232910119,7.46422738302499e-05,3.603789446060546e-05,0.0004210302431602031,2.7076059268438257e-05,0.025282345712184906,2.9969824026920833e-06,0.020676473155617714,3.1469896839553257e-06,1.2249401152075734e-05,0.0005380313377827406,9.183223141917551e-07,0.0009144491050392389,7.273161827470176e-06,0.528659462928772,0.012914811260998249,7.158548396546394e-05,0.00017208384815603495
window-8e2f6f74a6fef722f2c3,405_54171_105570,toyplane,baseballbat,0.42810729146003723,False,0.0006532801198773086,0.20305803418159485,0.42810729146003723,0.0005937406094744802,0.00019439091556705534,2.3301158336153094e-08,0.00041946955025196075,0.22565750777721405,1.1412992080295226e-06,0.005256123375147581,2.1834590370417573e-05,3.3097514915425563e-06,5.973097358946688e-07,0.0017135153757408261,4.132920228272496e-09,0.044151388108730316,0.00011818785424111411,1.7291356925852597e-05,8.713931492820848e-06,6.22395006644183e-08,1.854915694821102e-06,1.1937892452351662e-07,0.07840830832719803,0.005131421145051718,1.1635745977400802e-05,0.006470823660492897
window-1d97804ba0f5bb87f0d1,414_56924_110362,toyplane,toyplane,0.8501482009887695,True,6.537339203305237e-08,0.0003641437797341496,1.5029134374344721e-05,0.00012413306103553623,0.00021469451894517988,1.01568868871027e-08,0.012162355706095695,5.051603579886432e-07,0.006034153047949076,0.005002803634852171,8.872099499512842e-09,0.006650777067989111,1.4183342500473373e-07,0.058448292315006256,0.0003502430918160826,0.00047165295109152794,3.8107053623726017e-10,0.0016344152390956879,0.0015190285630524158,9.67239338933723e-06,0.015492384321987629,5.437871004687622e-05,0.8501482009887695,0.0046410756185650826,3.2226387247646926e-06,0.036658480763435364
window-03a7033dc82da3c92459,414_56924_110362,toyplane,toyplane,0.5575425028800964,True,7.461997597602021e-08,0.0005953457439318299,0.0005024648271501064,0.0017415951006114483,0.0005666776560246944,6.610203495682754e-09,0.01826111041009426,0.00010655268124537542,0.004845777992159128,0.0001495554024586454,1.0221099273621803e-06,0.00741548603400588,2.375460468329038e-07,0.3559643030166626,0.003118686843663454,0.00013401509204413742,3.630609057836409e-08,2.617987775010988e-05,0.011665432713925838,7.51669067540206e-05,0.027606751769781113,4.5398501242743805e-06,0.5575425028800964,0.009312925860285759,1.4604240277549252e-05,0.00034893295378424227
window-d8a91e49142c173bba07,414_56924_110362,toyplane,toyplane,0.632941722869873,True,3.143969351526721e-08,2.0870636490144534e-06,0.00012237792543601245,6.476190901594236e-05,0.0001364971831208095,8.466270351448202e-09,0.03283543884754181,0.00020448311988729984,0.18375550210475922,3.3463344152551144e-05,5.030873495570631e-09,0.029125481843948364,3.039658480474827e-08,0.07826083153486252,0.00010581748938420787,0.00011887693835888058,5.055920127006175e-10,0.0008204535115510225,0.00039536567055620253,6.6114930632465985e-06,0.03937191516160965,1.0029563100033556e-06,0.632941722869873,0.0009565791697241366,4.740923031931743e-06,0.0007358451839536428
window-fa746bd0524db90fe773,414_56924_110362,toyplane,toyplane,0.9569457173347473,True,3.4487447919673286e-07,8.103410800686106e-05,3.301585138615337e-07,3.034268956980668e-06,1.092013371817302e-05,8.72051941769314e-09,0.005214225500822067,1.5295832156425604e-07,2.1884770831093192e-05,0.0029267207719385624,4.273670028975829e-10,1.7787036995287053e-05,1.3015767308388604e-07,1.6281188663924695e-06,9.305081221100409e-06,0.0001107378993765451,2.5491476662864443e-06,1.9682032871060073e-05,0.00021303212270140648,3.5921596253096766e-10,0.0010715897660702467,1.138150423685147e-06,0.9569457173347473,0.0333445742726326,4.98346196309285e-07,3.014540425283485e-06
window-f72796ee24cd8056a767,563_81055_159564,toyplane,toytruck,0.9581556916236877,False,3.375727465027012e-05,3.016044502146542e-06,3.994077815150376e-06,6.665804335170833e-07,4.27869672421366e-05,1.594422514017424e-07,7.204924622783437e-05,0.00018588134844321758,4.799909913977274e-10,8.913802957977168e-07,2.2901887859916314e-05,6.705411692564667e-07,2.6882682746531827e-09,2.1459820587210743e-09,1.0564132901791368e-10,0.0019360657315701246,1.1324076787389004e-08,2.344515678487369e-06,7.350561645580456e-05,9.155547847639056e-11,6.534657472911931e-07,4.695570321455733e-12,0.03943954408168793,0.9581556916236877,2.7596400720142356e-09,2.5296705643995665e-05
window-8d015bc5f63c41ab9278,563_81055_159564,toyplane,mouse,0.7021867632865906,False,0.04129480570554733,0.007923099212348461,0.0001399383181706071,6.089473390602507e-05,0.00011890747555298731,4.766934125655098e-06,0.022690538316965103,0.028223132714629173,2.270230794465533e-07,0.0008239630842581391,0.00041813700227066875,9.462950401939452e-05,9.027444036746601e-08,1.3546119816965074e-06,1.7682160091680998e-07,0.7021867632865906,3.9483836644649273e-07,4.931682997266762e-05,0.0004957992350682616,9.123288435830545e-08,0.00014706993533764035,3.6230709543616513e-09,0.08178181201219559,0.11198040843009949,7.0109431362652685e-06,0.0015566737856715918
window-581e6fc71503f048fea3,563_81055_159564,toyplane,mouse,0.7296932935714722,False,0.022660551592707634,0.0008886067080311477,1.1955587524425937e-06,0.0001257272670045495,0.0023066382855176926,1.946248175954679e-07,0.02252090349793434,0.001487891422584653,4.046201240726077e-08,0.00015805069415364414,4.730622094939463e-05,0.007810739800333977,1.6073139263994562e-08,4.0208806240116246e-07,5.420512039222558e-08,0.7296932935714722,1.0955605489471054e-07,6.729407323291525e-05,0.0002551698125898838,3.079887456181041e-10,0.0007917920593172312,2.9547062574408756e-09,0.04019962251186371,0.17087490856647491,5.942807845826792e-08,0.00010942799417534843
window-42c0eca1c3bf47c1d084,563_81055_159564,toyplane,toytruck,0.9860087037086487,False,0.0007113011670298874,1.9860855900333263e-05,0.00018418974650558084,7.423625447700033e-06,3.5298976399644744e-06,1.1911234309991414e-07,0.0006121592596173286,0.00020215458062011749,1.0954985529831873e-10,4.023695510113612e-06,2.041059997281991e-05,7.86422305054657e-08,1.0056264265756454e-08,3.3843285507373366e-08,5.675567127383374e-09,0.006068572402000427,7.2026828945581656e-09,6.565483658960147e-07,0.00014368754636961967,3.007785409625541e-10,2.054811432117276e-07,8.36204230858506e-11,0.005367916543036699,0.9860087037086487,5.507210403266072e-07,0.0006443200982175767
window-97845cd8d864c1a05d03,610_96544_193198,toyplane,toyplane,0.928138017654419,True,9.042913688972476e-07,1.6275987491098931e-06,0.00020097913511563092,7.631566489862962e-09,0.00014966884918976575,4.2931654758993076e-11,2.256957486679312e-06,0.023308230563998222,4.767996327620372e-12,8.866443579336192e-09,4.555819543838879e-08,1.744784299262392e-07,6.153673924591541e-12,2.3490085254707083e-07,4.1345026360883885e-12,0.0033104289323091507,3.1723133234878853e-12,6.181035284297254e-12,0.0006681143422611058,3.5361576947862128e-12,7.991794518602546e-06,1.4451612649624135e-13,0.928138017654419,0.04421145096421242,8.476652268996077e-09,3.5557820576848087e-10
window-65b2308abee1b32878a8,610_96544_193198,toyplane,toyplane,0.838296115398407,True,0.0003919600276276469,3.0826467991573736e-06,6.364029104588553e-05,1.0200503908208702e-07,1.3198274473325e-06,1.87257658268436e-08,3.084221305016399e-07,0.0009014611132442951,4.673583742231813e-10,6.782589480280876e-06,9.602401096486801e-10,1.6351387799318218e-08,6.947888042674322e-09,3.5923477526011993e-09,1.780025953024289e-11,2.932236839114921e-06,1.0572437370015564e-09,1.0450705758557888e-06,0.022794682532548904,4.07689888792806e-11,7.960690709296614e-05,1.8004098645968414e-12,0.838296115398407,0.1374436467885971,1.3811451982093104e-10,1.3273283911985345e-05
window-fc28e6c5bd183e69dd2c,610_96544_193198,toyplane,toytruck,0.5184016227722168,False,0.009472653269767761,0.02948066033422947,3.274550908827223e-05,5.35284198122099e-06,5.050144682172686e-05,7.67684105085209e-06,7.846837775105087e-07,0.0025551309809088707,1.299000107479742e-08,0.000397630559746176,3.952432052756194e-07,1.5102625638974132e-07,0.00016494355804752558,1.2533890370036715e-08,6.085811715683676e-11,7.814897253410891e-05,8.811694707233642e-10,0.030290987342596054,0.0003790089103858918,6.62799926054447e-10,0.0004223122668918222,1.2772843546726698e-11,0.40512895584106445,0.5184016227722168,2.2438992330897634e-10,0.003130369819700718
window-5c1e029e16f1306c0b5a,610_96544_193198,toyplane,toyplane,0.9971056580543518,True,1.8520927014265e-08,2.9341777896263466e-09,1.4544808436767198e-05,1.997237042417055e-09,2.419410236598196e-07,7.413819558266255e-12,4.714747259271235e-09,5.522123956325231e-06,1.9341230006464372e-10,7.523937739506437e-08,1.3936300030659154e-11,4.360068417419427e-10,2.5885438237338576e-09,7.407424118532902e-10,4.0276630771871047e-13,8.004089124824532e-08,3.753552156593454e-12,2.3213463009597035e-06,6.167358606035123e-06,1.7881930745172747e-12,1.2973429193152697e-06,1.6651767855216382e-13,0.9971056580543518,0.002864025067538023,1.2108113990605407e-11,6.46462368081302e-08
window-f6dd367978e7dc32f5e3,610_97151_194921,toyplane,chair,0.8891118168830872,False,1.8668384615949662e-09,3.0021903512533754e-05,0.03984421119093895,5.740927917941008e-06,3.1640802262700163e-06,9.627658982935827e-06,3.1234085327014327e-06,8.114951555171501e-08,0.8891118168830872,0.028215717524290085,0.002170936670154333,4.584506285709722e-08,0.00020675225823652,0.0007273242808878422,0.029932381585240364,4.276267191016814e-06,1.916865585371852e-06,0.0027772451285272837,8.833682841213886e-06,0.004085076041519642,6.274478801060468e-05,0.001607798389159143,5.387604687712155e-05,0.0011370345018804073,1.6416346060310616e-10,2.1523131010781071e-07
window-4d9b38cd3c5115516010,610_97151_194921,toyplane,chair,0.49507877230644226,False,1.0590902377316525e-07,8.975153468782082e-05,0.2030019909143448,2.051747651421465e-05,6.489329825853929e-05,0.00016857495938893408,4.5491824494092725e-06,1.918781862286778e-07,0.49507877230644226,0.14152924716472626,0.010252352803945541,3.2133857530425303e-07,0.0007881897618062794,0.0006264080293476582,0.10922032594680786,4.041732245241292e-05,2.1481982912519015e-05,0.008671608753502369,0.00032497933716513216,0.002233874285593629,0.00028276772354729474,0.006362183019518852,0.00016400939784944057,0.02105235867202282,4.817520271593878e-10,1.0560484042798635e-07
window-210425fc059ae25ab208,610_97151_194921,toyplane,chair,0.3969462215900421,False,7.342180765590456e-07,0.00019619578961282969,0.23684751987457275,1.634733416722156e-05,6.706370913889259e-05,5.9042013162979856e-05,2.181184299843153e-07,1.399006464453123e-06,0.3969462215900421,0.05402892827987671,0.028506452217698097,1.1873694916175737e-07,0.00019396468997001648,0.00899568758904934,0.10255274176597595,0.0010669066105037928,2.437810280753183e-06,0.0014413181925192475,0.0007373772677965462,2.375104850216303e-05,9.978502203011885e-05,0.1618880331516266,0.0013296095421537757,0.004997968673706055,2.1988520726434757e-10,1.105272318113748e-07
window-9363577b4b2797dc69b4,610_97151_194921,toyplane,microwave,0.504450798034668,False,2.177866953445573e-08,8.097505633486435e-05,0.015319457277655602,3.0939509088057093e-06,9.718809451442212e-06,3.984863360528834e-05,4.421579191671299e-08,1.68148464041451e-08,0.22187693417072296,0.004572596400976181,0.012087246403098106,1.3523400355097692e-07,0.00013737328117713332,0.005781973712146282,0.504450798034668,0.0002159950672648847,4.0036388782027643e-07,5.308281834004447e-05,3.472434400464408e-06,6.746654253220186e-05,4.202385389362462e-05,0.2345348596572876,0.0004317309067118913,0.00029074432677589357,4.746763870855375e-09,9.1883411990068e-10
window-fa27113929cb9eb93eb3,392_47497_94469,toyplane,cake,0.5207004547119141,False,1.0695654054870829e-05,1.0128894246008713e-05,7.304382961592637e-06,0.00011189538054168224,3.858238869725028e-06,6.892279635906107e-09,0.5207004547119141,0.005038083530962467,8.792687367531471e-06,0.00017250128439627588,2.934807298515807e-06,0.0003313201304990798,7.765055265451792e-10,0.008852058090269566,2.9770405944873346e-06,6.24692693236284e-05,2.026860762560645e-10,3.242481398046948e-06,0.0054788365960121155,2.434673122830855e-11,0.0719200149178505,2.983473190720787e-11,0.38226327300071716,0.004914429970085621,0.00010435985313961282,3.759986384466174e-07
window-98fa7da3995ff426d3c6,392_47497_94469,toyplane,toytruck,0.7070564031600952,False,2.0925024273310555e-06,1.8588433476907085e-06,2.6904379410552792e-05,4.8991587391356006e-05,0.00017054421186912805,1.0002201378256359e-07,0.2165706753730774,0.02827395498752594,2.8406595902197296e-06,0.0011102980934083462,2.7211305209107195e-08,0.0017941814148798585,4.484988824771108e-09,0.003606795333325863,4.5065016820444725e-06,1.7674368791631423e-05,4.2355678964156596e-09,3.409773171370034e-06,0.0005116533720865846,8.623968900112189e-11,0.002161432057619095,5.476973388707229e-11,0.03861166164278984,0.7070564031600952,1.4884551546856528e-06,2.237639819213655e-05
window-7d77e0e236ade545cdc0,392_47497_94469,toyplane,carrot,0.41327589750289917,False,6.292993020906579e-06,5.0938229833263904e-05,0.0003558485477697104,0.00530087947845459,0.000797912129200995,1.784604108934218e-07,0.12892000377178192,0.41327589750289917,4.947049546899507e-06,0.00030361211975105107,1.8842088138626423e-06,0.0014053616905584931,3.1378897258349525e-09,0.04806597903370857,4.020645974378567e-06,0.0034512155689299107,1.3014479272044355e-08,1.4979146953919553e-06,0.002931333379819989,3.821428590233822e-11,0.0035696702543646097,5.355431098585939e-10,0.13130398094654083,0.2601540684700012,9.239657083526254e-05,2.0595757632690948e-06
window-949fe00ef3dac57e0b96,392_47497_94469,toyplane,toytruck,0.8318420648574829,False,1.214595977216959e-05,3.052956571991672e-06,6.849638793937629e-06,6.600763299502432e-05,3.181963984388858e-05,4.915038154251761e-09,0.01882055029273033,0.06796413660049438,1.191673277389782e-06,8.421773964073509e-05,1.159257976723893e-06,0.00040050336974672973,1.8853706151844563e-08,0.001988897332921624,8.128490094350127e-07,8.210835221689194e-05,1.8376308807965813e-10,2.602500046577916e-07,0.00024150667013600469,1.3661244357976443e-10,0.01812349632382393,5.430638230774498e-11,0.060327377170324326,0.8318420648574829,3.526556042743323e-07,1.5496350442845142e-06
window-2172edd3065dfee25f7d,540_78942_152953,toyplane,baseballbat,0.5769090056419373,False,0.02687382884323597,0.0015894012758508325,0.5769090056419373,2.0895301986456616e-06,2.1329460864194516e-08,2.422381406574914e-08,0.0005623929901048541,0.2585934102535248,1.0886945744914556e-07,3.371922502992675e-05,0.01170732919126749,3.287892832304351e-05,3.501666299143835e-07,0.005027397070080042,1.7360842763380901e-09,0.0961444079875946,4.381750386528438e-06,0.016673605889081955,3.2655605082254624e-06,1.794420584344536e-10,2.2635727873421274e-05,6.4909642105703824e-09,0.0038557806983590126,6.861643669253681e-06,5.234652780927718e-05,0.0019046531524509192
window-d78186365a20c984c672,386_46250_92251,toytruck,toytruck,0.9538570642471313,True,1.0997809113177937e-05,1.8012606233241968e-05,4.503136733546853e-05,0.006115936674177647,0.0004650228365790099,6.5974422795989085e-06,0.0014716555597260594,6.037966159055941e-05,0.006050252355635166,0.0020025225821882486,8.059746505750809e-06,0.0006917628925293684,3.206190513083129e-06,1.2409020200720988e-05,0.01591070555150509,4.727327905129641e-05,1.0358700137658161e-06,5.139473432791419e-05,0.003941905219107866,1.9557168329242813e-08,0.001025540754199028,4.922271546092816e-05,0.008153652772307396,0.9538570642471313,2.0854255922131415e-07,1.171709129721421e-07
window-5c69b75f9bfc5dfd4b79,386_46250_92251,toytruck,toytruck,0.6499443650245667,True,6.908943817052204e-08,1.4242993984225905e-06,6.001833753543906e-06,0.0026879608631134033,7.925474164949264e-06,2.290428966489344e-07,0.0004509752325247973,2.1102934510963678e-07,0.000143111014040187,0.0012357287341728806,1.9998081768335396e-07,3.300414027762599e-05,1.2886150813073982e-08,3.4685992744698524e-08,0.3451698124408722,1.0036256981038605e-07,2.988154221839068e-07,1.2007640179945156e-06,0.00010637145169312134,2.5390479649334274e-11,1.8616794477566145e-05,2.1218963865976548e-06,0.00018975534476339817,0.6499443650245667,3.83618186106105e-07,4.181045787365889e-10
window-d1a11101fa3a7b106a86,386_46250_92251,toytruck,toytruck,0.9848794341087341,True,4.2721615045593353e-07,5.127017175254878e-06,4.849611650570296e-05,0.001999290194362402,4.2963000623785774e-07,5.336470394468051e-07,0.005029091611504555,3.7389108342722466e-07,2.1494095562957227e-05,0.004371944814920425,3.3026892651832895e-06,3.637238114606589e-05,2.4520213628420606e-05,2.364362899243133e-06,0.0009795676451176405,1.2519179790615453e-06,1.400243036187021e-06,3.215789547539316e-05,0.00135471869725734,1.3404866106014879e-09,0.00012831804633606225,0.00036614961572922766,0.000712015142198652,0.9848794341087341,6.19339004970243e-07,5.25166228726448e-07
window-57cb602480c6861faa6a,386_46250_92251,toytruck,toytruck,0.8520551323890686,True,7.346024631260661e-06,0.00025997526245191693,0.0017800224013626575,0.025258105248212814,7.170768367359415e-05,3.705952735799656e-07,0.0018421352142468095,0.0010747616179287434,0.00016353301180060953,0.04561934992671013,2.315347046533134e-05,0.00033592068939469755,1.6210145986406133e-05,0.0009398311958648264,0.04485849291086197,2.0751234842464328e-05,2.824822695401963e-05,2.390908957750071e-05,0.0013016167795285583,4.0400590251010726e-07,0.00029531854670494795,0.00012760682147927582,0.023888345807790756,0.8520551323890686,7.500183528463822e-06,3.1328255545304273e-07
window-f270029af6e0be7199ce,403_53193_103795,toytruck,teddybear,0.7227421402931213,False,2.893440796469804e-05,0.015642927959561348,2.0190014993204386e-07,1.3465460142469965e-06,1.5109600326468353e-07,8.398417516986001e-10,0.006763966754078865,4.711726069217548e-05,1.1719373560481472e-06,0.0005726383533328772,5.315703788255632e-07,5.907822560402565e-05,0.0005998017149977386,7.059963536448777e-05,3.3891570438981944e-08,2.987544212373905e-05,2.1475972289408674e-07,0.0014008202124387026,1.1925960734515684e-06,1.421148532187999e-08,0.7227421402931213,1.0612110656893492e-07,0.011293023824691772,0.24056655168533325,0.00017591087089385837,1.5833344377824687e-06
window-b553c5d75b0b197853e2,403_53193_103795,toytruck,toytruck,0.9948344230651855,True,4.3212455125285487e-07,0.0009210880380123854,3.1957809731864018e-09,5.4568128689425066e-05,2.7670832292159275e-10,4.023096300542761e-10,0.00020851538283750415,1.8254802398587344e-06,1.4578245099983178e-07,1.5655246897949837e-05,2.8130986429175664e-10,1.9554972823243588e-05,3.44043000950478e-05,3.4621184568095487e-06,1.045844086888792e-07,4.0664747302798787e-07,6.568908972326426e-09,1.4093115169089288e-05,7.860248985025464e-08,1.0461642663273096e-09,0.0035569369792938232,6.276910657909696e-10,0.00033156591234728694,0.9948344230651855,1.90364869467885e-06,8.556107218282705e-07
window-57586ad4c83f0eb8e946,573_83719_165724,toytruck,toyplane,0.8983133435249329,False,0.00015126810467336327,0.0010393704287707806,0.09273014217615128,9.333410707768053e-05,1.118818886425288e-06,8.523746153343836e-10,5.617933140911191e-08,0.0019722317811101675,6.40469366430807e-08,8.969281043391675e-05,6.973017298150808e-05,0.00016488178516738117,0.00037415121914818883,3.430264041526243e-05,1.2715858247247525e-05,0.0005227638757787645,8.388452954477543e-08,6.549736308869569e-09,1.2126939509471413e-05,6.114496686748794e-10,5.904477438889444e-05,2.5069604816962965e-05,0.8983133435249329,0.004334503319114447,1.0601984845592938e-09,9.333631784125274e-11
window-8b414f33a9e850218b7b,573_83719_165724,toytruck,toytruck,0.6030125617980957,True,9.048572735537164e-08,0.0003795019874814898,0.00020618729467969388,0.006234894506633282,1.7376598407281563e-05,1.1382219611277833e-07,0.0019752117805182934,3.447561084612971e-06,6.795504305046052e-05,0.0005160371074452996,0.00026626134058460593,0.004696093499660492,0.00011259934399276972,1.132395482272841e-06,0.0038657705299556255,6.948137979634339e-06,1.171133079402864e-09,3.043614015041385e-06,0.018794629722833633,2.748227780102752e-05,9.808649338083342e-05,4.0409897337667644e-05,0.35967403650283813,0.6030125617980957,5.950057779813278e-09,8.073662627339218e-09
window-02caae0df423b165e26c,573_83719_165724,toytruck,toytruck,0.5743393898010254,True,2.8521968488348648e-05,0.00436373008415103,0.0740654319524765,5.951558705419302e-06,7.4681101978057995e-06,8.997755571726884e-07,0.0002747719408944249,0.0001762446336215362,1.3960931937617715e-05,0.000515432097017765,0.0019296141108497977,0.009807270020246506,2.0330749975983053e-05,8.273522689705715e-05,1.8246486433781683e-05,0.00018925807671621442,3.0487323776640096e-10,1.003814190880803e-06,0.08611135184764862,3.26518738802406e-06,0.0013656920054927468,4.977690878149588e-06,0.246674582362175,0.5743393898010254,7.571220983493276e-09,1.692053941404481e-09
window-e80c1eb4848f570cd923,573_83719_165724,toytruck,toytruck,0.6425202488899231,True,1.1411577361286618e-05,7.632691995240748e-05,0.009952116757631302,0.00019405259808991104,3.0226759918150492e-05,1.1444244663039171e-08,2.801484242809238e-06,0.0006648118142038584,2.7046812078879157e-07,3.19574392051436e-05,3.6937437926098937e-06,1.3177415894460864e-05,3.676909045680077e-06,2.1978273423428618e-07,3.4207971566502238e-06,3.157440369250253e-05,1.2583094566309683e-09,3.261926728725939e-09,0.0008967939647845924,5.0714053401179626e-08,5.439195319922874e-06,8.411031160449056e-08,0.34555765986442566,0.6425202488899231,8.376713767077604e-10,3.0799180983365204e-09
window-d554bcac3f55cd10d728,339_35091_63095,umbrella,chair,0.5125895738601685,False,1.3547186426876578e-05,1.6803492144390475e-06,0.04940670356154442,0.03332901746034622,0.0009166035451926291,0.0006190765416249633,0.00015184209041763097,1.7869662087832694e-06,0.5125895738601685,0.01428887527436018,0.0002832241007126868,0.08561712503433228,9.320177923655137e-05,0.00041329493978992105,5.204277840675786e-05,0.06704782694578171,8.399891521548852e-05,0.0009454286773689091,0.004571685567498207,0.00015181022172328085,0.0008595252875238657,0.00041237857658416033,0.0003012684755958617,0.006916686426848173,0.22074873745441437,0.0001829854300012812
window-b288be33e9c12487f75a,339_35091_63095,umbrella,umbrella,0.9107664227485657,True,9.276136525571133e-10,4.824316420126706e-06,0.038765810430049896,0.010464693419635296,0.00012877910921815783,6.668889795946598e-07,1.103237082134001e-05,1.329541987615812e-06,0.00023763484205119312,2.490086444595363e-05,2.395991259618313e-06,0.03628021106123924,3.2024363161298197e-09,0.00020066833531018347,4.514772808761336e-05,3.645193646661937e-05,1.143374788625806e-06,1.2369114301691297e-06,6.025480615790002e-06,8.596488854095696e-09,0.0006183304940350354,1.5233936778713542e-07,0.0004660200502257794,0.0019229791359975934,0.9107664227485657,1.3088264495308977e-05
window-79dbeebe1670f79a4a4b,339_35091_63095,umbrella,umbrella,0.7747017741203308,True,2.0996406391304845e-08,0.0012575759319588542,0.007919278927147388,0.08675162494182587,0.0014000283554196358,3.0347501933647436e-07,7.879346952677224e-09,2.8308872060733847e-05,0.000338730780640617,7.786184141878039e-05,9.524741244604229e-07,0.0982331931591034,0.000452696462161839,0.0015020497376099229,1.9009800098501728e-06,1.0104953616973944e-05,2.057192068605218e-05,0.0003171333810314536,1.8153218661609571e-07,1.0569408914307132e-05,1.7928643501363695e-05,5.837560834720534e-08,0.026378631591796875,0.0005778025952167809,0.7747017741203308,6.794630849071837e-07
window-039f41ad94e5ade1de1d,339_35091_63095,umbrella,umbrella,0.6923044919967651,True,2.5443718186579645e-05,2.8566875698743388e-05,0.008898032829165459,0.07114527374505997,0.001693428959697485,2.1991685571265407e-05,0.0003453384560998529,6.071664415685518e-07,0.002214063424617052,0.0013024586951360106,0.0002729679981712252,0.0016834152629598975,0.0028928678948432207,0.01080587413161993,0.0009100833558477461,0.006342705804854631,0.00013048997789155692,0.1634463220834732,0.014795780181884766,0.008800618350505829,0.00025336098042316735,1.9429981534813123e-07,0.0032558252569288015,0.003813047194853425,0.6923044919967651,0.004616815596818924
window-aac321e42a4de0ca1aa8,137_15756_31094,wineglass,wineglass,0.5997249484062195,True,1.884891389636323e-05,0.017046935856342316,2.929180936916964e-06,0.2044767439365387,7.278069460880943e-06,4.435986227235844e-07,0.0003857739793602377,6.304654561972711e-06,5.247021545073949e-05,0.17692448198795319,2.3878976662672358e-06,9.176690696222067e-08,0.00010945873509626836,2.510080321371788e-07,2.287667666678317e-05,2.098742157841116e-08,5.987558779452229e-06,0.0007741409353911877,6.199322228894744e-07,3.2516112696612254e-05,0.00018275903130415827,2.1026968610726726e-08,0.0001864022051449865,3.442265369812958e-05,9.699142538011074e-07,0.5997249484062195
window-d9c945c533508f1d3feb,137_15756_31094,wineglass,wineglass,0.8542390465736389,True,8.08815675554797e-05,0.0028069247491657734,1.2138971214881167e-06,0.006237753666937351,3.368618126842193e-05,3.4493427847337443e-06,0.008769023232161999,0.001274063135497272,0.004734326153993607,0.11247172206640244,2.3667857007581006e-08,4.865696041633782e-07,4.232249011693057e-06,1.4368636129802326e-06,0.0005455712089315057,2.7339267489878694e-06,1.0573656794576891e-07,0.000691805558744818,1.450018203286163e-06,2.4225950255640782e-05,0.00019964388047810644,4.228466021771737e-09,0.007784903049468994,6.11280047451146e-05,3.0151608370942995e-05,0.8542390465736389
window-06dfd8011cb5e4e4d729,137_15756_31094,wineglass,bench,0.8007853627204895,False,1.6613761033568153e-08,0.00043324800208210945,0.0010008207755163312,0.8007853627204895,7.867557542340364e-06,1.3234028095610029e-08,1.8662074580788612e-05,0.012061967514455318,0.0018671973375603557,0.13445378839969635,7.13816117325905e-09,2.5561373604432447e-06,1.6541417835469474e-06,1.2697165402641986e-05,0.0016713021323084831,6.382130379734008e-08,1.938445421956203e-07,1.947171540450654e-06,9.110060545935994e-07,1.9853971025440842e-05,7.344876394199673e-06,3.047200181072185e-08,0.04520222544670105,0.00027868495089933276,1.0391021532996092e-05,0.002161135897040367
window-3d62e858e5316158d079,137_15756_31094,wineglass,cup,0.501423716545105,False,0.0011530864285305142,0.06724787503480911,1.3901953025197145e-05,0.2838500738143921,0.00010553655738476664,2.747836731487041e-07,0.004781919997185469,0.004087297711521387,8.414308831561357e-05,0.501423716545105,2.309955107193673e-07,7.369311560978531e-07,1.7441745512769558e-05,7.663258543288975e-07,0.00048424280248582363,2.1748137442045845e-06,1.3860332728654612e-05,0.00046638777712360024,3.82078651455231e-05,7.944917342683766e-06,0.005375978071242571,1.4776896151147412e-08,0.010474196635186672,0.0003490335657261312,1.5617504232068313e-06,0.1200193390250206
window-d9c121189d58cd7a35aa,271_28898_56091,wineglass,wineglass,0.9991583824157715,True,2.8079742975251065e-09,5.744005875385483e-07,8.248281169187521e-09,1.6471086610181374e-06,1.1057031770178583e-05,1.183826014994338e-08,1.9523354239936452e-06,5.564505300981182e-09,5.194937102714903e-07,4.018306299258256e-06,1.6028710092541587e-07,4.655619341065176e-05,1.7057623091787377e-09,5.342371167671445e-08,6.480271395048476e-07,2.445541394990869e-05,3.990205943438241e-09,0.0007483917288482189,6.238295782168279e-07,2.0726695026951347e-07,2.4657998309862705e-08,3.977906999352854e-07,1.5833497002404329e-07,4.014666998841676e-08,6.801854368632121e-08,0.9991583824157715
window-738f592da5db019e0df5,271_28898_56091,wineglass,wineglass,0.9993628859519958,True,1.3319695568725365e-08,1.742279565064564e-08,1.1117071707644754e-09,1.169709520354445e-07,3.202500374754891e-05,1.5250738272243325e-07,4.1783337678680255e-07,4.229306349579076e-10,1.8801677015289897e-07,2.4202714484999888e-05,2.0774942655066297e-08,3.114818625249427e-08,2.6396158592234542e-09,5.512061473922358e-09,1.1897534335503224e-07,3.3182282095367555e-06,7.787821498794756e-10,0.0005738833569921553,1.4047676586415037e-06,7.927269507490564e-07,3.6026872596295334e-09,3.628454976478679e-07,8.488314051646739e-08,8.458524547449997e-09,4.55707338531397e-09,0.9993628859519958
window-09efe262883354ff2d7d,271_28898_56091,wineglass,wineglass,0.9998724460601807,True,5.718928886011554e-09,2.2536261212735553e-07,3.932072889512028e-09,2.9337138585106004e-06,1.9747285477933474e-05,6.208622949088749e-08,5.016662498746882e-07,4.307029399797102e-09,3.0515400339936605e-06,4.2052077333210036e-05,1.9264733808199708e-08,5.692117611033609e-06,6.3539258299272205e-09,1.1294219781632364e-08,1.0869591449136351e-07,1.0355909125792095e-06,8.745293378353836e-09,4.8453603085363284e-05,6.033371846569935e-08,3.0377914299606346e-06,7.4260553262206486e-09,3.7496712934625975e-07,5.5821143263301565e-09,6.196186674856108e-09,4.041222823047974e-08,0.9998724460601807
window-2b6f9db0f87a543647fb,271_28898_56091,wineglass,wineglass,0.9999051094055176,True,2.9809070767328194e-09,9.18897598012336e-08,2.6578355072359727e-09,3.5959018873654713e-08,2.985914943565149e-05,7.3320592264281e-08,3.8257033452282485e-07,6.157459542244226e-10,8.662141794957279e-07,3.168070543324575e-05,2.6707137834591776e-08,7.313549303944455e-07,1.0823145046856553e-08,1.4882804322269294e-08,1.5201401026843087e-08,4.0124925249074295e-07,1.643431346565194e-08,2.3228683858178556e-05,9.967369152263927e-08,7.21546803106321e-06,8.521733541044796e-09,7.313440875122978e-08,1.6623944887328435e-08,2.05133510178257e-08,2.11787187787138e-09,0.9999051094055176
window-fe6575060ea782560fca,391_47065_93709,wineglass,parkingmeter,0.6064817905426025,False,0.041649237275123596,0.1327105164527893,0.0022970011923462152,0.032518137246370316,0.00047784578055143356,1.3527120245271362e-05,0.000832843070384115,0.011555643752217293,4.046316462336108e-05,0.010423578321933746,0.0008949722978286445,0.0014993933727964759,0.0005667927907779813,0.0005691972910426557,3.986780257037026e-07,0.05904753878712654,0.6064817905426025,0.06344785541296005,0.005051077343523502,2.3796140613541183e-09,0.0018026066245511174,1.77234505827073e-05,0.019049184396862984,0.005147501826286316,0.003529686015099287,0.0003754741046577692
window-b8b370bf7bdba6b43d55,391_47065_93709,wineglass,wineglass,0.2951967418193817,True,0.13279245793819427,0.009812400676310062,2.9619724955409765e-05,0.05379340052604675,2.709948375922977e-06,2.010444859479321e-06,0.005724614951759577,0.12269779294729233,3.800716399382509e-07,0.0504617877304554,2.3073473130352795e-05,8.297975000459701e-05,6.868036962259794e-06,2.8248650778550655e-05,7.43177892559288e-08,0.002148446859791875,0.2538008987903595,0.06214936450123787,0.001931272796355188,1.5352877302809986e-10,0.00019068804976996034,2.8553208721859846e-06,0.00893666222691536,8.405370317632332e-05,0.00010066730465041474,0.2951967418193817
window-911d4629cef86f1ab5b4,391_47065_93709,wineglass,wineglass,0.6514749526977539,True,0.0016256171511486173,0.014464041218161583,0.0007322109886445105,0.038926977664232254,0.0005534453084692359,6.186927203088999e-05,0.055308692157268524,0.008545597083866596,5.810639777337201e-05,0.00689433328807354,2.786789627862163e-05,5.0679267587838694e-05,1.1913763955817558e-05,0.00020966386364307255,2.5820077098615e-06,0.02318589761853218,0.12297940999269485,0.040987174957990646,0.00018388534954283386,3.868566622600156e-08,8.607258678239305e-06,4.556215208140202e-05,0.021623898297548294,0.00020399880304466933,0.01183292269706726,0.6514749526977539
window-00f113b8518d96697791,391_47065_93709,wineglass,parkingmeter,0.36026543378829956,False,0.0006781980628147721,0.009230853989720345,0.0005080582923255861,0.344256728887558,0.00025416791322641075,0.00023794587468728423,0.0033784727565944195,0.0012500116135925055,7.256062963278964e-05,0.19922704994678497,0.0012085570488125086,0.0017782547511160374,0.00011434371117502451,0.006467897444963455,3.828569970210083e-05,0.011970661580562592,0.36026543378829956,0.0039107706397771835,0.001409217482432723,5.6041560725361705e-08,3.9394064515363425e-05,0.00017243334150407463,0.0016449501272290945,9.282567771151662e-05,0.012720969505608082,0.03907180204987526
window-2a02d5827ca36b58ce80,475_67235_131970,wineglass,wineglass,0.9849722981452942,True,8.92375610419549e-05,0.004318568855524063,8.110849307740864e-07,6.686137567157857e-06,1.639221949290004e-07,1.6283199499866896e-07,9.260734805138782e-05,2.863415726750418e-09,1.5822523735664618e-08,0.0037886991631239653,5.347119014231794e-08,5.1133213219145546e-09,0.0006883004680275917,1.6096164401346869e-09,5.891450438610946e-09,1.8710087488216232e-06,2.1695534542232053e-06,0.005666864104568958,7.477371610775663e-08,3.915200963433563e-08,0.00017333435243926942,7.456139872186185e-11,0.00019567337585613132,1.4064097513255547e-06,9.703667274152394e-07,0.9849722981452942
window-8cdb10bc20f1afc5f2bc,475_67235_131970,wineglass,wineglass,0.9101355075836182,True,0.00041902376688085496,0.023511504754424095,8.616182753939938e-07,0.00010838285379577428,1.1069946737052305e-07,7.75858495671855e-07,0.00030298120691441,1.095978063858638e-06,1.6916314393711218e-07,0.023976914584636688,1.3215039871283807e-06,5.627172949829173e-09,5.869000233360566e-05,9.171825965381686e-09,1.9358513014822165e-08,2.175294184780796e-07,6.714162736898288e-07,0.040516212582588196,1.5665382306906395e-05,1.1550900680390441e-08,0.0007048677070997655,2.930439224613224e-10,0.00023114928626455367,1.1069751053582877e-06,1.2758064258377999e-05,0.9101355075836182
leftover-window-6d7c583d4bd82d0dbf2c,62_4327_11547,chair,chair,0.9935897588729858,True,2.3829592794356257e-17,8.016143304701018e-12,0.00269941333681345,2.9316065592865925e-06,1.1018808782070622e-10,1.4580749940762416e-09,1.4877371556920593e-10,5.872344711194133e-13,0.9935897588729858,3.3516844855085992e-09,2.067648052772597e-09,6.459878676423614e-08,1.1071941798945772e-06,4.477246129397372e-09,3.929499712285178e-07,1.5222974383876167e-14,6.97120183801303e-09,0.0001223103899974376,3.897428983278689e-13,5.860764318299516e-09,1.3495899953142043e-09,1.9722110611297694e-09,2.4655591346345318e-08,8.899100206738453e-11,0.003583997953683138,6.522506978967613e-10
leftover-window-184ab8c4fcd863e482f8,62_4327_11547,chair,chair,0.9998389482498169,True,3.1673041586791377e-15,1.752654965603284e-11,6.256151391426101e-05,1.4207112144504208e-05,2.0423402968816617e-09,5.154069171453557e-08,1.1052959658641726e-09,4.3560736072943695e-13,0.9998389482498169,1.87809678919848e-09,9.313959381529457e-09,3.616679532569833e-05,1.0563443453293075e-08,1.2192516329889713e-08,1.07886444311589e-05,3.2470501981629596e-11,5.012682713356753e-09,1.4779843695578165e-06,3.3259972467142296e-12,1.4678957604985499e-08,1.1818919887218726e-07,2.6705460065556963e-09,8.940386209133067e-09,6.848519529256691e-09,3.547500818967819e-05,3.1353013518753414e-09
leftover-window-7ae626979eefbba3a9f0,433_61349_119679,parkingmeter,bench,0.9925811290740967,False,1.1078649322371348e-06,0.00017364590894430876,0.00016654877981636673,0.9925811290740967,2.760621555353282e-06,7.657580454178969e-07,3.1458263771710904e-10,8.852516231172558e-08,4.2633007524273125e-07,2.60608601365675e-07,1.7693216705083614e-06,3.2389355197892655e-08,0.0062903910875320435,8.803770469967276e-06,7.205285612599255e-08,8.73393400979694e-06,0.00034482634509913623,5.464279183797771e-06,6.075049352460837e-10,0.00027560521266423166,4.226639038762414e-09,4.115247875802197e-08,9.838722689892165e-06,5.88434568271623e-06,7.921519136289135e-05,4.267218173481524e-05
leftover-window-5a561d20cd3a4bf5c0dd,421_58416_112563,stopsign,stopsign,0.9999668598175049,True,9.957033027946371e-13,1.2134928617513197e-09,2.4824426958502954e-09,4.82476458785186e-08,5.386970708919081e-13,1.0141640999217216e-10,1.3327827556863792e-11,3.121205025799533e-15,1.137929120886838e-05,1.6379637923780166e-10,4.822930249614998e-13,3.249253532899843e-09,1.841971607063897e-05,1.116469434236933e-06,3.018088166537036e-14,1.7548014655491842e-16,1.8495575204724446e-06,3.6127065783375656e-08,8.105160423030333e-13,0.9999668598175049,2.282793095179092e-13,8.21944890147812e-16,5.322236054650098e-11,5.31392811697895e-11,2.5981933049479267e-07,9.761452930689973e-12
leftover-window-af8813137aaf9e78426b,403_53193_103795,toytruck,toytruck,0.9458080530166626,True,3.846768777293619e-06,0.0041126045398414135,7.052776254568016e-06,1.3917385786044179e-06,3.8968853033338746e-08,7.239208121845309e-10,0.00011011249443981797,9.870420035440475e-05,1.8982182155014016e-06,2.1754349290858954e-05,2.3087149259026774e-07,1.1691499821608886e-05,0.0006863619782961905,3.038483100681333e-06,4.0217209118509345e-08,1.9918156795029063e-06,1.1502568497689936e-07,0.0009830790804699063,2.597490222910892e-08,1.7791279560697149e-09,0.04566724970936775,6.095170590469934e-08,0.002468261867761612,0.9458080530166626,1.2239926945767365e-05,1.4551096683135256e-07
leftover-window-67f9403b466c193695b6,403_53193_103795,toytruck,toytruck,0.923471987247467,True,2.9584286949102534e-06,0.001949649304151535,9.367060727072385e-08,4.245949185133213e-06,1.5788135954153404e-07,1.5626885896402598e-10,0.0012118399608880281,7.022130830591777e-06,4.934722142024839e-07,0.00010143524559680372,8.648850524650697e-08,8.893124686437659e-06,0.0011601903242990375,1.1246455869695637e-05,3.6073721787488466e-08,1.896354206110118e-06,4.679695280174201e-07,0.0017429953441023827,2.269830474688206e-07,1.042525887839929e-08,0.0638413354754448,1.2048163000599743e-07,0.006418426986783743,0.923471987247467,6.132014823378995e-05,2.934577423729934e-06
leftover-window-f872ae87e91db82c447e,475_67235_131970,wineglass,wineglass,0.995060384273529,True,2.4898590709199198e-06,0.0005558737902902067,5.806277272313309e-07,7.7626587881241e-05,5.2611529355317543e-08,1.7230785687161188e-08,1.4641322195529938e-05,1.0469534572621342e-08,2.6507722239443865e-08,0.0003456116537563503,3.8383277001230454e-08,4.8748347580840345e-09,5.12519727635663e-06,1.0317570087181593e-07,2.2964981027939757e-09,1.3127161935244658e-07,3.8989069253148045e-06,0.0038706453051418066,2.046489498752635e-06,3.184767782826725e-09,2.258407766930759e-05,2.1693170870751288e-10,3.267370993853547e-05,3.2563601592983105e-08,5.404729563451838e-06,0.995060384273529
leftover-window-6ca3fa32ca4db97eb32c,475_67235_131970,wineglass,plant,0.5253531336784363,False,0.0007014748407527804,0.006376633420586586,2.918022801168263e-06,0.0014520419063046575,3.554677263650774e-08,1.6576077541685663e-06,0.00014193925017025322,0.00013735592074226588,3.750520772882737e-05,0.014996513724327087,2.182414391427301e-07,8.5650242453994e-09,0.017018917948007584,4.272866060972547e-09,3.1625468910334575e-09,4.0841985082806787e-07,7.298320383597456e-07,0.5253531336784363,2.1588777599390596e-05,7.468993423742631e-09,0.03193683549761772,3.1237055164723415e-09,0.0017758895410224795,2.750079147517681e-06,1.2583336683746893e-06,0.4000401198863983
window-e1edbfe040dcbf2dec79,290_30764_58570,apple,apple,0.9914582371711731,True,0.9914582371711731,0.002240644069388509,1.2605065649040625e-06,1.5543854203770024e-07,1.4416110971637863e-08,3.0258172500907676e-06,8.285947927788584e-09,4.607653318089433e-05,2.5340229047043916e-12,5.599962150881765e-06,0.00013560778461396694,5.457766183436519e-11,2.175770816847944e-07,1.2807166351741506e-12,9.67927994699469e-12,0.006080858875066042,9.942018763808846e-09,5.067558390692284e-07,8.75306341185933e-06,1.9090640526742142e-11,4.688980880018789e-06,3.360327641144245e-12,7.205375851526696e-08,1.4272633052314632e-05,1.4815993484157408e-12,5.798364899334274e-09
window-ae68d79847b040fb5717,290_30764_58570,apple,apple,0.7819675207138062,True,0.7819675207138062,0.15638145804405212,8.072095624811482e-06,3.8241151401052775e-07,8.952655480243266e-05,0.0011578848352655768,3.8546204450540245e-08,8.437966607743874e-05,3.4234726165038865e-10,0.04365921393036842,0.003946688957512379,6.914355310527753e-09,2.464452791173244e-06,3.913757096185577e-10,8.674975404687757e-09,0.011930041015148163,1.4800471603848564e-07,2.5866717123790295e-07,3.43867031915579e-05,2.8984311839508337e-08,7.736097273891573e-08,2.415666999766586e-09,8.023416739888489e-07,0.0007360178278759122,5.6960876987366404e-11,5.461277510221407e-07
window-501907bd0e667a2054d4,290_30764_58570,apple,apple,0.9966827034950256,True,0.9966827034950256,0.00015277242346201092,8.355205523002951e-07,5.737735477850947e-07,9.029820830619428e-06,2.6942655040329555e-06,6.32158105418057e-07,6.962386396480724e-05,3.4205669980497122e-12,0.0002050670882454142,0.00021742700482718647,7.702852578006514e-09,2.754119634573726e-07,3.1427364183267414e-11,3.394652337007642e-09,0.0024291235022246838,2.118606801104761e-08,5.616550424747402e-07,0.00011520314001245424,5.056329133168447e-09,9.355089787277393e-06,2.3322248646207022e-11,4.915563067697803e-07,0.00010353693505749106,1.2411988103977478e-11,1.050162055094006e-07
window-95e7dc4645083785d668,290_30764_58570,apple,apple,0.8628589510917664,True,0.8628589510917664,0.028766943141818047,0.0014868780272081494,0.00011721848568413407,2.471099651302211e-05,0.0029148412868380547,6.587207280972507e-06,0.01663062907755375,2.6776771022696266e-08,0.007086665835231543,0.004343471489846706,5.470893515990838e-09,0.0004948191344738007,1.768284185743596e-08,2.0047377091714225e-08,0.019744133576750755,3.103478957200423e-05,0.00018666336836759,0.00558101199567318,1.6876201698323712e-05,0.0012498059077188373,2.4398283393622933e-09,5.2764469728572294e-05,0.04829006269574165,1.0415916046335738e-10,0.00011588411871343851
window-584f77e403055e2362e3,351_37090_68533,apple,apple,0.6261571049690247,True,0.6261571049690247,0.0394027903676033,0.007549569010734558,5.531653073376219e-07,7.587642903672531e-05,3.4161412258981727e-06,2.102309554175008e-05,0.11381242424249649,1.0070492635350092e-06,0.000737250258680433,4.29737483500503e-05,0.09064015746116638,0.00012831352069042623,0.0005983665469102561,1.6466803742787306e-07,0.025541087612509727,4.824800114988648e-08,8.757426144256897e-07,0.004873721860349178,1.1878320549385535e-07,0.003056103130802512,1.3024985491938423e-05,0.009546466171741486,0.07776656001806259,1.7990323897265625e-07,3.081157774431631e-05
window-4bdcb0edbca0e6fc71db,351_37090_68533,apple,apple,0.7462670207023621,True,0.7462670207023621,0.08095558732748032,0.0007902038632892072,5.34602404513862e-05,6.096806828281842e-06,2.9375962185440585e-05,4.6443830115094897e-07,0.13716822862625122,1.6413728709530062e-10,0.003996559884399176,0.0004052187723573297,3.143086360068992e-05,0.006397401914000511,4.913948714602157e-07,3.797313574693817e-09,0.0001448553812224418,8.837262612360064e-06,1.5918301869533025e-05,0.007068536709994078,7.304584528355917e-07,5.454827260109596e-06,6.067526214792451e-08,3.2123105029313592e-06,0.011711654253304005,1.895468226820185e-09,0.004939188715070486
window-f97d733801dd12ac99fd,39_1806_5235,apple,apple,0.9993259906768799,True,0.9993259906768799,5.222097388468683e-05,4.295827693567844e-08,1.4552685445590186e-10,3.972907691718319e-08,2.3002364457624935e-07,1.6256230992439669e-06,2.823075249125395e-07,4.308449430556749e-11,0.0001333229593001306,2.0952142222085968e-05,1.8582971961222938e-07,3.3933406484720763e-06,2.359789030847992e-09,2.0342691975372418e-09,7.4948579822375905e-06,3.8346281705514684e-09,1.8043800082523376e-05,1.4262694776334683e-06,2.0017014087936325e-11,0.00042897486127913,7.479206143301553e-10,5.504648470378015e-06,4.4553392086754684e-08,1.0706036945862252e-08,2.5417892857149127e-07
window-f3814da9dc9a6fea338c,39_1806_5235,apple,apple,0.9997662901878357,True,0.9997662901878357,5.24866372870747e-05,1.4104609924459055e-08,2.4390630140591618e-11,1.3190035730303862e-09,6.006026609384207e-08,1.1682009244395886e-06,4.2742342998280947e-08,8.24995020215491e-12,4.6634879254270345e-05,6.092520379752386e-06,5.25304466592047e-09,5.369641257857438e-06,2.1069325450984167e-10,2.7524799106615205e-10,1.718407958151147e-07,1.6673321612259429e-09,1.633615102036856e-05,2.7777358013736375e-07,7.437870631898935e-12,0.00010417568410048261,1.472509753019935e-10,6.551457545356243e-07,6.744515612666646e-09,3.058748587747573e-09,2.655678201790579e-07
window-9b943bc1d438533357c9,39_1806_5235,apple,apple,0.9995657801628113,True,0.9995657801628113,0.00016527899424545467,9.15756537267498e-09,2.050538037978722e-11,2.1142476658297937e-09,5.148586410541611e-07,8.063439622674196e-07,1.761323744631227e-07,2.2660488069314866e-11,0.00015811421326361597,1.1625086699496023e-05,2.3274441929288514e-08,3.178040060447529e-06,7.539412150148195e-11,1.778664215912329e-09,7.139166768865834e-07,1.9896626568538522e-09,8.791678737907205e-06,6.295223329289001e-07,3.988934182963533e-12,8.345807873411104e-05,3.2834901464440236e-10,4.6592188596150663e-07,1.6041861172766403e-08,1.0264395999826093e-09,3.831677304333425e-07
window-56b2402cdebc97a0c721,39_1806_5235,apple,apple,0.9997931122779846,True,0.9997931122779846,7.828404341125861e-05,2.534400778131385e-08,3.066376319527109e-10,9.48739486972272e-09,4.062674179294845e-07,2.2129545413918095e-06,1.361518542353224e-07,1.8405362303686168e-11,5.5773947678972036e-05,1.2551789041026495e-05,1.2639212343401596e-07,1.1808673434643424e-06,8.116278760184059e-10,1.855918752013963e-09,4.36984510088223e-06,4.53406023837033e-09,3.1659444630349753e-06,1.3513877092918847e-06,1.9918743304064845e-12,4.3766536691691726e-05,3.465413234149395e-10,3.393541646801168e-06,1.1231286123347672e-08,2.3574318053221077e-09,1.3602597448425513e-07
window-e6ea0ba0440129f37c52,41_1939_6047,apple,apple,0.7055370807647705,True,0.7055370807647705,3.68102228094358e-05,0.00016490307461936027,0.00010840369941433892,0.0001303521858062595,1.9525452898960793e-06,0.013600950129330158,2.8271651899558492e-05,1.2126948334412191e-08,0.16054485738277435,0.0006378897232934833,6.0293959904811345e-06,4.182184056844562e-06,3.1566614779876545e-06,8.540939597878605e-05,0.08175064623355865,2.2534965182785527e-07,5.308333129505627e-06,0.0008496601949445903,8.797060857546057e-09,0.012520130723714828,2.7736356855712074e-07,0.01327479723840952,0.010696904733777046,7.41725261832471e-06,4.305359198042424e-06
window-3ff96c6d3b329358b890,41_1939_6047,apple,apple,0.9025372266769409,True,0.9025372266769409,0.00016433717973995954,1.571254870214034e-05,0.00014234504487831146,1.3288956324686296e-05,3.1801343993720366e-06,0.019680384546518326,4.670634007197805e-05,1.3733699510964925e-08,0.03229281306266785,0.0018833833746612072,4.219515631120885e-06,2.9277069188538007e-05,3.0228941341192694e-06,5.841539314133115e-05,0.001012970693409443,3.696802082231443e-07,8.791056643531192e-06,0.0007831308175809681,6.283541154061822e-08,0.03851495310664177,3.2901556323849945e-07,0.00046899833250790834,0.002323195105418563,1.1702883057296276e-05,1.1770998753490858e-06
window-29f78458d908f1cad3e0,41_1939_6047,apple,apple,0.980830729007721,True,0.980830729007721,0.0003912369429599494,3.1580674431097577e-07,5.880497724319866e-07,1.3436603296668181e-07,2.0824717239520396e-07,0.0011733907740563154,2.5961714982258854e-06,2.698339884865675e-10,0.0028231104370206594,0.00036702083889395,8.854653970047366e-07,6.776229838578729e-06,1.2563744178351044e-07,9.143574857262138e-07,7.466008537448943e-05,6.372471883508979e-09,1.7749963490132359e-06,7.177162478910759e-05,7.171010896200869e-09,0.014221453107893467,6.728365065100661e-08,8.36136950965738e-06,2.2169719159137458e-05,1.670528263275628e-06,8.400348150416903e-08
window-7913ab814ec2be3b5d4d,41_1939_6047,apple,teddybear,0.38331034779548645,False,0.34785670042037964,0.0004544057010207325,3.0020319172763266e-06,2.3560376575915143e-05,8.679786333232187e-06,1.4646196177636739e-05,0.23886659741401672,5.657907240674831e-05,1.687358164303987e-08,0.02046547457575798,0.0007936146575957537,4.252041253494099e-05,6.448064232245088e-05,1.31210053950781e-05,7.640656258445233e-05,0.00024182192282751203,2.7465338803267514e-07,7.628097228007391e-05,0.0016390447271987796,3.3130311294371495e-07,0.38331034779548645,4.892846732218459e-07,0.00018679306958802044,0.005753461737185717,4.589496529661119e-05,5.525764663616428e-06
window-bb57e2db4a5c5341d083,41_1941_5802,apple,toytruck,0.26490339636802673,False,0.2183620035648346,0.01974393241107464,0.0017536450177431107,0.0012520609889179468,0.04014883190393448,0.12148260325193405,0.000972591049503535,0.0005133227095939219,2.335262261343729e-10,0.007294320501387119,0.15004630386829376,0.000706296821590513,4.6202518433346995e-07,1.2604063215349015e-07,4.204156357445754e-05,0.06543552130460739,3.344597280374728e-05,0.0001318058930337429,0.0013370882952585816,2.024320044924366e-09,0.0050669764168560505,9.322219796104037e-08,6.765763828298077e-05,0.26490339636802673,9.881383711274339e-09,0.10070548206567764
window-b928aefdae70cffa0c9e,41_1941_5802,apple,apple,0.5391788482666016,True,0.5391788482666016,0.01788565143942833,4.837077722186223e-05,2.646609937073663e-05,0.00042249573743902147,0.060634806752204895,3.898533577739727e-06,1.3574674085248262e-05,1.8521617572986315e-09,0.002046162262558937,0.0013205807190388441,0.00011926413571927696,4.824099733014009e-07,8.664728934348886e-10,1.0394745686426177e-06,0.3767058551311493,6.625860464737343e-07,3.7998695461283205e-06,9.98456835077377e-06,7.572286686574614e-10,2.5445646315347403e-05,8.9385843171641e-10,0.00013963323726784438,0.000838498875964433,1.4732961517438525e-09,0.0005745067610405385
window-0dfcf5649dae02beffae,41_1941_5802,apple,apple,0.9431183934211731,True,0.9431183934211731,0.007779557723551989,1.2973820957995486e-05,3.85366411137511e-06,7.495135378121631e-06,0.0007630182080902159,6.493053206213517e-06,4.856220039073378e-05,1.1330878076087902e-11,0.00011387444828869775,0.0019509976264089346,9.857670875135227e-07,2.756915478130395e-07,1.969138407886817e-09,1.8600282203351526e-08,0.042841970920562744,9.997515704185389e-09,7.320804940036396e-08,6.922351167304441e-05,3.52361369249099e-11,9.302838407165837e-06,1.6719518564772828e-12,7.622229168191552e-05,0.0031904459465295076,3.8277181424462015e-09,6.305508577497676e-06
window-9a0251237919c7a11df1,41_1941_5802,apple,mouse,0.7191150188446045,False,0.07915777713060379,0.0025581237860023975,0.0009499848238192499,0.000111862835183274,0.00017309188842773438,0.09985531866550446,2.810137402775581e-06,5.795065953861922e-05,1.9389425828797435e-11,0.051440466195344925,0.025688163936138153,9.838005965434604e-09,1.494140100533059e-08,7.502024779171279e-09,3.5039593058172613e-06,0.7191150188446045,1.5671378150727833e-06,1.7610403801882057e-07,0.00030880310805514455,2.7861313256494213e-10,1.2578682095920612e-08,2.1537653882575114e-09,0.000137046750751324,0.02036365121603012,6.937683760810387e-09,7.467513933079317e-05
window-e9ec061f9b17ec78e89a,442_63337_125204,apple,mouse,0.8708667159080505,False,0.030715638771653175,0.05931204929947853,0.01234312541782856,8.756882380112074e-06,8.161957225638616e-07,5.307539407972683e-10,5.590482032857835e-06,0.024558430537581444,8.727137393825524e-13,5.140896973898634e-05,0.0016609594458714128,8.009283014587254e-09,1.5574824416275668e-11,3.4465370557512642e-09,8.7171407869846e-09,0.8708667159080505,2.139477146556601e-07,2.6557192001064323e-09,8.585817704442888e-05,8.145135736400185e-15,4.731352589715243e-07,2.0124715782721125e-10,0.00031578095513395965,7.358189031947404e-05,2.4604830173302616e-07,4.0549065261075157e-07
window-e028fe2496aa2139b8c4,442_63337_125204,apple,ball,0.6685863137245178,False,0.3304179012775421,0.6685863137245178,3.1271385481090874e-10,2.1600509825248082e-08,2.0483292839656997e-10,5.8920197609779734e-09,3.698085947689833e-06,0.00014811521396040916,2.036147812856104e-11,0.00016125987167470157,7.092112355167046e-06,3.490183836385441e-11,7.268568524843033e-10,7.196873712212934e-14,6.508270311567088e-11,0.0006577865569852293,1.5729315627766027e-09,1.036767187656551e-07,2.981581246785936e-06,1.1742670637943098e-12,5.709184733859729e-07,1.3788845282594608e-13,6.667686193395639e-06,1.058924453900545e-06,1.1494228485675606e-10,6.487719019787619e-06
window-af6dce32703ba4ff90ee,442_63337_125204,apple,apple,0.7083748579025269,True,0.7083748579025269,0.22472058236598969,2.6587865704641445e-06,2.140442120435182e-05,8.409791121266608e-07,3.285259708718513e-07,0.00020614320237655193,0.009842720814049244,3.777003598770534e-09,0.00032758276211097836,8.021779649425298e-05,1.035959584783086e-07,1.0033106789819612e-08,1.9194107414577388e-10,5.716746187545141e-09,0.05621415004134178,7.235350807377472e-08,1.983310767172952e-06,1.0609445780573878e-05,4.4226806245051264e-11,1.1848673011627397e-06,7.111057576114632e-11,3.652710802271031e-05,0.00010824276978382841,4.785724172506889e-08,4.963888568454422e-05
window-4e2843242aaacc1a4433,442_63337_125204,apple,apple,0.9654714465141296,True,0.9654714465141296,0.02405216172337532,0.00010995366756105796,4.275100309314439e-06,1.0384348314573799e-07,1.1439450497974235e-09,7.702324182901066e-06,0.010003097355365753,6.736800353679406e-12,1.3951943174106418e-06,1.5767673176014796e-06,4.0618827745753094e-10,1.2731872223170626e-09,2.0677319231832136e-11,4.237441952881227e-09,0.00023942772531881928,8.781201188412524e-08,1.156236528743193e-08,1.1689006896631327e-05,1.337163626352611e-11,1.07256781234355e-07,6.199736037049153e-12,1.3959163879917469e-05,8.276815788121894e-05,4.4429335210871557e-10,1.5379393403236463e-07
window-516f86a0db2e60b2e20d,223_23556_48787,ball,ball,0.9547711610794067,True,2.043597305600997e-05,0.9547711610794067,0.020106203854084015,3.572076457203366e-05,2.7989499358227476e-06,4.531087324721739e-05,1.9332811740380151e-10,9.525496352580376e-06,7.056232220747916e-07,0.0014324216172099113,0.0006241119699552655,1.3495152870746097e-06,1.8654915265869931e-06,5.02187402773302e-09,1.7108537520016398e-07,2.785036201657931e-07,2.018906525336206e-05,0.011276725679636002,3.526306500134524e-06,1.2785259517755776e-09,2.1078167264931835e-05,5.2984536758060585e-09,1.1919986491193413e-06,6.020597425049345e-07,1.391487387536472e-07,0.011624488979578018
window-259d93f0dee17f61e059,223_23556_48787,ball,ball,0.9800019264221191,True,0.00012520149175543338,0.9800019264221191,5.3686970204580575e-05,4.693332300576003e-07,2.751208683093864e-07,2.657459299371112e-05,1.9179924575646323e-12,0.0018138950690627098,2.6993308629985613e-11,0.003783861640840769,0.00015809739124961197,1.9300699705127045e-08,6.379294603675589e-08,2.7685707459229603e-12,3.641022813111183e-12,3.354762156959623e-07,1.1227608410990797e-05,5.6268290791194886e-05,8.41680866869865e-06,8.658609940148665e-11,1.9720264532452347e-08,1.6847505378628225e-12,1.2259270931735955e-07,7.395581747005053e-08,2.350862386701902e-11,0.013959466479718685
window-c8144b4db1921ae17e3a,223_23556_48787,ball,ball,0.9898205995559692,True,1.984944447031012e-06,0.9898205995559692,0.002279691630974412,2.697920763239381e-06,2.6787936803884804e-05,6.908585055498406e-05,1.22371869581972e-11,0.002390263369306922,5.548659864906824e-10,0.0023769948165863752,0.0003436632687225938,5.807986980244095e-09,3.4820303085325577e-07,6.462559654085709e-11,3.4684744659729816e-11,4.530034125593829e-09,1.3070210115984082e-05,0.00017549045151099563,2.582295337560936e-07,7.058612583321633e-10,9.767682058736682e-07,2.8790775319365025e-11,9.922082000457522e-08,7.168368938437197e-06,9.009446834407075e-12,0.0024909048806875944
window-d7006ad30f7927e4bf8b,223_23556_48787,ball,ball,0.8515909910202026,True,2.3476195565308444e-05,0.8515909910202026,0.0175639595836401,0.00020590928033925593,3.415049650357105e-05,0.0012507748324424028,3.602684262027367e-10,7.773428660584614e-05,2.081375640727856e-07,0.0015605429653078318,0.027606699615716934,2.5252371305128918e-09,2.6631244054442504e-06,3.642816326365761e-10,9.26949539348243e-09,4.502396109273832e-07,6.438890977733536e-06,0.04282333329319954,2.423738806101028e-06,1.5515662088461113e-09,3.3434345823479816e-05,5.588427942626595e-09,5.031401428823301e-07,1.7975318087337655e-06,1.2650043235140629e-09,0.05721445754170418
window-3479f45ec68fdb956b10,333_33894_61781,ball,apple,0.8942449688911438,False,0.8942449688911438,0.008348723873496056,4.1553798837412614e-06,8.914974387153052e-06,1.712087214400526e-05,8.640692605865752e-09,3.5047196433879435e-05,0.0002802424132823944,8.890406633099701e-09,0.0002731581043917686,3.9574355469085276e-05,0.031667206436395645,4.198828307266922e-08,9.35112431932339e-09,2.37558445137509e-10,0.06006363779306412,1.9856354072089744e-07,3.6295266454544617e-06,0.0007705568568781018,3.2204433564331225e-10,0.004204366821795702,7.534962605859619e-06,1.0009352990891784e-05,1.0937171737168683e-06,1.977028659894131e-05,2.634871698603547e-08
window-6185c68745db89aec067,333_33894_61781,ball,ball,0.8554596900939941,True,0.10750094056129456,0.8554596900939941,3.5271421339189146e-09,1.4091981938690878e-05,2.0898552222092803e-08,1.7480662961588678e-07,0.005965658463537693,8.695242286194116e-06,1.069424342858838e-06,0.019806817173957825,0.006467137485742569,3.3281301057286328e-06,6.109904582274339e-09,7.328242873638757e-11,6.2171636727725854e-09,0.0027076315600425005,2.3663089265824055e-09,0.0002439691306790337,3.410123554203892e-06,2.2810737673739645e-11,0.001755698467604816,1.0827973184746043e-08,3.186390586051857e-06,4.370493843453005e-05,3.986157480539987e-06,1.0752130947366823e-05
window-a5ae887d50200f4e8537,333_33894_61781,ball,apple,0.8953301906585693,False,0.8953301906585693,0.04395078867673874,1.9503347825633455e-09,2.0308755210862728e-06,1.2067663135439943e-07,1.1194660753943708e-09,0.004696754273027182,1.0458404176461045e-05,1.6200593222492898e-07,0.034628309309482574,7.066128455335274e-05,2.4763954570516944e-05,1.7520609407739585e-09,2.305773350030904e-10,1.1874272676237752e-09,0.0006295869243331254,8.137371887428912e-10,3.701951754919719e-06,6.66836376694846e-06,7.410825425546719e-11,0.020555272698402405,1.1155405488239012e-08,5.5531159887323156e-05,2.4397073502768762e-05,3.5803298032988096e-06,6.947279416635865e-06
window-f394785745f9f7e408f6,333_33894_61781,ball,apple,0.952264130115509,False,0.952264130115509,0.02527765929698944,9.440738324428821e-08,7.979899237398058e-05,2.8407425816112664e-06,6.675111019482927e-10,0.00023702696489635855,0.0003869608335662633,9.245366072718753e-07,0.0023198085837066174,0.0004927061381749809,0.009863088838756084,6.759523785149213e-08,1.4018887162237093e-09,3.5611183446526695e-10,0.0016321346629410982,8.160959907854703e-09,1.2197623391330126e-06,3.855722025036812e-05,3.757089084288623e-10,0.0061217425391077995,9.455501981392445e-07,0.001104744616895914,9.134875290328637e-05,8.409857400693e-05,1.5432346955890353e-08
window-83b65786029a9ca788b7,372_41204_82153,ball,apple,0.4615240693092346,False,0.4615240693092346,0.010554556734859943,1.4558669363395893e-06,0.03271149471402168,0.3927192687988281,0.000342182262102142,1.2456555850803852e-05,0.0035488337744027376,6.450372166000307e-05,0.0927727073431015,1.6663412907291786e-06,0.00025109059060923755,1.253851849014609e-07,1.7236610574400402e-06,0.0006172320572659373,0.0019199466332793236,1.310618813477049e-07,8.935305959312245e-05,0.0009884192841127515,3.4589172059895645e-07,5.0394522986607626e-05,2.831504986033906e-08,0.001070731901563704,0.0004973818431608379,3.0324358704092447e-06,0.00025680294493213296
window-a4a97c4814e2e4d6d8ee,372_41204_82153,ball,bench,0.3945341408252716,False,0.028252270072698593,0.30013519525527954,3.387823744560592e-05,0.3945341408252716,0.022000707685947418,0.0004421780467964709,0.0007760432781651616,0.10021724551916122,2.504498843336478e-05,0.008950518444180489,5.049889296060428e-05,0.0044205645099282265,7.659458134412489e-08,2.8367619961500168e-05,0.00514778308570385,0.12438391149044037,8.674205673742108e-06,0.00011283605999778956,0.0009304716368205845,1.9326373035255529e-07,8.265354699688032e-05,3.263612313730846e-08,0.005738513544201851,0.0012418011901900172,0.0014587965561076999,0.001027577673085034
window-f6674eb9ca32da37ffd2,372_41204_82153,ball,mouse,0.30834588408470154,False,0.0688430517911911,0.19476589560508728,9.227392729371786e-05,0.05216367915272713,0.002954695140942931,0.002925523556768894,0.0021516343113034964,0.13119038939476013,9.849772141024005e-06,0.20057980716228485,0.001059807138517499,7.828381967556197e-06,1.2677462279953033e-07,2.330283859919291e-05,0.0003992423298768699,0.30834588408470154,0.0001079337889677845,0.00017736405425239354,0.009664153680205345,1.0403714441054035e-06,1.4268457562138792e-06,1.1886140960370994e-08,0.016110194846987724,0.0007962752715684474,0.0003965682117268443,0.007232158910483122
window-23e0ccc78f5a3ca47973,372_41204_82153,ball,cup,0.8997945189476013,False,0.015927676111459732,0.032765623182058334,4.1563097852304054e-07,0.04234312102198601,0.003075061133131385,6.030310942151118e-06,0.0003302890108898282,0.000574343663174659,6.736551760866405e-09,0.8997945189476013,9.15027158043813e-07,7.396380169666372e-06,2.0561750080361207e-09,4.0961101177572345e-08,5.062050604465185e-06,0.003279203549027443,2.2208289010450244e-05,3.3507301850477234e-05,1.7415386537322775e-05,1.748493710929111e-10,2.1906917027081363e-05,2.094032680588498e-08,1.2886470358353108e-05,0.0015049698995426297,2.199125077595454e-07,0.0002771186700556427
window-18309abe358953d27f0a,385_45446_90913,ball,teddybear,0.3564412295818329,False,3.503437483232119e-06,0.0015885173343122005,8.984311534732115e-06,0.00020498447702266276,0.13329654932022095,1.358353802061174e-05,0.040483057498931885,0.0028617647476494312,0.006538016255944967,0.0007452004356309772,9.51492038439028e-05,0.3149449825286865,0.0002644373453222215,0.019530445337295532,0.0006282450631260872,0.0007566430140286684,0.0010420925682410598,0.00541802728548646,0.09801040589809418,0.0005189495859667659,0.3564412295818329,0.0005941800191067159,0.006668540649116039,0.008342579007148743,0.0006254870095290244,0.00037437884020619094
window-2a92a8e0b0002e9f01aa,385_45446_90913,ball,wineglass,0.5813739895820618,False,1.5051737989324465e-07,0.0005195926642045379,0.00012376022641547024,0.0067859007976949215,0.21640045940876007,2.687736923689954e-05,0.0001712131197564304,8.418018842348829e-05,0.045126646757125854,0.07402938604354858,5.868505013495451e-06,8.2465834566392e-05,8.662135542181204e-08,0.0003292908368166536,0.036652568727731705,0.007471833843737841,1.5819076679690625e-06,3.369145997567102e-05,0.004947924055159092,2.567586989243864e-06,3.777757956413552e-05,0.023725971579551697,0.0008555302047170699,0.0012051955563947558,5.500262886926066e-06,0.5813739895820618
window-8d3d3d90dc1356c052d0,385_45446_90913,ball,chair,0.37618210911750793,False,7.049738087516744e-06,0.019732583314180374,0.0001294249959755689,0.031829848885536194,0.01288171112537384,0.005754438694566488,0.0021995576098561287,3.4204465919174254e-05,0.37618210911750793,0.0001799300662241876,0.0023168546613305807,0.10039956122636795,0.00025443657068535686,0.006567780859768391,0.00015155656728893518,0.01204311940819025,0.0005665839998982847,0.043501537293195724,0.00016289515770040452,0.0006451050867326558,0.00017953678616322577,0.0023052957840263844,0.004919547121971846,0.00023765271180309355,0.058839768171310425,0.3179779648780823
window-21b1f789d60c9f197bbd,385_45446_90913,ball,kite,0.4192144572734833,False,4.166267444816185e-06,0.010157827287912369,1.8024305973085575e-05,0.03284477815032005,0.003608197905123234,1.3242291061033029e-05,0.0014116672100499272,0.0008378885104320943,0.00014585167809855193,3.821886275545694e-05,0.001681611523963511,0.001045547891408205,8.846992568578571e-05,0.4192144572734833,4.6292920160340145e-05,0.010358280502259731,0.0016171460738405585,0.10714656859636307,6.583819049410522e-05,0.00010732635564636439,0.0026996012311428785,0.00017768837278708816,0.012817217968404293,9.569840040057898e-05,0.0032421129290014505,0.3905162811279297
window-88889cb9f5969b8c07d8,395_48973_96915,ball,cup,0.334434449672699,False,0.020937366411089897,0.05731940641999245,0.01080690324306488,0.0024082630407065153,0.04209613427519798,8.354340025107376e-06,0.15036888420581818,0.0008623030153103173,2.2210249881027266e-05,0.334434449672699,0.0578506737947464,0.12297789007425308,8.57177292346023e-05,0.023216044530272484,1.3063171536487062e-05,0.012710773386061192,1.3319155186763965e-05,0.019861504435539246,0.03359824791550636,1.9991455602053065e-08,0.009597249329090118,5.19884224559064e-06,0.024085192009806633,0.07032863050699234,0.00195592874661088,0.004436284303665161
window-69744d9131ab87912b45,395_48973_96915,ball,cake,0.9291506409645081,False,0.0013358150608837605,0.0009591886773705482,5.472160410135984e-06,0.000790489255450666,0.001319650560617447,2.5843712592177326e-07,0.9291506409645081,2.8003739771520486e-07,1.4795024583236227e-07,0.0036886255256831646,0.00028102556825615466,0.009439324028789997,3.230116271879524e-05,0.009878309443593025,3.4407548810122535e-06,2.2727615942130797e-05,3.883835404394631e-07,0.00539756752550602,0.03278247267007828,8.789660199681748e-08,0.0016125072725117207,4.403109343797951e-08,0.0009343412239104509,0.00041321167373098433,0.0012429276248440146,0.0007088076672516763
window-7eb75cae0a91e8ef94f1,395_48973_96915,ball,sandwich,0.5287487506866455,False,0.017764508724212646,0.01603512465953827,0.0017492552287876606,0.0022214888595044613,0.04070113226771355,1.9661888472910505e-06,0.002284606220200658,4.850379355048062e-06,9.638058145355899e-06,0.12861692905426025,0.002074897289276123,0.0855926126241684,0.000766162178479135,0.007919561117887497,1.2298365618335083e-05,0.0031556966714560986,9.391968887939584e-06,0.09742584824562073,0.5287487506866455,3.0726320687790576e-07,0.021507155150175095,5.9823778428835794e-05,0.004337712191045284,0.006879849825054407,0.0031812163069844246,0.028939280658960342
window-0581496b953a0b6a85b5,395_48973_96915,ball,handbag,0.29183951020240784,False,0.01601249910891056,0.017300274223089218,0.0012474959949031472,0.00010571005259407684,0.06444644182920456,4.142645047977567e-05,5.031518958276138e-05,0.00031898848828859627,0.004174294415861368,0.021131420508027077,0.1116037368774414,0.29183951020240784,0.008354018442332745,0.019810182973742485,9.858598787104711e-06,0.02467050589621067,1.0860315342142712e-05,0.024015627801418304,0.012794123962521553,1.545020836601907e-06,0.23171822726726532,1.2166321994300233e-06,0.08578076958656311,0.0636434331536293,2.2780910512665287e-05,0.0008947605965659022
window-1c150c0c0a54e45ed013,558_80541_158012,ball,cup,0.8404818177223206,False,0.08802241086959839,0.006959437392652035,7.677284884266555e-05,1.0144686712010298e-05,5.883657286176458e-05,1.4189934518071823e-05,0.00011525014997459948,0.00011812732554972172,1.4535965320305877e-08,0.8404818177223206,7.927521437522955e-06,6.240773655008525e-05,0.0006445380277000368,0.0022724398877471685,4.338718895269267e-08,0.004830920137465,3.4622487987689965e-07,0.0002173129323637113,0.0022496136371046305,2.676182930372306e-06,0.006130504887551069,1.8837892639567144e-05,0.0012012365041300654,0.029478248208761215,1.1507907515806437e-07,0.017025884240865707
window-2ce4be79598968f6a9b2,595_90445_180229,ball,plant,0.3816298544406891,False,0.018020883202552795,0.2950306832790375,0.03448009490966797,8.857386092131492e-06,5.945247266936349e-06,2.5174608708766755e-07,0.0014539938420057297,0.014759412035346031,0.0004759324074257165,0.03451976552605629,0.09570812433958054,0.00017969647888094187,3.8648013855890895e-07,6.943380140000954e-05,1.1920598552705997e-07,0.1154194101691246,1.4239419670047937e-06,0.3816298544406891,6.928815128048882e-05,1.5165054989552118e-08,0.005288571584969759,6.63951868773438e-05,0.0020990632474422455,0.0003020158619619906,0.0002312280412297696,0.00017910954193212092
window-2a5115304b98e4a61b48,595_90445_180229,ball,ball,0.6936074495315552,True,0.003646249184384942,0.6936074495315552,0.008047453127801418,3.4129482173739234e-06,3.790365553868469e-06,3.427009858114616e-07,0.0225345641374588,0.07022698223590851,9.55059931584401e-07,0.0002052333002211526,0.011097950860857964,0.0007902061915956438,9.87273097052821e-07,0.0007256818353198469,1.6799846846993205e-08,0.16804711520671844,3.0914783565094694e-05,0.019899195060133934,0.00014479114906862378,4.020175303764972e-09,7.667457975912839e-05,4.023913788842037e-06,5.478729144670069e-05,0.000620378355961293,0.00017511211626697332,5.579731805482879e-05
window-37465e47fb58af845070,595_90445_180229,ball,baseballbat,0.6503763794898987,False,0.01950882002711296,0.031211024150252342,0.6503763794898987,2.0055736627000442e-07,1.2424514750364324e-07,7.936957331367012e-07,0.03411495313048363,0.06342349946498871,4.193704171484569e-06,0.023721132427453995,0.0007695856038480997,0.0014010498998686671,1.5285439758372377e-06,5.435833736555651e-05,2.1987176523907692e-08,0.0030153810512274504,4.818865818378981e-06,0.1568063348531723,0.00018905932665802538,2.2348327632926157e-09,0.011271008290350437,9.35025600483641e-05,9.709153528092429e-05,0.003695462830364704,0.00011829134018626064,0.00012134231656091288
window-166bbe270b22b32554a8,595_90445_180229,ball,ball,0.714843213558197,True,0.09416436403989792,0.714843213558197,0.10918217152357101,5.438761036202777e-06,1.9361378278404118e-08,4.296023803362914e-07,0.03069332055747509,0.023155860602855682,1.01855022194286e-08,0.00018872227519750595,0.011036839336156845,4.851411176787224e-06,4.218598405714147e-06,3.841339275822975e-05,1.841047037043353e-10,0.00833661574870348,0.001441223081201315,0.0030332370661199093,0.003487843321636319,1.5067644909549927e-08,0.00019813378457911313,5.257097086541762e-07,6.880416185595095e-05,6.671596929663792e-05,4.2561659938655794e-05,6.363821285049198e-06
window-ee6e0f1154a08e0bd3e9,168_18361_34847,baseballbat,baseballbat,0.9939661622047424,True,2.775428065149299e-08,4.8762242244038134e-08,0.9939661622047424,6.836036482127383e-05,4.130579327465966e-06,5.757052008448227e-07,5.8537796832069944e-08,0.0022653068881481886,8.148296620769102e-11,2.2792674414517933e-08,5.760731482951087e-07,5.969915228831724e-09,2.3037950086290948e-05,0.0030891180504113436,2.1436435959643063e-10,5.516905616786971e-07,4.118493598070927e-05,3.056449315863574e-08,4.192568496819149e-07,7.260167467215695e-11,6.074760139362922e-10,9.436301046106266e-11,7.562473911093548e-05,0.00046455414849333465,6.8020924004486e-08,3.1949674905717984e-08
window-b8f15f6f28dc081688d2,168_18361_34847,baseballbat,baseballbat,0.9710402488708496,True,6.385458846125402e-07,4.3363883150959737e-08,0.9710402488708496,2.7645728550851345e-07,1.8720758987456065e-07,8.997277922695446e-10,5.591742180399706e-09,0.028796279802918434,5.528522382730258e-14,3.119700608955611e-10,1.0992962415912189e-06,8.99339561155621e-11,1.1651352593844422e-07,3.0819060157227796e-06,3.814773150145889e-12,9.151057724920975e-07,3.962912273891561e-07,4.30048600896793e-11,6.759630650776671e-07,2.340978160018242e-13,8.46810344068416e-10,5.124592590555199e-12,1.80032857315382e-05,0.0001379084278596565,1.9751733582040742e-10,1.306172531245764e-10
window-c37a5eadb0a1733166c5,168_18361_34847,baseballbat,baseballbat,0.7962738275527954,True,9.599962140782736e-06,7.134556199162034e-06,0.7962738275527954,0.19040359556674957,7.971117156557739e-05,1.3409447774392902e-08,1.731311272124003e-08,0.0035162740387022495,8.358719050249874e-09,7.804732859995056e-09,8.201688615372404e-06,3.473757104188735e-08,0.00034254216006956995,0.0011550263734534383,1.3878870275263466e-09,1.219765908899717e-05,0.0005114604718983173,1.1398520172178905e-07,1.1103546739832382e-06,2.4802064402251744e-08,1.925230037613801e-07,1.2076354360956998e-09,0.00108536914922297,0.00657669035717845,1.556356619403232e-05,1.2682728538493393e-06
window-d43de7cb59b15135f022,168_18361_34847,baseballbat,baseballbat,0.895591676235199,True,0.0006009647040627897,0.00020901596872135997,0.895591676235199,0.003454563906416297,1.1001050552295055e-05,3.8977381677796075e-07,3.227373326808447e-06,0.03506927937269211,2.963457534921332e-10,5.572902864514617e-06,0.00013550592120736837,2.6094994609593414e-08,0.00040545666706748307,7.37704467610456e-05,6.092234627885773e-08,0.0002533805964048952,0.0037610232830047607,2.2089867002250685e-07,8.360450738109648e-05,8.834484810371634e-10,3.297546413705277e-08,2.9557041258954087e-08,0.000159574716235511,0.06017034500837326,5.3058954563312e-07,1.0789691259560641e-05
window-914c951443259f053dfc,186_20091_37188,baseballbat,carrot,0.7627468705177307,False,6.302699375737575e-07,2.441584729240276e-05,0.22255277633666992,3.3001288102241233e-07,1.9935425370931625e-05,7.514927014007355e-10,0.00027703968225978315,0.7627468705177307,5.54037760114312e-10,3.0863120059620996e-08,2.058266727544833e-05,1.8308086509932764e-05,4.174827983316476e-10,0.00011225720663787797,4.766789629684354e-08,2.707241401367355e-05,7.211478525448456e-09,5.661715096749731e-09,0.0003222642990294844,1.6468117536305726e-08,1.2838344218835118e-06,1.1130554811167315e-10,0.013787169009447098,8.852735481923446e-05,2.902742721744289e-07,4.1467544065199036e-08
window-86e277dac67d9bf1ba7b,186_20091_37188,baseballbat,baseballbat,0.9160529375076294,True,6.211809591150086e-07,0.0006023176247254014,0.9160529375076294,1.2187327911306056e-06,1.739288927637972e-05,1.184562461276073e-05,9.510152267466765e-06,0.0558035671710968,1.3860374110663543e-06,2.6192316227025003e-07,2.174271685362328e-06,0.009072128683328629,7.262135337526843e-10,0.0006052250973880291,2.0848378881055396e-06,0.0006341637345030904,1.9035237386333392e-08,1.2321108442847617e-05,0.001199787249788642,6.897022397645003e-10,3.547898472788802e-07,5.837274663633707e-09,0.015466967597603798,0.0005028345040045679,2.9353648756114126e-07,6.530078735522693e-07
window-5393ee450dadd7d2b07a,186_20091_37188,baseballbat,carrot,0.9502936601638794,False,4.308621100790333e-06,1.9471819541649893e-05,0.0476544052362442,3.847187457495238e-08,3.543531192917726e-07,6.1364802128593965e-09,1.977013198484201e-06,0.9502936601638794,2.2979979030779418e-11,4.8457732049200786e-08,0.00023133518698159605,2.4557862161600497e-06,1.7263713028570216e-11,8.285670816121637e-08,1.7824077769290625e-09,0.0012565864017233253,4.582417556520113e-09,2.740727644834351e-08,6.231442966964096e-06,1.3569013967984489e-11,3.3897885032274644e-07,3.579344286241959e-12,0.0005225259228609502,5.2636955842899624e-06,2.77185918662326e-09,9.73977421381278e-07
window-978b67275dda9f7e6996,186_20091_37188,baseballbat,baseballbat,0.6570925116539001,True,6.736898649251089e-05,0.00898153055459261,0.6570925116539001,0.00011419431393733248,0.00011903491395059973,6.078722094571276e-07,0.00032841245410963893,0.2673652470111847,7.270728019648232e-07,4.5924269215902314e-05,0.0004026615060865879,0.0039978655986487865,1.627258439107493e-09,0.004713966976851225,1.1281020988462842e-06,0.017705727368593216,1.926938892893304e-07,8.182581950677559e-06,0.025160958990454674,1.8028984971607542e-09,3.247318318244652e-06,1.0525987903520218e-07,0.012720619328320026,0.0011594860116019845,1.011273889162112e-05,2.1104270331306907e-07
window-8e863ae24f96b9082b30,207_21922_46427,baseballbat,baseballbat,0.9959701299667358,True,9.133386669191168e-08,4.8784779210109264e-05,0.9959701299667358,3.8625389606750105e-06,6.9735501817547174e-09,4.206621717628423e-09,2.0539216549764205e-08,3.7438920116983354e-05,6.912531347325057e-08,2.1867812449727353e-07,0.0039271521382033825,1.0950816919930162e-09,9.363787079053054e-09,9.185912858811207e-06,4.130773501032081e-11,1.6965989857453678e-07,7.667422469506691e-13,5.350836218553923e-09,3.5676578136190074e-08,6.324342438635e-11,3.748041166318217e-08,3.0485310276162636e-08,2.6225377496302826e-06,1.2822059147765685e-07,8.256131195372163e-11,5.394709035044798e-08
window-6755aa61523a6ad6f5f5,207_21922_46427,baseballbat,baseballbat,0.9982832670211792,True,1.8138211999030318e-07,1.6429352399427444e-05,0.9982832670211792,3.62919240615156e-06,3.229760903167289e-10,3.727348638071781e-11,2.7219057563421245e-10,8.897807788343925e-07,6.312411926501227e-08,9.041958037414588e-06,1.1034821909561288e-06,1.1029113178295802e-09,4.476076753689995e-08,1.0978375541981222e-07,5.268753211495891e-10,2.0206432509439765e-06,1.2680194181712966e-14,2.3545092542320845e-09,6.399505231291513e-11,3.2510636543969795e-11,2.181515590393701e-08,1.274015448693433e-09,0.001682564616203308,5.465369099511008e-07,5.058810358463117e-13,1.5101868200417812e-08
window-e5bc5c2b14f606d587c2,207_21922_46427,baseballbat,baseballbat,0.5897566080093384,True,9.112545029665853e-08,7.37134541850537e-05,0.5897566080093384,3.2639938581269234e-05,1.913518787866053e-10,2.157000800195874e-08,1.3045096558528257e-08,7.88294983067317e-06,0.0011761365458369255,0.0005141093861311674,5.718182478631206e-07,0.0002496751840226352,2.429380252522151e-08,0.00015234998136293143,0.0002580832806415856,0.044311489909887314,3.2856974519629434e-12,1.077692796114249e-10,1.0756334711814475e-09,1.5030746425281905e-08,4.940544613418751e-07,5.322455081113731e-07,0.36289989948272705,0.0005650699022226036,1.9325487876642455e-09,6.325136610030313e-07
window-7dfa3cba1c470c9e35b8,394_48666_96323,baseballbat,baseballbat,0.3514063358306885,True,2.6187256025878014e-06,0.0015649793203920126,0.3514063358306885,2.1023328372393735e-05,2.701279697703285e-07,1.0374638925725321e-09,1.4504028513329104e-05,0.3434402048587799,2.074876243041146e-10,2.266395995320636e-06,5.26718508808699e-07,4.5731638920187834e-07,1.604971711088865e-09,1.551893728901632e-05,8.117900796023036e-10,0.00809906329959631,6.656648431253853e-13,2.6902171601506097e-09,3.087507138843648e-05,2.0188059557391114e-10,1.13379417143733e-06,1.0037039775701029e-11,0.2912251055240631,0.0012480035657063127,0.002924639033153653,2.4245321128546493e-06
window-e78e9af3dfa2630229c0,394_48666_96323,baseballbat,baseballbat,0.7278997898101807,True,5.049414903623983e-05,0.0008670687093399465,0.7278997898101807,0.00015083467587828636,1.1152897059218958e-06,4.1624907964887825e-08,0.00013554572069551796,0.12852606177330017,2.3971727380889263e-10,2.255813114970806e-06,3.3270831067966355e-07,8.035459408972656e-09,1.7765735549346573e-08,0.00041882062214426696,3.6855348634068363e-11,0.0004838037129957229,9.53880544329877e-07,2.7723365292331437e-07,5.431234239949845e-05,1.437486352173778e-09,5.8168776462252936e-08,1.7621883119378623e-10,0.13943909108638763,0.0014098860556259751,0.000518430199008435,4.0849001379683614e-05
window-a5ed4a4d624dabfe665d,394_48666_96323,baseballbat,carrot,0.8250091671943665,False,3.300245589343831e-05,9.476164996158332e-05,0.04918937012553215,1.9142680685035884e-05,1.649046588170222e-08,1.2461557827303515e-11,1.586850885360036e-05,0.8250091671943665,5.150036755559306e-13,1.5825547095005277e-08,1.7653692339081317e-05,3.7966785965126704e-11,2.67059412778492e-11,3.565682618500432e-06,1.0650806625545073e-11,0.00024409222532995045,1.8942260954224466e-11,7.182075030184865e-13,0.0005190727533772588,6.015935666292549e-11,8.44283198908613e-10,4.2598024174896054e-13,0.12406463176012039,0.0007863332866691053,3.342290710861562e-06,2.078308414255048e-09
window-6d777b1f1db63e333e2a,394_48666_96323,baseballbat,carrot,0.8011325597763062,False,0.0007698716362938285,0.047975316643714905,0.018907561898231506,0.0008356419275514781,4.01419401896419e-06,2.0659506105857872e-07,0.0027843189891427755,0.8011325597763062,9.009783497049284e-08,1.9344484826433472e-05,3.576091103241197e-06,8.917925811147143e-07,4.6338513470800535e-08,0.0009841334540396929,1.7050652001415756e-09,0.00036754203028976917,6.374430085998029e-07,3.692545942612924e-05,0.0016082738293334842,4.88709268609e-08,4.211260602460243e-07,2.9691835656819876e-09,0.11503835022449493,0.00917765311896801,0.00029661288135685027,5.580508877756074e-05
window-231e5b39a3c777b69244,399_51041_100090,baseballbat,baseballbat,0.9962329268455505,True,9.437630410502607e-07,8.25913843982562e-07,0.9962329268455505,1.2247002132426132e-06,4.77102366858162e-05,7.868207063665977e-08,1.4970230040489696e-05,9.279448568122461e-05,0.00010350946104153991,1.987822315641097e-06,0.0001249396154889837,7.633080531377345e-05,0.00010554334585322067,4.5830398448742926e-05,2.2768070762069215e-10,0.00034815241815522313,2.5080350951611763e-06,0.0005504404543899,0.00010956544429063797,1.193084520068055e-09,0.0005419332883320749,9.695093439177072e-08,0.0014833190944045782,1.0858996574825142e-05,0.00010277624824084342,6.933600502634363e-07
window-03243b07a9f167440ade,399_51041_100090,baseballbat,baseballbat,0.9989129304885864,True,2.1424565943561902e-07,8.946236448537093e-06,0.9989129304885864,1.2190398690492543e-09,1.521042941021733e-05,8.275142376890088e-11,6.422033038688824e-08,0.00013677278184331954,6.685218068014365e-06,6.397065988039685e-09,8.048577001318336e-06,0.00017128307081293315,1.641837457100337e-07,4.4849571168015245e-06,4.703375189318848e-11,4.579830601869617e-06,1.0752143619896515e-09,5.126355063111987e-06,9.38432367547648e-06,9.505066872472767e-11,0.00011676658323267475,1.4522995306354147e-10,0.0005988360499031842,1.472108408506756e-07,2.381312214083664e-07,5.89090465297204e-09
window-622975df20f235e33bf2,399_51041_100090,baseballbat,baseballbat,0.999852180480957,True,1.5155116273035674e-08,5.668892299581785e-06,0.999852180480957,8.918835114890555e-10,9.490104275755584e-06,2.1925396220812132e-10,7.672405821779194e-09,3.0074188543949276e-05,5.324431185727008e-06,2.6046205192642446e-09,2.258749873362831e-06,4.7845402150414884e-05,3.6758547139470465e-07,1.6105519762277254e-07,1.3047952995837164e-10,8.202171670745884e-07,1.241186736722355e-10,5.7352554705403236e-08,1.7523649376016692e-06,1.9602760387149587e-11,1.866716775111854e-05,3.430898343204092e-10,2.463490454829298e-05,4.886081796939834e-07,4.778222262302734e-08,9.032973813383194e-10
window-b29c9a6624d8038a89c4,399_51041_100090,baseballbat,baseballbat,0.9994732737541199,True,4.626965335319255e-07,4.5917590796307195e-07,0.9994732737541199,5.218435017440015e-09,1.650996978241892e-06,2.2800078491869158e-10,2.607839455492922e-08,1.2734049050777685e-05,1.1456681932031643e-05,1.8471975948841646e-08,1.634584577914211e-06,3.3615370398365485e-07,3.5664359074871754e-06,1.9407181639508053e-07,1.1294646641568651e-11,4.163276116742054e-06,2.1930479654486135e-09,1.6270454580080695e-05,2.726542618347594e-07,1.0115273896271759e-10,0.00026484575937502086,6.058085144644565e-10,0.0002041158586507663,5.827095606036892e-07,3.922667929145973e-06,4.491841565368304e-09
window-ce6a097aa2666532a157,407_55027_106548,baseballbat,baseballbat,0.9944774508476257,True,4.6551857479926184e-08,3.5296136502438458e-06,0.9944774508476257,4.31916120646747e-08,1.2207339139536089e-08,4.61205639651352e-12,6.611787028987237e-08,0.00011465789430076256,1.7344334518956672e-12,7.92475134403503e-08,0.0053961570374667645,1.9117983585115184e-10,1.8412979585491485e-08,7.319886208279058e-06,2.112369168472128e-10,1.0781264769832433e-08,6.531529805897662e-08,1.2555309014672389e-09,6.405699792821906e-08,3.2119569590843833e-12,3.0240421278193708e-09,4.864858516029358e-12,1.4949215199067112e-08,2.6012350051729527e-09,2.452052285661921e-07,1.2276976235625625e-07
window-5c0ca6ea16fb7579c7d2,407_55027_106548,baseballbat,baseballbat,0.9856986403465271,True,5.11207360887056e-07,0.00022328812337946147,0.9856986403465271,7.073393248901994e-08,6.3835501329378985e-09,9.502965081509274e-11,1.2991202311241068e-05,1.4531221495417412e-05,7.174466099338361e-13,8.259801234089537e-07,0.003032138803973794,1.5036749623220658e-09,8.940719453676138e-08,0.009430431760847569,8.862918399188402e-09,4.129553872189717e-06,4.013257239421364e-06,2.905218821069866e-08,6.035730848452658e-07,1.808511847223304e-11,9.272987000485955e-08,2.7664084911727116e-10,7.972132152644917e-06,1.6971091199025068e-08,0.0015684152022004128,1.3341053772819578e-06
window-ad740dc9e132c424ca90,407_55027_106548,baseballbat,baseballbat,0.9998130202293396,True,1.492842649497561e-08,4.538516122920555e-07,0.9998130202293396,5.4833519946839715e-09,1.6841779082454877e-09,4.9561600483361e-12,3.9023206888089135e-09,3.9082504372345284e-05,1.3692398723088445e-13,2.907890150893877e-09,0.00012507749488577247,1.1959813694950583e-10,1.244608721640006e-10,2.2218773665372282e-05,5.215884321674302e-11,5.979545303347322e-09,3.290298034031025e-09,7.959298498061429e-11,2.800559428806082e-08,1.3632072358958636e-13,6.239909144944988e-10,1.9463196245655956e-13,5.4613099820244315e-08,1.605447580432795e-10,2.141076720363344e-07,5.893086907349243e-09
window-393490a3841598613c8b,407_55027_106548,baseballbat,baseballbat,0.985299825668335,True,1.2303590892770444e-06,0.00031233960180543363,0.985299825668335,3.46576342735716e-07,9.157733416031988e-08,3.420177752122555e-10,1.3650944197252102e-07,7.204036228358746e-05,2.0983850507888535e-12,7.936616270853847e-07,0.012939280830323696,5.890877785574844e-10,7.50234718793763e-08,0.0012181142810732126,2.1241936210003587e-08,3.828407102446363e-07,1.992709258047398e-06,1.6676008129934417e-08,3.768449232666171e-07,1.0099059782886499e-10,3.4214646671415494e-09,8.512049398667898e-11,3.2690030593585107e-07,4.9136765767343604e-09,0.00015034216630738229,2.3208651782624656e-06
window-3be161e11903ebdf8ad9,436_62184_122673,baseballbat,microwave,0.8478370308876038,False,1.0610773593100475e-08,1.1440538116858079e-07,2.928826461356948e-06,0.0006023585447110236,0.14311309158802032,9.629172126324193e-09,0.0008116248063743114,2.5670276500022737e-06,8.014548257051501e-06,1.2211517059768084e-06,2.666486409452773e-07,0.0004536121559794992,3.524410624455854e-11,7.984266267158091e-05,0.8478370308876038,0.0025744980666786432,4.188275948280307e-09,1.1948567690822642e-09,1.1556005119928159e-05,1.9642921245122125e-07,6.954827380667439e-09,2.7462684570878082e-08,0.00034513697028160095,0.0039958106353878975,0.0001559065713081509,4.219706625008257e-06
window-301e0d5d2a227dce7ce8,436_62184_122673,baseballbat,book,0.8409221768379211,False,4.226887540426105e-06,2.302172561030602e-06,0.0005144305760040879,0.014538723975419998,0.8409221768379211,8.311855737019869e-08,0.00368950585834682,0.0012068909127265215,7.328513333959563e-07,5.030625834478997e-05,1.6879917552614643e-07,0.020244795829057693,7.978923632911972e-10,0.0005789963761344552,0.05730711668729782,0.010631225071847439,4.079332427409099e-07,1.0689869611724134e-07,6.592804129468277e-05,4.706754985761563e-09,7.183515663200524e-06,2.44816664718428e-08,0.0009852169314399362,0.04922962188720703,1.89862785191508e-05,8.129000548251497e-07
window-5a80a1af089ea252eb5f,436_62184_122673,baseballbat,toytruck,0.4029056429862976,False,1.4428726444748463e-06,6.564917566720396e-05,0.0009599343757145107,0.08005291223526001,0.01135539636015892,9.670775398262776e-06,0.010520494543015957,0.00035214549279771745,0.001453304197639227,0.000764557858929038,4.277386324247345e-06,0.15839041769504547,5.416531934088198e-08,0.021828772500157356,0.22345849871635437,0.03108716756105423,7.742805507859885e-08,3.248769360197912e-07,0.010661305859684944,1.1846153711303486e-06,1.922539816234803e-08,3.286256469436921e-05,0.03163843974471092,0.4029056429862976,0.014449086971580982,6.427593689295463e-06
window-bc2335e0e067bff8b630,436_62184_122673,baseballbat,cake,0.4104098677635193,False,0.04154875874519348,0.00036754392203874886,1.666198113525752e-05,0.02232213132083416,0.10238747298717499,3.5402877074375283e-06,0.4104098677635193,0.0011173504171893,3.6307901609689e-05,0.01910489611327648,0.00015020494174677879,0.0032070991583168507,4.195779723659143e-08,0.0009004045277833939,0.020012397319078445,0.2195677012205124,3.838821157842176e-06,1.8019323988482938e-06,0.01018595788627863,1.076783746611909e-06,4.8247607082885224e-06,7.213038344389133e-08,0.002407705644145608,0.1458941251039505,0.0002503566211089492,9.7854615887627e-05
window-ac260277c96210030123,74_6869_14767,baseballbat,carrot,0.6479076147079468,False,0.0011255864519625902,0.0024026448372751474,0.031030135229229927,0.00014365000242833048,0.0073351482860744,4.995256972506468e-07,5.41182043889421e-06,0.6479076147079468,8.986246058384495e-08,0.0003133674035780132,0.004435425158590078,0.0001805438514566049,6.369094585068069e-09,3.0304439860628918e-05,7.528240075771464e-07,0.3011470437049866,5.920207879483996e-09,2.5437777821935015e-06,0.00133667909540236,2.928234543730923e-09,1.8444137822370976e-05,2.698728884809043e-08,0.00203887652605772,3.76980533474125e-05,9.39185781589913e-07,0.000506573764141649
window-df21bbf850e86afb8734,74_6869_14767,baseballbat,mouse,0.29677677154541016,False,0.0004947021952830255,0.0056346748024225235,0.07598873227834702,0.1188649907708168,0.24053387343883514,0.000144552206620574,0.00017377162293996662,0.022771399468183517,3.505674612824805e-06,0.00033656321465969086,0.0026475009508430958,0.0019213873893022537,4.780574272444937e-06,0.00032161749550141394,0.0008283695788122714,0.29677677154541016,6.325303392173964e-09,0.000114633388875518,0.006575056351721287,1.0495701872059726e-06,0.00017249192751478404,5.017641857563149e-09,0.009158464148640633,0.004922207444906235,3.2657586416462436e-05,0.21157623827457428
window-7598ddaed8c02e62fe6c,74_6869_14767,baseballbat,mouse,0.393502801656723,False,2.7588550892687635e-06,0.00010930778080364689,0.21640895307064056,0.009119836613535881,0.19321095943450928,5.4356355576601345e-06,3.5404677873884793e-06,0.11300613731145859,3.300763637525961e-05,6.335610123642255e-06,0.005264624487608671,0.04320840910077095,2.905479234982522e-08,0.004143213387578726,3.915662455256097e-05,0.393502801656723,7.616537622823216e-09,8.874006311998528e-07,0.01592034287750721,3.653817373105994e-07,0.0003199467610102147,6.168737627376686e-07,0.004791536834090948,0.0007063854718580842,2.5738124804774998e-06,0.00019277114188298583
window-721bff73a50512dee089,74_6869_14767,baseballbat,sandwich,0.6374331116676331,False,0.0016694741789251566,0.027639219537377357,0.1323530226945877,0.0002730805426836014,0.010879904963076115,1.936148464665166e-06,0.00016249365580733865,0.146797314286232,1.6754785292505403e-06,5.891290493309498e-05,0.00027056189719587564,0.014756141230463982,5.036718562223541e-07,0.0021628092508763075,0.0001110245066229254,0.016686908900737762,5.140542214121524e-09,9.83344875749026e-07,0.6374331116676331,1.779325248207897e-05,0.0006939786253497005,1.7945747998737716e-08,0.006045215763151646,0.00016932218568399549,0.0017861062660813332,2.8521255444502458e-05
window-2df8d78d0afe554f0f09,206_21812_45932,bench,hydrant,0.6804037690162659,False,1.2502966661998016e-08,4.411717924313052e-08,1.1540191735548433e-05,0.05981360748410225,4.387826265883632e-06,5.346748821466463e-06,6.169692596813547e-07,1.3937334619740227e-10,0.02745128981769085,0.00017557341197971255,1.3795937547911308e-07,8.216425158025231e-06,0.6804037690162659,1.8588920056572533e-06,1.144584782508673e-08,7.362868537086342e-09,3.633546157288947e-07,0.006384067703038454,2.5886237153827096e-07,5.0330552767263725e-05,4.360020611215987e-08,5.013642495957371e-13,0.010141872800886631,0.21454401314258575,0.0009478993597440422,5.471808253787458e-05
window-bc974326f13890abc2cd,206_21812_45932,bench,chair,0.5137501358985901,False,9.174630122288363e-08,2.5034930217771034e-07,3.5076047879556427e-06,0.06769128143787384,4.079297923453851e-06,9.135146683547646e-05,2.6273853563907323e-06,4.393658059598238e-07,0.5137501358985901,0.00013473923900164664,1.1907064617844298e-05,0.001209672656841576,0.39308688044548035,3.471303671176429e-07,6.44300501839723e-10,2.245016730739735e-06,2.350382374061155e-06,0.0007092401501722634,5.046771178740528e-08,0.000231062454986386,3.6435648098631646e-07,3.6554884119688325e-11,0.002853821497410536,0.019909599795937538,0.00029472095775417984,9.28993358684238e-06
window-3debc719bd916cb4a3d5,206_21812_45932,bench,bench,0.4390178322792053,True,1.1375611563835264e-09,2.0541446321686863e-09,2.071103835987742e-06,0.4390178322792053,2.8325107450655196e-06,9.301670900185854e-08,3.501104117731302e-08,2.906116680634341e-09,0.3448198139667511,1.220541525981389e-05,1.4466179365513199e-08,6.491724889201578e-06,0.17523540556430817,1.3995459369198215e-07,1.111307157408703e-09,1.7559980136638842e-09,1.6008006014089915e-06,0.011350207962095737,6.192716028863288e-08,0.0009430265636183321,1.4168834638894623e-07,3.638137360817417e-11,0.012092824093997478,0.016483325511217117,1.129833071900066e-05,2.0572111679939553e-05
window-ef36ff4fce9047715189,206_21812_45932,bench,hydrant,0.8431428074836731,False,9.481292417845566e-10,1.30296884393033e-08,8.166853149305098e-07,0.060921184718608856,1.896910907817073e-05,0.000929280009586364,3.471766429896661e-09,7.003412849648782e-10,0.026529841125011444,0.0007941998774185777,1.5972007531672716e-05,2.263428200421913e-07,0.8431428074836731,4.299237943428125e-08,2.2417021017240302e-10,1.0971799024872553e-09,6.794819455535617e-06,0.0006146311643533409,1.0668603636077023e-06,0.0026318589225411415,2.4068917969799486e-09,1.4036664192085269e-11,0.00019365732441656291,0.06388185173273087,4.9374275334912454e-08,0.0003167475515510887
window-1cf0937527cf1bb5b7b3,421_58394_112538,bench,umbrella,0.5081509351730347,False,6.717538969525094e-09,2.1845688991106726e-07,0.00028983940137550235,0.49154168367385864,6.041007338808413e-08,4.971865696923317e-10,5.20755938371309e-10,2.478054150767406e-10,2.434047985389043e-07,6.661229901006038e-10,2.827527509907668e-07,3.222167208605242e-07,3.620831705575256e-07,1.2353813872323371e-05,4.3497138335624186e-08,7.655091005531744e-10,8.721170985381832e-08,1.5441804634974687e-06,2.1887582857260668e-09,3.092569256235578e-11,2.256399277492105e-12,6.120843920598418e-08,1.829698135225044e-06,1.7876583058296092e-07,0.5081509351730347,1.515184852585172e-11
window-cc832c8ab3321703c1be,421_58394_112538,bench,bench,0.8819150328636169,True,1.5862812452471786e-10,1.3620282857118582e-07,0.0426781140267849,0.8819150328636169,4.342514785093954e-06,8.464876088964957e-08,2.3541100745205767e-05,2.017355740235871e-07,1.6859795550772105e-06,5.700527694330049e-08,4.343696957676002e-07,0.0006252222810871899,0.00010430487600388005,0.0007646986050531268,0.00015528994845226407,3.693815031624581e-08,1.4542537201123196e-06,2.9544955395977013e-05,1.179594619316049e-06,2.238463414627745e-09,4.74327812582942e-08,0.0002513930667191744,0.000215620530070737,0.003169826464727521,0.0700576975941658,4.1669651063003244e-10
window-b48e9cf8a1b9c17d8a9a,421_58394_112538,bench,bench,0.9746667742729187,True,8.311376218338162e-13,9.132076428386426e-09,0.0012083168840035796,0.9746667742729187,1.1153696632959509e-08,2.6936246566577893e-09,2.792861941713909e-08,1.4991421437571262e-09,3.9482978309024475e-07,8.204223966856716e-10,2.1196832733494375e-07,2.245682026114082e-06,5.850222351000411e-07,0.0004930882714688778,5.360385330277495e-06,1.4711839524395032e-09,9.700337422202665e-09,5.749773279717374e-08,7.243724509109484e-10,3.219019842348736e-11,4.7197753517969065e-12,4.11115934184636e-07,2.9040327717666514e-05,4.584609087032732e-06,0.02358890324831009,5.0537598411670714e-11
window-d5270078e520aaa32eb0,421_58394_112538,bench,bench,0.9992192983627319,True,1.637330001398249e-13,1.4550001203872398e-09,3.612387445173226e-05,0.9992192983627319,3.825606498253364e-09,1.8530647936249034e-12,3.365220990758644e-09,1.3002899538344659e-12,1.3811056298607127e-08,2.2055146337712772e-12,1.3488749006640433e-09,7.73579778012845e-09,6.359026372138032e-08,3.240225169065525e-06,2.466181854288152e-07,7.581851813043272e-12,1.1972071334298562e-08,7.523043299428878e-10,4.872438216785291e-11,1.5785638421417225e-11,1.2514189988085955e-12,4.595563485310095e-09,6.0948366353841266e-09,4.2100785435650323e-07,0.0007405312499031425,1.646996775073184e-12
window-40f48a83af006b93911c,429_60409_117276,bench,bench,0.9866765737533569,True,2.3341991450820387e-08,2.159444179028469e-08,0.011312982067465782,0.9866765737533569,7.819833172106883e-07,2.7708451089125674e-09,8.561134450246755e-07,0.00013000686885789037,4.900394287687959e-06,2.6780158535189003e-08,3.3911729246938194e-07,9.60415491135791e-06,1.421995943218235e-08,1.0040687811851967e-05,3.9079893099369656e-08,9.872675263977726e-07,1.3605423454521315e-08,9.27911173675966e-07,0.0003593549190554768,2.394850540099469e-08,5.8059193008830334e-08,1.6688778714524233e-07,1.3962508091935888e-05,2.962806775030913e-06,0.0014720320468768477,3.273444463047781e-06
window-8d5daff682378519ac47,429_60409_117276,bench,bench,0.9832932949066162,True,2.52655443233607e-08,4.4211642489244696e-06,0.00036925700260326266,0.9832932949066162,2.865331043722108e-05,2.9498761211499414e-09,4.663142590288771e-06,0.0001638839894440025,9.363895514979959e-05,4.405259090844993e-08,8.741470658435446e-09,0.0008400111692026258,3.444708625011117e-07,2.198705942646484e-06,1.338620791102585e-06,9.204098205373157e-06,2.8054321319359588e-06,4.231515777064487e-05,9.39252345233399e-07,4.346636615082389e-07,1.1282523928457522e-06,6.84424776409287e-07,0.013522281311452389,0.00010112104791915044,0.0015023008454591036,1.503698240412632e-05
window-725594b59f02fbbc47a2,429_60409_117276,bench,bench,0.4629099667072296,True,5.631526073557325e-05,1.2509806765592657e-05,0.0032641426660120487,0.4629099667072296,0.0015383950667455792,0.0001570094027556479,0.00018041243311017752,0.001937237218953669,0.1283198744058609,4.039952182210982e-05,0.00012252942542545497,0.006253466475754976,4.251873633620562e-06,0.00022409541998058558,0.0003593765140976757,0.002126393374055624,3.744167406694032e-05,0.02068135142326355,0.001139492611400783,2.689287248358596e-05,4.7691623876744416e-06,2.124223328792141e-06,0.1488470435142517,0.009833654388785362,0.21045900881290436,0.0014619436115026474
window-8640de36be7c6dec1fb0,429_60409_117276,bench,microwave,0.8824511766433716,False,1.644574609827032e-08,3.8310019590426236e-05,3.531762195052579e-05,0.11680715531110764,7.95890373410657e-05,1.338838262476827e-09,0.00010485833627171814,1.1378698161479406e-07,3.411276239262406e-08,4.540235750027932e-06,6.531778673490862e-09,7.2296379585168324e-06,4.783500262561802e-10,1.4920275134500116e-05,0.8824511766433716,5.3213305363897234e-05,0.00015465948672499508,9.173872683732043e-08,3.186920594089315e-08,3.49831552615143e-10,4.6366258743546496e-07,3.323705823277123e-05,7.035278395051137e-05,4.5624226913787425e-05,9.903806494548917e-05,3.572498741277741e-08
window-80cfd424c9df37bd6ee3,437_62527_123384,bench,chair,0.9986610412597656,False,9.683839017129992e-13,5.917569101399067e-09,2.7906806280952878e-05,0.000588763679843396,1.2378237990162688e-08,2.7213861386599092e-08,5.471437081183694e-09,1.608008309839093e-10,0.9986610412597656,0.00010442885832162574,5.950164805312852e-09,6.14819839483971e-08,1.6227195942519756e-07,2.9091097530908883e-06,0.0005845313426107168,7.600106322058764e-09,8.665641644256539e-07,2.398805065695342e-07,1.5108655646023372e-11,1.896774293186354e-08,3.016750227402554e-08,3.878249117406085e-06,9.832196923298397e-08,1.1387620588720893e-06,2.3800832423148677e-05,9.132508438369769e-08
window-bce0b3e4e74ef094e059,437_62527_123384,bench,chair,0.9988841414451599,False,2.7049620240904553e-15,2.5639845802061245e-10,3.785347644225112e-06,0.00018519721925258636,1.2883056399459747e-07,1.709912655911694e-09,6.732779334051031e-10,2.79067272762612e-11,0.9988841414451599,8.517678224961855e-07,2.4726952929654544e-08,1.0106801084930339e-07,2.2556632950365696e-10,3.8861042412463576e-05,0.0008596674888394773,1.0302616537671838e-08,1.047438025203462e-09,2.1216466805640266e-08,4.0592236603270715e-13,3.328209652320169e-10,5.279128800772526e-10,5.351519760665724e-08,2.4797583431102055e-10,3.195849274106877e-08,2.7098454665974714e-05,4.761138328035486e-08
window-08a7237bc824a262f34d,437_62527_123384,bench,chair,0.5492700338363647,False,4.145383343256981e-07,0.00035873372689820826,0.004432278219610453,0.38778752088546753,0.002276336308568716,6.892796136526158e-06,1.2909605175082106e-05,4.882657594862394e-05,0.5492700338363647,0.0020909523591399193,9.654685527493712e-06,0.004971420858055353,8.692424307810143e-05,0.0008707479573786259,0.02780037932097912,0.00027167858206667006,0.00015065168554428965,0.0010276075918227434,1.454703033232363e-05,1.2665103895415086e-05,0.00018419281695969403,9.232165029970929e-05,0.0008772861328907311,0.01580745540559292,0.0008370791329070926,0.0007005804218351841
window-f93668c01f871e316bca,437_62527_123384,bench,chair,0.9989973902702332,False,1.9765820111292826e-13,9.650357242207974e-07,3.3498679840704426e-05,0.0003902608877979219,3.143770754832076e-06,1.6905991628846095e-07,1.789683601316483e-08,3.116311120265891e-08,0.9989973902702332,1.511580830992898e-05,2.3436439732904546e-05,2.5044303129106993e-06,4.411078791122236e-08,0.000337842182489112,0.0001224677835125476,1.372849283143296e-07,4.821486641048978e-07,3.2655376003276615e-07,7.120463940690769e-11,1.0768410163564113e-08,2.0246803345003173e-08,8.225975761888549e-06,9.221449381868752e-09,1.8604556828449859e-07,6.1020902649033815e-05,2.763577867881395e-06
window-f4df28dbc88245119422,471_66547_130935,bench,bench,0.9998238682746887,True,3.918007862591111e-10,1.2237344471088818e-08,4.62456009699963e-05,0.9998238682746887,3.139249693528967e-10,3.3819305689242185e-10,4.741183140533067e-12,2.6137283448690596e-09,1.5610383741204714e-07,1.0544703776815822e-08,1.7963440512858142e-08,8.596873213306822e-12,6.259052156565303e-07,2.3397571879968382e-08,7.717558503372857e-08,4.7902980193637035e-11,1.8546268165664515e-06,1.4381095203575e-09,3.278048110733067e-10,1.1010554771928582e-05,9.437496790998257e-12,2.8299789595065405e-11,1.0975308128990946e-07,0.00011597627599257976,9.702760195295923e-08,3.3080413963659794e-09
window-bf7c326bb93de2fcc4fe,471_66547_130935,bench,bench,0.9999794960021973,True,7.493166642724702e-10,3.0400248984818745e-09,1.5670676134504902e-07,0.9999794960021973,9.349546692405397e-10,2.2680259059715269e-10,3.3240534769163332e-09,2.3946380878214768e-08,2.3543043070617387e-08,1.71908973167767e-10,3.360253186812656e-10,2.3449813202347514e-09,1.0210382015429786e-06,5.589150475771021e-08,2.4186682878735155e-08,2.6961652910273415e-09,1.167551727121463e-05,2.6592550383952585e-09,1.8113138766651105e-10,1.83991446078835e-07,1.4085601608704312e-11,2.522950424965753e-11,5.015012849440836e-09,6.965522516111378e-06,2.6071867864629894e-07,7.33201321878596e-09
window-a5b7912db7e94bfd224f,471_66547_130935,bench,bench,0.9990251064300537,True,1.7312781416811696e-11,2.125578379974513e-09,0.0007683142903260887,0.9990251064300537,3.551783436250844e-07,6.72563060799547e-10,2.9686295088815484e-10,2.1257581011013826e-06,6.053238621461787e-08,4.46872725490266e-08,4.054475155612636e-08,3.6695593785829317e-10,2.234221874175546e-08,1.9991515728179365e-05,1.187394673252129e-06,1.3528275166763137e-09,3.5699397358257556e-06,1.9159621444941877e-08,4.215654936245983e-09,4.747156253870344e-06,1.9758659985935623e-11,6.081228409726691e-09,1.4124348126642872e-06,6.153549293230753e-06,0.00016673370555508882,7.785163624873803e-09
window-9524d443d1650d32ea07,471_66547_130935,bench,bench,0.9999661445617676,True,1.023834055730033e-11,9.297437819633103e-11,8.272981411039382e-09,0.9999661445617676,1.8178318850203823e-09,8.926807903986145e-11,1.8649894129030287e-11,2.024026363178777e-10,2.4180041080512638e-08,1.2183319908487533e-09,1.6821843917824708e-10,1.0573459642559957e-11,6.782162245144718e-07,5.43647171724615e-09,2.395221576634299e-09,2.0184737561934618e-11,3.1564326491206884e-05,5.204561226435089e-10,8.91803905028743e-12,9.582850957201572e-09,3.0208059903329143e-13,1.537458355072019e-11,1.1226021501276051e-10,1.5970528011166607e-06,2.5103956691197027e-09,5.151319371066165e-10
window-7b016325495ec0556781,503_72336_140773,bench,toytruck,0.4301592707633972,False,2.0831749658611898e-09,6.1529881349997595e-06,0.0005348832928575575,0.03256256505846977,0.0409732423722744,5.181404105769616e-08,0.005265116225928068,2.1833739083376713e-05,0.006789417937397957,0.0058053587563335896,8.692098845131113e-07,0.0012324727140367031,9.98097049453861e-10,0.26931649446487427,0.061621472239494324,0.0001370314130326733,2.3298705855268054e-05,5.8792004153929156e-08,0.0003538238233886659,2.845261803940957e-07,0.000376906682504341,1.2651759789150674e-05,0.008866539224982262,0.4301592707633972,0.13594011962413788,7.767000909097987e-08
window-16f1aeb2f686b6c5797c,503_72336_140773,bench,book,0.6389322876930237,False,4.993719812773634e-06,0.00015028280904516578,0.0021800599060952663,0.05026808753609657,0.6389322876930237,6.895497222103586e-07,0.0654190182685852,0.0007642460986971855,0.0007252884097397327,0.0018217418109998107,0.0010839138412848115,0.011911585927009583,2.61333468642988e-07,0.040915027260780334,0.022157734259963036,0.014406643807888031,2.9037815693300217e-05,5.2013328968314454e-05,6.174285226734355e-05,4.9127025704365224e-05,0.0017917912919074297,0.0031605304684489965,0.0003991264966316521,0.010451959446072578,0.12298262864351273,0.010280182585120201
window-bcb299452dfb8b94b16c,503_72336_140773,bench,book,0.8950793147087097,False,7.168025604187278e-07,1.3362759091251064e-05,0.0001062266092048958,0.0002859493251889944,0.8950793147087097,4.8521616946572976e-08,7.888612162787467e-05,0.0011933473870158195,0.00033608858939260244,0.0003670983132906258,1.2974327546544373e-05,0.0003714034100994468,9.402819495241133e-11,0.09471462666988373,0.00048457671073265374,0.0005288046086207032,2.434113639537827e-07,1.446913877600764e-08,0.005681783892214298,1.532685622862573e-08,5.802279247291153e-06,1.1653977480818867e-06,0.0003890602383762598,4.07006882596761e-05,0.00030787382274866104,7.571629545566338e-09
window-128d8d167042a08a13fe,503_72336_140773,bench,microwave,0.7545804381370544,False,1.5709893830262445e-08,9.739400411490351e-05,0.00013121853407938033,0.004670006223022938,0.04988328367471695,6.043675284672645e-07,2.88659030047711e-05,5.321022399584763e-05,0.000818256929051131,0.006197601556777954,1.32074956127326e-05,7.13156841811724e-05,7.670423407546423e-09,0.16960671544075012,0.7545804381370544,0.00015314076154027134,1.1897140211658552e-05,3.343868229421787e-06,9.745230272528715e-06,2.114845187861647e-07,0.00024047154875006527,1.3010471775487531e-05,0.003722976893186569,0.009338409639894962,0.000354533432982862,1.1292412693819642e-07
window-809d663919d3f7e6a6a5,519_74529_145173,bench,book,0.8360217809677124,False,3.435321502820443e-07,2.2125226095681683e-08,0.1423717439174652,0.000972792215179652,0.8360217809677124,8.860418176936946e-08,3.259142999922915e-08,0.0031921551562845707,1.477027805618647e-10,1.3491597883330542e-07,4.0819287505655666e-08,4.390950380184222e-06,6.7559646765857906e-09,9.945599686034257e-07,3.387242486496689e-07,3.2919728255365044e-05,7.27292809310498e-11,4.291394184452457e-10,0.016885435208678246,1.9262100803274507e-09,9.476079643189195e-12,3.188953545674167e-10,6.087328802095726e-05,0.0004559698572847992,3.0702046460717725e-10,2.5041583029405956e-08
window-af336489cddeae681c7c,519_74529_145173,bench,bench,0.6117745041847229,True,1.1822532997030066e-07,8.4099498053547e-05,0.05125907063484192,0.6117745041847229,0.15813912451267242,1.914877884701127e-06,1.1298695881123422e-06,0.0034457340370863676,2.5396291736257126e-09,1.5995681224012515e-06,7.077896952978335e-07,0.0018023087177425623,3.11511811901255e-08,0.12451370060443878,4.686663942266023e-06,0.018949056044220924,1.0882249767973917e-07,1.273717664673768e-08,0.0005025051650591195,7.237481014499281e-08,2.612799754331263e-09,4.386916430121346e-08,0.013991966843605042,0.015510790050029755,7.237653790070908e-06,9.457125088374596e-06
window-5c4e846aceeaa8e5bc49,519_74529_145173,bench,book,0.4889613389968872,False,6.754863193236815e-07,0.002786373719573021,0.004268433898687363,0.33031758666038513,0.4889613389968872,9.085888450499624e-06,0.00047565059503540397,0.13810786604881287,1.2456162323815079e-08,0.0005544074228964746,0.00019537776825018227,4.942897066939622e-05,9.87759904091945e-07,0.0005781403742730618,1.4769161680305842e-05,0.0065319775603711605,2.486293055881106e-07,8.842345522452888e-08,0.00042854814091697335,2.874608329150874e-09,8.562142106427473e-10,1.1303252449579304e-06,3.656961052911356e-05,0.023319721221923828,7.553899195045233e-07,0.0033608239609748125
window-7cb704e5b32dc752c6f8,519_74529_145173,bench,book,0.3870656490325928,False,1.250298009836115e-05,0.0004770842206198722,0.2641332149505615,0.031124215573072433,0.3870656490325928,0.00028474078862927854,0.0003842353471554816,0.0726337879896164,1.050800051416445e-07,0.05502290278673172,0.00020696950377896428,0.043033141642808914,3.0637871532235295e-05,0.00023005373077467084,6.964460226299707e-06,0.004386651795357466,6.357622623909265e-06,4.9209047574549913e-05,0.008213574066758156,1.4806733815930784e-05,6.059908574940209e-09,1.1486899609280954e-07,0.014028836973011494,0.11540098488330841,9.178279287880287e-05,0.003161504864692688
window-87b77ca360831103ba06,580_86066_169648,bench,cup,0.3597387969493866,False,0.2686541676521301,0.0013429124373942614,1.8252626432513352e-07,4.8094884732563514e-06,7.4083982326556e-05,0.007075264118611813,0.04291751608252525,6.687646987302287e-07,1.295241645493661e-06,0.3597387969493866,0.019872082397341728,6.661859970336081e-07,0.07977409660816193,0.00010790264059323817,0.0005021766410209239,4.899480700260028e-06,5.585785856965231e-06,0.06709533929824829,0.1043468490242958,0.00010824389028130099,0.0023726869840174913,6.262030365178362e-05,8.286325282824691e-06,9.225565736414865e-05,4.0151164171220444e-07,0.04583616182208061
window-aa1b4fdc5be6de01bdaa,580_86066_169648,bench,cup,0.6572079062461853,False,0.00036487041506916285,1.831783083616756e-05,5.276181713753658e-09,2.695514069728233e-07,7.202258700544917e-08,9.029191278386861e-05,0.0002454464847687632,5.1500602893383984e-08,5.896683319406293e-08,0.6572079062461853,0.0011942517012357712,1.629442340345122e-05,0.003426011186093092,4.0221859620714895e-08,4.2611236494849436e-07,1.6087831511413242e-08,1.6842184313858866e-09,0.0001885434176074341,0.29831263422966003,3.711448698595632e-06,4.332069238444092e-06,3.1515962746198056e-06,1.3718637092097197e-05,9.099092494579963e-06,5.656608959014875e-09,0.03890042006969452
window-40e207d7eeec4c41b28a,580_86066_169648,bench,wineglass,0.9411136507987976,False,0.016287725418806076,2.7658503313432448e-05,4.908766726430258e-08,4.517215529631358e-06,9.688162094789732e-08,0.00399849284440279,0.002973793540149927,6.768895666198205e-09,1.8854795058587115e-08,0.029238764196634293,2.7508220227900892e-05,7.166311633000078e-08,0.0006596145103685558,6.346194822981488e-07,8.451398571196478e-06,1.4727606867381837e-06,8.926268058040421e-10,8.213745604734868e-05,0.005494594573974609,6.725042567268247e-06,1.7103647564908897e-07,8.03341572463978e-06,3.1222843972500414e-05,3.450856820563786e-05,6.008693986814251e-08,0.9411136507987976
window-362f6f76a3b3360f4c0b,599_92255_182422,bench,bench,0.9054631590843201,True,1.3397269071901974e-07,1.1013127732439898e-05,3.2257824500447896e-07,0.9054631590843201,6.048590535101539e-07,2.135811882908456e-07,1.9319822968100198e-06,3.245893822168e-05,1.33250214275904e-05,2.829557161021512e-06,1.2999823411519174e-05,1.6922084569159779e-06,0.00015110887761693448,4.978111292075482e-07,2.8001011287415167e-06,4.045528214646765e-07,4.481187352212146e-05,0.004272253718227148,0.08551336824893951,0.003180069150403142,5.663727733917767e-06,1.3366594657782116e-06,1.1212619938305579e-05,0.0006415452226065099,4.7559129257024324e-07,0.00063369981944561
window-4646fe243b6d29b515d3,599_92255_182422,bench,bench,0.7561331987380981,True,4.207115580356913e-06,0.01122027076780796,0.00027712550945580006,0.7561331987380981,0.0008527653408236802,2.6439842258696444e-05,0.07349985837936401,0.002581867156550288,2.8776754334103316e-05,0.00015000776329543442,3.0542265449184924e-05,0.00016440129547845572,2.305615822706386e-07,0.000317188270855695,0.021037528291344643,0.0022990619763731956,0.008277764543890953,0.003730972297489643,0.0823812410235405,0.008253997191786766,0.00010761874000309035,3.4893121210188838e-06,0.004206560552120209,0.006595478858798742,0.0025261312257498503,0.015293224714696407
window-02becb314f5058d3add7,599_92255_182422,bench,bench,0.609735369682312,True,2.3563859940622933e-05,0.00017340182967018336,1.3266927453514654e-05,0.609735369682312,0.00015795236686244607,8.861439937390969e-07,0.00014068029122427106,2.9894345061620697e-05,0.0005813595489598811,0.00017292423581238836,0.0006109652458690107,0.0026356044691056013,0.0037551557179540396,0.0001302428136114031,1.5245956092257984e-05,0.00018126625218428671,0.01574535109102726,0.0012205294333398342,0.30187511444091797,0.03126152977347374,8.410568261751905e-05,5.67918050364824e-07,0.0012952396646142006,0.0292263925075531,8.864606570568867e-06,0.0009245994151569903
window-399730f4cd09c7df432a,599_92255_182422,bench,bench,0.7037579417228699,True,1.7817056914282148e-06,4.285877821530448e-06,3.201668619112752e-07,0.7037579417228699,7.329067102546105e-06,4.1005108641911647e-07,6.708999080728972e-07,3.565389476989367e-07,7.756929699098691e-05,3.561588528100401e-06,7.681055649300106e-07,9.93223579826008e-07,0.00015184521907940507,2.3358202270173933e-06,0.00021156140428502113,4.58170660522228e-07,7.01373937772587e-05,9.167552343569696e-05,0.2427680641412735,0.04269407317042351,2.9766968623334833e-07,2.6383027318388486e-08,1.3085450518701691e-05,0.009999135509133339,3.2575758268649224e-07,0.00014096521772444248
window-f674723f7d320ec32172,457_64633_127319,book,kite,0.6986016631126404,False,3.0584482169082605e-10,2.4828599975990073e-07,6.746919098077342e-05,2.9187144368059137e-10,0.3005085289478302,5.368734276589571e-11,1.0058466614282224e-05,2.6981026167050004e-05,3.4429405992852935e-09,1.637705793200439e-07,0.00012193115253467113,0.0006181068019941449,1.44349671105104e-10,0.6986016631126404,5.536244316317607e-06,1.1450630154286046e-05,7.075043242238399e-12,3.042148997989269e-12,2.350574686715845e-05,4.1974312914305756e-09,4.556081876216922e-07,1.5588605606353667e-07,1.7607097788641113e-06,1.9329834231029963e-06,1.2069623522847905e-08,4.4057257841956243e-11
window-5279048c8aaef2af933a,457_64633_127319,book,kite,0.9906913638114929,False,3.660093755852856e-11,1.5576004841477697e-07,6.537452463817317e-06,5.898873056686682e-10,0.00637376494705677,7.97765065813083e-12,3.581251206696834e-08,1.8338909058002173e-06,1.7152119724528347e-08,1.4897011402226212e-09,2.736697206273675e-05,0.0025322819128632545,1.3955835619083867e-11,0.9906913638114929,1.2425243944846898e-08,2.666170257725753e-05,3.595570581316253e-15,4.065543388054316e-11,0.00029648139025084674,8.530123829508796e-11,1.1065236549256952e-06,8.615206326112457e-09,4.141027602599934e-05,9.842207191468333e-07,1.3332419612765989e-09,1.0244316652570015e-13
window-4e9c5fc4de8fd160408f,457_64633_127319,book,book,0.7743770480155945,True,1.3167519519186044e-08,3.658567584352568e-05,0.00045125154429115355,2.0996253624616656e-08,0.7743770480155945,9.722128879730008e-09,7.945716333779274e-07,0.0015611018752679229,1.0193452482099019e-07,1.645273925987567e-07,0.00034964358201250434,0.018000388517975807,7.221094278087037e-10,0.19339211285114288,3.6004037529124844e-09,0.008912957273423672,1.9357092317928704e-11,4.7419613374843905e-11,0.002440598327666521,1.7052828593655533e-10,3.1253389920493646e-07,3.001587458584254e-07,5.659598537022248e-05,0.0004200517141725868,2.055332432027157e-10,6.791315426690758e-11
window-8f9dcbd84a05b8ca8a58,457_64633_127319,book,book,0.8239392638206482,True,1.9299934095329263e-08,4.053569500683807e-05,0.000539920583833009,0.00015607356908731163,0.8239392638206482,3.8673672975164664e-07,5.4080202971817926e-05,1.466819412598852e-05,0.0009266426204703748,5.7190309377119775e-08,0.03838559240102768,0.00012886530021205544,2.8569438654812984e-06,0.1324821263551712,5.41349754712428e-06,0.0009622022625990212,1.0397498954262119e-05,7.926309608663473e-10,0.000756128050852567,2.2848030312161427e-06,8.422368409810588e-06,0.0014881492825224996,6.358110113069415e-05,3.087998629780486e-05,1.4517829640681157e-06,3.396776748765262e-10
window-8634b50a2f76eb766b8e,463_65654_128621,book,book,0.9986854195594788,True,4.022387423141538e-10,2.183834979518906e-08,9.941900316334795e-06,4.2686195911301184e-08,0.9986854195594788,2.3665809312234387e-09,8.436634857389436e-07,0.00012030508514726534,3.515393700581626e-07,1.535146765263562e-07,8.816031140668201e-07,1.8058192381431581e-06,1.7395489562699318e-11,0.0003739267122000456,2.0831603251281194e-06,0.0006560174515470862,1.4169508233408123e-08,2.5396606692651424e-11,9.634719754103571e-05,1.6825031368128407e-09,2.2830674240026383e-08,5.051887455920223e-06,2.4342307369806804e-06,4.4402946514310315e-05,1.495580881361036e-10,1.8223634407066314e-12
window-942bdc80416b9c1851ad,463_65654_128621,book,book,0.9999961853027344,True,2.9759005047529097e-13,4.4690329215058e-10,2.2679881084286535e-08,8.261694106614925e-11,0.9999961853027344,2.5611820607049363e-13,3.2438110530996767e-10,1.5614659787388518e-06,3.0767294961764335e-11,1.246466541093838e-10,7.144594604824306e-08,3.453984120938003e-08,5.385794938249833e-16,5.872302608622704e-07,6.854363188146806e-10,9.521148740532226e-07,1.1924149005432955e-13,1.1017632168900052e-16,6.208908871485619e-07,4.117149753312928e-15,1.658147924521458e-11,5.0533288664667e-10,1.3972716317312006e-09,2.737472193370394e-10,4.042111019812375e-14,7.03910001914978e-16
window-dbfdf4087cd4ff38683a,463_65654_128621,book,book,0.9985365867614746,True,2.35268185141968e-13,1.6648453449175094e-10,2.70317457307101e-08,1.3413415933527517e-09,0.9985365867614746,7.783605010525108e-11,1.2150696448998133e-08,5.3278053968597305e-08,8.051949329512809e-09,9.73152558536583e-10,1.048868057296204e-06,1.0351225654403606e-07,3.883510114372933e-15,0.001425135531462729,1.2805099913748563e-06,3.3416523365303874e-05,1.6192539117280275e-13,2.3962147031680002e-15,2.2296969746093964e-06,1.3124991544988251e-11,1.3355502467837788e-11,3.070640686164694e-10,7.849884298138932e-09,1.146409456254105e-08,7.094866794760124e-12,3.464361501663571e-13
window-bab7381039de346c6909,463_65654_128621,book,book,0.9999923706054688,True,3.889311615823399e-12,1.895610335367337e-09,2.1672439842745916e-08,4.434525247010157e-10,0.9999923706054688,7.6297708385617e-13,2.2224537765680452e-09,2.806951613365527e-07,1.5279842946469557e-09,1.6672766500747116e-09,4.0796486189265124e-09,3.846787066663637e-08,2.743582237210631e-14,1.8517428657105484e-07,4.277133314189996e-08,6.056193342374172e-06,1.0133033735010288e-12,3.209609007471517e-15,4.733192895400862e-07,4.311069391554033e-14,1.7812348818146972e-11,1.3484130478857992e-09,2.7816236425337593e-08,5.171422117200564e-07,4.617629520940747e-13,2.2400455446168303e-14
window-55815bacd36203a91743,517_74144_144536,book,book,0.548715353012085,True,2.4763298824836966e-06,0.0004775181587319821,0.0007018132018856704,8.119681297102943e-06,0.548715353012085,1.0721859098339337e-06,0.0011784180533140898,5.812963763673906e-07,0.22462795674800873,0.022895388305187225,4.81419192510657e-07,0.008263842202723026,5.173760200705146e-06,4.3365413148421794e-05,0.1745307743549347,6.794455839553848e-05,0.0002570461365394294,0.00020603618759196252,0.0007675400120206177,0.0006920216837897897,0.0015902221202850342,0.0004180955875199288,6.591211422346532e-05,0.013972185552120209,0.0005105081363581121,5.560864835274515e-08
window-dd4285067a521ebf7a92,517_74144_144536,book,microwave,0.7208229303359985,False,2.7299504878897096e-09,1.7539095154006645e-07,0.007325370330363512,6.23351252215798e-06,0.0014160218415781856,1.2599619481079571e-07,1.6075327948783524e-05,1.4355300947954674e-08,0.2649892270565033,0.002725119236856699,2.129879561607595e-08,0.0002748582046478987,1.344258066637849e-06,3.5710687370738015e-05,0.7208229303359985,2.1527018390088415e-08,1.925907054101117e-05,0.00014508169260807335,3.4362533369858284e-06,0.0003250208683311939,9.705125876280363e-07,1.3592629329650663e-05,2.928129333668039e-06,0.0015114700654521585,0.00036485708551481366,3.1977425152263095e-08
window-365e2730151e40c0c72b,517_74144_144536,book,chair,0.4447755813598633,False,1.5322818569529773e-09,5.083802079752786e-06,0.01524375844746828,0.0013901483034715056,0.044053804129362106,1.4869249298499199e-06,2.4828616005834192e-05,1.6686304604718316e-07,0.4447755813598633,0.06316536664962769,1.5770864081332547e-07,9.716810745885596e-05,3.3821879696915857e-06,1.791577960830182e-05,0.39648348093032837,4.6141685743350536e-06,8.388116839341819e-05,7.245684514600725e-07,2.8987078621867113e-06,0.012818273156881332,4.401010755827883e-06,9.263602805731352e-06,1.0957505764963571e-05,0.02177472412586212,2.527339711377863e-05,2.7375197078072233e-06
window-34dc1f36211d5765c8e2,517_74144_144536,book,microwave,0.9397057890892029,False,1.6408797876010794e-07,1.9953970422648126e-06,3.993824861936446e-07,2.072366260108538e-05,0.03943896293640137,2.3617642455064924e-06,6.900177686475217e-05,1.2799889148595867e-08,0.016467807814478874,0.0005327762337401509,7.236770670715487e-06,0.00013239354302641004,9.013270982904942e-07,0.0008815616020001471,0.9397057890892029,2.6955838166031754e-06,0.0010480911005288363,1.3166130884201266e-05,0.00016414049605373293,5.9603295085253194e-05,4.669408099289285e-06,0.0011592213995754719,1.3753162420471199e-05,4.416509182192385e-05,0.0002281487686559558,2.261606226738877e-07
window-cba9165fe77381a82fc4,569_82799_163723,book,kite,0.5004440546035767,False,8.615489122121289e-08,0.0008308529504574835,0.00673824455589056,3.31246127416307e-07,0.44256791472435,4.625374003808247e-06,0.0032396793831139803,0.021929394453763962,5.500649058376439e-05,0.00032612684299238026,0.02186863124370575,2.493992360541597e-05,5.966665383994041e-08,0.5004440546035767,5.8801979321287945e-06,0.0014034382766112685,8.547565433225657e-11,2.274377521871429e-07,0.00035031390143558383,3.303309858893044e-05,5.0425574045220856e-06,3.319637107779272e-05,1.057882528243681e-07,0.00013546347327064723,2.190797265821942e-10,3.3708190585457487e-06
window-ec49b07becf3ac407ebf,569_82799_163723,book,carrot,0.4002529978752136,False,3.0046423489693552e-05,0.012438378296792507,0.20899851620197296,0.0011480116518214345,0.053923800587654114,4.1940403150420025e-08,0.01767151430249214,0.4002529978752136,4.552911559585482e-05,0.0015340703539550304,0.03689222037792206,0.18929323554039001,1.7254437878477802e-09,0.046301595866680145,1.8371906662650872e-06,0.020415067672729492,5.883547160578928e-08,1.405484226779663e-06,0.009365634992718697,1.264208719931048e-07,3.769057730096392e-05,0.0003273853799328208,1.2961921129317489e-05,0.00130748120136559,2.847015139195719e-07,8.15999356973407e-08
window-40130d43d49bd8b47ea7,569_82799_163723,book,kite,0.66146320104599,False,2.304637973793433e-07,1.0444234703754773e-06,0.00032152963103726506,5.359706012342258e-09,0.014881730079650879,1.340008139172344e-11,0.016331635415554047,0.07055815309286118,2.707051294237317e-07,1.285027428821195e-05,2.6071125830640085e-05,0.2262946218252182,1.2208332218419105e-12,0.66146320104599,3.4402921755827265e-07,0.009513145312666893,2.82960872614868e-12,4.281637266956295e-10,0.0005240532336756587,3.7071590242021557e-10,3.66402709914837e-05,1.5653964169359824e-07,1.3793577636533882e-05,2.0541847334243357e-05,3.718913024752801e-11,4.9760049414260266e-09
window-5282039d4c5ed4ebb3fd,569_82799_163723,book,kite,0.8442044258117676,False,3.023351382580586e-07,0.0001122799440054223,0.038901232182979584,5.7889955940026994e-08,0.0029176229145377874,6.120719042712608e-09,0.0005011048633605242,0.05585922673344612,4.04699967475608e-05,0.00023854801838751882,0.0006734876078553498,0.0329492911696434,5.379746648159767e-10,0.8442044258117676,1.0769923619591282e-06,0.02133592590689659,8.697113862421446e-11,2.360522977085111e-08,4.60207047581207e-05,8.964359210494877e-08,0.0009557721787132323,6.528711764985928e-06,0.0007301793666556478,0.0005258316523395479,2.3095418910656917e-09,4.449581751941878e-07
window-6eae3d21bfcb3d23f4bf,575_84776_167754,book,book,0.7548061609268188,True,0.00014036452921573073,1.3249426046968438e-05,0.0060674468986690044,0.0004556617059279233,0.7548061609268188,6.043283917733788e-08,0.07329882681369781,0.023266322910785675,4.9536145525053144e-05,5.4101619753055274e-05,4.203350727038924e-06,0.008639282546937466,6.035108981450321e-07,0.011653742752969265,6.688218263661838e-07,0.06636513024568558,0.0005258935852907598,6.08958771408652e-07,0.0042527299374341965,1.9066655454480497e-07,1.8637203424987092e-07,1.685209099377971e-05,0.03615155816078186,0.014236262068152428,5.6980553608809714e-08,2.7737561936191923e-07
window-0f6270d82190b6bc546b,575_84776_167754,book,book,0.6705701947212219,True,1.1907593034266029e-05,3.627313708420843e-05,0.014135812409222126,0.008904743939638138,0.6705701947212219,4.338711789841909e-08,0.0061995782889425755,0.0012645733077079058,0.00019789423095062375,0.0012777682859450579,2.8008730623696465e-07,0.07832752913236618,0.00015117584553081542,0.012102479115128517,2.9860697395633906e-05,0.00046266979188658297,4.809582242160104e-05,3.156307138851844e-05,0.00038891707663424313,1.1333750080666505e-06,1.432693011338415e-06,2.955617219413398e-06,0.06219535320997238,0.14363345503807068,5.623129254672676e-06,1.868948311312124e-05
window-a15bf11a9416293d0098,575_84776_167754,book,mouse,0.44398728013038635,False,0.00029992443160153925,0.0014976983657106757,0.001667675911448896,0.001664644223637879,0.2819560766220093,5.3887394102503094e-08,0.02695254422724247,0.0033999828156083822,1.3319419167601154e-06,0.0008154190145432949,1.5170552615018096e-05,0.004699158947914839,4.77051580674015e-05,0.03674757853150368,1.3682591770702857e-06,0.44398728013038635,1.967552634596359e-05,4.925427674606908e-07,0.0017032086616382003,4.835516733692202e-07,1.951558715518331e-06,2.8936115086253267e-06,0.08175887167453766,0.11270124465227127,3.822076178039424e-05,1.9255114239058457e-05
window-17eacce66909a15b8acb,575_84776_167754,book,mouse,0.49448642134666443,False,0.004937529098242521,0.0005489725735969841,0.011867095716297626,0.016060812398791313,0.2693256139755249,5.212173732616066e-07,0.03915656358003616,0.03945217654109001,7.50321441955748e-06,7.760999869788066e-05,2.6844303647521883e-05,0.014811083674430847,0.0007187190931290388,0.07632450014352798,5.119563795119575e-08,0.49448642134666443,0.002605878049507737,7.506041583837941e-06,0.0020112579222768545,1.035023501572141e-06,2.0309175852162298e-06,1.1729538300642162e-06,0.02441294491291046,0.003150126663967967,2.207475063187303e-06,3.825610292551573e-06
window-d2a12a5cd988ce0636b6,589_88155_174470,book,book,0.9874706864356995,True,2.5068816285056528e-06,2.0239735931681935e-06,0.0016267158789560199,0.00019476900342851877,0.9874706864356995,3.914140123129073e-09,0.00010851532715605572,3.396123429411091e-05,8.99653628039232e-07,0.002971797715872526,6.739829404978082e-05,3.315654339530738e-06,1.633132917788771e-08,0.00018102946341969073,1.5473272014787653e-06,0.0001855081063695252,1.3821353661569447e-07,3.4420727956785413e-07,0.000167700374731794,3.179384222562476e-08,1.1386611049601925e-06,4.3931044046985335e-07,0.006512289401143789,0.00046474678674712777,5.774368219135795e-07,1.924772959682741e-06
window-1fecb0cf5dd4290524f0,589_88155_174470,book,book,0.9789575338363647,True,2.122214581845583e-08,4.4259718379180413e-07,0.006947139278054237,1.6252655768767e-05,0.9789575338363647,9.42025213390707e-09,6.129987013991922e-05,0.0005586622282862663,4.572171746985987e-05,0.0009808479808270931,8.749562402954325e-05,4.851115227211267e-05,1.7917374528497731e-10,0.010032150894403458,7.498457125620916e-05,0.00010736373951658607,4.860211122448277e-10,1.4278772653142369e-07,7.859784818720073e-05,6.340401093041237e-09,1.7576018080944777e-06,5.7239662965002935e-06,0.0018876305548474193,0.00010239025141345337,5.292533842293778e-07,4.728105977847008e-06
window-85f102b506fbae45bd89,589_88155_174470,book,book,0.9975233674049377,True,6.621306880560951e-08,2.404647432285856e-07,4.891069693258032e-05,1.4814957467024215e-05,0.9975233674049377,3.98712707294635e-09,3.891513551934622e-05,2.0294739897508407e-06,1.90040782399592e-06,0.0016086585819721222,2.980507633765228e-05,8.049976713664364e-06,5.208053432959048e-10,0.0005157970008440316,1.987779342016438e-06,8.337090548593551e-05,7.725596273822077e-10,3.001686010861704e-08,1.0493482477613725e-05,3.127586634121826e-09,1.5898025651495118e-07,6.844088147772709e-06,8.689358219271526e-05,1.7340886188321747e-05,3.397517289727148e-08,2.923879378613492e-07
window-5dd3e0230ed08e32e7a2,589_88155_174470,book,book,0.9465597867965698,True,3.8796966350673756e-07,8.083056854957249e-06,0.003268748288974166,8.362230437342077e-05,0.9465597867965698,6.381318140569192e-09,2.0553788999677636e-05,0.00013614933413919061,6.725507773808204e-06,0.0007896962342783809,0.000892902840860188,2.965373823826667e-05,9.231209929794204e-08,0.004222096409648657,5.324062612999114e-07,0.0002928595058619976,5.309849449020021e-09,4.624208031600574e-06,0.00011930653272429481,3.304313711538498e-09,4.131170499022119e-06,6.390962880686857e-06,0.042620036751031876,0.0009318264201283455,8.586633839513524e-07,7.987800927367061e-07
window-b67f84b54be24984a63e,69_5418_12829,bowl,bowl,0.9155301451683044,True,3.3800424716901034e-05,0.0015230084536597133,3.945697608287446e-05,0.00021523689792957157,3.219701056877966e-06,0.9155301451683044,2.342955411904768e-07,1.0971920119118295e-06,2.3319541853084047e-09,0.00016707699978724122,2.4640062292746734e-06,3.0143945672911343e-10,2.5297584215877578e-05,5.731436658606981e-09,4.116397001041605e-09,8.134738891385496e-06,4.718482493615284e-09,0.00017992018547374755,8.080116913333768e-07,1.2170345087270107e-07,2.1463730348614263e-08,6.23712817504618e-11,2.652337570907548e-05,0.003175762016326189,4.249769702813211e-10,0.07906763255596161
window-7a95dcb5d475abbbd60c,69_5418_12829,bowl,bowl,0.8225067257881165,True,2.640551656440948e-06,2.6528794023761293e-06,0.00023305964714381844,7.002619531704113e-05,0.13493604958057404,0.8225067257881165,1.924765638250392e-05,1.565427919558715e-05,7.184070454968605e-06,6.0382419178495184e-05,0.0011154753156006336,1.657494794926606e-05,1.9637177501863334e-06,2.484966614701989e-07,2.155057700292673e-05,0.00015112379333004355,0.0009523694170638919,0.0013124773977324367,0.002522845519706607,0.0006247179117053747,2.286820290464675e-06,1.6731290131133392e-08,0.0002847727155312896,3.256383934058249e-05,2.0728830207872306e-08,0.03510730713605881
window-37d37fc5ba0e28c3d6fe,69_5418_12829,bowl,bowl,0.6978369355201721,True,4.64311488030944e-05,4.256046668160707e-05,0.0005245574284344912,0.00248809065669775,0.04239145293831825,0.6978369355201721,1.1056818948418368e-05,3.6333662137622014e-05,2.2839699340693187e-06,0.0032713727559894323,0.004551047459244728,1.0514014547879924e-06,5.6287932238774374e-05,4.123933479149855e-07,1.672757207415998e-05,1.9782020899583586e-05,0.0012286310084164143,0.02721915766596794,0.004545991774648428,2.6273408366250806e-05,0.00010840929462574422,6.110559525041026e-08,0.000833642843645066,8.815353066893294e-05,3.875612364367953e-08,0.21465322375297546
window-4e6a4888947cd79fca01,69_5418_12829,bowl,bowl,0.9986059069633484,True,1.8789676687447354e-05,1.8224714949610643e-05,4.024747613584623e-05,1.9643226551124826e-05,0.00013055239105597138,0.9986059069633484,1.0889024082416654e-07,1.1468036063888576e-05,4.708140295406338e-07,4.274645107216202e-05,9.64997525443323e-06,8.618360247680812e-09,2.7063326342613436e-05,4.8447194700429463e-08,3.207219023693142e-08,1.2379792678984813e-05,5.247276021691505e-06,0.0003857772971969098,7.26183207007125e-05,0.00031695488723926246,7.912024102552095e-07,3.1498773034321914e-10,1.213032373925671e-05,3.820900383288972e-05,3.3255823095323933e-10,0.00023095932556316257
window-0fc4ad383dc42fc31036,70_5861_13666,bowl,bowl,0.9947370886802673,True,1.2377582606859505e-05,2.7917289116885513e-05,0.0001022965443553403,1.9980100205430062e-06,3.3859455239593217e-09,0.9947370886802673,0.0012447162298485637,1.0623426533129532e-05,2.3759028522363224e-07,0.0010783931938931346,0.0026063912082463503,1.1490124052215833e-07,2.1164158425790447e-08,1.8416319846892293e-07,4.504975368035957e-05,3.566741361282766e-05,6.443804601019565e-09,1.4488292663372704e-06,2.308043463017384e-07,1.7849205447006966e-10,1.7166462384921033e-06,7.611768992887846e-09,1.1141385130031267e-06,3.926211604721175e-07,2.142683342754026e-06,8.980950224213302e-05
window-2ba6981884f2e6229e3b,70_5861_13666,bowl,bowl,0.9982073307037354,True,1.413192421750864e-06,4.909179097012384e-06,1.569819346514123e-06,5.68614026974501e-08,1.1900112839580146e-10,0.9982073307037354,0.00030960803269408643,7.686262648576303e-08,2.818039845919884e-08,0.0002861448738258332,0.0011784856906160712,1.1787064657653445e-08,7.900837317720288e-09,1.3465280446212091e-08,2.1892733457207214e-06,4.8621973292029e-07,2.260002740506195e-10,1.7709209032545914e-07,5.8271371727869337e-08,2.4542850390885107e-11,4.15214208260295e-06,3.759820010884596e-09,2.1122131599327076e-08,5.433320460213054e-09,3.6696923189083464e-07,2.8737936190736946e-06
window-4dbf86b8af0c3e52a239,70_5861_13666,bowl,bowl,0.9950153231620789,True,5.934504770266358e-06,2.8112437576055527e-05,1.0897828133238363e-06,1.5167163525120486e-08,6.077678638138906e-11,0.9950153231620789,3.858227137243375e-05,3.4867713338826434e-07,6.9903580701691226e-09,0.0006690197042189538,0.004224295727908611,1.9002088791353344e-08,1.4189785346729877e-08,1.2318428055380082e-08,3.1413010219694115e-06,3.0021822112757945e-06,2.0108002762864174e-10,1.358841359433427e-07,2.687473532603235e-08,1.7154623208059938e-11,5.438220341602573e-06,1.778327707313565e-09,1.6583783235546434e-08,4.089909744209308e-09,2.8743335178660345e-07,5.1224437811470125e-06
window-ea14e4c2cab2a286bbb5,70_5861_13666,bowl,bowl,0.9963388442993164,True,7.942247611936182e-05,6.377151294145733e-05,3.1673573630541796e-06,5.527257229687166e-08,2.2618383554995347e-10,0.9963388442993164,0.0007104591932147741,4.073773993695795e-07,8.797589323705779e-09,0.0012605590745806694,0.0014500424731522799,1.1724208270891268e-08,7.170751814555842e-08,2.807689014616699e-08,5.571304427576251e-06,1.1813515357061988e-06,4.4755861239309525e-09,1.2719652886516997e-06,6.532731333663833e-08,1.053732101574667e-10,9.874671377474442e-06,1.422174933374265e-09,4.6468596082149816e-08,4.208154713580825e-09,2.574488235040917e-06,7.258036202983931e-05
window-af56b19241c441441cf5,70_5950_13767,bowl,bowl,0.9993089437484741,True,2.196989812297545e-10,1.1317474957195373e-08,7.220465558788192e-09,4.9725161765934445e-09,8.261500614474213e-14,0.9993089437484741,6.284270170908712e-08,4.810729592463758e-09,4.7816143933232524e-08,1.3949885158126563e-07,0.0006905121263116598,1.2254409709200331e-09,1.6012559334033227e-11,8.872646367619197e-11,1.2481177869005933e-08,6.6584435742811365e-09,5.831639966931423e-13,1.7430272691854043e-07,4.357052496573033e-10,1.14720366995065e-13,1.2902795276659162e-08,8.270429674439583e-09,3.3374185359758e-11,1.1706193306371127e-11,4.659107544213725e-10,4.0783479704487036e-08
window-4f69edfaf8a2d0cba6a1,70_5950_13767,bowl,bowl,0.9989942908287048,True,1.0775597081291721e-10,6.917797001904091e-09,3.877016485631657e-10,2.572203006145912e-10,1.5645926733560446e-14,0.9989942908287048,2.4799160058819325e-08,4.967062317007276e-10,6.534191410167978e-09,3.1171335734825334e-08,0.0010056054452434182,6.657444734381457e-11,1.1584096529237975e-11,7.1083750864675554e-12,7.088412079525597e-10,2.5577123752285047e-10,8.781296273897149e-14,2.4846459112382036e-08,3.650291457990562e-10,1.6675029412827058e-14,3.995299646675221e-09,7.592991124738546e-09,2.1809754523205438e-12,6.935023302151455e-13,3.5861376368462317e-11,4.042757240085848e-09
window-01ad874ab84eead3688b,70_5950_13767,bowl,bowl,0.9978735446929932,True,1.0535737837713555e-09,9.72967484358378e-08,2.7029449789495175e-09,1.3219692007737649e-09,3.721709897729075e-13,0.9978735446929932,3.002202788593422e-07,3.90674426142823e-09,5.534166191978329e-08,3.4671040793909924e-07,0.0021248881239444017,5.397691626995993e-09,1.3858734992933108e-10,8.934229744905764e-11,6.5710668017970875e-09,3.864117470442352e-09,1.743226873615611e-12,3.792440850247658e-07,2.8931241846663625e-09,1.8855095707415864e-13,2.3046540320592612e-07,1.6160122129349475e-07,3.1579384940361166e-11,1.0596631211390317e-11,3.5404915110781587e-10,6.509657168862759e-08
window-009473dd0d990d595515,70_5950_13767,bowl,bowl,0.9994593262672424,True,8.801608331054922e-09,4.3542812022678845e-08,6.964514520646503e-10,1.092793286416871e-10,5.906423760455512e-14,0.9994593262672424,1.6569717331549327e-07,1.0790122129122892e-09,3.518960012272032e-09,4.239817315010441e-07,0.000539106666110456,1.2095064949591006e-09,3.475872090152876e-10,1.5938602868081908e-11,7.077645136632782e-10,3.4963915096497544e-10,5.303868889222629e-12,8.204980304071796e-07,2.7560063120546374e-09,1.2253307363988691e-13,1.3748363869581226e-07,9.466081252185177e-09,1.1386286878634078e-11,1.2418531914609732e-12,3.035869888812215e-10,4.671524678201422e-08
window-0429cb8ef1b756078c43,70_5965_13782,bowl,bowl,0.9991017580032349,True,2.0343625395380371e-10,6.1597722478268224e-09,6.817101994016639e-09,3.61507734858435e-09,2.087079356452408e-14,0.9991017580032349,1.364203399134567e-07,3.2853120224274335e-09,4.121113228450213e-09,1.0037678244145809e-08,0.0008979638805612922,1.3201213733271544e-10,1.4282677471277871e-11,2.4404563439550664e-11,1.0506583159042293e-08,8.850969956952781e-10,2.0992813065147387e-13,5.717969031593384e-08,3.080887767126228e-10,2.3870408281294678e-14,8.274032126109887e-09,7.114386413320517e-09,5.927380114512104e-12,2.967201137571429e-12,8.295070186292719e-11,2.730162318442808e-09
window-f335a4ed2d8472254c71,70_5965_13782,bowl,bowl,0.9994220733642578,True,5.804985381274719e-10,6.023626930584669e-09,3.6698555305747504e-10,8.972430437514944e-11,2.1108801352373065e-14,0.9994220733642578,1.1129941412946209e-07,4.724066693384543e-10,1.885096301279532e-09,3.00695219834779e-08,0.0005776851321570575,2.918973049381712e-11,7.688309190678755e-12,4.8082579584551866e-12,1.2152492345762766e-09,1.3570297663356712e-10,6.818203906197931e-14,3.5526170449884376e-08,5.008143899587481e-10,1.5172001635176298e-14,1.2900366996859702e-08,2.546816091353321e-09,2.5052243265988317e-12,8.115312892173487e-13,1.7986220152144128e-11,1.9753945146305796e-09
window-7a4854f3d030f708658c,70_5965_13782,bowl,bowl,0.9985029697418213,True,7.70245023318239e-09,2.088367807573377e-07,2.2798177568006395e-08,1.3861408909576767e-08,1.890525496567319e-12,0.9985029697418213,6.321875389403431e-06,2.068332172200371e-08,1.4009998494657339e-07,9.199516171065625e-07,0.001486720284447074,1.0490017743336466e-08,1.6915770173486777e-10,4.454807911447034e-10,1.083433005533152e-07,2.3822845918175517e-08,7.2650613823499466e-12,1.2221375982335303e-06,4.879614046160441e-09,4.3694876276229033e-13,9.010454959934577e-07,8.645513105420832e-08,3.0314439847245467e-10,4.9717428091122784e-11,5.142695158610877e-09,2.870793878173572e-07
window-176255c3454f100e5e4a,70_5965_13782,bowl,bowl,0.9997618794441223,True,3.6313007711896717e-08,8.601114132034127e-08,2.880087945911214e-09,2.1931279015063865e-10,2.7342960794846105e-13,0.9997618794441223,6.709622084599687e-06,3.085947331005201e-10,4.021152744115852e-09,1.1834414408440352e-06,0.0002286139060743153,7.209007280017943e-10,1.4063243625184185e-10,3.666650663647353e-11,3.1261404132010284e-08,3.7181763223870234e-10,8.454192207407729e-12,1.2292167639316176e-06,2.1407240424764495e-09,4.4185033236388005e-13,2.4820215571708104e-07,1.1458388904372896e-08,2.137824986481185e-11,2.2162918202062176e-12,5.663308932923883e-09,4.839690959101972e-08
window-f7d8b654ba216a097450,70_6096_13923,bowl,bowl,0.9990414977073669,True,4.9889483655363165e-09,6.943985653151685e-08,8.671480422606237e-09,1.7453231082598109e-09,2.591927323811194e-13,0.9990414977073669,8.153230055540917e-07,9.263477984688961e-09,1.2031973639636817e-08,1.7809878727348405e-07,0.0009570654947310686,7.294236326060854e-10,5.7607665165937405e-11,4.3117215353660754e-10,4.6256474206529674e-08,7.808728774705287e-09,1.4613660758930336e-12,1.2954454575719865e-07,9.212182683349113e-10,8.186937998193311e-14,8.041777732614719e-08,2.0144104162511667e-09,1.6939231961554668e-10,8.171813919988224e-12,1.3205938564908593e-09,4.932897113008039e-08
window-7986141cbec85046083a,70_6096_13923,bowl,bowl,0.9996263980865479,True,5.077340770043293e-09,3.2276329164915296e-08,3.672356585493475e-10,1.0314157167234939e-10,2.127643594889827e-14,0.9996263980865479,6.664282636847929e-07,1.7584737832532227e-10,5.1403272749439566e-09,5.212823452893645e-07,0.0003721277171280235,1.0976305281351628e-10,6.081239678490391e-11,2.474099397575813e-11,5.6049351826459315e-09,1.955238193573905e-10,2.9891784577087965e-13,4.236772710441983e-08,4.6431261613300023e-10,5.986081449320738e-14,1.2870836485490145e-07,3.230217870964225e-09,6.0275738393567035e-12,2.255486379262872e-12,3.6429720351449646e-10,4.989222812668004e-09
window-558ce3190703a0f30738,70_6096_13923,bowl,bowl,0.9996285438537598,True,9.480370266601312e-09,4.7091606347748893e-07,1.0722789767214636e-08,6.5197349741197286e-09,5.462205123971109e-13,0.9996285438537598,4.31319040217204e-06,3.553315197635243e-09,4.795290351466974e-07,9.62897615863767e-07,0.00036117187119089067,5.305394878973857e-08,4.5346609800489546e-10,4.611301618329122e-10,1.1181333547938266e-07,6.830994436768378e-09,1.1294786286808467e-11,2.140186552423984e-06,3.19467496900927e-09,3.056524759854906e-13,1.2279525662961532e-06,8.955625219186913e-08,3.0523233940371597e-10,1.6322047879935297e-11,6.185347789511297e-09,2.2861314619149198e-07
window-3f5f1bab6aa0c60e54de,70_6096_13923,bowl,bowl,0.9995177984237671,True,7.840191074137692e-08,2.357989927759263e-07,2.211438809851529e-09,2.4810192789104235e-10,5.063066936192295e-13,0.9995177984237671,4.145956609136192e-06,1.0487043455853495e-09,1.0435907249473075e-08,1.911525487230392e-06,0.0004729677166324109,3.8102965227437835e-09,1.6726919849219257e-09,3.1146027423822886e-10,3.226507061526718e-08,6.145983166838676e-10,2.790441142042077e-11,1.8246131503474317e-06,4.92919705052941e-09,2.4692424754196862e-12,7.772382559778634e-07,8.346042967843914e-09,5.445919062929683e-11,6.055529775533808e-12,1.0358408353283721e-08,1.8064068285639223e-07
window-33da32b4ea5e6a0eb6f2,70_6255_14132,bowl,bowl,0.9997270703315735,True,6.800942586870917e-10,1.7465751511736016e-08,1.381264613797839e-08,2.7818711778593297e-09,3.0784866301113156e-13,0.9997270703315735,1.6396700175391743e-06,2.547894561999442e-09,5.7907694639425245e-08,2.9225647679709255e-08,0.0002708739775698632,5.384179768697095e-09,3.5989062424635065e-11,5.669950620124098e-10,1.527410731227974e-08,2.297602552658873e-09,6.849672196627965e-13,2.1892120116717706e-07,1.7816031983031166e-09,7.525157255140746e-14,1.670004579068518e-08,4.0959977631871425e-09,2.002456117589091e-10,7.211760702507952e-12,6.992645906755968e-10,2.8357499459730207e-08
window-0394344a3626ff7c9e0b,70_6255_14132,bowl,bowl,0.9993222951889038,True,1.378615333003097e-09,2.2098564755879124e-08,2.991890957204646e-09,1.0245018167154285e-09,1.5171738377336291e-13,0.9993222951889038,1.3308883808349492e-06,3.244694957160732e-09,7.53626050453704e-09,4.702250322452528e-08,0.0006761645781807601,5.555064741535887e-10,8.086761815739862e-11,9.211938156727939e-11,8.715177912677063e-09,3.5993041880288956e-10,4.2329532348901744e-13,5.855003948340709e-08,5.514981804566332e-09,1.5478854905725398e-13,4.9269576862798203e-08,2.1666750615878527e-09,3.0607943263261106e-11,7.922589667641589e-12,1.104166133525375e-10,1.0537121397646843e-08
window-6ba8da912999e9cbc94d,70_6255_14132,bowl,bowl,0.9997168183326721,True,3.1194462568606696e-09,8.691343822420095e-08,5.33970867522271e-09,3.0646234439046793e-09,2.5541791988728524e-13,0.9997168183326721,2.8572831070050597e-06,2.878046911902743e-09,9.651334664795286e-08,2.402124437139719e-07,0.00027942692395299673,9.735118489118122e-09,6.823581977233317e-11,1.9647240778741804e-10,2.5416474258577182e-08,3.0007718532232275e-09,1.3175232389459057e-12,2.0942653122801858e-07,6.311534406222563e-09,1.3741258293991504e-13,1.3265930931538605e-07,5.538181913067319e-09,1.851773595573647e-10,8.059547820793433e-12,1.198111165834348e-09,6.522602546965572e-08
window-50e2806236ac0bf32868,70_6255_14132,bowl,bowl,0.9993340373039246,True,4.8884025716233737e-08,2.0960644064871303e-07,1.2654081338325796e-08,3.7515279771582755e-09,4.480966812880904e-12,0.9993340373039246,5.9382120525697246e-05,5.967018545938174e-10,4.959647981195303e-08,1.353820516669657e-05,0.0005892543122172356,8.751193547595904e-09,9.80213799017804e-10,3.0897746583491426e-09,4.0882460439206625e-07,1.1754155426757507e-09,3.905122059055799e-11,2.1484977423824603e-06,9.81518333276199e-09,1.7126791304611366e-11,4.899606551589386e-07,2.055700143444028e-08,1.3022724565381338e-10,4.6650818624760504e-11,9.052338612036692e-08,2.859057417481381e-07
window-216e8463cddeda710e6b,387_46579_92829,cake,ball,0.35292065143585205,False,0.33320778608322144,0.35292065143585205,4.960795649822103e-07,4.6232971726567484e-06,2.6439753497697893e-08,1.7910882776916992e-09,6.309184391284361e-05,7.532551649092056e-08,1.0438552067171258e-07,0.00640534795820713,3.506100298977799e-08,1.4531253782479325e-06,0.0001354561245534569,2.3505657736677676e-05,7.171421095852892e-11,0.004382343962788582,1.0379418435846333e-09,0.005242978688329458,1.2712037460005376e-05,6.186454811540898e-06,0.28803470730781555,5.875259168064417e-10,0.0004945380496792495,0.008915378712117672,3.5847486287821084e-05,0.00011256362631684169
window-14fa9280b60c7b944fa3,387_46579_92829,cake,ball,0.7390801906585693,False,0.027588732540607452,0.7390801906585693,6.267411663429812e-06,0.00014476172509603202,2.6466414055903442e-06,2.378504060374098e-09,0.0006626461399719119,2.9671991796931252e-05,5.17625892371143e-07,0.04364035278558731,1.5331264648921206e-06,8.976167009677738e-07,0.0005326520185917616,0.0007766266353428364,4.5781975432923616e-11,0.013892759568989277,6.904219418402135e-08,0.011730901896953583,2.217316250607837e-05,2.177293208660558e-05,0.0023608929477632046,3.161372275073404e-09,0.012087246403098106,0.010786399245262146,1.7967133317142725e-05,0.13661229610443115
window-8163df5ea9a72c453ad4,387_46579_92829,cake,ball,0.4441695809364319,False,0.018238257616758347,0.4441695809364319,1.5208504464681027e-06,4.789714512298815e-05,1.0438800046586039e-07,6.853159817410415e-09,0.0006938829319551587,1.7869313069240889e-06,5.826411211273808e-07,0.011792578734457493,3.139299451504485e-07,8.145372021317598e-07,0.0024913442321121693,1.2003372830804437e-05,5.136065184263572e-11,0.00773202907294035,2.9541262769328114e-09,0.015124342404305935,0.00043298688251525164,1.2065796909155324e-05,0.1823398917913437,6.4299712221327354e-09,0.0019576954655349255,0.309303879737854,7.283319405360089e-07,0.00564570352435112
window-1f579ff4b919ca284937,387_46579_92829,cake,ball,0.9100614786148071,False,0.006334672681987286,0.9100614786148071,7.819661362873376e-08,3.353872671141289e-05,6.256809115257056e-08,1.7889270509385824e-08,0.0009316979558207095,4.40705605342373e-07,3.409402040688292e-07,0.001860509510152042,8.853543249642826e-07,5.1435558816592675e-06,0.00036322418600320816,2.932450115622487e-05,2.7473121000376466e-11,0.00021762680262327194,4.763702765586686e-10,0.0030878265388309956,0.00041789308306761086,7.9857172750053e-06,0.06848634034395218,5.289037208200398e-09,0.0005391737213358283,0.007394112646579742,6.968422439967981e-06,0.00022072362480685115
window-a6177eda9bfce5bfd2e9,398_50637_99372,cake,sandwich,0.9508989453315735,False,0.00031862923060543835,0.0003920825256500393,8.125436579575762e-05,0.0014215586706995964,4.5241449697641656e-08,7.152928027664984e-09,0.001128245610743761,0.04181207716464996,1.0705565323121391e-08,1.458705298773566e-07,1.4409783034352586e-05,0.0004348467628005892,0.0003285978746134788,0.00014218907745089382,3.2719802334213455e-07,9.441401743970346e-06,3.875393517205339e-08,4.74927810500958e-06,0.9508989453315735,9.572885574016254e-06,1.575769238115754e-05,6.188176939758705e-07,0.00015526852803304791,0.0028099671471863985,8.316879984704428e-07,2.031659460044466e-05
window-2d233cb57b9189a93b73,398_50637_99372,cake,sandwich,0.36107969284057617,False,0.08119137585163116,0.1625656932592392,0.008797944523394108,0.017461955547332764,1.8547610807218007e-06,1.0406458805789498e-08,0.0008523711003363132,0.22661621868610382,5.148633519524992e-09,1.901162477224716e-06,4.897909821011126e-05,0.003258628537878394,0.01566718891263008,0.0009559121681377292,3.576591325327172e-06,9.432310616830364e-05,1.2097283615730703e-05,2.651926706676022e-06,0.36107969284057617,3.8616817619185895e-06,0.00010184024722548202,4.518347395787714e-06,0.05525883287191391,0.06599745899438858,1.8023283701040782e-05,3.077979272347875e-06
window-b8f520b5b73ca1fa4348,398_50637_99372,cake,sandwich,0.6348240375518799,False,0.00013586324348580092,0.005715604405850172,0.001076609711162746,0.00046090592513792217,3.768488750210963e-05,2.2683706024650974e-09,0.0012266177218407393,0.040705934166908264,2.1900672386721e-09,3.067627767450176e-05,0.0012261252850294113,0.00029402264044620097,0.002124026883393526,0.0075858477503061295,6.375541374836757e-07,6.567871423612814e-06,2.3053287350194296e-06,5.862684702151455e-07,0.6348240375518799,0.00021851282508578151,9.652451808506157e-06,5.868564016964228e-07,0.018649566918611526,0.2856638729572296,1.02376804989035e-06,2.7515916372067295e-06
window-78d484a267ff6f4cd24b,398_50637_99372,cake,toytruck,0.5695767402648926,False,0.0007506487309001386,0.1255006194114685,0.013486284762620926,0.0011440265225246549,1.140999401627596e-07,2.0428500135949434e-07,0.002567891962826252,0.0021142703481018543,1.3754176961811027e-06,0.00042001737165264785,0.0004067649133503437,0.0033991686068475246,0.022062331438064575,0.0028891111724078655,2.7879568733624183e-06,7.997894499567337e-06,2.220248916273704e-06,1.562999386806041e-05,0.2531317174434662,0.00021196596208028495,0.0005788527778349817,0.00011798560444731265,0.0015182375209406018,0.5695767402648926,5.936565230513224e-07,9.247619891539216e-05
window-c7fe2be5cd354c2ec0cc,400_51530_101489,cake,toytruck,0.5309752821922302,False,1.5423138393089175e-05,0.004141338635236025,0.0001985183625947684,5.571073913301916e-08,0.0003760801628232002,7.409822533332999e-09,0.0012647425755858421,0.001733629615046084,2.098436925734859e-05,0.00013840310566592962,3.2062300761026563e-06,0.057831812649965286,4.016735692857765e-05,2.3364280423265882e-05,0.00015400863776449114,0.00019080193305853754,2.7943985969614005e-06,0.058829739689826965,0.31834617257118225,5.7682804310843494e-08,0.025300322100520134,3.0317710564276013e-09,0.00038393426802940667,0.5309752821922302,1.8598746009956812e-07,2.89929721475346e-05
window-e6179ec3dd8ce84ac6e2,400_51530_101489,cake,toytruck,0.7153993248939514,False,6.185904931044206e-05,0.0002463950659148395,1.3490233641277882e-06,1.5383616158715085e-08,8.094965778582264e-06,1.6740086650202102e-08,0.0002340653445571661,0.00011124292359454557,7.071801974234404e-06,3.726370050571859e-05,1.7262624396607862e-07,0.009088817052543163,1.1408081263653003e-05,2.169980746202782e-07,1.2564954658955685e-06,3.534933421178721e-05,1.2741844557240256e-06,0.09969816356897354,0.0039000441320240498,3.0536011497162008e-09,0.16632728278636932,2.069654343739291e-11,0.004737600218504667,0.7153993248939514,1.5217730719996325e-07,9.145297372015193e-05
window-5cc7a45ab13b03f5c262,400_51530_101489,cake,toytruck,0.7604186534881592,False,5.864381091669202e-05,0.007056349888443947,2.946124368463643e-06,1.6595102181327093e-08,0.000719360657967627,4.732872582735581e-08,0.0002527431643102318,0.0009730327292345464,4.23543133365456e-05,0.00015799228276591748,1.7067948476778838e-07,0.038934655487537384,7.289116911124438e-05,4.629567229130771e-06,6.018503881932702e-07,0.00011276057921350002,6.6810694079322275e-06,0.14598634839057922,0.005437524989247322,4.4455777015173226e-07,0.035587526857852936,2.586452163555464e-10,0.0033037755638360977,0.7604186534881592,4.827490585057603e-08,0.0008697775774635375
window-10fdaac424ab0241edd0,400_51530_101489,cake,toytruck,0.7823803424835205,False,3.952871793444501e-06,0.00017477877554483712,5.827554105053423e-06,1.2389079984131968e-07,0.00013180405949242413,4.63135707562401e-09,0.005260290112346411,4.712566806119867e-05,0.000587231945246458,7.338659634115174e-05,7.691674142051852e-08,0.08132144063711166,2.4542969185858965e-05,1.6192869225051254e-05,0.00016892790154088289,3.045789753741701e-06,2.601362609766511e-07,0.01996202953159809,0.01710270531475544,1.0877538159093092e-07,0.09190032631158829,1.274954031238451e-09,0.0008038401720114052,0.7823803424835205,1.0668001777958125e-05,2.095688796543982e-05
window-2673afd5bf0fcdba61ae,402_52404_102594,cake,cake,0.759407103061676,True,0.004984123632311821,0.003917067311704159,0.00011213208927074447,4.524669066086062e-07,0.00022346986224874854,7.1061005968431346e-09,0.759407103061676,0.2156711220741272,1.925177656181276e-10,6.489991211111601e-09,1.0192216905124951e-05,7.195611033239402e-06,2.8581544242456403e-08,1.6502228845638456e-06,8.48621381499548e-11,0.004881340079009533,1.2121777359652697e-08,5.2747882506309907e-08,0.010609094984829426,5.99503502396459e-11,3.9275630570045905e-07,3.7224218374376505e-08,0.00012695655459538102,4.765958874486387e-05,4.698222921817319e-10,6.104310834587068e-09
window-3557c60fd64762f23851,402_52404_102594,cake,cake,0.9972877502441406,True,0.0005660412134602666,0.0007095327018760145,4.01608616584781e-07,6.057294399397506e-07,2.5659210223238915e-05,1.1578268344081266e-09,0.9972877502441406,0.0006660766084678471,5.963028959499184e-10,4.5319922037379e-08,2.705998440433177e-06,2.2713490466230724e-07,3.942422921454636e-08,3.499513354654482e-07,3.7850000911276993e-10,0.0006263796240091324,1.4963942307488765e-09,8.811975362732483e-07,7.506780093535781e-05,2.784565980573639e-11,2.0775466964551015e-06,7.353452513569891e-09,1.8951752281282097e-05,1.7188443962368183e-05,2.3624294187563066e-10,3.7714609213423955e-09
window-4572c746b0b93e14b212,402_52404_102594,cake,cake,0.9970179796218872,True,0.0008301635389216244,0.0004753155226353556,5.6185864849567224e-08,7.449170425388729e-06,9.695788321550936e-06,9.493837893614909e-08,0.9970179796218872,0.0006178330513648689,5.358846699721198e-09,4.790886265482186e-08,1.8669418011540984e-07,1.0821035175467841e-05,4.471665349115028e-08,1.1218204321039593e-07,1.4039615026106844e-09,3.4006607165792957e-06,2.2365929941425833e-10,1.1156239310139426e-07,0.001011741696856916,2.3388649350586377e-10,6.667901857326797e-07,2.026875556282448e-08,3.3327653454762185e-06,9.821977073443122e-06,1.0322424859321444e-10,1.0616823828968336e-06
window-fff4f1e7622892d7028c,402_52404_102594,cake,carrot,0.4912664294242859,False,0.01123341266065836,0.002708900487050414,0.0002174080873373896,1.9066275172008318e-06,0.001483430271036923,3.155498120577249e-07,0.4561222791671753,0.4912664294242859,9.885309237844808e-10,1.4558502847705768e-08,2.1709605789510533e-05,8.81299129105173e-05,1.1790312726134289e-07,9.166897143586539e-06,2.6069166825237744e-09,0.006661721970885992,3.093241929263968e-08,1.638300375361723e-07,0.02968589961528778,5.161343574755506e-10,3.893503901508666e-07,1.0888025059330175e-07,0.00018934001855086535,0.0003091524704359472,4.268028638843013e-11,3.2850483222546245e-08
window-18bb64c6970a1d27c83a,404_53804_104946,cake,cake,0.9400036931037903,True,0.0018091219244524837,2.0850036364095104e-08,4.7604018504898704e-08,8.512190419196486e-08,1.6417194274254143e-05,4.428313360449465e-08,0.9400036931037903,2.3085567590896972e-07,2.0497138708552853e-11,8.237742804340087e-06,8.265332326118369e-06,0.0001907546102302149,0.0375286340713501,4.973269938091107e-07,6.507619443318902e-11,7.429249671986327e-05,7.792040719323268e-07,1.1414722393965349e-05,0.003027695929631591,2.637178475595192e-09,0.015969442203640938,2.891351380540641e-09,0.0013484443770721555,1.074997044270276e-06,4.51716800853319e-07,3.4704291351772554e-07
window-eabdc27d1c41752536a4,404_53804_104946,cake,teddybear,0.4535689055919647,False,0.0015323059633374214,2.021242107730359e-05,3.5165917324775364e-06,1.094110331223419e-07,0.0006001918809488416,3.851689100997646e-08,0.2441016584634781,0.0010136166820302606,1.334414578835208e-09,2.2325068130157888e-05,3.5119646781822667e-05,0.07688440382480621,0.19553729891777039,9.23703919397667e-05,8.547435675909654e-11,0.0013208533637225628,3.4790045901900157e-06,6.819233385613188e-05,0.012058515101671219,2.673769117222946e-08,0.4535689055919647,3.11667292862694e-07,0.013129514642059803,6.47682873022859e-06,6.135112471383763e-07,6.926549889207934e-10
window-b851c95266ef23110fd1,404_53804_104946,cake,cake,0.8772711753845215,True,0.01033435482531786,8.522054486093111e-06,4.8408894670615155e-09,1.6303938821238262e-07,3.449057885518414e-06,1.4221822652871197e-07,0.8772711753845215,0.0010512253502383828,2.7924516032840074e-09,1.9420305761741474e-05,6.780350076951436e-07,0.0009566388325765729,0.10395100712776184,6.591189048776869e-06,1.90228345228749e-12,3.107546945102513e-05,3.347403253428638e-05,1.666841853875667e-05,0.0007216837257146835,8.271185691910432e-08,0.005499626975506544,1.258695050410097e-07,9.129224781645462e-05,2.6101904495590134e-06,6.439787370027261e-08,6.428569482297419e-12
window-7de3902fbc576f5a42b8,404_53804_104946,cake,hydrant,0.8268724679946899,False,0.008719153702259064,4.750214884552406e-06,1.047667641529415e-08,7.93523042830202e-08,5.370036433305359e-07,7.344671359987842e-08,0.15977568924427032,6.659756763838232e-05,1.3793458597533004e-09,1.0615018254611641e-05,4.267610265173971e-08,0.00013570219743996859,0.8268724679946899,1.0180460208175646e-07,4.926334513932762e-12,1.0909599950537086e-05,2.0905730707454495e-05,4.222179632051848e-05,5.4308144171955064e-05,5.615255815882847e-08,0.003045404329895973,1.6918491496653587e-08,0.0012396026868373156,6.545247970279888e-07,1.1974026392636006e-07,4.266499098459775e-10
window-cd9931466f4a47ae07b1,407_54915_106133,cake,cake,0.5077871680259705,True,0.00010117426427314058,1.2379454972233361e-07,2.2071402483447855e-08,4.687224191002315e-07,9.92103643682185e-09,1.3653042030270512e-09,0.5077871680259705,1.7285337889916264e-05,2.2998186466338666e-07,0.0007255185628309846,3.4456820685591083e-06,9.452362974116113e-06,2.279662325577192e-08,3.591339003961025e-09,2.5535182857083782e-09,3.7974228916937136e-07,5.085170565882757e-12,1.0065701644634828e-05,0.003269836539402604,1.4427246897152912e-10,1.4815179383731447e-05,1.9743559218077245e-11,0.487505167722702,0.000554713187739253,7.409379776390779e-10,1.0984064147123718e-07
window-697d84d04c81f130a28e,407_54915_106133,cake,cake,0.6847256422042847,True,0.0003908792859874666,1.0234577985102078e-06,3.9248373995270924e-10,1.4112265489529818e-07,8.256849781673736e-08,4.953280008379579e-10,0.6847256422042847,2.2649295715382323e-05,2.7358748599937144e-09,0.0005836461205035448,1.660442421780317e-06,2.8416102395567577e-06,2.5345887610939144e-09,2.345346850063379e-08,1.973820218381661e-08,1.9292888282507192e-06,9.477489973375164e-12,5.688778514922888e-07,0.2807629108428955,2.1860669524587095e-11,3.217619450879283e-05,1.6802778612934333e-10,0.03336073458194733,0.00011307706154184416,6.292773413463237e-09,2.7915383338239508e-09
window-a6f3a80075525aae657a,407_54915_106133,cake,cake,0.8532142639160156,True,0.0009255076292902231,0.0001433469878975302,6.891288928390082e-11,2.660912741703214e-06,4.3539239413803443e-07,2.4065331061251527e-08,0.8532142639160156,0.00012984899512957782,5.726671048478238e-08,0.0027410313487052917,1.775725104380399e-05,2.3576089915877674e-06,2.5971601758101315e-07,7.803342327861174e-08,3.33024168241991e-08,7.261828471882836e-08,3.464190956661839e-12,1.6323307136190124e-05,0.12125052511692047,1.8759675757262784e-10,0.002959204837679863,8.517855171197297e-11,0.018482033163309097,0.0001140977765317075,1.4687606153529487e-07,3.283684657517938e-09
window-96ae57d4630e84eb258d,407_54915_106133,cake,cake,0.9772832989692688,True,7.986109835655952e-07,1.630461952117912e-07,1.93556047634047e-07,1.5538847947027534e-05,1.3394047527981456e-05,4.2485685108895055e-11,0.9772832989692688,8.059384708758444e-05,3.875830770994071e-06,0.0005624225013889372,2.0672584355452273e-07,0.00012792329653166234,2.1265107452705934e-09,1.1669172863548738e-06,6.798909168992395e-08,3.205923917448672e-07,3.345826948830677e-10,3.297766113519174e-07,0.017356982454657555,7.866105988796335e-09,9.408031473867595e-06,1.866593768440339e-09,0.003807980800047517,0.0007351935491897166,5.819337234314048e-10,1.2459145937171456e-09
window-ef6aef36f77acf37de99,410_55724_107428,cake,sandwich,0.5147793889045715,False,1.108338551603083e-06,4.226293822284788e-05,5.667548066412564e-07,1.946691372722853e-05,0.00011775732127716765,0.0004474144079722464,0.45398133993148804,5.434416016214527e-05,3.452145028859377e-05,0.001506570028141141,0.02444365993142128,0.0007805103668943048,8.025032860459191e-10,7.133561302907765e-05,6.476297858171165e-05,0.0005104944575577974,3.3021695600155e-08,3.977737378590973e-06,0.5147793889045715,2.98228580719595e-10,7.693551538068277e-07,0.00013131869491189718,5.242985139375378e-07,0.0030048557091504335,2.6709542453318136e-06,3.080675696764956e-07
window-3f3053f6f1276e4b2ffa,410_55724_107428,cake,cake,0.8840027451515198,True,3.915025899914326e-06,0.00017795547319110483,4.0392345113104966e-07,1.8035776520264335e-05,3.256967829656787e-05,8.591161895310506e-05,0.8840027451515198,3.215322794858366e-05,1.2802117453247774e-05,0.007511768955737352,0.03584906458854675,0.007212501484900713,1.6343461695100814e-08,0.0001131316676037386,0.00010963257227558643,0.0020172344520688057,8.750915725386221e-08,4.42461678176187e-05,0.046078190207481384,3.53698126343005e-10,1.8198160205429303e-06,5.16274812980555e-05,6.552105560331256e-07,0.016637694090604782,5.3897820180282e-06,5.098660267321975e-07
window-b20d5e16aad0f915f464,410_55724_107428,cake,cake,0.8791339993476868,True,1.8771530676531256e-06,9.052064342540689e-06,6.837787509539339e-07,7.4458155722823e-05,2.8696789740934037e-05,7.951186944410438e-07,0.8791339993476868,2.9232880478957668e-05,0.0002405958075542003,0.027059340849518776,0.0005187451606616378,0.053709179162979126,4.523097452135971e-09,0.00010985202970914543,9.687845158623531e-05,0.00021582878252957016,6.885731096417658e-08,6.433954695239663e-05,0.037117887288331985,2.2947236999470988e-08,2.018368468270637e-05,0.00015334122872445732,3.753645842152764e-06,0.0005434710183180869,0.0008577796397730708,9.812850294110831e-06
window-049ed2fa37620eaf677e,410_55724_107428,cake,sandwich,0.5057436227798462,False,4.907808033749461e-05,0.0003120233886875212,2.1635405289543996e-07,1.7048964764398988e-06,0.0012835718225687742,1.4450810340349562e-05,0.4526025056838989,0.0001764111075317487,1.0152082268177764e-06,0.0012513782130554318,0.0027053121011704206,0.01813778467476368,1.3052821934422809e-08,0.0003422863082960248,5.905226316826884e-06,0.0006660784711129963,7.335535769925627e-07,4.930525392410345e-06,0.5057436227798462,6.476548009004546e-08,5.159944703336805e-05,4.9083930207416415e-05,2.1121336430951487e-06,0.016589684411883354,3.969303179474082e-06,4.516808985499665e-06
window-6b78634bcb0411731413,589_88625_178057,cake,handbag,0.7292389273643494,False,2.3059284259829838e-08,1.167425338621797e-07,9.04462103790138e-06,1.0179358156392482e-07,0.00019761233124881983,8.177463151071152e-10,0.13278882205486298,4.119938239455223e-06,0.0003666063421405852,8.87826354301069e-06,1.4161205541540767e-08,0.7292389273643494,2.9993812988848845e-11,0.0025732542853802443,7.584004606542294e-07,3.307564475107938e-05,5.145778247950261e-10,0.0001768890506355092,0.05344240367412567,1.4758890776178646e-09,0.0009026100160554051,3.2172208648262313e-06,0.04141148179769516,0.00014202133752405643,0.038700032979249954,7.206874541587638e-10
window-80d15bcf5663fdaaa6ed,589_88625_178057,cake,handbag,0.9872781038284302,False,1.5791338237036712e-09,4.138501097372682e-09,6.146457121047888e-09,8.659288397439013e-08,8.622980203654151e-06,7.228774002998595e-12,0.010012711398303509,2.616576288971828e-08,0.00036630663089454174,3.879582436638884e-06,2.484108252431838e-09,0.9872781038284302,1.9372673604189927e-11,0.0005110754864290357,6.61849867356068e-07,3.5670582292368636e-06,1.8532619015798613e-12,1.7794211089494638e-05,0.0012046449119225144,7.082260888857661e-10,3.0043845981708728e-05,5.244768317425041e-07,7.419807661790401e-05,3.0628401873400435e-05,0.00045701104681938887,2.810898624971969e-09
window-c9b6c820b0d29b01dd99,589_88625_178057,cake,handbag,0.875150203704834,False,7.759942377560947e-08,5.032652552472427e-07,3.958161300943175e-07,5.072385533821944e-07,0.0001633690990274772,7.498186072041335e-09,0.09407202899456024,2.9311561888789583e-07,0.0015616108430549502,8.839148904371541e-06,2.7243698852430498e-08,0.875150203704834,1.3801373377475556e-09,0.002987873973324895,1.1356718459865078e-05,4.667313532991102e-06,2.7009305902936376e-09,0.007928695529699326,0.013224988244473934,3.062992348645821e-08,0.00037426850758492947,0.00025323283625766635,0.00044425082160159945,0.0006697388598695397,0.003142939181998372,1.4971095652072108e-07
window-9cad490c7f3c82e1001d,589_88625_178057,cake,handbag,0.670975923538208,False,1.713324770946656e-08,1.9443203314040147e-07,5.063781713943172e-07,2.841159357558354e-06,8.033056656131521e-05,3.5803191522632005e-09,0.311576783657074,2.875663369650283e-07,0.003107707714661956,1.809467789826158e-06,1.983280384365571e-08,0.670975923538208,1.7064001323063849e-09,0.0010825934587046504,7.113264291547239e-05,1.1228219591430388e-05,1.3481651350844004e-09,0.004447586368769407,0.0014432631433010101,9.648183585397874e-09,0.00034266614238731563,0.0013344355393201113,2.437387411191594e-05,0.0004643184074666351,0.0050318557769060135,2.5536305514606283e-08
window-8793571987f220dc502b,113_13372_23309,carrot,toyplane,0.9786045551300049,False,5.870979293831624e-07,3.748246672330424e-05,0.0038696122355759144,1.953908501661772e-08,2.8749165721819736e-05,2.106253105954581e-12,5.932454314461211e-06,0.008452421985566616,6.198290145031926e-12,1.171291387436213e-05,6.6886955210065935e-06,9.858042915311671e-08,7.080739692355564e-07,4.286668172426289e-06,1.2990470678320154e-11,0.007213014177978039,1.8677881463702306e-09,2.624156181241233e-08,0.00021993060363456607,5.163825964049629e-11,0.00011147762415930629,5.573377588434514e-13,0.9786045551300049,0.001432116492651403,4.06352171467006e-07,1.0443773135193624e-07
window-5789161d0c6bf5436c69,113_13372_23309,carrot,toyplane,0.9403802156448364,False,6.212163953023264e-06,1.1485896720841993e-05,0.0017284341156482697,5.333789658834576e-07,8.817598427413031e-05,3.643065016323277e-10,4.7099314542720094e-05,7.261789141921327e-05,5.972022182332282e-11,0.00021163396013434976,3.3305204851785675e-06,7.653015643427352e-08,1.0064371963380836e-05,1.1531181371537969e-05,1.1018312928712248e-09,7.449735676345881e-06,3.8166817262208497e-07,0.0005602989695034921,0.056567028164863586,4.669328812489937e-10,9.128559668170055e-07,1.838641565388155e-11,0.9403802156448364,0.00010307489719707519,0.00018775658099912107,1.7390430002706125e-06
window-8faf6637ebc720914556,113_13372_23309,carrot,toyplane,0.998157799243927,False,1.500848867408422e-08,5.646475997878042e-08,0.0012644475791603327,1.0365189595518132e-08,1.1346573955961503e-06,2.0260609162603416e-11,3.357729156050482e-06,3.2456129702040926e-05,2.642011609488293e-12,2.514778429940634e-07,1.5735214446976897e-06,2.9433717685378724e-08,2.6162666699747206e-08,1.3366427083383314e-05,2.8428351252912654e-12,4.3247215216979384e-05,2.8951338548743877e-10,2.9314171001715295e-07,0.00027042918372899294,9.314219317699268e-13,4.4276607269466695e-08,3.029465174271377e-14,0.998157799243927,0.00020603560551535338,5.454266101878602e-06,1.0152036544752718e-08
window-0c101015c10090e1e67a,113_13372_23309,carrot,toyplane,0.9986831545829773,False,3.341738192830235e-07,8.566437514900826e-08,0.0004415269650053233,2.2241982478021782e-08,4.020992037112592e-07,5.6084989083493575e-12,8.391448500333354e-05,0.00043091439874842763,1.810448167251233e-12,9.319221021542035e-07,1.7247442940515612e-07,2.3049513409034716e-09,1.2564359330724528e-08,1.2535582527561928e-07,1.0548745904559453e-10,6.94526606821455e-05,1.423211881679265e-09,3.7127517060753235e-08,0.00022222416009753942,7.91240423875239e-12,2.1970333818899235e-07,5.177104675947036e-14,0.9986831545829773,6.546170334331691e-05,9.223922461387701e-07,5.113885315211064e-09
window-42c7b457230f7784af4a,398_50405_98934,carrot,frisbee,0.9494158029556274,False,0.0008672781405039132,0.0013360755983740091,0.00015753030311316252,0.0004288699710741639,0.0018755911150947213,2.3343741162307197e-08,0.0044565084390342236,0.0012380359694361687,2.244462962153193e-07,0.0010649411706253886,0.9494158029556274,3.2563584682065994e-06,6.390902029806966e-08,9.894591130432673e-06,1.9950132212898097e-08,0.0018964840564876795,2.2905015661933703e-09,1.1393301520001842e-06,0.004889336414635181,6.05632344274909e-09,7.630886216247745e-07,6.044529641258123e-07,0.008979788050055504,0.023377664387226105,1.0209515721726348e-07,5.721066287378562e-09
window-46033fe111ed1366731e,398_50405_98934,carrot,frisbee,0.822638213634491,False,1.5909226931398734e-05,0.0016929720295593143,0.00018925123731605709,2.6438907298143022e-05,3.6294418350735214e-06,1.152712147955981e-08,0.000834092847071588,0.1667425036430359,1.4009566839945364e-08,0.00010235857189400122,0.822638213634491,1.5030071409682932e-08,8.091025627265935e-10,3.1934091566654388e-06,8.61589133371865e-10,0.0027518777642399073,1.7324277429286994e-11,9.276827199755644e-07,0.0037861911114305258,3.673115284152928e-11,4.194625944364816e-05,1.231460657891148e-07,0.0011576268589124084,1.265292758034775e-05,3.132385018034256e-09,7.032693094544129e-09
window-e090515831b2afd6aa3f,398_50405_98934,carrot,carrot,0.4622030258178711,True,0.059310246258974075,0.06653308868408203,0.009887204505503178,0.0003051144885830581,8.01387577666901e-05,1.1682097067478026e-07,0.007169411517679691,0.4622030258178711,2.3440826169007778e-07,0.00020860208314843476,0.08297479897737503,0.0002557616389822215,9.204762108083742e-08,0.0007931740838102996,8.152334807220996e-09,0.02222270704805851,5.8095324106943735e-09,4.157956936978735e-05,0.11557555198669434,2.3751642430624997e-08,0.010217300616204739,8.1169325483188e-08,0.1536860167980194,0.008533146232366562,2.020366082433611e-06,4.523377015175356e-07
window-7d9a93c1515605405f3d,398_50405_98934,carrot,frisbee,0.660409152507782,False,0.019617481157183647,0.21600063145160675,0.015910912305116653,0.00101290934253484,0.0005216855206526816,9.236911864718422e-06,0.005855276715010405,0.03105648048222065,3.205071550382854e-07,0.004201261792331934,0.660409152507782,3.0027198590687476e-05,2.601079529540584e-07,4.402504418976605e-05,6.963070120491466e-08,0.0027861157432198524,7.709926030941006e-09,1.1751173587981611e-05,0.0054663727059960365,9.02805936675577e-08,0.0021832881029695272,3.076914254052099e-06,0.016240958124399185,0.01863611675798893,9.041962698574935e-07,1.5921193607937312e-06
window-1ec8139b8888c1dec553,492_70423_135993,carrot,book,0.4606166183948517,False,0.01680653728544712,0.0015832367353141308,0.002768411999568343,0.001449480769224465,0.4606166183948517,1.3032448578087497e-06,0.15374089777469635,0.00046435120748355985,2.8375191618579265e-07,0.0049424064345657825,0.005422919988632202,0.00030160878668539226,2.433658664813265e-06,2.2813862869952573e-06,0.00015779880050104111,0.3341893255710602,6.3217280299454615e-09,1.7505345795143512e-06,0.003118273802101612,4.78153268090864e-08,4.06584185839165e-05,4.0321506844520627e-07,0.00040575602906756103,0.013979446142911911,9.886771579203923e-08,3.770593366425601e-06
window-c51de736cd822b0293d1,492_70423_135993,carrot,mouse,0.7169802784919739,False,0.004445577971637249,0.000199633912416175,0.015563683584332466,0.0002915824588853866,0.22609694302082062,3.2163006835617125e-05,0.021741431206464767,0.00021210666454862803,3.1201512484813065e-08,0.007192689925432205,0.004296594765037298,1.389934709550289e-07,6.709043987029872e-07,4.3343371203263814e-07,0.0015071752713993192,0.7169802784919739,1.7907502147807008e-09,3.3538757548967624e-08,1.098474513128167e-05,9.242054375135922e-07,3.6750436265720055e-05,2.0473382988939193e-08,0.0004539694054983556,3.9017279050312936e-05,1.8461998479324393e-05,0.0008787913830019534
window-c44a8ad126eff858cb4b,492_70423_135993,carrot,mouse,0.7535188794136047,False,0.0007441749330610037,0.0002908135356847197,0.0006394710508175194,0.00020670185040216893,0.23692084848880768,6.734244379913434e-05,0.0006872631493024528,4.490975697990507e-06,4.238287942825991e-09,0.005058282986283302,2.0074707208550535e-05,1.3212587468558468e-08,2.022387803890524e-07,1.1751423167893904e-09,2.6512605018069735e-06,0.7535188794136047,6.630574977961601e-10,1.8130840828689543e-08,5.36334264324978e-05,2.034477347478969e-06,5.555627353714954e-07,2.3482661148932493e-08,0.0008536275709047914,0.0002614541444927454,3.6979720619001455e-08,0.0006673225434496999
window-3c2b6cedf3895546b090,492_70423_135993,carrot,book,0.37564077973365784,False,0.24838854372501373,0.0002806635166052729,0.0012117162114009261,0.017412599176168442,0.37564077973365784,8.320405413542176e-07,0.0008569984929636121,0.00012789647735189646,1.1327065294608474e-06,0.01114818174391985,0.0002265002840431407,9.196244654674501e-09,9.16980643523857e-05,2.7380446354641208e-08,0.00011331657879054546,0.3413323760032654,3.8407816305152664e-07,3.0043188417039346e-06,3.848402684525354e-06,2.7304881768941414e-06,0.00011618360440479591,9.516148757882092e-09,0.0017956469673663378,0.0004019686602987349,0.0001575095229782164,0.0006853947415947914
window-ee9e9c508061b94fe1b7,523_75420_147248,carrot,toyplane,0.8780436515808105,False,0.0010751743102446198,0.0014265597565099597,0.000290083815343678,0.0005774873425252736,0.0007071651052683592,9.154341285011469e-09,0.027985144406557083,0.0387834757566452,8.575609172112308e-06,0.00013201752153690904,4.043628905492369e-06,8.180777513189241e-05,1.0122345628360563e-08,1.6931633581407368e-05,4.813757186639123e-06,0.001323857344686985,3.825019814773789e-11,2.6339307623857167e-06,0.045376379042863846,1.0963785825879313e-06,3.73217262676917e-05,6.400180296850522e-08,0.8780436515808105,0.0003081517352256924,0.0003406020696274936,0.003472850425168872
window-9fbd3fbbce1fdc9a7739,523_75420_147248,carrot,toyplane,0.9594408273696899,False,0.005320708733052015,1.8918795831268653e-05,9.747346484800801e-05,0.0019190252060070634,0.0014351768186315894,3.0073641354988467e-09,0.010238983668386936,0.007661236450076103,3.573125650291331e-05,4.1206669266102836e-05,1.4260350326367188e-05,3.416022809688002e-05,1.5296503619310897e-08,2.4830700567690656e-05,2.742606375250034e-05,0.002455267822369933,7.957853993822983e-12,1.0985716471623164e-05,0.004520677030086517,4.591761637584568e-07,0.005696350708603859,8.871128898135794e-08,0.9594408273696899,0.00010025131632573903,0.0008585558971390128,4.7335819544969127e-05
window-0fc18f46f68ac388e897,523_75420_147248,carrot,toyplane,0.7568585872650146,False,0.0003243249957449734,2.464819090164383e-06,2.678299460967537e-05,7.436861778842285e-05,0.037958718836307526,8.366496828671188e-09,0.12044848501682281,0.03986896574497223,2.9214284040790517e-06,1.990039527299814e-05,1.8344051568419673e-05,0.0002553361118771136,8.114617311427708e-11,9.352080087410286e-05,1.8442209693603218e-05,0.013175072148442268,1.394809560819471e-13,2.537631438315202e-08,0.028973529115319252,3.5662328201624405e-08,0.00039698966429568827,8.199433132460854e-09,0.7568585872650146,0.0014738545287400484,8.374604476557579e-06,9.051820484273776e-07
window-ec14cae16ac321d548cc,523_75420_147248,carrot,toyplane,0.9588978290557861,False,7.522312080254778e-05,1.1379619024864951e-07,1.6205180145334452e-05,0.00015852412616368383,3.429361095186323e-05,1.6899280586013532e-10,0.02244655229151249,0.003946312703192234,6.38159235677449e-06,7.56418728542485e-07,4.109356723347446e-06,0.0016328372294083238,5.004325079327465e-11,2.0822317310376093e-05,1.9658507881104015e-05,0.0022259189281612635,2.4247578500179862e-14,1.613176081605161e-08,0.010371568612754345,9.782597842900032e-09,8.478786185150966e-05,5.323699259207615e-09,0.9588978290557861,3.5760283935815096e-05,2.0812110960832797e-05,1.4597966355722747e-06
window-af6aa78468d4e09a0a2e,579_85648_169171,carrot,mouse,0.44588473439216614,False,0.17776992917060852,0.014307921752333641,0.019488757476210594,0.0002477759844623506,0.0010348978685215116,3.3328610982152895e-08,0.0012204465456306934,0.12232250720262527,5.462431431624282e-07,1.4106603885011282e-05,0.0010819685412570834,0.0610382966697216,3.5200951060687657e-06,0.03662066161632538,5.1429069571895525e-06,0.44588473439216614,1.9664058470425516e-07,1.3949732419860084e-05,0.0032810478005558252,7.635058096866487e-08,0.00010046125680673867,0.0015476461267098784,0.10514704138040543,0.008651625365018845,0.00021678025950677693,1.06281594636215e-10
window-3a44fbd5120dbc0fec77,579_85648_169171,carrot,toyplane,0.42085668444633484,False,0.000253736914601177,0.00327112409286201,0.022883467376232147,0.0022002796176820993,7.170128810685128e-05,9.71507541080996e-10,0.0009268997819162905,0.047583773732185364,6.613491223106394e-06,3.125683360849507e-05,0.0022525349631905556,0.08287817239761353,2.426065293548163e-06,0.050360988825559616,1.1370764951834644e-07,0.004381278064101934,6.033542376826517e-07,0.00010676016245270148,0.0004413192509673536,5.393441426804202e-08,0.0003518872836139053,0.0026197333354502916,0.42085668444633484,0.35820770263671875,0.0003108372038695961,1.6126634749813462e-10
window-cf6f05f0f06f0e1b11b4,579_85648_169171,carrot,carrot,0.44318267703056335,True,0.0003357010136824101,0.19074496626853943,0.027208101004362106,0.00029529212042689323,0.012336261570453644,5.6245188062575835e-08,0.027005635201931,0.44318267703056335,5.970269558019936e-05,0.0020199029240757227,0.14210990071296692,7.211917545646429e-05,3.0284068088803906e-06,0.031199658289551735,1.6187894971153582e-06,0.03528337925672531,6.174067834763264e-08,0.00014447727880906314,0.07186000049114227,0.0001128338772105053,0.0001257448602700606,0.0016930731944739819,0.011442717164754868,0.002760340226814151,1.5918454892016598e-06,1.1590037729547475e-06
window-f5ea0b7cd30098513e3a,579_85648_169171,carrot,toyplane,0.7834800481796265,False,0.13248354196548462,0.003353941021487117,0.010127619840204716,0.0007284754537977278,3.1930816476233304e-05,2.8576829791404634e-09,0.0007276217802427709,0.008933400735259056,2.6235092320803233e-08,2.365799628023524e-05,1.7305341316387057e-05,0.016987616196274757,5.057303951616632e-06,0.021862419322133064,3.491664912758097e-08,0.015780849382281303,8.694362918504339e-08,0.0001237930409843102,0.002713590394705534,2.5773229594960867e-07,4.388545494293794e-05,2.6226489353575744e-06,0.7834800481796265,0.0002591758093331009,0.0023127400781959295,3.260372523072874e-07
window-f1a0ac0a033e29c003ef,610_96645_193673,carrot,toyplane,0.7418832182884216,False,0.0008391310693696141,0.000695433875080198,0.1460145115852356,0.00031125021632760763,3.309817486751854e-08,1.5563050510536414e-06,0.00016298540867865086,3.475614357739687e-05,0.02009110152721405,1.0748300155682955e-05,0.00010755544644780457,0.06211699917912483,0.00010483952792128548,0.0021272068843245506,5.0348553486401215e-06,0.003114402526989579,7.841876140446402e-06,4.951311893819366e-06,0.00047804173664189875,0.0019902789499610662,0.01908668875694275,0.0002910951152443886,0.7418832182884216,0.00017690969980321825,0.0003433630627114326,1.0316771881235809e-09
window-8a8a7780ca778336c2ad,610_96645_193673,carrot,baseballbat,0.7837945818901062,False,0.00014501457917504013,0.0001226821623276919,0.7837945818901062,0.0038841702044010162,3.63363682254203e-07,7.482350383725134e-07,0.0005374751053750515,7.611873229507182e-07,0.0009725253330543637,2.2364263259078143e-06,0.0015869061462581158,0.0008364617242477834,0.0034272270277142525,0.005341080483049154,0.01709308661520481,0.0007027091342024505,0.00012165085354354233,4.3367137550376356e-05,4.070357681484893e-05,0.013431061990559101,0.11309797316789627,0.03134142979979515,0.02128688618540764,0.0020471818279474974,0.00014172829105518758,1.254806702988276e-09
window-1c8c8ef296124c28038e,610_96645_193673,carrot,baseballbat,0.9534490704536438,False,1.6484334537381073e-06,0.00022126868134364486,0.9534490704536438,0.001406578696332872,2.2105260200078192e-07,4.2904994757009263e-07,1.1866683962580282e-05,3.1913355087453965e-06,0.010321017354726791,2.4499895516783e-06,0.000562331872060895,0.0004482385702431202,0.0007651681662537158,0.011149372905492783,0.0016013907734304667,0.0013111979933455586,1.7271144315600395e-05,2.4612986635474954e-06,1.4204463241185294e-06,0.0005623919423669577,0.010997395031154156,0.0024153476115316153,0.0026515007484704256,4.7096313210204244e-05,0.002049786038696766,3.1797148247747486e-10
window-1af059e562645dc0f4ee,610_96645_193673,carrot,baseballbat,0.9956346154212952,False,2.428291190881282e-05,0.00013625851715914905,0.9956346154212952,8.865394920576364e-05,5.332579378070079e-10,1.320007925187383e-08,4.726648057840066e-06,8.582831651438028e-05,0.0007306596380658448,8.380312976896676e-08,7.974583127179358e-07,6.65692932670936e-05,3.546828963862936e-07,2.9717648430960253e-05,4.1786059057358216e-08,0.0015960930613800883,1.8535141066422511e-07,2.1449058351663552e-07,6.566526735696243e-06,4.878164645560901e-07,0.0001755232660798356,1.5758558220113628e-05,0.0011996617540717125,5.721710294892546e-06,0.00019708281615749002,3.170336909663618e-11
window-bb3056700db54235a0c7,108_12859_23648,chair,chair,0.9933998584747314,True,4.5467024242795695e-12,2.491718305464019e-06,0.0001327685167780146,0.0010811693500727415,5.699875060827253e-08,2.1529357852045905e-08,6.9219638909601144e-09,3.5558689326364856e-10,0.9933998584747314,3.9217749872477725e-05,1.016011808019357e-07,0.0003110854304395616,7.813403499312699e-06,7.856134232042677e-08,0.0032742060720920563,1.3847988034054737e-10,4.5428136218106374e-05,0.00020829075947403908,2.2362685314636366e-10,1.2273477523194742e-07,1.1392332453397103e-05,1.0538296010054182e-05,3.2314893871898676e-08,6.804693271078577e-07,0.0014715847792103887,2.9524012461479288e-06
window-71fb294901496c3cca15,108_12859_23648,chair,chair,0.997549831867218,True,6.237548672016757e-11,1.3747659295404446e-06,1.8790993294715008e-07,0.0006354901706799865,4.0580744098406285e-08,5.896096809010487e-06,5.208472320106239e-09,2.257091735735628e-11,0.997549831867218,9.879571734927595e-05,1.005026462053138e-08,0.00029407039983198047,1.6222757039940916e-06,1.713324815355577e-09,0.0012661635410040617,4.3032311047852545e-10,5.557009785661648e-07,5.39759003004292e-06,1.0192029442634976e-09,5.769865296656462e-08,1.1095397667304496e-06,3.5490759842105035e-07,3.132100800939952e-08,4.461088281004777e-07,0.00011916470248252153,1.9438470189925283e-05
window-6958e09767a061024c4c,108_12859_23648,chair,chair,0.7593347430229187,True,7.254194578365514e-09,0.0007880901684984565,0.001360159134492278,0.03399384766817093,6.248144927667454e-06,7.44691860745661e-05,5.482808091983316e-07,9.513795475868392e-07,0.7593347430229187,0.0038588996976614,4.20055293943733e-05,0.0002972067741211504,7.554306648671627e-05,6.136975798654021e-07,0.16877038776874542,1.4674236936684792e-08,0.0009051591623574495,0.00011763272777898237,3.155336614213411e-08,7.932594598969445e-07,0.00022578709467779845,7.021318015176803e-05,2.087318989651976e-06,3.6447730963118374e-05,0.029456723481416702,0.0005812426097691059
window-debedbcf3b3e4ac4829e,108_12859_23648,chair,parkingmeter,0.508108377456665,False,7.271252684404317e-07,0.021873746067285538,0.08468972146511078,0.10106674581766129,1.5753473689983366e-06,1.076358512364095e-05,2.1999483124091057e-07,1.1782940418925136e-06,0.01190709788352251,0.03492816910147667,4.002105924882926e-05,0.00013827790098730475,0.006198976654559374,8.422365453952807e-07,0.20902450382709503,1.367652036066147e-08,0.508108377456665,0.0026289091911166906,2.9628421938099336e-09,6.996263982728124e-05,0.0007635516813024879,1.5173138308455236e-05,7.035035878288909e-07,1.3762895832769573e-05,0.017461637035012245,0.0010553536703810096
window-6500454e5349d15bf087,372_41140_82042,chair,toyplane,0.71188884973526,False,7.353625264272523e-09,0.004907301161438227,0.0004462501674424857,0.16945621371269226,0.0063186646439135075,4.1008074731507804e-06,0.0015467028133571148,9.33659521251684e-06,0.0005706344963982701,0.005605008918792009,0.004625113680958748,6.0321872297208756e-05,6.668250080110738e-06,0.007260669954121113,0.0498473197221756,0.003496143501251936,4.2562056989936536e-08,0.004020722117275,0.007676471956074238,0.00022859132150188088,9.003427112475038e-05,0.000750088831409812,0.71188884973526,0.0008575904066674411,0.00578884594142437,0.014538314193487167
window-e92819c6ce28a4353fec,372_41140_82042,chair,toyplane,0.6159399151802063,False,1.1250796205786173e-06,0.000589666364248842,8.088936738204211e-05,0.0030293778982013464,0.0006378039252012968,5.930381803409546e-07,0.001960985129699111,3.3827327570179477e-06,0.001429250231012702,0.0004455439338926226,1.4330422345665284e-05,0.002110085217282176,2.428035077173263e-05,0.0010047791292890906,5.180571406526724e-06,0.00043602639925666153,1.2575089858302135e-09,0.006352986209094524,0.32094720005989075,0.00016959352069534361,2.3136576601245906e-06,1.5954878108459525e-05,0.6159399151802063,2.778681846393738e-05,0.011620103381574154,0.033150818198919296
window-da45d70d78d439a9828c,372_41140_82042,chair,toyplane,0.7769801616668701,False,9.381029713040334e-07,0.0003257525968365371,2.37653966905782e-05,0.0013153307372704148,0.01588609255850315,2.0133722955506528e-07,0.01094740442931652,8.901547698769718e-05,5.6076340115396306e-05,0.0005482489359565079,4.179167444817722e-05,2.0829891582252458e-05,3.6901743442285806e-05,0.00788252241909504,0.0013886939268559217,0.00015724598779343069,6.895396040818014e-07,0.020774181932210922,0.051439862698316574,0.0006205916288308799,0.00011306222586426884,2.597014599814429e-06,0.7769801616668701,0.0001695388345979154,0.0005256460281088948,0.11065292358398438
window-733e2215bfef58fa2a9e,372_41140_82042,chair,sandwich,0.7591289281845093,False,3.8157597259669274e-07,0.0019601767417043447,0.003136012237519026,0.026081688702106476,0.0017200784059241414,7.1451572694058996e-06,0.0029651818331331015,0.0002636282588355243,4.4917521790921455e-07,1.667839205765631e-05,0.012575957924127579,8.09672087598301e-07,3.2331533361684706e-07,0.00020638528803829104,0.0020148579496890306,0.015439558774232864,6.003436081591929e-10,0.0001682839501881972,0.7591289281845093,5.6629600294400007e-05,2.2413230453821598e-06,2.6873482056544162e-05,0.15048325061798096,0.00018913960957434028,0.00023673496616538614,0.023318598046898842
window-8adbaf1c23c2a0e9d8dd,372_41169_81981,chair,chair,0.9259732961654663,True,1.8260304513172685e-15,1.7723486962495372e-06,0.02570466883480549,0.029245857149362564,8.626010461476596e-10,4.513540474704314e-08,1.3736722870305584e-08,1.8012112634746558e-11,0.9259732961654663,1.3496304518412217e-07,8.8331063352598e-08,0.00021530054800678045,9.014198099066562e-08,1.412585561411106e-06,0.01737978681921959,3.223195488288866e-09,4.783197127267158e-08,1.1401193660276476e-06,8.58925398253968e-13,9.888332215268747e-07,1.8352652730868613e-08,6.898351330164587e-07,2.839321444625398e-09,4.8147348934435286e-06,0.0014694493729621172,4.3157953655281744e-07
window-18f7a64871cf80dc676b,372_41169_81981,chair,chair,0.9994435906410217,True,2.8783244956330094e-17,1.4627821176560474e-09,0.00035171350464224815,0.00016239285469055176,9.531612478463902e-12,9.097288478088217e-10,1.3520171648906398e-08,8.395453115258439e-14,0.9994435906410217,1.4818150873008307e-10,5.0087511915819505e-09,3.827752152574249e-06,2.3831919548911173e-08,1.702770617839633e-07,1.099342739507847e-06,2.693092710642775e-12,3.8077995867524805e-08,3.4622933071659645e-06,2.572382987230202e-14,7.148369451925873e-09,1.4357225097683113e-07,9.171937165319832e-08,2.6432928762476493e-11,1.4873388920477737e-07,3.337553789606318e-05,2.7515245637488306e-09
window-e458126fd8bfc637bf38,372_41169_81981,chair,chair,0.6597079038619995,True,1.5517116758179128e-10,0.00024436009698547423,0.03501120209693909,0.25335976481437683,2.2411855482573628e-08,1.1557376637938432e-05,1.3401217984210234e-05,8.138107432387187e-08,0.6597079038619995,2.2532835828315e-06,5.414906809164677e-06,0.0057920957915484905,5.897089522477472e-06,2.34107415053586e-06,0.01832309179008007,1.4145652427188793e-09,0.0007406832883134484,3.0620158213423565e-05,5.540553016381011e-10,1.8704996591623058e-06,0.0005723477806895971,3.533846393111162e-05,4.595218427994041e-09,7.52359555917792e-05,0.026060542091727257,4.024159352411516e-06
window-719fe19cc9dbb990b9f6,372_41169_81981,chair,chair,0.9802218079566956,True,1.4762874896070283e-13,1.7015619278026861e-06,0.004212288185954094,0.004630188923329115,1.874815858116108e-08,1.0105883907485236e-09,1.8101194143582688e-07,7.378133694280198e-12,0.9802218079566956,3.637986623061806e-08,2.7605643992956175e-08,0.007897678762674332,1.343098233519413e-06,5.995447281748056e-06,0.0016152325551956892,1.2852069408708644e-09,0.00022936708410270512,5.611442247754894e-06,1.3036918211639659e-09,9.191878689307487e-07,1.2403002983774059e-05,1.1422634997870773e-06,1.0251558535401273e-07,0.00010585995187284425,0.00105799559969455,6.488861448161742e-09
window-262528ffa91a43efdc8b,391_46976_93669,chair,chair,0.9926950931549072,True,3.0864794227369874e-12,6.85871270889038e-08,0.0008918404346331954,1.7356119315081742e-06,7.447687676176429e-05,3.0075193535594735e-07,1.9967798081665933e-08,4.69796734847705e-09,0.9926950931549072,9.796976740972241e-08,4.424246640155616e-07,1.5022411389509216e-05,2.911992567078414e-07,9.555398719385266e-05,2.3404186322295573e-07,3.101825393758695e-11,8.569877536501735e-06,0.0016332004452124238,4.908036999040633e-07,0.0026181270368397236,2.529659752781299e-07,1.76331352297332e-10,0.0001467487309128046,7.122302122297697e-06,0.0018054181709885597,4.991591140424134e-06
window-dce8d124e62151bed20f,391_46976_93669,chair,stopsign,0.9439801573753357,False,1.3526742226321886e-11,8.506999904511758e-08,5.3481076065509114e-06,8.989374691736884e-06,2.2914924556971528e-05,5.224161941441707e-05,2.1687758255950484e-09,2.3034596452475853e-09,0.017814641818404198,5.866402261744952e-06,3.1274368666345254e-05,3.6020921356794133e-07,8.454428979121076e-08,7.605142309330404e-05,3.8626421883236617e-07,3.3725555681485275e-08,0.0001044769087457098,0.003908867482095957,3.586555408219283e-08,0.9439801573753357,2.5202701037230213e-10,4.0279374502460996e-08,2.916925495810574e-06,2.2910158214983767e-09,0.00011070957407355309,0.03387456387281418
window-23c087376a7aceb1e102,391_46976_93669,chair,chair,0.9949249029159546,True,6.126805334773222e-13,4.544054945654352e-07,5.692676836588362e-07,0.00030854286160320044,0.0009365873993374407,1.9659760255308356e-06,1.1682904244025849e-07,9.41594469061613e-10,0.9949249029159546,9.831074976318632e-07,2.908318492700346e-06,0.0002787268895190209,1.214522882264646e-07,0.0001633777719689533,0.00020499376114457846,3.321907371400812e-08,2.661943483417417e-07,0.00011394452303647995,1.1860463473567506e-06,0.0028041768819093704,2.7129676283266235e-09,1.872171679906387e-07,1.4165074389893562e-05,1.6831583707244135e-05,0.00022449475363828242,3.931164371806517e-07
window-ffba9630d1348126e1f8,391_46976_93669,chair,chair,0.8606715202331543,True,1.562874656080293e-11,3.2809302297209797e-07,3.0457498723990284e-05,1.2264752058399608e-06,0.004263422917574644,3.979110260843299e-05,2.0346934803683325e-08,6.044662104187637e-09,0.8606715202331543,4.768449343828252e-06,4.171135515207425e-06,4.159452601015801e-06,4.832150807487778e-06,9.249908180208877e-05,6.647005079685187e-07,1.3092611439446955e-09,8.990903006633744e-05,0.001196551718749106,1.449844262424449e-06,0.13352438807487488,2.0320406690643722e-08,6.05381786367154e-11,3.1667826988268644e-05,3.1656352803111076e-05,5.044066710979678e-06,1.5035647038530442e-06
window-f9de7346eb0c19eacb02,392_47518_94512,chair,chair,0.9880859851837158,True,3.098299611661859e-12,6.384981077189877e-08,0.009282566606998444,1.976492058020085e-05,1.1045189762803886e-10,3.0231728231910893e-10,4.948277592120576e-07,3.079456291743554e-06,0.9880859851837158,6.863778168053614e-08,3.593312869476506e-10,0.0008397572091780603,8.426784270376686e-10,1.3371470597434154e-09,5.359512655900289e-08,3.01666709390247e-08,1.7783846617547283e-10,6.534427939186571e-06,1.276321048848672e-09,6.983271599869667e-12,0.0014656629646196961,0.00028887600637972355,1.6510406339875772e-06,5.405433256555625e-08,5.4043462114350405e-06,1.2861841591771395e-09
window-1fb32c2f9bbbe2600ed6,392_47518_94512,chair,chair,0.7359590530395508,True,6.382082362588193e-13,6.463908874820845e-08,0.18303978443145752,0.0002641954633872956,3.2281808337586426e-09,7.537249935296586e-09,1.602783328280566e-07,7.590409495605854e-06,0.7359590530395508,2.748943416008842e-06,9.906946729643096e-08,0.01494175847619772,3.625179658683919e-07,2.991094163462549e-07,1.4945953807909973e-05,2.262047473777784e-06,5.0721581601465004e-08,0.00047225039452314377,5.5956586919592155e-08,1.6076405762177615e-09,1.4528885685649584e-06,0.06503018736839294,1.0245953490084503e-05,4.0525869735574815e-06,0.0002483066054992378,1.8627412945448896e-09
window-32e3bc6f7fd1ab90a572,392_47518_94512,chair,chair,0.9837648272514343,True,2.2930662577080874e-11,1.1181073205079883e-06,0.013903207145631313,7.647274469491094e-05,2.554918694386288e-07,1.6802442770469384e-10,3.2654108306218177e-09,2.0362217583169695e-06,0.9837648272514343,1.8513763677674433e-07,2.3056301756696485e-08,0.000653820694424212,7.57158815645198e-08,1.3650529240294418e-07,1.4496212941139675e-07,1.5034641364763957e-05,5.312944528768071e-10,0.001517847878858447,8.346724422736429e-10,1.750859526805648e-11,1.0975367104038014e-06,4.3153933802386746e-05,1.1346708561177365e-05,9.10439030121779e-06,9.599813921568057e-08,1.1864824400742435e-10
window-db0a570483afc201e612,392_47518_94512,chair,chair,0.9811151623725891,True,5.599301811055543e-14,5.236109501538522e-08,0.0007859965553507209,5.610600783256814e-05,3.1947280931809985e-10,8.318958300002066e-10,3.611677001913449e-08,2.2247810704811855e-07,0.9811151623725891,3.854272279113502e-08,9.563787095601128e-09,0.017915822565555573,8.290174378089432e-07,7.759333620072084e-09,4.2790038179418843e-08,4.156513355724201e-09,4.558471655702334e-11,8.404215623158962e-05,5.350999643383147e-10,2.357438133593348e-10,1.9631181658041896e-06,4.1011873008756083e-07,7.141766786844528e-07,6.499069513665745e-07,3.7928733945591375e-05,1.5718727708335933e-10
window-5b43611a806b5b67771f,395_49193_97277,chair,ball,0.9408889412879944,False,5.936449269938748e-07,0.9408889412879944,9.034953836817294e-05,0.0022869063541293144,0.0009393203654326499,2.3746791200096595e-08,0.008539634756743908,2.7399801183491945e-06,0.0015297774225473404,0.0007113742758519948,0.00012690151925198734,0.0024246745742857456,7.671489584026858e-06,0.004804618656635284,0.0008688705856911838,0.0011391070438548923,5.54395342078351e-07,0.0020571029745042324,0.00013075623428449035,1.567342906128033e-06,0.033156730234622955,0.0001908304839162156,7.097895286278799e-05,8.247687219409272e-06,1.6481637430842966e-05,5.3436656344274525e-06
window-5ea3d4aeda3894e48c2f,395_49193_97277,chair,teddybear,0.5074452757835388,False,7.237899808387738e-06,0.2311851978302002,0.0016082803485915065,0.0013782877940684557,0.007088862359523773,1.8792265521483387e-08,0.019971570000052452,0.0012954120757058263,0.0013371038949117064,0.0004679461126215756,0.0025293452199548483,0.09188524633646011,1.6216787912526343e-07,0.09909360855817795,0.00024506758200004697,0.028873169794678688,1.5376751605344907e-07,0.0013038723263889551,0.0009929407387971878,6.248838246847299e-08,0.5074452757835388,0.00014156174438539892,0.0022558390628546476,1.1898137017851695e-06,0.0008818942587822676,1.0710846254369244e-05
window-0997e00766ec391c1ec1,395_49193_97277,chair,ball,0.5065977573394775,False,3.883772933477303e-06,0.5065977573394775,1.748915747157298e-05,0.001980355940759182,0.0009773726342245936,1.154714368567511e-07,0.03366709500551224,0.009037379175424576,0.0003023018653038889,0.0011219544103369117,0.00020168359333183616,0.005889136344194412,1.0810421002815929e-07,0.0041680894792079926,5.738889012718573e-05,0.0008960642153397202,1.3550578437104832e-09,0.00031584338285028934,0.0992739126086235,2.874042515088604e-08,0.33445602655410767,6.22845334419253e-07,0.0010239046532660723,6.990004294493701e-06,2.1235239273664774e-06,2.49052618528367e-06
window-3f865ddfb613fd29a6d4,395_49193_97277,chair,ball,0.7546343803405762,False,9.895551556837745e-06,0.7546343803405762,0.000284871639451012,0.000733981083612889,0.03304412588477135,2.886431715865001e-08,0.006955889984965324,0.0001136738428613171,0.009877614676952362,0.010652000084519386,9.93802968878299e-05,0.043378181755542755,9.309579240834864e-07,0.025874564424157143,0.0008422239916399121,0.008988474495708942,7.043070127110695e-08,0.0005035001668147743,0.001113032572902739,2.7373272359909606e-07,0.1019437238574028,0.0002054349024547264,0.0006776872905902565,3.8371890695998445e-05,1.5268467905116268e-05,1.2421039173204917e-05
window-ee0d22e6e282b507dba1,455_64092_126267,chair,chair,0.9514625072479248,True,7.288368042770998e-13,3.709468785473291e-07,0.028385965153574944,0.0032734046690165997,0.0002382293896516785,4.7713015192130115e-06,0.0001020984273054637,2.3341382160424473e-08,0.9514625072479248,8.041040018724743e-06,0.0012725145788863301,0.001965837087482214,9.636009963287506e-07,6.298382231761934e-06,0.00010917426698142663,3.673542232718319e-05,2.024215064011514e-06,1.1491797522467095e-06,2.3268516002872275e-09,1.129748739003844e-09,3.0669471016153693e-06,0.00012662177323363721,1.965534863757057e-07,2.9548863267336856e-07,0.01299951784312725,1.0081164703024115e-07
window-f61961c9e35df9d936f6,455_64092_126267,chair,chair,0.9042341113090515,True,1.1005108717654366e-06,0.0028497399762272835,5.0565286073833704e-05,0.008867263793945312,0.0001181650222861208,3.0802309538557893e-06,3.651965380413458e-05,1.5094535683601862e-06,0.9042341113090515,0.007468458730727434,3.8541111280210316e-07,0.06976190209388733,6.386883615050465e-05,1.3628788110509049e-05,2.3495942514273338e-05,5.486232112161815e-06,0.0001117581341532059,0.003859566757455468,3.559333947578125e-07,2.867609146051109e-05,3.987833679275354e-06,8.363311280845664e-06,1.7262520941585535e-06,0.0001283501333091408,0.0021282995585352182,0.00022962532239034772
window-0c96796ee6a8f1635b5a,455_64092_126267,chair,chair,0.9840186238288879,True,1.3555437328172104e-10,2.0171432879578788e-07,0.006188349332660437,5.029835301684216e-05,0.0004757569986395538,7.4342133302707225e-06,4.0409423718301696e-07,1.3025263534416354e-08,0.9840186238288879,0.0005588578060269356,6.613961886614561e-06,0.003377657849341631,9.123754693973751e-07,8.195669209953849e-08,0.0019390920642763376,7.734345126664266e-05,7.523642011619813e-07,0.001640254631638527,8.51803676482632e-08,1.1242237363262575e-08,1.0582716640783474e-05,0.0012108200462535024,1.9351340597495437e-05,1.9405153750540194e-07,0.00041632383363321424,1.5270920528109855e-08
window-df0344260d23f4b04e2e,455_64092_126267,chair,umbrella,0.8631553649902344,False,3.2956318229970805e-10,5.333423587217112e-07,5.20717294421047e-05,2.2463087589130737e-05,0.0008619859581813216,1.4448796719079837e-05,4.272490059520351e-06,1.0025955621273397e-09,0.040037453174591064,1.592727130628191e-05,2.1105175619595684e-05,0.09323915839195251,1.0708375839385553e-06,2.3551742742711212e-06,0.00020757483434863389,0.0022522227372974157,5.78748313273536e-07,1.9138971765642054e-05,1.5613244030987516e-08,1.0198134532402037e-06,2.5028082384359607e-10,1.9715957932930905e-06,5.647747457260266e-05,1.9400011296966113e-05,0.8631553649902344,1.3374158697843086e-05
window-3d164445c635de6387e6,34_1485_4730,cup,cup,0.9979009628295898,True,6.6612102500585024e-09,0.00020177211263217032,1.7778014807845466e-05,2.8367182949295966e-06,6.110665708547458e-05,2.119470536854351e-07,8.255199645645916e-06,1.5537565678513943e-09,8.227784746850375e-06,0.9979009628295898,1.9702636564034037e-05,1.7283905151543877e-07,1.0394333394003752e-08,3.567793555703247e-06,1.2358118510746863e-05,0.0003333125205244869,2.32214123485619e-08,1.1963736596953822e-06,7.331263418564049e-08,9.295201408576759e-08,1.677912422337613e-07,3.9427806086678174e-07,0.00010923379886662588,0.0012528464430943131,5.250925028121856e-07,6.514901906484738e-05
window-5eb940676498733a4b4d,34_1485_4730,cup,cup,0.9975118637084961,True,3.2323063692274445e-07,0.0021727485582232475,1.4753089999430813e-05,7.244279913720675e-07,5.639040409732843e-06,1.0797892580072244e-09,3.874606235854117e-08,7.1444121729768995e-09,2.2062938853650849e-07,0.9975118637084961,2.655766365933232e-05,1.3067658244381164e-07,1.7702820969134336e-06,5.389749276218936e-05,2.4021972421905957e-05,2.265582952531986e-05,9.334083728163023e-08,5.544456627148975e-08,5.634645958707551e-07,3.367759688899241e-07,9.238589882443193e-06,3.764162102015689e-07,0.00010969825234496966,3.053688851650804e-05,3.136046444751628e-08,1.385295490763383e-05
window-b2515c3838dcd7b61544,34_1485_4730,cup,cup,0.8904882073402405,True,2.0185327684885124e-06,0.038948480039834976,0.012482255697250366,6.240963557502255e-05,0.0002027142618317157,8.421541679126676e-06,3.748965809791116e-06,3.905405776549742e-07,0.001068441546522081,0.8904882073402405,0.03624053671956062,0.0004425124207045883,2.3313194105867296e-05,0.0012406851164996624,0.009321802295744419,0.006032019387930632,2.0275213046261342e-06,1.0624263268255163e-05,1.7913567717187107e-05,1.767128378560301e-05,9.969788516173139e-05,1.0515367648622487e-05,0.0018219471676275134,0.0009434522944502532,0.0001897668989840895,0.000318514445098117
window-f7e0ffb48cec418d7dcc,34_1485_4730,cup,ball,0.445001482963562,False,4.3236091187282e-06,0.445001482963562,0.012036244384944439,0.00011001608072547242,0.0007970682927407324,1.4107099559623748e-05,8.910954784369096e-05,2.036998694165959e-06,5.512431016541086e-06,0.09706826508045197,0.0009461850859224796,6.37389163671287e-08,6.689451481634023e-08,0.0011413911124691367,3.167139948345721e-05,0.4290514886379242,4.064619588461937e-06,6.575919996976154e-06,1.808021988836117e-05,5.01927850393713e-08,1.153959061639398e-07,2.5623110104788793e-06,0.0003174603043589741,0.011910997331142426,7.790932698981123e-08,0.0014410136500373483
window-ebdcaf51014f8eb6af28,46_2543_7478,cup,cup,0.8887807726860046,True,0.007741182576864958,9.81007979135029e-05,0.0004487962578423321,0.00012408863403834403,2.295105559824151e-06,7.75899097789079e-05,0.019114231690764427,4.745265323435888e-05,2.5895014914567582e-06,0.8887807726860046,0.00022653663472738117,5.796005643787794e-05,6.463137833634391e-05,5.5137250456027687e-05,5.6829907407518476e-05,0.001572286942973733,5.341858582141867e-07,0.0016781275626271963,4.5809185394318774e-05,1.7354378769596224e-06,0.05426611378788948,1.971846756987361e-07,0.0005329232080839574,0.0001821941987145692,0.0004195835208520293,0.02440216764807701
window-682c2071b470703f84c8,46_2543_7478,cup,cup,0.9762011766433716,True,0.0003553910064511001,1.838988100644201e-05,2.464083445374854e-05,5.66547350899782e-06,1.138413381340797e-07,0.00022259769320953637,0.0015146996593102813,4.634129254554864e-06,3.175450444814487e-07,0.9762011766433716,0.00012977955339010805,7.616620223416248e-06,2.8588583518285304e-05,9.485643204243388e-07,1.3534525351133198e-05,6.635796307818964e-05,1.6624315435365133e-07,0.0003347296442370862,7.564038241980597e-06,2.0272166523227497e-07,0.0038463964592665434,3.3760951367867165e-08,2.4181850676541217e-05,4.569200973492116e-05,8.87384703673888e-06,0.01713772490620613
window-aa7d87ed4ab88eeb0621,46_2543_7478,cup,cup,0.8829842209815979,True,0.0022732883226126432,9.607232641428709e-05,0.00010611645848257467,6.921694421180291e-06,7.541698465729496e-08,0.0007324556936509907,0.015930544584989548,1.632213570701424e-05,4.224471581437683e-07,0.8829842209815979,0.0005693798884749413,2.8628186555579305e-05,1.430143674951978e-05,5.126078576722648e-06,7.399977675959235e-06,0.000525935145560652,1.4310719720356246e-08,0.00027928565395995975,2.35367569985101e-05,1.0380699677625671e-07,0.07881864905357361,3.034547191305137e-08,0.00033853051718324423,2.6826961402548477e-05,4.9514626880409196e-05,0.017166243866086006
window-191a4ca97781e0c950f9,46_2543_7478,cup,cup,0.9088570475578308,True,4.852093115914613e-05,7.458257459802553e-05,0.00010917792678810656,1.0357713108533062e-05,4.827339807889075e-07,0.002102079801261425,0.001714905141852796,1.4530591215589084e-05,7.902349921096175e-07,0.9088570475578308,9.606521780369803e-05,5.2978002713643946e-06,1.223198341904208e-05,1.3430004401016049e-05,1.5205856470856816e-05,1.1387379345251247e-05,1.8639187260305334e-07,0.0001240195706486702,2.4057553673628718e-06,3.5058590128755895e-06,0.0018140615429729223,2.5914536294635582e-08,3.308070154162124e-05,4.69584520033095e-05,5.63212379347533e-05,0.08483337610960007
window-4347655143c93065ad53,589_88288_175265,cup,wineglass,0.6243909597396851,False,0.0006019096472300589,0.019801797345280647,0.002840849570930004,2.2862050172989257e-05,0.00102150603197515,0.00025996743352152407,0.00011104474106105044,1.4589284546673298e-05,2.6337409053667216e-07,0.3214111626148224,0.011197173967957497,5.65420407383499e-07,1.8185519365943037e-06,2.4307161083925166e-07,2.9358814572333358e-05,0.0008361104410141706,2.6334885205869796e-06,0.013581774197518826,0.0003121767076663673,9.527743927151278e-09,0.00020534447685349733,4.2495375396356394e-07,0.0017378373304381967,0.001617233850993216,3.71446361668859e-07,0.6243909597396851
window-71d5169dc65e250cd9b7,589_88288_175265,cup,baseballbat,0.8745006322860718,False,0.00017022427346091717,0.0002553008380346,0.8745006322860718,2.8543341613840312e-05,0.0034634186886250973,0.0001427188835805282,0.00014824120444245636,0.0001495301548857242,1.4309188145489316e-06,0.0013699607225134969,0.017801575362682343,1.0475662747921888e-05,8.044310561672319e-06,9.400250746693928e-06,9.251041046809405e-05,0.0043287985026836395,7.826802743693406e-07,0.0556296780705452,0.00045412019244395196,1.7339912616876063e-08,0.0007128747529350221,8.677351814867507e-08,0.019437938928604126,0.015801450237631798,4.65037373942323e-06,0.005477570462971926
window-13d85ad0f1d4ccccfc7b,589_88288_175265,cup,baseballbat,0.5321080684661865,False,0.00031548418337479234,0.000276116537861526,0.5321080684661865,9.922166100295726e-06,0.006555378902703524,3.098207525908947e-05,0.0007438882603310049,1.2856607099820394e-05,7.336719818340498e-07,7.195878424681723e-05,2.4237975594587624e-05,0.00010808837396325544,1.0605194802337792e-06,2.4664272132213227e-05,0.006636865437030792,0.0036542383022606373,7.699870252508845e-08,0.001374825369566679,0.0041060009971261024,8.650768279494514e-08,0.0001804642815841362,2.2294682366919005e-07,0.44023415446281433,0.003141018794849515,0.0003657451015897095,2.287586175953038e-05
window-4fd077101ab0625cc133,589_88288_175265,cup,toyplane,0.31062906980514526,False,0.0016304468736052513,0.006972230970859528,0.30492228269577026,0.0002580931468401104,0.22834771871566772,2.819145447574556e-05,0.00027998758014291525,3.7688700103899464e-05,1.785111271601636e-05,0.06975001841783524,0.004093844909220934,0.0017521902918815613,5.5035375225997996e-06,1.2681497537414543e-05,0.0024930306244641542,0.020173318684101105,7.17637794878101e-06,0.009809455834329128,0.0005941162817180157,6.238451533135958e-07,0.022858284413814545,8.635569429316092e-06,0.31062906980514526,0.008642811328172684,9.55743234953843e-05,0.006579165812581778
window-64e0de49b22c8a22a19d,595_90563_180752,cup,cup,0.9847822785377502,True,1.2425012130279356e-07,9.326940926257521e-05,1.1413647804658922e-09,7.358228515386145e-08,6.546222452996631e-10,6.053247716408805e-07,0.00014639637083746493,1.8570966986430903e-09,2.238233946627588e-06,0.9847822785377502,3.422416483545021e-08,1.0785997095474897e-10,4.8967376820030495e-09,6.697126880839122e-11,9.554880762152607e-07,8.74250505322749e-10,1.1277289086559453e-14,1.3820916819895501e-06,1.2700772913376568e-06,6.882387437734394e-10,1.868587284903356e-09,4.2916627762679127e-07,3.6347844734052615e-09,3.0172778053838556e-08,3.505183643337517e-10,0.01497085765004158
window-814ed3120d4c6ce281b4,595_90563_180752,cup,wineglass,0.4900873303413391,False,0.005021090619266033,0.0007646561716683209,0.012965120375156403,5.271743702905951e-06,2.85658501297803e-07,0.0011651645181700587,4.617848026100546e-05,5.070480619906448e-05,0.004323357716202736,0.47337156534194946,0.00047210880438797176,4.12688768847147e-06,0.0010574670741334558,0.006684468127787113,9.9135548225604e-05,0.00022322374570649117,1.5746611836675584e-07,2.935786687885411e-05,7.796406134730205e-05,1.5381688172055874e-06,5.02706234328798e-06,0.0022938712500035763,0.0002964844461530447,0.0009542455081827939,1.1899106766577461e-07,0.4900873303413391
window-2a8b238964d9162bf9dd,595_90563_180752,cup,wineglass,0.8982749581336975,False,1.3031933754348302e-08,4.765460744238226e-06,7.922886311462207e-07,1.1199292160313234e-08,1.4270130910265522e-10,5.4152650363903376e-08,1.206873379011597e-09,1.1067191607594395e-08,4.290524884709157e-06,0.10171272605657578,3.840420870204753e-09,1.73003281080282e-13,4.812836706946655e-08,9.893719266074186e-08,1.0599127131527553e-09,2.364382822861444e-08,1.5792017216478826e-13,1.1510017117188909e-07,9.25261289808077e-09,1.392990434112562e-08,1.852667845525513e-11,2.820922662127856e-10,4.044449894990976e-07,1.6488777418999234e-06,9.40861884929367e-12,0.8982749581336975
window-b345e6be4d08de51340f,598_92112_184082,cup,cup,0.9514206051826477,True,5.350438527784718e-07,6.022892762302945e-07,3.0940464057493955e-05,0.00012039624562021345,7.82067957061372e-07,0.0020473559852689505,2.4818813471938483e-05,3.1277755624614656e-05,4.3798135607175936e-07,0.9514206051826477,3.7395834624476265e-06,4.3212389755353797e-07,2.3590800424244662e-09,5.8636359767660906e-08,0.0010700393468141556,2.2673416424368042e-06,3.723664931953863e-08,1.0713891924751806e-06,1.4245722013583872e-05,6.415466491382915e-10,2.17630913290634e-10,1.3951058364103375e-10,6.119210593169555e-05,6.020202818035614e-06,0.0005768128903582692,0.04458640143275261
window-294bd9ac3b066a8e4859,598_92112_184082,cup,cup,0.9932370781898499,True,0.0018525263294577599,0.00011627364438027143,9.180777851724997e-06,0.00011942782293772325,3.2639150049362797e-06,0.001256067305803299,0.0004202500858809799,8.977633842732757e-05,9.027256169247266e-07,0.9932370781898499,7.852771886973642e-06,5.058749366071424e-07,1.609758193410471e-08,1.8452368522048346e-09,0.0017096629599109292,4.484561213757843e-05,4.087423803866841e-07,4.892283413937548e-06,2.230293830507435e-05,4.425874666758034e-10,8.963021436159124e-09,1.2350909184277725e-10,2.6110959879588336e-05,1.856263043009676e-05,5.558199063671054e-06,0.0010545732220634818
window-0e1d785313ffae703c13,598_92112_184082,cup,cup,0.9994319081306458,True,6.902504537720233e-05,1.332235683548788e-06,3.322827524243621e-06,3.1154955649981275e-05,3.914758295309184e-08,1.1644888218143024e-05,2.6206898837699555e-05,6.260463578655617e-06,6.705709552079497e-07,0.9994319081306458,2.0960337110409455e-07,4.381671203645965e-08,5.921267032249489e-09,9.018178981357039e-10,8.940885891206563e-06,2.1822290818818146e-06,2.57278269799599e-08,7.270413789228769e-06,5.959504960628692e-06,3.446544716290134e-10,3.4163871731607287e-09,1.2819138979491829e-11,0.00033764587715268135,7.863442078814842e-06,3.638682755990885e-05,1.1778828593378421e-05
window-e818a6c632e6a8915d37,598_92112_184082,cup,cup,0.9969797730445862,True,1.671928293944802e-05,4.1859897237372934e-07,1.846571103669703e-05,1.522019192634616e-05,1.1631897223196574e-06,7.311542958632344e-06,2.4810184186208062e-05,7.486787581001408e-06,8.530831223652058e-07,0.9969797730445862,3.5691039101948263e-07,4.377904588181991e-06,1.852511588573691e-09,4.1459188082626497e-07,0.0001886051322799176,1.7086478692363016e-05,1.2659057802011375e-07,5.138460892339936e-07,0.00020125276932958513,1.0014310491968104e-09,4.819680210488286e-09,7.603529611488469e-11,0.001167447422631085,2.472875712555833e-05,0.0012773392954841256,4.5448286982718855e-05
window-5a96ab6d465543704fe7,606_94988_191151,cup,cup,0.9249873161315918,True,2.3688509998009977e-07,2.16631633520592e-06,2.0013831090182066e-05,2.2559414958323032e-07,5.0524139538765667e-08,0.0002851055469363928,1.0567573553998955e-06,3.6459360530649576e-10,0.004567465744912624,0.9249873161315918,1.064855223376071e-05,1.1470177696537576e-07,0.0013772551901638508,3.257886760366091e-08,5.1843453547917306e-05,3.0758820912524243e-07,3.3590438306418946e-06,0.06597622483968735,9.770365627659316e-10,1.2911951507987851e-08,1.4483114227914484e-06,7.89170950810103e-10,5.651309038512409e-07,2.102290636685211e-06,6.564710929524153e-05,0.002646791050210595
window-48e5b23dfedd246f01aa,606_94988_191151,cup,cup,0.7917167544364929,True,1.31551705635502e-05,1.518092267360771e-05,0.00011673795961542055,1.2660043466894422e-06,1.2075396682575956e-07,0.00037538798642344773,5.926655788357493e-08,1.689976336649579e-08,0.000521040172316134,0.7917167544364929,4.564231858239509e-05,1.3367374549488886e-06,0.005720422603189945,1.569554086700009e-08,3.135514532459638e-07,5.911807079428399e-07,1.1399387403798755e-05,0.19337984919548035,3.212558752352379e-08,1.4325364894318682e-08,2.3132374735723715e-06,1.2558371009774305e-10,9.939252777257934e-06,4.08338109991746e-06,7.168953743530437e-05,0.007992529310286045
window-deaa311f65b9d65947fb,606_94988_191151,cup,cup,0.8507459759712219,True,3.7711081404268043e-06,2.5415576601517387e-05,1.6296960893669166e-05,1.1570952551664959e-07,4.4284689693085966e-07,0.0002611236704979092,2.471108828672186e-08,1.4236546386214854e-09,7.69500111346133e-05,0.8507459759712219,2.7093521566712297e-05,5.992358165229916e-09,0.00046031957026571035,4.675091980210766e-10,1.6863172049852437e-06,4.471494463587078e-08,3.542385229593492e-06,0.1361696869134903,7.966262094427634e-10,8.199096956928997e-10,1.3188244338380173e-05,1.8254434075437587e-10,8.174355770051989e-08,4.7167091565825103e-08,7.400217327813152e-07,0.012193318456411362
window-458159f75c694f11b35c,606_94988_191151,cup,cup,0.9902569055557251,True,7.8610480613861e-07,1.027106932838251e-08,2.7487476472742856e-07,7.03454929862346e-08,4.254794703228981e-07,2.749171017057961e-06,3.288794232503278e-07,2.4964528708149025e-11,9.336396544767922e-08,0.9902569055557251,9.78709095988961e-08,5.821854287546557e-08,3.307225779280998e-05,9.642976417367777e-10,1.0775661252182545e-07,4.1189241528627463e-07,7.625149578416313e-07,0.0002816285705193877,6.303293997866888e-10,6.299351040794932e-10,3.52412889981224e-08,3.237742539352606e-12,1.6305574490615982e-07,2.38716296507846e-07,2.8932713576068636e-06,0.009418840520083904
window-c86290eb89273f8ad893,394_48845_96618,frisbee,cake,0.7273495197296143,False,0.0004366069915704429,0.08414524793624878,5.343442171579227e-05,3.8503610966245105e-08,0.0022124953102320433,9.742453812577878e-07,0.7273495197296143,0.0009503879700787365,3.6155364568912773e-07,2.3315200451179408e-05,0.0029777062591165304,0.007658614777028561,9.262762432626914e-06,0.0020126006565988064,3.9557992437266876e-08,2.7263509764452465e-05,1.187933321489254e-06,7.649333565495908e-05,0.009399536065757275,4.870416887570173e-07,0.15613092482089996,4.441350029082969e-05,0.006475568749010563,7.869364708312787e-06,3.2800392091303365e-06,2.388316943324753e-06
window-69b2f01e3e44bc0707c2,394_48845_96618,frisbee,sandwich,0.6729475259780884,False,9.302620310336351e-05,0.08528473228216171,3.778456630243454e-06,7.825210559531115e-06,0.0002473531349096447,5.8341722564136944e-08,0.002390732290223241,0.11247383058071136,2.5875839128275402e-05,2.3077791411196813e-05,0.00013361095625441521,0.0011063721030950546,4.682299731939565e-06,2.1576346625806764e-05,4.970255318426098e-08,9.830961789702997e-05,6.965758636567898e-09,6.93107649567537e-05,0.6729475259780884,5.147887116585537e-10,0.11417464166879654,8.358552463505475e-07,0.010170064866542816,0.0007226081797853112,1.1258505239197802e-09,3.1867688932152305e-08
window-d22ceddbf42b1eb62e39,394_48845_96618,frisbee,ball,0.443369597196579,False,9.297241194872186e-05,0.443369597196579,0.003912285901606083,0.00045650728861801326,0.00852420274168253,5.727011398448667e-07,0.002097887685522437,0.23458902537822723,0.004481691401451826,5.410660014604218e-05,0.014946438372135162,0.04544650763273239,0.00023614308156538755,0.022025244310498238,2.72817896984634e-06,0.00440732017159462,8.150635039783083e-06,0.0025556175969541073,0.095500648021698,4.0532764700174084e-08,0.06772035360336304,1.7360349374939688e-05,0.04329333454370499,0.006258260924369097,6.42062559563783e-07,2.268693833684665e-06
window-1a1f0b8fbb2da84055a6,394_48845_96618,frisbee,frisbee,0.5778151154518127,True,0.00016051504644565284,0.0790642723441124,0.002709942404180765,5.382911695051007e-05,0.0015274486504495144,5.8686023294285405e-06,0.1918036937713623,0.0328817293047905,1.3752688573731575e-05,0.00020119450346101075,0.5778151154518127,7.392594125121832e-05,0.00306570902466774,0.00032141240080818534,7.530147740908433e-06,7.311179797397926e-05,0.011940672993659973,0.00048309366684406996,0.05759695917367935,3.339940268798358e-10,0.00016740596038289368,0.03760034590959549,0.000855692895129323,0.0015727258287370205,4.0914865166996606e-06,8.985933525051948e-11
window-4b5fc300f30ddb748287,416_57524_111894,frisbee,frisbee,0.4732290804386139,True,0.00010143128747586161,0.46881043910980225,0.016666607931256294,4.7694742534076795e-05,0.0040925005450844765,1.7670599845587276e-05,4.141896624787478e-06,0.0032850203569978476,8.061627454480913e-07,0.00904013216495514,0.4732290804386139,1.0809137165779248e-05,0.00019526685355231166,0.00017664804181549698,5.054768053014413e-07,0.016407063230872154,0.002174283843487501,0.00014922564150765538,7.387313871731749e-06,1.0428212959823213e-08,2.8586362532223575e-05,3.818319953552418e-07,0.00329941906966269,0.001683831331320107,0.0001380156318191439,0.00043309180182404816
window-1cf67e5e5c62e1793530,416_57524_111894,frisbee,ball,0.7678978443145752,False,3.709269003593363e-05,0.7678978443145752,0.00020990343182347715,4.0503975469619036e-05,0.0004723523452412337,4.2305910596951435e-07,2.8121926334279124e-06,0.0005823210231028497,1.422933564754203e-06,0.0007354722474701703,0.2004140019416809,6.0842998209409416e-05,2.0609662897186354e-05,8.104964217636734e-05,2.2154768686277748e-08,0.0255853533744812,7.703182200202718e-05,0.0002736778696998954,1.4008836615175824e-06,1.3393841591380351e-08,0.0001982279500225559,7.247192002068914e-08,0.0018978927982971072,0.0010244677541777492,6.794514774810523e-05,0.0003172264259774238
window-95f6ff1a5df2ddaff134,416_57524_111894,frisbee,ball,0.7814922332763672,False,0.0002766527177300304,0.7814922332763672,0.004440711811184883,1.5560624888166785e-05,0.0006709329318255186,4.91094169774442e-07,1.706166767689865e-05,0.01652364432811737,3.893451605563314e-08,0.0011928105959668756,0.14570555090904236,3.6171844840282574e-05,5.196643542149104e-05,4.201577030471526e-05,2.7167079696965857e-09,0.0172191821038723,0.0001672698272159323,0.00018733796605374664,7.647510756214615e-06,1.6271018310476393e-08,0.0008280030451714993,3.9707806820388214e-08,0.015382177196443081,0.01455443724989891,4.192507185507566e-05,0.0011459895176813006
window-2171a442e2a179597ca0,416_57524_111894,frisbee,frisbee,0.8600003719329834,True,2.7243040676694363e-05,0.11077744513750076,0.00017312874842900783,5.100338057673071e-06,0.00073722202796489,4.3026940943491354e-07,1.5544363122899085e-05,0.0005058326642028987,1.5779201589793956e-07,7.862567872507498e-05,0.8600003719329834,2.351875536987791e-06,3.7922377487120684e-06,5.7554505474399775e-05,1.2750691613661047e-09,0.019521556794643402,9.755023711477406e-06,7.782120519550517e-05,2.829699724316015e-06,1.1803847899116704e-09,0.00014158280100673437,3.153698102664748e-08,0.006083526182919741,0.0017096551600843668,3.807518078247085e-05,3.0239218176575378e-05
window-59b89b3988576c19a10d,422_58685_113855,frisbee,frisbee,0.9953697323799133,True,1.6087346921267454e-06,3.0131621315376833e-05,5.630777377518825e-05,5.989948476781137e-05,0.0015825828304514289,1.8383008864475414e-05,2.925447915913537e-06,0.0005108342156745493,3.8023331011549644e-11,7.30232204659842e-05,0.9953697323799133,2.4429431277894764e-07,4.78753889865402e-08,0.0009417973342351615,6.9970112235751e-05,0.0001397541054757312,1.620006878511049e-05,1.169625193142565e-06,0.0002589236246421933,1.4817015880908002e-07,1.3717850606553839e-06,1.7171563726492423e-08,2.0202323014473222e-07,0.0008594754035584629,8.125379622470064e-07,4.461447133508045e-06
window-dba281ee2e444c2ab8fa,422_58685_113855,frisbee,frisbee,0.9984943866729736,True,3.5640709938888904e-06,2.5699798698042287e-06,8.189924847101793e-05,0.00044300121953710914,0.00011036051000701264,3.584254955057986e-07,1.1466448768260307e-07,4.2701507481979206e-05,4.514954035639285e-11,9.361968841403723e-05,0.9984943866729736,2.947051283563873e-11,1.6528771240587048e-08,4.233301297063008e-05,0.00010786396887851879,5.0799466407625005e-05,3.7036909361631842e-06,4.611357695694096e-08,0.00029348162934184074,8.695895559185374e-08,1.556373918631948e-10,4.1578812615128413e-10,6.347756880131783e-06,0.00022263733262661844,8.003916462939742e-08,5.588942642020811e-09
window-4c6c5d823609976a6800,422_58685_113855,frisbee,book,0.44585365056991577,False,6.2477020037476905e-06,0.0005239692400209606,1.4794536582485307e-05,0.00043970110709778965,0.44585365056991577,2.1331639800337143e-05,0.001942418166436255,1.7655045667197555e-05,6.573449695679301e-08,0.0014945139409974217,0.3947272300720215,0.00014623271999880672,2.5195505681807617e-09,0.02466142177581787,0.014316144399344921,0.021863043308258057,8.573840091230522e-07,6.899682603034307e-07,0.006660486105829477,5.559505780183827e-07,1.0919252417807002e-06,4.335444891978568e-09,0.00021623265638481826,0.08708704262971878,3.2966338494588854e-06,1.325520656791923e-06
window-d2e8673808626ee0d782,422_58685_113855,frisbee,frisbee,0.9965182542800903,True,2.6596987936500227e-06,7.943060154502746e-06,7.656806246814085e-07,4.666425866162172e-06,8.213951514335349e-05,5.9827678342117e-05,8.957230193118448e-07,4.871346027357504e-05,8.026287100226792e-12,8.244467608164996e-06,0.9965182542800903,2.8258946827008913e-07,8.070252732750305e-08,1.392121339449659e-05,2.1873610478451155e-07,0.0025172086898237467,3.7615927794831805e-07,4.839155849367671e-07,0.000564270478207618,2.3972515084125234e-09,6.04398238124304e-08,5.235843356099501e-11,4.453997917153174e-07,0.00016854946443345398,1.4703772643898105e-09,4.54687878459481e-08
window-4c05ae2627cfe9455c8f,426_59777_116430,frisbee,frisbee,0.99922776222229,True,2.8402311613717757e-07,8.307099051307887e-05,0.0003990616532973945,3.8507383237629256e-07,8.217090908146929e-06,2.5703691335365875e-06,4.9943373596761376e-06,9.047091589309275e-05,1.8269542823023954e-10,1.1447398264863295e-06,0.99922776222229,5.977076966701134e-07,7.607676294485444e-11,1.360329770250246e-05,6.454812137235422e-06,0.00012898795830551535,1.262347115726925e-08,2.4587476943338515e-08,3.094367639278062e-05,2.686094185619381e-12,1.7986377942591503e-09,2.4925657982066696e-08,1.5787783524956467e-08,5.278994308355323e-07,9.306029937761195e-07,2.474449256606448e-10
window-d22360f88c5652557df7,426_59777_116430,frisbee,frisbee,0.9999822378158569,True,8.397415540706277e-10,3.2823500362155755e-08,4.2189763007627334e-06,5.039682449137217e-08,8.547725371954584e-08,5.8997674301508596e-08,4.5321513653107104e-07,1.6699086700100452e-06,1.178658837197588e-10,2.034192148059333e-09,0.9999822378158569,9.162516967364809e-09,4.147961000285777e-14,7.977700988703873e-07,2.2291652967965092e-08,2.6750674351205816e-06,3.1855215080339727e-12,1.3542780785691377e-10,7.720938810962252e-06,1.6383034921293635e-15,1.663620977088165e-11,9.52286721700446e-11,3.6721645169102146e-10,2.5345208154448073e-09,9.43094402572342e-09,5.5458923044204855e-12
window-3765a01046420b417e88,426_59777_116430,frisbee,frisbee,0.9998656511306763,True,2.3165060980545604e-08,3.7543725284194807e-07,5.829547717439709e-06,5.288838877959279e-08,2.0460670384636614e-06,1.0219656587651116e-07,4.667497705668211e-05,4.678423010773258e-06,7.4626268706246e-12,1.745771172068089e-08,0.9998656511306763,1.673974026061842e-08,1.049317859165566e-12,3.5687751278601354e-06,1.464389129068877e-06,1.3235478036222048e-05,1.7422417675216906e-12,7.762128440003124e-11,5.621964737656526e-05,1.267866291555092e-13,1.2757234157945163e-09,2.3108023827767e-10,5.414378390078411e-10,1.874018273895217e-08,6.8022525390176725e-09,8.36734761339164e-12
window-0b37c96312d5822fa8c7,426_59777_116430,frisbee,frisbee,0.9994400143623352,True,5.461574659193502e-08,1.680190166553075e-06,0.00044867052929475904,1.0887238204304595e-06,5.93475363075413e-07,8.074259199020162e-07,3.277485666330904e-05,4.016239472548477e-06,4.895020833117769e-09,2.444315896354965e-07,0.9994400143623352,7.858043318265118e-07,2.371753626828621e-10,6.352520358632319e-06,1.9966486433986574e-05,7.379545422736555e-06,1.5613610404585643e-10,1.0484457391157775e-07,3.094792191404849e-05,1.0591056026978962e-12,1.7615480629729063e-08,1.2773979651825584e-09,3.058988795601181e-08,3.855039949485217e-07,4.028053808724508e-06,3.4017766381566616e-10
window-b16b2685af1130ae398a,68_5333_12478,frisbee,frisbee,0.9994939565658569,True,1.3366179985041526e-07,3.0022010832908563e-07,1.210208893098752e-06,7.75247599449358e-09,4.886173954332662e-08,0.0003256986674387008,0.0001242262515006587,4.066590122420166e-07,9.606972994902208e-10,1.0362113016526564e-06,0.9994939565658569,1.04649791055067e-08,1.2398998494589364e-10,6.116254098742502e-07,4.6793491037533386e-07,5.1675535360118374e-05,1.087163258722823e-11,5.313576245669083e-10,4.242340168048031e-08,3.6821474688752964e-12,5.441727424226883e-08,9.376351073342448e-08,3.9584765687550316e-08,1.9309080556695335e-08,4.089225624781534e-10,2.9384641386798194e-09
window-9b5b680a15305f147327,68_5333_12478,frisbee,frisbee,0.9994175434112549,True,7.375909660822799e-08,1.3165595191821922e-07,8.651677596560603e-09,1.7602337643030097e-10,2.0566710556835233e-09,0.00044660113053396344,0.00013431572006084025,1.585790698754863e-08,3.15523468463752e-10,9.112112593356869e-07,0.9994175434112549,5.376261658085468e-10,2.9501207032822663e-10,2.342400051702498e-08,1.1897929752535674e-08,1.341412882993609e-07,7.404142403355518e-12,3.605833631681321e-09,1.1790756815344139e-08,1.0589505617872308e-12,2.13990730912883e-07,8.283505081863041e-08,3.175714413661268e-10,1.2574809249432661e-10,9.547234530726811e-11,4.950664767022772e-09
window-e66fb0615e9b3c021719,68_5333_12478,frisbee,frisbee,0.9988491535186768,True,7.710342941891213e-08,1.3457322438625852e-06,1.5303945133382513e-07,1.9434240883242637e-09,1.769471502655051e-08,0.0010962727246806026,4.3252868636045605e-05,2.9246024269014015e-08,1.5131830011227976e-08,1.9217125100112753e-06,0.9988491535186768,1.2724743037040298e-08,1.1216333417607416e-09,3.353576971676375e-07,4.943576641380787e-07,5.919692284805933e-06,3.642748949705954e-11,4.2543844003262166e-09,1.875200794643206e-08,1.6424009721682786e-11,2.2431244417475682e-07,7.623783062626899e-07,2.5521815771867296e-09,1.8549304314774417e-09,1.4184751151447017e-09,2.33998314058681e-08
window-6fc29fcb353757443d80,68_5333_12478,frisbee,frisbee,0.9971789121627808,True,3.5351857263776765e-07,8.008148597582476e-07,1.9662746808535303e-07,7.778350186171679e-10,1.1432272906120033e-08,0.00277002714574337,4.238563633407466e-05,6.52130083267366e-08,2.2671342581048748e-09,6.028762072673999e-06,0.9971789121627808,1.933539328646816e-09,4.7315711348971945e-09,1.6795453916529368e-07,2.1650052417498955e-07,2.536260410579416e-07,4.53232312791485e-10,3.250335112170433e-08,2.986232772173025e-08,5.046900050653669e-11,1.2291425832700043e-07,3.1932168553794327e-07,7.316915962007897e-10,7.031122351008889e-10,8.267312168186436e-09,1.7479756309057848e-07
window-962ad405594b951fe83a,68_5364_12501,frisbee,frisbee,0.9998775720596313,True,4.7815552534302697e-05,1.1432121027610265e-06,7.945299973499687e-10,1.0266725837537738e-11,4.0169703674486357e-10,1.5119765521376394e-05,5.1504437578842044e-05,6.49436486810373e-08,3.550486998588759e-13,1.2084678928658832e-06,0.9998775720596313,1.910295033269449e-09,1.0549067175347204e-09,1.6001865388304282e-09,3.1099511854648654e-11,3.7339232221711427e-06,9.834315436649255e-13,2.402279042357236e-09,1.5545518863291363e-06,3.4985434146060645e-13,2.6417538379064354e-07,3.52081336307819e-10,1.934857252194888e-08,8.608538770715768e-09,6.6793480468785305e-12,2.0865789096546905e-09
window-e61caed2362677a546b4,68_5364_12501,frisbee,frisbee,0.9998194575309753,True,0.0001425591908628121,5.967908236925723e-06,1.6099602762054133e-09,6.410307007431726e-11,4.484279614302977e-09,2.957339347631205e-06,7.96493623056449e-06,2.8931791007380525e-07,1.0796347323094313e-11,4.806878223462263e-06,0.9998194575309753,1.8826014525075152e-08,8.283450370072387e-09,4.95908381026311e-09,9.347635859802139e-11,1.3457818567985669e-05,4.959530182369054e-12,1.4418501947943696e-08,1.8659711713553406e-06,2.6169205691317643e-12,4.297344560200145e-07,2.552722255799722e-09,4.01339441680193e-08,1.2198908549976295e-08,1.8336564905352404e-12,7.59184928256218e-08
window-e884a16e2b2981ed76d2,68_5364_12501,frisbee,frisbee,0.9999357461929321,True,5.1652794354595244e-05,2.0400434550538193e-06,5.359764854162563e-10,2.617704230462037e-12,8.890111979908966e-10,8.042416993703227e-06,8.72160967446689e-07,8.94287595087917e-08,3.6778076244192714e-12,2.840306194684672e-07,0.9999357461929321,1.7719530287507723e-09,3.1489282292795906e-09,1.4539425219339819e-09,1.6924338666624017e-11,5.250934691503062e-07,1.350244352091301e-12,7.170041449455766e-09,4.4929348064215446e-07,4.559224634111125e-13,3.2587632858849247e-07,3.7168677025078978e-09,8.129507067522468e-10,1.8527525069700346e-09,2.0220142834398436e-12,5.677824876926252e-09
window-c519d5f5ed2c40645803,68_5364_12501,frisbee,frisbee,0.9995833039283752,True,0.0002988772466778755,1.0079251296701841e-05,5.490683463449386e-09,9.259127492500241e-11,2.0686741208919557e-09,4.3613239540718496e-05,4.685126259573735e-05,8.070874173427001e-07,1.7777914557148833e-11,9.465446964895818e-06,0.9995833039283752,1.3293316669660271e-08,6.493948490060575e-09,2.133768184364726e-08,3.663495340422429e-10,1.9322155822010245e-06,2.5393707969723067e-11,8.792820693770409e-08,3.095697366006789e-06,1.8977337062908717e-11,1.4521436924042064e-06,9.850681159662145e-09,5.4235201218943985e-08,1.8172753968315192e-08,7.022884357388293e-11,3.490693245566945e-07
window-337a8796ee3fe5953476,68_5366_12503,frisbee,frisbee,0.9625464677810669,True,0.030495500192046165,0.0008806788828223944,4.228766314895438e-08,1.518740688766229e-08,1.534344029607837e-08,0.00048259180039167404,0.0013593296753242612,1.8107732103089802e-05,5.034380690105422e-10,0.003453043755143881,0.9625464677810669,3.6082235510548344e-07,2.9584299454654683e-07,4.9427026027615284e-08,3.0050726351760204e-09,0.0002613145625218749,8.561271136464654e-10,6.489190127467737e-06,0.0001381121255690232,1.0645628822913977e-10,3.768982787732966e-05,2.811070931585391e-09,2.142735138477292e-05,4.987052193428099e-07,2.441476354420047e-09,0.0002980014542117715
window-7e057c62317e54b4a997,68_5366_12503,frisbee,frisbee,0.9878954887390137,True,0.011642800644040108,0.00011430632730480283,1.830933094026932e-08,8.049619304451028e-11,2.690421219142536e-09,0.00013989165017846972,8.633981633465737e-05,2.6374216304247966e-06,8.668388923327441e-12,5.875742499483749e-05,0.9878954887390137,2.661960429861665e-08,7.847820171491549e-08,1.0163424768450113e-08,2.449234426382674e-10,2.9787435778416693e-05,4.443337017767668e-11,1.985364974643744e-07,1.1320223165967036e-05,1.0680415753194783e-11,1.2486303603509441e-05,7.866605145068206e-10,3.977417293299368e-07,3.298298878462447e-08,3.2208213873730074e-10,5.393841092882212e-06
window-59689ce27e2108719568,68_5366_12503,frisbee,frisbee,0.9964762330055237,True,0.002612943295389414,0.0001423467037966475,1.2621383937982955e-08,7.342197960724661e-10,2.9816860092068964e-09,0.00029993130010552704,0.00038726054481230676,3.7398424410639564e-06,5.1188383393130366e-11,3.426370312809013e-05,0.9964762330055237,1.1829897061943484e-07,8.447196719885142e-09,3.147824756410955e-08,8.618481484035101e-10,1.1282968443993013e-05,1.0801397276605229e-10,5.634923923025781e-07,2.023604974965565e-05,2.6006455669524975e-11,7.11067923475639e-06,3.732632425368365e-09,5.506785214492993e-07,4.530913599865016e-08,8.570843479382972e-10,3.3271635402343236e-06
window-2c4a6f077d5d98be1db8,68_5369_12506,frisbee,frisbee,0.9993622899055481,True,3.6772438761545345e-05,1.9482972675177734e-06,2.7752762310484513e-09,2.0802745637205078e-10,9.103504061691581e-11,0.0005447643925435841,4.321376036386937e-05,1.4121774256636854e-06,4.1696886828729296e-13,3.3856767913675867e-06,0.9993622899055481,6.223073722999573e-10,6.393303664253835e-10,1.9073076451547877e-10,5.0084721092691353e-11,4.123440703551751e-06,3.6644142581421235e-12,3.800508352469478e-09,2.05475885195483e-06,6.921994444644697e-13,5.120079649145737e-08,3.2132081717595185e-11,1.102124080887279e-08,1.426183793284963e-08,2.3699039258806565e-11,4.03167952356398e-08
window-f31b729ae60c799bbd99,68_5369_12506,frisbee,frisbee,0.9570937752723694,True,0.04196060821413994,7.915101014077663e-05,1.7167476329404963e-08,4.596268254886127e-09,1.3910815610529426e-08,0.00015645961684640497,0.00019586196867749095,4.863246431341395e-05,7.649069572179812e-11,0.00020123521971981972,0.9570937752723694,1.1665758847811958e-07,1.8394342760075233e-07,2.068806015387281e-09,4.285833632433622e-10,0.00010434888827148825,1.0230263303157017e-09,1.197935830532515e-06,5.750028503825888e-05,5.557153348600963e-11,9.812130883801728e-06,3.1512856213389284e-10,1.3196131476433948e-06,7.095609078078269e-08,2.523257991438044e-10,8.98617654456757e-05
window-11137407a3428af633bb,68_5369_12506,frisbee,frisbee,0.9712342023849487,True,0.020747719332575798,0.0005036666407249868,3.868627729275431e-08,5.088605647962652e-10,2.996223713580548e-09,0.00646602688357234,8.523693395545706e-05,4.7486992116319016e-05,9.35727162421074e-10,0.0003224280953872949,0.9712342023849487,1.1139123756720437e-07,5.659719590767054e-07,4.61844296140157e-09,1.0528995453285006e-09,3.629285129136406e-05,1.5791851160074089e-09,1.2336755389696918e-05,1.4494708921120036e-05,9.92202014993282e-11,2.4757646315265447e-05,4.807149789343157e-09,2.437030275359575e-07,6.199737612178069e-08,2.5243969137278555e-09,0.0005044119316153228
window-e7b19b92c5209a35812e,68_5369_12506,frisbee,frisbee,0.9329305291175842,True,0.012219891883432865,0.001144097768701613,3.3161617807309085e-07,2.9207852136892143e-08,8.667484507896006e-09,0.04654902219772339,0.0006066616624593735,0.00020576258248183876,2.1660591098537907e-09,0.0011947557795792818,0.9329305291175842,1.0056913879452622e-06,2.267730110361299e-07,1.596510799117823e-07,4.756333549238434e-09,4.6167242544470355e-05,6.423877429995173e-09,1.855823393270839e-05,8.01325513748452e-05,8.802226725279638e-10,4.935759352520108e-05,1.032905938558315e-08,1.4800790495428373e-06,1.6612045783404028e-07,7.172455696036195e-08,0.00495152035728097
window-de4515413702fc77ddd4,396_49550_97694,handbag,teddybear,0.9046738147735596,False,2.917779238487128e-05,0.00022250143229030073,9.383033466292545e-05,8.769906401084882e-08,4.723499102965434e-08,1.1439980074356981e-09,0.0010375622659921646,4.759976582136005e-05,3.4165819329246006e-07,0.00047698538401164114,1.822922786232084e-05,0.0001827283704187721,0.07320038229227066,5.427961582427088e-07,9.035354686659502e-09,3.383938818046772e-08,0.0060714250430464745,0.01360899955034256,3.1748356832395075e-06,7.809997981667038e-09,0.9046738147735596,1.2961663742316887e-05,0.0002817462955135852,3.6490298953140154e-05,1.2061838106092182e-06,7.57564890818685e-08
window-872a7963339879b97dfe,396_49550_97694,handbag,teddybear,0.9198486804962158,False,0.00010028779797721654,0.0003934873384423554,0.00012164486543042585,3.4512204365455545e-06,1.1019050134564168e-06,7.021150882913219e-10,5.1448321755742654e-05,0.0008765512029640377,1.640147360149058e-07,0.0005724963848479092,2.003419831453357e-05,5.9706606407416984e-05,0.03205164521932602,9.674230483369683e-08,5.909848255214456e-08,5.331300485522661e-07,0.003127751871943474,0.035146478563547134,2.3171016891865293e-06,7.431044668493314e-11,0.9198486804962158,7.691059181524906e-06,0.000562545086722821,0.007051002234220505,5.196216790182007e-09,7.43942678127496e-07
window-a4adbdb7c1750cbe28a7,396_49550_97694,handbag,teddybear,0.7391232848167419,False,3.42079783877125e-06,0.007321973331272602,0.005492765456438065,0.0016257284441962838,0.0013614121126011014,1.4843410944820334e-08,0.056308068335056305,0.002264277543872595,1.5605459338985384e-05,0.003343420336022973,0.07976515591144562,0.0257510244846344,0.000575756304897368,0.01340943481773138,5.8528145018499345e-05,1.4670964446850121e-05,0.04235861077904701,0.0019974519964307547,7.482131331926212e-05,6.007572892485769e-07,0.7391232848167419,0.004510643891990185,0.0019427078077569604,0.009898119606077671,0.002775824163109064,6.720977125951322e-06
window-fd9926db608fb3bff380,396_49550_97694,handbag,teddybear,0.7019882202148438,False,1.5684233289903204e-07,0.0015292154857888818,0.23989583551883698,0.00020524523279163986,0.0003699161170516163,1.545206740338756e-10,4.161621836828999e-05,0.002683809259906411,0.00012026753393001854,1.5291057934518903e-05,0.000849299191031605,0.023787610232830048,0.00016359862638637424,0.004761125426739454,5.88381226407364e-07,8.887033800419886e-06,0.012835610657930374,0.002356012351810932,8.368826456717215e-06,8.411911167627295e-09,0.7019882202148438,0.00025173937319777906,0.007032425608485937,0.0008014154736883938,0.0002937421086244285,1.0912846626354167e-08
window-7b24cbce415bcf9d1aaf,396_49773_98019,handbag,handbag,0.9518332481384277,True,0.00027542939642444253,5.420920206233859e-05,0.00013052519352640957,2.5615749109419994e-05,8.87558400108901e-08,3.6853393794444855e-06,0.009414566680788994,0.0005180437001399696,4.8482510464964435e-05,5.389863872551359e-06,1.544999031466432e-05,0.9518332481384277,9.345835678686853e-07,6.233677254385839e-07,4.795399036083836e-06,1.6970905562629923e-05,4.147942544996397e-10,0.0027274207677692175,0.006686083041131496,7.107953337026629e-08,0.021283328533172607,5.588972840087081e-07,2.9718927180510946e-05,0.0067182620987296104,0.0002057285455521196,7.401715151900135e-07
window-fd4c62743fbf1e84be0e,396_49773_98019,handbag,handbag,0.9878678321838379,True,3.0275819540293014e-07,2.9574550808320055e-06,2.2016445655026473e-05,1.9047758542001247e-05,3.709115148353703e-08,1.1003199773540473e-07,0.009738260880112648,7.308764452318428e-06,0.0005217924481257796,6.357377628773975e-07,5.108968821332383e-07,0.9878678321838379,6.6740675208620814e-09,2.6645720936357975e-05,6.643643428105861e-05,5.806765329907648e-05,1.1601700850016883e-10,8.920046093408018e-05,0.0003666178963612765,2.033655688293834e-09,9.339555981568992e-05,1.1823909318309234e-07,1.1971274943789467e-05,0.0008602201123721898,0.00024623540230095387,1.7370791738358093e-07
window-d15d8d245c2895ad3cdc,396_49773_98019,handbag,handbag,0.9915636777877808,True,4.07617335440591e-07,6.147892577246239e-07,5.3992953326087445e-05,1.6104220776469447e-05,1.5942509534738747e-08,3.5951813970314106e-08,0.0031708450987935066,7.765930058667436e-05,4.115079718758352e-05,1.6863459677551873e-06,1.7457409740018193e-07,0.9915636777877808,4.720963620030716e-09,1.0156587677556672e-06,4.471712145459605e-06,2.6046589482575655e-05,1.4832591752056423e-11,0.00010225515143247321,0.00029913484468124807,6.203172420171654e-10,0.0033746501430869102,3.3016672063013175e-08,2.252661761303898e-05,0.0006035321275703609,0.0006397553952410817,3.2642429914631066e-07
window-90e6ca35d5cd7e19525e,396_49773_98019,handbag,handbag,0.9621644020080566,True,2.0006109480164014e-05,7.2005309448286425e-06,4.647866444429383e-05,9.892986417980865e-05,1.6011543380045623e-07,2.581748592689337e-09,0.004937625490128994,0.00017405769904144108,7.342831668211147e-05,1.595141043253534e-06,4.0282279201164783e-07,0.9621644020080566,1.9914443427637707e-08,3.11304034994464e-07,1.7962416904993006e-06,0.0005711477715522051,4.345356297008607e-10,1.6209804016398266e-05,0.0013380328891798854,2.5781207724229205e-10,0.0003171603020746261,5.09536278059386e-07,4.3286490836180747e-05,0.03017941117286682,7.786625246808399e-06,6.081154690917856e-09
window-75cf6ddb4d2ffe8866a5,398_50613_99289,handbag,handbag,0.962988018989563,True,1.601124743899618e-08,1.8367731172475033e-05,7.988365723576862e-06,2.168516039091628e-05,0.0005737957544624805,4.670002162754372e-09,0.0002915393852163106,4.22454559156904e-06,3.302592688214645e-07,5.923346080294323e-08,2.867479452106636e-05,0.962988018989563,3.0792604577278837e-10,0.0020182812586426735,0.00040232972241938114,0.03290384262800217,1.3312429500769718e-12,5.951916293156501e-09,5.5818305554566905e-05,9.719786220330207e-08,5.143596126799821e-07,1.529085352558468e-06,0.0003230415459256619,9.107492587645538e-06,0.0003496785066090524,9.793903927857173e-07
window-3ced881a9eebb50f3e8b,398_50613_99289,handbag,handbag,0.5026828646659851,True,1.7408006147690003e-09,6.580185436177999e-05,0.0001956609048647806,0.00016963708912953734,0.20458267629146576,2.677120192196014e-10,0.00011003165855072439,8.90848968992941e-06,0.000557687773834914,2.854881699931866e-07,5.2383620641194284e-05,0.5026828646659851,5.726719987109163e-09,0.21806646883487701,0.0010786667698994279,0.05236149951815605,7.388097772453861e-11,1.7528736862004735e-07,7.55085566197522e-05,3.062963571665023e-07,8.8946741016116e-05,9.869354471447878e-07,0.017119986936450005,0.0013567344285547733,0.0014245925704017282,2.2957082990160416e-07
window-255c3bb4936de0e51554,398_50613_99289,handbag,handbag,0.726919412612915,True,5.0482236169102634e-09,4.418425669427961e-05,9.948333899956197e-05,0.0020357705652713776,0.017147818580269814,1.7609689748065982e-11,0.00018944575276691467,0.00030586967477574944,5.742664143326692e-06,1.8340928420457203e-07,0.0017129516927525401,0.726919412612915,1.1108104436274857e-09,0.0879279226064682,0.001055088359862566,0.041303154081106186,1.3050940536607492e-11,7.778096500210552e-10,7.786376954754815e-05,3.874174758777826e-09,9.813949145609513e-05,3.122747216366406e-08,0.021973909810185432,0.00019600037194322795,0.09890684485435486,4.2252459309111146e-08
window-91cac7cd250ef374bdcd,398_50613_99289,handbag,handbag,0.9936277866363525,True,7.761291165309103e-09,9.064536357072939e-07,2.6969689770339755e-07,1.638491539779352e-06,0.00012771798355970532,1.5351586321599164e-11,5.851357400388224e-06,3.984535226209118e-07,2.982641717608203e-06,1.714645136985382e-08,3.9668819340477057e-07,0.9936277866363525,5.986212081587894e-10,0.002225084463134408,5.827434051752789e-06,0.0006225501419976354,1.458882493976521e-12,1.2403635896163223e-09,1.6405969290644862e-05,5.336530772837023e-09,9.608419532014523e-06,2.4260788933361255e-09,0.002115985145792365,7.600403478136286e-05,0.0011605329345911741,7.415563996193697e-11
window-e62b236acc41ed629e93,399_50881_99810,handbag,teddybear,0.5706734657287598,False,9.7328001213981e-10,2.8556982556438015e-07,8.381166844628751e-05,2.33199152717134e-05,1.91709550563246e-05,3.485594590735275e-10,0.0009556320728734136,0.00010148584988201037,7.221676059998572e-05,1.9608089019129693e-07,7.435902560359864e-09,0.31393614411354065,1.7691226048555109e-06,2.9748167435172945e-05,7.978929374985455e-07,7.227824738720301e-08,6.276832209550776e-07,0.10341519862413406,0.0007934906170703471,5.399623526081143e-10,0.5706734657287598,2.564972874097293e-07,0.006545071490108967,0.003342962358146906,4.1744287955225445e-06,6.797046836481968e-08
window-8552ed9c612696cf66c3,399_50881_99810,handbag,plant,0.4068583846092224,False,4.087902516491937e-10,2.2364483811543323e-05,6.025565380696207e-05,0.00012989627430215478,3.883428144035861e-05,3.5079263938087024e-09,0.00012875407992396504,2.67884229288029e-06,0.0007946653640829027,5.393179662860348e-07,4.429306045494741e-06,0.3279646337032318,2.9551400075433776e-05,0.005936644040048122,3.235708936699666e-05,4.959267130288936e-08,1.9024481616725097e-06,0.4068583846092224,0.0009592461865395308,1.852077424757681e-08,0.24402382969856262,4.788200840266654e-07,0.0021099401637911797,0.01085392851382494,4.525723124970682e-05,1.3449591733660782e-06
window-bc7bbdb9877af12f07a5,399_50881_99810,handbag,handbag,0.7494502067565918,True,1.7675585387705306e-12,5.088752004667185e-06,3.0483835871564224e-05,3.5764649510383606e-05,4.809463462152053e-06,7.675765578696314e-10,1.533592694613617e-05,2.8802878304645674e-08,0.05711641535162926,2.0207497897217763e-08,1.3604218196405782e-08,0.7494502067565918,1.19692015232431e-06,3.869732972816564e-05,0.000394047616282478,1.877114241821687e-09,1.6705993743926228e-07,0.016815993934869766,1.0092837499087182e-07,3.588277938670892e-11,0.17597439885139465,4.435407845448935e-06,2.972652146127075e-05,7.706459291512147e-05,6.020975888532121e-06,4.708823997390255e-09
window-dd92902345f6e3aee0ba,399_50881_99810,handbag,teddybear,0.8124964237213135,False,1.1403129551723623e-09,9.140387646766612e-07,0.00016101424989756197,0.0001252635702257976,2.0008423234685324e-05,6.217786285844795e-10,0.00010165302956011146,0.0011966025922447443,0.00028279953403398395,2.267044685311248e-08,2.9294739078977727e-08,0.15936784446239471,7.803791959304363e-06,0.0011093763168901205,3.47803535305502e-07,2.3918108382758874e-08,2.0095086483706837e-07,0.011451818980276585,0.0006885522743687034,7.704714088951903e-10,0.8124964237213135,3.367240708485042e-08,0.010796464048326015,0.0021816238295286894,1.117973806685768e-05,4.5396472359016116e-08
window-a907cc823e4ddcde9142,401_51889_101876,handbag,handbag,0.9976614713668823,True,1.763551580324929e-07,8.896078725229017e-06,1.6486919207636674e-07,8.124476948978554e-07,7.831371476640925e-06,4.036395750972588e-08,2.4105675038299523e-05,6.566185220435727e-06,4.587832336255815e-08,9.941475553887358e-08,1.1616735719144344e-05,0.9976614713668823,3.1489729934719435e-08,0.0002136168914148584,4.1322891775052994e-08,3.643869774805353e-07,4.147160947987061e-10,1.9848782528697484e-07,0.002038063947111368,9.986278470819343e-10,1.600804171175696e-05,7.86869389091116e-11,3.8520497014360444e-07,8.831782906781882e-06,4.807862978850608e-07,5.032375072211437e-10
window-eaedc692ed00cd90f285,401_51889_101876,handbag,handbag,0.9996551275253296,True,1.3014646027542653e-09,7.569503850390902e-07,1.1383220765992519e-07,9.797776812092707e-09,2.0493296688073315e-05,1.2923072612025521e-09,1.1850648462541358e-07,6.481378704847884e-07,3.853507735129824e-08,6.203853075703591e-08,4.668415272135462e-07,0.9996551275253296,1.5494580618558018e-10,0.0001727243943605572,1.5445614565123833e-08,6.57787268210086e-07,1.1910374075885244e-10,1.1778678477014637e-08,0.00014576652029063553,6.466104041091825e-11,3.8063126339693554e-07,1.670364624395404e-09,8.229719128394208e-08,2.5244535208912566e-06,1.21008724818239e-07,1.02047467698263e-11
window-9d4f30a88344df5a9ec4,401_51889_101876,handbag,handbag,0.9973694086074829,True,6.320276924043355e-08,7.627877494087443e-06,2.7688878745379952e-08,6.314252942729581e-08,9.723136827233247e-06,2.879746441308839e-09,7.2154030021920335e-06,1.1052901527364156e-06,3.4674942916979035e-09,9.124381250558145e-09,3.3469073969172314e-05,0.9973694086074829,2.701708190500085e-09,0.0005456729559227824,1.4322668384636472e-08,7.717719199717976e-06,7.392299272712677e-11,4.30934576911568e-09,0.002006539376452565,8.717004895686387e-11,9.319419405073859e-06,9.077866930384815e-11,1.1556787882227582e-07,1.7407221548637608e-06,4.055614866160795e-08,7.295283301067546e-12
window-342c5e111be9e9d57fd0,401_51889_101876,handbag,handbag,0.9937777519226074,True,5.050256277172593e-06,0.00032203493174165487,2.5272240122831136e-07,1.586565417710517e-06,0.0001322125317528844,1.4418150229289495e-08,8.340095519088209e-06,9.522185428068042e-05,6.3205463085580504e-09,1.5728298308204103e-07,6.230545295693446e-06,0.9937777519226074,1.3099118234549678e-07,2.8123029551352374e-05,1.408326788521208e-08,6.011225195834413e-06,4.037995271488626e-09,7.420034364713501e-08,0.00560099259018898,6.843162703162875e-10,9.266387678508181e-06,1.6650815448659984e-10,4.1998686128863483e-07,6.157599273137748e-06,1.6524344559343263e-08,1.5085865889830075e-09
window-a1697d7650437ee9c753,403_53184_103786,handbag,handbag,0.9980910420417786,True,0.00010165988351218402,0.0006703090039081872,9.239409450856328e-07,2.2360575613333822e-08,1.138794505095575e-05,6.6877512416851914e-09,1.1324340448481962e-05,2.646033408382209e-06,9.890319674354942e-10,1.2731295129242426e-08,6.150103581603616e-05,0.9980910420417786,3.364001344152712e-08,0.0002911206101998687,3.272439030865826e-08,8.547502511646599e-05,3.1507102482564164e-10,6.677512986996703e-10,8.069846808211878e-05,6.8080653961577475e-12,0.000504271883983165,5.77934429202287e-07,8.318851905642077e-05,2.4762847772308305e-08,3.674564823086257e-06,2.200984360045677e-11
window-51058d3739dc58aec97f,403_53184_103786,handbag,handbag,0.9999850988388062,True,1.6450055682071252e-06,1.0552562343946192e-06,4.824542543246935e-07,1.976281893689702e-08,4.441423868684069e-07,2.0839543979356279e-10,2.0147842860751553e-06,5.323224527842285e-08,2.4318526925526385e-07,3.001988034156966e-06,3.857381525307346e-09,0.9999850988388062,5.229781407933842e-08,4.0603012507745007e-07,5.164651817324284e-09,7.624632303304679e-07,8.866161971265996e-11,5.772734539277735e-07,1.7013277897603984e-07,2.953049957343801e-11,2.9839090984751238e-06,2.28170549121387e-07,6.948586133148638e-07,5.012373183177488e-09,6.417752729248605e-08,1.518948700152123e-08
window-b87ba22232f3b12b485a,403_53184_103786,handbag,handbag,0.9306848645210266,True,4.190512299828697e-06,0.0020154775120317936,0.0015351350884884596,2.275251245009713e-05,0.0007610867032781243,3.948070116166491e-06,0.010999013669788837,2.2915166653092456e-08,0.0002501050184946507,0.0007956716581247747,0.0012905164621770382,0.9306848645210266,0.0043534147553145885,0.0007222022977657616,0.0018458005506545305,5.961365604889579e-05,1.4569775430572918e-07,0.0001950928126461804,6.975184533075662e-06,6.708452247039531e-07,0.004264300689101219,0.04009285941720009,1.0048453077615704e-05,7.861554331611842e-05,5.533314606509521e-07,6.977320026635425e-06
window-d69a45659166ab9fccdb,403_53184_103786,handbag,handbag,0.48522859811782837,True,4.806001379620284e-05,0.012014328502118587,0.00014015242049936205,1.508939476480009e-06,0.001617993926629424,3.077503833992523e-07,0.3284796178340912,5.61961223866092e-06,3.300741866496537e-07,8.362894732272252e-06,0.006297543179243803,0.48522859811782837,5.280449113342911e-05,0.08450951427221298,5.3240011766320094e-05,0.00011161634756717831,7.84422695687681e-08,9.760357215782278e-07,0.000301813124679029,3.330430686787622e-08,0.08071047067642212,0.00016025979130063206,0.00019343182793818414,5.6343244068557397e-05,6.895339993207017e-06,7.42024708344502e-09
window-d5209a6481636f38c836,404_53488_104285,handbag,handbag,0.980330765247345,True,1.9075716561900435e-09,0.00034246101859025657,7.50808758311905e-05,1.0535536603129003e-05,0.0002088515757350251,4.7234767208692574e-08,1.2166901264265562e-08,3.277385758337914e-07,0.000568181392736733,1.3090067341181566e-06,2.2499389018548754e-08,0.980330765247345,6.651076489561092e-08,4.73084110126365e-05,0.017191331833600998,6.154409675218631e-06,4.772291958943242e-06,3.340462353662588e-05,6.770434879399545e-07,6.879893543754179e-09,0.000918869860470295,0.0002191264502471313,2.503464656911092e-06,3.6309578717919067e-05,3.9981273403100204e-07,1.5078577462190879e-06
window-1dd215adff1fab0a6c49,404_53488_104285,handbag,handbag,0.9503543972969055,True,8.056382438340753e-14,2.3703871647740016e-06,1.663773218751885e-05,1.2772451896125858e-07,7.859210018068552e-05,1.1857225201694632e-09,1.4526273239834353e-10,1.871687693721924e-08,0.0006079712184146047,9.586417348828036e-08,8.786016358897086e-10,0.9503543972969055,8.92900198223856e-11,4.9677346396492794e-05,0.04884045571088791,3.670908466091305e-09,5.1126583855420904e-08,2.1541966432891968e-08,8.931434791747961e-08,1.3009722465984197e-10,1.451511252525961e-06,1.797374551415487e-07,1.3812184818107198e-07,4.7499841457465664e-05,3.4908305224234937e-07,7.354697961758916e-10
window-a39e8778a3ce9147f720,404_53488_104285,handbag,handbag,0.9988617897033691,True,9.041603910020513e-09,0.00013114084140397608,1.881420030258596e-05,8.153438102453947e-08,6.656094046775252e-05,1.7379914396542517e-08,7.571055449240305e-10,3.746931906789541e-05,4.853704012930393e-06,4.416366721216036e-07,7.487747089029995e-10,0.9988617897033691,4.628323002631163e-10,6.811193031808216e-08,1.3837376172887161e-05,8.694662483321736e-07,6.50986820005528e-08,4.01392156845759e-07,1.1489197504488402e-06,3.363756842511556e-11,0.0008553548832423985,6.798833052101827e-09,3.5301377465657424e-06,1.2817334891224164e-06,9.382452148543052e-09,2.225485559392837e-06
window-4ccb420b403c8e3e0e08,404_53488_104285,handbag,handbag,0.945295512676239,True,4.706359302275587e-09,0.00043036130955442786,0.0007224527071230114,4.263637549684063e-07,0.04434085637331009,8.251545580151287e-08,8.851804977894062e-08,0.007291063666343689,1.8441342035657726e-05,2.7965992899225967e-07,1.7345534786272765e-08,0.945295512676239,4.4574871571612107e-10,4.274340972187929e-05,0.001193595235235989,5.774398596258834e-05,2.959085065867839e-08,2.279864702359191e-06,1.798338780645281e-05,1.177060116042128e-09,0.0004573598562274128,5.319434137618373e-08,3.835128154605627e-05,8.838641952024773e-05,2.7177682682122395e-07,1.6380894294343307e-06
window-0ad57808b9d0e0cdef8b,194_20930_42343,hydrant,hydrant,0.9925018548965454,True,3.9611566804431675e-10,1.2324288811704776e-10,4.501630179731819e-09,1.051238456284409e-07,6.773502657202168e-13,2.7915083933294227e-07,4.659371916204691e-05,3.9269076271969405e-13,9.789820865080401e-08,8.861307492225023e-07,7.82132474341779e-08,2.68809863257502e-08,0.9925018548965454,1.3557442668510333e-10,4.461754750384461e-12,1.5781815854154502e-09,4.443392320752082e-09,0.0074409921653568745,2.147783639827594e-08,1.3112871677378735e-08,6.678918907709885e-06,2.4975911096236647e-12,6.809190153944655e-07,3.13410382091206e-08,1.1570181186471018e-06,5.157286864232447e-07
window-6a1bb88fa4a2ab93478b,194_20930_42343,hydrant,hydrant,0.996791422367096,True,1.86369097238126e-11,6.403073071759025e-10,2.969267720587254e-09,5.563802574215515e-08,1.0012937744566242e-12,1.0535805117228847e-08,6.95692250474167e-08,1.659706307935091e-13,2.474694440479652e-07,4.8910083023656625e-06,1.5992225599337218e-10,3.132335280042753e-08,0.996791422367096,1.0521276905262056e-10,5.514187197130926e-13,4.439222600627346e-10,2.5638330569677237e-08,0.0031982273794710636,4.930356212184961e-08,8.097191250833191e-10,2.18429659071262e-06,6.602239588371361e-12,1.2543167393630483e-08,1.6100646149652675e-08,1.843310570848189e-07,2.549965756770689e-06
window-5802b6b80651971cbd70,194_20930_42343,hydrant,hydrant,0.9999713897705078,True,9.205271267465065e-11,9.978281222122742e-12,1.351064121690726e-10,1.6908881239618978e-10,2.4920021016346106e-14,5.815843986956004e-11,4.44048166292621e-11,1.4167537450279419e-14,5.028961622133288e-11,1.267883362743305e-07,4.9370642123125474e-12,3.2674869754334424e-11,0.9999713897705078,1.735509522551859e-13,6.718460461526993e-16,9.544197897282114e-12,5.900702149119752e-09,2.8385959012666717e-05,4.6535580944251365e-11,6.070634273047659e-11,3.739166132277205e-08,2.6154977689267457e-15,2.9446514671072066e-11,2.576910074214567e-10,8.1343529134692e-11,5.331310504175235e-08
window-6a80ee6c3555ce65520d,194_20930_42343,hydrant,hydrant,0.995573878288269,True,1.189625663755578e-06,1.1114875686502046e-09,3.0942970852265717e-08,9.070781743503176e-06,5.400031550389928e-13,8.745083590611102e-08,3.0823764518572716e-07,6.766849580674972e-11,1.1834732305260331e-08,1.7682317547951243e-06,1.3393554043616973e-09,4.3306989994107425e-08,0.995573878288269,6.306603156369661e-11,2.85908585218389e-14,1.06944613165183e-08,3.87393868095387e-07,0.004371856804937124,1.7538026586549904e-09,2.056361125823969e-08,2.7450278139440343e-07,1.1681745624807487e-14,3.00994358326534e-08,4.0859216454691705e-08,7.744937136067165e-08,4.094688847544603e-05
window-ce98691e40701a7b44f9,194_20938_42675,hydrant,hydrant,0.6057958006858826,True,0.00782735738903284,0.0008321148925460875,1.3750382095167879e-05,0.0021785791032016277,4.554063707473688e-05,0.00018626023666001856,2.527787330564024e-07,2.2886072201799834e-06,0.06576863676309586,0.0011473880149424076,0.0009592616115696728,0.000249716016696766,0.6057958006858826,7.920665666460991e-05,3.066317503908067e-06,1.4232854255169514e-06,0.002311029238626361,0.00035151414340361953,1.2079179214197211e-05,0.07980852574110031,0.2323564887046814,2.327066095375585e-09,1.6525435057701543e-05,2.4987120923469774e-05,2.764772580121644e-05,4.3710588215617463e-07
window-df9556fa6c9597141964,194_20938_42675,hydrant,teddybear,0.7108300924301147,False,0.001623949152417481,0.00010401180770713836,1.3020591723034158e-05,0.0017435743939131498,1.558455915073864e-05,0.00015720674127805978,1.6524116290383972e-05,2.4502080123056658e-05,0.012068234384059906,0.00015538590378127992,0.0006246183766052127,0.0062378025613725185,0.19801796972751617,1.925091419252567e-05,1.177846343125566e-06,3.6361396382744715e-07,0.005814989097416401,0.0007429275428876281,0.0011579390848055482,0.06043883413076401,0.7108300924301147,2.1805404148977914e-09,1.7934620700543746e-05,0.00016315064567606896,8.345481546712108e-06,2.749765144471894e-06
window-8f7f632cd8b77a768c81,194_20938_42675,hydrant,teddybear,0.8292474746704102,False,0.0030320389196276665,0.00010556908819125965,7.271703907463234e-06,0.0010071811266243458,5.762900855188491e-06,6.3891384343151e-05,3.932671006623423e-06,5.575472641794477e-06,0.006882085930556059,0.00012219663767609745,0.00014355355233419687,0.0027589290402829647,0.1540793776512146,5.697564574802527e-06,2.220588612544816e-06,3.2486212830917793e-07,0.0006035126862116158,0.00018438407278154045,5.670096288667992e-05,0.0016336949774995446,0.8292474746704102,7.758768738597155e-09,2.703722202568315e-05,1.1739063666027505e-05,9.550018148729578e-06,3.0844273624097696e-07
window-0d62e491e3054ef178bf,194_20938_42675,hydrant,teddybear,0.7904927134513855,False,0.0035808624234050512,9.733189654070884e-05,3.389648554730229e-05,0.0006280160159803927,9.623455525797908e-07,0.00011657703726086766,1.1826676200143993e-05,7.501851996494224e-06,0.0023754662834107876,0.0005241726175881922,5.166980918147601e-05,0.0011272439733147621,0.19783098995685577,3.843558431526617e-07,1.6492390386702027e-07,3.904619916283991e-08,0.00035395610029809177,0.0011204909533262253,2.2579801225219853e-05,0.001512153074145317,0.7904927134513855,3.451522623265646e-09,2.1097590433782898e-05,8.732582500670105e-05,1.3906467302149395e-06,1.0801383041325607e-06
window-564163d00c8eb06650c3,481_68723_133699,hydrant,hydrant,0.9998998641967773,True,1.0797962524122795e-10,2.3548802019490722e-08,2.4072418725040734e-08,5.852834874531254e-05,1.7922504369494163e-08,4.880658366346324e-08,7.153667849063572e-12,1.3981447111177658e-09,2.297602350154193e-06,8.418714969593566e-07,3.225164846298867e-06,8.335838963535736e-12,0.9998998641967773,8.036154207358148e-12,7.461625718338527e-13,4.869896261423812e-13,1.843323389039142e-06,2.015819291045773e-06,1.5366330430310882e-10,6.298681398675399e-08,4.0592794903204776e-08,1.3172065434913227e-12,1.7482134850865805e-08,3.0607010558014736e-05,1.6778581996002018e-11,6.248869226510578e-07
window-6ddc41ba5865284690b4,481_68723_133699,hydrant,hydrant,0.9999502897262573,True,6.531088170280697e-11,6.5680723082550685e-09,6.334354152315314e-10,2.8488983616625774e-07,2.9906649379185524e-10,4.475873838227784e-10,7.383727310128485e-12,2.9877100793385125e-11,1.849265800046851e-06,3.6937129266334523e-07,5.581122675124561e-09,4.110956800668086e-12,0.9999502897262573,1.341042077732113e-12,2.0645633572419046e-14,2.43672866172967e-13,3.9553563624394883e-07,1.1065151738876011e-05,9.835847414318977e-11,2.8179827360474974e-09,5.4313478159429e-09,6.824510998226481e-15,1.4787433144647366e-07,3.550935798557475e-05,5.918538575899746e-11,4.501296757553064e-08
window-1e5d6fa165c9d07d725b,481_68723_133699,hydrant,hydrant,0.9999688863754272,True,1.6472902902853193e-11,3.4863461007006435e-09,8.153103969732456e-09,7.412016202579252e-06,7.086501958158964e-12,2.1924108362103567e-10,5.825501620806625e-14,4.720347224207444e-09,2.388139019871005e-09,3.100911044384702e-06,1.0716098586271983e-07,2.0273727239784574e-15,0.9999688863754272,5.2115677360653825e-14,8.780805693589923e-16,2.5305632765583626e-14,5.2173177209624555e-06,4.049397972494262e-08,2.9361740903205424e-12,1.8396237422280137e-08,4.97329018245285e-11,1.4668217778368488e-15,4.816861909340275e-10,1.506427815911593e-05,6.423783380227199e-12,1.1758550044760341e-07
window-5950ff65df0246ad45a4,481_68723_133699,hydrant,hydrant,0.9939711689949036,True,1.6771316779795598e-08,5.135893275109993e-07,4.3648782366290106e-07,5.3587998991133645e-05,1.012242663023244e-07,5.509538780756884e-08,2.6203594849505407e-11,5.664372082492264e-09,9.634177331463434e-06,5.086008968646638e-06,6.317976840364281e-06,1.018306133859781e-10,0.9939711689949036,1.0259840754756056e-09,2.4068896181672628e-11,2.933564849372239e-12,0.005603170022368431,3.8668615161441267e-05,3.396461722982025e-10,2.7542782845557667e-05,9.844733739328149e-08,5.041918488615793e-13,1.2703162610705476e-07,0.00027195760048925877,7.639711974150032e-09,1.1468364391475916e-05
window-536ea36899f95fb85477,587_87863_173253,hydrant,hydrant,0.9061928987503052,True,8.944304141778048e-08,8.312469617521856e-06,6.662483792752028e-05,0.001049811951816082,9.751035534577568e-09,1.8042541682916635e-07,1.1145718417537864e-05,4.638294637260287e-09,1.052004790835781e-05,4.866005383519223e-06,3.783574342719476e-08,5.676697037415579e-05,0.9061928987503052,5.5454734138038475e-08,5.086048986413516e-07,2.1529125704411456e-10,0.08948840945959091,0.001931030536070466,8.191610945118555e-09,5.583703099887316e-08,5.0111361815652344e-06,8.536119366908679e-07,2.465163788656355e-07,0.0011723428033292294,3.2064619404081895e-07,1.9535251638558293e-08
window-cf50dd1f4ee1e01c363c,587_87863_173253,hydrant,plant,0.741001546382904,False,0.00018310864106751978,2.4627848688396625e-05,1.6336823591700522e-06,2.5745648599695414e-05,1.4726722619151644e-10,3.377640211965627e-07,2.123424792443984e-06,3.493009899102617e-07,2.0574491088609648e-07,0.0002490450569894165,5.982153084005404e-08,5.864940249011852e-07,0.2566961646080017,1.9468688813861768e-11,2.912661933862637e-08,5.111895351461726e-10,0.0010898489272221923,0.741001546382904,5.8992792872913924e-08,1.0122237492637964e-09,9.328445594292134e-05,1.497045820642029e-09,2.7297875931253657e-05,0.000596364145167172,3.8391755197153543e-07,7.274481959029799e-06
window-7e51b8c3e69d3997bbe4,587_87863_173253,hydrant,hydrant,0.8052051663398743,True,5.556200903811259e-06,0.00027609418611973524,0.001068011624738574,0.021952873095870018,1.5142214238039742e-07,1.587424958415795e-05,2.4003758881008253e-05,2.6878575454247766e-07,4.704358070739545e-05,0.00042562291491776705,5.23845528732636e-07,2.490149563527666e-05,0.8052051663398743,6.000453112164905e-08,0.0006957913865335286,7.789308753558544e-09,0.008843946270644665,0.14045478403568268,3.091587643666571e-07,1.840986669776612e-07,0.0006294013583101332,3.863449080654391e-07,6.261924863792956e-05,0.020027587190270424,8.228814112953842e-05,0.00015657434414606541
window-f498d3d6847c9ae6aa70,587_87863_173253,hydrant,hydrant,0.7577776312828064,True,1.3524842188417097e-06,1.5873249139986e-05,0.003937052097171545,0.12016058713197708,2.899641859954727e-09,7.281618081833585e-07,2.6612556212057825e-06,1.9627162828328437e-07,4.8760248319013044e-05,1.1758214895962738e-05,1.2591945619533362e-07,1.9618688384070992e-05,0.7577776312828064,6.019593712380811e-09,2.784992102533579e-05,4.178559276368787e-09,0.0336495079100132,0.0834587886929512,3.3716403002870265e-09,2.567928731878055e-07,1.1549697774171364e-05,7.981000038626007e-08,2.9453920433297753e-05,0.0003193193406332284,0.0005020566168241203,2.4837578166625462e-05
window-bc9a4f1ef286cb449aa6,599_92297_183310,hydrant,hydrant,0.9999121427536011,True,3.0742157708374407e-09,3.178631802214227e-10,3.44438539912062e-08,4.561083187581971e-05,7.486958275570998e-11,6.02534168392399e-12,1.1399456933958163e-09,1.4926657999903004e-12,8.583395327832477e-08,9.623480536902207e-07,5.211752363010191e-09,1.3696231648818724e-10,0.9999121427536011,5.3750736500601803e-11,5.6310811048787546e-12,5.869559531338289e-14,3.7985912058502436e-05,4.242850764057948e-07,7.496474968560207e-11,1.8475875549484044e-06,8.778434334999474e-08,6.480890043375487e-12,3.239122858822441e-11,8.086952902885969e-07,9.61775450947222e-11,1.8700972714835729e-10
window-539a79d333c4326b6900,599_92297_183310,hydrant,hydrant,0.9993590712547302,True,6.18003737073991e-09,7.276014790669194e-10,8.576418622396886e-05,1.2030129710183246e-06,2.5427762673224663e-10,4.397227026942119e-11,2.973779208992333e-12,1.4536494230554808e-10,8.395728912091727e-08,1.3857221858870616e-07,2.8747325586664374e-07,2.5151264751444025e-11,0.9993590712547302,3.639674932970349e-12,1.7488339606758913e-13,2.3928072590277856e-14,0.0004556096391752362,9.786286682356149e-05,7.203040789695303e-13,2.5385533675148508e-08,1.552218620304302e-08,1.8480601435017646e-13,1.1838187374824116e-10,3.4612508414966214e-08,9.258582615856437e-12,4.691267818657252e-09
window-bf9db59c358085ec1ecd,599_92297_183310,hydrant,hydrant,0.9998144507408142,True,5.6079678678599976e-09,4.614368054323137e-10,9.916388080455363e-06,1.9370244075389564e-08,9.009262086356884e-11,8.765668052523878e-11,8.035671433814784e-11,5.872194223932592e-12,2.308990154631374e-08,1.1499749916765722e-06,4.12307743502538e-09,8.475275342645361e-11,0.9998144507408142,6.356311310629081e-12,2.106935502801943e-12,1.151513915687366e-13,3.0378543669939972e-05,0.0001435186859453097,3.593626860930871e-13,1.5380603457515463e-08,5.392086563915655e-07,7.567561486308827e-13,1.2205142452259565e-10,3.390567826500046e-09,2.473834748162318e-10,2.99347857612986e-09
window-c3e737245ad874aa6f8f,599_92297_183310,hydrant,hydrant,0.9981909394264221,True,7.684454885747982e-07,2.1637379388206313e-10,1.1250956958974712e-05,4.707896295030878e-08,4.431047473385519e-10,5.377482903412556e-10,1.1738245930814628e-09,1.4330562778108735e-11,1.7144987651818155e-08,5.986240694255685e-07,8.306685828074478e-08,8.248902949592463e-11,0.9981909394264221,1.7658886505844684e-12,1.1742601682684928e-11,2.962674593501302e-13,0.0005455711507238448,0.001247818348929286,2.5560916230848996e-12,2.027595424891615e-09,2.9361578981479397e-06,4.896741649315639e-13,5.333251895667246e-11,3.413246929540037e-08,5.2325817290199694e-11,5.360404564669352e-09
window-7728e6911a8df985edd1,79_8251_17496,hydrant,hydrant,0.9888104200363159,True,2.072017423415673e-06,1.9757238067796834e-09,4.672265561111999e-07,1.4841471966065e-05,2.3236362833856106e-10,1.0331631106197392e-09,1.496782829235599e-06,4.55674786792315e-09,0.00012792910274583846,1.8893870219471864e-05,1.376149185716713e-07,1.7635132962823263e-06,0.9888104200363159,1.4624206734481504e-08,7.683064254249139e-13,3.763697264957955e-08,4.950637503498001e-06,0.0006336227525025606,9.457514352106955e-06,2.878374743886525e-06,0.009794755838811398,3.809956350409038e-09,4.527590817815508e-07,0.0005180007428862154,2.428219829653244e-07,5.7481091062072664e-05
window-a150c73971f64321c21a,79_8251_17496,hydrant,hydrant,0.9998165965080261,True,3.2398500025010435e-06,1.0886359591566475e-09,5.0002832097106875e-08,4.958405497745844e-06,3.140327234363305e-11,4.266792430485111e-08,7.3745463069485595e-09,3.3013092259892574e-10,1.6476657265229733e-06,2.573475103417877e-05,2.334800683456706e-06,1.152406969850972e-08,0.9998165965080261,5.644476441801771e-09,3.0126573978550564e-12,3.7375497141667324e-10,3.8720852899132296e-05,8.640832675155252e-05,6.978345936659025e-07,1.4756620657863095e-05,3.959163734634785e-07,3.3911668612107704e-11,3.799336401044684e-09,1.1916048379134736e-06,1.7502923554957306e-09,3.2550874493608717e-06
window-d3d9b8b9f5c432913612,79_8251_17496,hydrant,hydrant,0.9672113060951233,True,0.0015231039142236114,5.2517815873898144e-08,2.4064149783953326e-07,2.6941577743855305e-05,3.4931650905178913e-09,2.3158494855124445e-07,9.192479666353393e-08,9.310985760180301e-09,3.6117146464675898e-06,0.0008434472838416696,0.00013828523515257984,5.2959713059408386e-08,0.9672113060951233,4.467249254958006e-06,4.106297246675439e-11,8.268155937685151e-08,0.0003559990436770022,0.00011657340655801818,3.9512749935965985e-05,0.02971380390226841,2.9118139082129346e-06,9.270219314405637e-11,5.439717369881691e-07,5.118909029988572e-06,1.6215241771533329e-07,1.3470012163452338e-05
window-22a655c121096b458c8c,79_8251_17496,hydrant,hydrant,0.9552842378616333,True,0.006221404764801264,1.0296632353856694e-05,0.003605361096560955,0.0015971390530467033,1.263194349121477e-08,3.7089126436740116e-08,1.8613640122566721e-06,5.322646757122129e-06,9.774736827239394e-05,0.000695333001203835,7.786112291796599e-06,5.2704681365867145e-06,0.9552842378616333,2.3856924258325307e-07,8.722833219620973e-12,1.6323856470989995e-05,0.002689752960577607,0.0019034191500395536,0.0003917184076271951,0.005107575096189976,1.634847285458818e-05,9.509477649771725e-10,2.127006882801652e-05,0.021525178104639053,1.32558707264252e-05,0.0007830390240997076
window-13f7a5f52368c9aed1b9,398_50755_99575,kite,kite,0.9970980882644653,True,7.962991332988167e-08,4.50033041943243e-08,1.7317201127298176e-05,1.5970423206113082e-08,7.590224413434044e-05,1.4641962989281332e-11,0.0001803270570235327,1.783568421842574e-07,2.433390156042492e-10,4.245559992455128e-08,9.195407102424724e-09,1.0539631603023736e-06,4.470504411102638e-09,0.9970980882644653,1.0530316202350676e-10,2.3098113160813227e-05,1.0067805478186642e-09,6.350515491249098e-08,1.6878486349014565e-05,1.0885041756836245e-09,2.3119499203971827e-08,7.031205478957858e-11,0.0024791795294731855,0.00010751248919405043,9.450462101767698e-08,1.0245102544104157e-07
window-a520f4858aafed2329ba,398_50755_99575,kite,kite,0.9950645565986633,True,2.560813641139248e-07,1.006592711405574e-07,5.816768407385098e-06,2.185733904980225e-08,0.000426173530286178,2.2623854178949188e-11,0.0007742954767309129,8.33477031392249e-07,3.034761608677883e-10,5.384132251151641e-08,2.0010354262467445e-07,8.339664418599568e-06,2.067879423250929e-09,0.9950645565986633,2.2717525083315593e-10,0.0005125334137119353,2.7869273555580776e-09,4.397047614901339e-09,2.490913357178215e-05,1.296679541518131e-09,4.887722226953883e-09,2.710636437530667e-10,0.003108878154307604,7.290537905646488e-05,1.1422446988262891e-08,3.777797985549114e-08
window-47db81d012882bbe2584,398_50755_99575,kite,kite,0.9754081964492798,True,7.836808322281286e-07,5.277042873785831e-07,1.1095979971287306e-05,3.355308209052055e-08,0.002438921481370926,1.1501128521773651e-10,0.0002760767820291221,9.31124850467313e-06,3.4131296899886365e-08,8.744939350435743e-08,1.608499587746337e-06,8.304876246256754e-05,1.9357131009201112e-08,0.9754081964492798,2.4096220130331858e-08,0.0005156905390322208,2.304026303079354e-09,2.1669335126262013e-07,9.208348637912422e-05,4.675392073494322e-09,1.1245555242567207e-06,1.5308536660540994e-09,0.02101856842637062,0.00014255574205890298,1.5990060830972652e-08,2.1755413026625092e-09
window-71f90d61d1a16ba0aee1,398_50755_99575,kite,kite,0.9997511506080627,True,1.803796445543071e-09,7.604717744413847e-09,6.446704446716467e-06,7.376197985742294e-10,5.3805347306479234e-06,3.0557687998901406e-13,9.556522854836658e-06,2.9314449534467713e-08,9.15431133674538e-11,1.1111108699779493e-09,5.760962373813072e-09,3.251394673497998e-07,2.1979873476851708e-10,0.9997511506080627,4.1203124245825506e-11,1.0536006129768793e-06,7.234667292327357e-12,1.0904931402322404e-09,2.9438376714097103e-07,3.283616711868831e-10,3.02940494911752e-09,5.689928129354316e-12,0.00022289629851002246,2.818017037498066e-06,6.571641364416791e-08,2.240467811276403e-09
window-1d0004d1dc21c47b6727,400_51402_101011,kite,chair,0.9374520778656006,False,3.026927883689745e-12,8.824503083815216e-07,0.004168177954852581,0.006046160589903593,1.4596571418223903e-07,1.7032139254524736e-08,0.0002191732928622514,3.376321722203812e-10,0.9374520778656006,5.498196742337313e-07,1.0077154399823485e-07,0.0002452127810101956,1.9506300574789748e-08,0.006098502315580845,0.006170542445033789,3.4699137785310086e-08,2.874264021235362e-11,3.1163774110609666e-05,9.233084711013362e-06,1.542659666675661e-09,1.048692956828745e-05,0.0012278571957722306,0.014962521381676197,0.00029898181674070656,0.02305562235414982,2.517431994419894e-06
window-b9503e2023ad3e3d3b63,400_51402_101011,kite,umbrella,0.8972392082214355,False,1.02487879294344e-11,1.774912483654134e-08,0.0007331563392654061,0.00027535989647731185,1.637180417901618e-07,2.2527519405457497e-08,2.688547510842909e-06,7.158330106449284e-08,0.07203797996044159,2.80119024864689e-06,2.7030033322716918e-08,0.00020262641191948205,2.1966460650446606e-08,0.006453954614698887,0.0006382018909789622,3.7949305919937615e-07,2.324547915266706e-10,3.9632559492019936e-05,8.653596523799933e-06,4.139250719958909e-08,3.0366552437044447e-06,1.3300945283845067e-05,0.02231852151453495,1.2805894584744237e-05,0.8972392082214355,1.729697032715194e-05
window-57ceec14a9a9780e653a,400_51402_101011,kite,chair,0.7414560914039612,False,8.624164160586645e-10,2.0397255866555497e-05,0.0007196341757662594,0.0037648011930286884,8.829106809571385e-05,3.1043793313756396e-08,0.00013196596410125494,1.8726215785136446e-05,0.7414560914039612,4.6863893658155575e-05,9.903678801492788e-06,0.003572928486391902,9.293960829381831e-06,0.19276583194732666,0.00044030247954651713,0.00010453673166921362,1.8505099319554574e-07,0.00010564578406047076,4.086049011675641e-05,0.00013288712943904102,2.4421586203970946e-05,1.3412275166047039e-06,0.035466354340314865,0.0020975747611373663,0.018867362290620804,0.0001137655635830015
window-b2ed640cdb4d5d26330f,400_51402_101011,kite,kite,0.9290677905082703,True,3.7126354768268754e-10,4.598233772412641e-06,1.319151579082245e-05,3.271592504461296e-05,0.0005985028692521155,2.734948933991177e-09,0.0029590530321002007,3.298221827208181e-06,0.023352807387709618,6.621478405577363e-07,6.535937302487582e-08,0.019781768321990967,1.8390969103165844e-07,0.9290677905082703,2.339316097277333e-06,7.052773526083911e-06,2.970248713651813e-09,2.3182221866591135e-06,7.839681347832084e-05,7.638553142896853e-06,1.801416692615021e-05,3.328559472492998e-08,0.02269868552684784,0.0009496420389041305,0.0004211564373690635,7.879906860353003e-08
window-0e10b394e939f9092991,401_52206_102304,kite,kite,0.8205772042274475,True,7.336675267310966e-09,9.633716217649635e-06,3.958942033932544e-05,2.4372372990910662e-06,0.17707690596580505,7.319332695487901e-08,7.480152271455154e-05,4.653844598578871e-08,1.008027425086766e-06,3.206709516234696e-05,1.025109759211773e-05,0.001863019191659987,1.7964504195333575e-07,0.8205772042274475,4.923298092762707e-06,0.00014093748177401721,2.568545931502797e-10,3.1345149409389705e-07,1.758739563229028e-05,9.788522703502167e-08,2.8385615635784234e-08,1.418249837570329e-07,1.2992624078833614e-06,4.457768227439374e-05,8.634294499643147e-05,1.65992314578034e-05
window-9e91023a3dd9c5fdfbc8,401_52206_102304,kite,kite,0.9527266025543213,True,2.226701711904866e-09,2.3715121244549664e-07,7.227067544590682e-05,7.713533989317511e-08,0.04173482209444046,9.474384832230953e-09,4.4717717173625715e-06,4.902391310679377e-07,2.8455176561692497e-06,5.009854362469923e-07,1.4843354847471346e-06,0.0050631361082196236,2.1384847670447016e-08,0.9527266025543213,1.0636486535986478e-07,0.0003788377798628062,7.97895916004876e-10,1.2558825090991377e-08,8.39598669699626e-07,5.252811519085299e-09,5.1883798590779406e-08,1.272358218784575e-07,5.669391157425707e-06,6.915587164257886e-06,3.7798625385221385e-07,3.23021360770781e-08
window-4506661605918c375235,404_53795_104925,kite,kite,0.9993626475334167,True,4.578458380651018e-14,4.0702266801417863e-07,6.778754482184013e-07,3.903542022953843e-08,0.00024408510944340378,8.503559835448815e-12,5.104282649881497e-07,1.1639995136647485e-05,5.576686135100317e-08,7.235136934014008e-09,1.0288789781043306e-05,7.082892989274114e-05,8.52041701082662e-11,0.9993626475334167,4.551306886924067e-08,5.26400256717352e-08,5.513069556428718e-09,7.557902392818505e-08,2.3544906468941917e-08,2.3926303160948237e-09,1.9188965438843297e-07,1.0386843607435026e-09,6.34352318229503e-06,2.0792828081539483e-07,0.0002918776299338788,2.1288580707296e-12
window-ebdccb014c845c62ad65,404_53795_104925,kite,book,0.7979544401168823,False,2.071123689217913e-10,1.3636101357406005e-05,6.724259947077371e-06,1.3214897080615629e-05,0.7979544401168823,2.508711993698398e-08,0.0011849085567519069,1.894010347314179e-05,1.851926256790648e-08,7.936961992527358e-06,0.0011178146814927459,0.001507525914348662,5.93556981343113e-10,0.1860029697418213,1.9177623471478e-05,0.0001104977709474042,5.9244008809855586e-08,6.545477617692086e-07,0.0001456213358324021,1.8776809440623765e-08,1.816189251258038e-05,1.501544488746731e-08,9.289028093917295e-05,0.011783041059970856,1.7014826880767941e-06,5.6951345861477876e-09
window-d591bcb78c7f40616491,404_53795_104925,kite,kite,0.9928991794586182,True,2.4900571188313236e-11,3.9175409938252415e-07,7.971044935217719e-10,1.999022725129862e-09,0.0051546404138207436,2.1206491424008433e-11,7.110300884960452e-06,1.934165766215301e-06,2.7199892338458653e-10,3.1066065275808796e-08,1.4275557077780832e-05,0.0005056129302829504,5.875459146986728e-11,0.9928991794586182,2.004252985798871e-09,1.800660065498505e-08,2.416044864173017e-10,6.4684282236049384e-12,0.0014138040132820606,5.969031519059698e-11,4.955330155098636e-07,1.2252844572291366e-10,2.2202955278771697e-06,2.2702501212279458e-07,7.638870869186576e-09,1.3419258380279603e-14
window-918d9eded2850f5a5122,404_53795_104925,kite,kite,0.9984059929847717,True,1.3437566337426432e-10,5.090097374704783e-07,9.952115576083997e-09,3.0519487381752697e-07,0.00020615936955437064,3.5632268247098864e-09,0.0005973799852654338,2.7332834662274763e-08,4.3526657123038603e-07,1.6103366533570806e-06,7.858392336856923e-07,0.00046484835911542177,2.4728695535713996e-08,0.9984059929847717,1.5325467472848686e-07,8.883939273118813e-08,2.7477483399707125e-07,5.11325843888244e-08,0.0002866047143470496,1.8439902049749435e-08,2.1315131562005263e-06,2.7198828433938615e-07,1.124588288803352e-05,6.999217703196337e-07,2.0528699678834528e-05,7.771076837581603e-11
window-678b43fef8c5dfea6a11,409_55524_107245,kite,kite,0.35407599806785583,True,7.330333119170973e-06,0.02227281779050827,0.045313600450754166,0.0011847014538943768,0.010129720903933048,1.977985220946721e-06,0.019404366612434387,0.00672868313267827,3.620003496962454e-07,2.4750212105573155e-05,0.19735080003738403,8.718632307136431e-05,2.7734322429751046e-06,0.35407599806785583,6.682857201667503e-05,0.004094177857041359,0.002058442449197173,4.677775393702177e-07,0.0015394086949527264,2.1680223838416168e-08,2.1640906197717413e-05,1.673873521212954e-05,0.057588133960962296,0.27798017859458923,8.566092901673983e-07,4.797294968739152e-05
window-aebf0c46e00065861245,409_55524_107245,kite,kite,0.7470589876174927,True,1.418864883362403e-07,0.006221327930688858,0.009684538468718529,0.00023415035684593022,0.003809775225818157,9.083234431273013e-07,3.9175480196718127e-05,5.636204150505364e-05,1.4690903071823413e-07,2.656853894222877e-06,0.22578829526901245,1.4715617453475716e-06,3.8327883089550596e-07,0.7470589876174927,0.00022516516037285328,0.00015119627641979605,9.179976768791676e-05,1.3242753560405163e-09,4.232060018694028e-05,4.479128623557926e-09,1.6144943515428167e-07,1.5936973795760423e-05,9.510001837043092e-05,0.006478596944361925,3.241875674575567e-07,1.0606572686810978e-06
window-2fac67cb7835a53e52ed,422_58671_113667,kite,kite,0.9986183643341064,True,1.6051318260656977e-11,2.501112703612307e-06,5.637422509607859e-05,4.7533779934383347e-07,0.0009494792902842164,5.347948195399965e-10,3.764677603612654e-05,8.513917570951435e-09,6.598461332885108e-09,2.353441708180526e-08,0.0002523526782169938,1.5163904265591555e-07,1.2547127226092414e-10,0.9986183643341064,6.58379722153768e-05,1.8514846260586637e-06,1.4859428354441206e-08,1.5561396615737522e-10,1.205472472065594e-06,1.2196331444780384e-10,1.073706790144513e-09,1.0610758636175888e-06,7.773575134706334e-07,9.103589036385529e-06,2.8402794214343885e-06,2.985599267812944e-10
window-8fdd5dbda6143e85ab32,422_58671_113667,kite,kite,0.999695897102356,True,5.751388406326219e-13,8.11234542652528e-07,5.122321454109624e-06,4.6645828888358665e-07,0.00015830561460461468,3.9863087830660504e-10,2.4991752070491202e-05,1.1995906490369634e-09,4.747499104951203e-08,5.2052243404432375e-08,1.4703834494866896e-05,3.2093223012452654e-07,5.968060767802541e-11,0.999695897102356,6.028221105225384e-05,5.063264438831538e-07,3.2625797619090235e-09,8.339568480231208e-10,2.424735612294171e-07,3.029858308689626e-11,2.4608731719055754e-10,5.838262495672097e-07,9.805926310946234e-07,2.729321522565442e-06,3.393672886886634e-05,6.017786269296721e-10
window-f756071c969ab523b944,422_58671_113667,kite,kite,0.9999750852584839,True,2.7741930931288183e-13,1.8164280746191253e-08,1.129921542997181e-06,2.868400272859617e-08,1.583539597049821e-05,4.415193037565768e-12,1.0664597738241355e-07,9.270710588094033e-11,8.157257092022974e-10,7.360930087685347e-09,2.207415036536986e-06,8.69578986595343e-09,4.788733428892633e-13,0.9999750852584839,3.248529083066387e-06,3.425456611694244e-07,4.411331716580591e-11,9.936459641202156e-12,5.837575756117985e-09,1.7844132204833385e-12,1.3233604316542635e-11,4.186524904525868e-08,9.500988085164863e-08,1.1092171625648461e-08,1.8900315126302303e-06,5.3948862738240067e-11
window-8e891256ed90316c8df2,422_58671_113667,kite,kite,0.9998517036437988,True,5.311659315512807e-13,2.414709854292596e-07,5.160192131370422e-07,2.4949227395154594e-07,8.648621587781236e-05,1.9950806284807499e-10,3.930857928935438e-06,2.6272251041348227e-10,2.0632786590368823e-09,1.4532277603507282e-08,2.977125950565096e-05,1.6988262530048814e-07,6.575564398536571e-11,0.9998517036437988,1.4884459233144298e-05,4.213580595546773e-08,3.122211100770045e-10,4.490667560030914e-11,1.0470446909494058e-07,6.756583487144141e-11,1.4234829981418784e-10,7.772328558530717e-08,1.8636775678260165e-07,1.306237180642711e-07,1.1486702533147763e-05,6.457157725181517e-11
window-646f4411c738a28166a1,432_61230_120293,kite,toyplane,0.43432146310806274,False,0.015325959771871567,0.0008600433357059956,0.2030055969953537,0.0002568076888564974,0.13060669600963593,5.172382078200144e-09,0.00028981544892303646,0.0007737663690932095,8.498930128553184e-07,0.006678914651274681,0.0038372401613742113,0.0001627445308258757,8.263465360869304e-07,0.0072555229999125,1.0234985893475823e-05,0.1797756850719452,2.2382761244443827e-07,3.5202484127694333e-07,7.956680929055437e-05,1.705437213672667e-08,0.00016424196655862033,5.538661866921757e-07,0.43432146310806274,4.565147537505254e-05,0.016546836122870445,4.461148250811675e-07
window-a71a5cfbeab76e7b6d05,432_61230_120293,kite,kite,0.48424577713012695,True,0.0030258058104664087,0.03081398829817772,0.05844782665371895,0.00048272000276483595,0.08755961060523987,1.2690256880887318e-06,0.0007826696964912117,0.0036000420805066824,0.0001787517685443163,0.002357825171202421,0.054221261292696,0.0008454847848042846,2.1865719190827804e-06,0.48424577713012695,0.00010975382610922679,0.22319164872169495,1.2505061874890089e-08,2.348740082425138e-07,0.00010763120371848345,2.6369857408781172e-08,0.0004927513655275106,2.9939583328086883e-06,0.02948525734245777,3.592768916860223e-05,0.020007817074656487,6.731592634423578e-07
window-f9db7f7222e046be0546,432_61230_120293,kite,baseballbat,0.701514482498169,False,5.02961702295579e-05,0.00330847455188632,0.701514482498169,2.552943624323234e-05,0.0024609556421637535,1.728816982904391e-07,0.0003227783308830112,0.0025234620552510023,2.1328962702682475e-06,0.00022140257351566106,0.06066497415304184,9.260307706426829e-05,1.4577020124306728e-07,0.048400189727544785,1.622427771508228e-05,0.15069621801376343,9.350481500192132e-10,9.715682480759824e-09,6.855458650534274e-06,1.3328294024006482e-10,0.00017357780598104,1.2487028016039403e-06,0.013290392234921455,8.582225564168766e-05,0.01614193059504032,1.2747959488024208e-07
window-bf5881d1b6388039a3bf,432_61230_120293,kite,kite,0.880777895450592,True,2.8776491944881855e-06,2.270522600156255e-05,0.03942316398024559,7.515830020565772e-07,0.006875557359308004,4.808967113412166e-10,2.419744669168722e-05,0.0021261186338961124,4.942543707642244e-09,3.3663764043012634e-06,0.0033225263468921185,9.357183444080874e-06,2.0678505574522887e-09,0.880777895450592,4.141143961078342e-08,0.034218523651361465,1.282257893614469e-11,4.2202054351125895e-11,4.447299215826206e-05,3.0355461200226586e-11,1.7501678257758613e-06,6.504314864486105e-09,0.03304007276892662,1.6992385099001694e-06,0.00010497548646526411,6.145310371685753e-10
window-e07bac41464966cbde0c,618_100139_200140,kite,kite,0.9882761836051941,True,1.6346856090976303e-09,9.159704106309619e-10,0.011291705071926117,3.404030479714493e-08,1.1540872695437604e-13,4.243406705661465e-14,3.73939990083727e-09,1.7607845848033321e-06,1.857976599239919e-07,1.2456543574401735e-09,7.928674250479162e-08,6.292386750539336e-11,7.942121960091697e-10,0.9882761836051941,4.3911328566348384e-12,4.134272302280806e-08,1.0839465609813193e-11,2.9627178932400966e-08,3.8062953677808764e-08,3.217593524951212e-09,4.684759691286899e-09,1.3806002781974192e-13,0.0004298737912904471,1.6763111787554408e-08,6.170233074476172e-11,1.605156742386874e-14
window-9ba9f586960776a7fba6,618_100139_200140,kite,kite,0.9999302625656128,True,8.715415888982392e-11,2.3857546146976993e-11,4.0476417780155316e-05,3.598962017292706e-09,1.7138559722882502e-13,2.771595988468583e-15,4.351057736329267e-09,6.822172338161181e-08,2.854299339105637e-07,3.5600970088589534e-11,1.424723539145134e-08,3.895944764714665e-12,9.271709788816196e-11,0.9999302625656128,2.471306579515664e-13,1.2492313850032133e-09,2.4765986136876528e-11,2.618738825788114e-08,2.7636808397346613e-09,2.2210835837199738e-08,8.473449164547731e-10,2.0848616547899067e-14,2.8812160962843336e-05,1.5150634524729867e-08,1.4256428503001128e-11,1.935306807117256e-15
window-f1f5431146a514710e82,618_100139_200140,kite,kite,0.9997467398643494,True,1.1135898453362714e-10,7.313098460137724e-10,0.00024520099395886064,7.813079072604978e-09,1.9197224173273138e-14,7.636550896847338e-15,1.3894878581055536e-09,2.2492120876904664e-07,9.996587557736802e-09,4.8126762991484995e-11,1.232195590006313e-08,7.19690140815743e-11,7.767339549324959e-10,0.9997467398643494,1.9882899580242475e-12,2.4632444972638723e-09,4.802541610920974e-12,1.9009524621083074e-08,5.888337373249897e-09,5.627764476656694e-09,5.017270154894504e-09,8.747870829139189e-15,7.749169526505284e-06,7.13361480997321e-10,3.8150946291004573e-10,1.538661437302212e-14
window-4f61b493bc94073b78c8,618_100139_200140,kite,kite,0.9992351531982422,True,9.37028454828237e-10,6.52644549514747e-10,0.0005617302376776934,3.215035704329239e-08,7.738099305201404e-14,3.2866697780237555e-14,1.0272593886639925e-09,6.553718208124337e-07,2.469223829848488e-07,1.9317984711886282e-10,3.8926501133573765e-08,6.811740060896909e-11,1.0324687771401386e-09,0.9992351531982422,5.927015063640628e-13,1.5452267021487387e-08,1.7086368778174155e-11,5.988986373495209e-08,5.972009997634586e-09,1.9599690759264377e-09,6.237614424975391e-09,7.622753746576102e-14,0.00020197810954414308,4.364018479918741e-09,2.155587708330131e-09,2.5882828120897018e-14
window-b756b49f0bfd0c36f222,428_60233_117662,microwave,microwave,0.9970717430114746,True,2.345820249161079e-08,1.7442317812310648e-06,0.0005675156717188656,0.0016422722255811095,1.1675823770929128e-05,9.787113341985787e-10,1.7407437269412185e-08,1.2002823623902259e-08,3.8566549953600315e-09,8.930480362323578e-06,1.8247867501486326e-06,6.03185768000003e-08,7.796132450721416e-08,3.727800845787499e-10,0.9970717430114746,7.807028055140108e-07,0.0005451050237752497,1.8350156949509255e-07,6.718555045637231e-09,1.896201666795605e-07,6.774241046514362e-05,3.888859737344319e-06,1.5750773130207563e-08,7.60547918616794e-05,7.420783276756993e-08,1.4017848215530648e-08
window-66e81a01e4d8104f6110,428_60233_117662,microwave,microwave,0.9717671871185303,True,8.280062857579651e-09,6.547621887875721e-05,2.7226055863138754e-06,7.712034130236134e-05,7.324695161514683e-06,8.601750067782632e-08,1.4780755286381009e-08,5.499237176742611e-10,9.771686393378332e-08,0.0010221434058621526,2.105156085008275e-07,4.156163768698207e-08,1.1665135701832696e-07,1.2071790789214276e-10,0.9717671871185303,1.0349644981033634e-06,0.00015285548579413444,4.7512097808066756e-05,7.60851719405764e-07,1.5652310025870975e-07,0.00013769272482022643,4.887666000286117e-05,1.0216725740974653e-06,0.02666236087679863,1.683854975453869e-07,5.0052603910444304e-06
window-d7e3fc1f9aad7392a3f7,428_60233_117662,microwave,microwave,0.9994379878044128,True,4.685894450240369e-10,2.6062398319481872e-05,4.769538008986274e-06,3.1508086976828054e-05,3.635374525856605e-07,1.38434108976071e-06,1.3026917322633835e-09,7.26781525586806e-12,9.207928428622836e-07,0.00011189287761226296,1.732422560962732e-08,1.1641010821961117e-08,1.4704281348087989e-08,4.980457777963021e-13,0.9994379878044128,1.8755861308505928e-09,0.00017561503045726568,7.93001709098462e-06,5.60496893342588e-09,3.295896444655e-09,2.9097396691213362e-05,0.00014041700342204422,1.109036929847207e-06,3.0926792533136904e-05,7.929154000052563e-10,1.2531335080723238e-08
window-17d857a2f3565b5372e0,428_60233_117662,microwave,microwave,0.9998389482498169,True,3.01947702951999e-13,6.442040501042356e-08,2.5498988179606386e-05,7.224289583973587e-05,1.603679891104548e-07,2.624102934944972e-09,5.648344986175502e-11,4.6657924052118105e-11,5.605838016009557e-09,4.1786262272580643e-07,2.1379673587063053e-09,8.469117074305643e-11,4.905448963699044e-11,4.694928040088753e-12,0.9998389482498169,9.019942015520144e-10,1.666936805122532e-05,3.122305258784763e-08,1.3754915262342848e-10,2.478915961390271e-10,1.3279678512390092e-07,6.467410571531218e-07,1.9861055022829532e-07,4.500154318520799e-05,1.2417391559438329e-09,4.846867907026819e-10
window-366803412e2f39830177,432_61232_120283,microwave,microwave,0.9993587136268616,True,1.448319139315049e-13,1.949175709725637e-09,1.298527081416978e-06,2.843080619641114e-05,1.1557872312550899e-05,2.2101732000123775e-08,5.363304467209673e-07,1.2618871225722472e-11,3.2822762818796036e-07,4.45314860542112e-08,1.0784495074744882e-08,2.116460382239893e-05,2.9290160574735324e-11,6.576881705910864e-09,0.9993587136268616,3.171703344406751e-09,3.586706973091047e-11,3.0401605677354837e-09,5.867310637341916e-09,1.2871536302083708e-11,2.141774047004219e-07,3.0924010729904694e-07,1.5166652378439949e-09,0.0005772497970610857,2.3499096002410624e-08,1.1621035730935425e-11
window-1d5c3dd976c76ed7d746,432_61232_120283,microwave,microwave,0.9969826340675354,True,3.730140155089323e-11,7.810094615479102e-08,4.7414079745067284e-05,0.0004775595443788916,0.0004229311307426542,1.5950622866967024e-07,0.0001493280433351174,4.8708925781681955e-09,0.00028245695284567773,2.139487378371996e-07,4.150929271418136e-06,0.0003431953373365104,1.6048696593884415e-08,1.0445312909723725e-05,0.9969826340675354,1.3067670501243356e-08,4.618618447693734e-07,0.00019420722674112767,1.3851331459591165e-06,5.407500935916687e-08,0.0007452882709912956,0.00015712612366769463,1.0610940535116242e-06,0.00017002271488308907,9.535304343444295e-06,2.586386358416348e-07
window-f052e5be086f5910e796,432_61232_120283,microwave,microwave,0.9997300505638123,True,1.6351468790087864e-11,7.793692446966816e-08,6.178052717586979e-05,7.518883194279624e-06,3.90465538657736e-05,1.0494797919591292e-08,3.210084003058e-07,5.842490935492606e-10,1.6703969549780595e-06,2.716925564527628e-06,1.647307072971671e-07,2.1172023480175994e-05,2.852296177024982e-09,7.845417115959208e-08,0.9997300505638123,1.040284942632752e-07,7.477264918342996e-10,1.1426809720660458e-07,7.870546880894835e-09,7.127670675899367e-11,2.289523217768874e-05,1.7955127304958296e-06,4.569396594433783e-08,0.00010839047172339633,2.0249328827048885e-06,8.467196943584554e-10
window-8eb42e68813b818e83e5,432_61232_120283,microwave,microwave,0.9936761260032654,True,1.302743779518778e-08,2.6083563398060505e-07,5.075684384792112e-05,5.905177386011928e-05,0.004039137624204159,6.30025809300605e-09,1.019351429931703e-06,1.510382929836851e-07,1.756479036885139e-06,9.812571988732088e-06,1.539167442388134e-06,0.0019954403396695852,1.1922768550221008e-08,2.9802575227222405e-05,0.9936761260032654,1.7165692725029658e-06,5.836207606080279e-07,3.870188447763212e-05,6.143112614154234e-07,2.2685590295168367e-08,2.3441081793862395e-05,1.6455469449283555e-05,3.21763906185879e-07,4.732353045255877e-05,5.623429842671612e-06,1.546913068750655e-07
window-2aa4d564a35d12986b7e,455_64107_126277,microwave,microwave,0.9999971389770508,True,5.2109388332926364e-18,7.874856365955307e-13,1.4821015383859049e-06,1.932562021522699e-08,1.7048520798215727e-12,1.7199597301953418e-10,1.7503653691394727e-12,3.525428881449978e-17,4.788212137896153e-08,2.977146973393019e-09,8.88834318646392e-12,6.782645463072196e-14,1.544537304857315e-14,1.7911624332171694e-13,0.9999971389770508,1.0410367229721218e-12,6.373058969444401e-09,3.932703884768074e-10,8.32215156162941e-14,2.51178100540983e-09,2.317136554245286e-13,1.3917108390160138e-06,4.2554959556184713e-10,5.815866899183675e-09,2.3809703098010004e-09,4.1883382873031394e-10
window-3578b7e6d77d144999ce,455_64107_126277,microwave,microwave,0.9998254179954529,True,2.4714515576749162e-14,4.784199147955803e-10,8.952619623414648e-07,9.85433104006006e-08,1.106293875952069e-12,1.862912268890682e-09,3.892387567816513e-08,2.2772582430885535e-15,1.3044593742961297e-06,9.071502660162878e-08,9.642552534216975e-09,1.4611903809309823e-13,6.528196316857304e-10,1.5971156688832089e-12,0.9998254179954529,4.28358876147783e-11,1.230006985153409e-09,4.990444502084301e-09,2.915240965295496e-12,0.00017067149747163057,3.312399660115872e-11,3.2401149496763537e-07,9.730299899146644e-11,1.1999338767054724e-07,5.005828529469625e-10,1.0764352964542923e-06
window-2efa58ef01811ae5aff6,455_64107_126277,microwave,microwave,0.9999089241027832,True,2.3860367552737925e-14,2.9627684750010985e-09,3.1550225685350597e-06,4.494275742672471e-07,5.75310576955701e-10,1.1728977789005057e-08,4.196846870030413e-09,4.8221429833125024e-14,3.2097244684337056e-07,1.394107925989374e-06,2.0156432078977105e-10,8.131819870249579e-13,6.310784143523374e-13,2.922493844148555e-12,0.9999089241027832,4.1871542344473767e-10,8.846804462336877e-07,6.929326445970219e-08,3.3763623407540022e-12,6.057516088731063e-07,2.883629316233205e-12,7.277682811945851e-07,1.5765614591600752e-08,5.066276003162784e-07,1.0301508979182472e-08,8.300586341647431e-05
window-1543f592532b41963827,455_64107_126277,microwave,microwave,0.9999943971633911,True,6.1491911111384145e-15,6.479303760187349e-10,3.635964418435833e-08,7.851462555663602e-07,6.580531258792988e-11,2.334420712291063e-10,1.262698279269614e-09,3.869223084290718e-12,7.656844935866047e-09,5.309182142809732e-07,7.60882059580581e-08,3.820248696377593e-14,1.8673415244641056e-11,2.1285224017369986e-12,0.9999943971633911,2.9855046386473294e-12,5.247522949503036e-07,1.4309637919041052e-09,5.900980815098933e-10,1.1156762411701493e-06,4.019752586348346e-11,3.4337122656324937e-07,4.1732872713140523e-10,3.108269197582558e-07,8.84528995187539e-13,1.923213403642876e-06
window-c06cadaa4ddbadcb6699,606_95089_191495,microwave,microwave,0.999987006187439,True,6.375067140851343e-11,7.214018751255935e-07,5.295050300446746e-07,5.357308623388235e-07,3.1482258206622094e-12,2.5707583631295883e-11,7.022154591140861e-08,2.9643616120816896e-13,2.408736321513061e-09,6.024638565804707e-10,1.001955052259973e-08,1.6740294705996916e-09,3.0855415444897005e-10,1.9587798397169287e-11,0.999987006187439,5.083352050405665e-08,1.2479590694169929e-09,6.246928752062786e-09,3.792854572082227e-11,1.0665751615235308e-09,6.977828434173716e-06,3.866075076075504e-06,3.1698584729289436e-11,2.4135653475809704e-09,3.2374969372028772e-09,7.656849113080177e-12
window-3b67efc2b9d48c153be2,606_95089_191495,microwave,microwave,0.9998914003372192,True,7.409786326184609e-12,5.552980724132794e-07,4.011047167296056e-06,1.5786567928444128e-06,4.510587649914077e-12,1.695968192272357e-11,2.2189984960618858e-08,1.0283207662123428e-12,4.666611541637167e-09,1.2314438531391136e-11,3.6870899666752166e-09,7.494407872066233e-10,3.886972133049227e-10,1.979318965672494e-11,0.9998914003372192,1.0863367094771093e-08,2.606402427218768e-09,2.8687987541076154e-09,7.821120140416582e-11,3.503792533887662e-10,3.690256562549621e-05,6.540484173456207e-05,1.1850775916144585e-10,9.506187836905156e-09,3.737425036121067e-09,1.1328341964576133e-13
window-f0d12a7f048d4fd08bf0,606_95089_191495,microwave,microwave,0.999482274055481,True,1.7685559960956e-10,4.382854058349039e-06,0.00012906141637358814,4.655811608245131e-06,3.4862983611105847e-09,8.846643417825817e-10,3.1707983794149186e-07,6.233964039425999e-11,9.099225053432747e-07,3.8610861174959155e-09,1.268205540583267e-08,9.945928240995272e-07,1.5787693374846867e-10,2.1120234450222597e-09,0.999482274055481,6.985495929257013e-06,1.6781456224634894e-08,4.442864565135096e-08,2.3974749963073805e-10,8.748910623745942e-11,0.00018038525013253093,0.00018272666784469038,1.653212109431479e-07,3.3654149689255064e-08,7.068512786645442e-06,1.7213109410052496e-11
window-3dbdef75ab0d3789692b,606_95089_191495,microwave,microwave,0.9577934741973877,True,3.322236236114051e-11,3.6282713153923396e-06,0.0003292925248388201,0.0005051244515925646,1.3971832024672892e-10,6.961371756819545e-11,2.236686214018846e-06,3.3142505406758005e-10,3.0428827813011594e-06,1.1288920909180433e-08,3.2751731993130306e-08,5.987900841830651e-09,5.953587844942376e-09,2.1661387961113832e-10,0.9577934741973877,1.0788803628258847e-08,3.4791963088309785e-08,2.555810169724282e-05,2.0535226852302912e-08,2.227169559887443e-08,5.7372948504053056e-05,0.04123923182487488,1.0709306934586493e-06,3.9465292502427474e-05,4.076098889527202e-07,1.8362062981225336e-09
window-2ec5c5c201f9dd7d440c,610_96684_193735,microwave,microwave,0.9990369081497192,True,1.902778379303527e-09,5.02507235822236e-09,3.769505383388605e-06,0.0006417296244762838,1.2851990049966844e-07,4.48412487696892e-11,2.9628934498759918e-05,2.0034425229908948e-09,4.2365662089594025e-09,9.154440476777381e-07,2.9554516345342563e-07,1.8321986983149685e-10,2.3774391877395828e-07,3.393755321212666e-07,0.9990369081497192,2.4804901244124267e-08,8.318944111351811e-08,2.400910759092767e-08,2.4978476176329423e-08,0.0002793735184241086,7.975424209938353e-10,5.2874799649771376e-08,5.03177872701599e-08,6.513841981359292e-06,1.3910195217903265e-09,5.624455123864891e-09
window-39dfdff10c7a5fe63f7a,610_96684_193735,microwave,microwave,0.8076179623603821,True,4.390784624774824e-08,4.964601618695497e-09,4.898190582025563e-06,0.00019252589845564216,8.23081427370198e-06,1.3203645121695473e-10,0.00015800526307430118,5.1505697484799384e-08,6.213285246303712e-07,1.328256871602207e-06,7.271112281159731e-06,9.657773247795376e-09,9.062944741344836e-07,1.3973221939522773e-05,0.8076179623603821,1.658084443079133e-07,2.8517089958768338e-05,1.5750906641187612e-06,1.783402012733859e-07,0.19195471704006195,5.945580596744549e-07,6.684823716796018e-08,3.82726057068794e-06,4.57409214504878e-06,9.828964309122057e-09,2.2880199068708862e-08
window-72fd4bf2d1ae835f12d0,610_96684_193735,microwave,microwave,0.9757131338119507,True,1.1271583844063571e-07,1.659043391555315e-07,0.00034188482095487416,0.0002462427655700594,6.0048339946661144e-05,3.165646411673606e-09,0.00024053741071838886,1.6790879442396545e-07,4.6048734247960965e-07,3.0409750252147205e-05,3.956377895519836e-06,1.1030252835553256e-06,1.6525518731214106e-05,0.0007031420827843249,0.9757131338119507,5.525868687072943e-07,1.0154129995498806e-05,7.5936773100693244e-06,7.222538442874793e-07,0.02226181887090206,3.086248761974275e-05,0.0001270923821721226,0.00011282420018687844,9.024111204780638e-05,1.0198665023608555e-07,2.8385674255559934e-08
window-8f705cb28f2ea40f3628,610_96684_193735,microwave,microwave,0.9888784885406494,True,2.043175726385016e-07,1.596412246840373e-08,4.371097020339221e-05,8.499754585500341e-06,3.247516360715963e-06,1.57158272506841e-10,1.0306422154826578e-05,2.1442836395380027e-10,9.551067492452603e-09,1.713540200398711e-06,8.832672028802335e-05,1.6685761661250353e-09,4.773020918946713e-06,6.241403752937913e-06,0.9888784885406494,2.4753016987233423e-06,1.5650537534384057e-05,9.621554220018425e-09,4.08355016467965e-10,0.010921882465481758,1.1879363228217699e-05,1.2424362694218871e-06,6.768892717445851e-07,5.370145572669571e-07,2.9492509767692354e-08,1.80764079260598e-08
window-e630d1c79b5bdfa2f796,610_96685_193736,microwave,microwave,0.9895841479301453,True,8.249690375272678e-10,1.104289193420982e-08,2.1492282940016594e-06,4.368812733446248e-05,1.3356051340451813e-06,2.6593043739309152e-11,1.0356108759879135e-05,7.718067074335977e-09,6.728512857989699e-07,1.9278799300082028e-05,4.5755214728160354e-07,2.9019323832812915e-08,3.2628565804770915e-07,1.8294922483619303e-05,0.9895841479301453,1.4439530460208516e-08,2.1432994401493488e-07,6.187879364460969e-08,1.3630463513436553e-07,0.010302232578396797,4.1756695168260194e-07,5.964381699641308e-08,3.4603044696268626e-06,1.2731781680486165e-05,6.2485172591664195e-09,2.291022233036344e-10
window-0733944c9e54c64b4842,610_96685_193736,microwave,microwave,0.7793794870376587,True,6.993941070732035e-08,6.516707173886971e-08,0.00010498884512344375,0.0001736189442453906,2.167714228562545e-05,1.822352491132051e-09,0.000202983632334508,1.1672269550899728e-07,6.436490593841881e-07,3.345126242493279e-05,8.204498954000883e-06,3.991479786691343e-07,7.572656613774598e-05,0.0031798435375094414,0.7793794870376587,1.7648081040988473e-07,4.163672565482557e-05,4.236533186485758e-06,2.944039465546666e-07,0.21645808219909668,2.7701647923095152e-05,1.7933471099240705e-05,4.294326208764687e-05,0.00022570659348275512,3.755866373467143e-08,4.650709595210856e-09
window-c41251ba97cca8e721ee,610_96685_193736,microwave,microwave,0.9702160358428955,True,2.2265093946316483e-07,5.158893756629368e-09,1.355461517960066e-05,2.106811007251963e-05,2.8001062673865817e-05,1.3396511677754575e-10,1.6404903362854384e-05,1.6583625583876938e-09,1.0585651466499257e-07,1.4085761677051778e-06,1.3068493899481837e-05,2.2123765042181276e-09,7.101890332705807e-06,1.124601567425998e-05,0.9702160358428955,9.188806870952249e-07,0.0003650221915449947,2.0333803263383743e-07,4.0805696599477415e-09,0.02927360311150551,1.2105726455047261e-05,3.0413873446377693e-06,6.922056400071597e-06,9.96650578599656e-06,4.964878641544601e-08,3.613336740926343e-09
window-85ed4b0d6c7d984ac89a,610_96685_193736,microwave,microwave,0.9926924705505371,True,9.283862567599499e-09,1.03036787990618e-08,0.0004033744044136256,0.004831449128687382,7.101634400896728e-05,1.5080877519002556e-11,5.113356564834248e-06,1.3665448328481489e-08,5.424929895525565e-06,0.00031700936960987747,3.144724303183466e-08,9.303562364948448e-08,3.707434188982006e-06,7.33273338937579e-07,0.9926924705505371,2.7384005534258904e-06,1.5892697774688713e-05,4.275789706298383e-06,1.2973993435139164e-08,0.0014690929092466831,9.994267202273477e-06,1.00854376796633e-05,7.243503932841122e-05,7.903391087893397e-05,5.916688223805977e-06,4.3018719253495874e-08
window-48e68cbb61c85f350d2d,251_26910_54530,mouse,mouse,0.8280676007270813,True,0.0002220214082626626,0.00022368572535924613,0.007201294880360365,5.8723424444906414e-05,0.0011493536876514554,0.0012891143560409546,7.891914719948545e-06,0.0029497176874428988,1.0748967724794056e-06,0.0011708111269399524,0.03594895452260971,9.112952284340281e-06,1.2408817156028817e-06,7.187589289969765e-06,5.841303618581151e-07,0.8280676007270813,3.673083597277582e-07,2.0097807009733515e-06,0.016790026798844337,3.526254204189172e-07,0.00018232406000606716,7.843600768886461e-10,0.051081012934446335,0.01546805165708065,3.494744669296779e-05,0.03813246265053749
window-8e048cd59fbc797e595d,251_26910_54530,mouse,mouse,0.9036837816238403,True,0.0004930175491608679,0.00027469228371046484,0.0040460508316755295,1.46070351547678e-06,0.0012509517837315798,2.5654500859673135e-05,4.069519036420388e-06,0.021802343428134918,5.959078634987236e-07,0.0003084942582063377,0.00023964571300894022,5.713025075237965e-06,9.433600567376743e-09,4.675757736549713e-08,1.412509309517418e-08,0.9036837816238403,4.0693617364695456e-09,4.0429495129501447e-07,0.049884527921676636,1.1782344877531159e-08,9.797211532713845e-05,1.1867818949795605e-09,0.006736058741807938,0.002786761149764061,7.403561539831571e-06,0.008350254967808723
window-c14c8ac836e60423dae9,251_26910_54530,mouse,mouse,0.6671175360679626,True,0.040151726454496384,7.006575469858944e-05,0.0005832772003486753,1.6682437490089796e-05,0.0006163585348986089,0.00018944204202853143,1.0716809811128769e-05,0.004746899474412203,3.945671878113899e-08,0.0017717055743560195,0.0006167686660774052,1.174474982690299e-05,9.576766046848206e-08,2.1517980286489546e-08,2.5001268610935767e-08,0.6671175360679626,4.182588497769757e-09,2.6766319933813065e-05,0.023747514933347702,2.310029501018107e-09,0.0009885092731565237,5.0493346483160284e-12,0.169619619846344,0.011638675816357136,1.7377487893099897e-07,0.07807576656341553
window-163f065c01eb3d13e576,251_26910_54530,mouse,mouse,0.7430780529975891,True,0.05837717279791832,0.00041510272421874106,0.00028746595489792526,0.0006133405258879066,0.002077908255159855,0.0022302865982055664,0.00044785780482925475,0.0004616263904608786,3.071777996410674e-07,0.009300454519689083,6.128666427684948e-05,0.00020364289230201393,6.1902937886770815e-06,2.114920079065996e-07,9.56200949531194e-08,0.7430780529975891,4.788974820257863e-06,2.655518619576469e-05,0.0026029995642602444,3.5379471796659345e-08,4.657381577999331e-05,4.2803890987208604e-10,0.016371291130781174,0.13497166335582733,2.54186176107396e-07,0.02841494232416153
window-fd3fd9431d2a53bed992,269_28620_57203,mouse,mouse,0.4325368404388428,True,0.00035196481621824205,0.001196312252432108,0.14128702878952026,8.876364881871268e-05,7.808221562299877e-05,0.0004893052391707897,3.766597274079686e-06,0.006128697656095028,1.9849119681225602e-08,0.0007327283965423703,0.10315605252981186,1.3042242130723025e-07,1.6178454131932085e-08,6.750023203494493e-06,4.041743522975594e-06,0.4325368404388428,7.710840854713297e-10,0.00022213516058400273,0.001460597850382328,3.2653584725039764e-08,6.177501199999824e-05,2.581209024299369e-09,0.001817601267248392,0.00023380621860269457,0.00021532973914872855,0.30992820858955383
window-e0ae2f0bda1130657bcc,269_28620_57203,mouse,carrot,0.9042067527770996,False,1.0306779586244375e-05,0.0015613146824762225,0.01577608287334442,5.476437308971072e-06,0.0014579189009964466,1.9407158106332645e-05,2.7744633825932397e-06,0.9042067527770996,3.248361135632649e-09,0.0009386148885823786,0.004288313910365105,4.4663888729701284e-06,4.721290025599956e-10,0.0003409138589631766,3.061172174056992e-05,0.059031419456005096,1.0851803011746597e-08,2.0071281596756307e-06,3.616083267843351e-05,2.5185831198371034e-10,2.8594811283255694e-06,9.182605253954534e-08,0.0014676926657557487,0.009763057343661785,1.811364711556962e-07,0.0010535955661907792
window-0921ccc2b1699f992e8a,269_28620_57203,mouse,carrot,0.35567376017570496,False,0.017609527334570885,0.2824484407901764,2.2586706108995713e-05,3.127080617559841e-06,2.9774302674923092e-05,1.6325733440680779e-06,1.5233294107019901e-05,0.35567376017570496,1.5128489572191484e-09,0.0014212080277502537,0.0006107714143581688,3.7102984151715646e-07,8.500703252423136e-09,1.9164927422821165e-08,1.0329216371118832e-09,0.330301970243454,7.17424036844605e-11,2.2220079699764028e-05,0.002986774081364274,1.6002284219940321e-10,0.00043161166831851006,6.371801523907816e-12,0.00034757854882627726,0.003080519614741206,1.3621492200854846e-07,0.0049927718937397
window-d6267af99d59c06c1f14,269_28620_57203,mouse,apple,0.46755844354629517,False,0.46755844354629517,0.14954814314842224,2.5247429221053608e-05,2.0719587823236907e-08,0.0004756659036502242,9.04613989405334e-06,7.5955754255119245e-06,0.004178314004093409,7.610710672789622e-11,0.011043893173336983,1.1410826118662953e-05,3.85635239297244e-08,2.9307045679161092e-08,3.761347855402164e-08,2.088465164695741e-11,0.2711373269557953,2.583932373623199e-11,1.2309051271586213e-05,0.01699800230562687,1.1165505187094027e-09,0.0014470228925347328,1.240855942302721e-11,0.0018680072389543056,0.07546456903219223,8.05929101233005e-09,0.00021482451120391488
window-414f044196be8cb9daf4,373_41590_83041,mouse,mouse,0.9914920926094055,True,0.0006432730588130653,1.1764408554881811e-05,1.3286196917761117e-05,1.0074365491163917e-05,0.0009116646833717823,3.008988058716966e-10,5.9189671446802095e-05,0.0009078762377612293,3.1076229589643845e-08,6.816029781475663e-05,8.625312329968438e-05,0.000481971277622506,9.726559113687472e-09,9.934014087775722e-06,7.312950245363936e-09,0.9914920926094055,7.224622677881598e-09,8.635883830265811e-08,0.004604747053235769,8.915906901663107e-10,1.006118327495642e-05,5.042210204919684e-07,0.00044211343629285693,0.0002467540034558624,9.305999526532105e-09,4.002126630098246e-08
window-18514abd842b52e35d79,373_41590_83041,mouse,mouse,0.804453432559967,True,3.98860584027716e-06,2.560215364155738e-07,0.0005989280180074275,1.9708534182427684e-06,0.17781521379947662,7.795908363306125e-10,0.015912771224975586,9.635265450924635e-05,4.352308167199226e-07,0.00030257803155109286,8.790654828771949e-05,0.0002492167113814503,6.7926384517136285e-09,2.6826479370356537e-05,1.0252813353872625e-06,0.804453432559967,8.223279834851382e-09,8.738143009168198e-08,0.00012437344412319362,2.1946821249230197e-08,1.3756301086687017e-05,9.40765801260568e-07,4.941128281643614e-05,0.0002593973185867071,1.3842010559983464e-07,8.170530350071203e-07
window-b41839a8cddc0443da1a,373_41590_83041,mouse,book,0.5293956995010376,False,0.0001011598069453612,6.414805284293834e-06,0.0003646632540039718,0.00021913813543505967,0.5293956995010376,4.694299393648294e-10,0.04967258870601654,2.7959700673818588e-05,4.717529463960091e-06,0.0006591954734176397,0.00011095989611931145,0.0027615493163466454,4.6025245836744944e-08,0.0016054888255894184,5.2890660299453884e-05,0.40784919261932373,5.861775065341135e-09,1.683939103713783e-06,0.0009868446504697204,1.201035388476157e-06,0.0003079849702771753,5.2294535635155626e-06,0.005602581892162561,0.00023395317839458585,2.6656620320864022e-05,2.2573644855583552e-06
window-e842d1eff2a1afa53f61,373_41590_83041,mouse,mouse,0.99220871925354,True,0.00010538290371187031,1.3530102371817065e-08,9.6059716270247e-07,4.457342129171593e-06,0.0005211193929426372,8.5330263688288e-11,0.0010305767646059394,1.4113422366790473e-05,1.9113866045472605e-08,0.00021558103617280722,8.534420339856297e-05,0.00020060758106410503,1.3644122498490674e-09,9.263279025617521e-06,1.620924194867257e-07,0.99220871925354,1.563785732849876e-11,1.0588675536382652e-07,0.003712546778842807,2.289104461539182e-09,1.4459911653830204e-05,1.782583183285169e-07,0.0018694305326789618,6.728280823153909e-06,1.3109455210269516e-07,5.859132201635475e-08
window-4f96528298d7db716caa,374_41907_84025,mouse,kite,0.7939085960388184,False,1.7347557834668237e-09,1.3706935533264186e-05,0.0003464080218691379,6.408108220057329e-06,0.13500526547431946,4.3538678218268956e-10,0.0007074713357724249,1.4175392607285175e-05,2.7885012059414294e-06,2.8022946025885176e-06,0.0004668177862185985,0.057881493121385574,4.771258943492285e-09,0.7939085960388184,8.293736755149439e-06,0.009146083146333694,2.958668199326553e-09,1.956897044408379e-08,0.0011264367494732141,1.6707646466329606e-07,9.717942930365098e-07,8.032292271309416e-07,8.019281085580587e-05,0.0008339484338648617,0.0004439618205651641,3.223963403797825e-06
window-49efd91e5739a00a2ee1,374_41907_84025,mouse,handbag,0.7979262471199036,False,2.299215253742659e-07,1.6349778888979927e-05,0.00014971820928622037,9.276991477236152e-06,0.010448298417031765,2.096600004719562e-09,0.0010938007617369294,3.681810267153196e-05,6.950764145585708e-06,1.1034522628960985e-07,0.00020205396867822856,0.7979262471199036,8.444034449439641e-08,0.11353714764118195,4.605265644386236e-07,0.014249894767999649,3.6461547114896575e-09,1.2629508994166372e-08,0.029021667316555977,1.295378069698927e-06,6.307036528596655e-05,3.004455493282876e-07,0.010734311304986477,0.022238839417696,0.00026289699599146843,3.4125051229239034e-08
window-cc700b68bbbcb5825451,374_41907_84025,mouse,kite,0.5091782212257385,False,2.5081179799713027e-08,2.845101789716864e-06,7.891564746387303e-05,6.56221970984916e-07,0.000918132602237165,8.384997557397966e-11,4.170083047938533e-05,2.7091033189208247e-05,4.994749929210229e-07,1.0454449039798419e-07,1.0655400728865061e-05,0.4770483374595642,4.921681284741908e-09,0.5091782212257385,1.6839477368080225e-08,0.009430300444364548,7.595614415212282e-11,8.608543211607866e-09,0.0019469658145681024,2.911832552854321e-08,4.9088680498243775e-06,2.1490418333769412e-08,0.0007751222583465278,0.0005218739970587194,1.3562159438151866e-05,1.872312438422341e-08
window-ef306fe7fcb5c236bb28,374_41907_84025,mouse,handbag,0.7926661372184753,False,3.66868619039451e-07,1.872753387033299e-06,0.0002199788868892938,7.147739893298422e-07,0.11132140457630157,6.991273671097531e-10,0.0005694134160876274,0.00012134286225773394,4.766643996845232e-06,1.5200481584543013e-06,6.183010555105284e-05,0.7926661372184753,3.621477873139156e-08,0.044046204537153244,4.561155947158113e-06,0.045089978724718094,1.9362305092585075e-09,2.1495747404287613e-08,0.002036377554759383,3.46610100621092e-08,1.4685601854580455e-05,2.0409208900673548e-07,0.002055318560451269,0.0017747227102518082,8.296708983834833e-06,1.5485295534745092e-07
window-33684eedd96601e00c2a,537_78163_151221,mouse,mouse,0.9979994893074036,True,1.1671951142488979e-05,1.0482839343239903e-06,5.224098003964173e-06,1.969828531400708e-07,0.0003958559827879071,4.329270622549508e-11,0.0003547944943420589,3.185669265803881e-05,7.559391480838062e-12,3.0892042559571564e-06,1.107470325223403e-06,8.835390872263815e-06,1.4842693046857036e-11,3.5017437767237425e-05,1.0656192594993286e-09,0.9979994893074036,6.517591466526085e-10,7.197332507757892e-09,0.0008222204050980508,6.468320670749428e-12,2.0501698827501968e-07,2.8115143546614263e-09,0.0001047700279741548,0.00022447557421401143,4.016417420871221e-08,2.5452013829863063e-08
window-bc9e2450fb529b38ff88,537_78163_151221,mouse,mouse,0.9963323473930359,True,2.583208515716251e-05,7.100271091076138e-07,1.1812858247139957e-05,1.7237901772659825e-07,7.166770956246182e-05,3.0104545523101933e-09,0.0006975784199312329,1.891491592687089e-05,3.0431809849851277e-10,3.4344066079938784e-07,5.052161941421218e-05,3.708602162078023e-05,1.9337300649624467e-09,0.00014798420306760818,4.0861318773011135e-09,0.9963323473930359,6.500787130825358e-10,1.18584978281433e-06,0.0021482030861079693,2.2925165238385503e-11,1.0490028898857418e-06,3.4246144764438213e-07,0.00044017459731549025,1.3923595361120533e-05,5.05326935851258e-09,1.245914660330527e-07
window-e2a86141853dc6f3d56d,537_78163_151221,mouse,mouse,0.9957447648048401,True,1.4439025108003989e-05,2.930267328338232e-06,7.511240710300626e-06,8.220543179504602e-08,0.000135057678562589,3.276181409495038e-11,0.00038803264033049345,7.840056059649214e-05,1.1838964530941354e-10,2.577829718575231e-07,3.113156310519116e-07,4.8219326345133595e-06,6.872117319645099e-10,1.0716203178162687e-05,6.6729018144418e-11,0.9957447648048401,3.784526914074604e-09,3.865168096695015e-08,0.0005830128211528063,8.335469467435352e-12,2.4539878040741314e-07,2.090149830991095e-09,0.0011283319909125566,0.0019011697731912136,3.1980038617263062e-09,9.64379576195995e-10
window-9f55e42e8f27d2d30a70,537_78163_151221,mouse,mouse,0.7752952575683594,True,8.591340156272054e-05,1.9203815099899657e-05,0.0003891664673574269,8.497242447447206e-07,0.028846053406596184,1.2635244850400795e-08,0.006190610118210316,0.0017721002222970128,9.740937834123997e-09,1.0559827387623955e-05,6.040760126779787e-06,0.021852998062968254,2.0448659432403815e-10,0.0003351601189933717,7.47857527017004e-08,0.7752952575683594,5.292922766741981e-10,1.7334288671122522e-08,0.16006137430667877,4.198047812153938e-11,5.0182621635030955e-05,7.149205885070842e-06,0.00023526616860181093,0.004841908812522888,3.0262025774163703e-08,1.776408709019961e-08
window-10e82e26752a6cb4b2e1,616_99441_199619,mouse,cake,0.598492443561554,False,0.003001857316121459,0.042969122529029846,3.224648389732465e-05,0.005845299456268549,0.038271110504865646,1.848422215289247e-08,0.598492443561554,0.0006083130720071495,4.4153480871500506e-08,0.008776490576565266,0.024913782253861427,0.07873459905385971,9.384705481352285e-05,0.0013914741575717926,3.535924042807892e-05,0.001064554788172245,1.678389196513308e-07,1.3725813914788887e-05,0.19204522669315338,4.7551975690396375e-09,0.0013349612709134817,9.216503826792177e-07,7.80302143539302e-05,0.002221903298050165,7.42086922400631e-05,1.7071724300876667e-07
window-231aa478fc602e49d9f9,616_99441_199619,mouse,cake,0.5081189274787903,False,9.349899482913315e-05,0.00688262190669775,0.00018880778225138783,0.0008997054537758231,0.07470216602087021,7.409785229839372e-09,0.5081189274787903,0.0001503470411989838,4.4319561909311744e-10,0.09109324216842651,0.14336130023002625,0.0001188094902317971,2.2699041437590495e-06,0.01657615229487419,2.8690077670034952e-05,0.048506274819374084,2.044397717781976e-08,6.2916483329900075e-06,0.0956658199429512,8.294562370281255e-09,9.457762644160539e-06,1.4597643982483532e-08,0.0068300445564091206,0.003396476386114955,0.0033690533600747585,8.95500562592133e-09
window-53ccf9cb5ed26cef113a,616_99441_199619,mouse,sandwich,0.6837961673736572,False,3.2949461456155404e-05,0.0008099027327261865,5.40450992048136e-06,6.767080049030483e-05,0.257038950920105,3.7257541496416025e-10,0.041070606559515,0.00016494524606969208,1.2028991136503464e-09,2.0405766917974688e-05,0.0044901552610099316,0.0009230010909959674,2.4831207312558945e-08,0.008435392752289772,2.8680219088528247e-07,0.0011086459271609783,5.302509542559619e-10,2.585864194770693e-06,0.6837961673736572,1.0479892509351885e-09,4.640881797968177e-06,3.8384340150798835e-09,0.0008277023443952203,0.0009587040403857827,0.00024184818903449923,4.821017363099145e-09
window-a8293d1ce0e82e2598ff,616_99441_199619,mouse,book,0.6781752705574036,False,0.0017054013442248106,0.03791242465376854,3.291573011665605e-05,0.0003671052400022745,0.6781752705574036,2.29862990863694e-08,0.00397336483001709,0.000797040993347764,1.855252484972425e-08,0.0003102013433817774,0.029983317479491234,0.015715353190898895,5.541640803130576e-06,0.007204663474112749,1.8312563270228566e-06,0.024142948910593987,3.1246418785713104e-09,2.0700647382909665e-06,0.1987481266260147,3.6836804717665927e-09,0.0003722888068296015,7.884822821324633e-07,0.00014809345884714276,0.0003513024130370468,4.990117304259911e-05,3.144354465689503e-08
window-f1d11cd11fde183c47d4,105_12597_24882,parkingmeter,parkingmeter,0.9998689889907837,True,8.01776423031697e-08,2.9906029042070514e-11,5.3739064753699495e-08,7.389628908782697e-10,1.1211516266484978e-06,4.760442706697177e-09,2.835646248247701e-14,4.599748706923812e-11,3.254847563347041e-12,2.4236294393631397e-07,3.695734562825237e-07,5.330128560743219e-10,3.5211564863857348e-06,5.371313203245132e-12,1.0078850460389782e-13,1.1328386839704052e-10,0.9998689889907837,1.263333757606233e-07,1.935375687836527e-12,3.3040180369425798e-06,8.928964234655723e-09,1.4613705278982043e-14,3.766841873142912e-12,6.525760909426026e-08,4.1922643703776435e-16,0.00012198909098515287
window-000abbd73704e3d2a0bc,105_12597_24882,parkingmeter,parkingmeter,0.9999459981918335,True,2.0848780479809648e-07,7.788620859372486e-10,5.2970680286534844e-08,5.176715167642953e-10,1.7613653824355424e-07,7.339434837660974e-09,2.1114993163217494e-14,1.6105010380851326e-10,2.082333220784771e-12,3.475500989225111e-07,1.8098322840387482e-08,2.3649973646122646e-10,3.056452260352671e-05,1.5581861972577271e-12,1.629258217868048e-14,1.4017699327684152e-11,0.9999459981918335,1.5468982610400417e-06,6.987339309580398e-13,9.061195669346489e-07,1.0696754593197966e-08,1.2716391287680932e-14,3.284710611145547e-12,2.8358517312199183e-08,2.972036912194775e-16,2.0024202967761084e-05
window-8983f24504dc4e7d655f,105_12597_24882,parkingmeter,parkingmeter,0.999969482421875,True,6.67749162630571e-08,2.595868242583066e-10,3.7061549384986847e-09,1.8323251249618977e-10,4.516752596828155e-06,1.4432496975302911e-08,2.9774902161883166e-13,5.818631687581899e-10,5.363972113703319e-11,3.42754304938353e-08,2.8794293172040852e-08,1.4211344101511258e-08,1.5982292097760364e-05,1.0007047274163128e-10,1.917973158765962e-13,9.557792751690997e-11,0.999969482421875,1.739638605613436e-06,4.575479752022549e-12,5.94995208302862e-06,1.3026377132518974e-07,5.49943696538744e-14,2.4513877039389342e-11,1.8983512006798264e-07,1.5575993575852763e-15,1.844167513809225e-06
window-6d7f2b19975cca3c301a,105_12597_24882,parkingmeter,parkingmeter,0.9999207258224487,True,2.1903661036049016e-06,2.7147899483992433e-09,6.76425528922664e-08,1.7782441075198108e-09,2.6508994324103696e-06,7.04520601857439e-08,2.7693900775047076e-13,1.2378631453202615e-09,5.318438744961185e-11,5.057776775174716e-07,2.1190048826724706e-08,3.019983596530551e-09,5.455123755382374e-05,4.952753485110151e-12,2.2112670581327792e-13,1.9171502926851325e-11,0.9999207258224487,7.5472312346391845e-06,9.022563078608936e-12,5.395923835749272e-06,7.38013099521595e-08,2.212046362325571e-14,9.080645263503939e-11,3.211382306744781e-07,4.178305532104689e-15,5.800354301754851e-06
window-1b9aad6f9c00dcbe0f20,429_60447_117580,parkingmeter,parkingmeter,0.577475368976593,True,1.2650846770156932e-07,1.6816068537650608e-09,2.0504930944298394e-06,3.426791295169096e-08,4.572696710170021e-08,1.8270388535412962e-09,1.0060904881556074e-13,1.3663338238600886e-09,4.940439453093859e-07,1.2401888852764387e-05,2.979866849273094e-06,1.3649851915431555e-08,0.00011724958312697709,1.8445587102178251e-07,1.121652358666847e-12,1.2371987878623258e-09,0.577475368976593,5.441902885650052e-06,2.2499564877875855e-08,0.42228978872299194,8.91592980001299e-11,4.2247775373580043e-13,3.002970094811985e-11,3.474409311365889e-07,1.406929150959968e-08,9.351616608910263e-05
window-23c6cd24270c7aee4df6,429_60447_117580,parkingmeter,parkingmeter,0.996821403503418,True,1.033777243719669e-05,6.628707183153892e-07,4.9393878725823015e-05,9.195876060630326e-08,9.527258093555702e-09,1.0721642240696383e-07,9.382121815559863e-14,1.7593059453702153e-07,7.403706092645734e-09,1.1853615433210507e-05,3.2334453408111585e-06,2.0688915858269041e-10,0.0003621832875069231,9.78446879074113e-10,2.6371424141635735e-11,1.7062830315328625e-10,0.996821403503418,0.00012421149585861713,4.29924629230527e-09,0.00152325420640409,5.070332154133439e-09,1.4646123940378897e-13,5.954998993917826e-11,1.1461792404077187e-08,4.8390257079145016e-11,0.0010930554708465934
window-30620ec6f1436f3dad2f,429_60447_117580,parkingmeter,parkingmeter,0.9207507967948914,True,8.665243456107419e-08,4.696770194989597e-10,5.260452553557116e-07,1.1798960419806548e-10,3.621746884618915e-07,3.4618535815766904e-10,1.1677801737761118e-12,2.775810692412506e-10,1.7002498020612933e-10,6.684570053039351e-07,1.969543461655121e-07,5.89435930620219e-11,0.003860648488625884,3.575415519208036e-08,6.839083336110385e-13,8.824410820118533e-12,0.9207507967948914,8.092230928014033e-06,1.8342054264319785e-10,0.07536246627569199,5.563920435491809e-10,3.363973138812088e-15,2.3709763319335053e-11,8.956470765042468e-08,1.0628921787853018e-13,1.591824366187211e-05
window-bf7f6774961e56c65295,429_60447_117580,parkingmeter,stopsign,0.8976234793663025,False,1.6923515886446694e-06,1.1124500076675758e-07,8.643636988381331e-07,2.2450331371715038e-08,4.865946721110959e-07,1.6148023860296234e-06,4.579220683198493e-12,6.854791401167404e-09,3.0689684535900597e-06,1.2825155863538384e-05,9.535237950331066e-06,3.241339072701521e-07,0.00031732034403830767,9.029851639752451e-07,5.478793460578224e-11,7.732772644430952e-09,0.10190796107053757,9.84110520221293e-05,1.330358156970135e-09,0.8976234793663025,7.916841071597958e-10,9.252604108236917e-13,4.3667111593315155e-10,9.961819387172e-07,1.0001074635113127e-08,2.038143247773405e-05
window-15af39c11478ab7c8bf4,602_93529_187049,parkingmeter,umbrella,0.8218487501144409,False,2.185525772802066e-05,0.00123928626999259,0.01594582200050354,0.017823373898863792,1.2587745004566386e-05,5.748578928432835e-07,0.001393008977174759,1.0612917549224221e-06,2.287775032527861e-06,1.1282010746072046e-05,0.0003021005541086197,9.878307901090011e-05,0.0008590619545429945,0.009897456504404545,8.582577315507933e-09,0.00019599232473410666,0.12709619104862213,0.002418431220576167,1.3660272088600323e-05,4.340834493632428e-06,1.8062030093801695e-08,4.619026938712523e-08,5.411676283983979e-06,0.0007485743844881654,0.8218487501144409,5.996418258291669e-05
window-3584954c12c83992f583,602_93529_187049,parkingmeter,umbrella,0.9789217114448547,False,1.1339660659359652e-06,0.0001906726829474792,0.019325420260429382,0.00029244102188386023,7.260342016479626e-08,3.84691567489881e-09,0.00030040909769013524,7.933510914881481e-08,1.9076551893704163e-07,3.916186869901139e-06,3.026989645604772e-07,0.00011084301513619721,2.4825549189699814e-05,5.62781970074866e-05,1.591927656363623e-07,1.5141999938350637e-05,0.00022457327577285469,0.0005183502798900008,1.5640749779777252e-06,9.264774234907236e-06,9.458048566557409e-07,6.909374850039285e-09,3.5489031802171667e-07,1.2960183539689751e-06,0.9789217114448547,4.464801151016218e-08
window-abc0b06f5a1478fbe3df,197_21223_42168,plant,plant,0.7657557725906372,True,1.9354098185431212e-05,0.00010352742538088933,1.1448783032719234e-09,1.2966919982204672e-08,6.22764204649684e-08,1.5820837973024027e-09,4.759035800816491e-05,7.449177275020702e-08,8.003180482774042e-06,0.0001978005893761292,2.4708732282441304e-10,4.362676008895505e-06,3.422040961709172e-08,5.7036110945318796e-08,1.0601110211894138e-08,2.0794374222532497e-07,5.186777674026644e-10,0.7657557725906372,1.413606128153333e-06,1.9519802441081424e-10,0.23337844014167786,1.3583455471533057e-09,0.000373633811250329,9.24270716495812e-05,5.49521701032063e-07,1.661297028476838e-05
window-080762098ea107819154,197_21223_42168,plant,plant,0.9962016940116882,True,1.1042867527066846e-06,2.8229542294866405e-06,8.89891271782517e-09,2.09130153194792e-08,2.3665268145123264e-07,3.5907277151636663e-10,3.209273472748464e-06,1.7750285963291645e-10,0.00017781379574444145,0.00033186140353791416,1.4120397559547193e-11,1.7270087937504286e-06,3.6606988373932836e-07,5.619993803662737e-09,6.72273813506763e-07,2.6956502807706784e-08,1.2740541066591504e-08,0.9962016940116882,5.121319368583954e-09,3.4564937578807076e-08,0.0028875216376036406,4.9723856143657486e-09,0.00034286227310076356,1.7689933883957565e-05,2.3534932552138343e-05,6.807087629567832e-06
window-f4c1801c99cea4cffdc4,197_21223_42168,plant,plant,0.9993263483047485,True,1.8801509327204258e-07,1.777294045268718e-07,6.023748166938958e-10,3.152241578874282e-09,1.8734041873358365e-08,2.9582972183028744e-10,2.033043529081624e-06,3.1378774578705304e-11,2.1383310013334267e-05,1.5304613043554127e-05,3.1465182022405447e-12,1.465693117097544e-06,1.5589183988140576e-07,1.267446037012121e-09,6.188967205389417e-08,3.6408642767327137e-10,6.067384372698825e-09,0.9993263483047485,2.052633334415077e-07,2.5700770400760575e-09,0.0005518458783626556,2.3413231353686115e-09,5.930147381150164e-05,8.423829967796337e-06,1.2208851330797188e-05,7.746180585854745e-07
window-142223aa8689427bc764,197_21223_42168,plant,plant,0.9648255109786987,True,5.044263389208936e-07,3.4089832752215443e-06,1.0712992715156133e-09,1.1236338082198927e-08,2.2357329498845502e-07,9.572872494700846e-10,4.250955953466473e-06,2.871942461624144e-09,0.00019558194617275149,5.09466917719692e-05,4.154504518183444e-11,7.435721272486262e-06,4.5222913058751146e-07,4.1663796856994395e-09,1.8298274895300892e-08,3.4050710695510134e-08,9.592507232980552e-09,0.9648255109786987,3.43085453380354e-08,2.1006771877551955e-09,0.03471191227436066,7.387965794691809e-10,0.00016683140711393207,2.439919080643449e-05,5.303676061885199e-06,3.1230692911776714e-06
window-1b719d36517d7763b1a9,346_36039_66047,plant,plant,0.996416449546814,True,6.8821918650097125e-12,2.167042656431306e-10,2.0886835727651487e-07,2.0451132513699122e-05,3.2004218719627886e-10,1.705896535142415e-09,4.450351753781945e-10,2.949422650555533e-11,0.0030089542269706726,2.0836381509070634e-07,2.991704217691904e-09,5.59312138648238e-05,0.00026369153056293726,2.661669817882739e-08,2.0523430066532455e-08,1.8520209671413213e-11,1.7632977744597156e-08,0.996416449546814,2.7250691346125677e-05,7.09398335629885e-08,2.513885647204006e-06,6.496324311822121e-11,0.0001062414885382168,3.988016760558821e-05,5.788850103272125e-05,2.701037544738938e-07
window-1c13b12de3c6f04f90af,346_36039_66047,plant,plant,0.8132172226905823,True,5.940123770642458e-08,2.9144289328542072e-06,3.239428042434156e-05,4.659019032260403e-05,1.890972998808138e-05,1.3022726079725544e-06,2.0630163817259017e-06,1.1997624369541882e-06,0.003628190141171217,0.0008450070163235068,0.00012139570026192814,0.0008034754428081214,0.07538940012454987,2.504391704860609e-05,1.2033788152621128e-06,3.4505848844901266e-08,1.470789356972091e-07,0.8132172226905823,0.00229319604113698,2.713205162763188e-07,0.005537240765988827,3.803541037683544e-09,0.05953773111104965,0.03743184730410576,0.000741217692848295,0.0003219948266632855
window-a46aca6fa984b4b3467a,346_36039_66047,plant,chair,0.4168165922164917,False,1.6979081919998862e-05,0.0021840762346982956,0.0004390374815557152,0.002180985175073147,2.7183946258446667e-06,3.991809080616804e-06,1.4893272464178153e-06,5.765253376921464e-07,0.4168165922164917,0.005826335866004229,1.3010011571168434e-05,0.03418118134140968,0.10230401158332825,5.850405796081759e-05,0.0006992686539888382,8.708619816388818e-07,2.1601155822281726e-05,0.3303804397583008,0.00024870591005310416,1.7646159903961234e-05,0.051624078303575516,1.0482889223339953e-07,0.026215888559818268,0.0007441887282766402,0.025987952947616577,2.9766839361400343e-05
window-1bcc1f02349f3eacb6a7,346_36039_66047,plant,plant,0.7866172194480896,True,5.596762520099219e-08,1.883532405599908e-07,8.425096893915907e-05,4.4461376091931015e-05,1.7666052372078411e-06,1.2784614682459505e-06,1.805450551728427e-06,5.962312457086227e-07,0.01834619790315628,0.004007147159427404,1.8724382471191348e-06,0.003126387484371662,0.005876569543033838,2.6368797989562154e-06,5.192182925384259e-06,5.915540945977682e-09,1.2052261411099607e-07,0.7866172194480896,0.0017913997871801257,7.998363003025588e-07,0.0015782986301928759,1.1452132575584528e-08,0.16212418675422668,0.008305133320391178,0.00757230119779706,0.0005100330454297364
window-82a0b061f38c9777cd3d,374_42124_84248,plant,carrot,0.9928930401802063,False,0.0018814774230122566,0.0015369289321824908,0.0020037658978253603,0.0001340259041171521,1.6593253349128645e-07,7.776941757242639e-09,3.0618957680417225e-05,0.9928930401802063,3.018360450468549e-09,6.7865371420339216e-06,0.0003955540887545794,1.408844855177449e-05,1.7270163965577012e-08,0.0001993172918446362,3.247862048749717e-11,0.0006131239933893085,1.1655382650133106e-06,4.9176520406035706e-05,2.4935330657172017e-05,1.0248004528312649e-10,2.5420577003387734e-06,3.217243832454031e-11,0.0001990382734220475,1.1579915735637769e-05,1.1550190492926049e-07,2.480321199982427e-06
window-1a7ce30e511d5ac07a1d,374_42124_84248,plant,mouse,0.5867329835891724,False,0.03399481996893883,0.22174330055713654,5.627045993605861e-07,4.679787889472209e-05,5.470151336339768e-07,5.378184356197302e-11,0.00014252641994971782,0.06257173418998718,2.0890289498254333e-10,2.1852079044037964e-06,1.041908376464562e-06,4.095436906936811e-06,2.3937204787216615e-06,2.3756135760777397e-06,1.4780059771554721e-12,0.5867329835891724,0.00022902651107870042,1.2944773516210262e-05,1.3422849406197201e-05,4.7391569835131264e-11,0.0007071187137626112,2.704763062827409e-12,0.08325419574975967,0.00888452772051096,5.615554954374602e-08,0.0016533873276785016
window-67517d56d08f5dd4d00c,374_42124_84248,plant,toyplane,0.5953059196472168,False,0.008203125558793545,0.24715334177017212,2.2846894353278913e-05,6.959989696042612e-05,1.3766323547770298e-07,4.791926855318707e-09,0.000533703772816807,0.018480485305190086,6.198706881122007e-09,3.972238482674584e-05,3.769385511986911e-05,2.2780319341109134e-05,0.0007362303440459073,2.460240295931726e-07,8.674699847333045e-11,0.038292478770017624,0.0006525301723740995,0.004827504046261311,2.0123932699789293e-05,5.262036362196909e-10,0.007461726199835539,1.5463676172888796e-10,0.5953059196472168,0.0769980177283287,1.501789341773474e-07,0.0011415841290727258
window-5349774507c85fe5f31a,374_42124_84248,plant,wineglass,0.40784284472465515,False,0.30825570225715637,0.07651235163211823,4.7963963879738e-05,5.3743224270874634e-05,2.0695130054093624e-09,8.739005963320778e-09,0.0002734574081841856,0.08369157463312149,1.2063904319958851e-09,0.00011486376024549827,2.7265910830465145e-05,2.925563876488013e-06,2.719492613323382e-06,3.4543306810519425e-06,3.56485084507252e-11,0.10594163089990616,3.837231815850828e-06,0.0028885118663311005,1.9962002625106834e-05,3.6920352886049557e-10,0.00533188134431839,6.240215982833419e-11,0.008957896381616592,2.7374324417905882e-05,9.479693829916869e-08,0.40784284472465515
window-973b8d2514fa9f09e54a,38_1678_5044,plant,plant,0.9998961687088013,True,3.514859776387706e-14,2.1322535208832816e-13,8.236084557411427e-12,1.1476048555891794e-08,3.44816026860012e-13,4.6746803476771515e-12,2.4779888008197304e-07,1.157605261647987e-12,6.083110747567844e-06,7.154034253886721e-09,1.489904187979181e-14,9.598387987352908e-05,1.112289219062923e-10,8.895132547204199e-11,5.387735396711335e-11,2.777293640291584e-13,6.285315323761864e-11,0.9998961687088013,2.441154778320964e-10,7.85425110366722e-12,1.30417743093858e-06,7.51732120995996e-10,8.281495489370627e-09,2.0012903834132345e-10,3.8528344958876914e-08,2.417513371710811e-07
window-92d9cd0e5717fbb96436,38_1678_5044,plant,plant,0.9999387264251709,True,4.943071529322548e-17,5.073790034491356e-15,3.0894997931490975e-12,3.5718361601766446e-09,8.74808648372756e-14,1.7552586120683777e-11,1.575868857628393e-08,9.555661248166966e-14,3.7489419355551945e-06,7.48778927750493e-10,8.353462219227959e-16,5.520389822777361e-05,4.426707334026503e-10,8.23052997284135e-12,4.7157274613018885e-11,4.448420633214941e-16,6.81014272752023e-11,0.9999387264251709,2.0803153644166628e-10,2.1799013982803928e-11,6.702707651129458e-07,4.7946969311540855e-11,1.9295018915954643e-09,4.923048080307524e-10,2.6186361523627966e-08,1.663276634644717e-06
window-9df30bcae1ebe64a7a32,38_1678_5044,plant,plant,0.9999942779541016,True,7.481701203869754e-16,4.8094255459391316e-15,2.631713477783265e-13,2.9503985365941787e-10,8.493388250466107e-15,1.258301969564446e-11,1.418266837305282e-08,3.9746048656084595e-14,1.2799941941921134e-06,4.756897653557246e-10,2.498449462319226e-15,3.9636247493035626e-06,1.3334167971168487e-11,2.2190276959682675e-12,3.498005921379055e-12,5.355486934726771e-15,2.2679792072155536e-12,0.9999942779541016,1.2665029615333001e-11,8.268148535620079e-13,6.143479680531527e-08,4.787223048530187e-11,1.485218475982819e-10,9.721791080496978e-12,1.7598509316485433e-08,3.7197025903878966e-07
window-a5f524c53d0b248f9a33,38_1678_5044,plant,plant,0.9981018900871277,True,8.155065133063933e-17,2.1008115223559304e-13,5.498529149355891e-12,1.0783738346731297e-08,1.3433485010136414e-12,7.89117748922763e-09,9.282938435717369e-07,7.58154593250536e-14,2.4501699954271317e-05,1.2954729511349683e-09,8.882968010248335e-14,0.0018662678776308894,1.982643389741856e-11,3.940746687303154e-11,3.2283320461345966e-09,1.1495716013766762e-14,5.901922006668059e-11,0.9981018900871277,3.717254726254282e-09,6.538453806159694e-11,2.0771626907389873e-07,1.96463005863734e-08,7.531189005760552e-10,6.994953505312651e-10,2.2431142099321733e-07,6.118267265264876e-06
window-8053bb8c6fee3b795551,40_1901_5812,plant,plant,0.9999827146530151,True,5.372867081798738e-12,5.110077916370415e-10,1.7682000308383294e-10,2.361038031750695e-09,7.279013503058707e-10,1.8087323638837915e-08,9.393361466436545e-08,9.377213415484587e-12,6.626050890190527e-06,3.147360416733136e-08,5.95924611740406e-12,8.123318366415333e-06,1.0324039401155005e-09,3.9358270115252836e-11,1.0136894657009066e-09,8.237272669520124e-11,6.653129158706861e-09,0.9999827146530151,2.1213635292838262e-09,2.404697795055366e-11,9.341774784843437e-07,7.7794872765935e-08,5.2694368868344554e-09,2.7077695641253285e-09,2.4450427793532015e-10,1.380747335133492e-06
window-b0e280d25d341d499398,40_1901_5812,plant,plant,0.9999922513961792,True,6.81997698332576e-13,5.352910389250232e-12,4.464094892353554e-12,1.3267401066663354e-10,6.566684262326872e-12,1.2359462342459437e-09,5.864002172728533e-09,1.265791670698041e-13,2.70265263679903e-06,1.439867602925915e-08,2.361348421485443e-13,4.583791451295838e-06,1.9596255729226186e-09,9.290314828200308e-13,8.255765862608122e-12,3.4549220309740974e-14,1.611036443138758e-10,0.9999922513961792,6.230169158349952e-10,6.878702468737785e-12,4.1482388724034536e-07,5.500866429031248e-09,4.611088177952638e-10,4.798451080922916e-10,6.406683517035106e-11,7.647069111271776e-08
window-fef2328c462294a24a92,40_1901_5812,plant,plant,0.9999948740005493,True,2.5375648509003666e-14,2.914202212878081e-11,8.959264753694018e-12,9.326567296241706e-11,2.4937857334705882e-11,6.866012758344198e-10,6.844751987422626e-10,3.1797508419709186e-13,3.479264250927372e-06,5.2750519508038e-09,1.4410004222850659e-12,6.339614060379972e-07,1.1453339388012296e-09,3.5126166298554695e-12,4.066383514633731e-12,1.795419485284798e-14,2.582482672153219e-09,0.9999948740005493,5.772030423067953e-11,1.9497041134353132e-11,1.558663775824698e-08,3.359056588436715e-09,3.458043296156177e-10,2.966769538370606e-11,4.448970358783555e-11,1.1201972256458248e-06
window-e6257c0d8a6b5fd3ee9f,40_1901_5812,plant,plant,0.9999892711639404,True,5.712420011842745e-14,7.382289779478413e-10,7.329396534139221e-10,3.5090380601232596e-10,8.203667190009867e-10,3.0636877479395253e-09,8.689845287790376e-09,2.948187050391682e-12,1.0386645499238512e-06,9.62707780161054e-09,6.498509196040114e-12,2.312933929715655e-06,9.752554319675255e-08,2.2755159301973693e-12,2.372285527740825e-12,1.683469309050542e-13,2.055075398743611e-08,0.9999892711639404,9.783999388446318e-09,4.6382248042320384e-10,2.6348627102379396e-07,2.566613588328437e-08,2.3609194599316652e-08,1.231955648606231e-09,1.1400090593749468e-10,7.091664429026423e-06
window-ac5a922d263d86d3f08d,480_68442_132810,plant,plant,0.5478050708770752,True,3.796637031427963e-07,0.00015789932513143867,9.631047248603863e-08,5.5268965297727846e-06,6.431318979593925e-06,1.7176944311358966e-05,4.668035558097472e-08,5.916479750567305e-08,5.647887064696988e-06,0.00019841204630210996,1.3439596386888297e-06,3.165430825902149e-05,0.00036800222005695105,1.5504097973462194e-05,8.9768095734577e-11,1.0838856496775406e-06,0.0004493071755860001,0.5478050708770752,1.5535948705291958e-07,7.131541678973008e-06,5.255137125459441e-07,3.3431216128754215e-11,0.001003179233521223,3.200921128154732e-05,1.0823046977748163e-05,0.4498825967311859
window-9959ab77c5afc1dc1873,480_68442_132810,plant,wineglass,0.6765263080596924,False,2.3475857346966222e-07,0.00015045791224110872,5.8770297073351685e-06,5.247857188805938e-06,0.02137642540037632,0.00013039476471021771,9.193565908560686e-10,1.5097838286237675e-06,0.00025540479691699147,0.011371884495019913,0.0012979700695723295,3.0516175684169866e-05,0.0030161861795932055,0.00016124130343087018,2.3637605761628322e-11,1.7451642406740575e-06,0.011545062065124512,0.2579157054424286,1.6772657545516267e-05,0.00010762796591734514,2.0635943656088784e-06,1.568675467300551e-10,0.01577048748731613,0.00031017628498375416,7.902343099885911e-07,0.6765263080596924
window-81213e69848fc5ea10db,480_68442_132810,plant,plant,0.7106335759162903,True,9.929169664246729e-08,0.00011463132250355557,3.2131463285622885e-06,1.084067207557382e-06,0.005133999045938253,0.00011430426093284041,2.4457055824989027e-10,3.3612461720622377e-06,6.287511496338993e-05,0.00047573394840583205,0.0002785109682008624,1.2459421668609139e-05,0.01000242866575718,1.344267548120115e-05,4.3729603271813744e-13,6.42131467998297e-08,0.02042505517601967,0.7106335759162903,1.0076269063574728e-06,0.0001263342419406399,6.881061835883884e-06,8.228963517542542e-12,0.0032717289868742228,0.0002086740714730695,2.1985674436564295e-07,0.24911025166511536
window-9f5b3b5adda9280d3376,480_68442_132810,plant,wineglass,0.6253488659858704,False,2.9054154637719876e-08,2.974986273329705e-05,2.8523404083102832e-08,1.4569268103059585e-07,6.683501123916358e-05,2.4590015527792275e-05,6.474942110257231e-11,5.558088389534532e-08,1.9658189557958394e-05,9.386782767251134e-05,2.0763265240475448e-07,8.59476642744994e-07,0.00048807947314344347,2.43816970169064e-07,5.523186413975735e-14,3.026535111416706e-08,8.14040467957966e-05,0.3735359311103821,1.8890964348372563e-09,4.985560735804029e-06,8.552971308972701e-08,5.568865681093715e-13,0.00029626803006976843,8.014699233171996e-06,1.5624291194171747e-08,0.6253488659858704
window-d08aa31c74fa9359f378,492_70632_136944,plant,plant,0.9248034358024597,True,0.0008602979360148311,0.005931537132710218,3.958153229177697e-06,1.8039247606793651e-07,2.816002098171566e-09,0.0012520293239504099,0.0012325220741331577,5.785450412076898e-05,2.20187516219994e-07,0.0416770800948143,1.8603791431814898e-06,1.3439507711154874e-06,0.000163446762599051,8.217399538601455e-10,5.9386003670169885e-08,7.775950052746339e-07,5.023397534387186e-06,0.9248034358024597,2.525344825698994e-06,3.9775574500744426e-10,0.0010975290788337588,1.5640003070416242e-08,9.951940592145547e-05,0.00011051528417738155,6.584919901797548e-06,0.02269166149199009
window-2e032f4fa37d531026b8,492_70632_136944,plant,plant,0.9560448527336121,True,0.009399202652275562,0.013321665115654469,2.4861930796760134e-05,3.0979023790678184e-07,3.6370320088963126e-08,0.0009434022940695286,0.005724145099520683,0.0007756183622404933,1.1878355365979587e-07,0.0010328898206353188,6.039813342795242e-06,5.279906326904893e-05,4.906527465209365e-06,1.0583201515146357e-07,1.2882544524472905e-06,3.438221392570995e-05,4.990871730115032e-06,0.9560448527336121,0.00019537397020030767,1.0686885820732073e-09,0.007989691570401192,2.2146011247059505e-08,0.0011348652187734842,0.0016678241081535816,7.032003850326873e-06,0.0016334953252226114
window-a16446a777a00cb6b482,492_70632_136944,plant,plant,0.7380709648132324,True,0.0021980463061481714,0.018188055604696274,2.7121170660393545e-06,3.173567506564723e-07,1.992485954005474e-09,0.000777284789364785,6.367916648741812e-05,5.192972457734868e-05,2.9410915658445447e-07,0.027603870257735252,8.764507219893858e-05,5.154830660103471e-07,5.526941458811052e-05,9.561712532857314e-10,5.0303285092923034e-08,2.491760278644506e-05,2.8263291369512444e-06,0.7380709648132324,2.284025413246127e-06,1.523251247359525e-10,0.0035541073884814978,1.0044455045488121e-08,0.00035156463854946196,0.000498034234624356,3.007698069268372e-05,0.20843566954135895
window-4fc7db143808aee18b4d,492_70632_136944,plant,plant,0.9859170317649841,True,0.004578064661473036,0.0016780819278210402,2.0620886971300934e-06,3.4149813643580273e-08,3.587475455590905e-11,1.6124764442793094e-05,2.4561642931075767e-05,7.493232260458171e-05,1.3119149322449175e-08,0.00299832783639431,3.995199193695953e-08,3.5703472178738593e-08,1.7594307792023756e-05,3.769946507747868e-11,1.7499314497460006e-10,4.78983622542728e-07,5.535624040930998e-06,0.9859170317649841,2.6778090500556573e-07,2.3184494254979704e-11,9.947797661880031e-05,8.02660646281872e-11,9.731398313306272e-05,2.166156264138408e-05,9.538034646539018e-07,0.004467352759093046
window-fdba8157f743e01e1c6d,537_78170_151231,plant,plant,0.9962714910507202,True,1.3409057828539517e-06,1.473286204145552e-07,5.2792643145949114e-08,1.6689893982402282e-06,1.2325764853216015e-09,3.0876659451450905e-08,3.6068107874598354e-05,1.3261401976549791e-09,0.00017112151545006782,9.007766493596137e-05,6.585930467650769e-09,1.2834865401600837e-06,1.3616545402328484e-06,9.911830384234932e-11,3.487209854213802e-09,1.2033191865157278e-07,5.5965325707063585e-09,0.9962714910507202,1.6026637794652743e-08,6.549552455936691e-09,0.0022127649281173944,1.1519299647488879e-07,7.618681593157817e-06,9.551006223773584e-05,2.0483200842136284e-06,0.0011071107583120465
window-7a6ca9e6fd9baf9a00fa,537_78170_151231,plant,plant,0.9957526922225952,True,1.3111507435326075e-08,2.129929477234782e-08,3.623867872448727e-10,5.345170279724698e-07,1.8984440408598147e-10,1.254566406316826e-08,8.11436279946065e-07,1.9618441593483027e-10,0.0022360431030392647,3.0871313356328756e-05,9.846951032344009e-11,1.524784636330878e-07,7.550708147618934e-08,3.564010545020757e-11,1.3574408264105386e-09,2.2040040903448244e-09,3.692925409914949e-10,0.9957526922225952,4.908887962784547e-09,1.636826368889288e-10,2.8869701054645702e-05,1.3889506211839375e-09,9.922857771016425e-07,2.2361036826623604e-06,4.747912498714868e-07,0.001946188509464264
window-1bbbd3f842b220e3a14d,537_78170_151231,plant,plant,0.9927996397018433,True,2.982292244269047e-07,6.170304800434678e-08,1.2318990272319752e-09,2.7537553251022473e-06,9.306402870556951e-10,1.567658891588053e-08,9.739396773511544e-05,8.185410127481418e-10,9.91219567367807e-05,3.686726267915219e-05,2.3414150618350504e-09,7.5035372901766095e-06,4.485517365537817e-06,5.185912255178948e-10,7.876901975123474e-08,2.2983112302199515e-08,3.217901944907453e-09,0.9927996397018433,4.7439485229006095e-08,5.95659743751753e-10,0.004675927106291056,2.7128699287004565e-08,4.783440999744926e-06,2.909023896791041e-05,6.633342854911461e-05,0.0021755245979875326
window-6220b48d9ab67ad8774d,537_78170_151231,plant,plant,0.9895794987678528,True,1.3062291145615745e-05,5.82379243496689e-07,6.742657099323424e-09,2.9046477720839903e-05,6.198738411455906e-09,2.0842848869051522e-07,4.562016783893341e-06,4.630657191029286e-09,9.688061254564673e-05,0.0002618714643176645,1.0535990924154248e-07,1.4898233757776325e-06,9.20597472031659e-07,4.908646822343599e-10,6.653894502051116e-08,1.4774070677958662e-07,7.070801277819783e-09,0.9895794987678528,1.1138757116668785e-07,1.5171232048416528e-09,0.0006685075350105762,1.1395550281179112e-08,8.537263056496158e-06,1.9288097519165603e-06,0.00021667152759619057,0.009115676395595074
window-45d27599584904d24532,612_97575_195854,plant,plant,0.9527144432067871,True,0.0004151561879552901,8.784787496551871e-05,2.8304724764893763e-05,2.172432687075343e-07,2.8970094717806205e-05,2.7440892154118046e-05,5.615640475298278e-05,4.297283417997733e-09,9.988417878048494e-05,0.00029126988374628127,2.6795996177497727e-07,3.1140545615926385e-05,0.0003471211821306497,8.351836583431194e-11,2.1645742265263834e-07,0.0001173179189208895,1.3396739007021097e-07,0.9527144432067871,4.647639798349701e-06,1.1377292139513884e-05,0.011956834234297276,2.0822423607569363e-07,0.009956026449799538,0.01762855052947998,1.6939814884153748e-07,0.006196253467351198
window-a1222bb5f0b3de0ee288,612_97575_195854,plant,plant,0.6763532757759094,True,0.0019393890397623181,8.501033153152093e-05,0.07813069224357605,8.005501877050847e-05,0.0015905082691460848,0.0007696052780374885,0.07852302491664886,3.206006658729166e-05,0.0008589498465880752,0.00033972447272390127,0.000167047546710819,0.0032798368483781815,1.5017712030385155e-05,6.826313381225191e-08,0.002161776414141059,0.0014963987050577998,2.1926123736193404e-05,0.6763532757759094,0.0004872456192970276,0.0003325454017613083,0.07757331430912018,3.760116669582203e-05,0.04047366976737976,0.01669091172516346,0.0005911808693781495,0.01796918362379074
window-f8c6fc1e384ee19ee024,612_97575_195854,plant,plant,0.43034037947654724,True,1.670101482886821e-05,4.067023837706074e-05,0.3093290627002716,0.00039884517900645733,0.00735409464687109,0.0015793116763234138,0.011523360386490822,4.416112460603472e-06,0.012771271169185638,0.0012520333984866738,0.0003451867087278515,0.002396526513621211,4.726963379653171e-05,8.425955400070961e-08,0.0060832868330180645,0.0006663014064542949,1.193099365082162e-06,0.43034037947654724,0.00010204127465840429,0.00011330575216561556,0.07511774450540543,0.00011287401866866276,0.031344883143901825,0.06826949119567871,0.004076350945979357,0.03671327978372574
window-baf444687a292c2a62c1,612_97575_195854,plant,plant,0.5797579288482666,True,0.0011072716442868114,0.010383058339357376,0.0012749809538945556,0.0002181047893827781,0.07694525271654129,0.0004920653300359845,0.012619330547749996,4.387233730085427e-06,0.012640857137739658,0.001650855876505375,4.519343747233506e-06,0.16406244039535522,0.0017089969478547573,2.6512179829296656e-07,0.00024838963872753084,0.005633967462927103,0.0009530206443741918,0.5797579288482666,0.0009355996735394001,0.011785161681473255,0.005091424100100994,4.297642590245232e-05,0.03981523588299751,0.026475921273231506,0.00047303817700594664,0.04567490518093109
window-9ae2a9d82123ec2c0aef,272_29076_57620,sandwich,toyplane,0.3376941382884979,False,0.010474493727087975,0.16784045100212097,0.0014961931155994534,6.68222492095083e-05,0.0010242987191304564,1.3608584481517028e-07,0.012669938616454601,0.13133279979228973,7.723037209750316e-10,0.0002574185491539538,0.003323920536786318,1.624767537578009e-05,3.6299091732416855e-08,1.2716754099528771e-05,6.548575015585811e-07,0.1704980432987213,2.0183672404527897e-06,3.7504875649574387e-07,0.11961343884468079,1.0306986375496763e-09,0.00020013668108731508,1.0843036468699552e-09,0.3376941382884979,0.04298650100827217,0.0004888016264885664,4.1846894305308524e-07
window-39ed7eeadbbf091ef08d,272_29076_57620,sandwich,mouse,0.6226720809936523,False,0.0010365962516516447,0.004645382985472679,1.0003313946072012e-06,1.8658695353224175e-06,0.0016429005190730095,3.46312045707009e-09,0.07007907330989838,0.023922311142086983,8.144746270651038e-14,4.5038982534606475e-06,0.0005374332540668547,1.212959318763751e-06,2.384534583677045e-11,2.576580016011576e-08,5.088550469878328e-09,0.6226720809936523,2.752249317339306e-09,1.7054320455844874e-10,0.2666458189487457,1.3374547996880537e-11,1.2916596460854635e-05,5.9242090399980185e-12,0.005025223828852177,0.003759290324524045,1.2475906260078773e-05,9.936054062853472e-11
window-919dc3eb02a5017366b7,272_29076_57620,sandwich,sandwich,0.5375509262084961,True,0.003966520074754953,0.00027013415819965303,6.075749325873403e-08,6.018161968768254e-08,0.00022181874373927712,3.3140039601420312e-09,0.018606562167406082,0.010445949621498585,3.268496516733825e-14,1.7691081666271202e-05,0.00013341243902686983,5.677164836015436e-07,5.3135829070072305e-12,4.6368839323740474e-10,1.4153334060296174e-09,0.41935473680496216,1.494316337335988e-10,4.948936815907246e-10,0.5375509262084961,6.118506851345018e-13,6.8516878855007235e-06,1.1421700174193972e-12,0.004723640624433756,0.004700878635048866,1.2451680220237904e-07,3.644566246019387e-11
window-fe72a63dee45518c8572,272_29076_57620,sandwich,carrot,0.5824683904647827,False,0.040882986038923264,0.07186230272054672,1.6729003391446895e-06,1.022058495436795e-05,0.0010770548833534122,6.060398050067306e-07,0.07547364383935928,0.5824683904647827,2.0899042496580478e-09,0.00019199277448933572,0.00284022418782115,4.891986463917419e-05,2.9108679910905266e-09,6.829525034390826e-08,9.892139729572591e-08,0.07139301300048828,1.1725391146910624e-07,2.860673021132243e-06,0.07237697392702103,1.4327944386494096e-10,0.0019423298072069883,2.234914475707228e-10,0.05648086220026016,0.022943289950489998,2.0444249457796104e-06,2.9787526045765844e-07
window-be54e2efdba79409cb1c,368_39852_77846,sandwich,sandwich,0.9859301447868347,True,0.00060417311033234,0.0004113926843274385,0.000571461278013885,7.22275217412971e-05,0.0006639905041083694,1.4599510222979006e-07,0.0017238953150808811,0.002339319558814168,1.7930725348946908e-08,0.0005418231594376266,0.00016975094331428409,1.1344267477397807e-05,3.971549813286401e-05,4.1274230170529336e-05,2.35790275837644e-06,5.6126478739315644e-05,4.5690285332966596e-07,0.00047791062388569117,0.9859301447868347,1.9868930944966223e-09,6.006585681461729e-05,1.2097879675820877e-07,0.004322721157222986,0.0019211828475818038,3.8157937524374574e-05,1.9924034688756365e-07
window-1f4111c99650a554f928,368_39852_77846,sandwich,cake,0.78253573179245,False,0.0016333236126229167,0.0014129811897873878,2.384998936122429e-07,1.6738633803470293e-06,2.5318706775578903e-06,6.46821334271408e-08,0.78253573179245,0.0002961616846732795,1.648278410461279e-12,1.476523436849675e-07,0.002988699357956648,5.464938226396043e-07,2.4854937663576493e-08,8.046885682233551e-07,5.695700799890346e-09,0.00011009956506313756,9.72591074344109e-09,0.00010843242489499971,0.2089264839887619,6.765762863153446e-12,0.0002494908112566918,5.2731838451336444e-08,9.715056421555346e-07,8.682228269663028e-08,0.001731446129269898,3.030530937309095e-09
window-831399a16d2534d9d09a,368_39852_77846,sandwich,sandwich,0.9943530559539795,True,9.5251903985627e-05,1.236697607964743e-05,2.735332600423135e-06,1.8540860764915124e-05,8.023523696465418e-05,2.0275859213825242e-08,0.004858782980591059,6.578551619895734e-06,2.2841002700335622e-10,2.6219891879009083e-05,0.00017048964218702167,1.285782929016932e-07,1.48770283203703e-07,5.394743425313209e-07,2.9374632504186593e-07,9.050125299836509e-06,9.35100441523673e-10,0.00015400780830532312,0.9943530559539795,9.858368288373498e-11,9.55103246269573e-07,8.31466007156223e-09,0.00015930407971609384,4.935015022056177e-05,2.021942009378108e-06,3.811683857435355e-09
window-285b0eda3eb0ed8aa766,368_39852_77846,sandwich,sandwich,0.9741065502166748,True,0.0026897802017629147,0.0006483745528385043,0.00032626191386952996,0.0003894895198754966,0.0013193725608289242,2.3873882426528326e-08,0.01814807392656803,0.0008799366187304258,6.275894026686046e-09,1.2585193871927913e-05,9.905604383675382e-05,1.4127781469142064e-06,2.214402911704383e-06,9.793707249627914e-06,5.256812073639594e-06,0.0001752507232595235,7.903320238256129e-07,0.0002723788202274591,0.9741065502166748,2.712243762914568e-09,2.1003617803216912e-05,1.0022242804552661e-06,0.00012857346155215055,0.0007543200044892728,8.484505087835714e-06,2.106729901640847e-08
window-47e75dbc2e981158f2a6,422_58620_113279,sandwich,sandwich,0.9849764108657837,True,6.876964471302927e-05,1.4902463590260595e-05,0.00018718108185566962,0.00014647844363935292,0.002276300685480237,2.955259787995601e-06,0.00021555385319516063,0.0008825520053505898,1.4310785445559304e-07,0.0001445886882720515,0.0010004802606999874,0.00037621217779815197,6.517790041016269e-08,5.676588443748187e-07,7.836692020646296e-06,7.425888270518044e-06,1.6610034435871057e-05,0.009464812465012074,0.9849764108657837,1.0500592395601416e-07,3.9808160181564745e-06,1.420389367012831e-06,4.8110603529494256e-05,3.0315499316202477e-05,2.5412113302536454e-08,0.00012619899644050747
window-bf6df4e2d8a38a87b8c3,422_58620_113279,sandwich,sandwich,0.7796173095703125,True,0.0007080356008373201,0.0006778695387765765,1.5270037692971528e-05,3.297560760984197e-05,1.8949052901007235e-05,1.822309241106268e-05,0.00120164651889354,2.9992464988026768e-05,1.501030340023135e-07,4.493278538575396e-05,0.004263709764927626,1.912050720420666e-05,1.8046031982521527e-05,1.310682335997626e-07,9.821807225307566e-07,1.966698874866779e-07,2.866902832465712e-05,0.2126973271369934,0.7796173095703125,4.456109650163853e-07,1.4941779227228835e-05,7.213382104964694e-07,7.358055881923065e-06,5.346062152966624e-07,2.2694568002634696e-08,0.0005825050175189972
window-a299687d87a2a1e094c9,422_58620_113279,sandwich,sandwich,0.9945699572563171,True,2.068948197120335e-05,0.0001596233923919499,3.4068565582856536e-05,4.723104939330369e-05,0.0026578642427921295,6.326143164869791e-08,3.5042160106968367e-06,0.0017857429338619113,7.498962339980153e-09,1.0169011147809215e-05,3.780870247283019e-05,1.6656647858326323e-05,7.894993103718662e-09,1.1497724017317523e-06,1.0937753813777817e-06,1.790730129869189e-05,1.488196971877187e-06,0.000248979777097702,0.9945699572563171,2.2004133626296607e-08,6.26303119588556e-07,2.1314356946078306e-09,3.420904977247119e-05,2.309144974788069e-06,1.2298566609558748e-09,0.0003488604270387441
window-0b3a877d56842a6da7a7,422_58620_113279,sandwich,sandwich,0.9777123928070068,True,2.596067588456208e-06,1.1195696060894988e-05,1.3582503015641123e-06,1.0045351700682659e-05,1.9369939764146693e-05,2.8117042347730603e-06,1.539694676466752e-05,3.801968432526337e-06,2.2817630451754667e-08,7.640030162292533e-06,7.394358362944331e-06,1.5249526768457144e-05,3.389774150264202e-08,1.748907862975102e-08,2.354341290811135e-07,5.308001149728625e-08,5.498071914189495e-06,0.021943040192127228,0.9777123928070068,1.0570177622071242e-08,1.780962151087806e-07,1.3359796469103458e-07,1.2996873920201324e-05,5.620464662570157e-07,2.778778318557329e-09,0.00022790231741964817
window-5fe237155da07fb3ac41,618_100645_201517,sandwich,cake,0.649056077003479,False,0.009515730664134026,1.996350420085946e-06,8.267666271422058e-05,8.684131898917258e-06,0.00023231521481648088,9.94553914779317e-08,0.649056077003479,6.01320898567792e-05,2.0479898012126796e-05,0.00013238025712780654,1.8756383724394254e-05,6.666741683147848e-06,5.793113473373523e-07,1.2470219189708587e-05,8.950909773375315e-07,0.0009803430875763297,2.11019549056779e-10,2.054398282780312e-05,0.33563315868377686,0.0025694777723401785,4.003090361948125e-05,3.4882259569712915e-07,0.0013443680945783854,0.0002617321442812681,2.391521869427038e-09,9.107910869943225e-09
window-d329d15b47f99247105c,618_100645_201517,sandwich,cake,0.8194577097892761,False,0.007006993982940912,2.2671674742014147e-06,6.444952305173501e-05,1.6072126527433284e-05,0.002904192078858614,1.201547945584025e-07,0.8194577097892761,1.1987380275968462e-05,0.00027378028607927263,0.0004541742382571101,2.693084388738498e-05,8.434131450485438e-05,8.735409551263729e-07,8.310439443448558e-05,3.1703613785794005e-05,0.011036976240575314,1.0459263316553447e-10,2.203416806878522e-05,0.0903235524892807,0.046580612659454346,0.0006925029447302222,1.2518338508016313e-06,0.02035858854651451,0.0005655465647578239,2.0345667905985465e-07,8.356728642411326e-08
window-bec646631cbc1ca7045c,618_100645_201517,sandwich,cake,0.9369754195213318,False,0.0010475767776370049,5.405185561357939e-07,2.039717583102174e-05,4.972018814441981e-06,0.00041208264883607626,2.4823215483138483e-08,0.9369754195213318,2.4491322619724087e-05,8.648985385661945e-05,1.935229192895349e-05,3.589093466871418e-05,1.8666127289179713e-05,4.393378674194537e-07,2.567373485362623e-05,7.988208494680293e-07,0.0020210323855280876,2.4134103049355815e-10,2.630551352922339e-05,0.018853703513741493,0.004670361056923866,9.962946205632761e-05,1.8057957618111686e-07,0.03543788194656372,0.00021811918122693896,1.8566959525401217e-08,2.4277793109206414e-09
window-d1f6415e5692af7b05ee,618_100645_201517,sandwich,cake,0.8773847222328186,False,0.0003521296021062881,3.888881749958273e-08,1.2534987945400644e-06,6.042821041774005e-06,0.00011166896729264408,6.134955299330613e-08,0.8773847222328186,2.0565996692312183e-06,7.91599723015679e-06,9.638767369324341e-05,4.824308689421741e-06,1.1107068758064997e-06,2.6215016646347067e-07,9.757781072039506e-07,2.1341368210414657e-06,3.751616895897314e-05,1.059619267329559e-10,2.4432685677311383e-05,0.08119476586580276,0.002746444894000888,1.326309848082019e-05,1.1798034549315162e-08,0.03734708949923515,0.000664461578708142,2.944042787333956e-09,4.153508541548945e-07
window-d0487444f7f4900083c7,620_101121_202636,sandwich,cake,0.49318620562553406,False,0.3174552321434021,3.338795795571059e-05,1.934792089741677e-05,0.0008217586437240243,0.0026446483097970486,3.3317203360638814e-06,0.49318620562553406,6.881908484501764e-05,4.669474947149865e-06,4.9832028707896825e-06,8.56870028655976e-05,4.5179982407717034e-05,0.010639708489179611,4.126680323679466e-06,1.8277819435752463e-06,0.021354585886001587,2.458075414324412e-07,2.0748046154039912e-05,0.0019363999599590898,0.015906646847724915,0.009570246562361717,0.0007864311919547617,0.014985696412622929,0.11041343957185745,6.691399903502315e-06,2.4785713481634275e-09
window-d1f8d00ed382bedeb7a1,620_101121_202636,sandwich,apple,0.7975965738296509,False,0.7975965738296509,2.7511279768077657e-05,1.975749182747677e-05,0.003535396419465542,8.841576345730573e-06,4.2416618839524745e-07,0.08019126951694489,2.2134307073429227e-05,3.655805630842224e-05,3.999343334726291e-06,4.253520728525473e-06,7.936909582895169e-07,0.012828676030039787,7.283136937985546e-07,4.47210112497487e-07,0.0009600259945727885,1.1976440816852119e-07,2.487243909854442e-05,0.0015813284553587437,0.09324252605438232,0.0005738254985772073,7.656348088858067e-07,0.000679367280099541,0.00862516462802887,3.4608481655595824e-05,5.464374197572397e-08
window-4d4b8047f1511a132372,620_101121_202636,sandwich,apple,0.776285707950592,False,0.776285707950592,6.526449851662619e-06,8.623232133686543e-06,0.0001153007906395942,1.621902993065305e-05,8.560654407574475e-08,0.16855575144290924,7.22111099094036e-06,1.1798414561781101e-05,5.281488029140746e-07,1.3822759683534969e-06,4.2831860014302947e-07,0.001772042247466743,5.462335366246407e-07,1.320093758749863e-07,0.0007767429342493415,5.518607348875548e-09,2.974243443532032e-06,0.0005817069322802126,0.048028238117694855,0.000894095515832305,4.351679905312267e-08,0.0013266883324831724,0.001602784963324666,4.406366315379273e-06,4.5633406386969e-08
window-ad7a1d4df117ca13aeab,620_101121_202636,sandwich,apple,0.6133633255958557,False,0.6133633255958557,0.00014076732622925192,1.6151025192812085e-05,0.005958094261586666,2.136428065568907e-06,2.1900464730606473e-07,0.3323880732059479,1.2675802281592041e-05,1.609318314876873e-05,1.2390714800858404e-06,1.1400935591154848e-06,1.6138790215336485e-06,0.005849896464496851,1.0724987760113436e-06,3.444156959631073e-08,0.0013035418232902884,3.193102893206401e-09,1.0917736290139146e-05,0.0037743591237813234,0.02040250413119793,0.00018402677960693836,9.034683046138525e-08,0.002143435413017869,0.01441859919577837,9.850295100477524e-06,9.093376718283253e-08
window-9a5e19dfa6f9c90afe15,70_6182_14057,sandwich,sandwich,0.7919816374778748,True,0.029550399631261826,0.014828219078481197,3.718061270774342e-05,0.000851911143399775,1.6576914276811294e-05,0.010122650302946568,0.02899770997464657,0.00016414855781476945,1.2929605475164863e-07,0.028749113902449608,0.03867227956652641,0.000540692126378417,0.001759955775924027,2.4633861812617397e-06,4.672394879889907e-06,0.03539879620075226,1.46532038343139e-05,0.0005476570222526789,0.7919816374778748,1.915940739394273e-09,0.00614746380597353,1.5279386644806436e-08,0.00068066013045609,0.010911552235484123,2.870809339583502e-06,1.6526135368621908e-05
window-41f661de64f65f3e6828,70_6182_14057,sandwich,apple,0.4585927128791809,False,0.4585927128791809,0.02363261580467224,1.0960866347886622e-07,1.2463065104384441e-05,3.0083787351031788e-05,0.008945083245635033,0.0017256279243156314,0.00013463421782944351,5.082374521236943e-10,0.024277212098240852,0.02894647791981697,0.0001321265153819695,0.00013993110042065382,1.9532787831622045e-08,3.995838326886769e-08,0.005672966595739126,7.473985533579253e-06,2.166277408832684e-05,0.44384264945983887,1.774990571190571e-11,0.0007126458222046494,2.1426090068832337e-10,0.0010700285201892257,0.0021015936508774757,2.6338624614652417e-09,1.8315438410354545e-06
window-ccd489727011b6305241,70_6182_14057,sandwich,sandwich,0.7215999960899353,True,0.1191791296005249,0.005277546122670174,9.191886647386127e-07,0.00036805911804549396,3.794844087678939e-05,0.008268849924206734,0.017462337389588356,0.0003459706495050341,6.582938993915377e-08,0.02105952613055706,0.01905074715614319,0.0011030990863218904,0.0001452437718398869,1.2624989942366938e-08,1.1017957035619474e-07,0.012104853987693787,1.8353039195062593e-06,0.000232890437473543,0.7215999960899353,1.4263551451065837e-10,0.005382385570555925,4.112334084371838e-10,0.054712653160095215,0.013661613687872887,3.5501116713021474e-08,4.1857119867927395e-06
window-571b6dc8e3894495ffea,70_6182_14057,sandwich,sandwich,0.7163422703742981,True,0.1775040328502655,0.001980552216991782,4.608710696629714e-06,0.00234243948943913,2.492466137482552e-06,0.011311492882668972,0.004961181432008743,0.0008174446411430836,4.1573045450604695e-07,0.03114628791809082,0.042521048337221146,0.003029702929779887,0.0021422249265015125,4.317079174143146e-07,5.6694055672323884e-08,0.0005460056127049029,1.989591692108661e-05,3.459748768364079e-05,0.7163422703742981,7.717114169913941e-10,0.0006801094859838486,8.091987635516773e-10,0.0033176043070852757,0.0012916207779198885,4.820001322514145e-07,2.9931222798040835e-06
window-eca3eaecd788ce4dceb8,146_16270_32238,stopsign,stopsign,0.9999058246612549,True,2.050661584984681e-10,1.6401014227285238e-11,2.517402730717322e-09,9.794575740740274e-12,3.969129025449547e-08,1.5632937166998317e-09,6.872485913689275e-11,2.334191728792234e-10,2.8026789777868544e-08,4.073776693758191e-08,1.5692027677260967e-09,1.45349747862622e-12,4.956181783200009e-06,1.7342817955068313e-06,1.6630725963029391e-10,8.996617686940489e-12,8.737033203942701e-05,3.7226470794848865e-08,8.078472335526499e-10,0.9999058246612549,7.995868724075539e-12,9.067775691559352e-14,3.0060126610109705e-10,9.900183783884131e-09,7.26441374773474e-15,2.601355753029111e-08
window-9baea53d55dc48200608,146_16270_32238,stopsign,stopsign,0.9999881982803345,True,2.6551971732402535e-10,6.458621415461607e-10,4.5587225661058994e-10,2.1083065848692684e-12,1.7019334563883604e-07,5.188324436744551e-09,3.253401714697901e-10,2.080702971030135e-11,1.2871994670149434e-07,1.5489939331203573e-09,1.3294864098511994e-09,4.945283071933204e-11,1.774990749936478e-07,1.1148158591822721e-05,2.609636812200833e-11,8.931023975922159e-11,1.5586930146582745e-07,8.84660256161851e-09,4.790841057200623e-10,0.9999881982803345,4.324444448366993e-13,3.560744398173419e-15,1.48368766161866e-08,6.088551329774816e-10,3.035353652452999e-12,4.7288846616311275e-08
window-8d840f79e35eea67311c,146_16270_32238,stopsign,stopsign,0.999855637550354,True,3.829665317506281e-12,1.9457857547422464e-10,2.408859778313399e-10,7.142271496451968e-11,2.554568345658481e-05,2.760951245406318e-09,2.266465071176782e-10,3.9333532958485407e-11,6.348422516566643e-07,2.2327807158717405e-08,1.2793345938177936e-08,1.4201346765219114e-09,1.3655622410624346e-07,1.3692906577489339e-05,3.513300228519256e-08,9.020151812977328e-12,0.00010363471665186808,3.369166279298952e-07,6.2691078994703275e-09,0.999855637550354,1.5052644894431033e-11,6.470877219472149e-12,6.004326813524585e-09,1.9169634413174208e-07,1.1495632570857062e-11,3.0898428260428545e-09
window-d5eadcb40085a5a1ff01,146_16270_32238,stopsign,stopsign,0.9999970197677612,True,4.820689680773427e-11,5.946183649629955e-12,1.921874187571504e-10,5.662601030437253e-12,2.2040964609004732e-07,9.23304876998543e-10,2.5227237833436167e-12,6.06388940796454e-12,4.1362316238746644e-08,4.925481178474911e-08,8.665378414818292e-10,9.197472698816572e-14,1.1769775198899879e-07,4.0119698496710043e-07,5.472359718150521e-11,1.282652098682363e-13,2.1000198557885597e-06,8.221058500623712e-09,1.3264378484478812e-10,0.9999970197677612,1.2677280557781e-13,2.7569649766124226e-15,5.670713343342015e-10,5.598399965833778e-09,7.50550547666556e-16,7.883047103973695e-09
window-7b23b9f848b36e48dbe1,249_26599_53534,stopsign,stopsign,0.9999960660934448,True,5.922951373804608e-08,1.7835846688463164e-10,2.3185210695775282e-10,3.1682345635886122e-09,9.620006180544038e-12,3.656119851314088e-10,1.5380250406593632e-09,2.6355926989463097e-12,6.921188622222019e-11,7.382340294626033e-10,4.3314664355253996e-11,3.052302507966509e-11,5.113864176564675e-07,2.638195837789681e-06,5.340017707536338e-13,2.5561247563032907e-10,1.928355999325504e-07,1.2122935544311986e-08,1.919891978729993e-08,0.9999960660934448,5.051283002988072e-11,2.613915087864801e-16,3.490070038525417e-11,1.0015686946474034e-08,4.050017265999628e-12,4.0394314737568493e-07
window-756c05901a8327958558,249_26599_53534,stopsign,stopsign,0.9988083839416504,True,2.338330418183432e-08,1.8096500298270257e-08,7.602851681554057e-09,8.080757174511177e-10,8.45232807478169e-06,5.713878259427929e-09,1.6208824717978132e-06,1.2923879744164424e-09,6.891897275096426e-09,7.765740883769467e-05,1.1564679169850933e-07,5.33561994586762e-09,3.996372015535599e-06,9.681316441856325e-07,1.9339978507559863e-08,1.8567529735946664e-08,0.0010319206630811095,2.8823948014178313e-05,7.451410510839196e-06,0.9988083839416504,8.886566149612918e-09,1.376902064587071e-10,1.5837544609098586e-08,2.102176779317233e-07,1.7513435146554457e-10,3.0308581699500792e-05
window-348dc704e674a3302609,249_26599_53534,stopsign,stopsign,0.9999916553497314,True,2.7323998619266376e-10,6.729415913397929e-10,3.488436206566803e-08,9.120942334739368e-10,3.5763150663115084e-08,2.372840128828102e-07,9.72537783638927e-09,1.900030480173065e-11,1.287846060904485e-07,1.0433075914306755e-07,3.3470260518697614e-07,1.2722263520448251e-10,1.7875863989047502e-07,7.891165978435311e-07,4.363891914493934e-09,2.6397445340720083e-10,4.7297580749727786e-06,3.5178808843738807e-07,6.456900791818043e-08,0.9999916553497314,2.0484438797985227e-11,5.049594423156556e-11,1.207840671924032e-08,5.6622905475478547e-08,9.822638362411151e-12,1.4132567685010144e-06
window-091490720158bedb0e6d,249_26599_53534,stopsign,stopsign,0.9999879598617554,True,1.8264115553279225e-08,1.866759698210263e-11,1.743434147050138e-10,2.1729595553465764e-11,3.2603708621792293e-10,3.8798462220768215e-09,1.433476004564227e-09,1.4259801022278862e-12,1.4642489443161821e-09,2.1092718682780287e-08,4.775561279757312e-09,1.1189998580518612e-12,8.067064300121274e-06,2.8185956679749324e-08,2.0456846869135008e-14,1.820210648872944e-12,3.095226475124946e-06,4.084457998487778e-07,1.27786321968415e-07,0.9999879598617554,1.401583432647513e-10,4.759217583287338e-14,1.5912775541693236e-09,1.8557077652303633e-08,5.267036366242688e-15,2.637136731209466e-07
window-46b0ec3222c876fcb1b1,437_62330_122209,stopsign,stopsign,0.999744713306427,True,1.6119301449180057e-08,3.0308434872949874e-08,2.6945726858684793e-06,8.389874750491799e-08,7.572842526670787e-12,2.2547226308233803e-07,3.196597617716179e-07,5.103419314748947e-13,0.0001543251273687929,6.346916507027345e-06,2.0773022413322906e-07,2.245749003426667e-10,8.197256101993844e-05,1.20344282095175e-06,1.1970601399013958e-08,2.46506176582173e-10,1.9647032445391233e-07,3.3976743907260243e-06,9.264408129538992e-10,0.999744713306427,3.5756211325121967e-09,9.735250799947082e-11,4.4736077065010704e-09,2.4582642588200088e-09,3.8522948386798817e-08,4.114449893677374e-06
window-4abe4ab6bb8e810a4671,437_62330_122209,stopsign,stopsign,0.9985309839248657,True,1.400192388700816e-07,2.727221328768792e-07,0.00038176708039827645,1.257599677728649e-07,2.9330177175879157e-10,4.213289344079385e-07,6.620489756414827e-08,2.3474952537405613e-10,0.00048340996727347374,3.592497159843333e-05,2.1328515842355955e-08,4.2089114415944096e-09,0.00021589647803921252,2.9890645691921236e-06,3.639634149621429e-09,1.51328151398733e-11,1.2457691809686366e-05,0.0003323896962683648,1.612620962987421e-06,0.9985309839248657,6.068446367635261e-08,5.1000492024000366e-11,8.891358049822884e-08,7.510875121852223e-08,3.0531489869645156e-07,9.354920962323376e-07
window-c1da6427c33c96668325,437_62330_122209,stopsign,stopsign,0.9998483657836914,True,2.2269525112861288e-10,1.9785309390840666e-08,4.266771429684013e-05,8.866214074032541e-08,1.117774539594052e-09,3.075219012771413e-07,1.6513778122728695e-09,3.935436774637341e-13,8.358643390238285e-05,6.676593784504803e-06,1.1519848186480885e-07,1.3882686666910615e-11,1.2081866884727788e-07,1.842030883381085e-07,2.9244697330454983e-08,2.6911904996151925e-11,1.0409439710201696e-07,3.5319935420830006e-08,1.131774896023785e-09,0.9998483657836914,7.271156875383877e-13,1.0583713593026456e-11,2.192809489542924e-08,5.094051047649373e-08,1.351528045034911e-08,1.7603068044991232e-05
window-2d328df07584d6fd174e,437_62330_122209,stopsign,stopsign,0.9999903440475464,True,4.655941854281309e-09,4.885163775725232e-07,3.71654813591249e-08,1.1347680128892534e-08,1.3591590353190242e-10,1.6769288890827738e-07,9.045907772842199e-11,1.7027913503048567e-14,4.912602094009344e-07,3.160546668823372e-08,4.157436339635723e-10,4.3047974906951225e-11,7.447830739693018e-06,1.2359144818674395e-07,4.896093079576058e-12,5.544287251524338e-12,1.695207174634561e-08,8.380120561923832e-07,7.142153621991776e-12,0.9999903440475464,2.0396837430852743e-12,1.9809093669315332e-14,9.172172354965369e-09,1.647604541687997e-08,2.539361165787568e-09,7.89696414926766e-08
window-3a832983939c9178253b,443_63537_125922,stopsign,stopsign,0.9676910638809204,True,8.938085898080317e-07,4.5261594472378874e-09,1.7605625544092618e-05,3.1999985594666214e-07,2.5889885790775224e-08,2.0864421301780567e-08,7.027753379240664e-12,8.70457941837266e-11,5.574026999966009e-06,5.489556770044146e-06,4.836530933971517e-06,6.815687337430321e-13,0.032002370804548264,2.3791689329755172e-07,2.1433295416262155e-10,5.81166148191925e-12,0.0002710040716920048,4.222906397899351e-07,6.165837285188047e-10,0.9676910638809204,7.611212993197114e-09,4.1944767971424657e-13,1.2183103137441975e-10,1.192143184169936e-08,5.014552328930222e-09,1.0251421933560323e-09
window-c438711336b61359c841,443_63537_125922,stopsign,stopsign,0.9584006667137146,True,1.0358161489421036e-05,1.167556806791481e-08,6.318772648228332e-05,1.859866571862767e-08,3.0473343848314016e-09,1.1456563697720412e-07,1.2635939170002608e-11,1.4983806195800753e-08,8.630270713183563e-06,5.778447871307435e-07,1.53168244310109e-07,1.0093584301706926e-10,0.04000334441661835,9.233140758624359e-07,4.3000519811542404e-10,1.2823188344501801e-10,0.0006800756091251969,0.0008276791195385158,4.727982449992396e-10,0.9584006667137146,7.62519047903254e-10,1.4141859341551544e-12,3.515202351422886e-09,4.788448393355793e-08,3.8772818289345423e-10,4.193629138171673e-06
window-b5cd36caccfd8259eb16,443_63537_125922,stopsign,stopsign,0.9267361164093018,True,3.0937735573388636e-05,9.885663132536138e-08,0.00013226772716734558,5.626054189633578e-05,6.210381098270545e-09,1.3374695981838158e-06,4.547940149479679e-12,5.911170433137158e-07,2.4407148885075003e-05,1.0968813512590714e-05,1.5888207371972385e-06,4.4507844632057925e-10,0.06724422425031662,5.176107879378833e-05,1.6680935521762308e-09,4.3987826714442235e-09,0.005374709609895945,0.0003252046590205282,3.7267259500595173e-08,0.9267361164093018,4.1579509280076365e-10,1.3896239714483727e-10,1.6188656104532129e-07,5.811656365040108e-07,1.1267184163443744e-07,8.57384566188557e-06
window-41d62797d87428bd4c29,443_63537_125922,stopsign,stopsign,0.5696821808815002,True,3.063372423639521e-05,6.836428667611472e-08,4.208977406960912e-05,6.627490733990271e-08,2.856951368812588e-07,1.8184931604992016e-07,7.149983296400597e-12,9.050205029836889e-09,8.850604444887722e-07,2.6734389848570572e-06,1.3226791452325415e-05,6.749999864608114e-12,0.42992764711380005,4.643439297069563e-06,7.195163909123892e-10,1.0217571927428892e-10,0.000270346732577309,1.988013173104264e-05,1.0895958268974937e-07,0.5696821808815002,3.052591790453363e-10,2.2576873096730177e-12,6.474212455032102e-08,4.886940587311983e-06,6.972179084074881e-11,9.933219757840561e-08
window-e27c73856d1c498d005f,587_87885_173344,stopsign,kite,0.4910168945789337,False,2.9538503440562636e-05,0.006755339913070202,0.23743727803230286,0.0002502046700101346,3.080544672684482e-07,3.1259543902706355e-05,0.0021151902619749308,0.0001907513797050342,0.0003180938074365258,0.011162920854985714,0.026565616950392723,5.335286914487369e-07,5.075814442534465e-06,0.4910168945789337,0.0037069907411932945,0.0007506011752411723,3.847552831892642e-11,4.212321982777212e-06,2.5512614229228348e-05,0.0024574934504926205,1.4537661627400666e-05,4.661624643631512e-06,0.21317143738269806,0.003945297561585903,7.075563189573586e-06,3.324256249470636e-05
window-ce6c903e5a8b3487fd91,587_87885_173344,stopsign,baseballbat,0.9776571393013,False,1.9802257156698033e-05,0.00011858816287713125,0.9776571393013,7.380410534096882e-05,9.172188009110016e-10,0.0001245446183020249,2.9079629371153715e-07,0.0002985493920277804,2.858559128071647e-06,0.003736319253221154,0.0038101966492831707,6.034550636968561e-10,8.64830053615151e-06,0.011251111514866352,4.888379976364376e-07,1.859021608652256e-06,4.922865934342546e-12,1.930166945385281e-05,3.610600106185302e-05,0.0024179979227483273,4.4064119464337637e-08,1.7335260338313674e-08,5.945321754552424e-05,0.0003340342082083225,3.609239643265205e-11,2.8752685466315597e-05
window-54b9272283b0be56adf3,587_87885_173344,stopsign,baseballbat,0.9615898728370667,False,6.48931264279895e-09,1.8797796656144783e-05,0.9615898728370667,3.172619835822843e-05,1.497925694593505e-08,3.0982274523694286e-09,3.13464845191902e-08,3.6233112041372806e-05,4.122447876397928e-07,0.004832844715565443,0.003236112417653203,3.657411318247483e-10,4.9402260628994554e-06,0.009426088072359562,1.1534955774550326e-05,5.996522304485552e-06,2.671980414703512e-09,1.0174564124554308e-07,9.180160276400784e-08,0.00014081376139074564,1.5564520783328817e-09,4.898219607696319e-10,0.0008571402286179364,0.019796492531895638,3.23815529945648e-10,1.0780242519103922e-05
window-07562ddfcc9d85eb6c4a,619_100875_200297,stopsign,stopsign,0.9919970631599426,True,8.185886457567904e-08,3.0435931552830198e-09,0.00011338460899423808,0.00484054908156395,0.00021011712669860572,7.882578145768093e-09,5.969370704406174e-06,1.1909587760428053e-09,0.0003277380601502955,7.243525601552392e-07,2.367465822317172e-05,3.5010518928402234e-08,0.0016001799376681447,7.436855867126724e-06,0.0007900570635683835,7.261398309310607e-07,3.354555883561261e-05,5.9213125496171415e-06,2.808249064401025e-07,0.9919970631599426,4.773979981109733e-06,7.548347866759286e-07,8.590362085669767e-06,2.841167588485405e-05,8.050799138459297e-09,2.721762371038494e-09
window-6c9102e7ed7d4b8acb06,619_100875_200297,stopsign,stopsign,0.993033766746521,True,4.814152134713368e-07,9.852686133626776e-08,0.001114478101953864,0.002537652151659131,0.0002808178833220154,1.549727990379779e-08,2.1950168047624175e-06,1.5246507389932162e-09,0.0009399572154507041,4.994684331904864e-06,6.872024823678657e-05,1.6825644877371815e-07,0.0011388916755095124,6.669660069746897e-05,0.0005533950752578676,5.463354000312393e-07,1.0108012247656006e-05,1.4397509175978485e-06,8.977699650358772e-08,0.993033766746521,0.0002333817392354831,1.763700083756703e-06,4.295535745768575e-06,5.766813501395518e-06,2.561499741204898e-07,1.176528430235635e-09
window-5ecfd4dc71fd8b47d159,619_100875_200297,stopsign,stopsign,0.9991629123687744,True,2.698376135867875e-07,1.4381487112302693e-09,1.3734945241594687e-05,2.027438131335657e-05,3.173472578055225e-05,2.5231199352049316e-09,2.717187271628063e-06,1.0515169464320184e-11,0.00021525121701415628,2.557756488386076e-06,1.0605964234855492e-05,9.364095632236058e-08,0.00040766247548162937,1.2344286233201274e-06,3.8147642044350505e-05,3.9363229120681353e-07,8.084512955974787e-06,1.140660742748878e-06,1.5066042635680787e-08,0.9991629123687744,7.760159496683627e-05,2.7165353344571486e-07,4.653037194657372e-06,5.487291332428867e-07,1.645783065384876e-08,1.048698461403319e-08
window-7deb2becb9a3c9575e6b,619_100875_200297,stopsign,stopsign,0.9943976402282715,True,5.993184686303721e-07,1.1343602501767691e-08,6.57477939967066e-05,0.0006102159386500716,0.00046554344589821994,2.7981061023751863e-08,3.957422904932173e-06,3.029894390937926e-10,0.000149552317452617,4.053445991303306e-06,0.0003161415515933186,9.109839993470814e-08,0.001823563128709793,7.088183792802738e-06,0.001961224479600787,3.7083311781316297e-06,1.4341128007799853e-05,8.2827391452156e-06,3.000411368248024e-07,0.9943976402282715,0.00014367995026987046,6.213241704244865e-06,1.4557718714058865e-05,3.4687795960053336e-06,2.9438277593385465e-08,1.5438557099400896e-08
window-07b4a8cc15fc2cb61c74,619_100981_200584,stopsign,stopsign,0.618357241153717,True,0.0037314603105187416,0.00014271964028012007,0.0006694087060168386,5.290208719088696e-05,9.295693416788708e-06,0.00014814008318353444,0.00016039743786677718,0.0049640410579741,2.8087568352930248e-05,0.005800785031169653,0.00022825878113508224,9.926767852164176e-09,0.00039590109372511506,0.05424853786826134,2.972763013531221e-06,7.219726740004262e-06,2.7267779145745408e-09,0.0001320260635111481,0.04233330115675926,0.618357241153717,0.00046151087735779583,9.245877095054311e-07,0.0028540538623929024,0.2652474641799927,8.060371814444522e-10,2.32703605433926e-05
window-f46505043d59985b1980,619_100981_200584,stopsign,kite,0.49413037300109863,False,4.882619464297022e-08,5.026798135077115e-06,0.00016691305791027844,5.4771259527797156e-08,1.869336507809294e-08,3.7680191411482156e-08,7.971621973634768e-11,6.272532482398674e-05,1.1657733011816163e-05,0.017775822430849075,0.001588586950674653,3.996925200208147e-14,0.00011231406824663281,0.49413037300109863,4.928193675368675e-08,2.2495235896258237e-08,1.0954622808867498e-07,4.2511550191193237e-07,2.390078890357472e-08,0.48494911193847656,1.2919604159833398e-06,1.2682548344855604e-07,1.748623253661208e-05,0.0011778167681768537,3.33844518869697e-12,1.7607444391387617e-08
window-1f30e54066a6bab7d7fb,619_100981_200584,stopsign,stopsign,0.28809839487075806,True,0.015683816745877266,0.0007509362185373902,0.22719372808933258,6.498408311017556e-06,1.883048753370531e-05,0.0024723829701542854,1.900264408050134e-07,0.005203682463616133,5.562164005823433e-06,0.19035495817661285,0.020589878782629967,1.3142350055450613e-11,0.011160149239003658,0.20076334476470947,1.542978907309589e-06,1.0669210496416781e-05,3.0315432013594545e-06,0.00981910526752472,0.003798107150942087,0.28809839487075806,4.4561798858921975e-05,1.301050076563115e-07,0.00014551552885677665,0.0008082696585915983,2.5518973045812743e-10,0.023066643625497818
window-edce53f52679c6454387,619_100981_200584,stopsign,stopsign,0.9921633005142212,True,2.2486841544377967e-07,1.5841043250475195e-06,4.420786353875883e-06,5.994703400347134e-08,3.473843719348224e-07,2.822760905019095e-07,2.9838030712880936e-08,1.8446806279825978e-05,5.057699127064552e-06,0.00022806753986515105,0.00033196256845258176,5.1716565600302966e-14,3.519990059430711e-06,0.006712581962347031,5.700352900817052e-08,7.55269846663964e-10,3.921475144608166e-09,2.8567921617650427e-05,3.52324445884733e-06,0.9921633005142212,2.10411421619483e-08,1.7947453523348145e-09,6.387311373146076e-07,0.0004957963828928769,1.1271202307800484e-14,1.3889227830077289e-06
window-29fff7f472fbb35bf080,387_46702_92994,teddybear,teddybear,0.9925835132598877,True,7.901906064944342e-05,6.633520570176188e-06,0.0018604330252856016,0.0013463713694363832,1.5832721800279614e-08,1.9702024456336176e-09,1.3879409380024299e-05,0.0037505640648305416,1.759830593073275e-05,5.5478338367720426e-08,2.8472222766140476e-06,3.9402908441843465e-05,2.0864899141770366e-08,2.3592486186885253e-08,1.989222120357681e-09,1.0180650861002505e-05,2.3092571257987693e-11,3.316273068776354e-05,2.438466799503658e-05,2.3627777512302828e-09,0.9925835132598877,1.1488781638036016e-05,0.0002204199554398656,2.387158737349182e-08,4.356783267489561e-10,9.75138636505335e-10
window-57fc0de95641bd4abe94,387_46702_92994,teddybear,teddybear,0.89531010389328,True,1.6992695236695e-05,1.979037915589288e-05,0.0020417545456439257,4.342176180216484e-05,1.1203248959645862e-06,5.256701185452073e-10,0.00021061277948319912,0.0014731170376762748,0.001882854849100113,6.632348714674663e-08,3.87430070247774e-08,4.266222458682023e-05,1.623256025595765e-06,4.457575414562598e-06,1.1489079021487214e-08,0.00043699724483303726,3.519507602023353e-11,0.0005115726380608976,0.0004984489060007036,8.583318944488383e-09,0.89531010389328,7.691898645134643e-06,0.09704398363828659,0.0004525423573795706,5.0058606149150364e-09,7.459318163149931e-10
window-0d911d305a9f0721bfd8,387_46702_92994,teddybear,teddybear,0.7158260941505432,True,6.509228842332959e-05,0.00299586309120059,0.051198314875364304,0.0007114417967386544,0.00013220435357652605,1.9304864053992787e-06,0.0006832743529230356,0.005502867978066206,0.1395905613899231,0.00017709870007820427,0.00017390152788721025,0.01345812063664198,6.170032065710984e-06,1.2299735317355953e-05,0.00015624851221218705,0.0010806531645357609,1.3621791694617968e-08,0.00025835647829808295,0.0002344052045373246,2.4123659159158706e-07,0.7158260941505432,0.05962313711643219,0.0062858834862709045,0.0018244801321998239,4.1734608657861827e-07,8.204246455534303e-07
window-b5b58a93ea1bf04ec8fe,387_46702_92994,teddybear,teddybear,0.9736399054527283,True,3.6085017200093716e-05,2.6589870685711503e-05,0.002912838477641344,0.00018861237913370132,7.687774086662102e-06,5.1692083502530295e-08,0.0001410741824656725,0.00015438524133060127,0.008686287328600883,3.5972593082078674e-07,2.2497661120723933e-05,0.0017812838777899742,0.000980771379545331,1.3467908502207138e-05,8.308732503792271e-06,8.598775457357988e-05,7.732992526143789e-05,0.00025676394579932094,4.620494564733235e-06,6.797580454076524e-07,0.9736399054527283,0.010788398794829845,0.00018097310385201126,3.848290361929685e-06,1.2262056543477229e-06,9.811225609723806e-09
window-5c9274c16f9bc0ba8903,387_46713_93018,teddybear,teddybear,0.763215184211731,True,1.3693169421458151e-05,0.00013582936662714928,2.507902081561042e-06,0.00020392113947309554,0.0001749197399476543,7.629861187297138e-10,0.1492891162633896,4.574238118948415e-05,1.632101157156285e-05,0.0016739154234528542,2.547282633713621e-07,0.08023102581501007,2.2173364413902164e-05,0.0006958346930332482,1.8258367617818294e-07,6.31412774509954e-07,0.00044037896441295743,0.00017000008665490896,6.16386896581389e-05,2.551217448854004e-06,0.763215184211731,1.6666819647070952e-05,5.298386167851277e-05,0.0016204846324399114,0.0019139599753543735,2.3419838512950264e-08
window-aa9126f1d8664594ac2f,387_46713_93018,teddybear,teddybear,0.990402340888977,True,1.601178155397065e-06,8.472243280266412e-06,7.559647485777532e-08,6.082796971895732e-05,4.020546029437355e-08,2.248096728305754e-13,0.00407886179164052,4.925989287585253e-07,2.3584381381169806e-07,1.8586084138405568e-07,8.983404298223974e-11,0.005370894446969032,3.1423926429852145e-06,3.04461821087898e-07,4.4930048570535064e-10,3.7133649044562844e-08,2.9818170332873706e-07,6.291202589636669e-05,6.313578637673345e-07,5.380531020726664e-10,0.990402340888977,4.209372850283444e-09,2.9063420470265555e-07,2.0968242608887522e-07,8.148997949319892e-06,3.5267813669470627e-10
window-5489ad103235e6924652,387_46713_93018,teddybear,teddybear,0.9967139959335327,True,1.1507799513310601e-07,2.4914137952691817e-07,3.682444627006731e-10,2.728755532643845e-08,1.5111202289475045e-09,3.8678657715909837e-13,0.0029948705341666937,7.533716939178703e-08,1.205998323428048e-08,6.724854983986006e-07,3.6406242603925776e-11,0.00028252252377569675,5.529626037059643e-07,1.881663713731996e-09,1.0367420255619209e-09,6.195320645385749e-11,6.839483646103872e-09,4.292444373277249e-06,5.084137342237227e-07,1.2673786499439732e-11,0.9967139959335327,3.924306923863696e-08,4.087106830752418e-08,1.6592161955486517e-06,3.87508833910033e-07,1.7157798619382714e-12
window-fad3cd070aaa8f37fb53,387_46713_93018,teddybear,teddybear,0.9979501366615295,True,2.0332360239905256e-09,1.1764046092821445e-07,5.5940897747408513e-11,7.236350825223781e-07,8.389174771528118e-11,8.705342151890498e-15,0.0014343240763992071,3.67130859046938e-09,4.770185135782867e-09,1.2123709325351228e-07,2.1102583114100681e-13,0.0005941789131611586,1.9901931409549434e-06,5.3222901641447606e-08,1.9276037710458382e-10,4.458151903197205e-11,6.617972836409081e-09,1.3360727280087303e-05,1.0622695754136657e-06,2.8299819085364497e-11,0.9979501366615295,2.2763999574237914e-09,1.3326870202945429e-06,2.5214098968717735e-06,1.6070613284568935e-08,5.28361165583191e-12
window-eb8a788039472a1df587,442_63250_125013,teddybear,teddybear,0.9280428290367126,True,2.8719669871446474e-12,4.267776887445507e-07,2.0832146674365504e-08,1.7171590371845014e-08,4.7855831297738405e-08,6.88400616892515e-14,1.9227511529607e-06,1.7385819173210137e-10,6.031992825228372e-07,2.7040539946066033e-11,1.752417481959423e-11,0.07194224745035172,1.4066864117978639e-08,4.885299631496309e-07,1.4623905641997226e-08,5.360052957037453e-10,2.239280094684659e-09,2.8568038032972254e-06,1.6309407158132672e-09,2.4911708980390745e-12,0.9280428290367126,1.32350044168561e-06,1.1381084269457276e-10,1.58159892293952e-07,6.951510840735864e-06,1.6440895953678814e-13
window-a2fa0d554f47fe5d1d1f,442_63250_125013,teddybear,handbag,0.9963034391403198,False,8.431382675366805e-11,1.885584310912236e-06,1.3406858556663792e-07,2.9538441594922915e-06,9.747695095541076e-09,2.1303331321220753e-10,0.0018425435991957784,7.664227474890595e-09,3.438692033341795e-07,1.1961220902634295e-09,4.7681968595725266e-08,0.9963034391403198,2.712519915348821e-07,1.162077069238876e-06,4.880517323613276e-08,3.621664745878661e-09,1.1388996412620145e-08,3.3749198337318376e-05,3.8190016482531064e-08,4.699831634980001e-10,0.0018046031473204494,8.087248204446951e-08,2.4912212293060065e-09,7.288519441317476e-07,7.859074685256928e-06,7.761615350432294e-09
window-c7b764d0340dd49198bb,442_63250_125013,teddybear,teddybear,0.9971211552619934,True,1.001584408401486e-13,7.265289481139803e-10,7.024432147062498e-09,3.684527127845172e-09,1.8511933305709327e-11,2.497997834939662e-16,1.853358526204829e-06,3.722855357324306e-10,4.465460889946371e-09,1.5584419171821295e-11,4.051568802676542e-11,0.0028720891568809748,4.192786562384754e-08,4.550879495468507e-08,1.5820601773075538e-11,6.077457330791458e-13,2.6573347966518668e-09,2.420057114704832e-07,3.702943063288444e-09,2.9281949315371897e-14,0.9971211552619934,2.624392925199004e-09,1.765320667423964e-10,1.3943098053914582e-07,4.353484655439388e-06,2.088252497084355e-14
window-fd884d69327d7a97ca03,442_63250_125013,teddybear,teddybear,0.996301531791687,True,2.863678912057299e-12,8.989671869130689e-07,1.3360532125084035e-10,8.305408805142633e-09,3.421093616728932e-11,4.3266802934752244e-15,3.5306609788676724e-05,6.846804481881741e-13,1.4151541050111405e-09,1.0534228871150741e-11,1.836950513575686e-12,0.0036576564889401197,1.669728391107128e-07,4.268098408033438e-08,1.013496842006134e-09,3.3649385361433914e-12,1.5954157994713114e-09,4.287168451355683e-07,2.75749378886303e-09,4.883198446298254e-12,0.996301531791687,8.568945304432418e-07,8.581149679720568e-10,3.279513194343053e-08,3.1115762340050424e-06,1.0072778250597506e-13
window-45e315233efb2e6d45b0,463_65700_128783,teddybear,teddybear,0.6123561263084412,True,2.631423376442399e-05,7.894892041804269e-05,2.5672081392258406e-05,4.5849395746699884e-07,2.221555587311741e-05,4.3751530398594696e-08,4.773693217430264e-05,0.010171974077820778,5.8425982274457056e-08,1.0425247864986886e-07,3.4173826435335286e-08,0.31207191944122314,2.066328306682408e-05,4.0622211372465244e-07,4.2713719494713587e-07,5.038205927121453e-06,9.220063645898335e-08,3.5459041100693867e-05,0.06274011731147766,1.2057590481617808e-09,0.6123561263084412,6.461968737880852e-10,0.001541932113468647,0.0008520492119714618,2.16304852074245e-06,5.386531043427567e-08
window-9da0b4022af8d4259116,463_65700_128783,teddybear,teddybear,0.9983213543891907,True,2.644282631081296e-06,0.0004129952867515385,4.876163757217e-07,1.6717713151592761e-06,1.1073374253101065e-06,4.1007738871279287e-10,2.3788729208717996e-08,1.9805547708529048e-05,5.287662308006702e-09,6.473595703937463e-07,1.1501870744723419e-07,0.0003666043630801141,4.933294235343055e-07,1.2729473475303621e-08,3.0408173201657007e-10,2.8384899906086503e-06,7.772919730086869e-08,2.9374798486969667e-06,0.0006590774282813072,3.974475609735961e-11,0.9983213543891907,5.078230058686017e-10,0.00012167199020041153,7.128171273507178e-05,1.8471972680345061e-06,1.236727439390961e-05
window-9e24f7defc5ff751c6c4,463_65700_128783,teddybear,teddybear,0.9955973029136658,True,6.708121418341761e-07,0.00031114742159843445,0.0010931488359346986,1.5396386515931226e-05,1.3949587582828826e-06,1.7242638428172086e-09,5.858386202817201e-07,4.2981624574167654e-05,6.905029437120902e-08,3.4750630106827884e-07,4.6703479483767296e-07,0.0013809000374749303,0.00012161907943664119,1.9298231563880108e-05,6.810935149204056e-10,0.00033109693322330713,5.59199918370723e-07,6.843882147222757e-06,0.00035615405067801476,1.218332879027173e-09,0.9955973029136658,6.607721036999692e-10,8.779965719440952e-05,0.00025957010802812874,0.00037263627746142447,1.8343083496574764e-08
window-b08be3ddab6d50657f4d,463_65700_128783,teddybear,teddybear,0.9947958588600159,True,5.863800538463693e-07,1.1756996173062362e-05,3.5614777971204603e-06,1.4729667441315542e-07,4.588888623402454e-05,6.512292483051851e-09,5.087617864774074e-06,3.2917871521931374e-06,3.173145159962587e-07,2.284886704728706e-06,4.210677616356406e-06,0.0008242417243309319,2.8027034204569645e-05,6.021238050379907e-07,9.451360583057067e-09,3.76924340628193e-08,1.485680769519604e-07,0.00020397405023686588,0.0006354624056257308,6.190741252964926e-10,0.9947958588600159,1.9492779612662048e-10,0.0003283306723460555,0.0030976079870015383,5.387837518355809e-07,8.106160748866387e-06
window-3d90ae1c4c610fd2fb10,472_66886_131679,teddybear,hydrant,0.907821536064148,False,6.003750240779482e-05,7.616496304763132e-07,1.5929927599245275e-07,9.805358303083267e-08,4.54906330560334e-05,2.2357961315666586e-10,4.3065475097137096e-07,1.1738662806237699e-06,1.6230164590069762e-07,2.626649074954912e-05,3.4328552374063293e-06,0.0014452352188527584,0.907821536064148,7.4918980317306705e-06,2.3060640896854778e-10,5.626315669360338e-06,1.7075954872325383e-08,9.511491953162476e-05,0.0015427115140482783,4.6528633723674773e-10,0.01580077037215233,3.402919612760513e-10,0.07300002872943878,0.00014334188017528504,1.7902205939890337e-08,2.937060594732088e-10
window-6d400a7ff86188a113d4,472_66886_131679,teddybear,handbag,0.7696574330329895,False,1.5130055999179604e-06,1.634573550290952e-06,2.1466157704708166e-06,6.065013735678804e-07,3.220126245651045e-06,5.0185966493643264e-11,0.00014922885748092085,0.00010494856542209163,2.2534580423894113e-08,2.0403739142693667e-08,1.46113862342645e-07,0.7696574330329895,0.029388712719082832,2.5300276320194826e-05,1.1211322148430014e-10,2.5915906007867306e-06,6.265939767047257e-09,1.5969220612532808e-06,0.0008824607357382774,5.112925707817517e-11,0.16987010836601257,1.9843833243271547e-09,0.02862737514078617,0.0012809504987671971,1.61498032724694e-08,2.0180686548937343e-12
window-5b6c0fa9aef015fd3392,472_66886_131679,teddybear,handbag,0.9363219141960144,False,5.488947863341309e-06,1.11777092115517e-06,5.007827326153347e-07,2.836820567608811e-05,5.1534083468141034e-05,1.8265109910653443e-11,0.0018579820170998573,0.00021278325584717095,3.53778872863586e-08,1.3393942310813145e-07,2.635187286159635e-07,0.9363219141960144,0.026871342211961746,3.2347677915822715e-05,9.8754747435148e-11,3.687916250783019e-05,6.842427513475968e-09,1.7482369685239973e-06,0.0026288549415767193,8.544058793802378e-09,0.00804592203348875,5.626348098530798e-08,0.02324909158051014,0.0006536358268931508,5.384614709669222e-08,1.8464758801822745e-12
window-4a13ec1f76fff55695a2,472_66886_131679,teddybear,handbag,0.2260168194770813,False,0.00945555604994297,1.2648695701500401e-05,1.606915429874789e-05,3.317297341709491e-06,0.0004245585878379643,8.794606820572426e-09,0.06929918378591537,0.003473321907222271,6.457099299694846e-10,8.277827419078676e-07,0.000104387232568115,0.2260168194770813,0.2137548327445984,0.00011483384878374636,1.262671633917023e-10,0.041438519954681396,3.1693065238869167e-07,4.553678081720136e-06,0.18142421543598175,1.2427532780634465e-08,0.10021241754293442,4.36075470133801e-06,0.15413863956928253,0.00010052157449536026,5.960302473795309e-08,5.963107785333932e-11
window-3f8d05751bf64dcdfcd9,514_73815_143655,teddybear,teddybear,0.9961974620819092,True,1.7634003768307593e-07,0.001208369038067758,4.166624876233982e-07,8.559752586734248e-07,6.618303814320825e-06,1.1997869364677172e-10,4.512774921749951e-06,1.3922599464422092e-05,1.8615285171108553e-06,2.3144174576827936e-08,7.23031021720999e-08,0.0023724068887531757,3.2070983024823363e-07,5.807075012853602e-06,2.669227114893147e-07,2.2646343040833017e-06,6.537499075420783e-08,1.1763147085730452e-05,0.0001097364875022322,1.3002925847160896e-08,0.9961974620819092,2.7436800054125854e-10,2.2878322852193378e-05,3.1501870125794085e-06,3.405730603844859e-05,3.1052752547111595e-06
window-240eacd8187a04d4dad2,514_73815_143655,teddybear,teddybear,0.7447095513343811,True,3.094476414844394e-05,0.10291414707899094,3.1493955248151906e-06,3.73513248632662e-05,0.07914768904447556,4.962968205290963e-07,6.040637890691869e-05,0.002761061070486903,0.000491394370328635,1.7188649508170784e-05,0.00010772874520625919,0.03768206015229225,3.364238000358455e-05,9.225888061337173e-05,0.00011375342000974342,0.0006502611213363707,6.640377705480205e-06,0.022504273802042007,0.006336629390716553,1.573673216626048e-06,0.7447095513343811,4.502105355186359e-09,0.00043561210623010993,0.00134310033172369,0.00011884205014212057,0.0004002721107099205
window-7c228eae7c3eb693e55b,514_73815_143655,teddybear,teddybear,0.9992480874061584,True,5.2134524253233394e-08,0.00013654532085638493,1.9508102866439003e-07,4.634811716641707e-07,9.03414093045285e-06,2.5128045477718075e-11,1.0436618680387255e-07,1.860182783275377e-05,1.4209158294420376e-09,1.0321453691730653e-09,1.5474523024749942e-05,0.0002465273719280958,1.429400331431907e-08,3.96424911741633e-06,4.647095863674622e-08,2.693863507374772e-06,3.7629956040063917e-08,8.225933356698079e-07,0.00031411906820721924,4.1824137902990444e-11,0.9992480874061584,4.832350340190639e-13,8.389478693970887e-07,5.259262820800359e-07,5.840627181896707e-08,1.7903631714943913e-06
window-0d3bbe9490e130efc4ad,514_73815_143655,teddybear,teddybear,0.9869733452796936,True,1.574101027301822e-08,1.0593782462819945e-05,2.9639407372883397e-08,2.523542086407815e-08,2.7871572001458844e-06,2.969198498181669e-11,4.7730159167258535e-06,2.5028284653672017e-05,3.053848729450692e-07,1.9119756125562937e-11,3.3448386282941556e-09,0.012936911545693874,1.0107240200341039e-07,1.6729538856452564e-06,1.5778404360844434e-08,2.2011606759519964e-08,1.1659590626322824e-08,1.2320010682742577e-06,3.395245221327059e-05,1.0198945021855366e-09,0.9869733452796936,5.5937693713148384e-12,4.945760565533419e-07,8.575359970564023e-06,6.728470225425554e-08,6.265558738505206e-09
window-f0cc151613732c7794a6,529_76909_148725,teddybear,teddybear,0.999988317489624,True,1.0105972023666254e-06,7.01008332271158e-07,2.200990258105495e-12,3.958381886159934e-11,7.293830795417067e-13,3.2898376812464866e-14,3.405448524063104e-06,9.392422820400648e-13,1.2652775183141785e-07,8.085035574367794e-08,1.8044874622313856e-11,1.9437581499914813e-07,1.5723449564575276e-07,2.7928612113953255e-12,6.297303824231992e-12,5.228558475067757e-09,5.772938652451581e-15,9.331516253041627e-07,4.961330457575741e-09,1.0021282848687862e-12,0.999988317489624,4.1363806824179505e-10,9.409827157469408e-07,4.0531358536100015e-06,3.3279747013725824e-11,1.3458240598340776e-11
window-49723db7e80528af77dc,529_76909_148725,teddybear,teddybear,0.9463780522346497,True,0.00025200354866683483,0.0031409855000674725,9.963165439330623e-07,8.799244824331254e-06,3.6987384266495837e-09,5.25514021187945e-10,0.0002595036057755351,4.7111697654145246e-07,0.0005469630705192685,0.0005282475613057613,6.308981710390071e-07,0.00019818164582829922,0.0004946086555719376,7.273048385769698e-09,2.482607328602171e-07,1.0933910743915476e-05,1.6708998629155758e-08,0.04213337600231171,5.737790047533053e-07,1.5101757344648803e-10,0.9463780522346497,6.474097631326003e-07,0.00038572412449866533,0.005646437872201204,1.446850433239888e-06,1.1180515684827697e-05
window-b02ef93dd4915fcb10ec,529_76909_148725,teddybear,teddybear,0.9578258395195007,True,2.1543464754358865e-05,0.0006309667369350791,2.0411798686836846e-06,1.2627267096831929e-05,9.533636990965988e-09,3.081864763387898e-09,0.0011504030553624034,1.7509067617993423e-07,0.0015764227136969566,0.00042369504808448255,1.301167031897421e-07,0.0005762689397670329,0.00024962928728200495,6.589113468180585e-07,5.254689313005656e-06,1.199348844238557e-05,2.2367768082176553e-08,0.019029248505830765,6.04487809141574e-07,9.492775454589264e-09,0.9578258395195007,1.942471044458216e-06,0.004313016310334206,0.014048674143850803,2.1813550119986758e-05,9.706822311272845e-05
window-795877036249d09ef239,529_76909_148725,teddybear,teddybear,0.998992383480072,True,4.92904121074389e-07,4.734813217055489e-07,6.1072310403309515e-12,4.344852533311183e-10,4.833666561628036e-13,1.7976618186654053e-13,7.080768409650773e-05,6.551469089455253e-11,7.331646543207171e-07,4.1089820115303155e-06,1.4487510149874261e-11,8.63623270674907e-08,1.9268038613518e-06,6.154907746663829e-12,2.3624627254470454e-10,1.4724184538295049e-08,1.925496437640839e-13,1.081454047380248e-05,1.006702543548954e-08,1.521607546992737e-13,0.998992383480072,2.5097587896816265e-10,1.0602920156088658e-05,0.000907529320102185,9.683624735412621e-11,1.168010271834774e-10
window-81fb8346cd086ff49d3f,534_77577_150665,teddybear,book,0.43335506319999695,False,5.7598586863605306e-05,0.0001857556781033054,5.8289460866944864e-06,6.858833512524143e-05,0.43335506319999695,7.864898634579731e-07,7.637445378350094e-05,0.0001521819067420438,1.0317014130123425e-05,0.000252246594754979,0.0014711001422256231,0.0060737160965800285,0.000670243869535625,1.6814770731343742e-07,6.779161594749894e-06,7.569783338112757e-05,3.5190444691579614e-07,1.6132882763031375e-07,0.0492858849465847,1.2468927934605745e-07,0.11780786514282227,3.3719411707267e-09,0.011047176085412502,0.37939566373825073,3.513189597015298e-07,2.3352031419676678e-09
window-03fb8d85cbb1c38429de,534_77577_150665,teddybear,teddybear,0.7561651468276978,True,0.013840761967003345,0.011800834909081459,3.540326133588678e-06,0.00029607515898533165,0.03938073664903641,5.358820544643095e-06,0.00018332741456106305,0.00011566704779397696,3.506984285195358e-06,6.123190541984513e-05,0.0003128357930108905,0.0013286782195791602,0.06209684535861015,6.113026529419585e-07,3.810887108102179e-07,0.0001245207095053047,3.6531123441818636e-06,7.986294804140925e-06,0.02583736926317215,5.453890139506257e-07,0.7561651468276978,8.141106677683752e-10,0.0003361025301273912,0.08809242397546768,1.8776332808556617e-06,1.5492432225983066e-08
window-916b059b988923448200,534_77577_150665,teddybear,teddybear,0.9957262277603149,True,2.8747197688971937e-07,2.2039992018108023e-06,5.3086428124515805e-06,1.6883021771718631e-06,3.5591274354374036e-05,1.6410421466162006e-08,7.471407570847077e-06,1.4333279807487997e-07,2.5894806299220363e-07,5.998948449104091e-09,2.0230434074619552e-06,0.004145103972405195,7.994213774509262e-06,2.0597811456468662e-08,2.824719302907397e-08,1.5560721067231498e-07,2.425493903501774e-07,3.961559400522674e-07,3.889618528774008e-05,1.6586161333265181e-09,0.9957262277603149,3.127421654980367e-10,2.2305002858047374e-06,1.63610511663137e-05,7.413017556245904e-06,1.8683309066513942e-10
window-df0c1b2b86a991853d6c,534_77577_150665,teddybear,teddybear,0.7060698866844177,True,5.070551651442656e-06,0.0001026160316541791,3.596478336476139e-06,3.1877077617536997e-06,0.009310629218816757,3.6210082043908187e-07,1.6334259271388873e-05,2.900465233324212e-06,8.032248297240585e-05,8.583424460084643e-08,1.4435602224693866e-06,0.26420074701309204,0.00012640671047847718,9.342715543425584e-07,1.4039757161299349e-06,6.680883871013066e-06,7.483673130082025e-07,7.790817448949383e-07,0.0177529938519001,2.3392958610202186e-06,0.7060698866844177,1.1437800040425827e-08,0.0006207861588336527,0.0016800290904939175,9.729402336233761e-06,7.442143429292614e-11
window-9c417b7bf214982c3ce5,616_99423_199584,teddybear,teddybear,0.8259736895561218,True,0.0030943157617002726,0.15993157029151917,4.539723704510834e-06,3.7258441807352938e-06,1.275901922781486e-06,1.5360496208316476e-09,3.0065133614698425e-05,0.00021622983331326395,1.7251236386073288e-06,1.3549458799388958e-06,7.542525418102741e-05,3.707527866936289e-05,1.9706405510078184e-05,1.0663870142479936e-07,1.0771647112051141e-06,0.0003708647273015231,2.0339973616501084e-06,3.128111757177976e-06,0.00994575209915638,5.369816946654282e-08,0.8259736895561218,0.00027035459061153233,1.243224915015162e-06,1.91623098544369e-06,1.2761764992319513e-05,1.1584249531848556e-10
window-356a4849952325e63d3a,616_99423_199584,teddybear,teddybear,0.9975288510322571,True,0.00021891086362302303,0.0012328653829172254,1.3607416304850517e-09,2.4784849728121117e-08,7.832279180775004e-08,2.0126460498204324e-09,0.0008556267712265253,1.4365761558110535e-07,2.0655744492614758e-07,1.589535349921789e-05,1.0173626918685841e-07,4.238922701915726e-05,4.3859773768417654e-07,2.4104351847853422e-09,8.747272239872927e-09,9.75814415937748e-08,3.286065464180865e-08,8.793719530331146e-07,9.84018188319169e-05,1.3589314118434004e-09,0.9975288510322571,3.3393610010534758e-06,4.597490885771549e-07,8.720153488184224e-09,1.1461213489383226e-06,2.7300409155550653e-10
window-9ef8a5d1258bffe2a5a8,616_99423_199584,teddybear,teddybear,0.995468020439148,True,0.0009126415243372321,0.0003664757532533258,1.5087101568056482e-09,8.08502687021928e-09,1.923371684142694e-09,3.294157169264622e-09,8.861033165885601e-06,8.133488904604746e-08,4.619560343144258e-07,1.1828509514089092e-06,8.283603847303311e-07,5.351927029551007e-06,1.3175850881452789e-06,3.169832174521048e-10,9.299628289660689e-10,3.8204021279852896e-08,1.75709158334314e-09,1.3791813024965904e-08,0.00323358247987926,1.5438991196603524e-09,0.995468020439148,7.332710083574057e-07,9.031812453486054e-08,1.3631387130175199e-09,2.966309864405048e-07,2.978062674935389e-12
window-a07db3b766d399b7676e,616_99423_199584,teddybear,teddybear,0.9999231100082397,True,4.840234396397136e-05,5.298207383930276e-07,2.4822299771187772e-09,1.4705540951620577e-10,1.800712634558721e-10,5.217948902819236e-12,1.6595771739957854e-05,8.779078797260809e-09,7.105850352573384e-10,4.6051841451344444e-08,4.390918739716199e-09,1.3594923586879304e-07,7.082189767970704e-07,1.5004422704301135e-10,5.0397585410477674e-12,5.5495932294036265e-09,9.61993817938378e-10,2.924615749577697e-08,9.953888365998864e-06,1.1674672339978542e-10,0.9999231100082397,3.1942300893206266e-07,1.5404067710278468e-07,1.4229880607175005e-09,1.0031468988813685e-09,2.42911038506044e-11
window-eef52b2b8e15a36ba055,622_102226_205337,teddybear,cup,0.7327256798744202,False,0.0027724269311875105,0.03832221031188965,7.134295447031036e-05,0.004315020516514778,0.0003285945567768067,1.4025018924002097e-09,0.00020138898980803788,3.084423588006757e-05,1.1071546168750501e-07,0.7327256798744202,0.0023480684030801058,7.873850336181931e-07,1.3443554962577764e-05,0.0009951036190614104,0.0005431746831163764,0.20880021154880524,0.0002412555186310783,0.00012595500447787344,0.00040175425237976015,1.497679491535564e-08,0.00023546711599919945,7.728093720515972e-08,0.0003254145849496126,6.075134297134355e-05,0.007138991728425026,1.9639182937680744e-06
window-e3e8b1f9835a3d6bc78b,622_102226_205337,teddybear,ball,0.49436286091804504,False,0.002150806365534663,0.49436286091804504,0.0007702682050876319,0.18625815212726593,3.045375706278719e-05,2.5148594318125106e-09,1.7583897715667263e-05,0.03317982330918312,2.345634584344225e-07,0.23477166891098022,0.019889874383807182,8.067488010965462e-08,9.427564509678632e-05,1.4725927940162364e-05,4.026230453746393e-05,0.018708856776356697,0.0010931615252047777,3.819246921921149e-05,0.0001402307243552059,2.1256994775509241e-10,5.5889293435029685e-05,1.5983698631316656e-07,0.0029770664405077696,0.005401618778705597,2.6543866624706425e-06,1.135428988163767e-06
window-79741da3fe89bcac66b0,622_102226_205337,teddybear,carrot,0.20060400664806366,False,0.18565812706947327,0.05763085559010506,0.00035913119791075587,0.17539118230342865,0.00011917201481992379,1.3624850225824048e-07,0.0050842114724218845,0.20060400664806366,7.366715180978645e-06,0.08252458274364471,9.009191853692755e-05,0.00010381855099694803,5.9051333664683625e-05,6.215918256202713e-05,0.0001516333722975105,0.06259417533874512,0.009737920016050339,0.04608724266290665,0.04314932972192764,1.762583690112507e-10,0.019819846376776695,1.1843390979038304e-07,0.10104706138372421,0.006007795222103596,0.00369970197789371,1.12936313598766e-05
window-0170c538150d065b3dcc,622_102226_205337,teddybear,mouse,0.5612627267837524,False,0.0015087175415828824,0.013841025531291962,2.778989619400818e-05,0.0007826075307093561,0.00022038583119865507,2.351205452555405e-09,0.0252233874052763,2.5039462343556806e-05,2.0911229512421414e-06,0.046608034521341324,0.0002811830781865865,4.1005874663824216e-05,0.0004459952178876847,1.4031051023266627e-06,9.489955846220255e-05,0.5612627267837524,0.0002001687535084784,0.01645391806960106,0.0002600261359475553,2.4350288452268387e-09,0.26429980993270874,9.708130619401345e-07,0.0013706004247069359,0.06697764247655869,7.050460408208892e-05,1.0401510763813349e-07
window-aa390eb8fddc12f15c3d,124_14451_29937,toilet,toilet,0.9999994039535522,True,3.3005158259188496e-17,1.9930018746450173e-10,5.492908883297787e-08,4.02267177901372e-11,6.867447691245865e-13,8.229942949355973e-09,1.4244005149537814e-16,3.4475031737915624e-17,3.106340500380611e-07,3.677004301039233e-08,1.0509732106811498e-07,1.152220246297686e-11,9.707429998728756e-11,5.604146839513838e-14,1.0253984328301158e-07,1.3414156070645777e-11,5.017710205668102e-11,6.148589276611105e-11,8.555349218777528e-14,2.7477846217718437e-15,2.2346059225242243e-08,0.9999994039535522,4.237809376420737e-13,1.1206829735044277e-12,2.166944792006409e-12,1.9500104520486436e-15
window-47122011417fad5b16fa,124_14451_29937,toilet,toilet,0.9999932050704956,True,6.453113891211987e-17,3.198291631534289e-09,9.0626471660471e-08,9.208879492295097e-11,2.7620761580693376e-11,4.0850864913011264e-09,7.962034000620762e-16,3.149306548199666e-17,1.890859039122006e-06,3.731560482833629e-08,6.2557434787891e-09,2.5490931587768273e-09,6.861275436698122e-10,2.713470724155509e-12,4.4084076762374025e-06,6.187078627206688e-11,1.7459973022937447e-08,6.010256875521591e-11,2.8478220758139383e-13,1.6570212473736128e-14,3.8827204207336763e-07,0.9999932050704956,8.004071038771043e-13,3.199601972259103e-10,5.554106827232452e-11,3.971286868147475e-15
window-27b6a1b3e821b0724e70,124_14451_29937,toilet,toilet,0.9999949932098389,True,5.9873369668846555e-19,5.061541741291364e-10,2.583650768883672e-07,2.8446625055522645e-09,3.367166571607849e-12,2.3909577095970747e-10,4.9659593521740944e-15,2.7842150323772184e-16,7.304270610575259e-08,3.5221942029650677e-10,2.2233679786154426e-08,4.628501401593432e-11,9.731161189352466e-13,5.0724327488966756e-14,4.706313575297827e-06,1.5554089049726882e-12,1.8458188536657483e-12,1.7855850261913608e-13,8.966158842943148e-15,3.042921129083547e-16,1.1084132917060785e-10,0.9999949932098389,1.933021207293703e-13,2.5551068205675875e-11,1.891274897108941e-12,3.79251160460906e-17
window-98e07052cbe93982ce45,124_14451_29937,toilet,toilet,0.9999947547912598,True,5.540047777402068e-17,4.9503453419807997e-11,3.5042116763861486e-08,6.429312637834528e-10,1.489251430508709e-12,3.62661671526876e-11,1.436408500823938e-13,5.224022762631694e-18,2.75537189509123e-07,4.2695671997883267e-10,2.8009066177503428e-09,8.976737131405343e-10,1.3744234916845954e-10,1.8318200146853758e-13,4.935612651024712e-06,2.823441133670279e-12,1.5375646589266267e-10,2.5720781407501114e-11,4.835967916264408e-14,3.0986476405592267e-13,5.13702858029319e-08,0.9999947547912598,2.2626991697406035e-13,1.6644423339595704e-10,7.675303968779357e-12,7.835224168691729e-17
window-a81258d44c6dd240c358,423_58823_113344,toilet,toilet,0.9999799728393555,True,3.8234553725334844e-16,1.0776276399004914e-10,2.989271479236777e-06,7.786220379557562e-08,3.433456297052828e-11,1.1010350409179637e-09,8.232058697904554e-13,2.432786197698652e-15,5.0717822830392834e-08,2.3327726417221584e-09,1.9236721104931576e-09,5.472699626807298e-09,1.5586865131922423e-10,4.208870461896476e-14,1.6866550140548497e-05,6.876106350972577e-10,1.1231419440316248e-11,7.67698404846584e-10,2.5762698181372445e-13,4.778282804152045e-13,5.186122087330602e-10,0.9999799728393555,3.1340662703938094e-11,6.219994475031854e-08,9.17572094694119e-12,3.7700181518274256e-13
window-33a53c95af0857a7db8f,423_58823_113344,toilet,toilet,0.9999130964279175,True,3.7158960482895865e-21,7.520766995283701e-12,2.3469624466088135e-07,1.1761324136827511e-09,2.448910486289174e-13,1.1801087017315748e-11,1.6744435292525076e-15,1.8210019293836912e-19,1.2860165270467405e-06,2.2395361121141377e-09,3.697681050240931e-11,1.1084741631528505e-11,1.7232077581270239e-13,1.678082721607091e-14,8.539318514522165e-05,1.5957818833706172e-12,7.352983673325486e-12,5.761532201851993e-13,1.1428462173472476e-17,9.745919586493564e-15,1.2064954070523104e-12,0.9999130964279175,6.839868129076675e-15,9.38675137618361e-10,8.500911780062737e-12,3.7331537194222955e-16
window-5010b5774ee2daf41c3a,423_58823_113344,toilet,toilet,0.9999946355819702,True,1.6457117593321063e-19,2.99637875275649e-12,5.695687921303261e-09,6.413407999117382e-12,9.621703051811668e-15,3.9530745343796525e-10,2.9296887588429674e-15,3.0235212378789104e-20,4.968969236074372e-08,3.4735109233352546e-10,4.739138248499586e-11,1.827290353534003e-13,2.017512032274644e-14,9.357022752319016e-17,5.335585228749551e-06,1.175769637901114e-11,2.2249777432807594e-13,3.69322281090767e-12,5.167675219304582e-17,2.3006448227622447e-15,6.797253189992636e-13,0.9999946355819702,3.375849811282014e-14,2.282378713108768e-12,2.6115134360571446e-13,1.1754622433765116e-15
window-14f91cda735cbe6a7f90,423_58823_113344,toilet,toilet,0.9999960660934448,True,4.2812777935993455e-20,1.4094321413096744e-12,1.913552871712909e-08,1.5659281163427075e-11,1.5112968520950357e-14,2.0490373842108056e-09,2.1275060706205107e-13,2.781770595276899e-20,1.2667151167988777e-06,3.6311587070514406e-09,9.910415370295578e-12,1.085280736806693e-11,1.011559434306586e-12,4.23872624511691e-16,2.6224054181511747e-06,4.322183819074725e-14,2.1389446203806672e-12,2.6046973466975487e-09,2.210384488977014e-16,1.9275575144410634e-15,2.0084273133491592e-10,0.9999960660934448,5.4027759371390316e-14,4.185151357416483e-12,7.45864741497071e-12,2.480429895157575e-15
window-735463d42f1d36d0b8d9,429_60377_117017,toilet,toilet,1.0,True,2.5081010803983192e-21,1.7361386308624438e-13,2.5542913270615308e-11,6.721886180403045e-15,8.538029242596793e-17,2.5099035697029315e-11,6.088040622993852e-18,1.8515723493346012e-23,3.289121752736435e-11,1.2680330743752855e-11,5.48223532542691e-12,1.184389097137845e-16,1.4003462086198577e-15,6.687450436435503e-18,5.086509879959067e-09,4.579102722002126e-12,2.670883810744716e-17,1.135736927545877e-14,1.0708336413169404e-19,1.4215074011305404e-17,3.7834617166651596e-14,1.0,2.877633237338711e-16,6.994403361072592e-15,3.3584342844908736e-16,7.275698106670302e-21
window-6bb7d897729e5874ff90,429_60377_117017,toilet,toilet,1.0,True,2.5396328579976068e-20,1.7896224432933927e-11,2.3132726637009604e-11,3.3853369326569682e-12,3.4820428612748777e-16,2.6951279749609647e-11,1.132654607738043e-17,3.0519164742267806e-20,2.2600661619964768e-10,4.236878556329593e-11,9.244180941558877e-13,1.1698941134790578e-16,1.0284902744457473e-14,2.8304983188222347e-19,1.4432902650796109e-09,2.2362217329610634e-13,9.867781634279889e-17,1.1127590412692359e-14,1.8245894117003337e-18,1.4606998906375506e-19,3.335195279132418e-14,1.0,4.2478444806787197e-14,5.754817195696704e-13,6.670507295948579e-18,2.3570724553706256e-18
window-d1b88caead14e69f10c6,429_60377_117017,toilet,toilet,1.0,True,1.244293201704015e-21,2.529261895138201e-14,3.743406279399508e-11,1.47155155899234e-13,1.2806787437905299e-16,2.6538536992970485e-12,7.166654776851254e-18,7.744109424341823e-22,1.3845956603475429e-09,1.2244711321274249e-11,1.694308538954803e-12,9.843617213662822e-15,1.009751788070114e-15,2.529431475378712e-21,7.103832105892494e-11,1.3071154944012398e-14,2.207746047520766e-17,1.978778655552715e-15,2.3174598098112268e-18,5.636252046607828e-19,4.5589410474803846e-14,1.0,1.801250899492038e-16,6.030998992414746e-16,1.0004791901835263e-18,1.8489970655778528e-22
window-06b2d0156a18cac33cf0,429_60377_117017,toilet,toilet,1.0,True,4.029703250312273e-21,1.5633013546872965e-12,6.176202604901704e-11,2.121344332833841e-12,1.195155230004582e-15,2.6261027315406527e-13,2.4967735414586345e-18,4.3873700079490935e-21,2.1579413811423365e-09,1.089276455493171e-12,3.000409382752922e-12,2.7776388909208846e-14,3.3907581205492817e-16,7.785976068407976e-19,1.4422245342426976e-10,8.491274632212165e-13,2.80008869450656e-16,3.3219292820465813e-16,3.2321361237412987e-19,5.173970270561263e-19,1.4843467709309277e-13,1.0,5.264609193332331e-15,2.743826860325798e-15,2.3955544939251747e-16,2.7859659519461914e-20
window-6495dc9a780f1d445af1,431_60914_118495,toilet,toilet,0.9887180328369141,True,7.979758187559582e-09,2.099234734487254e-06,0.004377380944788456,0.00029980012914165854,2.161409469181308e-07,5.102262548462022e-06,7.718755114183296e-06,4.983545243142373e-10,8.972277282737195e-05,0.0016852945555001497,3.468194620381837e-07,0.0018933283863589168,8.878434414327785e-07,5.0366693038483845e-09,8.940511406763108e-07,4.970893496647477e-05,8.457298577013717e-07,0.0017544231377542019,1.9127552874920184e-08,2.3755264422220534e-09,1.949361561059959e-08,0.9887180328369141,7.909079431556165e-05,0.00023925000277813524,0.0007940629147924483,1.7797328837332316e-06
window-19e6c19f6e6e7fd61d4e,431_60914_118495,toilet,toilet,0.29310423135757446,True,1.165017010862357e-06,0.0005657595465891063,0.030301235616207123,0.011103655211627483,0.00010513680899748579,6.472505901911063e-06,0.003708528820425272,1.520007208455354e-05,0.1265934854745865,0.115334652364254,0.0008772872388362885,0.00604991614818573,0.00017058319645002484,0.00018063878815155476,0.0008006671559996903,0.00020805558597203344,2.327658876311034e-06,0.2024332880973816,8.901291039364878e-06,4.6286939436868124e-07,0.000876998296007514,0.29310423135757446,0.006079559680074453,0.038651302456855774,0.1625702679157257,0.0002502508577890694
window-3fdd4070850d0268ce47,431_60914_118495,toilet,chair,0.9090219140052795,False,5.396487146036577e-10,0.0003206351539120078,0.0002485344302840531,0.01367054134607315,2.43824932466552e-10,1.1811239346570801e-05,4.1210313383999164e-08,9.3901864062218e-10,0.9090219140052795,6.700852827634662e-05,1.3431817933451384e-06,0.00010659240797394887,6.190559247443161e-07,8.424556163788566e-09,5.717360181733966e-05,6.455846079944649e-09,4.432717526370311e-10,0.003678287146613002,1.839060637109924e-08,6.182065970250505e-10,8.10675189200083e-08,0.0618865042924881,5.821810191264376e-06,6.206354328242014e-07,0.010922357439994812,1.2410316685418366e-07
window-d992e2866fb011e47e70,431_60914_118495,toilet,plant,0.3459528386592865,False,4.2512883169365523e-07,3.657270281109959e-05,0.00423819525167346,0.156783789396286,3.150092379655689e-05,2.8914328140672296e-06,1.3762088201474398e-05,1.513877911918371e-08,0.04699569568037987,0.017438039183616638,1.8732705939328298e-05,0.0011346942046657205,0.00040665105916559696,5.799874088552315e-06,0.006480206735432148,2.22707494685892e-05,2.88726241706172e-05,0.3459528386592865,8.953256838140078e-06,3.200371523348622e-08,2.8335382012301125e-05,0.09055468440055847,0.0008584973402321339,0.0021688540000468493,0.32677167654037476,1.803146551537793e-05
window-71ba524e0df5f45505d4,564_81534_160286,toilet,toilet,0.963435173034668,True,2.8681510291783674e-11,0.00012201909703435376,1.0380696039646864e-05,0.00010385622590547428,8.538003748981282e-05,2.1199835487095697e-07,2.3165898710431065e-07,1.6893134668904963e-09,0.0019700557459145784,8.344835578100174e-07,1.3125808436598163e-05,1.5269393770722672e-05,1.9966425668371812e-07,9.268154030905862e-07,0.034217700362205505,6.828269761172123e-06,3.866510311922866e-08,3.225836664455528e-08,5.238599669610267e-07,1.098614355043992e-08,1.6744210370234214e-05,0.963435173034668,2.501071492133633e-07,1.0650069981466004e-07,4.6827448585418097e-08,2.291633133255644e-10
window-a5d32c22a807c05ea5a3,564_81534_160286,toilet,toilet,0.995155930519104,True,2.4679057020193795e-08,0.00012140214676037431,0.00019919322221539915,0.0017720669275149703,0.0001389939134242013,5.34323862666497e-06,2.124319280483178e-06,6.285140585760018e-08,5.29780809301883e-05,8.759910997468978e-05,2.5379435101058334e-05,1.6258956748060882e-05,7.071973868733039e-06,4.794549113285029e-07,0.001607202459126711,0.0007789862575009465,6.2541744227928575e-06,2.4253512265204336e-07,7.805295467733231e-07,1.2473242883004332e-08,6.361963642120827e-06,0.995155930519104,1.2285996490390971e-05,2.5434983399463817e-06,1.287954347617415e-07,3.983947749475192e-07
window-93ba6f81e14b6e55e84d,564_81534_160286,toilet,bench,0.8713903427124023,False,2.499812410405866e-07,4.319251820561476e-05,0.00023789258557371795,0.8713903427124023,0.009797033853828907,3.688136348500848e-05,1.1626084415183868e-05,3.565627935131488e-07,0.0013466669479385018,6.0955491790082306e-05,0.026413561776280403,0.0003963772323913872,0.001100780675187707,0.0003392990038264543,0.08164910972118378,0.0001951323647517711,0.00015125441132113338,2.8963149816263467e-05,5.027969564252999e-06,2.9230827749415766e-06,0.00019800914742518216,0.006561021786183119,1.9159928399403725e-07,7.587480581605632e-07,2.8237876904313453e-05,4.160779553785687e-06
window-6523510c7ccf5f2c49ee,564_81534_160286,toilet,toilet,0.9954550266265869,True,5.139933617615e-12,8.755785074754385e-07,2.9387490485532908e-06,0.0033346808049827814,1.0578040019026957e-05,2.8568115340021905e-07,3.587109631553176e-08,3.7362535287854826e-09,9.122393385041505e-05,1.9605474790296284e-06,7.579773409815971e-06,1.8760583770927042e-05,1.238440745510161e-06,2.2939596888704727e-08,0.0010707962792366743,7.893195430597189e-08,5.982633979328966e-07,9.449878461964545e-07,2.5134787051683816e-07,6.960829246338562e-09,5.513989549399412e-07,0.9954550266265869,2.4019007582865015e-07,1.1469761602711515e-06,9.948782064839179e-08,4.818203613865535e-10
window-b45cd18c8ab01c2a9a0e,590_88813_174935,toilet,toilet,0.9999995231628418,True,7.907281846744936e-20,1.3694965300681261e-11,1.2407494476285308e-10,7.94548888488622e-12,2.2399173715912518e-13,3.63693630767159e-10,1.4117863414845927e-15,5.64909686905107e-20,4.5046900254419597e-07,1.1370716868075448e-10,1.230722884715263e-10,1.635026315727206e-11,1.5332529625274038e-13,4.260191510544256e-14,2.6725151869300134e-08,1.2847904164170476e-13,3.332171498565662e-15,2.4635052027835447e-13,1.1523841234560572e-13,6.085028365383901e-15,1.0462022359547518e-09,0.9999995231628418,3.4700345895311013e-12,3.6973306360987834e-11,3.0252991274236016e-14,9.802757958943831e-17
window-ba16854977f8c700c0ff,590_88813_174935,toilet,toilet,0.9999991655349731,True,3.890922699923762e-21,4.800719826010547e-13,2.4913362484113577e-09,1.7962312193198215e-11,2.8866947894556905e-13,1.0481907009030067e-10,2.3237908450789158e-15,1.396922972940005e-18,6.948683903829078e-07,3.65354144507557e-12,8.221142516751101e-12,1.4231566229302994e-12,1.7800020626294183e-13,1.1548100766389704e-14,1.0337835476548207e-07,3.7963837124952923e-14,3.641208292997841e-15,4.7957108119736636e-14,8.13611398847898e-15,3.2507741734333654e-15,1.2560091855462474e-10,0.9999991655349731,1.0114487372647751e-12,1.81331458095485e-12,2.848516575068051e-14,4.536098833382581e-18
window-a58e230934259a62d592,590_88813_174935,toilet,toilet,0.9999990463256836,True,6.3537040489784e-19,9.196031436342622e-11,2.2289710355227754e-10,7.294775027089084e-12,8.491553407695765e-14,4.516924057007543e-10,1.1912584125790913e-14,8.062690730773809e-18,8.400637625527452e-07,2.6937427982653972e-11,1.1150117287805905e-11,7.971802471612444e-13,3.4499642725949187e-12,8.272055470854125e-16,8.232126447182964e-08,7.126300959926779e-14,1.0755796947198109e-15,1.1436108136864132e-11,1.078386274863067e-14,1.0555736447144352e-14,6.662111418087591e-10,0.9999990463256836,7.577138569359043e-12,2.2997336673880042e-11,1.1339608688620741e-14,4.6822171453037457e-17
window-39f6fbeabf25798812f7,590_88813_174935,toilet,toilet,1.0,True,5.146053764992908e-21,2.1254753599514453e-12,4.130795532020226e-12,3.4716118868516332e-12,6.499358978456315e-16,2.097945948908997e-12,2.4786778075061794e-17,1.992194711969783e-20,1.327720017263445e-10,1.5242910015797473e-12,3.2737278599787034e-13,9.943891515057628e-16,2.3936362289974397e-16,2.1606363435373117e-19,1.6061376673093264e-09,7.418715706856982e-14,6.692812965628623e-17,8.219220202582362e-16,4.599407432436572e-17,1.5085694013726654e-18,5.341289137871484e-14,1.0,1.316729928216298e-13,2.6636382512092334e-14,2.1744042995441623e-18,1.391897437128439e-18
window-d8e9434fba792d0a41ea,605_94531_187737,toilet,toilet,0.9997192025184631,True,8.31713244672463e-16,7.610023722293136e-11,4.429158434504643e-05,4.3195417021024696e-08,4.1199648137535405e-09,9.127918559892478e-11,1.54001178476193e-09,3.9069360810786713e-13,0.00022557287593372166,1.8952922786752424e-08,1.1748497286134807e-07,1.813951229223676e-07,1.1112290110304457e-07,1.6005252678752413e-09,6.075963938201312e-06,6.9961694215692205e-09,4.4832333401245705e-08,5.558424049922905e-07,1.0296150598776421e-09,5.2297242092436136e-09,3.668014414870413e-06,0.9997192025184631,8.217776326091553e-08,4.695787758635106e-09,3.201748199899157e-09,2.738472296148764e-11
window-6fddb2454feeb8426dc1,605_94531_187737,toilet,toilet,0.9999856948852539,True,4.2904466062718496e-16,5.929307267393824e-09,2.423029457077064e-07,1.5321715451932505e-08,4.5725875343072264e-12,1.6700058003138452e-09,2.0090309971187992e-10,5.38633672169872e-15,1.3714344277104829e-05,2.7844661687481675e-08,4.1686029628174026e-11,2.5541757153746403e-08,2.1846511266687685e-09,3.418899549318538e-13,2.6852586643144605e-07,1.4071303844342964e-10,3.042839417932708e-13,1.4387764757373134e-08,2.3550968467067612e-11,7.781731530855096e-13,7.935156531857501e-08,0.9999856948852539,6.601386548510391e-09,4.1026408936772896e-09,5.22566101501809e-10,1.1529996792394859e-12
window-3d7af661ff81ba71795f,605_94531_187737,toilet,toilet,0.9999951124191284,True,4.293001721689092e-19,7.416993408337902e-11,8.113816840626953e-10,7.660673762011072e-10,8.463385157628234e-14,1.447340917904924e-13,3.0569589828249866e-12,1.5639674571618525e-16,4.861774414166575e-06,2.296328960316174e-10,6.384606818926608e-12,1.7462904011722458e-08,1.5768279737482516e-10,2.5333098655931294e-14,1.5153488464036968e-09,6.691007340201005e-13,9.850866867014418e-13,2.328909065596463e-09,1.1523092592960471e-12,6.031438911681397e-13,1.115806225193694e-09,0.9999951124191284,7.058756912314834e-10,2.4627487604789167e-08,6.38164824803833e-12,3.323156950424508e-15
window-e1303be33427dc406352,605_94531_187737,toilet,toilet,0.9999988079071045,True,2.1153243304996036e-17,5.091694288417159e-10,1.4295147821030696e-07,4.358404339654953e-07,4.1370546040569306e-14,2.1200331732653364e-14,3.582602964291581e-11,2.407622061786907e-12,2.678436885616975e-07,1.0388298554708797e-10,7.085998020989193e-12,4.0009173751798244e-10,1.1941087008082718e-10,2.3569204212283996e-15,4.4999912129917163e-10,5.545230073733531e-13,1.949664184979806e-14,6.253861073446387e-08,2.366156826028032e-09,6.748580101863244e-13,1.5772469907915365e-07,0.9999988079071045,3.2696432228362937e-09,4.2160493762821716e-08,2.0318934035312708e-11,2.308545607281054e-14
window-bd53011994515c982f5b,621_101751_202372,toilet,microwave,0.8254166841506958,False,3.05437587114904e-13,5.652119853039039e-06,0.004899436607956886,0.0008504782454110682,5.429512484056431e-08,5.893154479963414e-07,1.9373203031136654e-05,2.6649151635416146e-11,0.05306205525994301,0.00010553815809544176,6.445369393759393e-08,0.0003191474825143814,3.451173711255251e-07,1.1319655186525779e-06,0.8254166841506958,1.5694866517534933e-09,1.2707762619967866e-09,1.5698003608122235e-06,2.465845341248496e-07,1.3659624542583515e-09,0.0007702123839408159,0.11394987255334854,1.270831489819102e-06,0.0005927280872128904,3.476350002529216e-06,7.646616118073268e-10
window-ee74ed483284b3571090,621_101751_202372,toilet,microwave,0.9574922919273376,False,6.559298460287466e-13,4.573328988044523e-05,0.010321255773305893,3.258221840951592e-05,2.3083505595877796e-07,4.324831763824477e-07,0.0002890322939492762,2.3735891724330216e-11,0.017784064635634422,8.46480452310061e-06,1.1592749871169872e-08,0.0009008615161292255,2.869831234875164e-07,8.213822297875595e-07,0.9574922919273376,8.913523807940749e-10,1.707720853616479e-09,2.7840690108860144e-06,2.637335398958385e-07,1.2510932290155097e-09,0.0025672016199678183,0.01042933389544487,8.964709195424803e-06,7.578165241284296e-05,3.952805491280742e-05,2.706882717973258e-09
window-48bc557c93dfebccbc98,621_101751_202372,toilet,microwave,0.780261218547821,False,2.833884656886637e-13,8.16825806992938e-09,0.012937072664499283,0.0001414102443959564,1.8353709663188056e-08,5.593184368990478e-07,0.002751232823356986,2.4621360505960865e-09,0.11365743726491928,0.0012951454846188426,9.516223364869347e-09,0.02909218706190586,9.825218683090498e-08,3.4680550697885337e-07,0.780261218547821,4.5279571736500657e-07,5.554288140530161e-10,8.844649528327864e-06,5.219562808633782e-06,4.977896495006462e-08,0.028311552479863167,0.030812155455350876,6.765966827515513e-05,0.0006423519225791097,1.0198504241998307e-05,4.759119292430114e-06
window-dab83ef597b0a15d94d6,621_101751_202372,toilet,teddybear,0.6936818361282349,False,4.846415976866858e-11,7.319416184259353e-10,1.5973831978044473e-05,0.0008487413870170712,3.8194977736161206e-10,1.7946437935734139e-07,0.004176042508333921,5.620058455071963e-13,0.004913949407637119,0.0004995428025722504,1.0298969073119224e-06,0.00027879097615368664,0.0006268787547014654,1.1929133506782819e-05,0.05959310382604599,8.39077962666579e-09,5.07044628506037e-10,9.853979281615466e-05,5.937667779676303e-08,5.225214749771112e-07,0.6936818361282349,0.2337883561849594,6.91934076257894e-07,0.0014619923895224929,1.7562595076014986e-06,1.0271238026771101e-10
window-322bc4a8640480222ff0,104_12353_22041,toyplane,toyplane,0.9998705387115479,True,2.5801307271255958e-11,4.316705428664136e-07,8.39558633742854e-05,1.8793574696474025e-08,2.870297748813755e-06,1.9587069743920438e-09,1.7719118394765587e-09,3.277155826708622e-07,1.8342025498441217e-07,2.241456968476996e-06,1.419088957455017e-09,3.8627206322416896e-08,1.901221367839323e-11,1.5721072486485355e-05,5.43272022923702e-08,4.17501382798946e-07,1.915205632974093e-10,6.524635054461214e-09,4.924567292619031e-06,3.518935698387793e-10,1.6304589678384218e-07,1.4571865936119366e-10,0.9998705387115479,1.741048981784843e-05,7.632314122929529e-07,3.4578591101563916e-09
window-0c75d5777eab3799596f,104_12353_22041,toyplane,toyplane,0.9987863898277283,True,5.254583990144113e-10,5.401323505793698e-06,0.0008015403873287141,5.699955636373488e-07,1.8749740320345154e-06,1.7237270499848023e-09,4.424096644584097e-09,0.0002954390656668693,5.055870815340313e-07,3.772742275032215e-06,1.28850019542881e-09,3.159988537504432e-08,5.802950134303764e-11,2.4660330382175744e-05,1.6019663817701257e-08,1.2657504555591004e-07,6.46268505377634e-09,1.4142933935090696e-07,2.8200984161230735e-05,2.1831885188561273e-09,4.7580360842403024e-06,1.0880946144098402e-10,0.9987863898277283,4.603892739396542e-05,4.5780868163092237e-07,1.106936986516871e-09
window-55eaacad7e650e88b120,104_12353_22041,toyplane,toyplane,0.9997609257698059,True,1.4575482154555175e-08,3.416433855818468e-07,4.28427301812917e-05,3.976424522988964e-09,2.7697074074239936e-06,7.74397435066021e-10,5.697380345281999e-08,5.730102202505805e-06,3.932786114546616e-07,1.4451888091571163e-05,1.949669037326629e-10,1.8461756567944576e-08,4.4910568319789235e-11,1.2549678558571031e-06,6.196408719461033e-08,4.578070274874335e-06,1.488564715934615e-09,1.2787865877328386e-08,6.923285400262102e-05,4.128632991040604e-09,3.505989525365294e-06,1.5226322980232965e-10,0.9997609257698059,9.388355101691559e-05,2.5972557438080912e-08,1.6288279169884845e-08
window-4de7f3b076f72935a14f,104_12353_22041,toyplane,toyplane,0.9998278617858887,True,1.8056043327163707e-09,3.3543651625222992e-06,6.272998234635452e-06,6.256107809576861e-08,2.9440400339808548e-06,2.2870985660894405e-10,1.3075177385246661e-08,9.92614332062658e-06,5.871714137128947e-08,9.80845584308554e-07,2.173202506838834e-09,1.132400040404491e-08,1.519388434512159e-11,0.00010614606435410678,2.9562079006950626e-08,7.552070542260481e-07,3.4539016091628127e-09,1.6785691059340024e-08,3.7498134588531684e-06,6.808673763680773e-11,1.1952291060879361e-05,5.137015812728407e-11,0.9998278617858887,2.578424937382806e-05,9.666483435921691e-08,2.1780731385145913e-10
window-f4f0eb6c15514fa2b3a9,399_51164_100417,toyplane,toyplane,0.900851845741272,True,1.4226063882460949e-08,1.841441735450644e-05,0.0012702932581305504,2.4334260160685517e-05,0.039609991014003754,3.464533525584829e-15,0.05667806416749954,0.0001489372516516596,2.029585566276637e-08,1.7795576923163026e-06,5.076112756796647e-07,2.6370250907348236e-06,2.342286080647682e-07,0.00011733487917808816,1.5438123668332082e-08,7.411964179482311e-05,2.6986609213963675e-07,1.9302504483675875e-07,4.592544883053051e-06,1.8349797237249277e-09,3.034816836589016e-05,1.829638662798061e-10,0.900851845741272,0.0011413460597395897,2.2680511392536573e-05,2.0748566385009326e-06
window-0db6b9e781e144e2fd84,399_51164_100417,toyplane,toyplane,0.9216077923774719,True,1.0068802112073172e-06,0.00014691660180687904,0.0003662493545562029,1.7764748918125406e-05,0.06854823231697083,4.163282674336799e-13,0.005278720520436764,0.0008375411853194237,7.930608947326334e-10,2.7877862521563657e-05,8.682806219439954e-05,4.658667052126475e-08,3.4840514917533483e-09,0.0012046982301399112,4.997417146768157e-09,0.0010485501261427999,2.7931561508154346e-09,6.613081193762582e-09,0.00013550980656873435,3.248420421542164e-10,0.00018275123147759587,2.7508739730564e-10,0.9216077923774719,0.0005031358450651169,6.25851043878356e-06,5.128973157297878e-08
window-537c5b8f22ed9c5ad645,399_51164_100417,toyplane,toyplane,0.9779903888702393,True,2.2087869311349095e-08,2.787910125334747e-05,0.0019252840429544449,2.8963619115529582e-05,0.011239907704293728,7.312365638131521e-14,0.005733419209718704,8.693872950971127e-05,7.087459952259678e-09,4.850504865316907e-06,1.5801139170434908e-06,5.448461024570861e-07,7.953858727205443e-08,0.00031464651692658663,1.533467397507593e-08,0.0023197804111987352,1.6543712177963243e-08,3.3479636840638705e-08,1.8600092516862787e-05,3.5291922717561874e-09,3.42907492267841e-06,1.2546280681036137e-10,0.9779903888702393,0.00023739872267469764,6.541802576975897e-05,7.3076790840787e-07
window-548d10577f710b26a9c2,399_51164_100417,toyplane,toyplane,0.631725549697876,True,1.8658157330264658e-07,0.00011284827633062378,0.005186953116208315,0.00018236051255371422,0.2922213077545166,1.302932252784635e-14,0.06759229302406311,0.00035942939575761557,1.5923431462283588e-08,1.2946394235768821e-05,1.2301027254579822e-06,1.6947633696418052e-07,2.5723636554175755e-07,0.00018669913697522134,4.11694003332741e-08,0.0002968011540360749,1.1646638853335389e-07,7.933309120744525e-08,1.2430933566065505e-05,1.0398365901664874e-07,4.6569231926696375e-05,2.1176006781420398e-10,0.631725549697876,0.001981983194127679,7.097101479303092e-05,8.589699973526876e-06
window-2f35dd8684349dd9e1fc,614_98688_198492,toyplane,toyplane,0.5439131259918213,True,2.4030173335631844e-06,1.1104511031589936e-05,6.378338730428368e-05,2.941335151263047e-05,0.00010705866588978097,2.6030429367551733e-08,0.0046392339281737804,9.372528211315512e-07,0.237008735537529,4.7045650717336684e-06,5.312302164384164e-05,7.744291906419676e-06,0.05566147714853287,0.002057634759694338,0.0033988263458013535,3.265983104938641e-05,0.0001852331479312852,0.0013413216220214963,0.004098461475223303,0.05940581485629082,0.07365629076957703,0.00011491207260405645,0.5439131259918213,0.014206026680767536,1.598731458329894e-08,8.032588483253278e-11
window-25ed845a16b7cf0dd3e2,614_98688_198492,toyplane,toyplane,0.8075229525566101,True,2.7926450911763823e-06,6.307199100774596e-07,0.00011321064812364057,1.3694713061340735e-06,8.515223271388095e-06,1.9198546752363654e-08,0.0010580300586298108,9.36451215238776e-06,0.0013272118521854281,3.4475669963285327e-07,1.3716547982767224e-05,7.971971172082704e-06,0.015805672854185104,0.000201716655283235,8.649697520013433e-06,4.303255536797224e-06,0.00012405779852997512,0.0001074486062861979,0.019346723333001137,0.004549881909042597,0.13817113637924194,1.2499151125666685e-05,0.8075229525566101,0.011601700447499752,7.756688624738217e-10,8.682734392584379e-11
window-929afe18f1b189f89d30,614_98688_198492,toyplane,toyplane,0.8995534181594849,True,9.01242231066135e-07,2.0205638975312468e-06,0.0003524630155880004,5.219844297243981e-06,9.131599654210731e-05,1.2169885543755754e-08,6.448313069995493e-05,1.0010264759330312e-06,0.004934434313327074,5.199315637582913e-06,1.2301552487770095e-05,2.164056604669895e-05,0.008260396309196949,6.24563472229056e-05,0.0006263625691644847,0.0002189959486713633,2.4685305106686428e-05,0.00010690959607018158,0.0017261452740058303,7.430255936924368e-05,0.07847405970096588,0.0005832903552800417,0.8995534181594849,0.004798075184226036,3.25072813112115e-09,1.73492401001063e-11
window-b9efb91f0eb09438d663,614_98688_198492,toyplane,teddybear,0.5728020071983337,False,3.1679920198257605e-07,4.04516322305426e-05,0.00018016340618487448,1.0706948160077445e-05,5.325813253875822e-05,4.042731305275993e-08,0.0005355820758268237,8.216906621782982e-08,0.05641921982169151,1.2181533747934736e-05,0.00024388686870224774,2.1670419300789945e-05,0.04010561481118202,0.00036539617576636374,0.010576637461781502,0.00012685547699220479,3.181386273354292e-05,0.00026046697166748345,0.00019657083612401038,0.0008439572411589324,0.5728020071983337,0.006854401435703039,0.3046140968799591,0.005704638082534075,5.252840296066097e-08,1.6726158652558e-11
window-0b24ca0c1bba683f6e55,372_40936_81490,toytruck,toytruck,0.470035195350647,True,2.3747366867610253e-05,2.6194049496552907e-05,0.00010197162919212133,0.37403008341789246,7.422677299473435e-05,2.9340671972022392e-05,0.006533607374876738,8.530100785719696e-06,8.702652849024162e-05,0.021319184452295303,2.9885570256737992e-05,0.0022660319227725267,0.07171418517827988,5.955674623692175e-06,0.04505004361271858,1.0235740774078295e-05,2.4822009436320513e-05,1.7857970306067728e-05,0.00021776229550596327,7.012956757534994e-06,0.0004497377958614379,1.0619571888526025e-08,0.007691047620028257,0.470035195350647,0.00023420907382387668,1.2158569916209672e-05
window-97bb6630579a4ec62ca8,372_40936_81490,toytruck,toytruck,0.462566077709198,True,2.2118820197647437e-06,1.0111583605976193e-06,0.0006115311989560723,0.19446295499801636,4.834420906263404e-06,2.2699330202158308e-06,0.000991328968666494,7.149183147703297e-07,6.36389377177693e-05,0.032955463975667953,8.726390660740435e-06,0.0013153323670849204,0.0005289329565130174,6.664438387815608e-07,0.3062267303466797,8.678532026351604e-07,9.612230314814951e-06,8.86596717464272e-06,4.9755650252336636e-05,5.255176347418455e-06,1.2114191122236662e-05,7.908836252568108e-09,3.146242306684144e-05,0.462566077709198,0.0001241733698407188,1.536989839223679e-05
window-cd296299fc7e0c80718e,372_40936_81490,toytruck,toytruck,0.36943352222442627,True,5.4610496590612456e-05,2.4331564418389462e-05,0.0008341552456840873,0.287828654050827,2.2452171322129288e-07,4.147339132032357e-05,0.0012047215132042766,8.297953172586858e-06,0.00014318563626147807,0.2511511445045471,2.513735307729803e-05,0.0013416666770353913,0.04183284938335419,1.9561564386094688e-06,0.04166422411799431,1.3149750088814471e-07,0.0002226736833108589,0.00017062290862668306,4.342909960541874e-05,4.784069460583851e-06,4.6766435843892395e-06,5.208561915104326e-10,0.0004431261622812599,0.36943352222442627,0.0034674927592277527,5.2939092711312696e-05
window-aac758fe63b6a027de35,372_40936_81490,toytruck,bench,0.4151596426963806,False,5.072791827842593e-05,6.155602477520006e-06,0.002001954009756446,0.4151596426963806,1.657068366966996e-07,0.0003370771592017263,0.0024966357741504908,2.8022390324622393e-05,1.3035127267357893e-05,0.4092465937137604,5.100021098769503e-06,0.00038672302616760135,0.0016298549016937613,1.249152546733967e-06,0.02210424467921257,2.2161722768032632e-07,2.0492763724178076e-05,1.383838116453262e-05,1.3422907613858115e-05,1.1703956488418044e-06,1.0979069884342607e-06,5.275191949927205e-10,0.0009079285664483905,0.14508956670761108,0.0004459688498172909,3.9020909753162414e-05
window-6d80d3ade9b762bbed50,375_42459_85038,toytruck,toyplane,0.5514209270477295,False,0.015876272693276405,2.7562722607399337e-05,3.859902790281922e-06,0.001396408537402749,3.9848855521995574e-05,8.485313429673624e-08,0.000495670537929982,1.0168258086196147e-05,1.9848916110731807e-07,0.0007959866197779775,7.033717110971338e-07,0.0012245263205841184,0.009372072294354439,6.086825710127641e-09,1.220356153908142e-07,0.00015371845802292228,5.3382369635812665e-09,0.0003092734841629863,0.0010733739472925663,4.353899185627341e-10,0.0384693443775177,3.7416966226777593e-13,0.5514209270477295,0.379107803106308,1.350683476175618e-07,0.00022193965560290962
window-44cc5c1b719d0c151930,375_42459_85038,toytruck,mouse,0.5942997932434082,False,0.2993420362472534,0.003448332194238901,4.812154656974599e-06,0.0005145021132193506,0.00040284974966198206,8.040606189751998e-07,8.20869900053367e-05,0.00024906950420700014,4.096162645184087e-11,0.007328111212700605,2.87920338450931e-05,0.00010508642299100757,0.0001323641772614792,3.4189651110239083e-09,2.0683903478868615e-09,0.5942997932434082,9.266240219574229e-09,6.8699923758686054e-06,0.0019922112114727497,4.273231508228337e-12,0.026599561795592308,3.5802228694724325e-13,0.04834650084376335,0.01711389049887657,3.242127233349379e-09,2.3205282104754588e-06
window-8f3674ccdd85312e153c,375_42459_85038,toytruck,apple,0.29725325107574463,False,0.29725325107574463,0.044156625866889954,7.500425999751315e-05,0.10979460179805756,0.006964589934796095,9.655452231527306e-06,0.002799734240397811,0.00030108931241557,1.2390258063987858e-07,0.0031756230164319277,0.00033718024496920407,0.025884833186864853,0.0017665366176515818,3.61973974349894e-07,5.795528522867244e-06,0.14047878980636597,2.193816271756077e-06,0.0004616621299646795,0.01888752169907093,1.2489305145635399e-09,0.10815169662237167,7.767586573947938e-11,0.1496681571006775,0.08974234014749527,3.395689702756499e-07,8.228953811340034e-05
window-9e44c8097045c4603668,375_42459_85038,toytruck,teddybear,0.33063483238220215,False,7.118978828657418e-05,0.00011007105786120519,0.00012754305498674512,0.00027937686536461115,0.013873588293790817,1.6401945686084218e-06,0.00024490623036399484,0.00016585487173870206,1.5220653892811242e-07,0.0016303595621138811,1.4776795069337822e-05,0.0003058907459490001,0.004736535716801882,2.612931166368071e-05,1.7465542896388797e-06,0.00019277997489552945,1.1772613106586505e-08,0.00033584682387299836,0.017044952139258385,1.2321554443417426e-08,0.33063483238220215,2.37880215525621e-10,0.3090498447418213,0.32099032402038574,7.093296972016105e-08,0.00016153580509126186
window-0b225b826870238bc685,380_45013_90081,toytruck,toytruck,0.8797957897186279,True,0.049344513565301895,0.02672101929783821,0.0008663011831231415,0.002138306386768818,0.0009336047223769128,0.005926776677370071,0.0003879370342474431,8.596292173024267e-05,8.359169356708662e-08,0.0018394929356873035,0.00027421695995144546,0.0004181967524345964,1.5626542335667182e-06,1.465068748984777e-06,0.018965477123856544,0.0003213172312825918,0.00022107834229245782,2.472769438099931e-06,0.006153376307338476,8.92192453250118e-09,0.005276275798678398,4.444384416046887e-08,7.216718222480267e-05,0.8797957897186279,1.4527853409163072e-07,0.0002524817828088999
window-980e54b66a6ab059ff69,380_45013_90081,toytruck,toytruck,0.9873515367507935,True,0.0009082671022042632,0.00781858991831541,0.0001682115689618513,0.00013823872723150998,0.00012883324234280735,5.764835009358649e-07,0.0002184689074056223,1.943046967767259e-08,1.02787865330356e-07,0.00011108683975180611,2.317825419595465e-05,0.0006463859463110566,2.7448340915725566e-05,5.711877406611165e-07,0.0021641196217387915,2.1427215415315004e-06,4.4288415665505454e-05,1.1933082078030566e-08,5.5672524467809126e-05,5.728846645070007e-06,0.0001741697924444452,3.382040958399557e-08,1.5961043118295493e-06,0.9873515367507935,1.0470578672538977e-05,2.4655599872858147e-07
window-3ea7a6019e82a540b49a,380_45013_90081,toytruck,toytruck,0.9983125925064087,True,0.0002682833874132484,0.0004201805859338492,8.262168557848781e-05,6.844269955763593e-05,1.6669846445438452e-05,3.7819877434230875e-06,4.906238245894201e-06,4.43020624629753e-08,2.754527770321147e-07,3.1730992304801475e-06,1.1896200703631621e-05,0.0002245629148092121,3.205999064448406e-06,1.2172121444109507e-07,0.0001467548863729462,1.654543484619353e-05,1.6250227417913266e-05,1.4490326272209586e-08,0.000235815517953597,1.973444341274444e-07,0.0001249547058250755,3.1760899465993475e-10,2.4718781787669286e-05,0.9983125925064087,1.3761275113211013e-05,2.2755139639230038e-07
window-e582905ca769f51e865e,380_45013_90081,toytruck,toytruck,0.9079306125640869,True,0.00022998797066975385,0.08735326677560806,0.0021843742579221725,9.306846186518669e-05,9.959030649042688e-06,9.729048906592652e-05,1.5978913552316953e-06,4.367856476505949e-08,1.6408807823609095e-06,1.692202022240963e-05,0.0007335643749684095,0.00010164296691073105,0.00012576309381984174,2.0594432044163113e-06,0.0005243913037702441,8.094646182144061e-05,0.00029448667191900313,2.1205250888556293e-08,5.4230026762525085e-06,2.2381739483989804e-07,0.00019144127145409584,5.467839869766067e-08,1.5520909073529765e-05,0.9079306125640869,4.8638285079505295e-06,9.426273095414217e-07
window-aa5fc13102f643fcfd0f,385_45397_90766,toytruck,toytruck,0.9722656607627869,True,0.001903460011817515,9.705567208584398e-06,9.292471077060327e-06,9.789341675059404e-06,0.013615182600915432,4.5073694110442375e-08,0.0019922645296901464,0.0007436384912580252,2.3643404745143926e-07,0.0011745630763471127,2.1022152907335112e-08,3.7927544326521456e-05,7.379293703868584e-11,3.9887140701466706e-06,0.0003310815372969955,0.002063408959656954,4.872636623076687e-07,4.5217449229362217e-10,0.0002408065483905375,1.4572336670681807e-09,6.070412723602203e-07,4.4019274336726255e-10,0.005597625393420458,0.9722656607627869,1.2677049410214636e-09,2.1000984418151347e-07
window-4d8ed42a3d5a14d6c361,385_45397_90766,toytruck,toytruck,0.9982485771179199,True,0.00013296397810336202,1.4729944268765394e-06,6.775401857339602e-07,1.6278312614304014e-05,0.0003799397381953895,2.043432942855361e-07,0.00013789301738142967,0.0007594817434437573,2.4634687623148466e-09,0.00021605742222163826,8.782365057413699e-09,5.449188122952364e-08,8.918242533351162e-11,3.819033533858374e-09,5.698921995644923e-06,2.2543412114828243e-07,6.71817943498354e-08,1.313673891889522e-10,4.9855549150379375e-05,7.934504719919744e-10,4.316872637133429e-09,5.620930370459076e-12,5.028209125157446e-05,0.9982485771179199,5.305272540723216e-11,3.00015358334349e-07
window-afd4c288c406c81f74f1,385_45397_90766,toytruck,toytruck,0.9947541952133179,True,3.0698931823280873e-06,1.2830971627408871e-06,1.847148070055482e-07,1.0942236627897728e-07,3.242214006604627e-05,8.684328811625619e-09,0.00010493818990653381,3.2805023693072144e-06,6.108507033530941e-10,0.0019859331659972668,7.868392742915731e-11,7.661445238227316e-07,9.625930608159194e-11,4.08340632418458e-08,0.0002184535696869716,5.874741418665508e-06,1.4613656276196707e-06,1.1718365861002056e-11,3.17880494549172e-06,1.390953411478657e-11,4.257951857766784e-08,1.9351160951419644e-10,0.002884895307943225,0.9947541952133179,1.4409444470953048e-10,2.2878674954540656e-08
window-4665c62586acd1104255,387_46845_93204,toytruck,toytruck,0.8294826745986938,True,0.001799752819351852,0.0002798205241560936,9.654401083025732e-07,0.0006782001000829041,5.827670975122601e-06,1.331632120127324e-07,0.02128671109676361,3.7961108318995684e-06,2.2973414104399126e-07,0.06035406142473221,6.4716309680079576e-06,0.00498869689181447,0.0010091712465509772,5.762100130368708e-08,2.8901948098791763e-05,0.00014770044072065502,3.549542668679351e-07,0.0004729646898340434,0.00048171848175115883,4.442845535912454e-10,0.07468751817941666,2.815510491416262e-09,0.004241945222020149,0.8294826745986938,4.145133061683737e-05,9.205197670780763e-07
window-e1184b1216914bcd8e56,387_46845_93204,toytruck,toytruck,0.37177613377571106,True,0.018898705020546913,0.0007829437381587923,2.1159015886951238e-05,0.0011882202234119177,1.940873517014552e-05,1.3895144945763604e-07,0.2575405240058899,0.0016834757989272475,9.217895780011531e-08,0.04741932079195976,0.00022263549908529967,0.002708736341446638,0.000485241791466251,4.510405233304482e-06,1.629229018362821e-06,0.021539509296417236,2.0352034368897876e-07,0.0015198495239019394,0.00421510823071003,9.948440959917093e-10,0.07755257934331894,7.405303037444355e-10,0.19211597740650177,0.37177613377571106,0.0003028028877452016,1.0929148857030668e-06
window-4a51b0892e19dd118ef8,387_46845_93204,toytruck,toytruck,0.6010814309120178,True,0.011366302147507668,0.0009155931184068322,9.029579814523458e-06,4.186526712146588e-05,2.3992598130462284e-07,8.118076877394742e-09,0.005006585270166397,0.0007314113317988813,3.1128463695573316e-10,0.02386925183236599,0.00017630022193770856,3.8314548874041066e-05,2.607255964903743e-06,1.8383802569132968e-07,5.428476512747693e-08,0.007181170396506786,3.570472628666721e-08,0.00012800561671610922,0.001715473597869277,1.670503839423798e-11,0.0306511539965868,6.092864407447607e-11,0.3170416057109833,0.6010814309120178,4.3347310565877706e-05,1.6858866302982278e-08
window-b48753e0a5d12bdbc773,387_46845_93204,toytruck,toytruck,0.5947505831718445,True,0.0001548784493934363,0.00012076045823050663,8.37077277537901e-06,0.00011754046863643453,3.907865448127268e-06,2.8014413899768442e-08,0.002729876199737191,2.613436720366735e-07,3.959831573752126e-08,0.016406593844294548,9.28511894926487e-07,0.00013600116653833538,5.4154688768903725e-06,6.653807105294618e-08,3.092937186011113e-05,2.8558901249198243e-05,7.921650535536173e-07,6.921372914803214e-06,0.0002492628409527242,1.8199985962752407e-10,0.007195126730948687,1.3741064952554893e-09,0.37792617082595825,0.5947505831718445,0.00012646139657590538,5.50877928162663e-07
window-57e3dfc905797a087030,399_51165_100420,toytruck,kite,0.7509526610374451,False,1.6306390762110823e-06,0.0002787387929856777,0.013263365253806114,0.0007271491922438145,0.025696370750665665,1.0879632264537697e-11,0.018649868667125702,0.00023486938152927905,4.383877705294026e-09,8.000659727258608e-05,3.1560837669530883e-05,2.09756635172198e-07,5.683741033379874e-09,0.7509526610374451,8.959159458754584e-05,0.10103974491357803,2.488713448656199e-07,4.094159322676205e-08,0.0004652893403545022,5.899180449686625e-11,4.7089233135011455e-07,5.000502234508986e-10,0.07765824347734451,0.007496803533285856,0.003316685790196061,1.650926969887223e-05
window-a9919644921744937964,399_51165_100420,toytruck,toyplane,0.8648415803909302,False,1.580029334036226e-06,7.572671165689826e-06,0.0017957560485228896,0.0007114338222891092,0.00011825672117993236,2.1790732412929614e-11,0.0005418813670985401,0.00012523891928140074,1.313809283587375e-09,0.00018943598843179643,5.14201838086592e-06,2.203822333513017e-07,4.305987033603742e-07,0.04066139832139015,2.0261130373455671e-07,0.03448989614844322,4.0003766343943425e-07,6.924288982190774e-07,0.005990850739181042,4.840937650740784e-10,7.410322950818227e-07,8.650318655822886e-11,0.8648415803909302,0.05051020532846451,6.1415607888193335e-06,9.594152743375162e-07
window-40234a50edd7c182b028,399_51165_100420,toytruck,mouse,0.5558720231056213,False,7.384445780189708e-05,0.0019872626289725304,0.01624326780438423,0.008804941549897194,0.002575538819655776,4.5515394231365747e-10,0.0326576866209507,0.000556826766114682,2.9186065830799635e-07,0.0020084858406335115,4.54177352366969e-05,1.2027365301037207e-05,7.264737632795004e-06,0.06329345703125,5.199395673116669e-06,0.5558720231056213,7.562031896668486e-06,3.410648787394166e-05,0.003584115533158183,4.796588015665293e-09,1.4850171282887459e-05,2.4702600853743206e-08,0.30587828159332275,0.003790829563513398,0.0008940861443988979,0.0016526096733286977
window-f3e5ff0c44334fcc0549,399_51165_100420,toytruck,toyplane,0.4788936674594879,False,0.0015791694168001413,0.007891583256423473,0.04470164328813553,0.05306754633784294,0.011605648323893547,3.6340599973705423e-10,0.04846856743097305,0.0007651534397155046,1.50117529074123e-07,0.023582076653838158,0.0003902832977473736,1.391726641486457e-06,1.4397023733181413e-05,0.012128549627959728,4.887335671810433e-05,0.18172946572303772,1.598495691723656e-05,2.9987466405145824e-05,0.018191814422607422,7.468378981911883e-08,1.6630215213808697e-06,1.8149945546497293e-08,0.4788936674594879,0.01734234020113945,0.0993349477648735,0.00021497449779417366
window-b49bcc75f62e892a24be,416_57430_111052,toytruck,toytruck,0.999846339225769,True,1.052852032987217e-12,1.4507149648235185e-10,1.8549284774849184e-08,6.226193363545462e-05,7.643692612191444e-08,7.083576347016729e-13,1.650472398750935e-07,2.5844404741293125e-12,5.535558011615649e-05,4.991141850041458e-06,3.5150101145714485e-12,5.466667516884627e-06,3.575740947781014e-08,3.0212075896596247e-11,2.48640361633079e-07,5.920511303436626e-10,4.7636743318426114e-14,4.7148311921318964e-08,1.8955497580463998e-06,3.947451787666978e-08,1.7111649867729284e-05,1.1142097022798225e-08,5.884317943127826e-06,0.999846339225769,1.1367332630740634e-09,4.7530267915929514e-11
window-231293fe2fd785d1f6d9,416_57430_111052,toytruck,toytruck,0.8998798727989197,True,7.526426770709804e-08,2.4989758458104916e-05,8.341362445207778e-06,0.01830967143177986,0.00013780147128272802,7.190024686742902e-10,0.00016481448255944997,1.612041833354283e-09,0.017074504867196083,0.00015891435032244772,1.312401423092524e-06,0.02143259160220623,5.124063136463519e-06,7.347795417445013e-06,0.0024661479983478785,3.193289740011096e-05,1.1314253006711184e-10,9.046751756613958e-07,0.0001770779927028343,3.957733952120179e-06,0.000582347100134939,3.5866210055246484e-06,0.012622769922018051,0.8998798727989197,0.026905909180641174,1.8751846297959673e-08
window-77ffc6abd32d07a1978a,416_57430_111052,toytruck,toytruck,0.9711015224456787,True,1.2274482541485554e-09,4.349130904302001e-07,0.00031385914189741015,0.02579353004693985,8.373920536541846e-06,2.987993186209792e-11,5.744374720961787e-05,2.620251507323701e-06,0.00015347050793934613,0.0001243643491761759,2.739243676330716e-08,5.691526439477457e-06,3.525067882037547e-07,2.111003283289392e-07,0.0014638944994658232,5.8667734265327454e-05,1.4130248082722119e-08,1.627353753974603e-07,1.7343372746836394e-05,2.7217581646254985e-06,0.00017255678540095687,2.2027577415428823e-06,0.0003819188568741083,0.9711015224456787,0.00031062652124091983,2.8098504117224365e-05
window-854f8472331603bbca9f,416_57430_111052,toytruck,toytruck,0.9945743680000305,True,1.9886283730841114e-09,1.20432002859161e-06,3.999952582489641e-07,0.004929809831082821,3.8281731917777506e-07,1.906230381876206e-11,1.1286866765658488e-06,7.430710713407507e-09,0.00023999947006814182,9.063572360901162e-05,2.5562284733382512e-08,5.454309211927466e-05,3.8740597574360436e-07,5.563625560256469e-09,4.048290065838955e-06,8.205436756725248e-07,3.98894296500113e-13,1.5088920113370818e-09,3.5970937460660934e-05,1.7482484793163167e-07,4.63714877696475e-06,1.4645569201832132e-08,6.0783306253142655e-05,0.9945743680000305,6.353441790452052e-07,2.454072500768234e-10
window-7659ba2c37e17312e370,601_92870_186087,toytruck,baseballbat,0.6254944205284119,False,0.0005873530171811581,0.06576495617628098,0.6254944205284119,0.0073126135393977165,2.1017485778429545e-06,4.1225476365980285e-07,1.3583692634711042e-05,0.004399601835757494,8.926104442252836e-07,0.0008098355610854924,0.0012998663587495685,0.0023070110473781824,0.0008207064238376915,7.773096876917407e-05,0.0414619967341423,0.0064035505056381226,1.6925382624322083e-06,6.500601390513339e-09,0.012703891843557358,3.448338503631021e-08,0.00012256410263944417,2.9901042580604553e-05,0.22967146337032318,0.000690365326590836,2.303034307260532e-05,4.494885104122659e-07
window-463ed90b247f870778b5,601_92870_186087,toytruck,toytruck,0.43040770292282104,True,9.030192813952453e-06,0.0002803649113047868,0.017048757523298264,0.07128023356199265,1.9918128600693308e-05,1.048757525268229e-08,9.917329407471698e-06,0.0003362993011251092,1.0969257147053213e-07,2.021759792114608e-05,0.0019355069380253553,0.0001772601972334087,1.2700314073299523e-05,3.8322011164382275e-07,0.0001489928545197472,0.0011602408485487103,1.4103642698160002e-08,1.1320447868001793e-07,0.044808242470026016,8.88405168097961e-07,6.464450166276947e-07,3.366384362379904e-06,0.42992985248565674,0.43040770292282104,0.0024093161337077618,1.2574292718170454e-08
window-4bf70f2e7c934b4622d9,222_23411_48627,umbrella,umbrella,0.9996427297592163,True,1.0951529320649632e-15,2.2294066592820627e-09,1.4495963114313781e-05,0.00020978851534891874,2.68880195886112e-10,1.8116209487412105e-12,4.684135371246789e-11,2.330914128378936e-09,4.659653131966479e-05,8.472623991284678e-11,1.1296165114416112e-09,1.6117219274747185e-05,3.039261953219352e-09,6.899293657625094e-05,1.9778740867337774e-09,8.897683700936909e-10,6.60721525491681e-07,2.2631436991105147e-07,4.20000709558388e-12,8.365506065644013e-10,7.835695647884222e-09,6.226052312596764e-11,2.600828850063408e-07,8.603842083232394e-09,0.9996427297592163,4.881611434526256e-11
window-1772af76315875ae0013,222_23411_48627,umbrella,umbrella,0.9997380375862122,True,2.5984780733373514e-13,5.562007459047891e-07,1.274883203450372e-07,5.226836947258562e-05,2.9485715202781648e-08,8.90570061272411e-13,4.1588441490603145e-07,1.700552942907052e-08,4.119667451618625e-08,4.92632379334168e-10,1.4679141235873772e-10,0.00019991869339719415,5.228623645159303e-10,1.9292388060421217e-06,3.142096582919862e-09,1.9371240611576468e-08,8.06410156428683e-08,1.3408828714034371e-08,1.2762907397600998e-09,1.8239970644984282e-10,8.130302542319612e-10,4.793811831868555e-13,5.745111053556684e-08,6.5215408540098e-06,0.9997380375862122,1.4303199249998677e-11
window-0de76f7089941167f366,222_23411_48627,umbrella,umbrella,0.9198929667472839,True,1.359303902076503e-11,5.688787041435717e-07,0.000431092077633366,0.0006792464409954846,4.049103608849691e-06,4.191251512519756e-10,1.0191140063398052e-05,3.3473650518089926e-08,0.0007658952963538468,2.404024144198047e-07,1.3307848689692037e-07,0.001610328909009695,5.256090389593737e-06,0.07451175898313522,1.615524602982532e-08,7.971013360474899e-07,0.0010183514095842838,0.000947022985201329,2.6322224400132654e-08,2.2781084396683582e-07,0.00010707948968047276,1.7900280369076427e-08,7.192560133262305e-06,7.509768693125807e-06,0.9198929667472839,3.1352382912075427e-09
window-3f4879e001adfe52eb4d,222_23411_48627,umbrella,umbrella,0.9743467569351196,True,1.7818170272576594e-09,2.693778071716224e-07,0.0006427128682844341,0.006895171478390694,1.2609365107607573e-08,5.482123643929526e-10,3.2541529435548e-06,3.3519719977448403e-07,0.00034943578066304326,1.2334361372268177e-06,6.1850364829751925e-09,0.00016568110731896013,9.644385499996133e-06,5.808304558740929e-05,2.4799922471174796e-07,6.918098733876832e-07,2.816676533257123e-05,0.017328675836324692,1.8474407781354785e-08,3.114439550699899e-07,1.0332611211083531e-08,4.6878365772551334e-11,4.060310311615467e-05,0.00012796104419976473,0.9743467569351196,8.567661780034541e-07
window-e288281e2a2c476c4eca,373_41364_82715,umbrella,umbrella,0.9844247102737427,True,1.0793758775662354e-08,1.3101586773700546e-05,2.488975724190823e-06,0.008582226932048798,6.181834919516405e-07,2.8750065439453465e-07,3.401601134100929e-08,1.7924061523899582e-07,7.40544346626848e-05,1.250378545591957e-06,2.9801782375216135e-08,0.0061590648256242275,1.1511718184920028e-05,9.60946999839507e-06,2.8145105690491334e-10,6.658292022621026e-06,3.3622988837578305e-08,0.0001471640425734222,1.0137641766050365e-06,2.854233116522664e-07,1.8969932114032417e-07,1.7619517227607934e-13,3.2346990337828174e-05,0.0005247508524917066,0.9844247102737427,8.378172424272634e-06
window-9a615c62030b005e70d8,373_41364_82715,umbrella,umbrella,0.998248815536499,True,1.4293687122801657e-08,7.036978786345571e-07,0.0001477828191127628,0.00014924275455996394,2.1113653758675355e-07,1.977099728378562e-08,1.3706284107684041e-08,4.285346744126173e-09,0.0003863089077640325,1.5745551991130924e-06,9.269414569246237e-09,0.0005036172224208713,4.2376555597911647e-07,2.6726121316045237e-09,9.134952350109415e-09,2.6512123440625146e-05,3.6540038195198576e-07,0.00048135712859220803,5.20566629802488e-08,5.606592079487882e-09,3.345068080307101e-06,5.658588831877753e-13,4.4888598495163023e-05,1.7492812958153081e-06,0.998248815536499,3.1258180115401046e-06
window-c9de653fa93907858476,373_41364_82715,umbrella,umbrella,0.9999884366989136,True,1.3218947637894107e-11,9.0659753482214e-08,1.9770530457208224e-07,4.411988641095377e-07,2.988341663012761e-08,7.566702472927567e-12,5.138313663444194e-10,1.3561242406812113e-10,4.6402430342595835e-08,6.249401551805533e-10,5.056134400049928e-10,7.584006652905373e-06,1.0171037460610793e-13,1.437776475654573e-08,1.211593136929423e-08,3.249898782087257e-06,2.4133983700380668e-09,1.100924684749316e-09,2.6097248806422613e-09,4.624283269673291e-13,1.2814773686642411e-09,1.9662436690761828e-14,8.565008258187845e-09,3.1713145998146786e-11,0.9999884366989136,4.0402362011526805e-11
window-372b6a4b5396844a7deb,373_41364_82715,umbrella,umbrella,0.999910831451416,True,5.348132492422053e-10,1.3835911971682435e-08,6.638771878897387e-07,4.299137344787596e-06,9.839621384344355e-08,1.8478070462624174e-10,3.0174016063533315e-10,9.670078071621901e-10,1.304665488532919e-06,1.648092862183148e-08,4.4840881008312294e-10,7.935755274957046e-05,4.25315915819624e-09,1.9581070986873783e-08,4.831626210233253e-10,3.998507622782199e-07,1.2858650961788953e-06,4.996957727598783e-07,4.783473964153906e-11,3.1375652076448546e-10,2.454235925597459e-07,1.3830329398812746e-14,8.474655146528676e-07,2.402030396808641e-08,0.999910831451416,8.371155324482515e-09
window-8a1a710bc32b3ae761d6,378_44135_87968,umbrella,umbrella,0.5835737586021423,True,0.0002914060023613274,0.002397614298388362,3.919785740436055e-05,0.0009636853355914354,3.2134437333297683e-06,8.660703315399587e-05,0.011650355532765388,7.135338933039748e-07,0.0003347099991515279,0.11485067009925842,0.0015435612294822931,0.0077574956230819225,0.007617415860295296,4.135444669373101e-06,4.2118863348150626e-05,0.0019882875494658947,1.955776696149769e-07,0.18280629813671112,1.4819896023254842e-05,6.160519660625141e-06,0.0011407603742554784,0.0002604883920866996,0.07962287217378616,0.0029888616409152746,0.5835737586021423,1.4576672583643813e-05
window-1bac2af62af9879fecd8,378_44135_87968,umbrella,umbrella,0.9747836589813232,True,1.0858484529308043e-06,2.7266705728834495e-05,7.849856729080784e-07,2.640749153215438e-05,1.2294843827476143e-06,4.524912583292462e-06,0.000390568224247545,3.9031721144056064e-07,3.001264758495381e-06,0.002542373025789857,1.8683760572457686e-05,0.016399797052145004,1.1648409099507262e-06,0.0006277957581914961,7.839581485313829e-06,4.242024806444533e-05,1.0483661938565092e-08,0.003847133368253708,0.00011617258132901043,7.775135202336969e-09,2.9022517992416397e-05,0.00010230951011180878,0.0009991354309022427,2.2855283532408066e-05,0.9747836589813232,4.383027771837078e-06
window-f14c980b07ff66852f38,378_44135_87968,umbrella,umbrella,0.9854228496551514,True,6.214514769453672e-07,2.1903619199292734e-05,3.472855041763978e-06,2.0109975594095886e-05,1.955592779268045e-06,4.176210495643318e-06,0.00032420034403912723,3.82811833787855e-07,2.3091924958862364e-06,0.009293537586927414,2.6101268304046243e-05,0.002892293967306614,5.024706410949875e-07,8.557190449209884e-05,1.6170688468264416e-05,0.00015688640996813774,1.63936721975233e-08,0.0008879138040356338,2.6296174837625585e-05,7.1906602894245e-10,4.912374424748123e-05,2.546598989283666e-05,0.000713031564373523,1.8550397726357915e-05,0.9854228496551514,6.544074949488277e-06
window-8c1f3e8d4016d98a9d94,378_44135_87968,umbrella,umbrella,0.4706591069698334,True,8.233488915720955e-05,0.00024976261192932725,0.0002348019479541108,0.0005089202895760536,4.142320904065855e-07,4.749593063024804e-05,0.007818103767931461,2.1103392100485507e-06,3.789274342125282e-05,0.3336987793445587,8.008562872419134e-05,0.003970106597989798,0.0017363476799800992,2.2868098312756047e-06,2.6570916816126555e-05,0.0039122761227190495,6.497838853647409e-07,0.15402556955814362,1.0014212421083357e-05,1.0738491873496514e-08,0.0017402898520231247,0.0002416669303784147,0.01071714237332344,0.0100493049249053,0.4706591069698334,0.00014798628399148583
window-84eb5e6ac255d21d9cf6,379_44414_88476,umbrella,umbrella,0.9999954700469971,True,2.3772199893258225e-15,1.5587976465170073e-09,9.732113994687097e-07,6.527802742795075e-09,7.521298250878772e-09,1.4281668363658358e-14,1.1172551599158975e-12,3.625204520255054e-13,2.660293603184982e-06,2.0739973294325864e-08,8.76708254604619e-12,9.39127744459256e-08,1.4936133926890527e-12,3.216775041892106e-07,1.564439022772035e-09,1.7874108948490175e-07,8.312699417700742e-10,1.056757525930152e-08,8.571915421397291e-13,2.4704225210642194e-12,4.813922038771068e-10,3.2622815560046092e-09,3.3450507430643484e-07,8.718944316532529e-11,0.9999954700469971,3.120742553264222e-10
window-31e5776c7589fd76e811,379_44414_88476,umbrella,umbrella,0.7768918871879578,True,1.1733937981261988e-06,0.21962177753448486,4.6864724936313e-06,0.002185510704293847,1.0206597380602034e-06,1.1163483332188306e-10,5.8846317187999375e-06,3.5124969599564793e-06,1.6291976123739005e-07,3.548688709997805e-06,2.346017754462082e-05,4.095745680388063e-06,2.529656040195505e-09,1.3373766023505596e-06,1.5542569826720865e-06,0.0007167079602368176,7.532238214480458e-06,1.9832705220323987e-06,9.01478051673621e-06,1.0274329165227414e-09,0.0004993243492208421,1.0001765076594893e-05,4.829066710954066e-06,5.4472387489568064e-08,0.7768918871879578,8.740294674680626e-07
window-bf50ebfd53629cc03fd7,379_44414_88476,umbrella,umbrella,0.9999698400497437,True,5.575283615853743e-13,2.1090032475967746e-07,1.663947868379978e-09,9.408643819597273e-08,3.162476218676602e-07,1.3974699219002074e-12,9.638165821002076e-10,1.0930542495429796e-12,1.4925700497769867e-06,5.021125737414422e-10,8.5679863204291e-09,5.935674494139676e-07,4.4525047169195753e-13,2.6421994334668852e-05,2.2923435594179864e-08,8.458932825305965e-07,5.515677151124443e-11,8.12449059139908e-08,3.789217550842494e-11,5.11209581610661e-11,6.546200914669953e-09,1.0281406837009399e-08,1.2073168242920929e-08,1.2907811972051597e-11,0.9999698400497437,2.3908244828341196e-10
window-68003b73b54f7b0749a7,379_44414_88476,umbrella,umbrella,0.9542070627212524,True,2.7877086750116575e-10,7.634766006958671e-06,2.7310018140269676e-06,1.4441088751482312e-05,3.186020649081911e-06,5.282372939063862e-08,9.403589729117812e-07,2.1068442546123833e-09,0.01792033389210701,2.5434683266212232e-05,4.14800354064937e-07,0.0012905839830636978,1.8349702486375463e-06,0.024872969835996628,1.8949054947370314e-06,1.3218439562479034e-05,2.8341162305878242e-06,0.0005409400328062475,1.4714620419908897e-06,0.00024153239792212844,5.49986474140951e-08,3.2750492096056405e-08,0.0008423055405728519,6.572521670022979e-06,0.9542070627212524,1.5356876019723131e-06
window-f784ae584907257cc4e8,398_50430_98975,umbrella,umbrella,0.6948581337928772,True,8.894865004549501e-07,0.0001872652501333505,0.0010624881833791733,0.21569430828094482,2.373997318727561e-07,7.281024494432131e-08,8.338057568835211e-07,2.57733177022601e-08,0.012336415238678455,0.009809533134102821,0.00029907497810199857,9.840236452873796e-05,7.014541552052833e-07,3.151977580273524e-05,0.0017980635166168213,0.00042865113937295973,3.639942514066519e-11,0.0287568811327219,4.266339814762432e-08,6.024484378031048e-08,0.0001319164875894785,5.207346475799568e-06,0.034484125673770905,5.528316933123278e-07,0.6948581337928772,1.4654548976977821e-05
window-d2340f1fe4a10501df3c,398_50430_98975,umbrella,umbrella,0.9873371720314026,True,4.376601581146389e-10,1.394216013750338e-07,2.404075530648697e-05,0.0005431667086668313,1.2008276151220798e-08,3.620836130924232e-10,1.5322706303777522e-07,1.912825366851001e-12,0.011019774712622166,5.6667427088541444e-06,1.1924638556592981e-06,0.0006980333710089326,7.483260677787484e-10,5.71292503082077e-06,0.0002546661125961691,2.1163339170016116e-06,1.0202046455895508e-12,1.8655586245586164e-05,2.401109033822735e-10,8.551890862129596e-10,3.163801665095889e-08,1.4297166899268632e-06,8.811699080979452e-05,4.707500877998427e-08,0.9873371720314026,7.557878767272541e-10
window-8b0ef65a3451b6e0fed5,398_50430_98975,umbrella,umbrella,0.9966152310371399,True,1.9803485240554863e-10,3.425761363473612e-08,6.917526479810476e-05,5.847327338415198e-05,3.659519215437612e-11,3.591049983417416e-12,6.606272417997161e-09,3.6045978701881864e-11,0.0012736822245642543,7.592288397972879e-07,1.98920133698266e-08,2.5522507712594233e-05,5.007047554350663e-11,8.484899808536284e-06,2.9296977572812466e-06,2.5233134692825843e-06,2.299940430163308e-14,1.0772037967399228e-05,1.8473353402548298e-10,2.2987072315072687e-11,5.193068091102759e-07,9.862326351139927e-07,0.0019309010822325945,4.214310678207767e-09,0.9966152310371399,2.2785846820472244e-10
window-51737cfe95c57fdab63c,398_50430_98975,umbrella,umbrella,0.6332045197486877,True,7.873396498325747e-06,0.00012625228555407375,0.000372181530110538,0.011190690100193024,2.5964152428059606e-06,1.0629896074476619e-08,2.5507104510325007e-05,3.994497232984173e-10,0.23794032633304596,0.02533816359937191,1.605325223863474e-06,0.00011873489711433649,1.8180482896923422e-08,0.001120320986956358,0.0051753344014286995,0.002877649152651429,4.701661282524583e-10,0.0002215393033111468,7.8136075387647e-08,3.982175655892206e-07,7.671765160921495e-06,5.562214482779382e-06,0.08225420862436295,6.208336799318204e-06,0.6332045197486877,2.545011284382781e-06
window-a318d7badcfbc49eb59b,430_60670_118462,umbrella,umbrella,0.9929405450820923,True,1.6779639011588188e-08,1.011023505270714e-05,0.0009938579751178622,0.0037576300092041492,1.5902711538728909e-06,2.349256206235495e-11,1.338400039685439e-07,2.1565413987900683e-07,7.98877499619266e-06,1.0495349300754242e-07,1.004033833851281e-06,0.001488979673013091,4.1700499053831663e-08,2.320042085557361e-06,4.1131454054266214e-05,0.0007027206593193114,9.083903051987363e-08,2.985914579767268e-05,1.6077221332011504e-08,4.819157197744062e-07,1.77063355977225e-07,5.3383764075931595e-09,1.725287438603118e-05,2.6789225557877216e-06,0.9929405450820923,1.1332848544043372e-06
window-73759f47ef7b1f85e899,430_60670_118462,umbrella,umbrella,0.9891167283058167,True,5.679693160232091e-09,5.165337643120438e-05,0.00015643912774976343,0.010649803094565868,1.4234349521302647e-07,1.3725057331978596e-12,2.3180762198649063e-08,1.32401267727289e-09,8.228637852880638e-06,4.6551676291528565e-07,1.1763168004108593e-06,3.1839524581300793e-06,7.202577023690537e-08,3.924110103525891e-07,4.772272859554505e-06,1.3807572258883738e-06,1.6156974425030057e-07,2.3332657406172075e-07,1.8148170966014732e-08,2.0361886399200557e-08,1.0298444976797327e-06,8.5329598942252e-10,2.309631327079842e-06,3.0433784559136257e-07,0.9891167283058167,1.460860744373349e-06
window-3f4505e5f8a456d5a9a1,430_60670_118462,umbrella,bench,0.6638674139976501,False,3.3034535590559244e-05,0.0037191601004451513,0.006891084834933281,0.6638674139976501,2.0372299047721754e-07,1.6060287544306107e-09,3.261839083279483e-07,1.943065228715568e-07,2.055880759144202e-05,7.374846973107196e-06,7.14223351678811e-05,0.0003298235824331641,4.353725216788007e-06,2.2241563783609308e-05,5.947790214122506e-06,0.0005556145333684981,2.3931107762109605e-07,0.028103085234761238,3.1796296298125526e-06,2.2775660468710157e-08,0.0001488235720898956,2.7105124900117517e-06,3.255016736147809e-06,9.565862910676515e-07,0.2961871922016144,2.1799247406306677e-05
window-158ef3ca185b6ec6a310,430_60670_118462,umbrella,umbrella,0.6925360560417175,True,1.318310751230456e-06,0.0004061961662955582,0.00019315257668495178,0.04286111146211624,6.930380914127454e-05,3.6898718747124803e-08,0.0001914649474201724,5.74217028770363e-06,0.0006930780946277082,0.0007164112175814807,3.322716293041594e-05,0.043500158935785294,2.5688108507893048e-05,0.0008575071697123349,3.9245631342055276e-05,3.854811438941397e-05,7.210247076727683e-06,0.0012427830370143056,1.021829666569829e-05,1.9067064158662106e-06,1.0741863661678508e-05,0.216460183262825,8.101226740109269e-06,5.1026869186898693e-05,0.6925360560417175,3.958060551667586e-05
window-0a5fdbe8d550daf1fbbf,430_60746_119186,umbrella,umbrella,0.9926816821098328,True,1.7610698677117398e-08,1.2419706152400067e-08,0.0073072961531579494,2.8638796720770188e-06,5.448758848627944e-13,6.38489911983231e-14,2.4539276860524595e-11,1.748953898372818e-10,4.094733014881058e-07,6.819655595791119e-08,5.3573874503332064e-11,5.662421926899697e-07,1.3446575797271265e-10,1.5697418365157034e-10,1.3976180213148837e-09,2.45553769673279e-06,9.700951847380068e-12,1.809047347478554e-07,7.096288834329556e-11,4.2250193144424686e-13,3.747158694444863e-10,4.515169141350306e-11,4.41247948401724e-06,2.313726099600899e-08,0.9926816821098328,7.688178219056319e-12
window-b45a42bbca9031ded9e8,430_60746_119186,umbrella,umbrella,0.9999915361404419,True,7.285842484883176e-10,2.279039712504982e-08,3.380414682396804e-06,4.597624467805872e-07,7.82687581196359e-14,5.730441620353799e-13,8.05011526189281e-12,1.6622430428631096e-12,1.0117677362586619e-07,1.5709393785812154e-09,6.247711326068384e-08,8.792772376864377e-08,8.07471602602694e-13,1.8422348091462482e-09,3.3849454350587393e-09,6.477590090980812e-07,1.695026091057608e-14,5.267860956337245e-07,1.7805794002862668e-13,7.15652377311117e-15,6.175305822253563e-10,2.93801636665203e-12,3.108356622760766e-06,2.144892423394662e-11,0.9999915361404419,5.732515021483406e-14
window-a6bb1514ac6b53dfe42f,430_60746_119186,umbrella,umbrella,0.9995238780975342,True,2.033264398862422e-12,2.2556168488563344e-08,5.625426524602517e-07,0.00011551171337487176,1.934095028230387e-12,1.0502545014223763e-12,2.103312315981931e-12,9.530855271666638e-11,0.00034580472856760025,1.226431844969511e-09,3.2086353574101167e-09,1.313802113145357e-05,7.918091095987512e-14,1.7272633101583779e-07,6.24685924321966e-07,2.4571707513132424e-07,3.7615466026274386e-14,1.888665046578808e-08,1.8206157068045847e-12,6.51206976662105e-16,1.0659612081909131e-09,8.966642428553939e-10,4.1793793315036964e-08,1.4902383146941922e-11,0.9995238780975342,2.7686117219888166e-14
window-dfc8c7c69d00611cade9,430_60746_119186,umbrella,umbrella,0.9989450573921204,True,6.402703700558732e-09,7.404045732073428e-08,0.0008723117061890662,7.115626067388803e-05,2.8767535228957364e-12,2.766305413903769e-11,1.152023897284249e-12,3.4508076396377874e-08,0.0001034958113450557,2.8270417828935024e-07,7.753691733114465e-08,6.605292810490937e-07,4.6918042367893875e-12,2.5529818259428794e-09,1.3648124408405238e-08,4.590135631588055e-06,5.0954704865213696e-12,2.741047921972495e-07,6.785918355012299e-11,7.162929036258307e-15,1.0709838349498568e-08,8.987554034334266e-10,2.0160484837106196e-06,3.995960159985934e-11,0.9989450573921204,3.0194458044974226e-11
window-f9f53490ededea74c8b3,436_62230_123014,umbrella,umbrella,0.9185907244682312,True,1.2736475936414582e-11,5.282535298078983e-08,0.0006674929754808545,0.019201060757040977,2.1559330320997105e-07,2.32945357447889e-10,6.936147110536695e-05,1.723470366421509e-09,0.04460443928837776,3.673328308195778e-08,1.692048168244753e-09,0.0002681093174032867,1.2042686421409599e-06,6.0445240706030745e-06,0.0012977381702512503,2.7058095763976553e-09,2.0667794160544872e-06,0.014722996391355991,1.321530271525262e-05,2.5327178718725918e-06,0.000535734579898417,6.5462500060675666e-06,7.681357487854257e-07,7.445122719218489e-06,0.9185907244682312,2.2876727143739117e-06
window-abd1f54d40f401dcecb0,436_62230_123014,umbrella,umbrella,0.9996935129165649,True,4.1633109313559194e-14,9.823925527230326e-12,7.695328463341866e-08,5.577455885941163e-05,1.0224471963526938e-10,9.030256577224893e-12,8.710956223012545e-08,1.6589798111643628e-12,0.00019533328304532915,1.1157484935964135e-09,1.03281182217696e-10,3.4436816349625587e-06,4.938578435087493e-10,1.1898599439064128e-07,4.7442765094274364e-07,2.787346221888587e-11,5.516112566716913e-10,5.123733717482537e-05,8.697155884362928e-09,2.443631685888903e-10,1.071824629050866e-09,2.126711584615748e-10,4.356036642505501e-10,5.789266288580563e-10,0.9996935129165649,3.9536370621817696e-08
window-9b273c8c2c4bb7b09481,436_62230_123014,umbrella,umbrella,0.9988179802894592,True,8.68896968264643e-14,7.68376820503569e-11,3.533197912020114e-07,0.00043127313256263733,1.9263155306981083e-11,1.9416940277849903e-11,4.5381931101928785e-08,5.1731226941020836e-11,2.3574089937028475e-05,1.0436066073815642e-11,5.196919561356594e-10,0.00035822056815959513,9.039888282380559e-11,2.387926079094882e-09,1.4439240914043694e-08,1.3677442511905724e-09,1.833379802140822e-11,0.0003683687245938927,1.7777526295503776e-07,1.1221732570954046e-10,7.746651653484093e-10,4.165754963203483e-10,4.8303839150776184e-08,4.103729578375237e-10,0.9988179802894592,1.2348393418903925e-08
window-5c46ef1fe845d2d43c3f,436_62230_123014,umbrella,umbrella,0.8879233598709106,True,2.184240566194262e-09,1.1089269236208565e-07,0.0020054976921528578,0.08138265460729599,8.469152135148761e-08,4.9262820489559545e-09,2.374626774326316e-06,4.229373740116671e-09,0.003763926448300481,2.586299103768397e-07,3.682464777554628e-09,0.0012771410401910543,2.8883209779451136e-06,2.2961988577208103e-07,0.0002540128189139068,3.4557220374153985e-07,1.896818503155373e-05,0.023244833573698997,1.0709003618103452e-05,3.320986252219882e-06,7.043712685117498e-05,3.4381909586045367e-07,4.697370741268969e-07,6.429242603189778e-06,0.8879233598709106,3.1523908546660095e-05
window-0e02e6d2de27ead3cd6a,604_93965_187833,umbrella,umbrella,0.9688438177108765,True,7.217359712262048e-14,2.1713207232210152e-08,0.0002750734565779567,0.0012313073966652155,4.711564915993449e-09,3.881973076325096e-10,8.176177743735025e-07,1.945727579055756e-09,0.02703072503209114,3.9751402169940775e-09,1.1470922878231704e-08,0.0011410854058340192,9.316907488565729e-12,6.760548565409863e-09,0.0014750746777281165,2.3596756193455803e-07,1.0032609187859975e-09,3.899994105438509e-09,4.817170551341121e-10,3.9262413171993124e-14,1.4246539876694442e-06,7.520680611605712e-08,8.60524718149236e-09,2.825641161052772e-07,0.9688438177108765,3.153621840664561e-13
window-2bed0fc984ea5ae3b64f,604_93965_187833,umbrella,umbrella,0.4191613793373108,True,3.1386921506282306e-08,0.00022650216124020517,0.11434350162744522,0.37796008586883545,5.498642874357529e-09,6.957534992579895e-07,9.296645293943584e-05,0.00015026879555080086,0.07915844768285751,9.736697393236682e-05,5.675101874658139e-06,0.004484653472900391,1.6174137584812343e-09,4.51650436161799e-07,0.0010071102296933532,0.0001281720178667456,3.086548350239582e-09,0.001557657727971673,1.992231545955292e-06,2.042828795012497e-09,0.00041694086394272745,0.0004266771429684013,0.0006640478386543691,1.9466895537334494e-05,0.4191613793373108,9.593216236680746e-05
window-91198074cbdc57926479,604_93965_187833,umbrella,bench,0.45522087812423706,False,1.7149274000871628e-08,2.315251731488388e-05,0.014370459131896496,0.45522087812423706,3.538610116038399e-08,9.335764161733096e-08,8.842760507832281e-06,2.7039421183872037e-05,0.014716661535203457,5.348064178178902e-07,7.51578625113325e-07,0.08565082401037216,4.845836620859245e-09,2.3952525296522253e-08,0.03518142178654671,3.2155337976291776e-05,3.6166369454804226e-08,6.428378401324153e-05,5.69911776437948e-07,3.020368330441947e-11,0.00023338756000157446,8.408296707784757e-05,1.197479014081182e-05,1.2798587704310194e-05,0.3943600356578827,4.217594273825398e-09
window-4d17f156b1efe662dea4,604_93965_187833,umbrella,umbrella,0.808941125869751,True,5.1717504112808524e-14,2.7133170377169336e-08,6.285030394792557e-05,0.0008522412390448153,1.0543411699259764e-09,7.89305121262629e-10,2.699216565815732e-07,2.621042272110685e-09,0.18794718384742737,2.3040627183945617e-08,2.0431638603213287e-08,0.0015062374295666814,7.504879530328967e-12,5.293375737736028e-10,0.0006888735224492848,8.611743851361098e-08,5.676450975933278e-10,9.610722884190182e-08,3.9170198334881334e-11,1.3939611048568654e-14,8.079995836851595e-07,8.134530560255371e-08,6.047350176174859e-09,1.2456916920200456e-07,0.808941125869751,1.059707009642974e-11
window-a2731dbf86d05dfd07a1,76_7548_15451,umbrella,handbag,0.6473748087882996,False,3.421234476275181e-11,3.752836346393451e-05,0.009715202264487743,0.031056227162480354,1.3032128265422216e-07,0.0005684054922312498,0.014640859328210354,4.184266344964271e-06,0.1865491420030594,0.00045570661313831806,0.00012096489808754995,0.6473748087882996,3.608836414059624e-05,0.010032379999756813,0.002197998808696866,2.959177982120309e-05,3.347281790411216e-06,1.1809149327746127e-05,1.0035449804490781e-06,2.0722420231322758e-05,0.005201779771596193,0.03615354746580124,1.338537458650535e-05,2.866842805815395e-05,0.05573544651269913,1.1057208212150726e-05
window-4a07cc57c5dbe5545fdc,76_7548_15451,umbrella,chair,0.690890908241272,False,1.7351672399260054e-12,4.543614068097668e-06,0.0010138106299564242,0.03551969677209854,2.7858940043756775e-08,0.00010610245954012498,0.006355834659188986,5.510394203156466e-07,0.690890908241272,8.354554665856995e-06,3.7319578041206114e-06,0.25048792362213135,0.0005012453184463084,0.007006119471043348,8.508393511874601e-05,1.7146169284387724e-06,4.261763422164222e-07,3.1237141229212284e-05,2.0166848457847664e-07,4.8425019485875964e-05,0.0002447543083690107,0.0002938040706794709,1.6145575500559062e-05,0.0003432206576690078,0.007035975810140371,1.3939769871740282e-07
window-bc761c4c152ea0260edb,76_7548_15451,umbrella,chair,0.44880154728889465,False,2.0857772106697148e-11,0.0003263100516051054,0.31094980239868164,0.0023736096918582916,1.5009650411457187e-08,1.4736327102582436e-05,1.4428524082177319e-05,1.3133461834513582e-05,0.44880154728889465,1.7706981452647597e-05,1.1172777703905012e-05,0.20533199608325958,2.1593799829133786e-05,0.005495088174939156,0.0005968577461317182,3.197202750016004e-05,1.0296963637301815e-06,4.7849516704445705e-06,2.699515846416034e-07,7.071625987009611e-06,0.00019281140703242272,0.0010436048032715917,4.568082658806816e-05,1.8524762026572716e-06,0.024690182879567146,1.2757047443301417e-05
window-03f661f3c87b888b01a9,76_7548_15451,umbrella,chair,0.7699977159500122,False,5.630988730853659e-11,0.00015849896590225399,0.1382821947336197,0.04093877226114273,7.508050003934841e-08,1.2286732271604706e-05,0.0008846721611917019,0.0007968993159011006,0.7699977159500122,5.624715413432568e-05,4.013541911263019e-06,0.009008819237351418,1.7984760916078812e-06,0.008838003501296043,0.0005927279125899076,9.317930675933894e-07,5.2839435937812596e-08,1.533302383904811e-05,1.2033869097649585e-05,2.537381624279078e-05,0.0022009937092661858,0.011242005042731762,0.004339880775660276,7.69106627558358e-05,0.012491235509514809,2.233916166005656e-05
window-2c387d204f9aaaa2af2a,307_32362_61186,wineglass,wineglass,0.9527316689491272,True,1.0364996114731184e-06,3.4729232822883205e-08,3.351528388151337e-09,8.263083550730244e-10,1.7028168805555133e-11,6.5889107645489275e-06,5.627552468467911e-07,2.2503446328592247e-10,1.0718392928765752e-07,0.04724899306893349,2.440794455438322e-09,7.067415985773096e-09,5.413236522144871e-06,7.896251652539377e-09,3.914523816206383e-09,1.0495468494298166e-08,6.112160609453646e-14,4.701982732058241e-07,6.475179361586925e-07,4.372232524474384e-06,7.691294823253259e-10,3.238871115751607e-10,4.361067595937129e-08,5.732337271524557e-09,1.3230896413196636e-12,0.9527316689491272
window-d16dfcf2880496a28882,307_32362_61186,wineglass,cup,0.765768826007843,False,0.00018571385589893907,3.4194472391391173e-06,7.289659720299824e-08,8.851862531855659e-08,2.3189146158841822e-09,3.7662255635950714e-05,9.371819032821804e-06,1.4410517223950592e-07,1.4905330090186908e-06,0.765768826007843,2.402009435797936e-08,1.0819537237694021e-05,2.6965586584992707e-05,1.2889232721136068e-06,2.2961703649571064e-08,2.2232061382965185e-06,8.950850477473793e-12,9.995887012337334e-06,8.167996384145226e-06,2.0589795894920826e-05,3.171960543113528e-07,4.061245562070326e-09,2.412305320831365e-06,7.512431352552085e-07,1.319472087146778e-09,0.23390962183475494
window-f3e2a0bef21feec89916,307_32362_61186,wineglass,wineglass,0.8657833933830261,True,0.000315593060804531,1.455600795452483e-05,5.462491259322633e-08,7.965968507051002e-08,1.132698823624878e-09,5.802145551569993e-06,1.2248646271473262e-05,3.073768084504991e-08,1.0598914457204955e-07,0.13352008163928986,1.6978262351585727e-08,2.8403944725141628e-06,0.0002736696624197066,1.0113607231687638e-06,1.7368098070846827e-08,5.3116386879992206e-06,1.0124776884945508e-11,1.7861591913970187e-05,1.0387036127212923e-05,1.8124108464689925e-05,3.6808418713007995e-07,1.3182587244031652e-09,1.335107663180679e-05,5.0695612117124256e-06,5.622730614440741e-10,0.8657833933830261
window-2f56666f28526d76e291,307_32362_61186,wineglass,wineglass,0.994151771068573,True,3.256442869314924e-05,1.2115212832952693e-08,1.6141204639552598e-07,9.42044331431191e-10,2.35580027707627e-10,0.0001408425741828978,5.763095941802021e-06,1.0911706205263272e-08,1.831244276218058e-07,0.0055501386523246765,1.5768923666836798e-10,6.099364124878548e-09,1.8340975884711952e-06,4.711724699291153e-08,2.4696971134829937e-09,2.4353171923507944e-08,2.258661465324996e-13,0.00011003143299603835,5.251678885542788e-06,4.5666317305403936e-07,6.84686440877158e-09,1.1273798561362014e-10,9.501525255473098e-07,1.0132098493542685e-09,1.3112997666875348e-11,0.994151771068573
window-53bb354756c5d3351068,379_44792_89523,wineglass,cup,0.7298123240470886,False,2.8060370027560566e-07,1.3902227919970755e-06,3.2164192020900373e-07,4.207287929602899e-06,1.0299144292957862e-07,0.00044371988042257726,1.8273409807534335e-07,1.1879704997497242e-09,3.127746458631009e-05,0.7298123240470886,8.741892088437453e-05,2.280420474676248e-08,0.0004623781715054065,2.391222331254994e-09,1.5511472106766178e-09,6.490236046374775e-07,9.852826769929379e-05,0.028014041483402252,2.2283467515649136e-08,1.4575100015790099e-09,3.370855665707495e-07,1.2944353922073049e-10,1.1438572755650966e-06,5.711925155083009e-07,8.173591595550533e-06,0.2410329133272171
window-8149de12d4f0fbfa1fea,379_44792_89523,wineglass,cup,0.9811407327651978,False,2.5313240257673897e-05,1.0878018656512722e-05,1.6557735307287658e-06,2.812043248923146e-06,2.6698053545715084e-08,3.4933702409034595e-05,2.581878788987524e-06,2.3474902022257993e-09,6.097841378505109e-07,0.9811407327651978,2.0703880636574468e-06,6.423211118544714e-08,5.704405339201912e-05,1.5616107296168025e-09,4.002396192248625e-09,8.250602689940933e-08,3.295532951597124e-05,0.014251218177378178,1.5408805609240517e-07,1.8110050958863866e-10,1.044266809913097e-05,2.2400153953938684e-10,1.0834564818651415e-05,7.078251229586385e-08,1.8213318071502727e-06,0.004413697402924299
window-649ebdfb828d0e25c04b,379_44792_89523,wineglass,cup,0.945322573184967,False,5.508766116690822e-05,6.726954779878724e-06,4.818802153749857e-06,7.202680990303634e-06,5.1513488585896994e-08,8.930607873480767e-05,2.12221198125917e-06,5.0668798046160646e-09,5.6826224863471e-06,0.945322573184967,1.3253766155685298e-06,4.4280770339355513e-07,0.00038442626828327775,1.5013485565873452e-08,6.317535827804477e-09,2.2690180401241378e-07,0.00022938182519283146,0.05162451043725014,8.419377763857483e-07,1.6825397741726533e-09,2.0360637790872715e-05,8.936680562232624e-11,0.00017333960568066686,6.884789058858587e-07,1.0772785572044086e-05,0.0020599584095180035
window-944fc02470e63a28f1e2,379_44792_89523,wineglass,cup,0.944562554359436,False,1.1514095604070462e-05,4.141628778597806e-06,1.1142279987552683e-08,2.6040896727863583e-07,3.0467151024282657e-10,0.00015837598766665906,5.2798235117279546e-08,4.3604156396703786e-10,3.1282917234420893e-07,0.944562554359436,1.961328507604776e-06,3.768053424835216e-09,1.5153074855334125e-05,3.61746188559664e-11,1.7793209960981216e-10,2.1692708074283473e-08,2.585518086561933e-05,0.006583668757230043,1.3556869760122936e-07,8.218897784573187e-11,1.239831846078232e-07,2.6289159651277094e-12,2.4740018034208333e-06,1.4470206366468119e-08,3.8513965705533337e-07,0.048632923513650894
window-72845f32f7d01c5b5dcf,400_51387_100909,wineglass,wineglass,0.997666597366333,True,3.514025195272552e-07,2.869526269932976e-06,7.039758997962053e-09,2.9991278349683625e-09,3.5558542776925606e-07,6.443116973287033e-08,2.455216758789902e-07,4.933701225340315e-10,2.3783954805622898e-09,0.00042629215749911964,5.869451036311091e-10,1.0306687272532145e-06,6.0854622461192776e-06,3.047570251712983e-10,1.4775033418956696e-09,9.62886090860593e-08,1.7692542986225135e-09,0.0018800310790538788,3.9087681216187775e-06,1.2968087714781973e-09,8.332051947945729e-06,1.7212097090484046e-13,3.128643129457487e-06,5.282591928335023e-07,5.5607771720644905e-09,0.997666597366333
window-1c6a20ab563108168bdc,400_51387_100909,wineglass,wineglass,0.9953612685203552,True,1.1167860520799877e-06,1.7984049236474675e-06,6.541730490638997e-10,1.175941566344818e-09,5.5017462807782636e-11,2.0898960784165865e-08,2.0585685933660614e-10,5.102552824709505e-10,5.20551435290173e-10,0.0006861559231765568,1.8056925910059363e-07,2.091944839577309e-09,1.4361960438691312e-06,1.4789788317648433e-12,6.636027231193831e-12,1.6252838008767867e-07,1.3836897494456935e-07,0.0039466689340770245,1.1262177679327579e-07,5.497547295868488e-12,1.2709324437309988e-07,3.411420180631647e-13,8.745797117626353e-07,1.8444911153991939e-09,7.684863301271605e-10,0.9953612685203552
window-612f2d14c5f16f31ae74,400_51387_100909,wineglass,wineglass,0.8155211806297302,True,1.6374920974726592e-08,7.387181000240162e-08,4.4702648700767345e-12,6.484919480749529e-13,7.955399533576824e-11,3.754250688103866e-09,3.5531886460882234e-11,1.1101639572907995e-11,4.345296622521033e-10,1.2360244909359608e-05,1.9895820546622645e-09,2.971471513291135e-09,4.0172889725909045e-07,6.4646833554198556e-15,4.951960269248233e-14,4.070863091065746e-10,6.986382028451033e-10,0.18446595966815948,3.676408732999903e-09,6.835996612525319e-13,6.572262378767846e-08,1.6035441610618914e-14,1.827360662787214e-08,2.856806458062522e-10,3.7568542027299756e-11,0.8155211806297302
window-385e6ad6dce2fb564fd9,400_51387_100909,wineglass,wineglass,0.9742685556411743,True,8.774814830303512e-08,1.49268615246001e-07,8.385816485656505e-09,4.768807571053912e-09,8.90011733645224e-07,8.994338429602067e-08,1.6925716384008638e-10,8.043694599280116e-10,4.889074034508667e-08,0.015838012099266052,1.0819721785182423e-09,1.5231742978016882e-08,7.527349225711077e-05,4.280640078513365e-12,9.217951402185065e-11,1.3663122855334109e-09,2.4567027594457613e-06,0.009803930297493935,3.0115227218630025e-06,4.797378050369616e-10,4.948396394865995e-07,1.8426612232586015e-12,6.8844301495119e-06,4.318074786624493e-08,5.896214766432095e-11,0.9742685556411743
window-5d1dde152afc845e070a,403_52945_103427,wineglass,wineglass,0.9995877146720886,True,3.9686418040751903e-10,5.943274672404186e-08,7.435348337025971e-09,9.124343058886097e-09,2.6629365379449155e-10,1.4050086747374735e-06,6.172817031829814e-12,8.263341400027713e-12,3.6678271531087603e-09,0.00029554759385064244,5.256200665826327e-07,1.663748132318954e-11,2.7584639017419477e-09,9.071986868322557e-13,8.116031458005324e-11,1.0201539613063915e-09,2.0372019093883864e-07,0.0001143770496128127,1.1319535586640228e-11,3.040599022563484e-11,6.860857715285107e-11,7.617510138294148e-13,3.402042381139836e-08,7.315394401352648e-10,3.112621965728479e-11,0.9995877146720886
window-640aae98264ec32923e3,403_52945_103427,wineglass,wineglass,0.9948528409004211,True,3.6535465142151224e-07,8.29963173600845e-05,4.569148586597294e-06,1.0340894505134202e-06,2.950355053599196e-07,9.639142035666737e-07,9.040896503664797e-11,1.4148076843412127e-07,3.624820408276719e-07,0.004167033825069666,3.1628655960957985e-06,1.3089075423522445e-07,5.267902452033013e-06,3.929853942263861e-10,1.2960080786328376e-09,2.6723023438535165e-06,1.5388417295980616e-06,0.0007750699878670275,2.4503636897321712e-09,5.477479025906007e-10,1.1483633670650306e-06,1.7844260791211042e-11,9.539598249830306e-05,5.07308777741855e-06,8.692443986824117e-10,0.9948528409004211
window-fd756cc58ea7bfeb6ade,403_52945_103427,wineglass,wineglass,0.9848988652229309,True,6.353174285322893e-06,0.0005305787781253457,2.867844159482047e-06,9.59296926339448e-08,3.0345866264269716e-08,2.130082248186227e-05,1.2203019705836482e-09,1.7767036979421391e-06,2.979188025165058e-07,0.008376355282962322,3.240599107812159e-05,7.088430464818885e-08,6.99435895512579e-06,4.042235296486396e-11,1.578335906415873e-09,8.90536512088147e-07,4.96170196129242e-06,0.00610032444819808,1.6656056534003483e-09,1.4296815120662387e-10,9.059961598723021e-07,1.4065279323183244e-11,1.4633043065259699e-05,3.573215678898123e-07,7.0286372277905684e-09,0.9848988652229309
window-6f38b89f3ba8664748ac,403_52945_103427,wineglass,wineglass,0.9586003422737122,True,2.3243943360284902e-05,0.013893731869757175,5.7761091738939285e-05,7.238158286781982e-05,1.945773146871943e-05,1.7170012142742053e-05,1.571717263004757e-07,0.0001584822020959109,1.370855352433864e-05,0.0074754999950528145,0.0012864437885582447,3.946696779166814e-06,9.232260708813556e-06,4.948574314767029e-07,1.2008493968096445e-06,0.0007496982580050826,8.053872079472058e-06,0.012951086275279522,1.6220079146478383e-07,2.2131972698957725e-08,9.22660474316217e-05,5.772662903247294e-10,0.004503604490309954,6.171718268888071e-05,1.3599381532003463e-07,0.9586003422737122
window-ab6586e3e29452bd5e12,482_69023_134346,wineglass,cup,0.852361798286438,False,0.0019889234099537134,4.585696296999231e-05,0.000303461478324607,0.0007869232795201242,1.8488299247110263e-05,0.006038394290953875,1.3319936442712788e-05,6.927113549437536e-09,1.7389993445249274e-05,0.852361798286438,2.159970063075889e-05,8.042615036174539e-07,0.0012704530963674188,3.7369403571574367e-07,0.0015076318522915244,0.0008584993775002658,2.9563212592620403e-05,0.004363823216408491,0.0007461645873263478,0.00686375517398119,0.00625940365716815,2.8871194444946013e-05,0.014522555284202099,0.0002606580383144319,0.0002277905587106943,0.10146363079547882
window-0d64c2a0438ba3b5df9f,482_69023_134346,wineglass,toyplane,0.36271560192108154,False,0.10021334141492844,1.2646266441151965e-05,0.006303653120994568,0.021894125267863274,0.0010258560068905354,0.01964157074689865,0.004048982635140419,9.570915437961958e-08,3.1707245398138184e-06,0.07861337810754776,2.5032992198248394e-05,1.3382838005782105e-05,0.030322672799229622,5.507474270416424e-06,0.02527875453233719,0.09536039084196091,0.00023364066146314144,0.014776471070945263,0.0010219268733635545,0.0035391293931752443,0.004033374134451151,0.00015280794468708336,0.36271560192108154,0.018608735874295235,1.6590545783401467e-05,0.21213926374912262
window-d583549861494936cafd,482_69023_134346,wineglass,wineglass,0.441223680973053,True,0.058740194886922836,1.8671113139134832e-05,0.002278165426105261,0.005850461311638355,7.715380343142897e-05,0.003190640127286315,0.0011771339923143387,2.562434815445158e-07,3.38075369654689e-05,0.02623114176094532,8.161509322235361e-05,1.537938203455269e-07,0.29083287715911865,6.748885539309413e-08,0.0014811459695920348,0.0016223284183070064,0.0019853331614285707,0.026568740606307983,8.665837231092155e-05,0.10057248920202255,0.0032132307533174753,3.384398951311596e-05,0.03251200169324875,0.0021771653555333614,1.1032116162823513e-05,0.441223680973053
window-77a727e639a2ebd986fd,482_69023_134346,wineglass,cup,0.8272322416305542,False,0.023183673620224,0.0001778774312697351,5.0675440434133634e-05,0.010658863931894302,4.794350388692692e-05,0.007744271773844957,3.9645408833166584e-05,2.6309859890716325e-07,0.00013381232565734535,0.8272322416305542,0.00015977831208147109,9.017509796649392e-07,0.005311009474098682,6.515355721603555e-07,0.0015127803198993206,0.0009079469600692391,0.002132438588887453,0.0060861906968057156,0.0026216113474220037,0.0031894512940198183,0.020204856991767883,0.00011761533824028447,0.003770806360989809,0.003183121560141444,1.9462427189864684e-06,0.08152958005666733
window-942989f8301f68b53528,514_73689_143350,wineglass,plant,0.5646472573280334,False,1.772992447302002e-10,3.656836270238273e-06,0.00010801087046274915,0.0012710931478068233,1.3070677352955418e-11,0.005928308703005314,0.0015122757758945227,1.4017242921937623e-09,0.036839839071035385,0.02345060557126999,1.2499189097070484e-06,0.002308046678081155,1.191180035675643e-05,1.0178265341664883e-08,0.008730627596378326,1.506724061073328e-06,1.0433299166834331e-06,0.5646472573280334,7.500513987679369e-08,5.89562114328146e-06,2.9568853278760798e-05,0.0010435075964778662,2.7751360676120385e-07,1.5068268112372607e-05,0.0034095430746674538,0.3506806194782257
window-8e5e0e3a932a260b16d5,514_73689_143350,wineglass,wineglass,0.9905399084091187,True,6.263334850764579e-10,1.5936154795781476e-06,2.4107401941364515e-07,2.268663592985831e-06,6.727900029625256e-14,3.831184130831389e-06,1.0202537481518448e-07,7.411200542151164e-10,1.5148856391533627e-07,0.0004892165889032185,2.0008850754038576e-07,2.074819205333256e-09,1.2336880672592088e-07,3.813536725988387e-12,8.218196256848387e-08,8.632981551848218e-10,6.434979127334373e-08,0.008957810699939728,2.9090529984898694e-09,2.1689171347816227e-08,2.0319419036241015e-06,2.2097975005408443e-08,7.770502019610603e-10,1.5076172532602072e-09,2.2735239326721057e-06,0.9905399084091187
window-f933788d882d1e273513,514_73689_143350,wineglass,wineglass,0.8309112191200256,True,4.385591267919153e-08,0.00017651994130574167,1.629129474167712e-05,5.5094034905778244e-05,1.3516239505406702e-07,5.007020081393421e-05,5.166972186998464e-06,0.00016348625649698079,2.7601764429618925e-08,0.0007078314083628356,2.1017500330344774e-05,5.041194071964128e-06,5.065997470410366e-07,2.4586677582760785e-08,1.1833753532641822e-08,7.769322110107169e-06,1.8420561218590592e-06,0.16785332560539246,1.9311515643494204e-05,7.163915682895095e-08,1.1057454685214907e-06,2.2338981775504863e-09,3.471416675893124e-06,5.950277568445017e-07,3.484760568994716e-08,0.8309112191200256
window-238d6e38f36587fd2ad4,514_73689_143350,wineglass,wineglass,0.7238905429840088,True,2.2775897434712533e-07,0.00020123549620620906,4.338803410064429e-05,8.694766438566148e-05,1.2884892264253267e-08,1.4468560038949363e-05,4.578283551381901e-06,9.498147846898064e-06,8.573932319677624e-08,0.0014269372913986444,1.1076008377131075e-05,5.518726538866758e-06,2.6917488867184147e-05,1.462285439401967e-07,7.90326225796889e-07,9.506466994935181e-06,8.355967224815686e-07,0.2739020884037018,0.00031514346483163536,6.025560423950083e-07,4.513513340498321e-05,6.682367370558495e-08,2.9364850888669025e-06,2.938332386293041e-07,9.931305839927518e-07,0.7238905429840088
window-982a667110374f4cf755,606_95085_191490,wineglass,wineglass,0.9104704856872559,True,7.270416972460225e-05,1.5945024642860517e-05,0.00030602625338360667,9.711776328913402e-06,0.0002065558946924284,0.00036710279528051615,0.0044323597103357315,6.257529321374022e-07,2.0457850041566417e-05,0.0739763006567955,0.00018686181283555925,1.2364253052510321e-05,0.00023910636082291603,0.0010319564025849104,0.00011862581595778465,0.00013054303417447954,6.935833516763523e-05,0.006531545892357826,0.0001386089570587501,0.0012135911965742707,6.847501936135814e-05,1.5568417666145251e-06,5.172569672140526e-06,3.174391622451367e-06,0.00037070040707476437,0.9104704856872559
window-ebb9b7b3222b0730ef02,606_95085_191490,wineglass,wineglass,0.9859063625335693,True,9.012641327688087e-11,3.276750745739854e-11,1.4260588443448796e-07,1.7647149297417286e-09,1.4434749229241817e-10,5.116535817251133e-07,4.185428394976043e-07,7.894836992266771e-14,8.4437021996564e-07,8.073312346823514e-05,6.261489243764018e-11,7.354510229984346e-12,1.677861121152091e-07,9.561772901234278e-11,6.731575297180825e-08,2.0126806471454373e-11,1.6994151919025313e-10,0.014004177413880825,1.9566633036038894e-11,6.542455139424419e-06,7.826663761534292e-10,1.2964652684743783e-09,3.8126842127894633e-08,3.7729933066721344e-10,1.3500892626083782e-09,0.9859063625335693
window-1b9e94a6efc89b4c0696,606_95085_191490,wineglass,plant,0.7059488892555237,False,2.705116344259295e-07,2.1706213715333433e-08,1.4034950254426803e-05,5.391487502492964e-05,4.151074335823068e-06,2.3876211344031617e-05,0.002499083988368511,1.8913583588187066e-08,0.000914800213649869,0.1230410560965538,1.0753013839348569e-06,1.1538015769474441e-06,2.983775266329758e-05,1.2115347999497317e-05,0.0015219133347272873,3.2442375896835074e-08,1.0996183846145868e-05,0.7059488892555237,6.804259101045318e-06,0.006475513335317373,3.92622641811613e-05,1.942697281265282e-06,9.845857675827574e-06,7.888190793892136e-07,6.036166269041132e-06,0.15938261151313782
window-c8918d66a0d4fea83df1,606_95085_191490,wineglass,plant,0.4454062581062317,False,5.617245779632185e-09,1.5294259192444315e-09,8.597485248174053e-06,1.8165761503041722e-05,1.6273979781544767e-05,4.0734394133323804e-05,0.012084731832146645,6.074406533329579e-10,0.2678844928741455,0.09313099831342697,7.065879117362783e-07,2.8287611712585203e-05,0.00015576195437461138,0.00024379551177844405,0.022177597507834435,1.10070629943948e-07,6.7088703872286715e-06,0.4454062581062317,1.5859009181440342e-06,0.14909480512142181,0.00023032423632685095,2.0904603843519e-06,1.2815348782169167e-05,3.004958307428751e-05,0.00013577277422882617,0.009289242327213287
