window_id,sequence_id,category,predicted_category,predicted_probability,correct,probability_apple,probability_ball,probability_baseballbat,probability_bench,probability_book,probability_bowl,probability_cake,probability_carrot,probability_chair,probability_cup,probability_frisbee,probability_handbag,probability_hydrant,probability_kite,probability_microwave,probability_mouse,probability_parkingmeter,probability_plant,probability_sandwich,probability_stopsign,probability_teddybear,probability_toilet,probability_toyplane,probability_toytruck,probability_umbrella,probability_wineglass
leftover-window-6d7c583d4bd82d0dbf2c,62_4327_11547,chair,chair,0.9974752068519592,True,9.987119483412243e-06,1.4526518498314545e-05,0.00019663911371026188,0.00031746341846883297,0.0007147145224735141,8.609275391791016e-05,4.89904050482437e-05,1.43338165798923e-05,0.9974752068519592,3.582823774195276e-05,4.560950037557632e-05,0.00016789435176178813,1.152408276539063e-05,4.9783582653617486e-05,8.695375072420575e-06,8.897717634681612e-06,2.2431195247918367e-05,0.0005007394356653094,8.77626589499414e-05,8.92258140083868e-06,2.300737105542794e-05,5.675880311173387e-05,6.530372047564015e-06,3.1919094908516854e-05,2.6352587155997753e-05,2.9286891731317155e-05
leftover-window-184ab8c4fcd863e482f8,62_4327_11547,chair,chair,0.9997701048851013,True,3.2666284823790193e-06,1.6743377955208416e-06,1.9033763237530366e-05,4.1539871745044366e-05,2.5158711650874466e-05,6.640417268499732e-06,4.959460966347251e-06,1.8099419776262948e-06,0.9997701048851013,3.532219352564425e-06,4.329420789872529e-06,5.342431450117147e-06,2.5885408376780106e-06,1.3326440239325166e-05,3.8781113289587665e-06,1.7573001969140023e-06,6.538720754178939e-06,8.70460644364357e-06,1.9178822185494937e-05,5.559070359595353e-06,2.679125827853568e-06,3.196669786120765e-05,3.706418283400126e-06,5.887961833650479e-06,3.969559656979982e-06,3.038413296962972e-06
leftover-window-7ae626979eefbba3a9f0,433_61349_119679,parkingmeter,wineglass,0.30364611744880676,False,0.003760834690183401,0.013189716264605522,0.009099888615310192,0.11344417929649353,0.026575954630970955,0.003982884809374809,0.025165127590298653,0.005053842905908823,0.005065700970590115,0.005661007948219776,0.012004884891211987,0.003805021056905389,0.004601231310516596,0.08848647773265839,0.006456936243921518,0.005539383739233017,0.14317800104618073,0.10284987092018127,0.024840841069817543,0.013832728378474712,0.030047357082366943,0.005615872796624899,0.0022309424821287394,0.04027717933058739,0.0015880425926297903,0.30364611744880676
leftover-window-5a561d20cd3a4bf5c0dd,421_58416_112563,stopsign,stopsign,0.9311840534210205,True,0.00018649281992111355,0.0009982736082747579,0.0035833194851875305,0.006822014227509499,0.0003265900886617601,0.0011272523552179337,0.00047481051296927035,0.0003219563513994217,0.0001423234643880278,0.0014378286432474852,0.00016438418242614716,0.00022059849288780242,0.0056322854943573475,0.0020521890837699175,0.0013686113525182009,0.0007110009901225567,0.02977829799056053,0.001744873821735382,0.0003551892295945436,0.9311840534210205,0.00238573900423944,0.002462733769789338,0.0002506330201867968,0.00045449784374795854,0.0046546258963644505,0.0011593110393732786
leftover-window-af8813137aaf9e78426b,403_53193_103795,toytruck,toytruck,0.9939743876457214,True,5.939311449765228e-05,3.449833457125351e-05,1.5018564226920716e-05,2.4282266167574562e-05,0.00014751168782822788,2.082855462504085e-05,0.00015165652439463884,4.241332862875424e-05,0.0011044106213375926,0.0005294125294312835,2.6191666620434262e-05,0.0007663402357138693,0.0002774205058813095,6.661134102614596e-05,0.00011218597501283512,8.795296889729798e-05,0.00032940134406089783,5.5865377362351865e-05,0.00015545726637355983,2.496539309504442e-05,0.0001151907054008916,1.8307307982468046e-05,0.0017460661474615335,0.9939743876457214,9.928885265253484e-05,1.5063102182466537e-05
leftover-window-67f9403b466c193695b6,403_53193_103795,toytruck,toytruck,0.9540870189666748,True,0.004404975101351738,0.0007273228839039803,0.00023058416263666004,0.0008660837775096297,0.0028199756052345037,0.0008724204963073134,0.0008003723341971636,0.0011150161735713482,0.0011684841010719538,0.0031892573460936546,0.0004310708900447935,0.006672069430351257,0.0024441026616841555,0.00423828000202775,0.0006863090093247592,0.0006053725373931229,0.0003997065359726548,0.00036077137337997556,0.0003508485679049045,0.00016406785289291292,0.000316435209242627,0.00011234260455239564,0.010603772476315498,0.9540870189666748,0.0007508114795200527,0.0015824802685528994
leftover-window-f872ae87e91db82c447e,475_67235_131970,wineglass,bench,0.9107891917228699,False,0.0030561573803424835,0.0008437958895228803,0.008037605322897434,0.9107891917228699,0.0044826483353972435,0.0001181946718133986,0.0023193424567580223,0.002509545302018523,0.0025660970713943243,0.013942277990281582,0.0008049510070122778,0.0012404160806909204,0.004379686899483204,5.897294249734841e-05,0.0013936030445620418,0.0007798148435540497,0.000912244722712785,0.0029186541214585304,0.011261475272476673,0.0017077549127861857,0.00024398398818448186,0.000859815685544163,0.0008194358670152724,0.007625714410096407,0.0001857804018072784,0.01614278368651867
leftover-window-6ca3fa32ca4db97eb32c,475_67235_131970,wineglass,bench,0.7783991098403931,False,0.007566136308014393,0.0028751767240464687,0.009966087527573109,0.7783991098403931,0.009161003865301609,0.00036839340464212,0.004986959043890238,0.0031389023642987013,0.00545573141425848,0.023907069116830826,0.0005350421997718513,0.0015572287375107408,0.03913988918066025,4.871193959843367e-05,0.0031820342410355806,0.0018463964806869626,0.005348294507712126,0.007108988706022501,0.03140063211321831,0.008334477432072163,0.0007679739501327276,0.0031836871057748795,0.0013390470994636416,0.04106062650680542,0.0016865275101736188,0.007635811809450388
window-06b07fff690598cf242f,620_101397_203374,apple,apple,0.9994520545005798,True,0.9994520545005798,2.6970936232828535e-05,2.4514940378139727e-05,0.00010016847227234393,9.939242772816215e-06,4.698342763731489e-06,0.00010609696619212627,6.15381941315718e-06,4.5461224544851575e-06,2.53922426054487e-05,4.6510889660567045e-05,3.3761334634618834e-06,2.2996744064585073e-06,1.1899005585291889e-05,2.0356389995868085e-06,3.3477415854576975e-05,8.663903827255126e-06,1.3776535524812061e-05,1.666554089752026e-05,6.974620646360563e-06,3.7607571812259266e-06,3.6726043617818505e-05,5.037735718360636e-06,1.802536462491844e-05,2.82134824374225e-05,1.9567571598599898e-06
window-298ca542c22db3c41c34,620_101397_203374,apple,apple,0.9997166991233826,True,0.9997166991233826,5.364379376260331e-06,1.5099509255378507e-05,4.6583005314460024e-05,7.101614301063819e-06,5.262575086817378e-06,4.649517359212041e-05,4.66630172013538e-06,2.256258767374675e-06,1.0516244401514996e-05,8.511020496371202e-06,1.6511502280991408e-06,2.9888490189478034e-06,1.1195295883226208e-05,3.570742137526395e-06,1.8208500478067435e-05,3.2262628337775823e-06,6.562866474268958e-06,1.4764732441108208e-05,6.17082514509093e-06,1.4925096820661565e-06,1.9536266336217523e-05,5.551235062739579e-06,2.1596111764665693e-05,1.3912920621805824e-05,9.633389481678023e-07
window-be15febdd7bf69673a5f,620_101397_203374,apple,apple,0.9997386336326599,True,0.9997386336326599,1.1230627933400683e-05,1.3396702343015932e-05,3.9896840462461114e-05,5.172277269593906e-06,4.0822383198246825e-06,3.2334381103282794e-05,3.2180828384298366e-06,2.2924409677216318e-06,5.8510954659141134e-06,1.1017104952770751e-05,1.2510491842476767e-06,2.3661493742110906e-06,1.2250214240339119e-05,2.527041715438827e-06,1.9699860786204226e-05,3.6076064588996815e-06,6.083695097913733e-06,5.136012077855412e-06,6.65722700432525e-06,1.8070014675686252e-06,3.348429891047999e-05,2.754499519141973e-06,1.697233528830111e-05,1.6893707652343437e-05,1.4626455140387407e-06
window-efa68518f266fece998e,620_101397_203374,apple,apple,0.999701201915741,True,0.999701201915741,1.2895660802314524e-05,1.7552103599882685e-05,5.011289977119304e-05,7.357753474934725e-06,6.660210146947065e-06,4.1327555663883686e-05,6.020286946295528e-06,2.0045081328134984e-06,1.2852492545789573e-05,8.574197636335157e-06,2.748589395196177e-06,2.1870509954169393e-06,7.269980869750725e-06,2.33430000662338e-06,1.786564644135069e-05,4.03752983402228e-06,6.080428192944964e-06,1.4185146028466988e-05,4.888506282441085e-06,2.161692691515782e-06,3.676043343148194e-05,3.837142230622703e-06,1.1035798706870992e-05,1.6727437468944117e-05,1.2707488394880784e-06
window-8fc3b45d431e9bb6a541,151_16771_32072,apple,apple,0.9851550459861755,True,0.9851550459861755,4.5371980377240106e-05,5.5754971981514245e-05,0.013006978668272495,0.00011397967318771407,6.032859801052837e-06,1.6251950000878423e-05,4.8282978241331875e-05,1.9801371308858506e-05,8.411117596551776e-05,7.221287523861974e-05,7.2010238909570035e-06,2.0349325495772064e-06,5.429095381259685e-06,0.00042384100379422307,0.00013212962949182838,1.256592440768145e-05,5.2629256970249116e-05,0.0001842125493567437,6.084790948079899e-05,2.3742391931591555e-05,3.156712045893073e-05,4.844489467359381e-06,0.0004089971480425447,2.173405300709419e-05,4.399181761982618e-06
window-d63d7150fa96d1a0fac1,151_16771_32072,apple,apple,0.9700310230255127,True,0.9700310230255127,0.00010271131759509444,4.7801881009945646e-05,0.0277878250926733,0.00013174842752050608,6.9919460656819865e-06,4.705351238953881e-05,4.0846698539098725e-05,1.4310494407254737e-05,0.00010585798736428842,7.953577733132988e-05,1.0546434168645646e-05,4.763806828123052e-06,2.4768703951849602e-05,0.0006086735520511866,0.00016465397493448108,1.7810732970247045e-05,5.400693044066429e-05,0.00023872805468272418,3.33674943249207e-05,7.184800779214129e-05,4.929538772557862e-05,8.128252375172451e-06,0.00026962964329868555,2.1097604985698126e-05,2.689625216589775e-05
window-2db1e47f2fd8e4c94858,151_16771_32072,apple,apple,0.9980756044387817,True,0.9980756044387817,1.9989684005849995e-05,2.386995947745163e-05,0.0015823212452232838,1.094090475817211e-05,4.230421836837195e-06,2.2392679966287687e-05,8.966640052676667e-06,1.444624331270461e-06,3.2279178412863985e-05,1.1469064702396281e-05,2.3765121568430914e-06,2.4333521650987677e-06,3.658587729660212e-06,3.066214776481502e-05,1.5112075743672904e-05,1.5764242107252358e-06,1.2803857316612266e-05,5.422065805760212e-05,1.7355203453917056e-05,7.778940926073119e-06,1.6781310478108935e-05,2.7387916361476528e-06,2.3901509848656133e-05,1.047758723871084e-05,4.584334874380147e-06
window-803386818eadf3fa7b91,151_16771_32072,apple,apple,0.9419394135475159,True,0.9419394135475159,5.1534530939534307e-05,6.723755359416828e-05,0.0561068020761013,6.969788955757394e-05,4.534790150501067e-06,1.5222440197248943e-05,6.201578071340919e-05,7.99221743363887e-06,0.00014853620086796582,2.8166296033305116e-05,1.1345860912115313e-05,5.914712346566375e-06,5.1329775487829465e-06,0.0007024427759461105,4.632522541214712e-05,2.7468927328300197e-06,3.971145270043053e-05,0.00032441786606796086,3.479931183392182e-05,1.50970945469453e-05,3.186589674442075e-05,4.990619800082641e-06,0.00025737768737599254,7.80750997364521e-06,8.842614079185296e-06
window-156dcf712c34a69415b2,96_10748_18781,apple,apple,0.9997981190681458,True,0.9997981190681458,8.379397331736982e-05,7.25736390450038e-06,4.70269333163742e-05,6.078031674405793e-06,1.6870103536348324e-06,6.71551788400393e-06,4.057519618072547e-06,4.5138574478187365e-07,7.55205110181123e-06,1.4136732033875887e-06,8.422379096373334e-07,6.073896656744182e-07,2.8599924917216413e-07,6.352842092383071e-07,5.739421794714872e-06,8.624034535387182e-07,4.201041065243771e-06,1.1329405424476136e-05,1.3218948424764676e-06,9.779527090358897e-07,2.5355714114994043e-06,5.933563329563185e-07,2.6030656954389997e-06,3.2402813303633593e-06,2.197869548581366e-07
window-56961d0bf1cdbdf03bcd,96_10748_18781,apple,apple,0.9996966123580933,True,0.9996966123580933,2.1877534891245887e-05,1.2982014595763758e-05,0.00012789068568963557,1.0984163054672536e-05,4.474265097087482e-06,7.502236712753074e-06,8.990672540676314e-06,7.465903877346136e-07,2.272243182233069e-05,1.7096845112973824e-06,2.8925685455760686e-06,1.6669625892973272e-06,1.2776766880051582e-06,1.3039481245868956e-06,7.899954653112218e-06,1.2483901628002059e-06,1.311257710767677e-05,2.5919311156030744e-05,5.4931679187575355e-06,1.215349584526848e-06,6.860425401100656e-06,1.4092884157435037e-06,2.6377631456853123e-06,1.0246687452308834e-05,4.91175853767345e-07
window-ca6a2836c56f43a0a6a6,96_10748_18781,apple,apple,0.9971766471862793,True,0.9971766471862793,0.0003227790875826031,5.5832126236055046e-05,0.001310465158894658,6.488188228104264e-05,2.0034001863677986e-05,9.624637641536538e-06,4.1246548789786175e-05,3.973276761826128e-06,0.0004173782654106617,7.648406608495861e-06,3.501807805150747e-05,1.0347237548558041e-05,1.441668973711785e-05,4.050908046338009e-06,3.3911630453076214e-05,2.0807076452911133e-06,0.00011963459837716073,0.00023878831416368484,7.324028501898283e-06,1.2841780517192092e-05,4.3194526369916275e-05,3.889676918333862e-06,2.4085735276457854e-05,1.2322256225161254e-05,7.493144948966801e-06
window-8d502de56de91c1b832d,96_10748_18781,apple,apple,0.9984684586524963,True,0.9984684586524963,0.0001864059449872002,1.4905715033819433e-05,0.0007745641632936895,2.5494775400147773e-05,9.975541615858674e-06,1.4117953469394706e-05,2.07070515898522e-05,1.4651919855168671e-06,0.00026087710284627974,3.3930036806850694e-06,9.921225682774093e-06,3.905390258296393e-06,2.460363702994073e-06,2.252605781905004e-06,1.8074933905154467e-05,1.4418271803151583e-06,4.234023072058335e-05,9.574962314218283e-05,3.5239420412835898e-06,3.3232386158488225e-06,1.5600659025949426e-05,7.196328510872263e-07,1.1250200259382837e-05,6.3932352531992365e-06,2.5939277747966116e-06
window-693a9cc0fabdf476b331,608_95712_192517,apple,apple,0.9979129433631897,True,0.9979129433631897,3.2947522413451225e-05,0.00010375859710620716,0.0002560725260991603,6.302556721493602e-05,8.488339517498389e-05,9.404682350577787e-05,1.5123697266972158e-05,3.024683246621862e-05,5.650362072628923e-05,7.480788917746395e-05,2.339506318094209e-05,7.460619235644117e-05,1.537748539703898e-05,1.309095387114212e-05,6.32122319075279e-05,3.9616512367501855e-05,6.142255006125197e-05,3.4884218621300533e-05,0.0005771057913079858,1.761973362590652e-05,0.00018535058188717812,3.344872675370425e-05,3.2605901651550084e-05,0.00010034488514065742,3.5429286526778014e-06
window-a5c5b97d727fcf4102bd,610_96727_193809,apple,apple,0.9612633585929871,True,0.9612633585929871,0.007168589159846306,0.00045024207793176174,0.022191153839230537,3.326129444758408e-05,5.9242895076749846e-05,4.149989035795443e-05,0.0006555764703080058,5.7812449085759e-05,0.000352701754309237,4.674861338571645e-05,3.77663345716428e-05,3.039566036022734e-05,5.2652489102911204e-05,0.0033071201760321856,0.00024200310872402042,1.6656464140396565e-05,0.00022652152983937413,0.0031306734308600426,6.372312782332301e-05,9.129091631621122e-05,8.248351514339447e-05,0.0002129590866388753,8.939235704019666e-05,3.143325011478737e-05,6.475921691162512e-05
window-17207c0ef9aea183b8f7,201_21619_43660,ball,ball,0.9994450211524963,True,3.1688665330875665e-05,0.9994450211524963,3.5419190680840984e-05,6.0005106206517667e-05,8.239871021942236e-06,7.179900876508327e-06,2.168382161471527e-05,1.0901032510446385e-05,5.181099822948454e-06,0.00018871876818593591,1.6318819689331576e-05,4.987069132766919e-06,2.166043486795388e-06,2.0073132418474415e-06,4.595573955157306e-06,6.932998076081276e-06,1.4454825532084215e-06,2.019730345637072e-05,9.984945791075006e-06,7.732363883405924e-06,3.901658783433959e-05,1.2375658116070554e-05,6.94275740897865e-06,7.602374694215541e-07,9.954976121662185e-06,4.0536026062909514e-05
window-4ebdbb2b40c5d0033980,201_21619_43660,ball,ball,0.9985151886940002,True,0.00017603160813450813,0.9985151886940002,6.0053655033698305e-05,0.0003356757224537432,1.758321923261974e-05,1.6117182894959114e-05,5.266237349133007e-05,2.766708712442778e-05,1.8875720343203284e-05,0.00035464396933093667,3.24068678310141e-05,6.6865086409961805e-06,6.35929245618172e-06,5.844960924150655e-06,8.808423444861546e-06,2.5488358005532064e-05,3.474089680821635e-06,4.366180291981436e-05,4.1327482904307544e-05,5.151459390617674e-06,0.00011874838673975319,2.019722705881577e-05,9.280642188969068e-06,1.939095454872586e-06,1.0056840437755454e-05,8.615622209617868e-05
window-24e69060602b1b41c882,201_21619_43660,ball,ball,0.9993206262588501,True,2.3041651729727164e-05,0.9993206262588501,3.074132473557256e-05,0.00016688118921592832,1.1695474313455634e-05,9.383920769323595e-06,1.5456056644325145e-05,1.8370072211837396e-05,3.914937042281963e-05,0.00010793624096550047,2.750554085650947e-05,5.8539949350233655e-06,6.179781735227152e-07,3.5399636999500217e-06,6.783626758988248e-06,9.509151823294815e-06,1.1882002581842244e-06,2.020066494878847e-05,2.891777148761321e-05,2.450957708788337e-06,3.648722486104816e-05,1.3626401596411597e-05,6.73547856422374e-06,3.943414981222304e-07,6.525965090986574e-06,8.637872088002041e-05
window-35e059666d8d83807200,201_21619_43660,ball,ball,0.9994828701019287,True,2.8665413992712274e-05,0.9994828701019287,6.164221122162417e-05,4.408194581628777e-05,6.6927650550496764e-06,8.273490493593272e-06,2.1812988052261062e-05,7.336984708672389e-06,7.102052677510073e-06,0.0001409176766173914,2.6680248993216082e-05,4.863080448558321e-06,1.2356484830888803e-06,4.239215741108637e-06,4.077136509295087e-06,9.445317118661478e-06,1.3768192275165347e-06,1.2758215234498493e-05,1.0893028047576081e-05,4.383784016681602e-06,1.560497003083583e-05,1.217269709741231e-05,1.2479012184485327e-05,4.977486014468013e-07,7.085524885042105e-06,6.273636245168746e-05
window-222d36de5c8a0d6dda44,394_48628_96157,ball,ball,0.9523899555206299,True,0.007195641752332449,0.9523899555206299,0.00016247112944256514,0.004305200185626745,0.0002522979339119047,0.009347314015030861,0.0031816919799894094,0.005132537335157394,7.148971781134605e-05,0.0010345609625801444,0.006264857482165098,0.0015987196238711476,9.10524686332792e-05,0.002331688068807125,0.00012526536011137068,0.0003076510620303452,3.387324250070378e-05,0.00023184018209576607,5.435270213638432e-05,0.00025796762201935053,0.00023096386576071382,0.00010649245814420283,0.0023190444335341454,0.0014421783853322268,0.000814149621874094,0.000716819369699806
window-2758fade3a73a599d3a3,394_48628_96157,ball,ball,0.9856524467468262,True,0.0008145832107402384,0.9856524467468262,0.00012234174937475473,0.0032879135105758905,0.0001863680372480303,0.001254665432497859,0.0013594240881502628,0.002945709740743041,2.563451744208578e-05,0.0002472387277521193,0.0002824454568326473,0.0002852332254406065,1.8182898202212527e-05,0.00016851471445988864,2.04908774321666e-05,0.0002063358697341755,3.0382283512153663e-05,2.7476102332002483e-05,2.4502838641637936e-05,6.55585463391617e-05,9.576301818015054e-05,3.773578646359965e-05,0.0019714832305908203,0.0003885230980813503,0.00031694985227659345,0.00016411245451308787
window-ba9a4f4aae51e53b10df,394_48628_96157,ball,ball,0.9913401007652283,True,0.0008795564062893391,0.9913401007652283,4.516345143201761e-05,0.0002635920245666057,0.00024735319311730564,0.00017679051961749792,0.0007769545773044229,0.0018213868606835604,1.1023873412341345e-05,8.659279410494491e-05,0.0025805833283811808,4.87646902911365e-05,6.6088414314435795e-06,5.043365672463551e-05,3.168005423503928e-05,0.000145707672345452,7.047477993182838e-06,1.0364101399318315e-05,1.611945845070295e-05,1.0591520549496636e-05,6.591711280634627e-05,2.283657158841379e-05,0.0006703856633976102,0.00035920925438404083,0.00018403127614874393,0.00014110584743320942
window-b9ec458e21d55f86610b,394_48628_96157,ball,ball,0.848426878452301,True,0.010774451307952404,0.848426878452301,0.0007362853502854705,0.0338413342833519,0.0007463183719664812,0.009924734942615032,0.009795216843485832,0.03287884220480919,0.0003560484037734568,0.005430164746940136,0.006335148587822914,0.006216390524059534,0.00016974887694232166,0.0019676347728818655,0.00017251644749194384,0.010709318332374096,0.00014492249465547502,0.0008419803925789893,0.0003624258388299495,0.0003685209958348423,0.001954498467966914,0.00029868780984543264,0.012277486734092236,0.0033264628145843744,0.0012634730665013194,0.0006805186276324093
window-997aba1bd981d6bfc4bf,372_41041_81726,ball,ball,0.999834418296814,True,2.6929814339382574e-05,0.999834418296814,1.325881476077484e-05,1.381593506266654e-06,1.2562528581838706e-06,1.2028853006995632e-06,5.6229441725008655e-06,9.597936696081888e-06,5.365949959923455e-07,9.000383442980819e-07,1.285611779167084e-05,7.685749551455956e-06,5.496128778759157e-07,4.05041610065382e-05,6.369913876369537e-07,8.164429345924873e-06,1.8247438902108115e-06,1.4015181477589067e-06,1.7738117321641766e-06,4.552917289402103e-06,5.619534476863919e-06,3.831301910395268e-06,2.6373543278168654e-06,1.5866506828388083e-06,6.99811380400206e-06,4.223992618790362e-06
window-d37c6177ba8f0a63cdb7,372_41041_81726,ball,ball,0.9998447895050049,True,3.670450678328052e-05,0.9998447895050049,2.28256503760349e-05,2.789219252008479e-06,1.417328917341365e-06,3.0855030672682915e-06,2.0393115391925676e-06,1.2035547115374357e-05,6.187718781802687e-07,2.2113072191132233e-06,8.354903002327774e-06,3.49721017300908e-06,4.214630564547406e-07,1.8265447579324245e-05,8.086825005193532e-07,3.2970731353998417e-06,9.270440841646632e-07,9.208777669300616e-07,4.4186372178955935e-06,4.399970748636406e-06,1.202359840135614e-06,6.1306345742195845e-06,2.781823468467337e-06,2.7623450478131417e-06,9.80460572463926e-06,3.309399971840321e-06
window-9052676ba1a77bd2da9d,372_41041_81726,ball,ball,0.9999260902404785,True,9.242711712431628e-06,0.9999260902404785,1.271814926440129e-05,4.816856176148576e-07,4.1031671571545303e-07,1.8413741145195672e-06,1.362513557978673e-06,1.9799779238383053e-06,1.4730323982803384e-07,5.804992042612866e-07,1.1821010048151948e-05,2.2871379314892692e-06,2.3704092200205196e-07,1.1837255442515016e-05,3.5273521348244685e-07,1.97366807697108e-06,5.506942670763237e-07,5.068383188699954e-07,1.0971140227411524e-06,2.427852450637147e-06,7.610140073666116e-07,2.0808015506190713e-06,1.613910285414022e-06,9.095411996895564e-07,5.061859610577812e-06,1.6658210597597645e-06
window-8c5ca4bed4244c19d6f0,372_41041_81726,ball,ball,0.9999082088470459,True,1.3221481822256465e-05,0.9999082088470459,6.583388767467113e-06,8.134103381962632e-07,5.114395094096835e-07,1.3392350410867948e-06,3.844651928375242e-06,3.3723056276357966e-06,2.9494682962649676e-07,3.5965871347798384e-07,1.008028721116716e-05,2.988931328218314e-06,3.712468412686576e-07,2.2079781047068536e-05,5.156941256245773e-07,2.0333561678853584e-06,1.0814759434651933e-06,1.2391818700052681e-06,8.436314260507061e-07,2.9335672024899395e-06,2.6283589704689803e-06,3.7775021155539434e-06,2.154929461539723e-06,1.0142526889467263e-06,3.888191258738516e-06,3.945750449929619e-06
window-a33b0ed12a0bdf4e4649,606_95090_191497,ball,ball,0.9785910844802856,True,0.001164499670267105,0.9785910844802856,0.0002672509872354567,0.00022240119869820774,0.0003209738351870328,0.0007721763104200363,0.004614806268364191,0.0003742075350601226,4.451482527656481e-05,0.0006785445148125291,0.0028715741354972124,7.523121894337237e-05,2.306405258423183e-05,0.0001315644331043586,0.00010721378930611536,0.0005084244767203927,0.0003549171960912645,8.103153959382325e-05,4.0539325709687546e-05,0.00037287393934093416,6.704163388349116e-05,7.532605377491564e-05,0.00711032934486866,0.0003431660879869014,7.30115789338015e-05,0.0007141641108319163
window-00eb4160fa109d27ad87,251_26912_54706,baseballbat,baseballbat,0.9994418025016785,True,4.652401003113482e-06,2.79924352071248e-05,0.9994418025016785,1.2139776117692236e-06,4.330443061917322e-06,3.515732169034891e-05,3.0627072646893794e-06,9.303075785283e-06,3.5708328596228966e-06,1.329437054664595e-05,3.56948294211179e-05,1.0081495929625817e-05,1.5551158867310733e-05,0.00019233681086916476,1.7450905943405814e-05,2.7405445507611148e-05,2.3450879780284595e-06,2.9742117476416752e-05,2.1197724890953396e-06,4.927335339743877e-06,1.9886347217834555e-05,8.3173654275015e-06,5.3824081987841055e-05,7.15159558239975e-07,1.5164472642936744e-05,1.995831735257525e-05
window-31457de6837cccb212a3,251_26912_54706,baseballbat,baseballbat,0.9998621940612793,True,6.055869903320854e-07,1.908111880766228e-05,0.9998621940612793,3.2270415317725565e-07,2.591553311503958e-06,2.0822128590225475e-06,2.238784873043187e-06,1.4572394320566673e-05,2.650385113156517e-06,6.710455181746511e-06,3.490643393888604e-06,3.313142769911792e-06,1.509024059487274e-06,2.33383325394243e-05,1.5431676274602069e-06,2.218074996562791e-06,5.0340104280621745e-06,1.661967507970985e-05,2.464340923324926e-06,1.98541806639696e-06,3.028564606211148e-06,4.7299708967329934e-06,8.285768672067206e-06,8.562604989492684e-07,1.261988018086413e-06,7.234209078887943e-06
window-38a5b47b592f6ada19c0,251_26912_54706,baseballbat,baseballbat,0.9994582533836365,True,2.7481967208586866e-06,1.1633073881966993e-05,0.9994582533836365,1.0791496833917336e-06,7.865328370826319e-06,1.1852032912429422e-05,1.8358564375375863e-06,9.04306216398254e-05,6.1819387155992445e-06,7.868272950872779e-05,3.176939571858384e-05,1.207991772389505e-05,1.3170821375751984e-06,9.388144826516509e-05,7.372765139734838e-06,5.6667345234018285e-06,4.526423708739458e-06,4.329162766225636e-05,3.0741819045942975e-06,1.8056050976156257e-05,2.688421318453038e-06,2.967111413454404e-06,9.030772343976423e-05,3.2205691695708083e-06,3.1914592000248376e-06,6.0978386500210036e-06
window-3303115f13d78872409a,251_26912_54706,baseballbat,baseballbat,0.9999611377716064,True,3.7271462360877194e-07,1.6240188415395096e-05,0.9999611377716064,3.48970701224971e-08,1.6186079392355168e-06,1.0486809287613141e-06,2.721512544212601e-07,5.154827249498339e-06,4.693628739005362e-07,4.769225370182539e-07,7.792302199050027e-07,5.237125151325017e-07,2.836323176325095e-07,7.691214136684721e-07,3.8516685663125827e-07,4.538573818990699e-07,2.705581891859765e-07,1.4218574051483301e-06,3.581228043003648e-07,3.5177097856831097e-07,1.3175464346204535e-06,1.388683017466974e-06,1.2752377642755164e-06,1.2467968701912469e-07,2.055548975476995e-06,1.3358350088310544e-06
window-f5a78fb2731ad2136ed2,514_73832_143780,baseballbat,baseballbat,0.9976714253425598,True,4.914223609375767e-06,3.5442692023934796e-05,0.9976714253425598,4.059314596815966e-05,0.0003137652238365263,3.690482844831422e-05,0.0001466933754272759,6.787959864595905e-05,8.50716678542085e-05,0.00023209939536172897,8.217987669922877e-06,3.984571958426386e-05,3.492726682452485e-05,3.7383892049547285e-05,5.271516420179978e-05,0.0003007192281074822,6.942334584891796e-05,0.00036655159783549607,2.6735899155028164e-05,1.923756099131424e-05,2.9483260732376948e-05,2.026739457505755e-05,0.00010903082875302061,2.1262228528939886e-06,7.691773498663679e-05,0.00017166997713502496
window-444b98f6d022ad8a420d,514_73832_143780,baseballbat,baseballbat,0.9991099238395691,True,1.608752768333943e-06,6.789564213249832e-05,0.9991099238395691,3.3471285860287026e-05,0.00013515919272322208,2.885732646973338e-05,7.106430712155998e-05,1.2646967661567032e-05,4.4580800022231415e-05,4.5290660636965185e-05,6.747718998667551e-06,5.77823902858654e-06,2.325831701455172e-05,1.2213682566653006e-05,1.623017124074977e-05,6.418306293198839e-05,3.096145883318968e-05,8.546026219846681e-05,1.2941634849994443e-05,1.381858965032734e-05,2.8989117708988488e-05,1.5345445717684925e-05,2.4991921236505732e-05,2.8879375690848974e-07,7.301067671505734e-05,3.515365824569017e-05
window-32a19c36accd3ffbf2f5,514_73832_143780,baseballbat,baseballbat,0.9995217323303223,True,2.029370534728514e-06,1.2639915439649485e-05,0.9995217323303223,6.488977305707522e-06,1.1940965123358183e-05,8.870251804182772e-06,3.496805584290996e-05,8.482509656460024e-06,1.3664101061294787e-05,5.259393583401106e-05,2.4286648567795055e-06,1.1057044503104407e-05,1.5772449842188507e-05,5.234359923633747e-05,2.757687798293773e-05,6.061220119590871e-05,1.556875758979004e-05,4.437080497154966e-05,3.891023879987188e-06,1.0400523933640216e-05,1.179279206553474e-05,8.633107427158393e-06,6.205007593962364e-06,2.3027480722248583e-07,1.8059539797832258e-05,3.77588949049823e-05
window-c62c5e55f5b6e2052d2b,514_73832_143780,baseballbat,baseballbat,0.9813870787620544,True,7.42806660127826e-05,0.00011673958942992613,0.9813870787620544,0.0006941454485058784,0.0015430367784574628,9.705160482553765e-05,0.0011016139760613441,0.0001006109596346505,0.0007774279220029712,0.0013427318772301078,0.00010294640378560871,0.0002142046287190169,0.00017224288603756577,0.00014782309881411493,0.002894821111112833,0.002877602819353342,0.004745453596115112,0.0004142473917454481,0.00018991147226188332,0.00012602699280250818,0.00010114345059264451,0.0001445462112314999,4.700410136138089e-05,6.65321022097487e-06,4.897984035778791e-05,0.0005317266331985593
window-51cef5a1f4b1695e42cd,534_77327_149480,baseballbat,baseballbat,0.9999527931213379,True,6.339915330499934e-07,1.4493483604383073e-06,0.9999527931213379,4.1753173718461767e-07,4.088548848812934e-06,3.0134303869999712e-06,3.567503654267057e-06,1.124703157984186e-05,1.2303333960517193e-06,4.733283731184201e-06,3.1790779075890896e-07,9.760298098626663e-07,3.5925927477364894e-07,6.866370085845119e-07,1.4404220110009192e-06,9.621761591915856e-07,1.2911663134218543e-06,1.317576902692963e-06,1.3702159549211501e-06,5.572946406573465e-07,9.736554602568503e-07,3.9239191096385184e-07,2.693293708944111e-06,1.2925571581945405e-06,5.442296924229595e-07,1.5121630667636055e-06
window-980f36b21df935abcb57,534_77327_149480,baseballbat,baseballbat,0.9999903440475464,True,1.2296000306832866e-07,1.0142731525775162e-06,0.9999903440475464,1.3018564004596556e-07,2.4595414060968324e-07,5.645829332934227e-07,2.2897107498920377e-07,1.2010998489131453e-06,1.6066584862528543e-07,3.701820219248475e-07,2.2928617227080395e-07,4.6419449972745497e-07,1.2852029840360046e-07,2.456398249250924e-07,4.044280785819865e-07,1.9252212268838775e-07,3.584907233289414e-07,1.2725257647616672e-06,3.188272899024014e-07,2.5391821623088617e-07,2.1447490894388466e-07,2.0205317241561715e-07,3.176197083121224e-07,9.474187123714728e-08,4.1287023577751825e-07,4.841307372771553e-07
window-848f05d1ba72291617c0,534_77327_149480,baseballbat,baseballbat,0.9999841451644897,True,3.47018840329838e-07,1.6775608173702494e-06,0.9999841451644897,7.47363984032745e-08,7.802229902154068e-07,3.919187747669639e-07,3.048461394428159e-07,2.8855965865659527e-06,3.719001711033343e-07,1.6645487903588219e-06,2.40437827869755e-07,2.883606100567704e-07,1.7184939338221739e-07,2.3004849936114624e-07,5.135664196131984e-07,2.665516376509913e-07,4.835827667193371e-07,1.3414190789262648e-06,4.198203669147915e-07,3.5609954807114264e-07,7.496193461520306e-07,2.6033652034129773e-07,4.2322363924540696e-07,3.6616268062061863e-07,6.852944807178574e-07,5.471908366416756e-07
window-9ecf4a8f2d34a7e274be,534_77327_149480,baseballbat,baseballbat,0.9999842643737793,True,1.1455730941634101e-07,1.908536660266691e-06,0.9999842643737793,1.338598139000169e-07,3.228882405892364e-07,9.131985621024796e-07,3.9831735421103076e-07,1.831171630328754e-06,2.343018934425345e-07,4.90059733238013e-07,2.3026956341709592e-07,1.509504727437161e-06,1.8387513023299107e-07,4.7531571567560604e-07,5.085847760710749e-07,4.300931379930262e-07,5.724054403799528e-07,2.005333954002708e-06,6.22910704350943e-07,2.2520089260069653e-07,4.253767826867261e-07,6.296622245827166e-07,4.6389740759877895e-07,1.9406977003200154e-07,3.960647063649958e-07,5.606584068118536e-07
window-899c4f9382a51e140cf3,417_57601_110929,bench,bench,0.9599789381027222,True,0.0014046288561075926,0.001261281780898571,0.0016973502933979034,0.9599789381027222,0.006813549902290106,0.0001260244898730889,0.00019235562649555504,0.0005832347087562084,0.005018102470785379,0.00030290198628790677,0.0006826574099250138,0.0016343874158337712,0.0005857854848727584,0.001154997036792338,0.0003980451438110322,0.0011128607438877225,0.0011274622520431876,0.0012958967126905918,0.009822925552725792,0.00012683616660069674,0.0006476048729382455,0.0003766581939999014,0.0020689016673713923,0.00032721416209824383,0.0009164988296106458,0.0003429472562856972
window-bc2d80dc5bd05702aebf,417_57601_110929,bench,bench,0.7662421464920044,True,0.004393442999571562,0.008929443545639515,0.01313060987740755,0.7662421464920044,0.014417260885238647,0.0012553947744891047,0.0005029316525906324,0.005751701071858406,0.057565316557884216,0.0020633188541978598,0.019187085330486298,0.02497306652367115,0.004701252095401287,0.007761072833091021,0.004955276846885681,0.001596925430931151,0.011506265960633755,0.0066603925079107285,0.015455998480319977,0.0069724200293421745,0.0013556479243561625,0.003221874823793769,0.005277106538414955,0.002518792636692524,0.004284365568310022,0.005320933181792498
window-3bef112ff26aebd359ab,417_57601_110929,bench,bench,0.9774002432823181,True,0.00043832429219037294,0.0002443496778141707,0.0017993682995438576,0.9774002432823181,0.0034881732426583767,0.0004743308818433434,0.00040331907803192735,0.0005430963938124478,0.002663128776475787,0.00010120090882992372,0.0003936363209504634,0.0012557344743981957,6.323714478639886e-05,0.00016090754070319235,0.000588560476899147,0.00047720546717755497,0.0006378067773766816,8.69064824655652e-05,0.004852749407291412,6.547613884322345e-05,0.00021853725775144994,0.00011146558972541243,0.0030360303353518248,7.119198562577367e-05,0.00017099679098464549,0.00025408712099306285
window-316b8a906a3b9c00285a,417_57601_110929,bench,bench,0.8949071168899536,True,0.000766487093642354,0.004408145789057016,0.0031664862763136625,0.8949071168899536,0.0328887477517128,0.00014395576727110893,0.00016837679140735418,0.0013607016298919916,0.01732485741376877,0.0006292075267992914,0.001355811720713973,0.00249396450817585,0.00024735298939049244,0.004088993649929762,0.00156672194134444,0.0014283284544944763,0.0008702168124727905,0.0024126754142344,0.02151227556169033,0.000708651845343411,0.0009750112076289952,0.00023959552345331758,0.0036157427821308374,0.000332633382640779,0.00029112715856172144,0.0020967735908925533
window-d634e2365ad7a2b91bd3,431_60964_118808,bench,bench,0.9959912896156311,True,6.033391764503904e-05,4.30577238148544e-05,0.00011640718730632216,0.9959912896156311,0.0012574867578223348,1.005844387691468e-05,2.823676186380908e-05,5.471125405165367e-05,0.0006253759493120015,4.7810150135774165e-05,0.00010771040251711383,0.00048512365901842713,5.6710261560510844e-05,0.00011589620407903567,4.3743046262534335e-05,2.7563566618482582e-05,0.00023498600057791919,7.125818228814751e-05,0.0003765895962715149,2.5286852178396657e-05,1.8090993762598373e-05,3.729443051270209e-05,4.2578943975968286e-05,3.3592736144782975e-05,5.6299802963621914e-05,3.251789166824892e-05
window-0c56ccaf36d15c5aa1d4,431_60964_118808,bench,bench,0.9993031024932861,True,2.2135865947348066e-05,9.628453881305177e-06,1.095236530090915e-05,0.9993031024932861,0.000195871529285796,2.8679521619778825e-06,6.417603799491189e-06,6.964316980884178e-06,3.060088420170359e-05,8.602949492342304e-06,2.0291521650506184e-05,6.923468026798218e-05,2.1373782146838494e-05,2.6499328669160604e-05,1.5373419955722056e-05,3.509089538056287e-06,8.122036524582654e-05,8.737169082451146e-06,0.00011680706666084006,4.7327621359727345e-06,5.539384346775478e-06,7.584058039356023e-06,4.507410721998895e-06,2.1308765099092852e-06,1.1200956578250043e-05,4.080215148860589e-06
window-1b7a25eac0bc3642e73e,431_60964_118808,bench,bench,0.9952813982963562,True,7.742783782305196e-05,3.4292628697585315e-05,7.304473547264934e-05,0.9952813982963562,0.0016504767118021846,7.131099664547946e-06,2.0818384655285627e-05,8.241231262218207e-05,0.0011278967140242457,9.918871364789084e-05,8.550797065254301e-05,0.0001383999187964946,3.2715954148443416e-05,0.0002984165621455759,6.874389509903267e-05,1.6825140846776776e-05,0.0001775306445779279,7.861258200136945e-05,0.00036817771615460515,4.5630305976374075e-05,1.577646798978094e-05,2.357776975259185e-05,3.596781971282326e-05,2.182782191084698e-05,4.065269240527414e-05,9.757153020473197e-05
window-5339d15dbc7a0ea75fdd,431_60964_118808,bench,bench,0.9975086450576782,True,4.7023710067151114e-05,1.690065982984379e-05,2.0925530407112092e-05,0.9975086450576782,0.00019844656344503164,5.674955536960624e-05,5.4754065786255524e-05,4.1544211853761226e-05,0.00015403091674670577,0.00010565824777586386,5.269655957818031e-05,0.0001655716187087819,4.6287917939480394e-05,0.00010083172674058005,0.0002370055444771424,2.7810374376713298e-05,0.00013422919437289238,7.805326458765194e-05,0.0005809394642710686,3.92095280403737e-05,4.1572744521545246e-05,3.19900136673823e-05,4.147948129684664e-05,2.755815876298584e-05,7.621717668371275e-05,0.0001138337975135073
window-10e17b6833fefea77151,188_20287_35716,book,book,0.9983437061309814,True,7.497183833038434e-05,4.5832424802938476e-05,0.0001215750744449906,7.014286893536337e-06,0.9983437061309814,4.2427011067047715e-05,3.5115192531520734e-06,4.237690882291645e-05,3.5104327253066e-05,8.501589763909578e-05,0.0006058607832528651,9.736970241647214e-06,9.318848242401145e-06,0.00013766712800133973,4.607958544511348e-06,4.644763976102695e-06,7.470155196642736e-07,2.4149710952769965e-05,1.4955393453419674e-05,1.2223418707435485e-05,6.112438859418035e-05,6.045504960638937e-06,0.00022515062300954014,2.7099383714812575e-06,7.451567398675252e-06,7.209118484752253e-05
window-d36ae66105fe68faff64,188_20287_35716,book,book,0.9812878370285034,True,0.00016230004257522523,2.19936828216305e-05,0.0005416191415861249,0.0001274527603527531,0.9812878370285034,0.0002050395414698869,0.00011253609409322962,0.0014595851534977555,0.00020269714877940714,0.001046954421326518,0.004691706039011478,0.0006139767356216908,0.0002447187143843621,0.000459059898275882,1.8443248336552642e-05,2.360594953643158e-05,1.0514952009543777e-05,0.0003155430604238063,0.0002820340159814805,0.00013029987167101353,0.0004339106089901179,1.120103206631029e-05,0.005887179169803858,0.0001379231398459524,3.626221223385073e-05,0.00153558817692101
window-96176962e0336a09c80d,188_20287_35716,book,book,0.9977600574493408,True,4.786227145814337e-05,4.342807733337395e-05,8.088626054814085e-05,1.783974948921241e-05,0.9977600574493408,3.0017841709195636e-05,3.053605041714036e-06,5.493751086760312e-05,7.218287646537647e-05,0.00012896441330667585,0.000729826046153903,3.809506233665161e-05,5.44832482773927e-06,0.00015248433919623494,1.0379638297308702e-05,1.768527909007389e-05,1.4328238648886327e-06,4.277709740563296e-05,8.196070120902732e-05,2.6335310394642875e-05,4.6002409362699836e-05,7.881538294896018e-06,0.00046494274283759296,3.5140847103320993e-06,4.522604285739362e-06,0.00012740312376990914
window-f6db40ebbed75a8ade62,188_20287_35716,book,book,0.9958815574645996,True,0.000259020715020597,0.00010744175961008295,0.000197335408302024,7.823960186215118e-05,0.9958815574645996,0.00016234580834861845,1.006772890832508e-05,0.00010025728988694027,9.531975229037926e-05,0.00035124062560498714,0.0015610017580911517,2.364302781643346e-05,3.544165156199597e-05,0.00026183112640865147,1.5015728422440588e-05,2.09701647690963e-05,2.4766893602645723e-06,9.133310959441587e-05,9.502604370936751e-05,1.8374756109551527e-05,8.637898281449452e-05,1.5263074601534754e-05,0.000108079329947941,4.08099549531471e-06,2.0667273929575458e-05,0.00039747520349919796
window-52ba61a67d45d1eebf39,470_66441_130641,book,book,0.946992814540863,True,0.00010051692515844479,1.8960528905154206e-05,2.7134175979881547e-05,8.228611841332167e-05,0.946992814540863,0.00024842284619808197,0.01977643184363842,0.00036380390520207584,0.0001539234654046595,0.0004911717842333019,0.00019733465160243213,0.000604070897679776,8.129271736834198e-05,0.002484395634382963,0.00016637859516777098,0.00012022352893836796,3.6685865779872984e-05,0.00011972376523772255,0.024943964555859566,2.750064231804572e-05,6.565271905856207e-05,1.2003456504317e-05,0.0011731453705579042,0.00014203792670741677,6.94884656695649e-05,0.0015006839530542493
window-075aa0d098cb19eb3c7e,470_66441_130641,book,book,0.658797562122345,True,0.00021233291772659868,0.00012049715587636456,0.0003196698671672493,0.00127918750513345,0.658797562122345,0.0014797443291172385,0.15509968996047974,0.001295751892030239,0.0012224032543599606,0.0008963161963038146,0.0008631626260466874,0.0053294044919312,0.0005673900595866144,0.01986761763691902,0.0015813703648746014,0.0003886890772264451,0.0006708980072289705,0.0003681585658341646,0.14316026866436005,0.00033345044357702136,0.00012663750385399908,0.00014646507042925805,0.002096063457429409,0.0010248501785099506,0.0004585413262248039,0.0022938200272619724
window-167088e9bda5a0c105f6,470_66441_130641,book,book,0.9173862338066101,True,0.00046187351108528674,9.356119699077681e-05,8.986784087028354e-05,0.0009484760812483728,0.9173862338066101,0.0017944085411727428,0.025776168331503868,0.0004156144568696618,0.000319456506986171,0.005821262486279011,0.000761288742069155,0.00037321867421269417,0.00011582931620068848,0.005030746106058359,0.0010058943880721927,0.00035800060140900314,0.0001238633703906089,0.0008563301526010036,0.03116687200963497,0.000183306256076321,0.00037845101905986667,6.117780139902607e-05,0.0030770699959248304,0.00022089984850026667,0.0003585808153729886,0.002821457339450717
window-7ec4bead3858f43f6cd3,470_66441_130641,book,book,0.9919164776802063,True,0.0001327620557276532,9.392774700245354e-06,1.0353634934290312e-05,3.0414834327530116e-05,0.9919164776802063,7.270288188010454e-05,0.0022976810578256845,0.00012882020382676274,3.1240055250236765e-05,0.0006673006573691964,0.00010442121856613085,4.8402715037809685e-05,1.029483519232599e-05,0.0027019893750548363,8.306279050884768e-05,5.4033444030210376e-05,1.240901565324748e-05,6.108647357905284e-05,0.001050350139848888,1.4945849216019269e-05,3.89543674828019e-05,3.3538210573169636e-06,0.0003582619538065046,2.518656947358977e-05,4.279544737073593e-05,9.337735536973923e-05
window-847aa120d83489fcc4be,472_66868_131636,book,book,0.7357555627822876,True,0.00011178848944837227,0.00012508986401371658,0.00012365753354970366,0.0003901327436324209,0.7357555627822876,0.00013784802285954356,7.96236636233516e-05,0.00015190348494797945,9.479235450271517e-05,0.00035786358057521284,0.26017558574676514,0.00023697128926869482,1.8249073036713526e-05,0.00018741199164651334,5.3859934268984944e-05,4.834455830859952e-05,1.3355471310205758e-05,0.0003075362474191934,0.00045385354314930737,0.00012108331429772079,0.0002765839162748307,8.036586950765923e-05,4.895241727354005e-05,1.6167969079106115e-05,1.2542775039037224e-05,0.0006208650884218514
window-40642f8f6f46cf015f6e,472_66868_131636,book,book,0.9178079962730408,True,0.0006769602186977863,0.0021392162889242172,0.00029358986648730934,0.003632662119343877,0.9178079962730408,0.0004045320092700422,0.00018842039571609348,0.0007060901261866093,0.0038666094187647104,0.0009272179449908435,0.056756723672151566,0.0009079390438273549,4.293981328373775e-05,0.0013739470159634948,0.00029942693072371185,8.098081161733717e-05,5.021935066906735e-05,0.004634518176317215,0.0011478957021608949,9.510438394499943e-05,0.0013124692486599088,0.0005456130020320415,0.0001282059820368886,5.382850213209167e-05,7.350688247242942e-05,0.0018534590490162373
window-0d1570ca00ea8e801bbf,472_66868_131636,book,book,0.987234890460968,True,0.0002500529517419636,0.0005988604389131069,0.00010968402057187632,0.0002870052703656256,0.987234890460968,0.000394423637771979,4.071613511769101e-05,0.00018076870765071362,0.0006715805502608418,0.0004190313338767737,0.0059381513856351376,0.00012981325562577695,2.3358286853181198e-05,0.0004328658396843821,3.8958576624281704e-05,2.2579813958145678e-05,5.466456968861166e-06,0.0010198993841186166,0.00021052693773526698,7.849288522265851e-05,0.001043351017870009,0.0002193030813941732,5.308612890075892e-05,4.683943188865669e-06,2.7681069695972838e-05,0.000564874499104917
window-c265734fd0adbb6cbcd9,472_66868_131636,book,book,0.9904764890670776,True,6.811808270867914e-05,8.28337506391108e-05,7.047301187412813e-05,6.45844338578172e-05,0.9904764890670776,5.2523744670907035e-05,2.1011052012909204e-05,4.082143641426228e-05,6.260262307478115e-05,0.00011476049257908016,0.007764657959342003,4.8685469664633274e-05,3.3034586977009894e-06,0.00020779806072823703,1.827914093155414e-05,9.352254892291967e-06,3.7952875118207885e-06,7.493925659218803e-05,4.5541168219642714e-05,2.523207149351947e-05,9.05448105186224e-05,3.0435050575761124e-05,1.7616739569348283e-05,2.4682701678102603e-06,1.1530642950674519e-05,0.0005916376248933375
window-c5cc9b213e052cc674b7,209_22182_45212,book,book,0.9985042810440063,True,2.033971577475313e-05,4.005912342108786e-05,9.22535837162286e-05,0.00012034729297738522,0.9985042810440063,5.2366671297932044e-05,8.442799298791215e-05,3.025451223948039e-05,5.2221839723642915e-05,3.45742519129999e-05,4.249470293871127e-05,0.00021861666755285114,7.565164651168743e-06,2.625861634442117e-05,5.698471068171784e-05,1.134746526076924e-05,6.403643055818975e-06,1.5444447853951715e-05,5.828084977110848e-05,0.00013898294128011912,3.822492089966545e-06,8.212087777792476e-06,0.0003460822917986661,1.1606973203015514e-05,6.073826170904795e-06,1.0719912097556517e-05
window-591e4890fd29721b5362,209_22182_45212,book,book,0.9993646740913391,True,7.844232641218696e-06,3.991774065070786e-06,1.5279008948709816e-05,8.860484376782551e-05,0.9993646740913391,3.234712721678079e-06,1.026111362989468e-06,8.834466825646814e-06,0.00014623746392317116,3.9701510104350746e-05,6.264351395657286e-05,4.443526631803252e-05,1.2807861367036821e-06,2.7838745154440403e-05,4.129756780457683e-05,6.463479849116993e-07,3.501499804769992e-06,8.515045010426547e-06,3.0803412300883792e-06,2.571588265709579e-05,4.146487299294677e-06,4.749123036162928e-06,4.716206603916362e-06,1.9799083474936197e-06,1.9853594039886957e-06,8.399441139772534e-05
window-37c3924692651fc0ac4f,209_22182_45212,book,book,0.9993792772293091,True,2.768811327769072e-06,5.388930276239989e-06,1.9098311895504594e-05,4.421242920216173e-05,0.9993792772293091,1.3929376336818677e-06,4.306451046431903e-06,1.7780512280296534e-05,0.00031385215697810054,4.511626684688963e-05,2.5730781999300234e-05,5.8331141190137714e-05,1.3465659094435978e-06,5.3649214351025876e-06,6.682562798232539e-06,9.919717740558553e-07,1.3095674376017996e-06,5.646042154694442e-06,2.1780173483421095e-05,5.541286554944236e-06,7.286039931386767e-07,2.421094905002974e-06,1.101244106394006e-05,2.867828698072117e-06,1.0260578164889012e-06,1.6003734344849363e-05
window-a01f7f56f425f4cbda17,209_22182_45212,book,book,0.9372864961624146,True,0.0004024083900731057,0.00044448854168877006,0.0014978672843426466,0.003237134078517556,0.9372864961624146,0.0003384348819963634,0.00018800233374349773,0.004026053007692099,0.010537933558225632,0.0008940250845625997,0.0011692685075104237,0.011983240954577923,0.0001502612285548821,0.000676879717502743,0.01464504562318325,0.00010358146391808987,0.00042214305722154677,0.0010041428031399846,0.0006753577035851777,0.0005090344347991049,8.819327194942161e-05,0.0010424737120047212,0.0008391535375267267,0.0005418742075562477,0.00014348640979733318,0.0071531180292367935
window-3ea361af8ff3a780a2be,475_67222_131925,book,book,0.9782256484031677,True,0.00013745026080869138,2.9542796255555004e-05,9.638239134801552e-05,0.013994886539876461,0.9782256484031677,0.000591173826251179,0.00024277069314848632,0.00017075693176593632,0.00028997493791393936,1.3204949027567636e-05,0.00022448938398156315,0.00027111402596347034,0.00025084306253120303,0.0012722944375127554,0.001008261344395578,2.190268787671812e-05,7.90186386439018e-05,0.0005923366406932473,0.0010570475133135915,0.00011588288907660171,3.812694194493815e-05,1.6363637769245543e-05,0.000708262377884239,0.000392350135371089,6.016634506522678e-05,9.963936463464051e-05
window-363f27ab15d63990beff,69_5608_12991,bowl,bowl,0.9986911416053772,True,3.7070589314680547e-05,1.7562852008268237e-05,3.6728069972014055e-06,4.089157755515771e-06,1.2811772194254445e-06,0.9986911416053772,1.258082193089649e-05,4.907087713945657e-06,4.2176861825282685e-06,5.3057228797115386e-05,0.0009156558662652969,1.7589344452062505e-06,1.1540396371856332e-05,1.57829108502483e-05,6.029687938280404e-06,1.2698433238256257e-05,3.4424210753059015e-06,2.327002675883705e-06,4.2827876313822344e-05,5.4993524827295914e-06,4.568152144202031e-05,1.3806516108161304e-05,6.363810825860128e-06,3.5276098060421646e-06,9.87178736977512e-06,7.35244684619829e-05
window-6c3608dd77375226fa95,69_5608_12991,bowl,bowl,0.9998730421066284,True,7.601921424793545e-06,6.350816192934872e-07,2.4858010760908655e-07,1.3442888757708715e-07,1.4346925070185534e-07,0.9998730421066284,1.5960728205755004e-06,5.277584591567575e-07,3.723034467384423e-07,5.5932614486664534e-05,4.0841292502591386e-05,1.2233320489940525e-07,7.451407668668253e-07,3.117664562068967e-07,5.151235313860525e-07,1.265307332687371e-06,3.0996423561191477e-07,3.2291822549268545e-07,8.841140015647397e-07,3.629054106113472e-07,3.8858415791764855e-06,3.783902457143995e-06,1.9206127888082847e-07,5.441302732833719e-07,1.0167833579544094e-06,4.4358362174534705e-06
window-35168b47cbc04f446d95,69_5608_12991,bowl,bowl,0.9992771744728088,True,1.2035691725031938e-05,5.271223471936537e-06,1.713889787424705e-06,3.5796474548988044e-06,6.257473614823539e-07,0.9992771744728088,1.2881318980362266e-05,1.7341255897918018e-06,5.444717317004688e-07,8.773224544711411e-05,0.0004703211598098278,7.156714332268166e-07,2.612116531963693e-06,1.9614662960520945e-06,2.488924110366497e-06,3.7757447444164427e-06,1.3364765436563175e-06,1.0891715191974072e-06,3.003591700689867e-05,2.1472467324201716e-06,8.194348083634395e-06,7.044876838335767e-06,3.13306941279734e-06,2.899860419347533e-06,2.699571723496774e-06,5.621995296678506e-05
window-50b0fc5c944a45c1601c,69_5608_12991,bowl,bowl,0.9997020363807678,True,6.570685854967451e-06,1.0546808653089101e-06,5.409604568740178e-07,3.050948578220414e-07,2.699502488212602e-07,0.9997020363807678,3.2132484193425626e-06,4.4312704972071515e-07,7.865915563343151e-07,3.321617259643972e-05,0.0002212983090430498,9.196330807981212e-08,6.818922315687814e-07,3.338878116210253e-07,9.454972200728662e-07,1.301545012211136e-06,5.693299840459076e-07,9.225516919286747e-07,3.4598115234985016e-06,7.038732974251616e-07,3.4503611914260546e-06,4.879791049461346e-06,2.11141255590519e-07,7.632774554622301e-07,3.3781086585804587e-06,8.529032129445113e-06
window-b2131a7fed14feb6032b,70_5949_13766,bowl,bowl,0.9997407793998718,True,2.521572696423391e-06,3.5724631288758246e-06,4.204260903861723e-07,4.262302581992117e-07,4.0658414945937693e-07,0.9997407793998718,1.82761450560065e-05,1.3919692719355226e-05,5.391976856117253e-07,1.7493355699116364e-05,0.00012794147187378258,6.770863478777756e-07,6.329465122689726e-06,2.3352472453552764e-06,3.2856817142601358e-06,4.526226348389173e-06,8.883282589522423e-07,1.3085951877656044e-06,2.1203086362220347e-05,1.9525514289853163e-06,1.1780132808780763e-05,3.25355267705163e-06,3.8179477996891364e-06,3.6295691643317696e-06,9.301390946347965e-07,7.835937140043825e-06
window-3ede63420dc2207a4782,70_5949_13766,bowl,bowl,0.9994640946388245,True,1.668060758674983e-05,4.021146196464542e-06,6.761382564945961e-07,6.001093879604014e-07,9.95733557829226e-07,0.9994640946388245,5.6814023992046714e-05,1.023016739054583e-05,4.551180836642743e-07,0.00012192050780868158,0.00018497051496524364,7.499193088733591e-07,2.2538340999744833e-05,6.345292604237329e-06,1.2577790585055482e-05,1.1313702998450026e-05,2.4935620785981882e-06,3.1102447337616468e-06,1.7829379430622794e-05,4.443521447683452e-06,2.0189949282212183e-05,1.1195606020919513e-05,3.758403863685089e-06,6.320952252281131e-06,2.128930645994842e-06,1.362611055810703e-05
window-1bacce2666bb74bc0c4f,70_5949_13766,bowl,bowl,0.9997735619544983,True,1.5857659718676587e-06,3.90435752706253e-06,1.0364418585595558e-06,1.8420968217469635e-07,6.46269711523928e-07,0.9997735619544983,1.710689684841782e-05,1.0964149623760022e-05,3.5000820730601845e-07,5.5360149417538196e-05,7.357279537245631e-05,3.0666893735542544e-07,4.0071790863294154e-06,3.516585366014624e-06,6.524777290906059e-06,2.5916694994521094e-06,1.3845497051079292e-06,1.4044204590391018e-06,9.65762956184335e-06,2.860826498363167e-06,4.284079750505043e-06,6.160961675050203e-06,5.441542271000799e-06,4.722574885818176e-06,1.4688010878671776e-06,7.385514891211642e-06
window-3fb3a5a51e72a6c85270,70_5949_13766,bowl,bowl,0.9998490810394287,True,3.001511004185886e-06,7.712687875027768e-07,2.213989205301914e-07,1.0917416659594892e-07,3.2209942446570494e-07,0.9998490810394287,1.5252703633450437e-05,2.5828464913502103e-06,2.9527896572290047e-07,4.646240995498374e-05,3.6577785067493096e-05,2.3734658327612124e-07,6.4730452322692145e-06,1.3603806792161777e-06,2.6811776479007676e-06,2.354327307330095e-06,5.553571895688947e-07,1.2541812566269073e-06,2.586946266092127e-06,2.3796408186171902e-06,5.418623459263472e-06,1.2942924513481557e-05,9.428411544831761e-07,2.1131281755515374e-06,1.0134067451872397e-06,2.9877030556235695e-06
window-0d1afb1f0e342af75818,70_6057_13880,bowl,bowl,0.9998517036437988,True,2.9186062420194503e-06,1.0520278692638385e-06,2.396885179223318e-07,1.4782717983052862e-07,1.1409349554014625e-07,0.9998517036437988,2.6395514396426734e-06,5.591392664427985e-07,3.722422263763292e-07,9.56269013840938e-06,0.00011359294876456261,1.0356005475387065e-07,1.4388582485480583e-06,1.2558290336528444e-06,4.4875557136947464e-07,1.147254010902543e-06,2.426772311991954e-07,1.5558485699784796e-07,1.6932290236582048e-06,5.301629926179885e-07,2.5330803055112483e-06,2.6128359422727954e-06,2.3360242096259753e-07,4.102548984974419e-07,4.5896004507994803e-07,3.758610091608716e-06
window-16e3fa32643f0bbe5de6,70_6057_13880,bowl,bowl,0.9999362230300903,True,1.327944460172148e-06,2.394072282640991e-07,9.24922431977393e-08,6.110519024105088e-08,1.40971422979419e-07,0.9999362230300903,3.4242468700540485e-06,4.771290491589752e-07,1.8407878599191463e-07,1.6190932001336478e-05,2.844693881343119e-05,1.1605795435798427e-07,9.549794413032942e-07,1.66803076240285e-07,2.576688302724506e-07,1.12201973934134e-06,1.806263441039846e-07,5.848151118925671e-08,8.476575885651982e-07,3.4366118484285835e-07,1.6281941270790412e-06,3.899425792042166e-06,1.2151338069088524e-07,2.517842006000137e-07,2.9060362294330844e-07,2.8881784146506106e-06
window-4c4224310a1ec9bc77e2,70_6057_13880,bowl,bowl,0.9998071789741516,True,3.1109386782190995e-06,4.2363043917248433e-07,2.5291160454798955e-07,1.5713915502146847e-07,1.2492374423800356e-07,0.9998071789741516,2.0600480183929903e-06,5.343620159692364e-07,3.056724722227955e-07,6.634149940509815e-06,0.00016015251458156854,6.908761207569114e-08,2.0510226477199467e-06,1.088381395675242e-06,5.089779619993351e-07,1.4468008657786413e-06,3.026617605428328e-07,1.2951913674896787e-07,2.06884055842238e-06,7.147343126234773e-07,1.6396356841141824e-06,3.221251290597138e-06,2.9587684480247844e-07,3.2701237273613515e-07,6.034345005900832e-07,4.583826012094505e-06
window-36a1a8a79a25cce0e77c,70_6057_13880,bowl,bowl,0.9979883432388306,True,6.772486813133582e-05,4.400964462547563e-05,8.762874131207354e-06,1.6849036910571158e-05,2.9279499358381145e-05,0.9979883432388306,3.7773195799672976e-05,9.573849638400134e-06,2.2411828467738815e-05,0.00010344649490434676,0.0010418096790090203,5.946392775513232e-06,5.761952252214542e-06,8.065366273513064e-06,5.4885581448615994e-06,2.4431295969407074e-05,2.140001015504822e-06,2.5472456400166266e-05,2.0996218154323287e-05,1.6176771168829873e-05,2.2003679987392388e-05,0.00031619236688129604,7.708983503107447e-06,7.560296126030153e-06,1.4106441085459664e-05,0.0001479636412113905
window-9180d574aa34868e0852,70_6228_14105,bowl,bowl,0.9988468885421753,True,3.4247957501065684e-06,1.0615074643283151e-05,2.3947516183397966e-06,1.7851570532911865e-07,9.38667938044091e-07,0.9988468885421753,4.499935675994493e-05,2.500294385754387e-06,5.643139502353733e-07,9.938894800143316e-05,0.0009049937943927944,1.9550036540749716e-06,7.67082383390516e-06,5.709057859348832e-06,1.0562607712927274e-06,4.583810095937224e-06,2.3024745132715907e-06,7.152275429689325e-07,1.04767977973097e-05,3.0184455681592226e-06,1.4477116565103643e-05,1.266369508812204e-05,8.257111403509043e-07,1.0709671187214553e-05,4.018294930574484e-06,2.895498028010479e-06
window-400e3c41f04bf41df69e,70_6228_14105,bowl,bowl,0.9987019300460815,True,5.839078312419588e-06,1.1455168532847892e-05,1.2529095556601533e-06,3.3852035130621516e-07,1.0974168844768428e-06,0.9987019300460815,5.2381830755621195e-05,3.836013092950452e-06,8.562624884689285e-07,0.00019960087956860662,0.0009087016223929822,2.802595417961129e-06,5.598024927166989e-06,9.596826203051023e-06,2.2900944713910576e-06,7.824743079254404e-06,1.4365980405273149e-06,1.6562490827709553e-06,1.4429491784540005e-05,2.0452980606933124e-06,2.1164050849620253e-05,2.623389991640579e-05,1.3842372936778702e-06,8.221252755902242e-06,3.1806123388378182e-06,4.818642992177047e-06
window-2c5d5e70bdb2fd605b67,70_6228_14105,bowl,bowl,0.9986218214035034,True,2.7078278890257934e-06,9.261490959033836e-06,1.5864275155763607e-06,1.3106861729283992e-07,8.096305919025326e-07,0.9986218214035034,2.9077544240863062e-05,1.6630770005576778e-06,5.432099783320155e-07,0.00010540065704844892,0.0011464463314041495,1.162248963737511e-06,4.932640422339318e-06,9.9689887065324e-06,1.5746913959446829e-06,4.732396064355271e-06,1.8185149883720442e-06,9.941716143657686e-07,7.662552889087237e-06,1.6121093722176738e-06,1.3316695003595669e-05,1.3843607121089008e-05,8.324886948685162e-07,1.0938523701042868e-05,2.878410668927245e-06,4.295364306017291e-06
window-1160c2e48f7b1eda9194,70_6228_14105,bowl,bowl,0.9967455863952637,True,8.514926776115317e-06,1.7330819900962524e-05,2.7113424039271194e-06,2.0004401335427247e-07,1.8606104958962533e-06,0.9967455863952637,2.787616176647134e-05,2.631848246892332e-06,9.162512810689805e-07,0.00019921804778277874,0.0028604636900126934,1.5122574268389144e-06,5.84279860049719e-06,5.109918220114196e-06,3.164440613545594e-06,1.162913758889772e-05,2.462812744852272e-06,3.674356548799551e-06,1.4423588254430797e-05,2.5528120204398874e-06,2.0900431991321966e-05,3.305186692159623e-05,1.0842385336218285e-06,1.2339820386841893e-05,6.686247161269421e-06,8.266813892987557e-06
window-352543d2caecf6371a46,70_5747_13382,bowl,cup,0.9624446630477905,False,9.49584791669622e-05,7.24804776837118e-05,0.00013241883425507694,0.0002204410993726924,0.00035577165544964373,0.004534637555480003,0.002144796308130026,0.0013545792317017913,0.004549354314804077,0.9624446630477905,0.00111147272400558,3.430307697271928e-05,0.00020054972264915705,0.000360193254891783,0.0028038963209837675,0.0001952930906554684,0.001020364579744637,0.0007455854793079197,3.846564868581481e-05,0.0004607879964169115,0.0003118355816695839,0.010074229910969734,0.0006087322835810483,0.0043443045578897,0.00010562736861174926,0.0016802027821540833
window-fc526efaf069b243a8db,70_5747_13382,bowl,cup,0.9870750308036804,False,3.081898103118874e-05,1.6645757568767294e-05,8.019476081244648e-05,0.00017947920423466712,0.0001147200891864486,0.0011489522876217961,0.00024380786635447294,0.0002808754798024893,0.0018673324957489967,0.9870750308036804,0.0002696682349778712,2.5932540665962733e-05,7.122704846551642e-05,7.343892502831295e-05,0.0008883691043592989,7.71229897509329e-05,0.00026052878820337355,0.00024108649813570082,1.2483741556934547e-05,0.00016306070028804243,0.00011940326658077538,0.0035030057188123465,0.00029742735205218196,0.0027477946132421494,3.2159456168301404e-05,0.0001793111878214404
window-3ba9e6de2ef06725900e,70_5747_13382,bowl,cup,0.9868710041046143,False,4.797352085006423e-05,2.2352500309352763e-05,5.409359800978564e-05,0.00018410258053336293,0.00016525527462363243,0.002320341533049941,0.0002704535727389157,0.0004204407159704715,0.0012139941100031137,0.9868710041046143,0.0003620423667598516,2.1061427105451003e-05,6.334776117000729e-05,5.012051769881509e-05,0.0005098370602354407,5.7553679653210565e-05,0.00021189430844970047,0.00019982887897640467,1.4507922969642095e-05,0.000372380978660658,0.00010308513446943834,0.003973238170146942,0.000273389887297526,0.0018648735713213682,6.805043085478246e-05,0.0002847292344085872
window-aca96965e0f096c6e43c,70_5747_13382,bowl,cup,0.9862348437309265,False,2.91348642349476e-05,1.86846918950323e-05,7.594795170007274e-05,0.00014727571397088468,7.517754420405254e-05,0.000817689870018512,0.00025456014554947615,0.00024012003268580884,0.0024492430966347456,0.9862348437309265,0.00027914668316952884,3.4542459616204724e-05,0.00014465970161836594,6.654932803940028e-05,0.000525797251611948,4.2607654904713854e-05,0.0002845983544830233,0.00022950574930291623,8.029979653656483e-06,0.0002812577586155385,6.757779192412272e-05,0.005572470836341381,0.0002242300979560241,0.0017228040378540754,3.8252892409218475e-05,0.00013533816672861576
window-131e408008abb6098b3c,391_46871_93579,cake,cake,0.9783531427383423,True,0.0028758535627275705,0.0002582065062597394,0.00034858976141549647,0.0071648661978542805,9.896269330056384e-05,0.0004332764365244657,0.9783531427383423,0.0002247900702059269,0.00015920799341984093,0.0006826348835602403,0.00027903183945454657,7.307211490115151e-05,0.0016699207480996847,3.714549893629737e-05,0.00048762618098407984,0.00015934425755403936,0.0008443933911621571,0.00023697028518654406,0.00471316184848547,5.980609421385452e-05,0.0003457032435107976,5.737908577430062e-05,3.5903663956560194e-05,3.701426976476796e-05,0.00030001363484188914,6.395309173967689e-05
window-c7055c160f9acdc28400,391_46871_93579,cake,cake,0.9954490065574646,True,0.0003737373626790941,4.803931005881168e-05,0.00012188518303446472,0.0018115612911060452,3.107984230155125e-05,0.00013453493011184037,0.9954490065574646,5.708634853363037e-05,4.1991395846707746e-05,0.00020831474103033543,3.1660245440434664e-05,4.069798160344362e-05,0.0005392134189605713,6.803430096624652e-06,8.047879236983135e-05,0.0001038892733049579,0.00010932293662335724,0.00013840367319062352,0.0005013885092921555,1.6176254575839266e-05,5.458991654450074e-05,1.826288462325465e-05,1.1808115232270211e-05,1.0281576578563545e-05,4.8894013161771e-05,1.0871850463445298e-05
window-7434fa4898152e25c039,391_46871_93579,cake,cake,0.9927749633789062,True,0.0015594036085531116,6.893678073538467e-05,8.982257713796571e-05,0.002440212294459343,2.7167263397132047e-05,0.000286790425889194,0.9927749633789062,7.85825977800414e-05,6.578219472430646e-05,0.0002399116347078234,6.157311145216227e-05,1.8488799469196238e-05,0.001207378227263689,5.5769633036106825e-06,0.0002866247377824038,8.404961408814415e-05,0.0001950118166860193,6.346611917251721e-05,0.0001352079416392371,2.6962865376845002e-05,7.007461681496352e-05,3.6737226764671504e-05,1.693715967121534e-05,1.8710485164774582e-05,0.0001039915150613524,3.761714106076397e-05
window-b0a860b31dcd79667b25,391_46871_93579,cake,cake,0.9949408769607544,True,0.0004940138896927238,3.898615614161827e-05,5.3142404794925824e-05,0.002657215343788266,2.714613583520986e-05,5.843379403813742e-05,0.9949408769607544,4.883392830379307e-05,3.713010300998576e-05,0.00014238161384128034,6.898579158587381e-05,1.4723585991305299e-05,0.00043006514897570014,4.039459781779442e-06,0.00010309737990610301,1.9688886823132634e-05,9.30593887460418e-05,5.829664587508887e-05,0.0005015385104343295,1.881046591734048e-05,9.096325084101409e-05,1.267915649805218e-05,1.8997669030795805e-05,3.976511379732983e-06,4.276078470866196e-05,2.032821976172272e-05
window-65899bca80870d8f3e48,42_2008_6247,cake,cake,0.9593976140022278,True,0.0010984023101627827,0.0003558729658834636,0.00016517849871888757,3.040252522623632e-05,0.0035498456563800573,0.002201692434027791,0.9593976140022278,0.0001810731046134606,2.2961945433053188e-05,0.004008876159787178,0.00023086984583642334,0.00010459069744683802,9.036640403792262e-05,0.001978321699425578,0.00015930271183606237,0.0002682410995475948,5.141218935023062e-05,0.0014775078743696213,0.02221517637372017,8.596997940912843e-05,0.00047617158270440996,0.00011612541857175529,0.0002638737205415964,0.0001895812019938603,0.00028979004127904773,0.0009908565552905202
window-41ff688cde1003d036ba,42_2008_6247,cake,cake,0.9858476519584656,True,0.0007100451621226966,0.00013188172306399792,7.642240962013602e-05,3.974024366470985e-05,0.00016858811432030052,0.00035237701376900077,0.9858476519584656,6.756852963007987e-05,8.110795533866622e-06,0.001925408374518156,7.160192762967199e-05,3.0049764973227866e-05,2.55436771112727e-05,6.071875759516843e-05,4.555685518425889e-05,0.00015747624274808913,1.5188405996013898e-05,0.0005654115811921656,0.00869254395365715,3.0365243219421245e-05,0.0002231317776022479,7.584880950162187e-05,8.075549703789875e-05,5.4608408390777186e-05,0.00012809749750886112,0.0004151934990659356
window-83f98551e49926f9fe9a,42_2008_6247,cake,cake,0.979564368724823,True,0.0016402604524046183,0.00029309216188266873,6.439927528845146e-05,3.7538342439802364e-05,0.0010946703841909766,0.0012027641059830785,0.979564368724823,0.00025148451095446944,1.094811250368366e-05,0.0016490328125655651,0.00033622063347138464,5.720715853385627e-05,0.00010410197864985093,0.00016896628949325532,5.8458714192966e-05,0.00031063021742738783,1.785760650818702e-05,0.0004747375787701458,0.01099191140383482,4.9039834266295657e-05,0.0007299552671611309,7.93406943557784e-05,0.0001431500568287447,0.00010669790208339691,0.00025223896955139935,0.0003109117678832263
window-6b2c0437c6b5231758a3,42_2008_6247,cake,cake,0.999158501625061,True,6.0679169109789655e-05,1.58806360559538e-05,1.0780973752844147e-05,2.514309244361357e-06,3.7851365050300956e-05,1.451006937713828e-05,0.999158501625061,8.40485063235974e-06,2.9740676836809143e-06,0.00016399398737121373,7.422187081829179e-06,2.8136753371654777e-06,7.449595159414457e-06,3.18825414069579e-06,6.34217894912581e-06,2.0055429558851756e-05,3.706490133481566e-06,4.816418731934391e-05,0.00035488532739691436,5.889777639822569e-06,1.7322710846201517e-05,7.917146831459831e-06,7.49005084799137e-06,7.964537871885113e-06,1.4526020095217973e-05,8.850174708641134e-06
window-6477aab26f2117ae3626,620_101209_202956,cake,cake,0.9979285001754761,True,4.89029916934669e-05,6.497732101706788e-05,0.00024621450575068593,7.512655884056585e-07,1.5881021681707352e-05,4.459574120119214e-05,0.9979285001754761,3.4241002140333876e-05,2.7499172574607655e-05,3.399524939595722e-05,1.837897980294656e-05,2.9773307687719353e-05,7.071993604768068e-05,6.667203706456348e-05,8.597783744335175e-05,8.679356142238248e-06,8.521979179931805e-05,8.296515261463355e-06,0.0001415358710801229,0.000867755152285099,2.3681614038650878e-05,7.488129631383345e-05,3.433569872868247e-05,1.4754368748981506e-05,2.1123330952832475e-05,2.6319178232370177e-06
window-c12b3dc895267b9a3540,620_101209_202956,cake,cake,0.997946560382843,True,6.165261584101245e-05,7.294777606148273e-05,0.00020017896895296872,8.240531883529911e-07,1.6801654055598192e-05,4.6602945076301694e-05,0.997946560382843,3.652468876680359e-05,2.9296623324626125e-05,2.5886401999741793e-05,2.514752486604266e-05,2.6805677407537587e-05,7.398483285214752e-05,9.21292812563479e-05,7.326513878069818e-05,9.0109278971795e-06,8.985368913272396e-05,8.074155630310997e-06,0.00015348343004006892,0.0008378620259463787,2.277629573654849e-05,7.492929580621421e-05,3.637199188233353e-05,1.4965507034503389e-05,2.1202993593760766e-05,2.8187657790113008e-06
window-b42840ab6854b90f1989,620_101209_202956,cake,cake,0.9982894062995911,True,5.059281465946697e-05,6.0270525864325464e-05,0.0001957794011104852,6.765258149243891e-07,1.3901008969696704e-05,4.045515015604906e-05,0.9982894062995911,2.7940246582147665e-05,2.2737824110663496e-05,2.7051111828768626e-05,1.8298811482964084e-05,2.4862327336450107e-05,6.046159614925273e-05,6.63723549223505e-05,6.621297507081181e-05,8.331299795827363e-06,6.566794763784856e-05,7.648103746760171e-06,0.00013392964319791645,0.0006733323098160326,1.997957588173449e-05,6.30361755611375e-05,2.727256105572451e-05,1.4595486391044687e-05,1.9242574126110412e-05,2.0904344637528993e-06
window-0339a7c66bebf6d0df78,620_101209_202956,cake,cake,0.9984006285667419,True,3.5813696740660816e-05,5.216301724431105e-05,0.00019296609389130026,7.075352073115937e-07,1.7210972146131098e-05,3.730835669557564e-05,0.9984006285667419,2.0908080841763876e-05,2.3516982764704153e-05,2.0119554392294958e-05,1.759599763317965e-05,2.4196273443521932e-05,5.383404277381487e-05,8.101634011836722e-05,6.21588624198921e-05,7.669729711778928e-06,6.826652679592371e-05,7.139095487218583e-06,0.00010589906014502048,0.0006532869301736355,1.5824251022422686e-05,4.8014098865678534e-05,2.2898107999935746e-05,1.2337922271399293e-05,1.6682559362379834e-05,1.8657503915164853e-06
window-c97961b2cf827900ccf1,385_45669_91341,carrot,carrot,0.9999316930770874,True,1.3227883755462244e-05,9.927755399985472e-07,7.978549547260627e-06,8.109822374535725e-06,1.0133096566278255e-06,1.2474237109927344e-07,3.340784132888075e-06,0.9999316930770874,9.149881634584744e-07,3.00329816127487e-07,2.1277449491208245e-07,2.9338766580622178e-06,7.0177966335904785e-06,3.19337715382062e-07,1.5118658893698012e-06,2.3535510251804226e-07,1.4690431271446869e-06,2.4708665478101466e-06,6.361133273458108e-06,9.676836043581716e-07,1.2765512735768425e-07,1.0047386922451551e-06,5.218643650550803e-07,2.244663846795447e-06,4.18250101574813e-06,6.198746973495872e-07
window-6301941785c5831fa008,385_45669_91341,carrot,carrot,0.9997243285179138,True,5.401461385190487e-05,1.8630855720402906e-06,9.400109775015153e-06,5.614783731289208e-05,1.5064205172166112e-06,2.0030228142786655e-07,3.8319853047141805e-05,0.9997243285179138,1.0620620741974562e-05,9.76643718786363e-07,6.056923211872345e-07,8.081422492978163e-06,2.7481904908199795e-05,1.521237095403194e-06,2.427279014227679e-06,2.7069449970440473e-06,8.265267751994543e-06,4.5051838242216036e-06,1.8781216567731462e-05,2.4649013994348934e-06,6.525821731884207e-07,4.1725506889633834e-06,1.1564874284886173e-06,4.302181878301781e-06,1.4724629181728233e-05,6.836961006229103e-07
window-97de4a40ab3b239b56b8,385_45669_91341,carrot,carrot,0.9999339580535889,True,1.2229283129272517e-05,6.940475714145578e-07,3.923562871932518e-06,1.2872304978372995e-05,7.520484359702095e-07,7.793959611035461e-08,4.9188010962097906e-06,0.9999339580535889,2.373256620558095e-06,2.4715237145755964e-07,2.031926555901009e-07,2.9469310902641155e-06,5.242582574283006e-06,2.250852162433148e-07,1.0010920732383966e-06,4.505413073729869e-07,1.5469474874407751e-06,1.6442894548163167e-06,4.952966264681891e-06,5.238016456132755e-07,1.3189517744649493e-07,1.2603272807609756e-06,4.3314085473866726e-07,2.158287998099695e-06,4.88411251353682e-06,3.6922017443430377e-07
window-b483f1cbae1b9a4c04b1,385_45669_91341,carrot,carrot,0.9999552965164185,True,6.044187102816068e-06,3.9961008724276326e-07,8.733279173611663e-06,2.077425961033441e-06,1.0528353868721751e-06,1.2578907160332164e-07,3.2225150334852515e-06,0.9999552965164185,1.1426557193772169e-06,8.560351716369041e-08,1.0976876296808769e-07,7.019946792752307e-07,4.454409463505726e-06,6.73196325351455e-08,1.1509214346006047e-06,1.841412853309521e-07,1.952964794327272e-06,1.1569057960514328e-06,6.134599061624613e-06,8.36759227240691e-07,1.218893146415212e-07,8.690528261467989e-07,4.815136094293848e-07,5.545270482798514e-07,2.6832608455151785e-06,2.4976523604891554e-07
window-68980e05bc83dcb70fcc,398_50466_99066,carrot,carrot,0.9991723299026489,True,3.990106051787734e-05,1.1716410881490447e-05,7.646291487617418e-05,7.911085413070396e-05,4.548761353362352e-06,3.1957288229023106e-06,5.1473263738444075e-05,0.9991723299026489,7.138405635487288e-05,6.909426701895427e-06,1.2217818721182994e-06,2.1941283193882555e-05,0.00012255838373675942,1.0202544217463583e-05,2.882405897253193e-05,7.204523171822075e-06,4.907637776341289e-05,2.0825458705076016e-05,8.118651021504775e-05,6.740165190421976e-06,1.399665416101925e-05,3.587574610719457e-05,4.589291347656399e-05,6.976273652981035e-06,2.5315968741779216e-05,5.122378297528485e-06
window-c5ed78970ef5e649c7ac,398_50466_99066,carrot,carrot,0.9983320832252502,True,2.8414278858690523e-05,7.357013237196952e-05,1.7310099792666733e-05,4.442331919563003e-05,1.1241242646065075e-05,8.50911146699218e-06,0.00022829108638688922,0.9983320832252502,7.633445056853816e-05,1.4085579095990397e-05,1.1701473567882203e-06,2.4599115931778215e-05,0.00023124991275835782,0.0002437071525491774,2.4249497073469684e-05,1.540752600703854e-05,3.395445310161449e-05,4.337646169005893e-05,9.656805923441425e-05,1.1904842722287867e-05,3.2098996598506346e-05,6.577235035365447e-05,0.00014102643763180822,5.361986768548377e-05,0.0001364079216727987,1.0573351573839318e-05
window-b7e1bd686be31479a92d,398_50466_99066,carrot,carrot,0.9996557235717773,True,2.277991188748274e-05,1.3526537259167526e-06,4.1914272514986806e-06,2.173046232201159e-05,1.3179160305298865e-05,1.8171022020396776e-06,1.343226722383406e-05,0.9996557235717773,1.0866292541322764e-05,1.2973308685104712e-06,8.901224646251649e-07,5.3591738833347335e-06,3.850569555652328e-05,3.5457869671517983e-06,1.524984782008687e-06,1.5849470855755499e-06,3.2286452551488765e-06,1.4023432413523551e-05,0.0001564529084134847,9.93833282336709e-07,4.796928351424867e-06,5.802965915790992e-06,7.982625902513973e-06,2.3688025976298377e-06,4.765338871948188e-06,1.8910286598838866e-06
window-ba9c592c496783f86657,398_50466_99066,carrot,carrot,0.9997015595436096,True,5.5337136473099235e-06,2.613651986393961e-06,4.737569179269485e-05,1.0505129466764629e-05,3.0103126391622936e-06,2.239604100395809e-06,8.611984230810776e-05,0.9997015595436096,4.417827312863665e-06,5.596031087407027e-07,2.486949313151854e-07,1.616268309589941e-05,1.872827488114126e-05,1.1651163731585257e-05,3.4390393466310343e-06,2.4991070404212223e-06,1.6641983165754937e-05,6.753389698133105e-06,3.341284900670871e-05,2.1936507437203545e-06,2.4540931917726994e-06,5.272456746752141e-06,4.394346433400642e-06,2.026289394052583e-06,9.018230230140034e-06,1.130685973294021e-06
window-f8b7cb1b9ed754290774,399_51327_100768,carrot,carrot,0.999977707862854,True,8.008896088540496e-07,4.350982578671392e-07,3.1456254419026664e-06,5.356839665182633e-07,9.329842214356177e-07,5.950381165575891e-08,1.2953721579833655e-06,0.999977707862854,3.9603904156138015e-07,2.0927710409068823e-07,4.1696733177332135e-08,1.4940664527784975e-07,3.920345989172347e-06,1.0660131266604367e-07,3.260712446717662e-07,2.0110461207423214e-07,3.318700976251421e-07,6.881224408061826e-07,1.7436558437111671e-06,1.8416244529362302e-07,3.2396752658314654e-07,4.126079602428945e-07,5.545640306081623e-06,1.9304623322113912e-07,1.8484057306977775e-07,1.1954217882248486e-07
window-37ba31d04aae19968210,399_51327_100768,carrot,carrot,0.9999860525131226,True,1.110970970330527e-06,1.440544821207368e-07,1.8315939769308898e-06,1.1281380238870042e-06,6.870488391541585e-07,6.150193598841724e-08,3.093247755714401e-07,0.9999860525131226,3.5233270523349347e-07,1.405000915610799e-07,1.6176265660305944e-08,3.2973863994811836e-07,3.535698851919733e-06,6.785990880331383e-09,3.2894152468543325e-07,1.8825785730314237e-07,2.7086622367278324e-07,6.009103117321501e-07,1.4837949038337683e-06,1.341689568334914e-07,8.783420923919039e-08,2.479568479429872e-07,6.391589408849541e-07,9.745364337732099e-08,9.076732965240808e-08,5.8533526470228026e-08
window-c2675a9f4741d8faaf36,399_51327_100768,carrot,carrot,0.9986191987991333,True,2.248462988063693e-05,2.9741113394265994e-05,0.0008486545993946493,1.2394310942909215e-05,9.473237878410146e-05,7.559659479738912e-06,3.8076665077824146e-05,0.9986191987991333,3.079745511058718e-05,7.704754352744203e-06,6.0456854953372385e-06,1.760358259161876e-06,1.394346145389136e-05,2.6081395390065154e-06,8.83130451256875e-06,1.4401042562894872e-06,1.2874101230408996e-05,1.3699496776098385e-05,2.834744009305723e-05,5.9905082707700785e-06,3.1616780233889585e-06,7.222853128041606e-06,0.0001580502139404416,5.838672223035246e-06,6.776422196708154e-06,1.2105430869269185e-05
window-03bfe5fdaa7687bdfac2,399_51327_100768,carrot,carrot,0.9999731779098511,True,8.835551739139191e-07,4.408796314692154e-07,3.0073481411818648e-06,1.2153808484072215e-06,1.0207874083789648e-06,2.2475855132597644e-07,2.960237907245755e-06,0.9999731779098511,1.4289772707343218e-06,3.333871063659899e-07,4.1779578907608084e-08,3.379287534244213e-07,1.780952175067796e-06,2.3250866121315994e-08,6.775790097890422e-07,6.836276611466019e-07,9.898320740830968e-07,1.155725499302207e-06,2.2081878796598176e-06,5.907424451834231e-07,7.521446718783409e-07,4.217813511786517e-07,5.069146482128417e-06,2.1438880537516525e-07,1.9915371751721977e-07,1.4469740960976196e-07
window-5c9d1f816dfbc3e92447,477_67631_132226,carrot,carrot,0.9994269609451294,True,6.1439363889803644e-06,3.726237309820135e-06,0.0004998025833629072,2.4640918127261102e-05,1.5543893141511944e-06,5.429722591543396e-07,2.798330342557165e-06,0.9994269609451294,9.339361781712796e-07,1.2688552715189871e-06,2.259446745256355e-07,2.4877474515960785e-06,1.462172917854332e-06,2.1595606085611507e-06,1.7337638382741716e-06,1.2241928288858617e-06,2.4267606022476684e-06,1.622398485778831e-06,1.1303792234684806e-05,1.0593191746011144e-06,1.3458546845868113e-06,6.711696300953918e-07,1.4930806173651945e-06,4.233494337313459e-07,1.0969523600579123e-06,8.479881898892927e-07
window-91b9114ba2aa07bb5c2e,477_67631_132226,carrot,carrot,0.9999758005142212,True,1.617241423446103e-06,3.260497862811462e-07,3.2282687243423425e-06,2.5050712793017738e-06,5.814339374410338e-07,7.338481822216636e-08,2.0848933672823478e-06,0.9999758005142212,6.376249075401574e-07,2.052265841712142e-07,5.5836959944599585e-08,9.410193229086872e-07,1.1150492582601146e-06,2.7824333415082947e-07,8.113525495900831e-07,4.937089101986203e-07,1.0895402056121384e-06,8.459508080704836e-07,4.35731271863915e-06,2.4659834707563277e-07,6.08237940014078e-07,4.550537653358333e-07,5.991542479932832e-07,2.6287207788300293e-07,4.6337524395312357e-07,2.987866594139632e-07
window-0ad2e10fdd82e64e2bd6,477_67631_132226,carrot,carrot,0.9999899864196777,True,4.920246965411934e-07,2.4132873477356043e-07,2.8794199806725373e-06,1.0219480373052647e-06,3.594484496716177e-07,2.8523700734695012e-08,2.736603335051768e-07,0.9999899864196777,1.1300574698225319e-07,4.2000081634796516e-08,1.851363151672558e-08,4.030033835533686e-07,4.979646064384724e-07,7.870645646335106e-08,3.375842823061248e-07,1.1337070304762165e-07,2.167161312627286e-07,1.693649807066322e-07,1.686331756900472e-06,7.200407026175526e-08,1.3955371969132102e-07,1.2202787047499442e-07,4.860346507484792e-07,4.718756585475603e-08,1.4847313423160813e-07,5.65574040933825e-08
window-6cd3b617d543d78d327d,477_67631_132226,carrot,carrot,0.999824583530426,True,3.314822833999642e-06,1.0458846190886106e-05,1.9481105482554995e-05,6.564323120983317e-05,9.057888746610843e-06,2.6264464736414084e-07,5.513014684765949e-07,0.999824583530426,6.705948635499226e-06,9.306820061283361e-07,4.3249292502878234e-07,1.4736683624505531e-05,6.269971777328465e-07,4.919646926282439e-06,2.6844177227758337e-06,1.1018067880286253e-06,5.796580921924033e-07,2.2139256543596275e-06,1.637261811993085e-05,1.018160560306569e-06,2.0766433408425655e-06,9.279195865019574e-07,4.5241895350045525e-06,1.0283914662068128e-06,8.15318799141096e-07,4.926149358652765e-06
window-8e0aadd1a161da786a18,506_73066_142318,carrot,carrot,0.9999773502349854,True,2.72957959168707e-06,1.387927710538861e-07,1.1742647984647192e-05,1.1322788395773387e-06,2.025804633376538e-06,5.6979725826522554e-08,1.4753159121028148e-06,0.9999773502349854,7.095015774893909e-08,3.0657339777917514e-08,3.650028190804733e-08,9.106932452596084e-08,3.358591129654087e-07,6.26699261374597e-08,1.248890129090796e-07,4.224491689797105e-08,5.593329532871394e-08,1.923447285889779e-07,9.731538739288226e-07,8.778503968187579e-08,1.288552624600925e-07,1.1836021229783e-07,7.960326797729067e-07,5.398138824830312e-08,1.3881037830287823e-07,8.556460073805283e-08
window-224f2d7291c7a504adc0,506_73066_142318,carrot,carrot,0.9999730587005615,True,1.1440541811680305e-06,2.1462915356096346e-07,2.0161909560556524e-05,2.5104228029704245e-07,1.5249401030814624e-07,5.175735040552354e-08,1.0585979453026084e-06,0.9999730587005615,8.049153876754644e-08,2.6157257693171232e-08,1.0322034782461742e-08,5.543103043237352e-08,8.955095154306036e-07,2.145085353788545e-08,3.186409003319568e-07,6.148577824660606e-08,3.4376233770672115e-07,1.1194151738891378e-07,2.0837337899592967e-07,2.00486681478651e-07,1.5760456051339133e-07,2.620049031065719e-07,7.633052518940531e-07,2.9790534483709052e-08,1.6473241259973292e-07,1.219234491145471e-07
window-92d6f1d2cae9b7eec02d,506_73066_142318,carrot,carrot,0.9999963045120239,True,3.269741171152418e-07,4.66181013791811e-08,9.4941202632981e-07,2.270054011432876e-07,1.078650484487298e-07,1.0750759393829412e-08,6.636534521931026e-07,0.9999963045120239,5.380642420504955e-08,1.0066537825537125e-08,1.026005147508613e-08,1.693607920572049e-08,2.17367031041249e-07,8.196737510957064e-09,1.3405279730704933e-07,1.4679559789954055e-08,4.7917254164531187e-08,6.548887654389546e-08,1.1444992509268559e-07,5.185964724319092e-08,3.1157526336755836e-08,7.120107881064541e-08,5.553743562813906e-07,2.0423744473418992e-08,4.3645886904641884e-08,3.965712025433277e-08
window-24022b7443c07e5bf38f,506_73066_142318,carrot,carrot,0.9999610185623169,True,2.731310814851895e-06,3.240353692035569e-07,1.0723313607741147e-05,4.2780703779499163e-07,1.0315209237887757e-06,1.704043910422115e-07,6.018050953571219e-06,0.9999610185623169,5.558554789786285e-07,1.503903774846549e-07,5.6786756630344826e-08,9.491341188549995e-07,1.2257830803719116e-06,1.3421602318430814e-07,1.1625330671449774e-06,1.7720773826113145e-07,3.9185590594570385e-07,9.73401597548218e-07,6.921927251823945e-06,3.7504003103094874e-07,1.5842105938190798e-07,5.85850898460194e-07,2.872928916985984e-06,2.599362858290988e-07,4.7368692435156845e-07,1.912910221335551e-07
window-5b86ff76fdcbf87ce282,216_22847_49082,chair,chair,0.7846531867980957,True,0.004636505618691444,0.009526201523840427,0.005659851245582104,0.023388778790831566,0.014934499748051167,8.686842193128541e-05,0.0007303215097635984,0.0033062975853681564,0.7846531867980957,0.02377544529736042,0.029948150739073753,0.03140883147716522,0.0014013696927577257,0.004086189437657595,0.0028211853932589293,0.002758051734417677,0.0010082022054120898,0.026497920975089073,0.005400912370532751,0.0004480966890696436,0.0020170805510133505,0.01471639983355999,0.0019332310184836388,0.0010048244148492813,0.00016219996905419976,0.003689328208565712
window-196b749ca6e18aef06a3,216_22847_49082,chair,chair,0.9512977004051208,True,0.0011406070552766323,0.002156485104933381,0.0012783637503162026,0.0018760371021926403,0.0008574086241424084,0.0001580222451593727,0.0006740652024745941,0.0006548659293912351,0.9512977004051208,0.005659731104969978,0.013834436424076557,0.002836128231137991,6.206088437465951e-05,0.0008815929759293795,0.0012650631833821535,0.00046526314690709114,5.980997593724169e-05,0.00650597270578146,0.0008845797274261713,6.432137888623402e-05,0.0012045504990965128,0.003854595124721527,0.00040419353172183037,0.00042232140549458563,0.00017166047473438084,0.0013300456339493394
window-7242998ed24877f46e61,216_22847_49082,chair,chair,0.9497951865196228,True,0.0024034972302615643,0.0041829561814665794,0.0011704403441399336,0.005064984317868948,0.003143241163343191,0.00015276341582648456,0.0009440440335310996,0.0005144429742358625,0.9497951865196228,0.0019003839697688818,0.009365875273942947,0.0017163167940452695,0.00018159365572500974,0.002140337135642767,0.0005995749379508197,0.000443185621406883,9.926834900397807e-05,0.0058290110900998116,0.0013512350851669908,0.00013970379950478673,0.0021324867848306894,0.0024875651579350233,0.0004674515512306243,0.00028784715686924756,8.759423508308828e-05,0.003398934379220009
window-b71c176bd221529ba384,216_22847_49082,chair,chair,0.9024726748466492,True,0.003929763101041317,0.011532721109688282,0.001688695978373289,0.006997805088758469,0.0015862362924963236,0.0002435565402265638,0.0005759210325777531,0.0009908447973430157,0.9024726748466492,0.006306324619799852,0.028951190412044525,0.0027746374253183603,0.0005162781453691423,0.0033297997433692217,0.0011414475739002228,0.0013180989772081375,0.00013423328346107155,0.008905738592147827,0.001082356320694089,0.00012832570064347237,0.0068894061259925365,0.004838005639612675,0.0013671270571649075,0.0006136330193839967,0.0005315516609698534,0.0011536510428413749
window-262b95ea2f2d67590bd0,465_66075_129693,chair,chair,0.9998314380645752,True,8.601429613008804e-07,2.0162217424513074e-06,1.270909478989779e-06,8.395434269914404e-05,3.2917666885623476e-06,5.663203410222195e-06,6.249848070183361e-07,1.9522406091709854e-06,0.9998314380645752,1.824277319428802e-06,3.7279585285432404e-06,2.676847179827746e-05,1.9677089824199356e-07,9.087849548450322e-07,5.8354944485472515e-06,2.5880874545691768e-06,1.9256358427810483e-06,1.190014472740586e-06,4.647938112611882e-06,3.891967423896858e-07,3.1155864235188346e-06,7.379936505458318e-06,2.199373966504936e-06,3.364825488461065e-06,1.5859862969591632e-06,1.2828957096644444e-06
window-a52462fb8f0ad3fb3dca,465_66075_129693,chair,chair,0.9994584918022156,True,2.8200092856423e-06,4.5476522245735396e-06,9.88530973700108e-06,0.0001230246271006763,1.2930750926898327e-05,3.7676003557862714e-05,1.3306965911397128e-06,8.125472959363833e-06,0.9994584918022156,3.58792494807858e-05,2.6905598133453168e-05,4.824043935514055e-05,1.6542492176085943e-06,8.992680704977829e-06,5.9949117712676525e-05,1.1869625268445816e-05,5.125179995957296e-06,1.328475718764821e-05,1.1259197890467476e-05,4.452859229786554e-06,7.636583177372813e-06,3.0204595532268286e-05,1.1086490303569008e-05,2.4582921469118446e-05,2.99348221233231e-06,3.6945275496691465e-05
window-43a9489039b93db5b02b,465_66075_129693,chair,chair,0.9998162388801575,True,4.4840084001407376e-07,1.605263150850078e-06,1.3244260799183394e-06,8.603515016147867e-05,8.276258085970767e-06,1.032500858855201e-05,6.331370627776778e-07,2.811138301694882e-06,0.9998162388801575,1.2656494163820753e-06,3.2713467135181418e-06,1.2506852726801299e-05,1.283484380110167e-06,5.274291083878779e-07,2.3618365958100185e-05,1.511956611466303e-06,1.8915794726126478e-06,1.7588666878509684e-06,4.0750092011876404e-06,1.6749086171330418e-06,6.251443210203433e-06,5.106344360683579e-06,1.166077595371462e-06,6.939910122127912e-07,2.0404827409947757e-06,3.604770427045878e-06
window-6e4519dac82483b6dc59,465_66075_129693,chair,chair,0.9994820952415466,True,2.1131384073669324e-06,6.795420176786138e-06,4.440881639311556e-06,0.0003501857863739133,4.305272341298405e-06,2.5241595722036436e-05,1.008300273497298e-06,8.407725545112044e-06,0.9994820952415466,3.114040509899496e-06,1.2164377949375194e-05,1.4273217857407872e-05,3.3264664125454146e-06,2.8740214474964887e-06,2.3633945602341555e-05,1.414228108842508e-06,4.5515562305809e-06,2.9709678983635968e-06,1.0511230357224122e-05,2.689560005819658e-06,4.265629286237527e-06,1.0812527762027457e-05,7.914643902040552e-06,1.9004512523679296e-06,7.2380967139906716e-06,1.6907413282751804e-06
window-01fad0ee21ef2bddebd0,62_4327_11547,chair,chair,0.9993060827255249,True,9.320567187387496e-06,3.6716107842948986e-06,4.1115643398370594e-05,0.00030168829835020006,5.942617644905113e-05,1.0591876161925029e-05,6.89349462845712e-06,3.4452634736226173e-06,0.9993060827255249,8.272548257082235e-06,1.2183701983303763e-05,1.4307237506727688e-05,5.289959062793059e-06,4.1981751564890146e-05,9.174061233352404e-06,1.6182943909370806e-06,9.86580562312156e-06,2.745196979958564e-05,2.8805492547689937e-05,1.6538888303330168e-05,4.794303549715551e-06,3.8624937587883323e-05,9.602284080756363e-06,1.255592087545665e-05,1.1864827683893964e-05,4.740247732115677e-06
window-f85c293d506998366e72,62_4327_11547,chair,chair,0.9970510005950928,True,0.00012387428432703018,0.00010865586955333129,0.0009663361706770957,0.000160166498972103,0.00040286476723849773,5.529876580112614e-05,4.061087020090781e-05,3.044829281861894e-05,0.9970510005950928,8.504739525960758e-05,4.859140608459711e-05,9.094542474485934e-05,2.770979335764423e-05,8.174194226739928e-05,7.756617560517043e-05,7.4070894697797485e-06,8.510175393894315e-05,0.0002044752473011613,6.907660281285644e-05,3.768301394302398e-05,6.005905379424803e-05,5.749147749156691e-05,1.6227151718339883e-05,4.329956936999224e-05,3.070372622460127e-05,3.765779911191203e-05
window-2d9c0c2efbff34ea4db4,62_4327_11547,chair,chair,0.9997218251228333,True,4.5934375521028414e-06,2.3884203983470798e-06,2.2404472474590875e-05,7.18064620741643e-05,1.925995275087189e-05,1.2181623787910212e-05,5.039259576733457e-06,1.952821548911743e-06,0.9997218251228333,2.43298131863412e-06,6.1439682212949265e-06,8.439895282208454e-06,3.274602249803138e-06,1.5264964531525038e-05,3.0172918741300236e-06,2.0024858713441063e-06,4.588337105815299e-06,1.006551792670507e-05,2.5951476345653646e-05,5.66088192499592e-06,3.705691369759734e-06,3.07857699226588e-05,4.109727797185769e-06,6.8840749918308575e-06,3.2228904274234083e-06,2.974002427436062e-06
window-40e1d14f35037547dd5a,62_4327_11547,chair,chair,0.9914244413375854,True,0.0002002940309466794,0.00010475543240318075,0.0003331323096062988,0.00499883946031332,0.0008557185647077858,7.120967347873375e-05,0.0001000640113488771,3.030338848475367e-05,0.9914244413375854,9.47726730373688e-05,8.164837345248088e-05,0.00010392812691861764,8.194917609216645e-05,0.0001856334274634719,7.682255818508565e-05,1.2248838174855337e-05,0.00010244076111121103,0.0002825169649440795,0.000226225980441086,0.00010068861593026668,5.6670145568205044e-05,0.00022337383416015655,4.9609119741944596e-05,6.712209869874641e-05,0.0001007653700071387,3.475086123216897e-05
window-e6d533fa0b9d42ea6f6b,573_83721_165787,chair,chair,0.9978622794151306,True,9.46709951676894e-06,5.4312044085236266e-05,2.545916140661575e-05,0.00044892256846651435,7.594723138026893e-05,0.00010634259524522349,1.626670746190939e-05,2.6676925699575804e-05,0.9978622794151306,1.08605654531857e-05,0.00013166229473426938,0.00014566030586138368,1.4398988241737243e-05,2.7178655727766454e-05,3.98532283725217e-05,1.9454502762528136e-05,1.0834144632099196e-05,3.0199871616787277e-05,8.51862714625895e-05,1.209310630656546e-05,4.0490980609320104e-05,2.7826521545648575e-05,9.183076144836377e-06,1.0180377103097271e-05,1.9679582692333497e-05,0.000739614071790129
window-acd581ccc05ad40b8e9f,38_1705_5096,cup,cup,0.9998527765274048,True,1.0782072195070214e-06,7.719549103057943e-06,2.275589849887183e-06,1.2005876897092094e-06,1.7794983477870119e-06,2.1991956600686535e-05,1.6248955034825485e-06,3.657277602542308e-06,2.5096003355429275e-06,0.9998527765274048,1.8231467038276605e-05,4.149711458012462e-06,6.815795359216281e-07,1.1194337048436864e-06,4.538493385553011e-07,3.720740551216295e-07,2.2799845282861497e-06,5.122690254211193e-06,4.940748681292462e-07,1.7322988696832908e-06,3.227819206585991e-06,3.291766552138142e-05,1.6477260942338035e-05,7.478055977117037e-06,2.6253649139107438e-06,5.904407316847937e-06
window-62e27d056ff416bc86f7,38_1705_5096,cup,cup,0.9998972415924072,True,7.50027595586289e-07,2.1151092823856743e-06,9.73736860032659e-07,1.8711239135882352e-06,2.8651056709350087e-05,1.6831805851325043e-06,1.0250429340885603e-06,8.00460213667975e-07,7.383001729976968e-07,0.9998972415924072,8.57113627716899e-06,1.7031594552463503e-06,8.40153688841383e-07,5.942895882071753e-07,1.1447831838040656e-07,1.950864287891818e-07,5.844931934007036e-07,4.228840680298163e-06,1.6521415773240733e-06,6.455549623751722e-07,1.2603760524143581e-06,4.140282271691831e-06,3.327656304463744e-05,2.3040231553750345e-06,8.267205657830345e-07,3.2422103686258197e-06
window-6d524e37f715112e548c,38_1705_5096,cup,cup,0.9991627931594849,True,7.312467005249346e-06,2.166011108784005e-05,8.00858106231317e-06,3.959773948736256e-06,7.660978008061647e-05,1.1518792234710418e-05,7.729237040621229e-06,9.57845441007521e-06,7.3071128099400084e-06,0.9991627931594849,6.79287695675157e-05,2.141372715414036e-05,1.0027800271927845e-05,4.19985553890001e-05,9.051301503859577e-07,1.3393716926657362e-06,5.03116098116152e-06,1.5047957276692614e-05,1.0018758075602818e-05,1.3105336620355956e-05,1.0834389286173973e-05,8.710215479368344e-05,0.00034072514972649515,3.486607238301076e-05,1.088021781470161e-05,1.237109063367825e-05
window-a3c5218aa85c6757269b,38_1705_5096,cup,cup,0.9989404082298279,True,3.3089206681324868e-06,5.5664895626250654e-06,1.3023960491409525e-05,5.745670478063403e-06,0.0003014197573065758,1.656402127991896e-05,1.4722416381118819e-05,1.843080644903239e-05,1.1303806786600035e-05,0.9989404082298279,8.786097896518186e-05,1.9967661501141265e-05,4.340783561929129e-06,5.617423539661104e-06,9.1194959850327e-07,2.1984010345477145e-06,9.092605978366919e-06,4.868186078965664e-05,2.312718061148189e-05,9.669452083471697e-06,1.470233837608248e-05,3.616297180997208e-05,0.00030193908605724573,5.6054763263091445e-05,3.0136859550111694e-06,4.6059027226874605e-05
window-5fcaa60141c2036e60b9,405_53913_105048,cup,wineglass,0.5677958726882935,False,0.0010475487215444446,0.004760461393743753,0.005738440901041031,0.003185219131410122,0.007530370261520147,0.002197303343564272,0.0005305150407366455,0.0017926540458574891,0.00024797877995297313,0.3780399262905121,0.007167181000113487,0.005209759343415499,0.00010187675798078999,0.0004962996463291347,0.00034126118407584727,0.0008187069906853139,4.767114296555519e-05,0.006413273047655821,0.001931863953359425,0.0002346415858482942,0.0016290786443278193,0.0008739935583434999,0.0007613785564899445,0.0004044235101900995,0.0007023385842330754,0.5677958726882935
window-4a85f3544d94a236d54b,405_53913_105048,cup,cup,0.6700618863105774,True,0.00034653369220905006,0.0009314414928667247,0.0007991079473868012,0.007943430915474892,0.0020160679705441,0.0010166320716962218,0.00030765222618356347,0.000472757761599496,0.0014515426009893417,0.6700618863105774,0.0006235575419850647,0.0024808573070913553,6.437140109483153e-05,5.5823784350650385e-05,0.00011846636334666982,0.00023289999808184803,3.45346488757059e-05,0.00256530218757689,0.00082259566988796,0.00010114553879247978,0.0005303528159856796,0.0005941995186731219,0.00015911059745121747,0.0002776526380330324,0.0007335831178352237,0.30525851249694824
window-2b183d3945f4c79c5ee9,405_53913_105048,cup,wineglass,0.39934349060058594,False,0.0020156651735305786,0.014751289039850235,0.00874920655041933,0.05621973052620888,0.02346683479845524,0.0007784930057823658,0.0068647051230072975,0.0051162270829081535,0.11990426480770111,0.16358347237110138,0.016668522730469704,0.025976669043302536,0.0012738173827528954,0.00044378137681633234,0.005099732428789139,0.02390766516327858,0.0008384831598959863,0.0788886547088623,0.004156267270445824,0.0042334552854299545,0.007288005203008652,0.009747963398694992,0.014051334001123905,0.003323880024254322,0.003308374434709549,0.39934349060058594
window-83eaf4f0b488c2180c1d,405_53913_105048,cup,cup,0.5678066611289978,True,0.00014581541472580284,3.992721758550033e-05,0.0004390699905343354,0.00017875527555588633,0.000568280927836895,0.0010190338362008333,0.00015635818999726325,0.00010652000491973013,9.307760774390772e-05,0.5678066611289978,0.00027671788120642304,0.0006930278614163399,5.285664155962877e-05,5.046293608756969e-06,0.00017439009388908744,0.0001675550447544083,4.134108530706726e-05,0.0014639798318967223,8.791408617980778e-05,0.00010420559556223452,8.073322533164173e-05,0.0003725734422914684,3.502247272990644e-05,6.173495057737455e-05,0.00027581508038565516,0.4255535900592804
window-0dfaadcecc6e27a49e8c,30_1155_3251,cup,cup,0.999803364276886,True,2.5491235646768473e-06,1.0422559881817506e-07,5.240205496193084e-07,1.6133966482811957e-06,7.227808396237378e-07,1.6981600765575422e-06,1.3742863984589349e-06,5.846975454915082e-07,1.4247051694837864e-05,0.999803364276886,1.850429072192128e-07,9.612069789000088e-07,1.1121920579171274e-05,7.776508255119552e-07,5.183258508623112e-06,4.062266611981613e-07,7.67962683312362e-06,1.960030203917995e-06,2.283444700879045e-06,6.995608146098675e-06,2.707422481762478e-06,3.95937604480423e-05,4.4880027417093515e-05,4.475361492950469e-06,1.5753536217744113e-06,4.25500693381764e-05
window-19ff3769a605a1ea0c18,30_1155_3251,cup,cup,0.9988273978233337,True,0.00024729559663683176,9.505908565188292e-06,1.7126943930634297e-05,0.00022690414334647357,7.852033377275802e-06,1.1705698852892965e-05,4.9035908887162805e-05,1.6079679880931508e-06,7.070520496199606e-06,0.9988273978233337,4.2185793063254096e-06,2.4469216441502795e-05,1.7182601368403994e-05,5.287576641421765e-06,8.319036714965478e-05,2.2563777747564018e-05,1.6767591660027392e-05,3.9800608647055924e-05,5.0008395191980526e-05,1.4265840945881791e-05,6.191331522131804e-06,0.0001400153269059956,0.00013230797776486725,1.5065101251821034e-05,4.543047452898463e-06,1.8685115719563328e-05
window-913b87ce26aa3a3d945b,30_1155_3251,cup,cup,0.9950489401817322,True,0.0002292691933689639,8.577869266446214e-06,0.0001415199221810326,0.0015944287879392505,3.6296660255175084e-05,0.00023504841374233365,9.971357940230519e-05,7.529794856964145e-06,0.00015625097148586065,0.9950489401817322,6.44032934360439e-06,3.3528351195855066e-05,5.9656969824573025e-05,8.692832125234418e-06,0.00011231807729927823,3.990268669440411e-05,5.007405343349092e-05,0.0005979466950520873,5.191037053009495e-05,6.047686474630609e-05,6.07004803896416e-05,0.001008746912702918,7.537889177910984e-05,0.0001728557690512389,2.1129275410203263e-05,8.266081567853689e-05
window-2eedf815ac9ba513bd25,30_1155_3251,cup,cup,0.999548614025116,True,4.993687980459072e-06,4.928132284476305e-07,4.7122589421633165e-06,3.112712875008583e-06,2.2483473003376275e-06,1.8364935385761783e-06,5.843047802045476e-06,7.774660275572387e-07,2.5020475732162595e-05,0.999548614025116,7.550357281616016e-07,1.371588950860314e-06,2.2157042621984147e-05,1.6101422488645767e-06,1.2513310139183886e-05,7.281275884452043e-06,9.320392564404756e-06,2.477726411598269e-06,3.1356335057353135e-06,9.311029316450004e-06,8.902559784473851e-06,2.9052671379758976e-05,1.9228391465730965e-05,1.2705772860499565e-05,2.5050833301065722e-06,0.0002600493608042598
window-d5674e3ea685f8d37efe,595_90448_180363,cup,cup,0.948589563369751,True,0.0007127028657123446,0.0003287808794993907,3.894473775289953e-05,0.00468482356518507,0.009768122807145119,0.00033293652813881636,0.0002458274830132723,0.0007023024372756481,1.93529122043401e-05,0.948589563369751,0.01612059213221073,8.367776172235608e-05,0.0001627491001272574,6.346083682728931e-05,3.577739335014485e-05,1.9461258489172906e-05,8.511939995514695e-06,0.001346165081486106,0.0027412271592766047,0.0003566131927073002,0.0006510622333735228,5.4508975154021755e-05,0.0009334533824585378,4.8693273129174486e-05,7.37768059480004e-05,0.011877112090587616
window-d91c954a6142ed80a2f9,622_102453_205829,cup,cup,0.999645471572876,True,2.506652435840806e-06,2.013254970734124e-06,1.4427546375372913e-06,0.00014092714991420507,8.622920177003834e-06,7.389295660686912e-06,1.1341246590745868e-06,3.466720045253169e-06,5.540372967516305e-06,0.999645471572876,5.049859055361594e-07,6.017960004101042e-06,2.6583646217659407e-07,3.062417135879514e-06,2.8519125407910906e-06,2.8155056952527957e-06,4.753003850055393e-06,5.213586518948432e-06,2.7830214094137773e-05,2.2150854874780634e-06,1.7760576156433672e-06,4.693550636147847e-06,5.285683073452674e-06,1.0268907317367848e-05,1.458151587030443e-06,0.00010239086259389296
window-ba4d59d7b3cd8b4e8c6b,219_23096_47262,frisbee,frisbee,0.9991201758384705,True,5.367936410038965e-06,1.3221990229794756e-05,2.1282162379065994e-06,1.9421633624006063e-05,2.127751258740318e-06,2.6418697416374926e-06,3.825832754955627e-05,9.484856491326354e-06,0.000601402367465198,1.6996170870697824e-06,0.9991201758384705,1.0555170774750877e-05,3.886916601913981e-06,1.1252423973928671e-05,8.479546522721648e-06,3.760034087463282e-05,5.46545834367862e-06,1.0371453527113772e-06,6.105949432821944e-05,4.026941496704239e-06,3.384085175639484e-06,2.239373316115234e-06,4.019256266474258e-06,2.6683719624998048e-05,1.0780986485769972e-06,3.2391405966336606e-06
window-4bcbc4a0769de5a5fd7b,219_23096_47262,frisbee,frisbee,0.9998528957366943,True,5.66389473988238e-07,6.402777671610238e-06,1.0215449037787039e-06,7.439438832079759e-06,7.577437486361305e-07,1.2892888889837195e-06,1.937489832926076e-05,3.343937578392797e-06,5.5378062825184315e-05,7.878499559410557e-07,0.9998528957366943,4.194701432425063e-06,4.971519160790194e-07,4.334683580964338e-06,3.69834606317454e-06,1.0887857570196502e-05,1.6927579054026864e-06,2.5018925953190774e-07,6.093303909437964e-06,8.593398774792149e-07,7.475571237591794e-07,2.1765229121228913e-06,1.6630182244625757e-06,1.0538611604715697e-05,6.569180754922854e-07,2.348949465158512e-06
window-e9bf24665778ba17cfab,219_23096_47262,frisbee,frisbee,0.9927377104759216,True,0.00010922394722001627,0.0002834569604601711,6.246827251743525e-05,0.0002355862525291741,6.128532550064847e-05,0.00016962217341642827,0.0017014362383633852,0.0002075253869406879,0.001969062490388751,0.00011445556447142735,0.9927377104759216,0.00010817322618095204,3.948588710045442e-05,0.00027947945636697114,0.0005207414506003261,0.00038703129393979907,8.744576189201325e-05,7.1987365117820445e-06,0.00020616881374735385,3.945031494367868e-05,7.564863335574046e-05,3.616151661844924e-05,0.0002315320452908054,0.00026825908571481705,2.4464769012411125e-05,3.6914214433636516e-05
window-5080af7e069d4d562120,219_23096_47262,frisbee,frisbee,0.9992827773094177,True,6.547448720084503e-06,3.3599189919186756e-05,3.7127108498680172e-06,1.2232035260240082e-05,3.987318905274151e-06,5.048260845796904e-06,8.416584751103073e-05,1.389273711538408e-05,0.00038074961048550904,1.8552766505308682e-06,0.9992827773094177,1.092286311177304e-05,6.071285042708041e-06,2.4239832782768644e-05,1.0412634765089024e-05,1.6393438272643834e-05,9.315950592281297e-06,1.526817982266948e-06,1.8441958673065528e-05,5.05167054143385e-06,1.4003709338794579e-06,8.175628863682505e-06,6.152970854600426e-06,4.626816007657908e-05,3.8865414353495e-06,3.1769795896252617e-06
window-138ab8098bf0546d44e4,68_5341_12469,frisbee,frisbee,0.9855133891105652,True,0.0008918493404053152,6.202048098202795e-05,2.9604023438878357e-05,1.4329822306535789e-06,1.066429013008019e-05,0.002562559675425291,0.009453716687858105,6.616312475671293e-06,5.333098670234904e-06,0.00012531121319625527,0.9855133891105652,3.643920717877336e-05,4.489020284381695e-05,0.0004103005339857191,7.925844329292886e-06,0.00013488430704455823,2.7332911486155353e-05,3.9940572605701163e-05,4.693102164310403e-05,6.248083536775084e-06,1.1035323950636666e-05,1.0446122360008303e-05,9.355238944408484e-06,0.00040685178828425705,1.5578205420752056e-05,0.00012945386697538197
window-fb4193528861d1d30a37,68_5341_12469,frisbee,frisbee,0.994175374507904,True,0.0010867735836654902,2.940464037237689e-05,9.232022421201691e-05,2.8641979952226393e-06,2.1516219931072555e-05,0.0013070187997072935,0.00166597543284297,4.159910986345494e-06,2.7617293199000414e-06,0.00043532095151022077,0.994175374507904,4.9186717660631984e-05,4.857085514231585e-05,0.00014578644186258316,7.723186172370333e-06,0.00019122919184155762,1.498881738370983e-05,1.581348078616429e-05,1.828169661166612e-05,4.000711214757757e-06,8.99809856491629e-06,1.121038894780213e-05,4.855814040638506e-06,0.0004225927987135947,1.2951146345585585e-05,0.00022043577337171882
window-08982e363c163222cde7,68_5341_12469,frisbee,frisbee,0.9956089854240417,True,0.0004392291884869337,3.206381370546296e-05,2.1116584321134724e-05,8.266625286523777e-07,1.7460361050325446e-05,0.00029711262322962284,0.0029606649186462164,1.7389030517733772e-06,1.9074705051025376e-06,0.00012375685037113726,0.9956089854240417,2.925493936345447e-05,1.6739501006668434e-05,0.00023603453882969916,4.638454811356496e-06,4.774870103574358e-05,1.5282199456123635e-05,9.667166523286141e-06,1.6721838619560003e-05,5.788593171018874e-06,8.186823833966628e-06,1.1784473826992325e-05,2.4442726953566307e-06,6.250273145269603e-05,1.0056414794235025e-05,1.8317525245947763e-05
window-b8ffb8cdb629f99c3621,68_5341_12469,frisbee,frisbee,0.9944998025894165,True,0.0009091438259929419,2.7327858333592303e-05,1.9037754100281745e-05,2.421048293399508e-06,3.044534423679579e-05,0.0016772935632616282,0.0013867204543203115,4.207546226098202e-06,2.633007625263417e-06,0.0002917151723522693,0.9944998025894165,4.1534756746841595e-05,2.7437406970420852e-05,0.0006156997988000512,1.0846070836123545e-05,9.46369837038219e-05,1.6583373508183286e-05,3.227233173674904e-05,5.206342393648811e-05,4.458730018086499e-06,9.254806172975805e-06,1.7028898582793772e-05,4.670449925470166e-06,0.00012421350402291864,1.7141030184575357e-05,8.126513421302661e-05
window-3f4e47d716ae33dc515b,68_5238_12327,frisbee,frisbee,0.9981155395507812,True,0.00016339542344212532,3.221607403247617e-05,1.1953791727137286e-05,7.887456740718335e-05,5.201644671615213e-05,0.0009313250775448978,0.0001781518367351964,7.687792276556138e-06,1.92019138012256e-06,5.418473301688209e-05,0.9981155395507812,3.4368822525721043e-06,3.3123411412816495e-05,1.1783986337832175e-05,2.2718862965120934e-05,9.237848280463368e-05,3.0002329367562197e-06,6.02717773290351e-06,6.493578985100612e-05,1.0038961590908002e-05,3.0230203265091404e-06,3.244305480620824e-05,9.188491276290733e-06,3.553992428351194e-05,1.6656560546834953e-05,2.8537340767798014e-05
window-352d3a4f25e7f610c937,68_5238_12327,frisbee,frisbee,0.9962893724441528,True,0.00016028241952881217,9.12160612642765e-05,6.0900776588823646e-05,0.00021795766951981932,0.0005076798261143267,0.0012496720300987363,0.00018839904805645347,3.473952165222727e-05,1.2384808542265091e-05,0.00013738987036049366,0.9962893724441528,1.1374871064617764e-05,9.278328070649877e-05,3.407601252547465e-05,6.648106500506401e-05,0.00016626839351374656,5.644798875437118e-06,4.396020813146606e-05,0.00014789712440688163,2.7362260880181566e-05,1.1565410204639193e-05,0.00016627379227429628,3.02056287182495e-05,6.287695578066632e-05,4.396272197482176e-05,0.0001393070415360853
window-9f2482e6c89e8099f6a3,68_5238_12327,frisbee,frisbee,0.9983491897583008,True,7.313201786018908e-05,4.691258436650969e-05,3.086824290221557e-05,0.0002632050891406834,5.2779956604354084e-05,0.0005754895973950624,6.683322135359049e-05,1.4406028640223667e-05,6.90528850100236e-06,4.774492481374182e-05,0.9983491897583008,8.004761184565723e-06,3.425167960813269e-05,2.3150134438765235e-05,1.713677920633927e-05,9.26473512663506e-05,2.1894820747547783e-06,1.4839728464721702e-05,6.315681093838066e-05,1.1382051525288261e-05,5.064245669927914e-06,3.829978595604189e-05,2.1685676983906887e-05,2.396563286310993e-05,1.7360654965159483e-05,9.94017900666222e-05
window-d2a094d2a78d45b9feaf,68_5238_12327,frisbee,frisbee,0.9980437755584717,True,0.00014584054588340223,4.867394454777241e-05,6.966132059460506e-05,0.0002063982974505052,0.00010567098070168868,0.0001457298785680905,0.0002516978420317173,2.3772898202878423e-05,1.9444369172560982e-05,9.774506179383025e-05,0.9980437755584717,1.1470503523014486e-05,9.357047383673489e-05,2.7990599846816622e-05,0.00010243008728139102,4.521248411037959e-05,8.642477041576058e-06,3.460625885054469e-05,0.00014099714462645352,6.039065556251444e-05,1.0426119843032211e-05,0.00013618450611829758,4.1384071664651856e-05,4.722114317701198e-05,3.9278555050259456e-05,4.182891279924661e-05
window-4dabdedc8850063b622b,31_1334_4061,handbag,handbag,0.9389858841896057,True,0.000321306346450001,0.0005897820228710771,0.0014366741525009274,0.003329434897750616,0.0007961852243170142,0.00013690648484043777,0.002853069920092821,0.0018768454901874065,0.006338127423077822,0.0006884044269099832,7.845684740459546e-05,0.9389858841896057,0.0015295417979359627,0.0011563361622393131,0.0005438510561361909,0.005533981136977673,0.00032009126152843237,0.0012609295081347227,0.0007802991895005107,0.0004831726255360991,0.00356996338814497,0.001560747274197638,0.005949541460722685,0.014646378345787525,0.0012458375422284007,0.003988267853856087
window-57602816b3e5e0382332,31_1334_4061,handbag,handbag,0.9956634640693665,True,0.00015380348486360162,6.993171700742096e-05,0.00031945016235113144,0.0005324458470568061,0.00023634906392544508,8.212957618525252e-05,0.0005769204581156373,0.00011288015230093151,0.0001883322256617248,5.607912680716254e-05,9.302077160100453e-06,0.9956634640693665,5.737889659940265e-05,2.3166616301750764e-05,2.1627563910442404e-05,0.0009001758298836648,0.00012689798313658684,2.961948121082969e-05,2.717141978791915e-05,1.1562432518985588e-05,7.786937203491107e-05,3.785976514336653e-05,9.922905883286148e-05,0.00020473335462156683,0.00020209299691487104,0.0001794876006897539
window-a26bf5e3b9f33c80f797,31_1334_4061,handbag,handbag,0.9995763897895813,True,2.622362444526516e-06,1.0406191904621664e-05,2.2228899979381822e-05,1.0608197953843046e-05,1.0349916010454763e-05,1.4129285546005121e-06,7.809159797034226e-06,1.2257720527486526e-06,9.233955097442959e-06,6.634238161495887e-06,5.387436203818652e-07,0.9995763897895813,4.005437858722871e-06,2.2167887436808087e-05,4.065233497385634e-06,0.00023395931930281222,5.1208985496487e-06,4.2068081711477134e-06,1.5005738532636315e-05,2.1545531581068644e-06,2.519433655834291e-05,9.812944881559815e-06,1.2565049019030994e-06,7.459423159161815e-06,4.511085990088759e-06,1.7423643612346496e-06
window-943bd986445e75cc39cc,31_1334_4061,handbag,handbag,0.9995760321617126,True,6.2342437558982056e-06,5.555204097618116e-06,5.93117656535469e-05,2.1046373149147257e-05,5.234671789366985e-06,5.543957286135992e-06,4.598546729539521e-05,7.120469945220975e-06,6.807910267525585e-06,5.4332285799318925e-06,5.353685082809534e-06,0.9995760321617126,4.478527898754692e-06,2.8041552013746696e-06,2.4949165435828036e-06,5.951585990260355e-05,5.3965621191309765e-05,9.456049156142399e-06,6.276252406678395e-06,2.4896423838072224e-06,1.1759694643842522e-05,3.843598278763238e-06,1.178255502054526e-06,4.3400035792728886e-05,3.0165254429448396e-05,1.8427783288643695e-05
window-1031a1b5f7b132f11867,397_50012_98436,handbag,handbag,0.9995296001434326,True,3.0261310257628793e-06,6.005567229294684e-06,6.169684638734907e-05,0.00012817895913030952,8.821636583888903e-06,8.276181688415818e-06,4.376461674837628e-06,6.331372333079344e-07,5.1654220442287624e-05,6.834694886492798e-06,1.2370599051791942e-06,0.9995296001434326,5.480321306094993e-06,1.8635151946000406e-06,9.247218258678913e-06,9.432926890440285e-05,2.4656928871991113e-06,4.823506060347427e-06,2.1051337171229534e-05,4.604456989909522e-06,1.2946837159688585e-05,2.5017695861606626e-06,1.554550408400246e-06,1.4924558854545467e-05,1.1862887731695082e-05,1.984816208278062e-06
window-2fb8ca8ecd3a401a3066,397_50012_98436,handbag,handbag,0.9999262094497681,True,2.8067565835954156e-06,8.725444899937429e-07,3.7185325254540658e-06,2.8832713724114e-05,5.959473583061481e-06,6.034689477019128e-07,1.9075998807238648e-06,2.9398668743851886e-07,4.903650960841333e-07,8.105536153379944e-07,6.759099164810323e-07,0.9999262094497681,4.300667114875978e-06,6.970749950596655e-07,2.19942717194499e-06,3.2660700526321307e-06,3.0447824883594876e-06,3.775198536004609e-07,1.9174747194483643e-06,1.34523452288704e-06,2.0080592548765708e-06,1.036553726407874e-06,5.262987201604119e-07,3.932678680484969e-07,3.0867980171933596e-07,5.385784334066557e-06
window-c3a037fb1afc1fa643db,397_50012_98436,handbag,handbag,0.9999039173126221,True,4.385718511912273e-06,1.274581222787674e-06,2.2713060388923623e-05,1.8335327695240267e-05,9.430692102796456e-07,8.569513738621026e-07,2.5216811536665773e-06,2.1762238588962646e-07,2.4467419734719442e-06,2.9182549496908905e-06,1.7808109475936362e-07,0.9999039173126221,2.8191493584017735e-06,3.1186857540888013e-07,6.886816095175163e-07,1.820296711230185e-05,1.0708276931836735e-06,9.654048653828795e-07,3.1206982384901494e-06,9.774958016350865e-07,2.641719220264349e-06,6.747612246726931e-07,9.384487498209637e-07,3.798101488428074e-06,2.6634870664565824e-06,5.229813382356951e-07
window-f99b5f8bef596a6c5b08,397_50012_98436,handbag,handbag,0.9996368885040283,True,8.135150892485399e-06,7.116124379535904e-06,3.2098709198180586e-05,8.243689080700278e-05,2.324851266166661e-05,4.036535301565891e-06,1.8946529962704517e-05,1.1344935728629935e-06,1.9593946490203962e-05,4.99674433740438e-06,2.1663745428668335e-06,0.9996368885040283,1.376283762510866e-05,4.9825498535938095e-06,1.794062518456485e-05,7.141353762563085e-06,2.06192289624596e-05,2.4283472157549113e-06,9.39383971854113e-06,8.71362954057986e-06,5.479498213389888e-06,3.742231683645514e-06,8.594627615821082e-06,1.1279155842203181e-05,2.808594899761374e-06,4.2243806092301384e-05
window-32d7e5e843183968582a,397_50244_98709,handbag,handbag,0.9999043941497803,True,4.3251097281427064e-07,5.108302048029145e-07,1.6379132148358622e-06,5.058313945482951e-06,4.193929271423258e-06,3.0873692935529107e-07,1.2121350891902694e-06,3.05766604924429e-07,3.1362649224320194e-06,5.569850145548116e-07,8.012709145077679e-07,0.9999043941497803,6.397043534889235e-07,2.1225452655926347e-05,2.567426463429001e-06,2.3724294806015678e-05,1.6066009038695483e-06,5.254339612292824e-06,1.1761241012209211e-06,8.798938893050945e-07,1.1427790013840422e-05,4.189444098301465e-06,5.936429374742147e-07,7.287727612492745e-07,1.2313819297560258e-06,2.2428116608352866e-06
window-16ce6fe6c0a29e3271c2,397_50244_98709,handbag,handbag,0.9998440742492676,True,3.1539395877189236e-06,2.1384892079368e-06,1.5739670971015585e-06,8.968327165348455e-06,5.870572294952581e-06,1.0488441830602824e-06,1.0229143754258985e-06,9.317641342931893e-07,4.715855538961478e-06,1.3628852002511849e-06,2.063423380604945e-06,0.9998440742492676,1.0808317796318079e-07,1.3421569747151807e-05,5.558103566727368e-06,5.5333282944047824e-05,2.0556826711981557e-06,7.647095117135905e-06,1.6336852013409953e-06,3.209467536180455e-07,1.2188679647806566e-05,5.064988727099262e-06,3.2025714062910993e-06,5.61049091629684e-06,1.1716022072505439e-06,9.764157766767312e-06
window-5b6f0c7a8c6082486a8d,397_50244_98709,handbag,handbag,0.9994401335716248,True,2.6506793346925406e-06,3.592794200812932e-06,1.5547455404885113e-05,9.449742719880305e-06,1.3550868970924057e-05,1.6293740827677539e-06,5.4847087085363455e-06,5.0587673285917845e-06,1.9197355868527666e-05,1.0385476798546733e-06,2.7173889520781813e-06,0.9994401335716248,1.4539144785885583e-06,7.125625415937975e-05,8.447549589618575e-06,0.0003070944221690297,1.599013921804726e-05,6.738359388691606e-06,6.4070295593410265e-06,1.2083655747119337e-06,7.7771874202881e-06,1.108420383388875e-05,7.499160346924327e-06,8.634996447653975e-06,5.881518063688418e-06,2.0581344870151952e-05
window-d9decc355d8c0b787335,397_50244_98709,handbag,handbag,0.9998077750205994,True,1.2452564988052472e-06,3.7889453778916504e-06,6.6746806623996235e-06,3.24173342960421e-05,6.697840035485569e-06,4.996407369617373e-06,1.5560555084448424e-06,6.928972879904904e-07,2.601404776214622e-05,1.9264095953985816e-06,8.957559884947841e-07,0.9998077750205994,7.522936016357562e-07,1.4278338085205178e-06,6.6835727920988575e-06,2.5557304979884066e-05,4.941773113387171e-06,5.181092092243489e-06,5.107903234602418e-06,1.055754523804353e-06,9.152129678113852e-06,5.2844948186248075e-06,1.3658348052558722e-06,1.6020785551518202e-05,6.1045916481816676e-06,1.664433875703253e-05
window-38dbc8e7e31bba7b22d7,401_52084_102154,handbag,handbag,0.9987815022468567,True,8.916752994991839e-05,4.641797931981273e-05,5.803719614050351e-05,0.0006740077515132725,4.683989391196519e-05,1.1336649549775757e-05,2.2783408439863706e-06,1.917796225825441e-06,7.436125088133849e-06,3.7189878639765084e-05,9.20611546462169e-06,0.9987815022468567,8.619444088253658e-06,2.209619424320408e-06,8.6580421339022e-06,4.119938239455223e-05,1.847972089308314e-05,2.1569736418314278e-05,3.685275942189037e-06,1.359781890641898e-05,7.775539415888488e-06,5.7200131777790375e-06,3.175528490828583e-06,1.4538316463585943e-05,6.0019454394932836e-05,2.5509310944471508e-05
window-f43c1338f98a2123c949,401_52084_102154,handbag,handbag,0.9997068047523499,True,3.3560852898517624e-05,2.4162868612620514e-06,5.287431486067362e-05,2.681370278878603e-05,1.5344616258516908e-05,1.3986330031912075e-06,2.434892962810409e-07,1.938475406859652e-06,3.5419056985119823e-06,8.672519470565021e-06,3.689369123094366e-06,0.9997068047523499,4.186749436030368e-07,9.283980762120336e-05,1.909217417050968e-06,1.7237385691259988e-05,1.1965947805947508e-06,2.5291335532529047e-06,2.000350605158019e-06,1.081335994967958e-05,1.4830197869741824e-06,1.2717426898234407e-06,5.799043947263272e-07,5.282207439449849e-06,2.900548224715749e-06,2.2006458948453655e-06
window-bb7a5955623a40265c21,401_52084_102154,handbag,handbag,0.9952835440635681,True,6.988389941398054e-05,6.49498833809048e-05,0.0003097075968980789,0.00038150604814291,0.0006556285079568624,1.5783620256115682e-05,2.542101537983399e-05,0.0002694204158615321,3.7413363315863535e-05,5.2167801186442375e-05,6.0744678194168955e-05,0.9952835440635681,3.135955557809211e-05,0.0004936826298944652,0.00012598911416716874,0.0008011526078917086,1.5862964573898353e-05,3.020346412085928e-05,0.00018318864749744534,7.271191134350374e-05,0.0004961462109349668,4.85085511172656e-05,2.243005292257294e-05,0.00026457468629814684,1.9018174498341978e-05,0.00016907090321183205
window-6425cb07cbebe80a2f5e,401_52084_102154,handbag,handbag,0.9980725049972534,True,2.1115281924721785e-05,4.526346856437158e-06,1.5860487110330723e-05,0.00012699313811026514,7.335094414884225e-05,1.103578483707679e-06,4.1089407432082226e-07,1.0188768101215828e-05,1.5552329841739265e-06,6.343870609271107e-06,1.9525370589690283e-05,0.9980725049972534,8.647775189274398e-07,0.001449087867513299,5.552849870582577e-06,7.03793775755912e-05,3.139919726891094e-06,5.158076419320423e-06,3.64484621968586e-05,8.928545867092907e-06,6.489364295703126e-06,4.896084647043608e-06,4.140068085689563e-06,1.878531838883646e-05,3.741099590115482e-06,2.9022054150118493e-05
window-2bdee743c61d1861cfd7,250_26807_55293,hydrant,hydrant,0.9999542236328125,True,1.1354122761986218e-06,6.114514690125361e-07,1.2308591124110535e-07,2.7163258664586465e-07,1.5584333823426277e-07,2.3653994674077694e-07,7.093075851116737e-07,9.242376108886674e-07,8.330272862622223e-07,1.808114404866501e-07,5.129763849254232e-07,3.887608102104423e-07,0.9999542236328125,1.1759756546325661e-07,1.4433481965170358e-07,3.800710999257717e-07,7.0275455072987825e-06,1.342443624707812e-06,2.5115463131442084e-07,1.44211271617678e-05,2.4512839900125982e-06,6.025786206009798e-06,1.2927932857564883e-06,1.952480488398578e-06,2.5400797767360928e-06,1.792920556908939e-06
window-6205e20c09dd4e110792,250_26807_55293,hydrant,hydrant,0.9999582767486572,True,9.131696288022795e-07,3.9889354752631334e-07,1.022787756710386e-07,2.7416757575338124e-07,3.4530810921751254e-07,3.187240054103313e-07,7.453272132806887e-07,8.043843990890309e-07,1.9035047671422944e-06,2.237824787698628e-07,2.3309765140311356e-07,2.407454928743391e-07,0.9999582767486572,8.221795155805012e-08,3.847802645395859e-07,5.267373808237608e-07,8.54204517963808e-06,1.4277450191002572e-06,1.6351850717910565e-07,6.569431207026355e-06,2.7106996185466414e-06,6.196739377628546e-06,1.2444442063497263e-06,2.771234221654595e-06,3.109412318735849e-06,1.4603156159864739e-06
window-6e47a2bf5f35ecfd5241,250_26807_55293,hydrant,hydrant,0.9999332427978516,True,1.9974083897977835e-06,6.271639563237841e-07,1.4887829991039325e-07,6.647638315371296e-07,6.89850139679038e-07,5.871663688594708e-07,9.05878152934747e-07,1.313312168349512e-06,4.1323132791148964e-06,2.1284444073899067e-07,3.794742440277332e-07,5.093917820886418e-07,0.9999332427978516,1.3395757036960276e-07,3.7891300053161103e-07,9.32249008656072e-07,1.067661742126802e-05,2.9384202662186e-06,3.76145010250184e-07,8.936664926295634e-06,3.4654697174119065e-06,6.617393864871701e-06,2.573283154561068e-06,1.0282968105457257e-05,3.993302470917115e-06,3.269387207183172e-06
window-0686f9c66c975b220c9d,250_26807_55293,hydrant,hydrant,0.9999624490737915,True,7.522427836192946e-07,4.445213335202425e-07,5.9231368254586414e-08,2.558125231644226e-07,3.123871863408567e-07,2.81904675603073e-07,3.7606955061164626e-07,7.3570481617935e-07,3.121824647678295e-06,2.892023189815518e-07,2.1581240616797004e-07,3.269758508395171e-07,0.9999624490737915,7.619367892175433e-08,3.305898133021401e-07,2.9771689469271223e-07,6.679986199742416e-06,1.6346766642527655e-06,2.434408088447526e-07,4.896130121778697e-06,2.8176934847579105e-06,4.651363269658759e-06,1.6463619658679818e-06,2.957426659122575e-06,2.943099843832897e-06,1.1363207477188553e-06
window-b1ee4239bd1272db5df2,304_31883_60483,hydrant,hydrant,0.9999425411224365,True,6.890609824949934e-07,1.4001745967107126e-06,3.2566543950451887e-07,6.914103209965106e-07,1.5298182631795498e-07,5.664834361596149e-07,6.070529252610868e-07,8.214734634748311e-07,3.314236892038025e-06,1.1936253940803e-07,1.2190071174700279e-06,3.0389969651878346e-07,0.9999425411224365,1.4924083870937466e-06,4.5112818725101533e-07,2.388071891346044e-07,5.7148022278852295e-06,3.5845152979163686e-06,2.171707365050679e-07,4.421931407705415e-06,3.451280235822196e-06,4.708414508058922e-06,1.0134787771676201e-05,5.3978892537998036e-06,2.6759871616377495e-06,4.6972513700893614e-06
window-f236d00904981c89c5f1,304_31883_60483,hydrant,hydrant,0.9998780488967896,True,3.959125479013892e-06,3.6262890716898255e-06,5.502625413100759e-07,1.407419176757685e-06,4.5861642661293445e-07,6.689676865789806e-07,1.2843020158470608e-06,1.8543736359788454e-06,1.5951594832586125e-05,2.2536215738000465e-07,1.4962680552343954e-06,8.619945788268524e-07,0.9998780488967896,7.831114885448187e-07,6.021710987624829e-07,8.1742479096647e-07,1.541861638543196e-05,1.5498948414460756e-05,4.763906247262639e-07,1.1197753337910399e-05,6.362951808114303e-06,8.250370228779502e-06,5.094460448162863e-06,1.590459760336671e-05,5.455262908071745e-06,3.7598636026814347e-06
window-83b313ec6d810ed6a66c,304_31883_60483,hydrant,hydrant,0.9999656677246094,True,5.830422651342815e-07,9.709048072181758e-07,1.945446115314553e-07,5.339678068594367e-07,9.145555424083796e-08,3.651986162367393e-07,3.545809477145667e-07,6.039031745785906e-07,2.5052850105566904e-06,7.270087110100576e-08,1.060557565324416e-06,2.6059350943796744e-07,0.9999656677246094,6.628931146224204e-07,4.314663044624467e-07,1.464101870851664e-07,4.143002570344834e-06,1.9530614281393355e-06,1.9371668713574763e-07,4.831932983506704e-06,1.5446305496880086e-06,2.607199121484882e-06,3.638628186308779e-06,2.5459683001827216e-06,1.5478466366403154e-06,2.5034412374225212e-06
window-c451afe6c66faf201caa,304_31883_60483,hydrant,hydrant,0.9999253749847412,True,1.522474917692307e-06,2.157232302124612e-06,4.85152611418016e-07,9.572122507961467e-07,1.2298168883262406e-07,7.614193009430892e-07,6.511534706987732e-07,9.032502816808119e-07,5.271188456390519e-06,1.1688274526022724e-07,2.3538468667538837e-06,6.212834477992146e-07,0.9999253749847412,1.0419911404824234e-06,9.569000667397631e-07,4.6879006276867585e-07,8.48366198624717e-06,5.194798632146558e-06,2.162654766380001e-07,7.908554835012183e-06,4.575269940687576e-06,6.05486366112018e-06,5.258946657704655e-06,9.090709681913722e-06,3.5445593766780803e-06,5.948169473413145e-06
window-a49ecb14fd8df07469e7,429_60367_116963,hydrant,hydrant,0.9995574355125427,True,1.5760359701744164e-06,2.449796193104703e-05,4.916337275062688e-07,4.664677362598013e-06,1.36898597702384e-06,2.7285400392429437e-06,4.091912614967441e-06,9.636425602366216e-06,1.5251424883899745e-05,5.201015483180527e-06,5.59845102543477e-06,9.919668855218333e-07,0.9995574355125427,1.6656483694532653e-06,1.0439945299367537e-06,1.2614095794560853e-06,1.611858169781044e-05,2.609145303722471e-05,8.251952294813236e-07,3.034450492123142e-05,9.200325621350203e-06,9.007893095258623e-05,0.000147283572005108,2.5445684514124878e-05,8.63199238665402e-06,8.521538802597206e-06
window-341e95c178d65f235ca3,429_60367_116963,hydrant,hydrant,0.9994533658027649,True,3.268045702498057e-06,1.617507587070577e-05,5.33413924586057e-07,5.496368885360425e-06,2.609969669720158e-06,2.450063448122819e-06,1.3938064284957363e-06,1.1913963135157246e-05,3.7026846257504076e-05,7.898242984083481e-06,9.16983208298916e-06,1.348729824712791e-06,0.9994533658027649,1.3626034842673107e-06,6.919306656527624e-07,1.9839856122416677e-06,2.1712496163672768e-05,3.252873648307286e-05,7.406757163153088e-07,3.886572812916711e-05,1.00176202977309e-05,5.937454625382088e-05,0.00023007481649983674,2.9116497898939997e-05,1.2167277418484446e-05,8.74358374858275e-06
window-77959f24c0091c6f6190,429_60367_116963,hydrant,hydrant,0.9993840456008911,True,1.8519255036153481e-06,2.3441485609509982e-05,5.397130848905363e-07,7.244775588333141e-06,2.242696382381837e-06,3.888470018864609e-06,2.2104168238001876e-06,1.4241443750506733e-05,1.8189184629591182e-05,9.824689186643809e-06,1.1323266335239168e-05,1.4481455536952126e-06,0.9993840456008911,3.5325729186297394e-06,1.6551610997339594e-06,2.1860194010514533e-06,1.39024432428414e-05,2.7252362997387536e-05,6.441268283197132e-07,3.061676034121774e-05,1.3855335964763071e-05,0.00011504856956889853,0.0002744004304986447,1.8415214071865194e-05,1.0441095582791604e-05,7.4510635386104695e-06
window-f6ac84df6f1ec9112fc5,429_60367_116963,hydrant,hydrant,0.9997159838676453,True,1.214680310113181e-06,1.1990761777269654e-05,4.705612752786692e-07,2.436333716104855e-06,8.438272516286816e-07,2.000781023525633e-06,1.4874074167892104e-06,6.568265689566033e-06,5.948404123046203e-06,1.702368535916321e-06,4.825592441193294e-06,5.360511750041042e-07,0.9997159838676453,1.0680025752662914e-06,8.221908842642733e-07,7.728277182650345e-07,1.4565163837687578e-05,1.76904650288634e-05,3.1252295684680576e-07,2.7875608793692663e-05,1.3968656276119873e-05,5.3231906349537894e-05,8.982761210063472e-05,1.5845098459976725e-05,3.5173488868167624e-06,4.542880105873337e-06
window-21db55f61584dc546241,429_60395_117232,hydrant,hydrant,0.9999592304229736,True,7.52232438117062e-07,1.7346408185403561e-06,6.947899322540252e-08,3.6071139675186714e-07,2.8229251824996027e-07,1.1727247795079165e-07,4.2173363112851803e-07,7.717731023149099e-07,4.134040409553563e-06,6.917802863881661e-08,1.3380994232647936e-06,1.7061255164207978e-07,0.9999592304229736,8.877587731603853e-08,2.478452074683446e-07,5.867254344593675e-07,3.750613586817053e-06,3.003096026077401e-06,1.5843754397337761e-07,5.690272701031063e-06,1.697733409855573e-06,8.107130270218477e-06,1.974172164409538e-06,1.1243270137129002e-06,3.1512570330960443e-06,1.052117909239314e-06
window-02f33ac8296d9a995998,429_60395_117232,hydrant,hydrant,0.9999698400497437,True,4.4876625793222047e-07,1.219525302076363e-06,9.767759934220521e-08,3.1357299690171203e-07,2.2521761877669633e-07,1.308054606852238e-07,4.669787188049668e-07,5.468585868584341e-07,2.3077091100276448e-06,1.0859998411660854e-07,1.4433769592869794e-06,1.4719721264100372e-07,0.9999698400497437,8.742713930587342e-08,2.7618591502687195e-07,3.107807344804314e-07,1.8851054619517527e-06,2.167660341001465e-06,1.2875381116828066e-07,3.0679013889312046e-06,9.520670687379607e-07,6.108802153903525e-06,1.9919039004889783e-06,1.3592947425422608e-06,3.2383663892687764e-06,1.0875529596887645e-06
window-58979a3909beca604c1f,429_60395_117232,hydrant,hydrant,0.9999161958694458,True,8.276087442027347e-07,3.1405670597450808e-06,2.602471056434297e-07,7.753421300549235e-07,3.485079105303157e-07,6.661804263785598e-07,1.6611103319519316e-06,9.952656228051637e-07,3.4954293823830085e-06,1.6672770186687558e-07,3.3218136650248198e-06,4.573763874304859e-07,0.9999161958694458,2.104763296983947e-07,8.495124461660453e-07,9.649068033468211e-07,1.0938743798760697e-05,7.713790182606317e-06,4.4121790665485605e-07,1.4617973647546023e-05,2.500709342712071e-06,1.0812676009663846e-05,5.0678040679486e-06,5.248056822892977e-06,5.971417522232514e-06,2.4296673473145347e-06
window-c80355bb20145f9d0a2b,429_60395_117232,hydrant,hydrant,0.999957799911499,True,5.640038125420688e-07,1.4239138863558765e-06,8.335368306688906e-08,5.028826990383095e-07,2.0044099358074163e-07,1.9344932411513582e-07,4.018532706595579e-07,5.958874567113526e-07,2.4970765934995143e-06,2.294924428269951e-07,8.541678653273266e-07,1.0974831354815251e-07,0.999957799911499,9.003506562521579e-08,3.3045776604012644e-07,3.8243871358645265e-07,5.225500899541657e-06,3.132785650450387e-06,1.6007150804853154e-07,4.217059085931396e-06,1.6242232732111006e-06,1.1854972399305552e-05,2.1991631911078002e-06,1.3987853435537545e-06,3.191291625626036e-06,6.780689432162035e-07
window-552dc221341991d023f4,411_55970_107894,hydrant,hydrant,0.999840497970581,True,2.429409505566582e-06,3.546486595951137e-06,1.5124020080747869e-07,1.9457565940683708e-06,7.695084036640765e-07,7.765591476527334e-07,8.775365358815179e-07,2.409469061603886e-06,4.683836323238211e-06,4.129190074309008e-07,1.3662664741787012e-06,2.414911079995363e-07,0.999840497970581,2.682112665297609e-07,5.40730468401307e-07,3.539581427958183e-07,5.413842882262543e-05,2.090994939862867e-06,1.921568127727369e-06,4.8072153731482103e-05,9.39727669901913e-06,6.430964731407585e-06,3.5532709716790123e-06,2.3637653612240683e-06,6.429848326661158e-06,4.317138063925086e-06
window-032857a12aa489022ce5,411_55970_107894,hydrant,hydrant,0.9998588562011719,True,1.9701788005477283e-06,2.959227686005761e-06,3.7088739190949127e-07,4.803625870408723e-06,3.0059217692723905e-07,1.2019789892292465e-06,1.7175962057081051e-06,3.0935163977119373e-06,1.29852548980125e-06,3.9800579543225467e-07,3.0639123451692285e-06,2.5861808694571664e-07,0.9998588562011719,4.1503326997371914e-07,7.794172915964737e-07,5.532776867767097e-07,5.2662431698990986e-05,3.4551408134575468e-06,1.7405296830474981e-06,3.367137469467707e-05,5.667200184689136e-06,6.767224476789124e-06,1.5361219993792474e-06,2.7558951387618436e-06,5.5943901315913536e-06,4.04893353334046e-06
window-59ab82ab96ff94966e14,411_55970_107894,hydrant,hydrant,0.9998414516448975,True,1.9262008663645247e-06,1.4911591961208615e-06,1.8016162073308806e-07,6.300239192569279e-07,2.0232694453170552e-07,1.4911449852661463e-06,1.4684400184705737e-06,3.2338864457415184e-06,1.8786793134495383e-06,2.4296141987179e-07,2.172068889194634e-06,2.0341678919066908e-07,0.9998414516448975,8.527776458322478e-07,6.962333145565935e-07,4.142316356592346e-07,8.176249684765935e-05,3.2842333439475624e-06,1.1290563861621195e-06,1.904605232994072e-05,1.080428046407178e-05,9.61620025918819e-06,3.847828338621184e-06,1.861323653429281e-06,4.9748318815545645e-06,4.993626589566702e-06
window-f82f2178c5cd139d250b,411_55970_107894,hydrant,hydrant,0.9997283816337585,True,3.917746198567329e-06,3.2176292279473273e-06,4.34397350090876e-07,2.3027728275337722e-06,4.953046186528809e-07,2.180471255996963e-06,2.7428511657490162e-06,4.914976670988835e-06,1.3409710390988039e-06,6.137797186056559e-07,3.3142857773782453e-06,2.8463435342018784e-07,0.9997283816337585,5.061952492724231e-07,8.902101171770482e-07,5.253431822893617e-07,0.0001322185853496194,7.505438134103315e-06,1.9096030428045196e-06,5.747371324105188e-05,6.831745849922299e-06,1.736596277623903e-05,4.8721954044594895e-06,4.111362159164855e-06,6.773999302822631e-06,4.957930286764167e-06
window-3a5bafad27c52a5aa216,372_41097_81898,kite,kite,0.9998550415039062,True,1.5502840824410669e-06,4.5956362555443775e-06,6.9237353272910696e-06,2.2550132428023062e-08,1.5358376685981057e-06,1.434210616935161e-06,1.7583899989404017e-06,2.6858103865379235e-06,5.537237370845105e-07,4.3093254475934373e-07,2.0222062175889732e-06,2.9126311346772127e-05,3.964129291489371e-07,0.9998550415039062,4.540509962680517e-06,7.071041636663722e-06,3.4328229503444163e-06,1.0040022971224971e-05,1.3859969385521254e-06,5.839144705532817e-06,2.7465018774819328e-06,5.200103714741999e-06,1.205561943606881e-06,7.644207471457776e-07,4.7707027988508344e-05,1.8166448398915236e-06
window-0537a14514256f453064,372_41097_81898,kite,kite,0.999894380569458,True,6.641366780968383e-07,1.7306222162005724e-06,1.9115564100502525e-06,1.258550152982707e-08,5.742423923038587e-07,1.7829256648838054e-06,3.956221803491644e-07,2.4573560040153097e-06,8.527389923074224e-07,3.5057601621701906e-07,6.135304602139513e-07,4.714057649835013e-05,1.2341695310169598e-07,0.999894380569458,2.270787263114471e-06,5.990754743834259e-06,1.4047951708562323e-06,2.366876969972509e-06,2.0048057649546536e-06,1.568409174979024e-06,2.649808493515593e-06,3.3476342196081532e-06,1.9184844859410077e-05,5.347838509806024e-07,4.910985353490105e-06,8.234496249315271e-07
window-e34d4240cacefbbeaafe,372_41097_81898,kite,kite,0.9999788999557495,True,5.711873996006034e-07,1.2262269137863768e-06,9.06711250081571e-07,2.794789288884658e-09,4.1195619360223645e-07,3.5454675639812194e-07,2.3824783568215935e-07,7.346679922193289e-07,1.2769123713951558e-07,6.5636797330626e-08,3.909648000899324e-07,5.722208697989117e-06,7.219924214041384e-08,0.9999788999557495,6.013336815158254e-07,9.300741226070386e-07,2.434770749459858e-07,1.167791992884304e-06,5.340961592992244e-07,7.464046234417765e-07,1.000750444291043e-06,6.396995786417392e-07,1.3491650179275894e-06,1.5173618805874867e-07,2.554161028456292e-06,2.394770319824602e-07
window-e2a55c0fc8194f99ddf7,372_41097_81898,kite,kite,0.9997299313545227,True,5.338915798347443e-06,3.024331363121746e-06,6.861831934656948e-06,2.1800522276294032e-08,6.830782695033122e-07,7.690694474149495e-06,1.3524149835575372e-06,8.29898544907337e-06,1.8375222907707212e-06,8.228510068875039e-07,1.7079587451007683e-06,7.232870120787993e-05,6.852287697256543e-07,0.9997299313545227,5.351624622562667e-06,2.067135756078642e-05,5.665237949870061e-06,4.383609393698862e-06,4.9815644160844386e-06,5.178342689760029e-06,1.1266047295066528e-05,7.17089415047667e-06,6.394110096152872e-05,4.730118803308869e-07,2.727139144553803e-05,3.006579390785191e-06
window-efd6b22fec2f7f06c5ee,622_102123_205145,kite,kite,0.9955387711524963,True,7.692375947954133e-05,7.529763388447464e-05,0.0004265417519491166,9.650430001784116e-06,0.00010431424016132951,8.63566601765342e-05,7.534008182119578e-05,0.00017754048167262226,2.095950912917033e-05,4.440578049980104e-05,0.00021140674652997404,0.00044472108129411936,0.00029772217385470867,0.9955387711524963,0.0001007261234917678,0.0001552887842990458,6.414306699298322e-05,0.00010206596198258922,0.00039894680958241224,0.0001524725666968152,6.334749195957556e-05,1.955868719960563e-05,0.000789953104685992,0.00048548972699791193,5.572825102717616e-05,2.225426578661427e-05
window-0fdd103aa380c228dbbd,622_102123_205145,kite,kite,0.9976229071617126,True,2.4509146896889433e-05,9.154631698038429e-05,0.00024202051281463355,1.508326931798365e-05,3.6785848351428285e-05,6.326754373731092e-05,4.9644208047538996e-05,2.4158363885362633e-05,1.983473339350894e-05,8.027357580431271e-06,9.203951776726171e-05,0.00038100016536191106,0.00016180680540855974,0.9976229071617126,0.00010487071995157748,5.87475296924822e-05,5.288046668283641e-05,0.0001949740544660017,5.493771459441632e-05,7.024544174782932e-05,4.972096212441102e-05,2.1027457478339784e-05,9.80737095233053e-05,0.0003178961342200637,0.00011652407556539401,2.749589111772366e-05
window-a7747bcabd019ce47e1a,622_102123_205145,kite,kite,0.998029887676239,True,0.00012476170377340168,2.3472743123420514e-05,0.0003769757167901844,3.173295908709406e-06,0.00010615160863380879,3.1231884349836037e-05,1.5384730431833304e-05,2.5304390874225646e-05,6.993102488195291e-06,1.996335413423367e-05,0.00010170156019739807,6.393837975338101e-05,4.383705527288839e-05,0.998029887676239,5.092961873742752e-05,9.357881208416075e-05,1.2918919310322963e-05,2.4152297555701807e-05,0.00017423236567992717,3.760676190722734e-05,1.0455597475811373e-05,1.691416764515452e-05,0.00031165758264251053,0.0002797743945848197,1.2210420209157746e-05,2.7125172437081346e-06
window-7deeb564554a12c38646,622_102123_205145,kite,kite,0.9951853156089783,True,8.781883661868051e-05,9.851793583948165e-05,0.0004749039944726974,6.951869636395713e-06,4.3682852265192196e-05,6.480748561443761e-05,3.366203964105807e-05,3.391010977793485e-05,4.1381095797987655e-05,2.1354331693146378e-05,0.0003317799710202962,0.0003418138367123902,0.0002719638287089765,0.9951853156089783,0.00016729386697988957,0.0002326862158952281,5.300258635543287e-05,0.00016658366075716913,0.00013333925744518638,7.338490104302764e-05,9.276189666707069e-05,4.6620618377346545e-05,0.0005203334731049836,0.0013170671882107854,0.00012360465188976377,3.552637281245552e-05
window-47f820b8650b168d0d3e,566_81802_162361,kite,book,0.711028516292572,False,0.005602318327873945,0.0016873819986358285,0.0003328471793793142,0.001003567478619516,0.711028516292572,0.0008325200760737062,0.000919258629437536,0.0036594884004443884,0.00010466212552273646,0.0009265850530937314,0.0016747729387134314,0.0011853871401399374,0.0008772747241891921,0.24783428013324738,0.0008231615647673607,0.00013553770259022713,0.001723792403936386,0.0029541999101638794,0.0007632682682015002,0.0015022234292700887,0.00453702500090003,0.002444471698254347,0.0016870553372427821,0.00330572878010571,0.00023461197270080447,0.0022200671955943108
window-e5eedf177d8130ecd77b,566_81802_162361,kite,book,0.8323997259140015,False,0.0029105711728334427,0.0012839335249736905,0.00028205514536239207,0.00023818225599825382,0.8323997259140015,0.0013749620411545038,0.0013998068170621991,0.0015825172886252403,9.305415005655959e-05,0.00045288557885214686,0.00036986771738156676,0.00199262541718781,0.0002604479668661952,0.1315837949514389,0.00048050907207652926,8.638500003144145e-05,0.003624538192525506,0.006049833260476589,0.0002527332690078765,0.0005146776093170047,0.0029346707742661238,0.0067125107161700726,0.00025971923605538905,0.0007852275157347322,0.0003452157252468169,0.0017295876750722528
window-6daace5b7be2801205d4,566_81802_162361,kite,kite,0.5692842602729797,True,0.0020487422589212656,0.0016272682696580887,0.00032118885428644717,0.00011605369945755228,0.4063355326652527,0.0003993470745626837,0.0007540549268014729,0.0021174452267587185,9.852054063230753e-05,0.00023099465761333704,0.0012316008796915412,0.0018182380590587854,0.00042909273179247975,0.5692842602729797,0.0003938237205147743,7.563340477645397e-05,0.0012836465612053871,0.002012161770835519,0.00034267461160197854,0.0009230631403625011,0.0019887706730514765,0.0026416066102683544,0.0007007295498624444,0.0013800736051052809,0.0001496372278779745,0.0012957750586792827
window-f19ff6974df9bf2bcd44,566_81802_162361,kite,book,0.48247501254081726,False,0.0035593865904957056,0.001953396713361144,0.0005683811032213271,0.0001917041081469506,0.48247501254081726,0.0009625189122743905,0.0011293630814179778,0.004020939581096172,0.0001547835418023169,0.0003974463324993849,0.0008763446239754558,0.003704255912452936,0.0005672348197549582,0.47926533222198486,0.000611454073805362,0.00012941347085870802,0.002323213964700699,0.004057837650179863,0.00022603000979870558,0.0007999826921150088,0.002638621488586068,0.004088143352419138,0.00045777694322168827,0.002544101793318987,0.0003536705917213112,0.0019437067676335573
window-0610c66dc36544427618,407_55221_107129,microwave,microwave,0.9902922511100769,True,3.317186565254815e-05,0.0004504540120251477,4.8539473937125877e-05,0.004959937185049057,0.00033853683271445334,3.826880129054189e-05,3.8637645047856495e-05,0.0004845571529585868,0.00032020933576859534,6.346948066493496e-05,3.320253381389193e-05,0.00022506178356707096,3.1804243008082267e-06,8.819549111649394e-05,0.9902922511100769,7.582210673717782e-05,0.0008132015354931355,0.00020687798678409308,0.0006374512449838221,5.691804108209908e-05,0.00023787611280567944,6.366620073094964e-05,1.9454944776953198e-05,0.0002458286180626601,7.490284588129725e-06,0.00021781909163109958
window-110274842238389bd597,407_55221_107129,microwave,microwave,0.9983250498771667,True,1.2133043128415011e-05,4.0811712096910924e-05,5.875931037735427e-06,0.0007523921085521579,1.2976647667528596e-05,1.2627695468836464e-05,8.980417987913825e-06,0.00014438862854149193,2.9433669624268077e-05,8.608662938058842e-06,4.404765604704153e-06,8.516402886016294e-05,6.625437549701019e-07,3.681897578644566e-05,0.9983250498771667,2.299870720889885e-05,2.8788523195544258e-05,0.00010286516044288874,0.0001522294187452644,2.9325237846933305e-05,2.3349390176008455e-05,1.7858194041764364e-05,6.048644991096808e-06,6.633188604610041e-05,1.5776139434819925e-06,6.830778875155374e-05
window-8ee840f8dcb6a7059f2a,407_55221_107129,microwave,microwave,0.9971141815185547,True,1.2272135791135952e-05,4.246233947924338e-05,1.2030731340928469e-05,0.0006169552798382938,6.274832412600517e-05,1.4491005458694417e-05,7.702943548792973e-06,0.00018685443501453847,0.00019165514095220715,7.542312232544646e-05,1.668779441388324e-05,0.00013737175322603434,5.513573341886513e-06,0.0002457022201269865,0.9971141815185547,8.443026308668777e-05,0.00023903058900032192,9.161017078440636e-05,0.00014373760495800525,2.2253438146435656e-05,8.040319517021999e-05,0.0002636284043546766,2.8967877369723283e-05,0.00015672600420657545,4.479118615563493e-06,0.00014256787835620344
window-1ef6602462ae644d6035,407_55221_107129,microwave,microwave,0.996319055557251,True,2.4149141609086655e-05,9.863638115348294e-05,2.1400564946816303e-05,0.0002676993899513036,4.808932135347277e-05,1.3248661161924247e-05,5.618944669549819e-06,3.7590267311315984e-05,8.32593796076253e-05,2.2437548977904953e-05,3.586345883377362e-06,0.0013461342314258218,1.198702761939785e-06,4.7052453737705946e-05,0.996319055557251,0.00039393737097270787,0.0004879834013991058,9.279595542466268e-05,8.895006612874568e-05,9.475203114561737e-06,2.160612893931102e-05,0.000314492208417505,2.6730995159596205e-05,0.0001358116714982316,1.7645192201598547e-05,7.159311644500121e-05
window-23cf96cd3b0afa826900,48_2772_8326,microwave,microwave,0.999891996383667,True,1.3898561519454233e-06,3.627103978942614e-06,1.6735250483179698e-06,3.33713433064986e-05,7.441135039698565e-06,1.5674080486860476e-06,3.826696683972841e-07,1.5815359120097128e-06,2.5677154553704895e-06,1.883706204353075e-06,2.304009854015021e-07,4.766551683133002e-06,1.608947428621832e-07,9.691126479083323e-07,0.999891996383667,6.435068826249335e-06,2.1233458937786054e-06,8.603735295764636e-06,1.6063411749200895e-05,1.384098482049012e-06,9.990063745135558e-07,1.6864535723470908e-07,2.902995220210869e-06,4.976051513949642e-06,1.5065310208228766e-06,1.2248453913343837e-06
window-7c94a106d198fd3830af,48_2772_8326,microwave,microwave,0.9992314577102661,True,1.4454955817200243e-05,1.2597091881616507e-05,2.335428143851459e-05,9.091660467674956e-05,5.496574431163026e-06,1.1071357221226208e-05,3.914796616300009e-05,9.605385457689408e-06,2.3464990590582602e-05,1.3595273458122392e-06,2.8595097774086753e-06,6.942482286831364e-05,4.715432078228332e-05,5.410103767644614e-06,0.9992314577102661,2.423287878627889e-05,7.663973519811407e-05,6.79691438563168e-05,6.949709495529532e-05,2.669155401235912e-05,8.565584721509367e-06,6.429352652048692e-06,1.2191298992547672e-05,6.68005523039028e-05,4.5385768316918984e-05,7.875356459408067e-06
window-4bb8bf16e299e63ba42a,48_2772_8326,microwave,microwave,0.9999136924743652,True,6.758582458132878e-07,1.0020011131928186e-06,4.537750555755338e-06,2.861728353309445e-05,2.6427478587720543e-06,4.715594513982069e-06,2.3420839170285035e-06,2.4828566438372945e-06,8.634964956399926e-07,2.3582908852404216e-06,5.767564914549439e-08,3.55212841895991e-06,9.57442011895182e-07,1.058539638165712e-07,0.9999136924743652,7.978360372362658e-06,1.291354692511959e-06,6.071863026591018e-06,5.651712854159996e-06,2.2745352907804772e-06,1.2098664683435345e-06,5.710526806979033e-07,2.8307829325058265e-06,4.5627345457432966e-07,2.8078779905627016e-06,1.541018264106242e-07
window-7f88e7a51b1f62c2d0bd,48_2772_8326,microwave,microwave,0.9996577501296997,True,2.8733836643368704e-06,3.757193098863354e-06,2.4334807676495984e-05,3.423321322770789e-05,3.398185754122096e-06,1.6122457964229397e-05,8.377448466490023e-06,6.571848643943667e-06,2.1608537281281315e-05,2.8483298137871316e-06,1.348856471850013e-06,2.2404297851608135e-05,1.4273146007326432e-06,2.098028517139028e-06,0.9996577501296997,2.67249129137781e-06,2.796720582409762e-05,2.110499917762354e-05,2.802816561597865e-05,8.49499883770477e-06,1.2656751096074004e-05,1.3841603504261002e-05,3.3602391340536997e-06,2.988474807352759e-05,7.617017217853572e-06,3.5166194720659405e-05
window-3a06a3f8c35d57527b35,555_80017_155910,microwave,microwave,0.9979956150054932,True,1.0715503776737023e-05,2.7745121769839898e-05,2.248135206173174e-05,0.0006965321372263134,1.2398603757901583e-05,3.227111301384866e-05,7.097394700394943e-05,0.00031885242788121104,4.9762267735786736e-05,6.668685273325536e-06,5.908206730964594e-06,6.334311183309183e-05,6.0200718507985584e-06,9.776403021533042e-05,0.9979956150054932,2.496927208994748e-06,8.535062079317868e-05,7.641621778020635e-05,7.285187166417018e-05,0.00015486958727706224,1.3382582437770907e-05,1.172375868918607e-05,1.7829077478381805e-05,2.9247536076582037e-05,5.406784111983143e-06,0.00011321913916617632
window-ab3ce0ce16316c4373f9,555_80017_155910,microwave,microwave,0.9911820888519287,True,0.00010901275527430698,0.00025520400959067047,0.0002469100581947714,0.00018215506861452013,3.9284212107304484e-05,0.00025952691794373095,0.00015512731624767184,0.0003365892916917801,0.00011971682397415861,2.4596305593149737e-05,1.2314682862779591e-05,0.001035041525028646,0.000294124853098765,0.0001266961480723694,0.9911820888519287,3.262280733906664e-05,0.002994273789227009,0.0008160810102708638,4.350373274064623e-05,0.0007258467958308756,0.0002009714808082208,0.0002095276868203655,0.00010129091242561117,0.0003731510369107127,8.101820276351646e-05,4.332958269515075e-05
window-4e9bf21f470fff91a9ce,555_80017_155910,microwave,microwave,0.9985684156417847,True,1.8128639567294158e-05,2.953998227894772e-05,1.0139709047507495e-05,8.010181045392528e-05,9.689745638752356e-06,5.835675437992904e-06,2.3902034627099056e-06,1.007884566206485e-05,8.34356887935428e-06,2.4467292405461194e-06,9.23761604099127e-07,0.000809167861007154,8.242015610449016e-06,1.7015181583701633e-05,0.9985684156417847,7.838446435926016e-06,0.00019247796444687992,7.849896064726636e-05,2.2400616217055358e-05,5.069627513876185e-05,1.4242202269088011e-05,3.925996225007111e-06,1.491839975642506e-05,2.1070783986942843e-05,7.67451729188906e-06,5.896024049434345e-06
window-3e25f2b702900926bbef,555_80017_155910,microwave,microwave,0.9999237060546875,True,1.6163584177775192e-06,2.684763103388832e-06,2.888825520130922e-06,8.89056536834687e-06,6.972806545491039e-07,3.7124216305528535e-06,7.527389698225306e-07,2.555862010922283e-06,2.9545017241616733e-06,5.417309694166761e-07,2.8103613658458926e-07,6.310851858870592e-06,1.338097206371458e-07,4.470354724617209e-06,0.9999237060546875,2.659954247974383e-07,2.57101169154339e-06,4.015095328213647e-06,4.879630068899132e-06,3.8947055145399645e-06,3.8043972381274216e-06,2.0713641788461246e-06,1.466828052798519e-06,1.3321123333298601e-06,5.439466690404515e-07,1.301451902691042e-05
window-8b58c3f1b771ebc58117,618_100747_201834,microwave,microwave,0.9954108595848083,True,0.0001739857398206368,9.125991346081719e-05,0.00017873974866233766,0.0006540008471347392,1.8627792087499984e-05,2.856853825505823e-05,4.751418964588083e-05,4.793385960510932e-05,2.662006954778917e-05,0.0002057485980913043,1.8430182535666972e-05,2.8613745598704554e-05,0.00016848841914907098,0.00012300335220061243,0.9954108595848083,0.00019558311032596976,0.0008143481099978089,0.0003657104098238051,0.00017248332733288407,0.0007199150277301669,9.484896145295352e-05,2.9176711905165575e-05,5.4000858654035255e-05,0.00019095971947535872,1.7398797353962436e-05,0.00012327615695539862
window-dea44c1a8b57d32c69e9,618_100747_201834,microwave,microwave,0.9969834685325623,True,8.645023626741022e-05,5.150981814949773e-05,9.766338189365342e-05,0.00040042464388534427,9.642523764341604e-06,2.169834988308139e-05,3.218097481294535e-05,3.028856917808298e-05,1.836350202211179e-05,9.066311758942902e-05,8.018358130357228e-06,2.381123158556875e-05,8.420924859819934e-05,0.00012749008601531386,0.9969834685325623,0.00012679978681262583,0.0004353822150733322,0.00024328001018147916,7.596970681333914e-05,0.000740487186703831,5.643150507239625e-05,1.3966631740913726e-05,5.50661061424762e-05,9.886475891107693e-05,1.2244061508681625e-05,7.563124381704256e-05
window-82c08c7ef6e6bc0c8dc5,618_100747_201834,microwave,microwave,0.9952362179756165,True,0.00018011053907684982,7.662155258003622e-05,0.0002259799075545743,0.000556677405256778,1.4528397514368407e-05,2.013700759562198e-05,3.538566306815483e-05,2.657793629623484e-05,2.5189343432430178e-05,0.00029778215684928,1.6086194591480307e-05,4.5534474338637665e-05,0.00014926349103916436,0.00022585323313251138,0.9952362179756165,0.0004544283146969974,0.000954779505264014,0.0002928639587480575,0.00017141974240075797,0.0006269122241064906,7.181835098890588e-05,3.003809615620412e-05,4.820704270969145e-05,9.036484698299319e-05,2.2546939362655394e-05,0.00010473782458575442
window-7312c3636e075e8c7a53,618_100747_201834,microwave,microwave,0.9938132762908936,True,0.00011763785732910037,0.00012186235107947141,0.0003140649641864002,0.0009272408206015825,1.4896914763085078e-05,2.9810556952725165e-05,3.8172671338543296e-05,2.3750777472741902e-05,2.72374672931619e-05,0.000307503214571625,1.3423247764876578e-05,8.614912803750485e-05,0.00012874505773652345,0.00023419861099682748,0.9938132762908936,0.00048813651665113866,0.000816310930531472,0.0004356145509518683,0.00010365893103880808,0.0014859272632747889,0.00010106945410370827,2.3762673663441092e-05,5.049250103184022e-05,0.00015177922614384443,3.7019079172750935e-05,0.00010833980195457116
window-481395cd4651690f7ea0,506_72906_141733,microwave,microwave,0.9974484443664551,True,8.557083492632955e-05,9.957489237422124e-05,8.454277121927589e-05,0.0005034382920712233,1.9620383682195097e-05,3.52713541360572e-05,2.218627378169913e-05,5.6692035286687315e-05,1.7048419977072626e-05,9.748140655574389e-06,5.42541965842247e-06,0.000409101223340258,2.7962965759797953e-05,0.00030408837483264506,0.9974484443664551,3.950652535422705e-05,0.0004466375394258648,5.8525281929178163e-05,0.0001094759936677292,0.00010534932516748086,2.7366178983356804e-05,9.158605280390475e-06,3.5594701330410317e-05,1.5285733752534725e-05,1.9505088857840747e-05,4.8907841119216755e-06
window-21d3a0ba1656ff973e76,506_72906_141733,microwave,microwave,0.999736487865448,True,8.454423550574575e-06,8.400166734645609e-06,3.589314474083949e-06,1.35257541842293e-05,3.7348331716202665e-07,7.0502796916116495e-06,4.658505986299133e-06,5.943025826127268e-06,6.674631094938377e-06,2.618996859382605e-07,2.1192803956182615e-07,4.274147613614332e-06,8.366164365725126e-06,4.290560809749877e-06,0.999736487865448,2.291500777573674e-06,6.627987022511661e-05,1.539540789963212e-05,2.8132792522228556e-06,8.174221875378862e-05,2.279134605487343e-06,5.389203465711034e-07,5.902104931010399e-06,6.247405053727562e-06,3.0604769563069567e-06,7.410551461362047e-07
window-cbf63f5c4fc858f54662,506_72906_141733,microwave,microwave,0.9997838139533997,True,8.065525435085874e-06,3.5576026675698813e-06,5.315705948305549e-06,2.478886244716705e-06,2.9722204430981947e-07,8.259266905952245e-06,1.9184983557352098e-06,5.229551334196003e-06,1.2401230378600303e-05,1.970507099713359e-07,1.8637651919561904e-06,5.195059202378616e-06,9.39432823088282e-07,1.9237208107369952e-05,0.9997838139533997,9.694616665001377e-07,1.50039868458407e-05,3.5925697829952696e-06,2.352661113036447e-06,9.224416135111824e-05,6.852510068711126e-06,2.558110963946092e-06,3.877203198499046e-06,3.4438417060300708e-06,1.8337331084694597e-06,8.44459736981662e-06
window-a49a32e12f701de197eb,506_72906_141733,microwave,microwave,0.9987848401069641,True,6.690499867545441e-05,5.616557245957665e-05,2.0668801880674437e-05,0.0001948187709785998,9.417115506948903e-06,2.7658123144647107e-05,1.1456491847638972e-05,2.764601777016651e-05,9.547768058837391e-06,3.974317678512307e-06,2.0147874693066115e-06,0.00021395637304522097,6.160723842185689e-06,5.78301478526555e-05,0.9987848401069641,2.2245129002840258e-05,0.000311091571347788,1.6579742805333808e-05,4.1151179175358266e-05,5.7195335102733225e-05,1.3000738363189157e-05,6.428955202864017e-06,1.6518033589818515e-05,8.173760761565063e-06,1.235379750141874e-05,2.204718157372554e-06
window-4cad43580460ad7de362,117_13754_28208,mouse,mouse,0.9999120235443115,True,3.542892955010757e-06,1.1035909892598283e-06,1.938409241120098e-06,3.7134388549020514e-05,1.4927044276191737e-06,1.2061043435096508e-06,3.270268962296541e-06,9.995613936553127e-08,3.778923485242558e-07,2.7275913794255757e-07,1.257940084542497e-06,6.724001764268905e-07,3.7680970308429096e-06,4.849261259209925e-08,1.02073236121214e-05,0.9999120235443115,7.321433258766774e-06,1.2830236073568813e-06,4.174707100901287e-06,1.878740249594557e-06,2.1962488006010972e-07,1.3833210914526717e-06,1.5982523109414615e-06,4.967807853972772e-07,2.9361085580603685e-06,3.5206110737817653e-07
window-d0138215af07aee3e6ce,117_13754_28208,mouse,mouse,0.9999412298202515,True,1.1288374253126676e-06,1.6978048051896621e-06,8.93587923656014e-07,3.4950149711221457e-05,4.77574303658912e-07,1.3964270237920573e-06,2.662154201971134e-06,6.671039898265008e-08,9.872028527979637e-08,3.2757785106696247e-07,4.900849148725683e-07,2.745490519373561e-07,1.4594887716157245e-06,3.6951611548374785e-08,2.874804522434715e-06,0.9999412298202515,2.98794702757732e-06,5.326853056430991e-07,1.4780580386286601e-06,1.6648249356876477e-06,2.285693199155503e-07,3.3766218621167354e-07,4.7292058980019647e-07,2.197678981019635e-07,1.6285828223772114e-06,3.70387027714969e-07
window-41268c81a04d0ce81afe,117_13754_28208,mouse,mouse,0.9999569654464722,True,1.0664114142855396e-06,5.452356504065392e-07,6.960992209315009e-07,2.0477620637393557e-05,5.705123271582124e-07,7.440188483087695e-07,1.8490629827283556e-06,3.043003360403418e-08,1.0354923318800502e-07,1.6745909192650288e-07,7.521590532633127e-07,2.3572471263832995e-07,3.2098466817842564e-06,7.59922471615937e-08,3.0734815936739324e-06,0.9999569654464722,2.8447921067709103e-06,8.446925221505808e-07,1.663475131863379e-06,1.3432043033390073e-06,9.377527732112867e-08,6.947840347493184e-07,3.4497094247853965e-07,1.0141555861764573e-07,1.2439691090548877e-06,2.2518486275657779e-07
window-a0a5038ae089a0f84755,117_13754_28208,mouse,mouse,0.999929666519165,True,3.321680878798361e-06,1.5246100701915566e-06,1.5497893173233024e-06,2.6163397706113756e-05,9.193149708153214e-07,1.412741994499811e-06,3.8653224692097865e-06,8.231853598772432e-08,1.786339112186397e-07,2.0209544970839488e-07,1.1150754062327906e-06,4.4100636387156555e-07,3.0422852432820946e-06,7.936407087072439e-08,5.836457148689078e-06,0.999929666519165,7.334092970268102e-06,1.9158505892846733e-06,2.446431608404964e-06,3.100387175436481e-06,1.7505105631698825e-07,1.0812815389726893e-06,1.7984197029363713e-06,1.6242263711774285e-07,2.388080929449643e-06,2.2294469204098277e-07
window-cc4d3d63518c1514b483,14_161_1089,mouse,handbag,0.24184370040893555,False,0.020178046077489853,0.0075949449092149734,0.16980548202991486,0.028141077607870102,0.03032582439482212,0.012109746225178242,0.0007824365748092532,0.0035119219683110714,0.0016162924002856016,0.14320971071720123,0.002347212517634034,0.24184370040893555,0.0040900385938584805,0.08417800813913345,0.021290309727191925,0.045460108667612076,0.0018764918204396963,0.01422389317303896,0.05229269340634346,0.0025314176455140114,0.010178453288972378,0.001974132377654314,0.0444907508790493,0.04635346308350563,0.003026488935574889,0.006567284930497408
window-834cd9028600a3147aa6,14_161_1089,mouse,microwave,0.2270980328321457,False,0.012814538553357124,0.0012777748052030802,0.14034421741962433,0.01192832738161087,0.023191412910819054,0.006031097378581762,0.04552057385444641,0.001442597946152091,0.017002340406179428,0.0015615528682246804,0.004963080398738384,0.07230722159147263,0.01651681773364544,0.017236866056919098,0.2270980328321457,0.11048005521297455,0.09053399413824081,0.0044424752704799175,0.12411763519048691,0.005819281097501516,0.003537009237334132,0.006559166591614485,0.004884792026132345,0.04552927240729332,0.002463569864630699,0.0023963581770658493
window-35cd8c945d03bee082ac,14_161_1089,mouse,mouse,0.9747467041015625,True,0.0006139731267467141,0.00011225289199501276,0.0008908876916393638,0.001892698579467833,8.516335219610482e-05,0.0005145273171365261,0.00020837293413933367,4.914308010484092e-05,0.00018249468121211976,0.0001421866618329659,0.0003281294193584472,0.0012105538044124842,0.000577944447286427,9.158511966234073e-05,0.010148940607905388,0.9747467041015625,0.00014339904009830207,0.00019808362412732095,0.00033378356602042913,6.668298738077283e-05,0.0002967839245684445,8.978655387181789e-05,0.0002577072591520846,0.006103239022195339,0.000238291613641195,0.00047677799011580646
window-de59f3a9f45001d86603,14_161_1089,mouse,mouse,0.8879709243774414,True,0.0024279372300952673,0.001350243343040347,0.014704502187669277,0.0032402549404650927,0.004904429893940687,0.0019464849028736353,0.0041902451775968075,9.771294571692124e-05,0.0008538913098163903,0.002957064425572753,0.0018299105577170849,0.0027556156273931265,0.0007056216127239168,0.0005581883597187698,0.027651803568005562,0.8879709243774414,0.015891967341303825,0.001423630048520863,0.006545588374137878,0.0016398230800405145,0.0020463443361222744,0.0013233092613518238,0.0005515558877959847,0.008104384876787663,0.000371467845980078,0.003957072738558054
window-d7105ba4b33c4035852d,465_66131_129808,mouse,mouse,0.9932108521461487,True,0.0002659435267560184,0.00020222965395078063,1.243023325514514e-05,0.0016498956829309464,0.00012479652650654316,9.640980715630576e-05,3.635202665464021e-05,0.00016598778893239796,5.0027385441353545e-05,6.660138024017215e-05,0.0005529772024601698,0.002388523193076253,8.354087185580283e-06,0.0003665282856673002,9.832997602643445e-05,0.9932108521461487,4.466619066079147e-05,7.969196303747594e-05,5.275823059491813e-05,3.5226061299908906e-05,3.8332898839144036e-05,2.660337122506462e-05,5.000024248147383e-05,0.00010031201964011416,0.00023170361237134784,4.447279206942767e-05
window-89577104d0474cfca336,465_66131_129808,mouse,mouse,0.9983362555503845,True,3.917557478416711e-05,0.00011140643619000912,4.16215061704861e-06,0.0004574396589305252,7.912174623925239e-05,5.233344927546568e-05,2.564059104770422e-05,1.525035077065695e-05,1.5088268810359295e-05,1.1402567906770855e-05,0.00019600811356212944,0.0003906918573193252,6.460250460804673e-06,2.4849459805409424e-05,6.690670852549374e-05,0.9983362555503845,1.2802450328308623e-05,1.2062133464496583e-05,2.619532278913539e-05,8.575058927817736e-06,9.162929018202703e-06,6.804532858950552e-06,1.2709122529486194e-05,2.7088266506325454e-05,4.5362536184256896e-05,6.9960433393134736e-06
window-8a676d99acc538701fb1,465_66131_129808,mouse,mouse,0.997711181640625,True,4.9641170335235074e-05,9.461275476496667e-05,8.83144821273163e-06,0.00010557654604781419,0.00012772106856573373,8.299967157654464e-05,2.9475748306140304e-05,4.1772604163270444e-05,2.7278269044472836e-05,2.221854629169684e-05,0.0001290397922275588,0.0012509870575740933,6.346831469272729e-06,5.130626595928334e-05,2.8268370442674495e-05,0.997711181640625,1.6597543435636908e-05,1.8047072444460355e-05,1.5919486031634733e-05,5.639070423058001e-06,1.737969978421461e-05,7.485730748157948e-06,2.030560062848963e-05,5.501204577740282e-05,4.510535654844716e-05,3.12211959681008e-05
window-2b3507ad326e5829a6ca,465_66131_129808,mouse,mouse,0.9995669722557068,True,2.294358091603499e-05,1.9793547835433856e-05,2.3195632365968777e-06,4.102961247554049e-05,2.8790762371500023e-05,3.101357651758008e-05,9.71189365372993e-06,3.605291567509994e-06,3.412861360629904e-06,3.8227340155572165e-06,3.187090260325931e-05,0.0001292306260438636,2.8590081910806475e-06,2.856846776921884e-06,1.8728933355305344e-05,0.9995669722557068,1.299519408348715e-05,8.82952463143738e-06,1.2022694136248901e-05,6.7771247813652735e-06,3.4490531106712297e-06,2.9928164622106124e-06,6.518087502627168e-06,4.723657184513286e-06,2.1207608369877562e-05,1.4210163499228656e-06
window-5aa7173f8b40accb3cf0,601_92735_185308,mouse,mouse,0.9998224377632141,True,8.301479283545632e-06,6.266452601266792e-06,5.066912763140863e-06,5.803848398500122e-05,2.1222183477220824e-06,1.770148855939624e-06,5.956519999017473e-06,3.250155714340508e-06,2.680007128219586e-06,1.2145333130320068e-05,4.1831403905234765e-06,5.191124728298746e-06,3.2083621590572875e-06,5.350065066522802e-07,1.8464750610291958e-05,0.9998224377632141,4.399625140649732e-06,1.0718382327468134e-05,1.0968203696393175e-06,1.027557004817936e-06,7.307625651264971e-07,7.141016794776078e-06,2.965556689105142e-07,1.0587474434942123e-06,1.1550979252206162e-05,2.3665916160098277e-06
window-5bdcd9676f45c1a8e161,601_92735_185308,mouse,mouse,0.9995073080062866,True,1.913227970362641e-05,1.3700348063139245e-05,2.0508270608843304e-05,0.00017351355927530676,4.107094810024137e-06,4.483023076318204e-06,2.5122324586845934e-05,6.635963018197799e-06,5.5142759265436325e-06,5.0590377213666216e-05,1.1967994396400172e-05,1.9695264199981466e-05,5.304326805344317e-06,3.9014810226944974e-07,5.849287117598578e-05,0.9995073080062866,5.772009444626747e-06,1.9270184566266835e-05,1.332207943960384e-06,1.4676818409498082e-06,3.839806140604196e-06,1.5288755093934014e-05,9.9747978765663e-07,6.717304586345563e-06,1.525484913145192e-05,3.6510034533421276e-06
window-149871cdac8ad5358d6e,601_92735_185308,mouse,mouse,0.9998176693916321,True,6.432921509258449e-06,4.123859980609268e-06,9.223386769008357e-06,5.2169842092553154e-05,2.7959426915913355e-06,3.888013452524319e-06,8.002259164641146e-06,1.8667848280529142e-06,2.4939233753684675e-06,8.627546776551753e-06,1.842171150201466e-05,4.969364908902207e-06,2.507603085177834e-06,2.0420613111582497e-07,2.7145852072862908e-05,0.9998176693916321,3.6305268622527365e-06,5.374845841288334e-06,5.069496751275437e-07,1.1465391480669496e-06,1.5882575326031656e-06,5.992140813759761e-06,4.5755732003271987e-07,1.4374624015545123e-06,7.34257127987803e-06,1.954971139639383e-06
window-0bfdb76ce96cff94d8fc,601_92735_185308,mouse,mouse,0.9999469518661499,True,2.12396889764932e-06,8.666264079693065e-07,1.5306795830838382e-06,1.446716851205565e-05,6.340997060760856e-07,6.896135573697393e-07,2.826949184964178e-06,3.2995035326166544e-07,7.75808302933001e-07,1.9593492197600426e-06,3.371278808117495e-06,2.3985119241842767e-06,1.2102633490940207e-06,1.7446957656375162e-07,6.9811035245948005e-06,0.9999469518661499,2.385229208812234e-06,3.4269430670974543e-06,4.803872570846579e-07,4.09922023436593e-07,3.0167467457431485e-07,3.3156109111587284e-06,1.3964209699679486e-07,3.4238968282807036e-07,1.6077084410426323e-06,3.057399737826927e-07
window-324254094bf984a0eb68,269_28600_56284,mouse,mouse,0.9999494552612305,True,2.131104110958404e-06,5.460495344777883e-07,8.59398255670385e-07,7.745428774796892e-06,7.615698791596515e-07,2.3604879970662296e-06,6.254680101847043e-06,5.935024560699276e-08,2.963162728519819e-07,4.6956154164945474e-07,1.0644831718309433e-06,4.96186260079412e-07,5.204888680054864e-07,1.6988666473594094e-08,4.4492102801996225e-07,0.9999494552612305,1.988436451938469e-05,2.672872199127596e-07,1.2127030686315265e-06,3.250018494327378e-07,2.5398747993676807e-07,1.6022855220398924e-07,7.810446049916209e-07,2.581547050795052e-06,9.048437732417369e-07,6.674022046126993e-08
window-0eb9cad2dfe4102594d8,269_28600_56284,mouse,mouse,0.9998964071273804,True,7.72880684962729e-06,2.1241899048618507e-06,2.3831353246350773e-06,2.9984847060404718e-05,9.56232838689175e-07,3.0107958082226105e-06,1.1516481208673213e-05,1.48865439086876e-07,8.770117005951761e-07,8.235345489993051e-07,1.160641204478452e-06,1.6594514136158978e-06,8.099167416730779e-07,2.6114577167390962e-08,2.354780235691578e-06,0.9998964071273804,2.012361801462248e-05,9.477776075073052e-07,1.7619239542909781e-06,7.856737624933885e-07,5.743218594034261e-07,7.83045209118427e-07,4.868731593887787e-06,5.649308604915859e-06,2.2706813069817144e-06,3.580555869575619e-07
window-be528ae84d05bc7f3ba0,269_28600_56284,mouse,mouse,0.999591052532196,True,1.4114591067482252e-05,7.1254271460929886e-06,1.273197904083645e-05,4.9267113354289904e-05,1.156968210125342e-05,2.8154050596640445e-05,1.5111526408873033e-05,2.1177511371206492e-06,3.771528099605348e-06,1.208228241011966e-05,1.011090716929175e-05,4.721019649878144e-06,1.4745512999070343e-05,2.6028803290500946e-07,6.248408681130968e-06,0.999591052532196,0.00010915604798356071,9.926811799232382e-06,1.339225946139777e-05,5.646420504490379e-06,5.833768682350637e-06,1.3195242445362965e-06,4.7410136176040396e-05,5.206033620197559e-06,1.7645965272095054e-05,1.3150417998986086e-06
window-d90faedadbc8f578bc7e,269_28600_56284,mouse,mouse,0.999762237071991,True,2.1711273802793585e-05,9.840533493843395e-06,4.5906976993137505e-06,6.046649286872707e-05,5.680444246536354e-06,5.4727324823034e-06,3.0206399969756603e-05,4.5977978402333974e-07,8.697447242411727e-07,3.002670382556971e-06,5.442342626338359e-06,4.056960278830957e-06,1.9590563624660717e-06,1.1094174112713517e-07,2.079212663375074e-06,0.999762237071991,3.697028660099022e-05,1.723576588119613e-06,8.826197699818294e-06,2.398983951934497e-06,4.077925950696226e-06,1.1868279443660867e-06,1.034543583955383e-05,7.525818546127994e-06,8.164440259861294e-06,5.816136763314717e-07
window-7008d236bf198aab3b82,193_20812_42179,parkingmeter,parkingmeter,0.9986346364021301,True,5.113666702527553e-05,2.0582219804055057e-05,5.128872999193845e-06,2.3145303202909417e-06,3.499899776215898e-06,2.367002707615029e-05,9.762391073309118e-07,2.830103949236218e-05,1.0660241059667896e-05,1.1296698403384653e-06,1.0617282896419056e-05,8.636169695819262e-06,0.0005716729792766273,1.0334072612749878e-05,1.5895699107204564e-05,1.5137175978452433e-05,0.9986346364021301,1.0129613656317815e-05,3.401169351491262e-06,0.00022433818958234042,3.37616766046267e-05,0.00022706750314682722,4.8026108743215445e-06,4.224357326165773e-05,3.376834138180129e-05,6.167303581605665e-06
window-fedd9ba10066f7177bc9,193_20812_42179,parkingmeter,parkingmeter,0.999143123626709,True,9.731189493322745e-06,1.4111280506767798e-05,1.423362482455559e-05,8.940573934523854e-07,7.059338713588659e-06,3.366386590641923e-05,1.9660160432977136e-06,1.9066957975155674e-05,1.1986325262114406e-05,5.752168590333895e-07,1.184148459287826e-05,5.051162133895559e-06,0.00030346467974595726,3.236034672227106e-06,1.6469273759867065e-05,2.834373663063161e-05,0.999143123626709,9.520972525933757e-06,4.4112475734436885e-06,9.418404806638137e-05,3.339268732815981e-05,0.00016744915046729147,6.974480129429139e-06,2.6909552616416477e-05,2.364121246500872e-05,8.91998570295982e-06
window-c1814403cfff70e9b986,193_20812_42179,parkingmeter,parkingmeter,0.9971590042114258,True,2.9236871341709048e-05,3.571336128516123e-05,2.4973563995445147e-05,3.8810630940133706e-06,1.0433330317027867e-05,6.885689799673855e-05,2.2001343040756183e-06,4.28627354267519e-05,1.5736981367808767e-05,4.765361154568382e-06,2.533014412620105e-05,7.549750080215745e-06,0.0013408191734924912,3.2869014830794185e-05,1.6744294043746777e-05,6.614430458284914e-05,0.9971590042114258,3.1619802030036226e-05,1.5611209164489992e-05,0.00046170310815796256,4.368929148768075e-05,0.00040155622991733253,1.5708821592852473e-05,7.762497261865065e-05,4.0338993130717427e-05,2.5141582227661274e-05
window-8863c25c4d451ec78bdf,193_20812_42179,parkingmeter,parkingmeter,0.9997034668922424,True,1.609377795830369e-05,5.8397799875820056e-06,4.564932623907225e-06,2.428113816677069e-07,1.0001981536333915e-06,9.955575478670653e-06,6.029559926901129e-07,5.443812824523775e-06,2.4393464173044777e-06,5.265474101179279e-07,3.23960716741567e-06,1.3546793979912763e-06,0.00011549600458238274,4.579094820655882e-06,5.897982646274613e-06,7.128859124350129e-06,0.9997034668922424,6.087822384870378e-06,2.7283870167593705e-06,3.194738019374199e-05,8.888047887012362e-06,3.369171099620871e-05,1.7215386378666153e-06,1.4612592167395633e-05,9.47669286688324e-06,2.830881612680969e-06
window-d1da0d2747423b4c5726,433_61349_119679,parkingmeter,parkingmeter,0.9998922348022461,True,3.1019096695672488e-06,1.1626559626165545e-06,1.3108420944263344e-06,3.5688000821210153e-07,5.108628897687595e-07,3.897019723808626e-06,7.483918693651503e-07,6.292896728155029e-07,1.8289366607859847e-06,3.0282325269581634e-07,4.228116097237944e-07,1.9348728983459296e-06,3.386618118383922e-05,3.4681463034758053e-07,1.5381287994387094e-06,2.598369974293746e-06,0.9998922348022461,1.950245405168971e-06,3.011179842360434e-06,1.3185334864829201e-05,4.0432341847918e-06,1.0912569450738374e-05,5.170391546016617e-07,1.029577379085822e-05,8.255059583461843e-06,1.1471627203718526e-06
window-0fe58fd389f6adee19b6,433_61349_119679,parkingmeter,parkingmeter,0.999566376209259,True,9.719143235997763e-06,5.883035100850975e-06,3.2306265893566888e-06,1.4719543059982243e-06,5.2402001529117115e-06,2.267367199237924e-05,1.6566018530284055e-06,3.951348389819032e-06,4.567272299027536e-06,1.0771091183414683e-06,3.0921987672627438e-06,7.989756340975873e-06,0.00016829255037009716,9.606227422409575e-07,4.52460881206207e-06,1.1658646144496743e-05,0.999566376209259,6.992289399931906e-06,9.850745300354902e-06,3.4915865398943424e-05,2.3151251298259012e-05,3.531046604621224e-05,2.874952087950078e-06,4.176770380581729e-05,1.8842523786588572e-05,3.855945124087157e-06
window-332fab2d24835a723cf7,433_61349_119679,parkingmeter,parkingmeter,0.9998210072517395,True,4.273701961210463e-06,1.5171390259638429e-06,9.55053451434651e-07,3.3059350812436605e-07,4.637035715404636e-07,4.587090188579168e-06,5.935431204306951e-07,8.98268410765013e-07,1.1417473615438212e-06,4.736341736588656e-07,7.921499900476192e-07,9.188680110128189e-07,9.32743787416257e-05,4.775269530910009e-07,1.5233079011522932e-06,3.522213319229195e-06,0.9998210072517395,1.8839820086213876e-06,1.751648710524023e-06,1.634146974538453e-05,5.836184755025897e-06,1.3380963537201751e-05,6.661487645942543e-07,1.4016898603586014e-05,8.245305252785329e-06,1.2433386018528836e-06
window-6321c355d3f74353e89d,375_42777_85636,plant,plant,0.9954944849014282,True,8.67574563017115e-05,0.0002431280299788341,2.448488521622494e-05,0.0008842975366860628,2.2456919396063313e-05,0.00015323952538892627,0.00014952494530007243,5.760875137639232e-05,0.00010762310557765886,3.108093733317219e-05,2.6370604246039875e-05,0.0001968263095477596,0.00014045978605281562,0.0001458579790778458,0.0001056214387062937,9.767603478394449e-05,0.0004951182054355741,0.9954944849014282,0.00017161865253001451,0.00021790967730339617,1.745727058732882e-05,0.00015414990775752813,5.0920967623824254e-05,0.00035081710666418076,0.0005360840586945415,3.843426384264603e-05
window-a6f3f08b87dd80e9e747,375_42777_85636,plant,plant,0.99285489320755,True,0.00020900482195429504,0.0002612283860798925,4.415693547343835e-05,0.0013355811825022101,4.031777280033566e-05,0.0003147411916870624,0.00020190766372252256,8.658140723127872e-05,0.00015882335719652474,6.76713025313802e-05,7.071321306284517e-05,0.00016597910143900663,0.00026216552942059934,0.00021181223564781249,0.0001989226439036429,0.00025526370154693723,0.0006676246994175017,0.99285489320755,0.0002508926554583013,0.0006697354838252068,4.2905932787107304e-05,0.00035892814048565924,0.00012201356003060937,0.00032091428874991834,0.0007284779567271471,9.879621211439371e-05
window-74ae7dc6df47209557d5,375_42777_85636,plant,plant,0.9946540594100952,True,0.00016460476035717875,0.0001364890777040273,0.00010822669719345868,0.001031299470923841,2.2663836716674268e-05,0.00018320465460419655,0.0001528775756014511,6.6077132942155e-05,0.00012014029925921932,6.695058254990727e-05,5.10928439325653e-05,0.0001498078927397728,0.00012242762022651732,0.00019196569337509573,0.00014333907165564597,0.00016423534543719143,0.0003189595590811223,0.9946540594100952,0.0001821504847612232,0.000613295182120055,2.8485574148362502e-05,0.00025408025248907506,6.173826841404662e-05,0.0003828049812000245,0.0005683621857315302,6.069838491384871e-05
window-9b0e211382e7b4634f27,375_42777_85636,plant,plant,0.9803646802902222,True,0.000935198797378689,0.0019494656007736921,0.0001473099982831627,0.003677091561257839,5.2083854825468734e-05,0.0008392570889554918,0.00033946539042517543,0.0004342360480222851,0.00022488929971586913,0.00014916021609678864,0.00021412354544736445,0.0009059509029611945,0.0003593795991037041,0.000496534223202616,0.0003505395434331149,0.0006048522773198783,0.0012832859065383673,0.9803646802902222,0.00045695831067860126,0.0016792162787169218,9.0222958533559e-05,0.00048138509737327695,0.00014183293387759477,0.0010952848242595792,0.00255538709461689,0.0001722006854834035
window-a1bb4e60312a9a42e51b,612_97740_196493,plant,plant,0.999396562576294,True,3.0643550417153165e-05,1.1797928891610354e-05,1.0452146852912847e-05,4.0046197682386264e-05,7.010262834228342e-06,4.3609443309833296e-06,4.7166249714791775e-05,4.897850885754451e-06,4.038902716274606e-06,3.951319376938045e-05,3.206386963938712e-06,6.637730984948575e-05,2.2716672901879065e-05,2.2692855054629035e-05,1.8395470760879107e-05,7.429217930621235e-06,7.171877950895578e-05,0.999396562576294,2.204931661253795e-05,2.7736254196497612e-05,1.570962012920063e-05,6.322614353848621e-05,1.4678405023005325e-05,2.3391867216560058e-05,2.107442560372874e-05,2.976705900437082e-06
window-a6d2b03a3131d9700fdb,612_97740_196493,plant,plant,0.9992173910140991,True,1.8198139514424838e-05,9.07743196876254e-06,9.564992978994269e-06,4.399523459142074e-05,2.5926066882675514e-05,2.9225436719571007e-06,3.647782068583183e-05,3.219149948563427e-05,3.593283690861426e-05,6.684115942334756e-05,8.574028470320627e-06,9.634742309572175e-05,4.273254671716131e-05,1.8431101125315763e-05,2.3994824005058035e-05,2.4678254249010934e-06,2.4758508516242728e-05,0.9992173910140991,2.282740933878813e-05,2.484702054061927e-05,1.4658876352768857e-05,8.595082181273028e-05,3.3548454666743055e-05,7.213982462417334e-05,2.4998949811561033e-05,5.266205334919505e-06
window-d1783076e83b358ae591,612_97740_196493,plant,plant,0.9980334639549255,True,5.3830259275855497e-05,1.7790773199521936e-05,2.84926009044284e-05,0.00011498187814140692,2.6937817892758176e-05,8.6460386228282e-06,0.0001213703872053884,4.299288775655441e-05,0.00010498393385205418,0.00019930109556298703,2.5156048650387675e-05,0.00023897959908936173,4.1292067180620506e-05,3.077264045714401e-05,4.016966340714134e-05,1.190801413031295e-05,5.626286656479351e-05,0.9980334639549255,7.72051207604818e-05,5.4779844504082575e-05,4.533372703008354e-05,0.0003521558828651905,1.435363355994923e-05,0.00013615100760944188,6.605303497053683e-05,5.66819217056036e-05
window-df82b505c7ee6092e3f9,612_97740_196493,plant,plant,0.9994920492172241,True,3.38836653099861e-05,1.4223300240701064e-05,1.0657638085831422e-05,2.265841067128349e-05,8.90025603439426e-06,4.090224592800951e-06,1.6245625374722295e-05,3.975012532464461e-06,1.324486129306024e-05,7.964184624142945e-05,1.208244611916598e-05,5.8084187912754714e-05,8.769543455855455e-06,6.845240022812504e-06,8.118990990624297e-06,6.3361271713802125e-06,1.397894538968103e-05,0.9994920492172241,3.8339603634085506e-05,1.5970959793776274e-05,7.504694167437265e-06,4.2145584302488714e-05,1.564615376992151e-05,4.375961361802183e-05,1.6838173905853182e-05,5.843190592713654e-06
window-d7eb36e3aa913cd72b5f,272_29055_55880,sandwich,sandwich,0.9996505975723267,True,1.4069810276851058e-06,1.6215965388255427e-06,2.206010549343773e-06,2.333067823201418e-05,2.5050581825780682e-05,2.405666691629449e-06,0.0001542755780974403,8.174629329005256e-06,4.304632966523059e-05,2.4376827241212595e-06,1.1950324960707803e-06,3.627061914812657e-06,2.9884490686526988e-06,6.0067177400924265e-06,5.267338110570563e-06,2.2320207335724263e-06,6.248196768865455e-06,9.527003044240701e-07,0.9996505975723267,1.7353180510326638e-06,5.317614068189869e-06,2.5428805656702025e-06,4.330881438363576e-06,2.241558149762568e-06,1.2922515679747448e-06,3.9475398807553574e-05
window-a65c4ca2baeef0ab4f7f,272_29055_55880,sandwich,sandwich,0.9995601773262024,True,1.93777145796048e-06,1.8331131741433637e-06,2.4882690468075452e-06,9.132741979556158e-06,6.8519243541231845e-06,1.9754027107410366e-06,0.00033565485500730574,6.754199148417683e-06,4.8997226258507e-06,2.6685379452828784e-06,5.799752784696466e-07,6.862060217827093e-06,3.7034139950264944e-06,1.7914758245751727e-06,7.539755188190611e-06,3.724339194377535e-06,1.0441164704388939e-05,8.689256674188073e-07,0.9995601773262024,1.7372623233313789e-06,4.211175109958276e-06,2.738827106441022e-06,1.7347010725643486e-06,3.946461674786406e-06,3.1818888146517565e-06,1.2474622963054571e-05
window-a1d35f7b2789a7deafd6,272_29055_55880,sandwich,sandwich,0.9997492432594299,True,1.7076805534088635e-06,1.7213990304298932e-06,5.119061370351119e-07,5.235786011326127e-05,1.6134654288180172e-05,2.3371519546344643e-06,8.43433736008592e-05,1.5330493624787778e-05,1.0923116860794835e-05,2.5339802505186526e-06,1.2713904880001792e-06,3.8453717934316956e-06,3.1294925975089427e-06,4.207559413771378e-06,7.423119768645847e-06,3.6638732581195654e-06,4.016785169369541e-06,5.913874474572367e-07,0.9997492432594299,5.425688414106844e-06,4.435980827111052e-06,4.6799441406619735e-06,9.609648259356618e-06,3.297440571259358e-06,1.6510701925653848e-06,5.602211786026601e-06
window-e1ccbeadc2213a6f2fa4,272_29055_55880,sandwich,sandwich,0.9031486511230469,True,0.00014291662955656648,0.0001092395032173954,6.127722008386627e-05,0.003851278917863965,0.002151546999812126,0.00025942514184862375,0.0026506902649998665,0.0005096663953736424,0.06808672100305557,0.00030494001111947,0.0017799193738028407,0.00027374428464099765,0.0002122971200151369,0.0008862373069860041,0.0019157080678269267,0.00029825069941580296,0.0003946700308006257,0.00014907254080753773,0.9031486511230469,0.0005208380171097815,0.0003986501251347363,0.0007512189913541079,0.0001077775377780199,0.00013639763346873224,6.72547030262649e-05,0.010831660591065884
window-8f95135f01446f5f8635,366_39378_76721,sandwich,sandwich,0.9993034601211548,True,9.423096116734087e-07,1.5652728961867979e-06,1.6346622260243748e-06,4.381037342682248e-06,6.485732592409477e-05,7.203562404356489e-07,0.0005617995047941804,1.4947067938919645e-06,7.730929610261228e-06,1.4859587054161238e-06,1.0961647944895958e-07,5.005349066777853e-06,1.9671549580380088e-06,7.596330760861747e-06,5.295454457154847e-07,3.6975916373194195e-07,3.8850726014061365e-06,8.634305004306952e-07,0.9993034601211548,2.0547495296341367e-06,7.488659321097657e-06,8.899081080926408e-07,5.4075021580501925e-06,7.203682343970286e-06,4.3068930608569644e-06,2.173819211748196e-06
window-d721347ea879657fa554,366_39378_76721,sandwich,sandwich,0.9958908557891846,True,2.4686828510311898e-06,1.8938882249130984e-06,5.83099472351023e-06,6.067133199394448e-06,2.9828152037225664e-05,3.7507179513340816e-06,0.003938364330679178,2.675463065315853e-06,6.350465355353663e-06,2.0580423552019056e-06,1.4528043834616255e-07,4.774138233187841e-06,2.719848680499126e-06,6.996859610808315e-06,1.3064919812677545e-06,1.6127314665936865e-06,3.772829586523585e-05,3.097355374848121e-06,0.9958908557891846,1.7623743815420312e-06,1.9197090296074748e-05,7.872533274166926e-07,5.379941285355017e-06,1.3226812370703556e-05,8.851694474287797e-06,2.2907483980816323e-06
window-146838074d1bfa16eef5,366_39378_76721,sandwich,sandwich,0.9994010925292969,True,2.6476197945157764e-06,2.6791128675540676e-06,7.053656645439332e-06,4.263939672455308e-07,6.645295343332691e-06,5.759701252827654e-06,0.0003808648034464568,4.027228442282649e-06,2.593103090475779e-05,2.3891232103778748e-06,8.338611934277651e-08,9.560230864735786e-06,1.0304867828381248e-05,8.284728210128378e-06,2.665409510882455e-06,7.478830639229272e-07,5.192052776692435e-05,3.81567178919795e-06,0.9994010925292969,2.722018962231232e-06,2.6364214136265218e-05,1.5445124290636159e-06,9.040151780936867e-06,1.6704150766599923e-05,1.4516970622935332e-05,2.198429456257145e-06
window-946f440e839395d29886,366_39378_76721,sandwich,sandwich,0.9996464252471924,True,1.2628453305296716e-07,2.4114021357490856e-07,6.587967504856351e-07,4.345763784385781e-07,6.857281277916627e-06,3.6322788332654454e-07,0.00032564025605097413,5.205405955166498e-07,2.556238086981466e-06,2.0877249085060612e-07,6.19644282551235e-08,4.212797648506239e-07,5.736659431931912e-07,8.24180233394145e-07,3.5059238712165097e-07,1.8304052673556725e-07,3.05000071421091e-06,4.6131901854096213e-07,0.9996464252471924,4.452632254015043e-07,1.480789364904922e-06,2.2780696440349857e-07,1.0731114343798254e-06,3.2854281926120166e-06,1.5242726476571988e-06,1.8696575807553018e-06
window-e2e9bcc6809a2e4a2ee8,407_55217_107125,sandwich,sandwich,0.9998369216918945,True,4.6792854391242145e-07,2.7709324967872817e-06,5.380816674005473e-06,6.302587252093872e-08,4.878918389294995e-06,1.5401645896417904e-06,3.9529513742309064e-05,2.092862814606633e-06,9.601788406143896e-06,7.073405186019954e-07,8.633926995571528e-08,7.557402113889111e-06,1.1956423804804217e-05,3.760304480238119e-06,5.354083896236261e-07,1.2489547316363314e-06,3.159961124765687e-05,4.444998751296225e-07,0.9998369216918945,1.1585126230784226e-05,6.9209759203658905e-06,1.4865775028738426e-06,8.187765160982963e-06,6.962231509533012e-06,2.8259535156394122e-06,7.278713383129798e-07
window-06ffc06b405d38e8bef3,407_55217_107125,sandwich,sandwich,0.9991955161094666,True,3.4966260500368662e-06,7.587683739984641e-06,2.1723482859670185e-05,4.6910639639463625e-07,7.435260340571404e-05,8.942497515818104e-06,6.379214028129354e-05,1.811455877032131e-05,5.8346337027614936e-05,6.392639534169575e-06,4.128994532948127e-07,2.8811453375965357e-05,0.00011633239046204835,2.7795624191639945e-05,3.120099790976383e-06,2.8483923415478785e-06,8.75094992807135e-05,1.8331120372749865e-06,0.9991955161094666,7.132589962566271e-05,4.917032492812723e-05,9.335075446870178e-06,9.657160262577236e-05,2.7537107598618604e-05,1.4611268852604553e-05,3.974246283178218e-06
window-4a0c81676d353f874029,407_55217_107125,sandwich,sandwich,0.999581515789032,True,2.4671735445735976e-06,5.784821041743271e-06,8.429428817180451e-06,5.980515993542213e-07,1.6711501302779652e-05,6.304265298240352e-06,2.983090416819323e-05,4.051007636007853e-06,1.212346523971064e-05,7.4341010076750536e-06,4.2051951254507003e-07,4.7262969019357115e-05,3.602455399231985e-05,2.0231893358868547e-05,5.863402293471154e-06,3.352627572894562e-06,8.568401972297579e-05,1.520725390946609e-06,0.999581515789032,3.791953713516705e-05,3.0552859243471175e-05,1.0655695405148435e-05,2.2632815671386197e-05,1.554655682411976e-05,6.553998900926672e-06,6.625916739722015e-07
window-e1d31ca04837c8d3161e,407_55217_107125,sandwich,sandwich,0.9998359680175781,True,5.553890787268756e-07,3.6328999613033375e-06,6.362344265653519e-06,1.6206425357268017e-07,1.5411924323416315e-05,9.607673518985393e-07,1.056044584402116e-05,3.399099341550027e-06,4.38019196735695e-06,8.337576673511649e-07,1.2467585008835158e-07,1.0417047633382026e-05,1.0213255336566363e-05,6.185107395140221e-06,8.618301308160881e-07,1.02437331861438e-06,3.9145361370174214e-05,8.712816566003312e-07,0.9998359680175781,1.4961744454922155e-05,1.3487335309037007e-05,1.8553304244051105e-06,9.85128826869186e-06,5.799409336759709e-06,2.277101657455205e-06,8.009250223039999e-07
window-c7640d03c742cc8aac45,434_61676_121244,sandwich,sandwich,0.996849000453949,True,2.2155543774715625e-05,5.971864993625786e-06,3.555649163899943e-05,6.588086762349121e-06,4.83184885524679e-06,8.285256626550108e-06,0.0025945487432181835,2.3663826141273603e-05,2.5264665964641608e-05,3.4348099688941147e-06,8.985111890069675e-07,7.214275683509186e-05,3.0442530260188505e-05,3.1909537483443273e-06,7.2024072323984e-06,1.0582260074443184e-05,0.00017612746160011739,2.9914749575254973e-06,0.996849000453949,1.7674590708338656e-05,4.458543116925284e-06,8.342541150341276e-06,2.592331475170795e-05,1.7138561815954745e-05,3.76438838429749e-05,5.9327821873012e-06
window-d8c4ae9f70782693fd3e,592_89292_179219,sandwich,sandwich,0.9933028221130371,True,2.507159842934925e-05,8.599085958849173e-06,8.05794115876779e-06,2.264309841848444e-06,5.081270501250401e-06,3.495610144454986e-05,0.00629894295707345,1.125535254686838e-05,8.927472663344815e-06,9.069694897334557e-06,1.8516005866331398e-06,7.42832780815661e-05,1.815819450712297e-05,8.191527740564197e-06,1.1553536751307547e-05,4.942359737469815e-06,4.5957516704220325e-05,2.294658770551905e-06,0.9933028221130371,2.4452610887237824e-05,6.0241368373681325e-06,1.017211707221577e-05,2.102399776049424e-05,3.844936509267427e-05,1.2621347195818089e-05,4.929899205308175e-06
window-72535c9bce53a60a175a,421_58416_112563,stopsign,stopsign,0.9994981288909912,True,1.5377468116639648e-06,3.743241450138157e-07,3.6871394968329696e-06,2.382838147241273e-06,3.4432844131515594e-06,1.9467511265247595e-06,1.417896413613562e-07,1.8382580719844555e-06,7.237546810756612e-07,2.203485564677976e-06,9.85604401648743e-07,2.109767365254811e-06,0.000393120339140296,1.30753487610491e-05,2.9144096060917946e-06,1.7661756146480911e-06,2.8798252969863825e-05,2.2980877929512644e-06,8.213632099796087e-06,0.9994981288909912,3.170160653098719e-06,8.170507499016821e-06,4.038392944494262e-06,8.933444632930332e-07,1.2337486623437144e-05,1.599610754965397e-06
window-d2a72175ff2abd78a1c9,421_58416_112563,stopsign,stopsign,0.9957166314125061,True,2.250848410767503e-05,4.1993510535576206e-07,3.8752037653466687e-05,1.578620413056342e-06,1.8216196622233838e-05,9.632871297071688e-06,1.4950338709240896e-06,2.0136722014285624e-05,7.576915322715649e-06,2.4806933652143925e-05,4.930049726681318e-06,4.438629730429966e-06,0.0036806887947022915,0.00010189424210693687,2.212304252680042e-06,2.4751234377617948e-05,0.00012688999413512647,6.674581982224481e-06,5.122259972267784e-05,0.9957166314125061,4.557118518278003e-05,3.3802549296524376e-05,8.520295523339882e-06,4.150492259213934e-06,3.904387267539278e-05,3.4399572541587986e-06
window-5d8d6852124158444686,421_58416_112563,stopsign,stopsign,0.9982183575630188,True,5.111795417178655e-06,9.723448783915956e-07,1.0590754754957743e-05,1.1510889635246713e-05,2.286327253386844e-05,8.039797648962121e-06,2.0056372704857495e-06,6.3092397795116995e-06,4.1037310438696295e-06,4.126627118239412e-06,1.3375494063438964e-06,1.6917387029025122e-06,0.0013150651939213276,1.5030192116682883e-05,1.9169279767083935e-05,7.609612111991737e-06,0.0002642807667143643,6.266854597924976e-06,2.7766095627157483e-06,0.9982183575630188,1.0499531526875217e-05,2.6617639377946034e-05,1.1089044846812612e-06,2.4964369913504925e-06,2.7119935111841187e-05,4.9117479647975415e-06
window-a4de84f13ddea70902de,613_98287_196294,stopsign,stopsign,0.9831719398498535,True,0.0002709141408558935,3.1849282095208764e-05,0.0004817831504624337,4.78649053547997e-05,7.112451567081735e-05,5.22901100339368e-05,1.7257661966141313e-05,6.536257569678128e-05,2.094607407343574e-05,3.7750356568722054e-05,1.5022155821498018e-05,6.102504630689509e-05,0.0034036797005683184,0.0003559748292900622,0.004137259908020496,5.876186696696095e-05,0.006062422413378954,0.00046675768680870533,0.00015724905824754387,0.9831719398498535,0.0001752472744556144,0.0001867745741037652,8.625766895420384e-06,0.00014590616046916693,0.00022324481687974185,0.00027290359139442444
window-615c77fd377696936342,613_98287_196294,stopsign,stopsign,0.9961807727813721,True,4.247441029292531e-05,9.255779787054053e-07,1.7794009181670845e-05,2.6657955913833575e-06,1.0566738637862727e-05,2.1226553599262843e-06,4.982577479495376e-07,1.0555347216723021e-05,3.868145086016739e-06,5.489574505190831e-06,1.7575609945197357e-06,4.23517485614866e-06,0.0016894637374207377,2.1884916350245476e-05,0.00014846969861537218,6.198207302077208e-06,0.001718787825666368,2.086847962345928e-05,9.219585081154946e-06,0.9961807727813721,1.4558462680724915e-05,4.2693991417763755e-05,1.5428793176397448e-06,1.2474716641008854e-05,1.9456831068964675e-05,1.0789174666570034e-05
window-3897c683fed58aa2e86a,613_98287_196294,stopsign,stopsign,0.9968084692955017,True,4.6125038352329284e-05,1.2316102129261708e-06,1.6386005881940946e-05,2.947657321783481e-06,1.6147418136824854e-05,2.665613692443003e-06,6.269966092986579e-07,9.696921551949345e-06,3.728388264789828e-06,7.76650176703697e-06,2.493101192158065e-06,6.320109605439939e-06,0.0018014442175626755,4.6033197577344254e-05,0.00015172777057159692,5.2549876272678375e-06,0.0008993414812721312,3.122959242318757e-05,1.2798167517757975e-05,0.9968084692955017,2.3352104108198546e-05,3.183633816661313e-05,1.8467882227923837e-06,1.6242958736256696e-05,4.319187792134471e-05,1.0977200872730464e-05
window-41a21ec63a96f2697505,613_98287_196294,stopsign,stopsign,0.9951673746109009,True,3.2051728339865804e-05,1.6760415064709377e-06,2.286249218741432e-05,4.12937561122817e-06,1.5309562513721175e-05,2.8632223347813124e-06,5.911191465202137e-07,1.0153802577406168e-05,5.736833372793626e-06,4.626229838322615e-06,2.5920546704583103e-06,7.826006367395166e-06,0.0015528749208897352,4.824316783924587e-05,0.00017851957818493247,1.0125750122824684e-05,0.0027110592927783728,4.673993316828273e-05,1.4371335964824539e-05,0.9951673746109009,2.757795482466463e-05,5.2184401283739135e-05,8.098842272374895e-07,2.1181343981879763e-05,3.6256831663195044e-05,2.2314021407510154e-05
window-61b096a51185c5d56d72,491_70260_136776,stopsign,stopsign,0.9662167429924011,True,0.00010679693514248356,4.845266630582046e-06,0.0001693946251180023,5.7587465562392026e-05,3.739676685654558e-05,4.5827473513782024e-05,8.717637683730572e-06,4.0522289054933935e-05,1.3878777281206567e-05,2.0674684492405504e-05,0.00013272397336550057,3.5959590604761615e-05,0.03096756525337696,9.89990439848043e-05,8.15482489997521e-05,2.1661138816853054e-05,0.001418874366208911,2.6955409339279868e-05,7.064584497129545e-05,0.9662167429924011,0.00010143570398213342,4.3314863432897255e-05,1.1059861208195798e-05,6.845121242804453e-05,0.00011281144543318078,8.553937368560582e-05
window-9210a1ae84d93e66cf51,605_94657_188742,stopsign,stopsign,0.9767556190490723,True,0.00010102956730406731,3.3751982755347854e-06,2.1536607164307497e-05,1.3913317161495797e-05,6.560979090863839e-05,2.0350742488517426e-05,1.9370288555364823e-06,5.184808833291754e-05,3.302163122498314e-06,2.1017558538005687e-05,4.8793244786793366e-05,7.151171303121373e-06,0.022100944072008133,0.00013663095887750387,6.413059600163251e-05,4.1212788346456364e-05,0.00025646077119745314,6.654928256466519e-06,5.482860069605522e-05,0.9767556190490723,3.265511622885242e-05,1.9301922293379903e-05,3.058349102502689e-05,2.6104393327841535e-05,0.00010743931488832459,7.562786322523607e-06
window-479f2b4678e63295d917,558_80581_158315,teddybear,teddybear,0.9997997879981995,True,1.8679054392123362e-06,2.9156813070585486e-06,1.130728037423978e-06,1.5954369700921234e-06,1.5199387235043105e-05,6.170125288917916e-06,8.341338570971857e-07,1.2298454748815857e-05,8.381788575206883e-06,7.150255783017201e-07,5.3427479542733636e-06,3.4958407923113555e-05,4.684288796852343e-06,2.1093448594911024e-05,6.450833893723029e-07,4.845902367378585e-06,1.1319925761199556e-06,5.966723506389826e-07,2.9858865673304535e-06,6.239788490347564e-07,0.9997997879981995,1.2668059525822173e-06,5.9212899941485375e-05,6.246561042644316e-06,3.133874088234734e-06,2.2154019916342804e-06
window-f1d1a0430cab269e4cf1,558_80581_158315,teddybear,teddybear,0.990010678768158,True,5.8726876886794344e-05,0.0003575188457034528,1.2421890460245777e-05,0.0001793255505617708,0.0015719013754278421,4.668351175496355e-05,4.465057827474084e-06,0.00019928091205656528,0.00012158272147644311,1.9091152353212237e-05,7.515437755500898e-05,0.004742294549942017,4.1763822082430124e-05,0.00014261835895013064,2.2459997126134112e-05,0.0007457418250851333,1.989058182516601e-05,2.8325459425104782e-05,0.0002980815770570189,1.4747646673640702e-05,0.990010678768158,3.01045693049673e-05,0.0010566392447799444,8.189016807591543e-05,6.338986713672057e-05,5.5254622566280887e-05
window-5796eeca4e9a974fd6ba,558_80581_158315,teddybear,teddybear,0.9998860359191895,True,1.1627474805209204e-06,2.2668996280117426e-06,1.7138647763204062e-06,5.24035840498982e-07,1.2652145414904226e-05,2.820400368364062e-06,5.576311536970024e-07,3.3435669593018247e-06,2.9914258448116016e-06,4.861180968873668e-07,2.693602027648012e-06,9.851217328105122e-06,1.3695752386411186e-05,1.2463442544685677e-05,5.272783027976402e-07,4.144640570302727e-06,7.778664325996942e-07,2.2420806544687366e-07,7.346088750637136e-07,6.760799351468449e-07,0.9998860359191895,8.045050208238536e-07,3.065686541958712e-05,3.915275101462612e-06,3.91753110307036e-06,4.640575639314193e-07
window-2d515a566b57b78f9a45,558_80581_158315,teddybear,teddybear,0.9998965263366699,True,1.5106352293514647e-06,2.8846254735981347e-06,1.2035635563734104e-06,4.810057134818635e-07,1.2624737792066298e-05,3.141553634122829e-06,5.660550641550799e-07,3.1624845178157557e-06,3.4822712677851086e-06,4.489644709337881e-07,3.265487521275645e-06,7.951227416924667e-06,1.2752240763802547e-05,1.0094098797708284e-05,5.91722198350908e-07,2.791034603433218e-06,8.705047207513417e-07,3.024311752142239e-07,1.0441017366247252e-06,7.892281814747548e-07,0.9998965263366699,9.572777344146743e-07,2.481660158082377e-05,3.5651808047987288e-06,3.702753019751981e-06,5.123717983224196e-07
window-8e7e40aa7de6bc6319b6,435_61906_121528,toilet,toilet,0.9998781681060791,True,1.3424478311208077e-06,8.682170573592884e-07,1.5924866829664097e-06,2.1023059559865942e-07,4.6684775156791147e-07,3.389046696611331e-06,4.1109646531367616e-07,2.3011200482869754e-06,1.8294178516953252e-05,1.920599743243656e-06,1.1626773357420461e-06,1.2406344467308372e-06,3.713824980877689e-06,4.425829729370889e-07,3.964181360061048e-06,1.5188862789727864e-06,5.277727177599445e-05,3.520087602737476e-06,5.095546953270969e-07,2.7611358746071346e-06,1.0614917300699744e-06,0.9998781681060791,1.109680056288198e-06,1.7970738781514228e-06,5.776618763775332e-06,9.763642992766108e-06
window-31cefa545fe332361fa4,435_61906_121528,toilet,toilet,0.9998273849487305,True,1.553860215608438e-06,1.012716097648081e-06,1.8501337990528555e-06,5.129181772645097e-07,5.539829999179346e-07,6.308890078798868e-06,5.568093683905317e-07,2.401674237262341e-06,1.3931775356468279e-05,4.1338030314364005e-06,1.4482451433650567e-06,1.3071968396616285e-06,3.5451448638923466e-06,1.0541252777329646e-06,4.769976840179879e-06,1.227201664733002e-06,8.708414679858834e-05,5.874893304280704e-06,8.001493370102253e-07,4.181330950814299e-06,1.5103867099242052e-06,0.9998273849487305,1.8172183899878291e-06,2.4814257812977303e-06,8.43697944219457e-06,1.4169710084388498e-05
window-1cd01b80a7e59368e72b,435_61906_121528,toilet,toilet,0.9998641014099121,True,1.5005598470452242e-06,1.2543135881060152e-06,2.0000186395918718e-06,7.995219561962585e-07,3.335628662171075e-07,5.372122814151226e-06,5.318422040545556e-07,2.2787603484175634e-06,1.3076743925921619e-05,2.8322735943220323e-06,2.552477326389635e-06,1.1642465551631176e-06,2.3226282337418525e-06,1.1692603720803163e-06,3.392365215404425e-06,4.139225438848371e-06,5.7856759667629376e-05,5.235321168584051e-06,5.819642296955863e-07,2.960394795081811e-06,9.792959190235706e-07,0.9998641014099121,1.6413169987572473e-06,2.7695441531250253e-06,7.902754987298977e-06,1.1279385034868028e-05
window-66833848b3d189b2a529,435_61906_121528,toilet,toilet,0.9998476505279541,True,1.47269850003795e-06,7.684461706958245e-07,1.4573718090105103e-06,2.6091882432410785e-07,3.399542549686885e-07,3.986982846981846e-06,5.359929104997718e-07,2.2092144718044437e-06,9.469386895943899e-06,2.1959303921903484e-06,1.5129589883144945e-06,1.2931030823892797e-06,3.631061645137379e-06,8.513056855008472e-07,4.854006874666084e-06,3.257054913774482e-06,8.381026418646798e-05,4.268223165126983e-06,5.375506475502334e-07,3.112373178737471e-06,1.0366245533077745e-06,0.9998476505279541,1.7026397927111248e-06,3.006388396897819e-06,7.968465070007369e-06,8.786185389908496e-06
window-7de744cbb6e7605a8ff0,554_79591_157154,toilet,toilet,0.99912029504776,True,7.0129581217770465e-06,6.141477570054121e-06,8.009359589777887e-05,4.619761057256255e-06,2.7127346129418584e-06,1.0973632015520707e-05,3.2040031783253653e-06,1.7297830709139816e-05,7.127599383238703e-05,2.779327815005672e-06,8.799148417892866e-06,2.944273546745535e-05,1.3851454241375905e-05,1.070654525392456e-05,1.2429834896465763e-05,8.493954737787135e-06,0.0004452583671081811,2.6055828129756264e-05,3.221313818357885e-06,2.1720583390560932e-05,7.443224149028538e-06,0.99912029504776,3.1233746540237917e-06,1.0225517144135665e-05,3.291903340141289e-05,3.9787686546333134e-05
window-5936f51f9cf0b2333dea,554_79591_157154,toilet,toilet,0.9995618462562561,True,3.587711944419425e-06,9.943188160832506e-06,9.445855539524928e-06,2.03416243493848e-06,1.5122625427466119e-06,6.248231784411473e-06,8.935156188272231e-07,4.904976321995491e-06,8.43784146127291e-05,2.1387586457422003e-06,2.2895255824550986e-06,1.1939599971810821e-05,6.42873101242003e-06,2.863176405298873e-06,6.859788754809415e-06,2.4472185486956732e-06,0.00020119542023167014,6.644665518251713e-06,1.4943890391805326e-06,6.14997179582133e-06,4.206814992357977e-06,0.9995618462562561,5.1472729865054134e-06,4.435983100847807e-06,2.6897527277469635e-05,2.4054474124568515e-05
window-fdf578fbb6ecf54faa5c,554_79591_157154,toilet,toilet,0.9997813105583191,True,1.727119297356694e-06,3.889095751219429e-06,2.5981860289903125e-06,1.2580347856783192e-06,3.534676693561778e-07,1.7657463331488543e-06,4.0962589764603763e-07,3.012583420058945e-06,2.01410184672568e-05,1.7209619045388536e-06,7.715136689512292e-07,7.060143161652377e-06,2.387744871157338e-06,1.1906211057066685e-06,3.613779654187965e-06,1.5905416148598306e-06,0.00013848720118403435,3.9796946111891884e-06,5.176848389965016e-07,4.5409678932628594e-06,1.2002398079857812e-06,0.9997813105583191,1.4394294112207717e-06,1.477937189520162e-06,5.296493782225298e-06,8.240135684900451e-06
window-2da1a1c3d1ce74d7ea61,554_79591_157154,toilet,toilet,0.9998255372047424,True,2.2711528799845837e-06,2.072114966722438e-06,1.3378299854593934e-06,6.647048849117709e-07,3.5777352991317457e-07,2.187464815506246e-06,5.094141215522541e-07,1.5305959095712751e-06,1.6615087588434108e-05,1.213937821376021e-06,9.500406008555728e-07,1.0974385077133775e-05,3.370271770108957e-06,2.1818354980496224e-06,4.741540124086896e-06,1.9126573533867486e-06,9.175001468975097e-05,4.262299626134336e-06,5.918093961554405e-07,2.7584667350311065e-06,1.5482660273846705e-06,0.9998255372047424,1.253491632269288e-06,1.7611238263270934e-06,9.386181773152202e-06,8.299803084810264e-06
window-e1bbeb5d18be97abfc02,580_86025_168884,toilet,toilet,0.9999113082885742,True,9.678918786448776e-07,3.2961244755824737e-07,1.0932500345006702e-06,5.5502503926163627e-08,2.1450294696023775e-07,1.045689600687183e-06,3.1866738936514594e-07,6.887135555189161e-07,7.989209507286432e-07,2.4464205239382864e-07,2.459659071973874e-07,5.578904733738455e-07,1.3721545428779791e-06,4.3533995608413534e-07,5.274626460050058e-07,2.5386268589500105e-06,6.78201686241664e-05,1.127807308876072e-06,4.591730373704195e-07,2.1208147700235713e-06,3.520249265420716e-07,0.9999113082885742,5.662470243805728e-07,1.4851420928607695e-06,1.996092350964318e-06,1.3514973034034483e-06
window-2572914c25b8869c4782,377_43572_86795,toyplane,toyplane,0.9999536275863647,True,1.3824707423282234e-07,5.416567319116439e-07,5.931852228968637e-06,4.000330307007971e-07,4.2336555452493485e-06,7.547569111920893e-07,5.6630582889738434e-08,2.4477469651174033e-07,4.3736670818361745e-07,1.632534122109064e-06,8.717266837265925e-07,2.0753817864260782e-07,2.3229733869811753e-06,1.6854561181389727e-05,1.6661067547829589e-06,1.5737349201572215e-07,9.728672694109264e-07,7.764929819131794e-07,3.643638137873495e-07,1.3694619838133804e-06,3.0703938591614133e-07,1.3705268884223187e-06,0.9999536275863647,1.1678984037644113e-06,1.1739429055523942e-06,2.5521678708173567e-06
window-5d9d6ae77f5ffec61d53,377_43572_86795,toyplane,toyplane,0.9988541603088379,True,1.2389349421937368e-06,2.520378438930493e-05,0.00011819622159237042,6.731358553224709e-06,4.504919706960209e-05,6.642462722084019e-06,1.7895754353958182e-06,3.0765975679969415e-05,0.00010411161201773211,5.01764361615642e-06,7.86138389230473e-06,5.218514161242638e-06,9.229242277797312e-05,0.00040422892197966576,4.2276478779967874e-05,6.718832992191892e-06,5.8967809309251606e-05,2.9635524697368965e-05,2.7129110094392672e-05,2.3481668904423714e-05,3.4596923796925694e-05,1.0840592040040065e-05,0.9988541603088379,9.91518118098611e-06,2.2277501557255164e-05,2.5778845156310126e-05
window-74a26c664303a32301df,377_43572_86795,toyplane,toyplane,0.9995817542076111,True,8.013096248760121e-07,1.0356015081924852e-05,4.20343603764195e-05,2.617208519950509e-05,1.9679006072692573e-05,4.46140847998322e-06,1.1808551789727062e-06,2.5467910745646805e-05,1.944910763995722e-05,7.699536581640132e-07,2.6207687824353343e-06,4.704350885731401e-06,2.663120540091768e-05,8.131339563988149e-05,4.2485015001147985e-05,1.8735810272119124e-06,1.3740008398599457e-05,2.3577025785925798e-05,1.5805695511517115e-05,9.279398000217043e-06,8.767779036134016e-06,4.3836034819833e-06,0.9995817542076111,5.723881258745678e-06,1.3262835636851378e-05,1.3801745808450505e-05
window-5f893c8b507218ffc30f,377_43572_86795,toyplane,toyplane,0.9989597797393799,True,7.256937351485249e-06,0.00010931476572295651,4.300431828596629e-05,1.3060469427728094e-05,8.65403562784195e-05,1.1364676538505591e-05,1.0011689482780639e-05,1.965579212992452e-05,4.579248707159422e-05,8.270201760751661e-06,1.3129229046171531e-05,4.521927166933892e-06,3.5906003176933154e-05,0.00022215388889890164,4.9451195081928745e-05,9.472433703194838e-06,8.209463703678921e-05,5.367036646930501e-05,2.6488331059226766e-05,8.703023922862485e-05,2.181948184443172e-05,1.1647637620626483e-05,0.9989597797393799,2.0346005840110593e-05,2.2701939087710343e-05,2.5564111638232134e-05
window-f67ba2917e523e50b777,405_54171_105570,toyplane,toyplane,0.9982802867889404,True,1.432049430150073e-05,1.2153784155088942e-05,0.00026070853346027434,4.8152884119190276e-05,1.404706017638091e-05,1.3559198123402894e-05,9.977676199923735e-06,8.237955626100302e-06,4.868162068305537e-05,1.5836563761695288e-05,0.0001145400819950737,1.7568474504514597e-05,2.828722062986344e-05,0.0005357987829484046,0.00026393396547064185,5.5046389206836466e-06,5.9114565374329686e-05,3.6190569517202675e-05,7.33804190531373e-05,4.724427344626747e-05,1.2169256478955504e-05,2.7631219836621312e-06,0.9982802867889404,1.7485184798715636e-05,4.843937131226994e-05,1.1554101547517348e-05
window-022e7e634502d343b39b,405_54171_105570,toyplane,toyplane,0.9993807077407837,True,2.42450164478214e-06,3.3320372949674493e-06,4.39793111581821e-05,1.0545505574555136e-05,2.5250881662941538e-05,3.2172897590498906e-06,1.0351685659770737e-06,5.2921450333087705e-06,1.489686928834999e-05,1.4106083199294517e-06,8.285800504381768e-06,8.048676136240829e-06,1.239336961589288e-05,0.00037762190913781524,1.5603791325702332e-05,3.646758614195278e-06,3.7004829209763557e-06,2.323787884961348e-05,2.2962527509662323e-05,8.165310646290891e-06,2.71056546807813e-06,4.384935436974047e-07,0.9993807077407837,7.375455879810033e-06,1.1651723070826847e-05,2.075925294775516e-06
window-ae57245b31743478679e,405_54171_105570,toyplane,toyplane,0.9982958436012268,True,2.154090680051013e-06,6.948491318325978e-06,0.00018796915537677705,5.0032977014780045e-06,1.5754909327370115e-05,7.324853868340142e-06,4.632358468370512e-06,5.125861662236275e-06,4.35052570537664e-05,7.23294033377897e-06,1.7247217328986153e-05,1.4174570424074773e-05,7.388727681245655e-06,0.0011108584003522992,5.2858034905511886e-05,1.5164790966082364e-05,3.6488410842139274e-05,2.4468394258292392e-05,4.2152027162956074e-05,2.3631595468032174e-05,1.763232035045803e-06,1.12412044472876e-06,0.9982958436012268,1.9045994122279808e-05,2.6248302674503066e-05,2.5836308850557543e-05
window-8e2f6f74a6fef722f2c3,405_54171_105570,toyplane,toyplane,0.997031569480896,True,1.430882912245579e-05,5.677745502907783e-05,0.0001776746503310278,7.461244877049467e-06,2.2562682715943083e-05,3.2748426747275516e-05,1.9919112673960626e-05,2.541073627071455e-05,0.00012498648720793426,2.6542496925685555e-05,0.0003193867451045662,1.66163663379848e-05,1.567840990901459e-05,0.0010350323282182217,0.000298878614557907,7.410474790958688e-05,3.7231657188385725e-05,0.00013641093391925097,8.68828792590648e-05,1.7242633475689217e-05,4.240878297423478e-06,5.039554707764182e-06,0.997031569480896,0.0002711825945880264,0.00011812026059487835,2.4069649953162298e-05
window-1d97804ba0f5bb87f0d1,414_56924_110362,toyplane,toyplane,0.9841033220291138,True,0.00028240683604963124,0.0005607035127468407,0.0004301129374653101,1.1720930160663556e-05,8.742049976717681e-05,3.621916039264761e-05,0.0007405800861306489,0.00036614920827560127,0.001947286305949092,0.0002872450277209282,0.0002971890498884022,3.127707532257773e-05,0.0002867515431717038,0.0014513350324705243,0.000289545685518533,2.7331234377925284e-05,8.902942499844357e-05,0.0010135672055184841,5.8918023569276556e-05,0.0008603226742707193,8.11863865237683e-05,7.447623647749424e-05,0.9841033220291138,0.006359764840453863,0.00012753132614307106,9.849782509263605e-05
window-03a7033dc82da3c92459,414_56924_110362,toyplane,toyplane,0.9965143799781799,True,2.5280813133576885e-05,2.0169256458757445e-05,0.0003160109627060592,6.066567493689945e-06,5.2749721362488344e-05,1.0093811397382524e-05,4.189466199022718e-05,7.458459731424227e-05,0.00018120072491001338,3.348528116475791e-05,0.00011018400982720777,2.8721431590383872e-05,0.00012176419841125607,0.00022409386292565614,2.7029371267417446e-05,2.1685968022211455e-05,4.362246545497328e-05,0.0005852749454788864,1.6535192116862163e-05,0.0003908182552549988,4.0995579183800146e-05,4.1710245568538085e-05,0.9965143799781799,0.0009619998163543642,4.8692974814912304e-05,6.100405880715698e-05
window-d8a91e49142c173bba07,414_56924_110362,toyplane,toyplane,0.9888478517532349,True,0.00012804758443962783,0.00012202595098642632,0.00016762208542786539,1.5818470274098217e-05,3.0649727705167606e-05,1.6115085600176826e-05,0.000280950654996559,7.997560896910727e-05,0.00036948989145457745,0.00013556068006437272,5.4110438213683665e-05,1.1923156307602767e-05,0.0001953280298039317,0.00016020852490328252,6.113258132245392e-05,1.7049318557837978e-05,5.837117714690976e-05,0.0008315830491483212,2.783592753985431e-05,0.000312869407935068,4.5117110857972875e-05,4.009095937362872e-05,0.9888478517532349,0.007871288806200027,6.918190774740651e-05,4.977457138011232e-05
window-fa746bd0524db90fe773,414_56924_110362,toyplane,toyplane,0.9946072697639465,True,9.501103340880945e-05,5.890874672331847e-05,0.00012375973165035248,1.5712887034169398e-05,5.355514076654799e-05,7.2989660111488774e-06,0.0002401823439868167,8.578564302297309e-05,0.000464283162727952,0.00013167083670850843,8.883349073585123e-05,1.6783531464170665e-05,0.0002494832733646035,0.00018678574997466058,3.962390837841667e-05,3.510175520204939e-05,8.214548870455474e-05,0.0005810235161334276,2.195506021962501e-05,0.0004106158157810569,3.0037212127353996e-05,5.7290326367365196e-05,0.9946072697639465,0.002096473705023527,0.00011467286094557494,0.00010582227696431801
window-f72796ee24cd8056a767,563_81055_159564,toyplane,toyplane,0.9815220832824707,True,8.54640529723838e-06,1.0732462214946281e-05,4.12935005442705e-05,7.46154400985688e-05,8.467439329251647e-05,8.215134585043415e-06,7.067527621984482e-05,4.1374114516656846e-05,0.000626741792075336,2.3812573999748565e-05,6.487482460215688e-05,8.458416414214298e-05,9.381771633343305e-06,0.00045722301001660526,7.03788609826006e-05,1.9836206774925813e-05,9.53220805968158e-05,5.662299372488633e-05,1.6664538634358905e-05,5.350455830921419e-05,0.00011976655514445156,1.2858813533966895e-05,0.9815220832824707,0.016383828595280647,2.2658325178781524e-05,1.9729817722691223e-05
window-8d015bc5f63c41ab9278,563_81055_159564,toyplane,toyplane,0.9986193180084229,True,2.308039029230713e-06,5.332659839041298e-06,1.4683392691949848e-05,1.2552707175927935e-06,4.615732450474752e-06,1.2486561900004745e-06,6.912039680173621e-06,7.292309419426601e-06,8.831246304907836e-06,1.664289811742492e-06,2.073969881166704e-06,5.9142789723409805e-06,1.2737682482111268e-06,0.00022107866243459284,2.095149739034241e-06,2.21736399907968e-06,3.0353733109222958e-06,2.4573950213380158e-05,7.140199045352347e-07,5.323294772097142e-06,1.9974269889644347e-05,1.348922182842216e-06,0.9986193180084229,0.001018490525893867,7.439350611093687e-06,1.093621085601626e-05
window-581e6fc71503f048fea3,563_81055_159564,toyplane,toyplane,0.998040497303009,True,9.032688126353605e-07,7.0507480813830625e-06,6.505793862743303e-06,2.4223831474046165e-07,9.59865064942278e-06,1.7567059558132314e-06,2.571617005742155e-05,2.0160208805464208e-05,5.960952694294974e-05,4.508262918534456e-06,2.379530997131951e-06,3.914337412425084e-06,3.273896481914562e-06,2.9177250326029025e-05,9.446467629459221e-06,2.0297015907999594e-06,1.2616670574061573e-05,7.148863460315624e-06,1.7865870631794678e-06,5.78792923988658e-06,6.226724508451298e-05,2.917979827543604e-06,0.998040497303009,0.0016735955141484737,4.014028945675818e-06,2.9959135190438246e-06
window-42c0eca1c3bf47c1d084,563_81055_159564,toyplane,toyplane,0.9995436072349548,True,2.6281547889084322e-06,1.79755843419116e-05,1.4163189916871488e-05,8.675144727021689e-07,1.6382931789848953e-05,5.34479795533116e-06,3.3135816011053976e-06,8.77493221196346e-06,4.610068572219461e-05,6.960726750548929e-06,1.3084913007332943e-05,9.893084097711835e-06,2.5791978259803727e-06,2.2907976017449982e-05,7.600649041705765e-06,2.9972363790875534e-06,2.4395449145231396e-06,1.536457239126321e-05,6.401911605280475e-07,1.4390947399078868e-05,2.2311338398139924e-05,1.864798150563729e-06,0.9995436072349548,0.00018346673459745944,5.219541890255641e-06,2.8962205760763027e-05
window-97845cd8d864c1a05d03,610_96544_193198,toyplane,toyplane,0.9998875856399536,True,3.458794026300893e-06,3.4005622637778288e-06,3.1754029805597384e-06,2.56324256042717e-07,5.529699592443649e-06,2.623096179377171e-06,7.161605708461138e-07,1.4218857131709228e-06,7.801213541824836e-06,1.4791152125326334e-06,4.066279757353186e-07,1.1943654953938676e-06,1.4588316616936936e-06,1.1681047908496112e-05,2.356509412493324e-06,9.831818488237332e-07,2.7133037292514928e-06,4.471460215427214e-06,7.906162409199169e-07,1.0870301139220828e-06,3.765335804928327e-06,4.977796947969182e-07,0.9998875856399536,4.4026463001500815e-05,5.179410891287262e-06,1.8532385865910328e-06
window-65b2308abee1b32878a8,610_96544_193198,toyplane,toyplane,0.9999867677688599,True,1.0814252959789883e-07,1.9811851359463617e-07,1.168360427072912e-06,1.5067936942614324e-07,7.918772553239251e-07,1.0161414820686332e-07,9.584424986996964e-08,2.734533666171046e-07,1.0807690387082403e-06,1.279817922750226e-07,2.90909468958489e-07,1.3986850433411746e-07,2.8682188712991774e-07,4.0876857383409515e-06,2.319197562883346e-07,1.575218107063847e-07,1.7638663507568708e-07,6.62930460748612e-07,2.2725926385191997e-07,1.454875473427819e-07,3.671266028959508e-07,6.931148277544708e-08,0.9999867677688599,1.6402617575295153e-06,3.7106823924659693e-07,1.9801839812316757e-07
window-fc28e6c5bd183e69dd2c,610_96544_193198,toyplane,toyplane,0.999652624130249,True,7.353607998084044e-06,2.7822665288113058e-05,1.1721160262823105e-05,9.231362128048204e-07,2.4124041374307126e-05,1.3317760021891445e-05,4.4467441284723463e-07,8.163171514752321e-06,4.674451702157967e-06,4.527895271166926e-06,1.3564642813435057e-06,3.455436399235623e-06,1.7271324850298697e-06,8.347631228389218e-05,5.177527782507241e-06,1.6015845858419198e-06,6.84634596836986e-06,1.584660458320286e-05,3.1602087346982444e-06,2.3847263946663588e-05,2.8275040676817298e-05,9.194965059577953e-06,0.999652624130249,4.1690480429679155e-05,9.804927685763687e-06,8.875103048922028e-06
window-5c1e029e16f1306c0b5a,610_96544_193198,toyplane,toyplane,0.9999711513519287,True,1.6529232027551188e-07,6.918027679603256e-07,1.0810903177116415e-06,2.935307463758363e-08,5.223176344770764e-07,3.366134819771105e-07,2.7245041778201085e-08,1.0879459466650587e-07,2.7287819648336153e-06,3.4452540376150864e-07,2.096166866749627e-07,1.9836497244796192e-07,7.244463517963595e-08,8.486696060572285e-06,7.128853667381918e-07,2.4847867052812944e-07,4.084260751824331e-07,1.0392163858341519e-06,4.0101789977597946e-07,3.0289103847280785e-07,4.816508294425148e-07,1.6089229859517218e-07,0.9999711513519287,7.780309715599287e-06,7.414327001242782e-07,1.5956557035678998e-06
window-f6dd367978e7dc32f5e3,610_97151_194921,toyplane,toyplane,0.978428304195404,True,0.00011855183402076364,0.00020711349498014897,0.0007854892173781991,0.00013116573973093182,0.0034464444033801556,8.146394247887656e-05,0.00018614997679833323,0.00042633505654521286,0.0011401703814044595,0.0008066815789788961,0.0004440958728082478,3.2920215744525194e-05,0.00034764528390951455,0.008604341186583042,0.0024866019375622272,0.00042649629176594317,3.7419005820993334e-05,0.0008092204225249588,7.160804671002552e-05,0.00012033219536533579,0.0001444552472094074,6.532796396641061e-05,0.978428304195404,0.0003289760497864336,5.147503543412313e-05,0.0002712589339353144
window-4d9b38cd3c5115516010,610_97151_194921,toyplane,toyplane,0.9991440773010254,True,1.3802729881717823e-05,1.763661202858202e-05,0.00014775223098695278,3.201280196662992e-05,0.0001050733044394292,5.3681978897657245e-06,4.5963729462528136e-06,8.50059041113127e-06,8.088952745310962e-05,8.33950616652146e-06,3.1210656743496656e-05,1.941245955094928e-06,2.509418482077308e-05,5.717211024602875e-05,0.00012145632354076952,2.8923997888341546e-05,4.097714918316342e-05,2.9966771762701683e-05,1.3375067283050157e-05,3.058889342355542e-05,1.099441487895092e-05,4.033356617583195e-06,0.9991440773010254,1.013636665447848e-05,1.2039656212436967e-05,1.4122804714133963e-05
window-210425fc059ae25ab208,610_97151_194921,toyplane,toyplane,0.996926486492157,True,2.1174413632252254e-05,9.300230158260092e-05,0.0007005158113315701,0.00012814320507459342,0.00026816496392711997,1.8104667105944827e-05,8.557872206438333e-06,3.782884596148506e-05,0.0002211581595474854,3.234355244785547e-05,9.57281154114753e-05,8.272280865639914e-06,0.00010341264714952558,0.00023940189566928893,0.0005482854903675616,8.466607687296346e-05,4.623735003406182e-05,0.00015768063894938678,3.49355505022686e-05,3.05970388581045e-05,3.374699372216128e-05,2.0643175957957283e-05,0.996926486492157,3.2727239158703014e-05,4.7404810175066814e-05,6.072646283428185e-05
window-9363577b4b2797dc69b4,610_97151_194921,toyplane,toyplane,0.9975149631500244,True,1.394187711412087e-05,3.396962347324006e-05,0.0005314057343639433,7.299902790691704e-05,0.0001897152396850288,3.364619260537438e-06,9.399967893841676e-06,1.625752520340029e-05,0.0004618562525138259,1.8205326341558248e-05,7.15348869562149e-05,7.077106602082495e-06,9.678577043814585e-05,0.0001349577069049701,0.00032237780396826565,9.248249261872843e-05,3.5831748391501606e-05,0.00015411432832479477,1.9104800230707042e-05,4.736241317004897e-05,1.960347617568914e-05,1.3002919331484009e-05,0.9975149631500244,3.5079232475254685e-05,1.371779762848746e-05,7.098225614754483e-05
window-fa27113929cb9eb93eb3,392_47497_94469,toyplane,toyplane,0.9910615086555481,True,0.00014321264461614192,0.0006327763549052179,0.00013551281881518662,0.00013081150245852768,0.0007905825041234493,0.00014129561895970255,2.2100581190898083e-05,0.0001845897495513782,0.0003074968990404159,0.00012660572247114033,6.769972969777882e-05,0.00016165977285709232,0.00018886392354033887,0.0013100806390866637,0.0004710637731477618,0.00020583756850101054,0.00036701917997561395,0.0003525314969010651,0.00011647259816527367,0.0002822738024406135,0.001338391681201756,8.859551599016413e-05,0.9910615086555481,0.0002894056960940361,0.0006851208745501935,0.0003985570219811052
window-98fa7da3995ff426d3c6,392_47497_94469,toyplane,toyplane,0.9986851811408997,True,4.6609711716882885e-06,5.048902676207945e-05,8.610853546997532e-05,2.907242924266029e-05,0.0001499322388553992,9.160827175946906e-06,2.093568127747858e-06,6.566009687958285e-05,4.622589403879829e-05,6.899211712152464e-06,1.2281054296181537e-05,3.070663660764694e-05,4.760846422868781e-05,0.00033220776822417974,0.0001782251347322017,1.312047697865637e-05,1.3380263226281386e-05,4.639106919057667e-05,4.989010267308913e-05,1.0217633644060697e-05,4.693638766184449e-05,3.6736048514285358e-06,0.9986851811408997,2.411865170870442e-05,3.1229123123921454e-05,2.4479035346303135e-05
window-7d77e0e236ade545cdc0,392_47497_94469,toyplane,toyplane,0.9995391368865967,True,3.5720900086744223e-06,3.888634091708809e-05,1.8200735212303698e-05,5.388471436162945e-06,0.00010618597298162058,3.974494120484451e-06,1.0607423064357135e-06,4.746012564282864e-06,1.2585778677021153e-05,2.9004434054513695e-06,1.2987522495677695e-05,3.8078080706327455e-06,4.523915322351968e-06,0.00012009782949462533,1.3118527022015769e-05,6.757999926776392e-06,2.1943674255453516e-06,7.01064118402428e-06,9.70447581494227e-06,1.7269067029701546e-06,5.8524892665445805e-06,4.1094568814514787e-07,0.9995391368865967,6.463548197643831e-05,4.381327016744763e-06,6.155999017209979e-06
window-949fe00ef3dac57e0b96,392_47497_94469,toyplane,toyplane,0.9998082518577576,True,1.1619209772106842e-06,9.137273082160391e-06,9.208682968164794e-06,9.860706086328719e-06,2.220347960246727e-05,2.9271957373566693e-06,1.1118304854562666e-07,9.036898518388625e-07,1.304778652411187e-05,1.5143673408601899e-06,3.7409854485304095e-06,2.9805405574734323e-06,1.787037831491034e-06,7.233188080135733e-05,8.791445907263551e-06,1.8579578409116948e-06,2.775780330921407e-06,1.775049781826965e-06,6.756725269951858e-06,2.2468002498499118e-06,2.369604544583126e-06,5.988185876049101e-07,0.9998082518577576,5.119449269841425e-06,4.274234015611e-06,4.23349229095038e-06
window-2172edd3065dfee25f7d,540_78942_152953,toyplane,toyplane,0.996103048324585,True,8.64534558786545e-06,1.2835383131459821e-05,6.530901737278327e-05,6.406228749256115e-06,1.391886416968191e-05,2.0077235603821464e-05,3.0384491765289567e-05,7.487508992198855e-05,4.144885315326974e-05,2.2365096810972318e-05,3.344484866829589e-05,6.510060757136671e-06,2.711374509090092e-05,0.0003762682026717812,1.4579070011677686e-05,0.00014069961616769433,9.204437083099037e-05,1.953980427060742e-05,8.737016287341248e-06,1.5544608686468564e-05,4.062669540871866e-05,1.0436057891638484e-05,0.996103048324585,0.002785447286441922,5.387208148022182e-06,2.433709778415505e-05
window-d78186365a20c984c672,386_46250_92251,toytruck,toytruck,0.9961512684822083,True,1.1484939022921026e-05,8.126050488499459e-06,4.171506589045748e-06,3.88814214602462e-06,1.671839527261909e-05,6.668090009043226e-06,1.910814353323076e-05,3.840402132482268e-05,1.1144576092192437e-05,3.254324838053435e-05,1.8156239320887835e-06,3.5853659028362017e-06,1.1224075251448085e-06,4.526057455223054e-05,2.5460994947934523e-05,9.317317562818062e-06,9.047610546986107e-06,7.841479600756429e-06,4.021190306957578e-06,7.659744369448163e-06,5.149014396010898e-05,1.6438390275652637e-06,0.0035128435119986534,0.9961512684822083,8.524501936335582e-06,6.859736458864063e-06
window-5c69b75f9bfc5dfd4b79,386_46250_92251,toytruck,toytruck,0.9994972944259644,True,2.653365072546876e-06,3.872681645589182e-06,6.747094403181109e-07,9.484162433182064e-07,2.1033126813563285e-06,9.953317885447177e-07,4.650959908758523e-06,1.4102228078627377e-06,6.096291599533288e-06,5.05040861753514e-06,1.495719743616064e-06,2.869394393201219e-07,1.7956622855308524e-07,3.5437242331681773e-06,5.653143034578534e-06,5.648489036502724e-07,2.0976137875550194e-06,2.019786734308582e-06,9.034285994857782e-07,2.771912477328442e-06,8.38475170894526e-06,8.953326755545277e-07,0.00044084913679398596,0.9994972944259644,3.1554445740766823e-06,1.3368386362344609e-06
window-d1a11101fa3a7b106a86,386_46250_92251,toytruck,toytruck,0.9992392063140869,True,7.761013876006473e-06,1.5805607063157368e-06,2.6827410692931153e-06,3.785472699746606e-06,1.4102156455919612e-05,4.541700945992488e-06,4.350359176896745e-06,2.8231990654603578e-05,1.6812013200251386e-05,7.762805580568966e-06,2.4685148218850372e-06,2.159672021662118e-06,4.776017249241704e-06,1.2738548321067356e-05,1.1854872354888357e-05,2.1041237232566345e-06,1.316048474109266e-05,7.694642590649892e-06,3.4321781186008593e-06,5.2465843509708066e-06,6.725298590026796e-05,1.9618632904894184e-06,0.0005145663162693381,0.9992392063140869,1.6248348401859403e-05,3.534274810590432e-06
window-57cb602480c6861faa6a,386_46250_92251,toytruck,toytruck,0.9897792935371399,True,5.232025432633236e-05,2.5841020033112727e-05,8.938494829635601e-06,7.1364820541930385e-06,0.00013752223458141088,4.5818655053153634e-05,2.4709224817343056e-05,0.00010623814887367189,3.3196538424817845e-05,2.5734923838172108e-05,7.675936103623826e-06,2.4558683435316198e-05,4.525484109763056e-05,6.6072927438654e-05,0.00015257482300512493,9.831397619564086e-06,0.00012478460848797113,4.945741602568887e-05,2.5776655093068257e-05,0.00012052615056745708,0.0001477158220950514,1.4562296200892888e-05,0.00884467363357544,0.9897792935371399,0.00010699941776692867,1.276002967642853e-05
window-f270029af6e0be7199ce,403_53193_103795,toytruck,toytruck,0.9857414960861206,True,3.2935113267740235e-05,2.1888354240218177e-05,7.587511390738655e-06,1.1349065061949659e-05,0.00013634584320243448,2.001547545660287e-05,5.204696935834363e-05,1.566126047691796e-05,9.092774416785687e-05,4.683023507823236e-05,1.0177603144256864e-05,9.536372817819938e-05,3.9000642573228106e-05,0.0003526192740537226,2.0487726942519657e-05,1.1812465345428791e-05,2.0575191228999756e-05,6.5633571466605645e-06,2.9526616344810463e-05,1.1546337191248313e-05,5.5018554121488705e-05,2.859470214389148e-06,0.013138587586581707,0.9857414960861206,1.130621058109682e-05,1.754941877152305e-05
window-b553c5d75b0b197853e2,403_53193_103795,toytruck,toytruck,0.8807243704795837,True,0.0036354383919388056,6.372103962348774e-05,0.0006059985607862473,0.0006092479452490807,0.0023614526726305485,0.0004857199965044856,0.0020985184237360954,0.0012785904109477997,0.0008936633821576834,0.008594760671257973,0.00027512648375704885,0.06020492687821388,0.007115168496966362,0.011805225163698196,0.0011110620107501745,0.0006316715735010803,0.003889083629474044,0.0011812449665740132,0.0005224564229138196,0.00019738964329008013,0.0005767841939814389,0.00031405212939716876,0.009069093503057957,0.8807243704795837,0.0010107997804880142,0.000744383258279413
window-57586ad4c83f0eb8e946,573_83719_165724,toytruck,toytruck,0.9993895292282104,True,1.0237621609121561e-05,3.6838464438915253e-06,6.842162292741705e-06,5.578145191975636e-06,2.13799421544536e-06,2.9553251806646585e-05,3.057162030017935e-05,9.690714250609744e-06,0.00015203971997834742,1.0251827916363254e-05,5.519781552720815e-06,6.992826001805952e-06,2.950600674012094e-06,3.281173121649772e-05,1.4831070984655526e-05,4.940487997373566e-06,6.25629445494269e-06,1.2349471035122406e-05,1.8750053641269915e-05,2.77157796517713e-05,6.343711902445648e-06,6.14955115452176e-06,0.0001791284594219178,0.9993895292282104,8.557525688956957e-06,1.6537871488253586e-05
window-8b414f33a9e850218b7b,573_83719_165724,toytruck,toytruck,0.9995519518852234,True,6.637968454015208e-06,2.294416617587558e-06,4.877830178884324e-06,1.8691484001465142e-05,3.7207300920272246e-06,1.5073089798534056e-06,1.906649458760512e-06,5.66192329642945e-06,6.23335363343358e-05,7.160136874517775e-07,1.1031215763068758e-05,5.1005150453420356e-05,1.6119953215820715e-05,7.494043984479504e-06,5.422902904683724e-05,1.4619653256886522e-06,3.817956894636154e-05,4.926990186504554e-06,1.1241859283472877e-05,1.0016048690886237e-05,2.146962742699543e-06,6.129838766355533e-06,0.00012119147868361324,0.9995519518852234,1.4918040278644185e-06,3.03947172142216e-06
window-02caae0df423b165e26c,573_83719_165724,toytruck,toytruck,0.999367892742157,True,3.13191267196089e-05,2.7247854177403497e-06,3.76284424419282e-06,4.9393443077860866e-06,6.087694600864779e-06,2.7540441806195304e-05,1.8786151940730633e-06,1.3245868103695102e-05,3.338959504617378e-05,6.422416390705621e-06,4.950922630087007e-06,2.2503772925119847e-06,6.828312507423107e-06,1.4917363841959741e-05,3.2654327242198633e-06,2.491061650289339e-06,1.1415047083573882e-05,1.3619588571600616e-05,3.3770311347325332e-06,1.9909412003471516e-05,2.178054637624882e-05,5.494641300174408e-06,0.00037390561192296445,0.999367892742157,1.3359575859794859e-05,3.222400891900179e-06
window-e80c1eb4848f570cd923,573_83719_165724,toytruck,toytruck,0.9876081347465515,True,0.00031836077687330544,0.0002435302158119157,0.00027252978179603815,0.0002648022200446576,0.0008575415704399347,9.546370711177588e-05,0.0001368015364278108,0.0006444494938477874,0.0020636352710425854,0.0001522187958471477,8.465968130622059e-05,0.0011112333741039038,0.000341754435794428,0.0003046015335712582,0.0011514945654198527,0.00014377740444615483,0.0002387108252150938,0.00024040807329583913,0.0002861450193449855,4.620278559741564e-05,0.00035217942786403,2.4099284928524867e-05,0.00240248441696167,0.9876081347465515,0.0005831281887367368,3.1774914532434195e-05
window-d554bcac3f55cd10d728,339_35091_63095,umbrella,umbrella,0.9416753649711609,True,6.876872066641226e-05,9.00987142813392e-05,0.0002310597919858992,0.00038703446625731885,0.00043026593630202115,0.00015978110604919493,2.5410190573893487e-05,0.0001704656024230644,0.0005869658198207617,2.28299595619319e-05,5.0412800192134455e-05,0.0006548595265485346,7.006656960584223e-05,0.04855888709425926,0.001208376488648355,0.000381655729142949,0.0002905824512708932,0.0005393504980020225,4.987486681784503e-05,0.00024558615405112505,7.921778887975961e-05,0.0002493020729161799,0.003188264789059758,4.086670742253773e-05,0.9416753649711609,0.0005446389550343156
window-b288be33e9c12487f75a,339_35091_63095,umbrella,umbrella,0.9997559189796448,True,3.4447243706381414e-06,7.671072125958744e-06,1.521077820143546e-06,7.999250328794005e-07,7.43301939110097e-07,9.26833126868587e-06,1.4982641687311116e-06,9.997562301578e-06,1.1289506801404059e-05,8.068142847150739e-07,5.430297846942267e-07,4.789203558175359e-06,1.0966397212541779e-06,9.814103395910934e-05,9.087401849683374e-06,2.824756120389793e-05,5.730581506213639e-06,1.8968330550706014e-05,4.5347960053732095e-07,2.5521917450532783e-06,2.1416090021375567e-06,2.0432082692423137e-06,8.754108421271667e-06,2.729922698563314e-06,0.9997559189796448,1.1855992852360941e-05
window-79dbeebe1670f79a4a4b,339_35091_63095,umbrella,umbrella,0.9998062252998352,True,1.611769562259724e-06,3.1101080821827054e-06,1.3270400813780725e-06,5.028084046898584e-07,8.963118034444051e-07,7.482158707716735e-06,1.0171509075007634e-06,3.7463009903149214e-06,5.937305104453117e-06,5.228369559517887e-07,5.799549285256944e-07,3.844285856757779e-06,7.170302751546842e-07,9.753053018357605e-05,7.87647604738595e-06,1.4023858966538683e-05,3.209307806173456e-06,1.575075111759361e-05,4.020250230496458e-07,3.82262805942446e-06,1.5785554978720029e-06,1.7213592400366906e-06,4.999855264031794e-06,1.6838766896398738e-06,0.9998062252998352,9.910992957884446e-06
window-039f41ad94e5ade1de1d,339_35091_63095,umbrella,umbrella,0.9997774958610535,True,1.4470834912572172e-06,3.146483550153789e-06,1.4627373730036197e-06,1.2338740589257213e-06,4.125232408114243e-06,1.569243977428414e-05,1.7747344145391253e-06,2.4945532004494453e-06,4.870576503890334e-06,3.403293931114604e-07,5.685297423951852e-07,3.4182910439994885e-06,1.6040822856666637e-06,0.00010701074643293396,1.5343872291850857e-05,7.597919648105744e-06,5.069682174507761e-06,1.551383320474997e-05,5.541958216781495e-07,5.226876055530738e-06,3.5441566978988703e-06,4.799068392458139e-06,8.818810783850495e-06,1.97175700122898e-06,0.9997774958610535,4.847398031415651e-06
window-aac321e42a4de0ca1aa8,137_15756_31094,wineglass,wineglass,0.9937804341316223,True,4.872775662079221e-06,1.5853998775128275e-05,6.444958216889063e-06,6.34383752640133e-07,5.668481207976583e-06,0.000101955869467929,2.5948596885427833e-05,1.6047804365371121e-06,7.6709466156899e-06,0.005593665409833193,0.0002863904519472271,5.937719379289774e-06,1.0640522305038758e-05,4.871079454460414e-06,7.326240393012995e-06,1.423829985469638e-06,4.246775461069774e-06,1.5352454283856787e-05,7.439738510583993e-06,4.9403056436858606e-06,8.329259799211286e-06,1.1602397535170894e-05,4.31417538493406e-06,1.2333008271525614e-05,7.001293124631047e-05,0.9937804341316223
window-d9c945c533508f1d3feb,137_15756_31094,wineglass,wineglass,0.9979851245880127,True,3.140096850984264e-06,6.794408545829356e-05,1.6549649444641545e-05,6.350436478896881e-07,1.1581217222556006e-05,8.631397213321179e-05,4.071867806487717e-05,1.1529340326887905e-06,1.8551794710219838e-05,0.0014277518494054675,0.00014743242354597896,2.2167610040924046e-06,1.5071200323291123e-05,3.6954104416508926e-06,1.4227844076231122e-05,3.4877739381045103e-06,1.7176302208099514e-05,4.479163635551231e-06,6.408296485460596e-06,8.899312888388522e-06,2.3560971385450102e-05,1.5479257854167372e-05,3.993672180513386e-06,1.052120205713436e-05,6.377876707119867e-05,0.9979851245880127
window-06dfd8011cb5e4e4d729,137_15756_31094,wineglass,wineglass,0.9936052560806274,True,3.952521728933789e-05,0.00021804649441037327,7.001861376920715e-05,7.05083402863238e-06,0.0003371774801053107,0.0009551776456646621,0.00032730126986280084,7.437271051458083e-06,3.812527938862331e-05,0.002732896478846669,0.001000296208076179,1.4217927855497692e-05,4.886912211077288e-05,1.699420317891054e-05,9.788305760594085e-05,2.5706995074870065e-05,4.381138569442555e-05,6.205743557075039e-05,7.577100768685341e-05,2.0203722669975832e-05,7.084058597683907e-05,4.0032417018665e-05,3.673300670925528e-05,4.6498731535393745e-05,6.189028499647975e-05,0.9936052560806274
window-3d62e858e5316158d079,137_15756_31094,wineglass,wineglass,0.9944037199020386,True,2.2610838641412556e-05,0.00011808091221610084,9.117639820033219e-06,8.375134711968713e-06,7.952588930493221e-05,0.0005041591939516366,8.139059355016798e-05,3.3055553103622515e-06,9.072852844838053e-05,0.003431441728025675,0.0008178465650416911,8.816369700070936e-06,4.822748087462969e-05,1.7383747035637498e-05,4.402067861519754e-05,4.395337327878224e-06,1.7329290130874142e-05,2.2559273929800838e-05,2.665658939804416e-05,2.8318128897808492e-05,4.516455010161735e-05,2.3070851966622286e-05,1.2307047654758207e-05,2.7551457606023178e-05,0.0001039733542711474,0.9944037199020386
window-d9c121189d58cd7a35aa,271_28898_56091,wineglass,wineglass,0.9993707537651062,True,7.430240884787054e-07,0.00010771860252134502,8.846383025229443e-06,8.174153549589391e-07,6.21433571268426e-07,2.3704626073595136e-05,2.9973241453262744e-06,4.355170858616475e-06,1.293710374739021e-05,0.00033953608362935483,2.8173169994261116e-05,1.0163365686821635e-06,3.6199946862325305e-07,2.2080930648371577e-06,1.1211354831175413e-05,1.4077921832722495e-06,3.752079692276311e-06,1.46709026012104e-05,9.97124857349263e-07,2.304516783624422e-06,6.391474471456604e-06,1.707321462163236e-05,5.122205948282499e-07,9.877661568680196e-07,3.5988286981591955e-05,0.9993707537651062
window-738f592da5db019e0df5,271_28898_56091,wineglass,wineglass,0.9994286894798279,True,8.983262205219944e-07,2.8606949854292907e-05,1.3173026673030108e-05,5.180780249247618e-07,7.77630077664071e-07,1.478685317124473e-05,3.08191397380142e-06,4.719321168522583e-06,1.61630359798437e-05,0.00029361507040448487,7.789944356773049e-05,1.749083708091348e-06,1.1692662837958778e-06,1.2760278877976816e-06,2.5163793907267973e-05,2.0557342850224813e-06,4.833591447095387e-06,1.0816415851877537e-05,8.153729709192703e-07,3.5867622045770986e-06,3.9111114347178955e-06,2.3464788682758808e-05,4.871387773164315e-07,1.1597079492275952e-06,3.65575251635164e-05,0.9994286894798279
window-09efe262883354ff2d7d,271_28898_56091,wineglass,wineglass,0.9989633560180664,True,1.5412365428346675e-06,7.035243470454589e-05,2.096654316119384e-05,2.837042302417103e-06,1.2608451243067975e-06,3.202658626832999e-05,1.4187592569214758e-05,7.467350314982468e-06,3.4739838156383485e-05,0.0005812656600028276,0.00010040328925242648,4.0981399251904804e-06,1.2266955309314653e-06,2.45511955654365e-06,4.4426149543141946e-05,2.5649001145211514e-06,7.716875188634731e-06,1.3900182239012793e-05,3.259600362071069e-06,4.727945906779496e-06,3.2484379062225344e-06,2.6964200515067205e-05,6.278171440499136e-07,1.6422218322986737e-06,5.262936610961333e-05,0.9989633560180664
window-2b6f9db0f87a543647fb,271_28898_56091,wineglass,wineglass,0.9978647828102112,True,1.7851655229605967e-06,6.686835695290938e-05,4.277081461623311e-05,2.8553699848998804e-06,1.2937623523612274e-06,4.3523978092707694e-05,7.558711786259664e-06,9.721492460812442e-06,1.6109142961795442e-05,0.0016452776035293937,0.00014187967462930828,4.806946890312247e-06,1.8098846794600831e-06,3.92857600672869e-06,4.828451346838847e-05,2.203653821197804e-06,6.898443643876817e-06,1.3010246220801491e-05,1.5043816574689117e-06,8.383351996599231e-06,4.2765204852912575e-06,2.2003514459356666e-05,1.1095015679529752e-06,2.186932306358358e-06,3.5044780815951526e-05,0.9978647828102112
window-fe6575060ea782560fca,391_47065_93709,wineglass,cup,0.7576740384101868,False,0.00032984549761749804,0.00029075637576170266,0.0002818926877807826,0.001405732473358512,0.0007936376496218145,0.002059207996353507,0.0003206968540325761,0.00019885363872162998,1.861573582573328e-05,0.7576740384101868,0.0009766179136931896,0.00020941866387147456,1.6917345419642515e-05,0.00024660705821588635,2.964042141684331e-05,0.0009919279254972935,8.08569438959239e-06,0.00024777656653895974,0.0005806900444440544,4.6237255446612835e-05,7.66768935136497e-05,0.00011463984264992177,9.302725629822817e-06,8.076427184278145e-05,0.00013671688793692738,0.2328546792268753
window-b8b370bf7bdba6b43d55,391_47065_93709,wineglass,cup,0.9581218957901001,False,1.1790253665822092e-05,2.9123841613909462e-06,1.2871885701315477e-05,3.59190312337887e-06,7.4259423854527995e-06,0.0003650844737421721,2.666862383193802e-05,2.9336088118725456e-06,5.7071601986535825e-06,0.9581218957901001,5.8413737860973924e-05,6.1806767917005345e-06,5.042631073592929e-06,5.422626259132812e-07,7.5965931500832085e-06,1.2124882232456002e-05,1.7263732843275648e-06,8.784101737546735e-06,2.1367468434618786e-06,2.23967140300374e-06,2.0947688881278737e-06,1.848903229983989e-05,6.107402441557497e-07,4.314836587582249e-06,7.439133696607314e-06,0.04130147397518158
window-911d4629cef86f1ab5b4,391_47065_93709,wineglass,cup,0.8818330764770508,False,0.0002591903321444988,3.374955849722028e-05,0.00011587187327677384,0.0002749958948697895,0.00022945542878005654,0.0003266747226007283,0.0007799773011356592,2.5459645257797092e-05,1.8726810594671406e-05,0.8818330764770508,0.0004288380150683224,8.260001050075516e-05,3.8543137634405866e-05,1.9156905182171613e-05,1.1894679118995555e-05,0.00018616153101902455,6.782129275961779e-06,9.564952051732689e-05,6.456151459133253e-05,8.289985089504626e-06,3.329248647787608e-05,7.279060810105875e-05,5.24410825164523e-06,7.553133036708459e-05,3.300471507827751e-05,0.11494056135416031
window-00f113b8518d96697791,391_47065_93709,wineglass,cup,0.9140797853469849,False,0.00014680871390737593,4.513859312282875e-05,0.00014455869677476585,8.243193406087812e-06,3.491488314466551e-05,0.00956041645258665,0.0005791846197098494,4.010844713775441e-05,6.054190453141928e-05,0.9140797853469849,0.0005865576094947755,3.186533285770565e-05,0.00010685328743420541,2.4687046789040323e-06,3.684343391796574e-05,5.495758159668185e-05,3.306752842036076e-05,0.00019756834080908448,5.4413067118730396e-05,4.301202716305852e-05,3.689744698931463e-05,0.00025177246425300837,4.935424840368796e-06,1.6992866221698932e-05,0.000149180501466617,0.0736929252743721
window-2a02d5827ca36b58ce80,475_67235_131970,wineglass,bench,0.8383810520172119,False,0.00431232200935483,0.0011609784560278058,0.00831987988203764,0.8383810520172119,0.0039053778164088726,0.000276861188467592,0.002146644052118063,0.0015963850310072303,0.0038540558889508247,0.017155278474092484,0.0007622586563229561,0.0010435571894049644,0.02354278601706028,7.473544246749952e-05,0.0040488713420927525,0.0013209851458668709,0.004783999174833298,0.009213659912347794,0.01122217532247305,0.006987221073359251,0.00047391976113431156,0.001686342991888523,0.0012948475778102875,0.025821121409535408,0.0006297868094407022,0.025984875857830048
window-8cdb10bc20f1afc5f2bc,475_67235_131970,wineglass,bench,0.7793127298355103,False,0.003660428337752819,0.0018811658956110477,0.011682101525366306,0.7793127298355103,0.01141637284308672,0.0003406505275052041,0.004963929299265146,0.004105710424482822,0.008167913183569908,0.01818506047129631,0.0009825486922636628,0.001234094612300396,0.042078129947185516,8.787771366769448e-05,0.0015575243160128593,0.0014331114944070578,0.0023052238393574953,0.011016566306352615,0.013428330421447754,0.0055412184447050095,0.0003920445160474628,0.0016778045101091266,0.0018091598758473992,0.052956920117139816,0.0005431665922515094,0.019240209832787514
window-e1edbfe040dcbf2dec79,290_30764_58570,apple,apple,0.9966656565666199,True,0.9966656565666199,7.64182404964231e-05,1.853808316809591e-05,0.0018504892941564322,1.9116405383101664e-05,1.211733524542069e-05,2.1373289200710133e-05,4.329418879933655e-05,1.0146567547053564e-05,0.00040014294791035354,1.6777545170043595e-05,2.8077236038370756e-06,2.7685166060109623e-05,1.5650855402782327e-06,1.711512595647946e-05,1.818378768803086e-05,1.4587909618057893e-06,4.293474194128066e-05,0.0006391230272129178,5.673218311130768e-06,2.370941365370527e-05,2.0290803149691783e-05,7.476859082089504e-06,1.0431183000036981e-05,1.8314996850676835e-05,2.9398086553555913e-05
window-ae68d79847b040fb5717,290_30764_58570,apple,apple,0.9982617497444153,True,0.9982617497444153,7.14246416464448e-05,6.752856279490516e-05,0.0009684590622782707,3.4571371543279383e-06,1.258926022273954e-05,5.5897624406497926e-05,5.5548487580381334e-05,8.800839168543462e-06,0.0001487565750721842,5.1739639275183436e-06,1.8493467450753087e-06,8.730344234209042e-06,1.2471215313780704e-06,1.4907646800565999e-05,2.976161522383336e-05,2.5897477371472633e-06,1.423021330992924e-05,0.00017823843518272042,1.0534913599258289e-05,1.019350929709617e-05,1.7987595128943212e-05,6.704673978674691e-06,1.8498943973099813e-05,2.132969348167535e-05,3.876772098010406e-06
window-501907bd0e667a2054d4,290_30764_58570,apple,apple,0.9975637197494507,True,0.9975637197494507,8.327756950166076e-05,3.9000195101834834e-05,0.0012504610931500793,1.793522278603632e-05,1.0773829671961721e-05,2.9612174330395646e-05,3.44476975442376e-05,9.999176654673647e-06,0.00041014549788087606,1.6244852304225788e-05,2.8846909572166624e-06,1.356692155241035e-05,3.5764244330493966e-06,7.836271106498316e-05,2.3304943169932812e-05,2.7319861146679614e-06,5.3454477892955765e-05,0.00024573892005719244,9.200259228236973e-06,7.892826033639722e-06,2.3851505829952657e-05,6.166197181300959e-06,4.0960818296298385e-05,1.0333126738260034e-05,1.2316697393544018e-05
window-95e7dc4645083785d668,290_30764_58570,apple,apple,0.9748951196670532,True,0.9748951196670532,0.0020037542562931776,0.0002838477084878832,0.008143727667629719,0.00034044039784930646,0.0002497471577953547,0.00026541671832092106,0.0005492836935445666,0.00020952643535565585,0.0013923069927841425,0.00020166281319689006,7.585679850308225e-05,0.00018164743960369378,8.381133375223726e-05,0.00032932122121565044,0.001077490160241723,3.8915346522117034e-05,0.003284839214757085,0.003176072146743536,0.00015196402091532946,0.0001375232677673921,0.0002017919032368809,0.00018309778533875942,0.0005061454721726477,0.00016821686585899442,0.001868338556960225
window-584f77e403055e2362e3,351_37090_68533,apple,apple,0.9998602867126465,True,0.9998602867126465,3.7163661090744426e-06,2.2586356863030232e-05,1.231384612765396e-05,5.56399243123451e-07,4.568968051898992e-06,7.681316674279515e-06,3.4547108498372836e-06,3.504268534015864e-06,7.349161933234427e-06,2.0696570572908968e-06,1.6237644331340562e-06,3.1517568004346685e-06,8.322768735524733e-06,6.860115718154702e-06,1.0207943887508009e-05,1.814227061913698e-06,6.9212364905979484e-06,3.6629805890697753e-06,3.0862454423186136e-06,1.6548826806683792e-06,4.673144758271519e-06,7.200805157481227e-06,7.79132005845895e-06,4.840071142098168e-06,1.1965050816797884e-07
window-4bdcb0edbca0e6fc71db,351_37090_68533,apple,apple,0.786031186580658,True,0.786031186580658,0.09244793653488159,0.018831919878721237,0.004925182089209557,0.00031079817563295364,0.001673493068665266,0.01432115025818348,0.0038092504255473614,0.0008823555544950068,0.0008390882867388427,0.002406681189313531,0.0005913736531510949,0.001109996810555458,0.015040251426398754,0.005839833989739418,0.005182316992431879,0.0004031999269500375,0.0013623131671920419,0.029756322503089905,0.0019750306382775307,0.000510374375153333,0.0003234217583667487,0.0044065555557608604,0.005385458469390869,0.0009259126964025199,0.0007085092947818339
window-f97d733801dd12ac99fd,39_1806_5235,apple,apple,0.9612402319908142,True,0.9612402319908142,0.002797755179926753,0.0004366505309008062,0.0006639901548624039,0.0014890874736011028,0.00018982993788085878,0.005031019914895296,0.00026425751275382936,4.155750502832234e-05,0.015655918046832085,0.0028950939886271954,0.00018927281780634075,6.490437954198569e-05,0.0022819852456450462,5.141380461282097e-05,0.00199633976444602,4.293990059522912e-05,0.0006358015816658735,0.00032062121317721903,0.00013847165973857045,0.0025243128184229136,0.00011169173376401886,0.00014902268594596535,0.0002996309194713831,0.0002454783534631133,0.0002426212013233453
window-f3814da9dc9a6fea338c,39_1806_5235,apple,apple,0.9874305725097656,True,0.9874305725097656,0.0017811359139159322,5.862384205101989e-05,8.301156049128622e-05,0.00029368780087679625,4.641407940653153e-05,0.0012923285830765963,8.393674943363294e-05,4.842420366912847e-06,0.005756061989814043,0.000722661439795047,1.1956451999139972e-05,1.2033483471896034e-05,0.0009482410969212651,7.782497050357051e-06,0.000582289882004261,1.6237110685324296e-05,0.00012027466436848044,9.880709694698453e-05,4.326317139202729e-05,0.0003901882446371019,3.101169932051562e-05,4.960672595188953e-05,9.085312922252342e-05,3.000118158524856e-05,1.4201454177964479e-05
window-9b943bc1d438533357c9,39_1806_5235,apple,apple,0.9841904044151306,True,0.9841904044151306,0.0012123823398724198,0.00011548113252501935,8.977304241852835e-05,0.0005160300643183291,6.818606925662607e-05,0.0016677421517670155,0.0001452647993573919,6.633677003264893e-06,0.005376098211854696,0.0022989483550190926,2.9731440008617938e-05,4.3916759750572965e-05,0.0023320079781115055,2.583602508821059e-05,0.0005398648208938539,1.2670469004660845e-05,0.00018020144489128143,7.017898315098137e-05,4.027254180982709e-05,0.0006390713388100266,3.775707591557875e-05,7.284450111910701e-05,0.00012792852066922933,6.797246169298887e-05,9.280143422074616e-05
window-56b2402cdebc97a0c721,39_1806_5235,apple,apple,0.9877063632011414,True,0.9877063632011414,0.0006586586241610348,5.7291654229629785e-05,0.0001825819635996595,0.001292465254664421,8.303958020405844e-05,0.0016405148198828101,0.00019334274111315608,8.519266884832177e-06,0.005137579515576363,0.00046697695506736636,2.6884521503234282e-05,2.577227132860571e-05,0.0005792725714854896,1.3749655408901162e-05,0.0006358791724778712,7.471537628589431e-06,0.00018404082220513374,0.00014340483176056296,2.8248456146684475e-05,0.0005500027327798307,2.9150884074624628e-05,3.426431430852972e-05,0.0002452779153827578,4.3666153942467645e-05,2.5688717869343236e-05
window-e6ea0ba0440129f37c52,41_1939_6047,apple,apple,0.9985822439193726,True,0.9985822439193726,0.000130450731376186,8.02639260655269e-06,1.1276587429165374e-05,8.503840217599645e-05,5.1323122534086e-06,0.00019666033040266484,2.6547802917775698e-05,4.100420483155176e-07,0.0006336188525892794,3.077059591305442e-05,3.941142040275736e-06,5.4859983720234595e-06,9.635028982302174e-05,1.316239035986655e-06,4.207044912618585e-05,9.270521559301415e-07,2.694825889193453e-05,1.9983892343589105e-05,4.964389518136159e-06,5.4876913054613397e-05,8.793353117653169e-06,3.087893901465577e-06,1.7477266737842e-05,2.094782303174725e-06,1.502038685430307e-06
window-3ff96c6d3b329358b890,41_1939_6047,apple,apple,0.9975314140319824,True,0.9975314140319824,0.0001286502811126411,1.7038119040080346e-05,1.5155332221183926e-05,0.000127222781884484,1.475505359849194e-05,0.000485009717522189,2.2244670617510565e-05,4.5567938400381536e-07,0.0012146023800596595,3.0398508897633292e-05,6.6585312197275925e-06,9.60679153649835e-06,8.674077980685979e-05,2.5766260023374343e-06,8.288205572171137e-05,1.5844337895032368e-06,2.6838999474421144e-05,3.82930193154607e-05,8.784341844148003e-06,0.00010334018588764593,1.2186898857180495e-05,5.593591595243197e-06,2.3504442651756108e-05,2.2681122118228814e-06,2.220682063125423e-06
window-29f78458d908f1cad3e0,41_1939_6047,apple,apple,0.9978863596916199,True,0.9978863596916199,0.00014253344852477312,1.4996477148088161e-05,1.355022959614871e-05,8.718755998415872e-05,7.72938165027881e-06,0.0002954043447971344,1.681716639723163e-05,1.0418178817417356e-06,0.0010619050590321422,2.3258960936800577e-05,8.861964488460217e-06,6.126917924120789e-06,0.0001299203431699425,2.468807679179008e-06,5.9244659496471286e-05,1.4929373719496652e-06,3.410509089007974e-05,3.755469515454024e-05,6.5149770307471044e-06,0.0001044526943587698,1.9517430700943805e-05,4.628630449587945e-06,2.7991069146082737e-05,3.871970875479747e-06,2.2389083369489526e-06
window-7913ab814ec2be3b5d4d,41_1939_6047,apple,apple,0.9973830580711365,True,0.9973830580711365,6.468029459938407e-05,1.2864261407230515e-05,1.2916692867293023e-05,0.00014136936806607991,9.57946485868888e-06,0.00047644253936596215,1.9921308194170706e-05,6.51039613330795e-07,0.0014560717390850186,4.227968383929692e-05,1.8656111251402763e-06,4.958569661539514e-06,5.306060120346956e-05,3.606947529988247e-06,7.779324369039387e-05,2.1537266547966283e-06,3.9713846490485594e-05,2.3457574570784345e-05,9.246130503015593e-06,0.00011147513578180224,1.5712321328464895e-05,2.6441264253662666e-06,2.8737586035276763e-05,3.920217750419397e-06,1.9112173959001666e-06
window-bb57e2db4a5c5341d083,41_1941_5802,apple,apple,0.99885094165802,True,0.99885094165802,7.83624273026362e-05,8.5456977103604e-06,0.0008081888663582504,2.149939609807916e-05,5.640017661789898e-06,6.129858320491621e-06,1.4881875358696561e-05,6.683298579446273e-06,3.3995176636381075e-05,1.88129906746326e-05,5.275156809148029e-07,3.9091523831302766e-06,1.0753296919574495e-06,3.7344175325415563e-06,1.1298181561869569e-05,7.269940738297009e-07,3.9249673136509955e-05,3.4264907299075276e-05,2.492543217158527e-06,8.430139132542536e-06,7.536734301538672e-06,5.2180148486513644e-06,1.7512322301627137e-05,7.4028116614499595e-06,2.994411261170171e-06
window-b928aefdae70cffa0c9e,41_1941_5802,apple,apple,0.999467670917511,True,0.999467670917511,1.8451846699463204e-05,1.3325470717973076e-05,0.00025371811352670193,6.487457085313508e-06,7.512158845202066e-06,1.1776094652304891e-05,9.22370145417517e-06,7.76563956605969e-06,3.240009391447529e-05,1.6945725292316638e-05,5.291190063871909e-07,1.808968363548047e-06,1.2882798046121025e-06,5.7033030316233635e-06,1.2782573321601376e-05,6.051772061255178e-07,1.6419473467976786e-05,5.561463694903068e-05,2.803412598950672e-06,3.742026137842913e-06,1.2354476893960964e-05,7.84950861998368e-06,2.2544720195583068e-05,8.731260095373727e-06,2.0795102955162292e-06
window-0dfcf5649dae02beffae,41_1941_5802,apple,apple,0.9993244409561157,True,0.9993244409561157,7.544590334873646e-05,8.490984328091145e-06,0.00027088497881777585,4.556112253339961e-05,1.1233985787839629e-05,1.245715520781232e-05,1.4918749002390541e-05,6.172740540932864e-06,5.8751054893946275e-05,1.509453431935981e-05,3.7900164784332446e-07,4.0471518332196865e-06,8.710402426004293e-07,3.779663074965356e-06,6.321774890238885e-06,5.800060876026691e-07,2.7318234060658142e-05,6.695473712170497e-05,5.51273069504532e-06,4.609108145814389e-06,3.589364723666222e-06,5.860262263013283e-06,7.354587978625204e-06,1.0395099707238842e-05,8.99030055734329e-06
window-9a0251237919c7a11df1,41_1941_5802,apple,apple,0.99980229139328,True,0.99980229139328,8.257246008724906e-06,7.30937063053716e-06,7.089760038070381e-05,1.7086320440284908e-05,2.664547764652525e-06,5.4612414714938495e-06,3.699164153658785e-06,2.438680212435429e-06,9.024362043419387e-06,6.480877800640883e-06,4.529197212832514e-07,1.4255007272367948e-06,5.253154427009576e-07,1.0556752840784611e-06,4.252331109455554e-06,6.731771691192989e-07,1.1165257092216052e-05,2.0538087483146228e-05,5.39217262485181e-06,1.4896595530444756e-06,3.810372845691745e-06,1.7111556189775001e-06,6.60934438201366e-06,4.92171966470778e-06,4.1802866235229885e-07
window-e9ec061f9b17ec78e89a,442_63337_125204,apple,apple,0.9996647834777832,True,0.9996647834777832,1.4181816368363798e-05,5.233888714428758e-06,0.00017433895845897496,1.5577163139823824e-05,1.7642107650317485e-06,1.408298521710094e-05,3.4292875170649495e-06,1.1195263596164295e-06,3.5191802453482524e-05,4.4001603782817256e-06,9.149071047431789e-07,1.20552556381881e-06,7.826271826161246e-07,1.8790765352605376e-06,9.444091119803488e-06,1.5465826663785265e-06,9.724078154249582e-06,1.2633384358196054e-05,3.0554485874745296e-06,1.8649068351805909e-06,5.034888545196736e-06,3.7341756069508847e-06,7.360481959040044e-06,5.066505764261819e-06,1.7108827705669682e-06
window-e028fe2496aa2139b8c4,442_63337_125204,apple,apple,0.9997071623802185,True,0.9997071623802185,1.8324939446756616e-05,1.2482384590839501e-05,0.00010748483327915892,4.588632691593375e-06,2.160802750950097e-06,2.3393045921693556e-05,3.869783995469334e-06,2.1194236978772096e-06,1.4049186574993655e-05,4.350135441200109e-06,7.713034051448631e-07,6.19611398633424e-07,1.017385898194334e-06,3.0424523629335454e-06,1.5074732800712809e-05,2.6325035378249595e-06,2.578433122835122e-05,1.1571720278880093e-05,9.139121175394394e-06,2.4897008188418113e-06,8.425071428064257e-06,2.919208782259375e-06,6.827875495218905e-06,9.071277418115642e-06,5.080798359813343e-07
window-af6dce32703ba4ff90ee,442_63337_125204,apple,apple,0.9998292922973633,True,0.9998292922973633,9.23046263778815e-06,3.8037262584111886e-06,7.662608550162986e-05,5.191610853216844e-06,1.6450394468847662e-06,6.90687875248841e-06,1.9015121779375477e-06,5.734864316764288e-07,1.9978284399257973e-05,2.3914008124847896e-06,7.023173225206847e-07,3.834584560991061e-07,3.345793402331765e-07,1.846337227107142e-06,7.983310752024408e-06,1.2519158190116286e-06,5.3707376537204254e-06,6.510484126920346e-06,2.2494998574984493e-06,1.1507688668643823e-06,4.5555912038253155e-06,1.967647449419019e-06,3.3281519336014753e-06,4.132919912080979e-06,4.973971954314038e-07
window-4e2843242aaacc1a4433,442_63337_125204,apple,apple,0.9993487000465393,True,0.9993487000465393,2.4960447262856178e-05,1.4290707440522965e-05,0.0002826770069077611,2.428676452836953e-05,4.205961886327714e-06,2.3324811991187744e-05,8.80360312294215e-06,3.847476364171598e-06,5.905965736019425e-05,9.966288416762836e-06,2.185329321946483e-06,2.070486743832589e-06,1.3688737681150087e-06,5.638600214297185e-06,2.082150967908092e-05,6.729484994139057e-06,3.5248780477559194e-05,4.210659972159192e-05,1.1207109309907537e-05,6.743000994902104e-06,1.476936540711904e-05,5.676237833540654e-06,1.879920637293253e-05,1.8341686882195063e-05,4.230594186083181e-06
window-516f86a0db2e60b2e20d,223_23556_48787,ball,ball,0.9991852641105652,True,0.0001481132785556838,0.9991852641105652,3.7157617043703794e-05,8.753672591410577e-05,1.408970001648413e-05,1.3189955097914208e-05,1.2649501513806172e-05,2.573660822235979e-05,4.1106122807832435e-05,0.00010628138261381537,5.897014489164576e-05,6.737411695212359e-06,1.7397037481714506e-06,3.858656327793142e-06,6.267675416893326e-06,2.2721110326529015e-06,2.240241201434401e-06,2.089274858008139e-05,2.1047197151347063e-05,6.268679499044083e-06,6.89041698933579e-05,2.049173417617567e-05,8.185534170479514e-06,3.912092552127433e-07,7.92125501902774e-06,9.261110972147435e-05
window-259d93f0dee17f61e059,223_23556_48787,ball,ball,0.9682092070579529,True,0.0007665756274946034,0.9682092070579529,0.0015807569725438952,0.002965938299894333,0.000690131913870573,0.0009617020259611309,0.00029336760053411126,0.0006296521169133484,0.002873101970180869,0.011298131197690964,0.0009060792508535087,9.345827129436657e-05,6.36748009128496e-05,5.785676694358699e-05,0.00025392358656972647,0.0008897051448002458,1.2405041161400732e-05,0.0005017340881749988,0.0011625092010945082,6.313838093774393e-05,0.00040199715294875205,0.00022254488430917263,0.0002651950635481626,0.00012179576879134402,8.998351404443383e-05,0.004625359550118446
window-c8144b4db1921ae17e3a,223_23556_48787,ball,ball,0.8291263580322266,True,0.00677214190363884,0.8291263580322266,0.0028012117836624384,0.011129780672490597,0.003291160101071,0.0031493923161178827,0.002235932508483529,0.00995713286101818,0.019867900758981705,0.03636676445603371,0.024717554450035095,0.0012718805810436606,0.00045001518446952105,0.00048111818614415824,0.000674680748488754,0.0009091661777347326,7.02424586052075e-05,0.003882856573909521,0.0028316068928688765,0.00022814645490143448,0.005582878831773996,0.00312664988450706,0.0015588592505082488,0.00048469885950908065,0.0005180759471841156,0.028513861820101738
window-d7006ad30f7927e4bf8b,223_23556_48787,ball,ball,0.9971722960472107,True,0.00020475713245104998,0.9971722960472107,0.00012246047845110297,0.00036805582931265235,5.848743239766918e-05,3.2224601454799995e-05,3.9695456507615745e-05,9.158982720691711e-05,8.565204188926145e-05,0.000766754848882556,0.00023613296798430383,2.3719907403574325e-05,5.741312634199858e-06,9.287882676289883e-06,1.6022562704165466e-05,1.9408835214562714e-05,2.5774259029276436e-06,7.406539225485176e-05,5.1533432269934565e-05,6.648888756899396e-06,0.00024461973225697875,7.366442878264934e-05,1.9409610104048625e-05,2.8185029350424884e-06,1.3871225746697746e-05,0.0002586038608569652
window-3479f45ec68fdb956b10,333_33894_61781,ball,ball,0.9914876222610474,True,8.419581718044356e-05,0.9914876222610474,0.0008443250553682446,0.00020414902246557176,8.917172817746177e-05,0.0011825086548924446,0.0007838418241590261,5.7823024690151215e-05,0.00018866496975533664,0.001205229084007442,0.00014361376815941185,2.4815783035592176e-05,0.00023527075245510787,1.364970285067102e-05,0.0003742525295820087,0.00015239031927194446,0.0004589662130456418,3.3597629226278514e-05,0.0006681922823190689,0.0002434212656226009,6.423742161132395e-05,0.00035683237365446985,0.00043427178752608597,0.00016483309445902705,0.0004251257632859051,7.904269295977429e-05
window-6185c68745db89aec067,333_33894_61781,ball,ball,0.9845199584960938,True,9.359692194266245e-05,0.9845199584960938,0.002194356871768832,0.000361755199264735,0.0001288283965550363,0.0019474931759759784,0.0012477197451516986,0.00018331488536205143,0.00036435906076803803,0.0018048068741336465,0.0006017092382535338,3.125229341094382e-05,0.00037204462569206953,2.5391171220690012e-05,0.00039672577986493707,0.0004022684879601002,0.0005803036619909108,9.006606705952436e-05,0.0009758107480593026,0.00043370091589167714,4.788119258591905e-05,0.000892330426722765,0.0012729605659842491,0.0003060545423068106,0.000557100516743958,0.00016829813830554485
window-a5ae887d50200f4e8537,333_33894_61781,ball,ball,0.9935958981513977,True,3.944057607441209e-05,0.9935958981513977,0.0007423500064760447,0.00012268076534383,6.683562241960317e-05,0.00047610432375222445,0.00028616772033274174,7.604865095345303e-05,0.00018012194777838886,0.0009605834493413568,0.00012003468873444945,1.2213181435072329e-05,0.00019854250422213227,1.3059468074061442e-05,0.00019834510749205947,0.00015084668120834976,0.0004899257910437882,2.398021206317935e-05,0.0004875524318777025,0.00017542013665661216,7.232845382532105e-05,0.000276681937975809,0.0005994112580083311,0.00012645080278161913,0.00038270087679848075,0.00012635749590117484
window-f394785745f9f7e408f6,333_33894_61781,ball,ball,0.9686672687530518,True,0.00018027389887720346,0.9686672687530518,0.0021916311234235764,0.0016766024054959416,0.0002682277117855847,0.0026613755617290735,0.0007657093810848892,0.0003156771417707205,0.0006904133479110897,0.007904281839728355,0.00042500501149334013,4.660582999349572e-05,0.00046969641698524356,5.130529825692065e-05,0.0007278578705154359,0.0011572109069675207,0.0006984045030549169,0.00013659431715495884,0.0022447039373219013,0.0005686975782737136,0.0002888105227611959,0.0015905825421214104,0.003405327908694744,0.00048288036487065256,0.0019389684312045574,0.00044588741729967296
window-83b65786029a9ca788b7,372_41204_82153,ball,ball,0.9952353835105896,True,0.0001678670960245654,0.9952353835105896,2.2701771740685217e-05,0.002647977788001299,4.421525954967365e-05,5.143971065990627e-05,0.000162617361638695,0.00028357942937873304,1.128984058595961e-05,0.0006952749681659043,0.00014699088933411986,4.041823103761999e-06,2.294757678100723e-06,1.1888306289620232e-05,2.4049899366218597e-05,6.0277779994066805e-05,1.4767578250030056e-05,2.5083963919314556e-05,2.434903581161052e-05,1.5204751434794161e-05,0.00014297259622253478,5.815917029394768e-05,0.00010020800255006179,1.0705696695367806e-05,1.56729256559629e-05,2.1137910152901895e-05
window-a4a97c4814e2e4d6d8ee,372_41204_82153,ball,ball,0.9724657535552979,True,0.00011959216499235481,0.9724657535552979,7.539411308243871e-05,0.022068405523896217,0.0008166197803802788,0.00010040059714810923,0.00026986721786670387,0.00018995028221979737,5.0854981964221224e-05,0.0009459201828576624,0.0009040135191753507,2.5393019313924015e-05,1.0711714821809437e-05,8.354637247975916e-05,5.999431959935464e-05,8.304884977405891e-05,2.4152210244210437e-05,0.00014871310850139707,0.0003725963179022074,4.436517338035628e-05,7.980820373632014e-05,4.020152846351266e-05,0.00021252901933621615,6.9418597377080005e-06,5.013640475226566e-05,0.0007510866853408515
window-f6674eb9ca32da37ffd2,372_41204_82153,ball,ball,0.9955592155456543,True,0.00010593023034743965,0.9955592155456543,2.7169431632501073e-05,0.0030346049461513758,9.54608985921368e-05,5.079026595922187e-05,5.348725971998647e-05,0.00023401765793096274,1.3385644706431776e-05,0.00019853776029776782,0.00021177309099584818,2.2330011688609375e-06,2.486037828930421e-06,9.068451618077233e-06,1.4257522707339376e-05,2.4653074433445e-05,8.272288141597528e-06,1.5310435628634878e-05,3.727672083186917e-05,9.423844858247321e-06,7.242708670673892e-05,2.0485633285716176e-05,9.074182889889926e-05,1.0626915354805533e-05,2.4261767975986004e-05,7.407212251564488e-05
window-23e0ccc78f5a3ca47973,372_41204_82153,ball,ball,0.9114281535148621,True,0.0006687440327368677,0.9114281535148621,0.00021578675659839064,0.009663419798016548,0.0009864299790933728,0.00032543326960876584,0.0019415412098169327,0.0014225339982658625,0.0004871391283813864,0.006967130582779646,0.045909758657217026,3.645675315055996e-05,0.00010885512892855331,0.00019636387878563255,0.0005884206620976329,0.012652140110731125,0.001953350380063057,8.717650052858517e-05,0.000224745090235956,0.0004501664952840656,0.0005165908951312304,0.0004789870581589639,0.0016304680611938238,0.00028076907619833946,0.0003620136412791908,0.00041743461042642593
window-18309abe358953d27f0a,385_45446_90913,ball,ball,0.9485793709754944,True,0.0006755031063221395,0.9485793709754944,0.00047617952805012465,0.0002540249261073768,0.00038387117092497647,0.0009745012503117323,0.00033234720467589796,0.0005595401162281632,0.0006600760389119387,0.0003138099564239383,0.004031934775412083,0.0003539280442055315,0.00022778986021876335,0.0034345192834734917,9.521265747025609e-05,0.00012357631931081414,0.0001235713716596365,0.0005567129701375961,0.0009316086652688682,0.0005858315271325409,0.0019173454493284225,0.0005356220644898713,0.0019130895379930735,0.0011988512706011534,0.0008748252876102924,0.029886499047279358
window-2a92a8e0b0002e9f01aa,385_45446_90913,ball,ball,0.9116576910018921,True,0.006450911983847618,0.9116576910018921,0.0013340167934074998,0.0005871168687008321,0.00041521541425026953,0.003573234658688307,0.0003938704321626574,0.0016988165443763137,0.0045224702917039394,0.0010279816342517734,0.010539841838181019,0.0002573942474555224,0.00046766045852564275,0.006250393111258745,0.0003270823508501053,0.00021945724438410252,0.0003188771952409297,0.0011928851017728448,0.0018240074859932065,0.0022596269845962524,0.005791528150439262,0.0013586559798568487,0.010324475355446339,0.0011895474744960666,0.0034698881208896637,0.022547388449311256
window-8d3d3d90dc1356c052d0,385_45446_90913,ball,umbrella,0.7011374831199646,False,0.001342739793471992,0.20562128722667694,0.0004280128050595522,0.0018834180664271116,0.0004400447360239923,0.008808145299553871,0.00045106845209375024,0.005010339897125959,0.005749063100665808,0.0005791689618490636,0.016898492351174355,0.0002949773916043341,0.0006778417155146599,0.014675162732601166,0.00033457481185905635,0.0015936970012262464,0.00012816245725844055,0.002446550875902176,0.001460320083424449,0.0007911402499303222,0.007734682876616716,0.0009869021596387029,0.0014671551762148738,0.004084981977939606,0.7011374831199646,0.014974532648921013
window-21b1f789d60c9f197bbd,385_45446_90913,ball,ball,0.43923360109329224,True,0.00878277886658907,0.43923360109329224,0.000873673998285085,0.004793275147676468,0.0016485701780766249,0.010342897847294807,0.002879123669117689,0.02688477374613285,0.029590148478746414,0.0037651420570909977,0.10011538118124008,0.0008393442840315402,0.002003142610192299,0.05268555134534836,0.0009329614695161581,0.0023961004335433245,0.0006972653791308403,0.009814017452299595,0.004735572729259729,0.005786501802504063,0.03890842944383621,0.0018299812218174338,0.01831476017832756,0.004188738763332367,0.22078292071819305,0.0071753328666090965
window-88889cb9f5969b8c07d8,395_48973_96915,ball,ball,0.9901988506317139,True,0.0002618764410726726,0.9901988506317139,0.0015077899442985654,1.4824515346845146e-05,0.0001782095932867378,3.177773396600969e-05,0.0009688233258202672,0.00014800521603319794,0.00014961168926674873,1.3390254025580361e-05,0.00045807199785485864,0.0034144448582082987,0.00011597690900089219,0.0007379400776699185,3.5891018342226744e-05,0.00030682605574838817,7.82124770921655e-05,0.00010156953794648871,0.00013782072346657515,0.00010235580703010783,0.00028925418155267835,5.741711356677115e-05,8.60981599544175e-05,2.3227723431773484e-05,0.0005574789247475564,2.426741411909461e-05
window-69744d9131ab87912b45,395_48973_96915,ball,ball,0.9727939963340759,True,0.00039937053225003183,0.9727939963340759,0.005157227162271738,2.778221642074641e-05,0.0007976928609423339,7.409940735669807e-05,0.0015498352004215121,0.00048489749315194786,0.00043335510417819023,1.9974495444330387e-05,0.0017308881506323814,0.006298975087702274,0.0003197754849679768,0.0031613092869520187,0.0001325669582001865,0.00276451394893229,0.00015275338955689222,0.00022781601001042873,8.34647289593704e-05,0.00016745332686696202,0.0009810957126319408,9.5076669822447e-05,0.00019129806605633348,3.716604260262102e-05,0.0017976191593334079,0.00012004499876638874
window-7eb75cae0a91e8ef94f1,395_48973_96915,ball,ball,0.996275782585144,True,0.00021301321976352483,0.996275782585144,0.0005690323305316269,1.4938798813091125e-05,7.22800032235682e-05,1.3572826901508961e-05,0.0007117851637303829,4.8733803851064295e-05,2.7745185434469022e-05,2.7085619876743294e-05,0.00019710669585037977,0.0004553274775389582,4.5768469135509804e-05,0.0002170637744711712,1.440682535758242e-05,3.9149377698777243e-05,1.5015327335277107e-05,3.3735872420948e-05,3.337878661113791e-05,4.705449100583792e-05,0.00017094136273954064,1.9752527805394493e-05,2.9902896130806766e-05,3.203783126082271e-05,0.0006655288743786514,9.812278221943416e-06
window-0581496b953a0b6a85b5,395_48973_96915,ball,ball,0.9719150066375732,True,0.0005010024760849774,0.9719150066375732,0.006889845710247755,8.544017873646226e-06,0.00031741923885419965,5.4905649449210614e-05,0.0012881559086963534,0.0005544195882976055,0.0002924094442278147,5.160284854355268e-05,0.0053912377916276455,0.005774997640401125,0.0001024580851662904,0.003926449455320835,5.941054769209586e-05,0.0005459839012473822,0.00012279443035367876,0.00016761248116381466,0.00013683497672900558,0.00043968757381662726,0.0006245163385756314,5.270992551231757e-05,0.00011441148672020063,3.024083525815513e-05,0.0005862783873453736,5.112150029162876e-05
window-1c150c0c0a54e45ed013,558_80541_158012,ball,ball,0.8946992754936218,True,0.0031127927359193563,0.8946992754936218,0.04247746244072914,0.0008024633280001581,0.00045616147690452635,0.0006024547619745135,0.0017222899477928877,0.00014726721565239131,0.0004737456329166889,0.002095449948683381,0.001421028864569962,0.0021075489930808544,0.0110506946220994,0.002442704513669014,0.012311669066548347,0.0014491155743598938,0.0015626309905201197,0.0009555100696161389,0.006094601470977068,0.0028485117945820093,0.0011841087834909558,0.005144719034433365,0.0020548654720187187,0.0018534744158387184,0.0007448737742379308,0.00018465494213160127
window-2ce4be79598968f6a9b2,595_90445_180229,ball,ball,0.9913989305496216,True,6.794473301852122e-05,0.9913989305496216,8.00728885224089e-05,0.00036153034307062626,3.7126079405425116e-05,8.387382695218548e-05,0.0035266850609332323,0.00018393481150269508,6.593963189516217e-05,6.689893780276179e-05,7.505613757530227e-05,0.0010108299320563674,0.00010692642536014318,0.000115805167297367,4.7075609472813085e-05,0.00013666541781276464,0.00010189532622462139,3.535932773957029e-05,0.0004409014363773167,2.6887748390436172e-05,0.001404720707796514,4.440207703737542e-05,2.7057107217842713e-05,0.0001698197884252295,0.00012957311992067844,0.0002542622678447515
window-2a5115304b98e4a61b48,595_90445_180229,ball,ball,0.992496132850647,True,1.9722830984392203e-05,0.992496132850647,4.715477552963421e-05,6.353621574817225e-05,4.300917134969495e-05,4.6056986320763826e-05,0.005367424804717302,3.945166463381611e-05,2.0876588678220287e-05,3.5801964259007946e-05,2.240303365397267e-05,0.0002822888200171292,9.339950338471681e-05,4.449626067071222e-05,2.7845631848322228e-05,0.000148470324347727,7.581595855299383e-05,4.18216222897172e-05,0.00012016156688332558,2.735631278483197e-05,0.0005842442042194307,2.6619667551130988e-05,2.0727562514366582e-05,0.00011900664685526863,8.50116994115524e-05,0.00010121842205990106
window-37465e47fb58af845070,595_90445_180229,ball,ball,0.9860545992851257,True,5.592164961853996e-05,0.9860545992851257,7.285598258022219e-05,0.0003578519681468606,4.3556061427807435e-05,0.00017874613695312291,0.009321688674390316,2.361095539527014e-05,4.749499566969462e-05,9.49580644373782e-05,3.1785621104063466e-05,0.0005723815993405879,0.00014077805099077523,2.6766381779452786e-05,9.407552715856582e-05,0.00010390742681920528,0.00013399499584920704,0.00011957893002545461,0.0001712256926111877,4.24104837293271e-05,0.0017636959673836827,1.416114901076071e-05,3.731495962711051e-05,0.00019582115055527538,0.00015509396325796843,0.0001457852777093649
window-166bbe270b22b32554a8,595_90445_180229,ball,ball,0.9925838708877563,True,2.32321435760241e-05,0.9925838708877563,3.571117849787697e-05,6.910318916197866e-05,2.710831176955253e-05,5.203393811825663e-05,0.005730601958930492,1.5795229046489112e-05,1.9952116417698562e-05,3.623872544267215e-05,1.1771961908380035e-05,0.00014474465569946915,5.5991578847169876e-05,1.7411110093235038e-05,2.0734654754051007e-05,4.133240145165473e-05,8.662903564982116e-05,2.2558959244634025e-05,6.867883348604664e-05,1.7557342289364897e-05,0.000599292921833694,9.421081813343335e-06,9.807470632949844e-06,0.00016115204198285937,0.00010047284740721807,3.8862206565681845e-05
window-ee6e0f1154a08e0bd3e9,168_18361_34847,baseballbat,baseballbat,0.9985394477844238,True,2.108840453729499e-05,2.868988667614758e-05,0.9985394477844238,8.513955435773823e-06,1.87041332537774e-05,8.821520896162838e-05,8.264294592663646e-06,1.855855771282222e-05,4.336404163041152e-05,0.00014045945135876536,1.8894152162829414e-05,8.93861215445213e-06,0.0005019381642341614,4.411957343108952e-05,4.728362910100259e-05,1.1255926438025199e-05,0.0001846197119448334,6.938236765563488e-05,2.6574578441795893e-05,6.261310045374557e-05,4.037003600387834e-05,1.8048503989120945e-05,1.1107299542345572e-05,3.1036238397064153e-06,7.968678801262286e-06,2.8477019441197626e-05
window-b8f15f6f28dc081688d2,168_18361_34847,baseballbat,baseballbat,0.9997149109840393,True,2.0911907085974235e-06,3.40480801241938e-05,0.9997149109840393,4.947793058818206e-06,7.456658750015777e-06,4.943449312122539e-06,5.61933484277688e-06,4.585772330756299e-06,1.3627774933411274e-05,1.1287849702057429e-05,6.428991582652088e-06,3.3070582503569312e-06,7.084798198775388e-06,6.540835784107912e-06,4.574542344926158e-06,1.3079757081868593e-05,4.691301001003012e-05,2.6612662622937933e-05,1.0359360203437973e-05,8.07481319498038e-06,1.1741737580450717e-05,2.4179314550565323e-06,3.4223794500576332e-06,4.143777459830744e-06,9.694474556454225e-07,4.080361395608634e-05
window-c37a5eadb0a1733166c5,168_18361_34847,baseballbat,baseballbat,0.999915361404419,True,8.507902862220362e-07,3.7086326756252674e-06,0.999915361404419,1.2063107988069532e-06,9.449047979614988e-07,5.485040674102493e-06,8.49665696023294e-07,1.5020600585557986e-06,2.242491746073938e-06,2.9162906685087364e-06,2.3902066459413618e-06,3.177391931785678e-07,1.3551159099733923e-05,4.890234777121805e-06,2.240288040411542e-06,2.369313733652234e-06,9.861996659310535e-06,5.640097697323654e-06,3.2445332180941477e-06,1.09553657239303e-05,2.1159585230634548e-06,8.609349038124492e-07,3.13689611175505e-07,5.20477613008552e-07,3.726502768586215e-07,5.314884674589848e-06
window-d43de7cb59b15135f022,168_18361_34847,baseballbat,baseballbat,0.9997207522392273,True,2.1048927010269836e-06,6.144368671812117e-05,0.9997207522392273,3.95704182665213e-06,1.2887172488262877e-05,1.3521285836759489e-05,1.8841741393771372e-06,5.265166237222729e-06,2.8020108402415644e-06,6.075811143091414e-06,5.266029802442063e-06,7.0051037255325355e-06,5.849947683600476e-06,4.80189055451774e-06,6.986116659390973e-06,3.249819201300852e-06,3.405315146665089e-05,3.3115731639554724e-05,1.4481852304015774e-05,3.815303716692142e-05,5.475194029713748e-06,2.206904127888265e-06,1.728777760945377e-06,5.340127131603367e-07,7.734544738013938e-07,5.560604222409893e-06
window-914c951443259f053dfc,186_20091_37188,baseballbat,baseballbat,0.9999880790710449,True,7.694987402828701e-07,1.4343124803417595e-06,0.9999880790710449,3.361899132414692e-07,6.261842031562992e-07,6.18887725067907e-07,9.965762615138374e-08,8.940066322793427e-07,9.527151689781022e-08,1.0888181805057684e-06,1.3303152854859945e-06,1.20105070777754e-07,1.804033047392295e-07,1.3600255499568448e-07,1.272805008056821e-07,2.1221541146587697e-07,2.1875814582017483e-07,6.890043096063891e-07,3.5286740285300766e-07,3.7519615148084995e-07,1.7650683048486826e-07,3.4402987125758955e-07,5.00421606375312e-07,1.1628278429043348e-07,8.232581762968039e-07,3.4340740739935427e-07
window-86e277dac67d9bf1ba7b,186_20091_37188,baseballbat,baseballbat,0.9999717473983765,True,6.596153525606496e-07,6.2116978369886056e-06,0.9999717473983765,4.315792239140137e-07,1.6726867215766106e-06,1.8141472537536174e-06,1.8117017930308066e-07,8.119250765048491e-07,4.65466996502073e-07,2.78858101410151e-06,1.9973786038463004e-06,8.765969141677488e-07,1.6888930076675024e-07,3.462450024471764e-07,2.3263218906777183e-07,5.666707352247613e-07,1.3430785372747778e-07,2.484088099663495e-06,7.496350349356362e-07,1.0713447409216315e-06,6.171866289150785e-07,1.1656484275590628e-06,8.489546416967642e-07,1.4883903531881515e-07,1.2330855270192842e-06,5.228128543421917e-07
window-5393ee450dadd7d2b07a,186_20091_37188,baseballbat,baseballbat,0.9999816417694092,True,2.0466332273372245e-07,7.5705142990045715e-06,0.9999816417694092,3.0149416829772235e-07,5.046521209806087e-07,7.99036627086025e-07,1.0717032239426771e-07,7.818269409654022e-07,8.829742625948711e-08,5.84302313200169e-07,6.420598879230965e-07,1.3953923883036623e-07,1.668314979497154e-07,3.7421636989165563e-07,2.491632642431796e-07,3.0923609983801725e-07,4.1939395600820717e-07,1.637975742596609e-06,4.7388331836373254e-07,4.146754974954092e-07,2.680360751128319e-07,3.638320151821972e-07,1.5078404658197542e-06,4.62313494153932e-08,1.400378266680491e-07,2.0842664127940225e-07
window-978b67275dda9f7e6996,186_20091_37188,baseballbat,baseballbat,0.9999829530715942,True,2.204647842063423e-07,5.2106088332948275e-06,0.9999829530715942,1.9674891404974915e-07,6.314263032436429e-07,7.895644102973165e-07,8.188772682160561e-08,3.753502539893816e-07,2.452583203194081e-07,1.105143837776268e-06,2.266941919515375e-06,3.9302582877098757e-07,8.840960674660892e-08,1.7338112456855015e-07,2.888656069899298e-07,2.0957959634415602e-07,1.1280886980102878e-07,1.2978297263543936e-06,2.809632633216097e-07,1.027133976094774e-06,2.795077875816787e-07,7.774546020300477e-07,3.096685645687103e-07,6.733434076977574e-08,4.251438667779439e-07,2.336932567459371e-07
window-8e863ae24f96b9082b30,207_21922_46427,baseballbat,baseballbat,0.9959015250205994,True,2.1229074263828807e-05,0.00039583953912369907,0.9959015250205994,3.0590645110351034e-06,1.3511095858120825e-05,0.00012492283713072538,4.983190956409089e-05,4.686402826337144e-05,2.945409323729109e-05,9.432018123334274e-05,1.8960492525366135e-05,5.544860687223263e-05,2.246633630420547e-05,0.002611936768516898,1.505685577285476e-05,8.099053957266733e-05,6.55684998491779e-05,3.499363174341852e-06,1.0189483873546124e-05,1.936211447173264e-05,3.452005694271065e-05,6.8595145421568304e-06,0.0001018723487504758,0.00023722133482806385,1.146900285675656e-05,2.3875798433437012e-05
window-6755aa61523a6ad6f5f5,207_21922_46427,baseballbat,baseballbat,0.9970477223396301,True,2.6970935778081184e-06,0.0010008577955886722,0.9970477223396301,5.494055699273304e-07,3.5019125789403915e-05,8.202830940717831e-06,9.672471605881583e-06,9.630793101678137e-06,9.49187688092934e-06,1.1750651538022794e-05,7.68618774600327e-05,0.0001234049559570849,3.128186290268786e-05,0.001018064678646624,2.0489571397774853e-05,6.079243030399084e-05,3.428848503972404e-05,7.546820143033983e-06,9.52501068240963e-06,1.8444687157170847e-05,8.680241990077775e-06,1.7152380678453483e-05,0.0003295764036010951,8.127636829158291e-05,7.784169611113612e-06,1.9206767319701612e-05
window-e5bc5c2b14f606d587c2,207_21922_46427,baseballbat,baseballbat,0.998624324798584,True,7.0206961026997305e-06,0.0005326666287146509,0.998624324798584,3.969529416281148e-07,1.1458692824817263e-05,8.224111297749914e-06,5.848220553161809e-06,2.684509672690183e-05,1.026625614031218e-05,5.763705303252209e-06,8.78221635502996e-06,3.7269910535542294e-05,4.017633273178944e-06,0.0004894416779279709,2.886821675929241e-06,9.12740233616205e-06,3.3245278245885856e-06,9.13965777726844e-06,3.4727499951259233e-06,1.6399519154219888e-05,1.9835226339637302e-05,9.125044016400352e-06,9.017947013489902e-05,2.930768641817849e-05,2.0819188648601994e-06,3.2871579605853185e-05
window-7dfa3cba1c470c9e35b8,394_48666_96323,baseballbat,baseballbat,0.9999712705612183,True,2.148673701185544e-07,8.509949111612514e-06,0.9999712705612183,1.8110547728156234e-07,3.841912530333502e-07,9.703900332169724e-07,5.650240382237826e-07,1.341845745628234e-06,1.5784630136295164e-07,4.5033257833893003e-07,2.190863369833096e-06,9.247929710909375e-07,5.168029701962951e-07,1.2366272130748257e-06,9.018129958349164e-07,2.002735527639743e-06,7.601178140248521e-07,1.429645294592774e-06,4.972425244886836e-07,1.154137294179236e-06,4.518197158631665e-07,7.010920057837211e-07,1.117530018746038e-06,5.4891515333110874e-08,1.5188727502390975e-06,4.911880182589812e-07
window-e78e9af3dfa2630229c0,394_48666_96323,baseballbat,baseballbat,0.999924898147583,True,4.732241620786226e-07,1.901094765344169e-05,0.999924898147583,1.5191760667221388e-06,3.652535497167264e-06,2.372603603362222e-06,4.642728072212776e-06,6.943362222955329e-06,8.290766118079773e-07,1.953652599695488e-06,4.547609933069907e-06,1.7617423964111367e-06,8.713699912732409e-07,1.438767299077881e-06,1.63843276368425e-06,4.709041149908444e-06,2.1355074295570375e-06,4.897258349956246e-06,6.764861382180243e-07,1.5262801298376871e-06,1.2258918786756112e-06,1.9072754184890073e-06,8.13781639408262e-07,3.4054420439133537e-07,2.437012426526053e-06,2.691223699002876e-06
window-a5ed4a4d624dabfe665d,394_48666_96323,baseballbat,baseballbat,0.9998776912689209,True,7.163235409279878e-07,2.196037348767277e-05,0.9998776912689209,7.657620699319523e-06,8.11895642982563e-06,4.463486675376771e-06,1.351571768282156e-06,7.1831186687632e-06,6.37260825442354e-07,1.086673637473723e-05,6.576950454473263e-06,2.798511104629142e-06,1.1902398000529502e-06,2.312126525794156e-06,2.2242757040658034e-06,8.79651906871004e-06,2.9786533559672534e-06,4.4537878238770645e-06,7.525413820985705e-07,5.334454726835247e-07,5.589255920313008e-07,6.915844323884812e-07,1.6245123333646916e-05,1.8342830117035192e-06,5.162977231520927e-06,2.3816867269488284e-06
window-6d777b1f1db63e333e2a,394_48666_96323,baseballbat,baseballbat,0.9999078512191772,True,6.084507049308741e-07,2.1081528757349588e-05,0.9999078512191772,8.322215876432892e-07,1.4869212918711128e-06,6.879245120217092e-06,9.88427132142533e-07,1.5201878795778612e-06,3.6229801025911e-07,2.8415829547157045e-06,1.2483449609135278e-05,1.8031907984550344e-06,3.98728752770694e-06,2.8764636681444244e-06,1.1503072983032325e-06,9.131807019002736e-06,1.3757282886217581e-06,2.0780387330887606e-06,1.058497673511738e-06,4.460906438907841e-06,1.4604856914957054e-06,4.156650447839638e-06,2.8055114853486884e-06,1.7813546548950399e-07,4.6685649977007415e-06,1.8572889075585408e-06
window-231e5b39a3c777b69244,399_51041_100090,baseballbat,baseballbat,0.9998348951339722,True,2.1661610389855923e-06,9.485733244218864e-06,0.9998348951339722,4.95822405355284e-07,1.562226316309534e-05,7.107454166543903e-06,7.365604233200429e-06,1.637358400330413e-05,1.5608970898028929e-06,1.1574319387364085e-06,1.3542555734602502e-06,5.028793748351745e-05,2.7466824121802347e-06,1.7538603060529567e-05,1.3883990277463454e-06,1.444217559765093e-06,3.389459152458585e-06,4.264104518370004e-06,2.923195324910921e-06,6.517114456983109e-07,4.21996446675621e-06,2.816756477841409e-06,1.9721267108252505e-07,6.353872777253855e-06,1.2931569699503598e-06,2.877466386053129e-06
window-03243b07a9f167440ade,399_51041_100090,baseballbat,baseballbat,0.9998555183410645,True,1.9852986952173524e-06,1.817130032577552e-05,0.9998555183410645,2.1742143019309879e-07,7.894514055806212e-06,1.520562818768667e-05,6.839446996309562e-06,1.643488576519303e-05,4.997446467314148e-06,4.5066323650644335e-07,3.124200702586677e-06,1.0699761332944036e-05,3.844028015009826e-06,6.445896360673942e-06,2.9664995508937864e-06,9.354180861009809e-07,3.0016019536560634e-06,7.336962880799547e-06,2.004796670007636e-06,2.128310370608233e-06,9.410036000190303e-06,8.578858796681743e-06,5.549393335968489e-07,3.2726484278100543e-06,4.507326593738981e-06,3.4089603104803246e-06
window-622975df20f235e33bf2,399_51041_100090,baseballbat,baseballbat,0.999901294708252,True,1.35701793624321e-06,5.874206635780865e-06,0.999901294708252,9.851231652646675e-07,7.805800123605877e-06,7.373592325166101e-06,3.6265430480852956e-06,1.3663633581018075e-05,1.2713086334770196e-06,2.2049400740797864e-06,1.3611822851089528e-06,1.9337328922119923e-05,7.473381060663087e-07,9.313283953815699e-06,1.5487258906432544e-06,3.453159251876059e-06,1.2181328656879487e-06,4.10682969231857e-06,1.7314332581008784e-06,6.14483326444315e-07,3.5067459975834936e-06,1.5758550944156013e-06,3.569816158233152e-07,2.221578597527696e-06,1.1373743973308592e-06,2.3566631170979235e-06
window-b29c9a6624d8038a89c4,399_51041_100090,baseballbat,baseballbat,0.9996908903121948,True,6.763765213690931e-06,7.855996045691427e-06,0.9996908903121948,6.607899081245705e-07,2.8051877961843275e-05,2.3284783310373314e-05,9.367641723656561e-06,7.820843165973201e-05,1.3170213605917525e-05,2.5426993488508742e-06,4.0398304008704145e-06,4.009143231087364e-05,2.1400344394351123e-06,1.654580955801066e-05,1.5901156302788877e-06,4.987554348190315e-06,2.379525312790065e-06,1.231345140695339e-05,8.429676199739333e-06,1.7572245951669174e-06,1.2648928532144055e-05,6.612617653445341e-06,1.762842430252931e-06,1.1559795893845148e-05,4.119025561521994e-06,8.184640137187671e-06
window-ce6a097aa2666532a157,407_55027_106548,baseballbat,baseballbat,0.9941346049308777,True,1.778691694198642e-05,0.00014861403906252235,0.9941346049308777,0.001809911453165114,3.245671541662887e-05,1.4570185157936066e-05,4.386184627946932e-06,0.0014093091012910008,3.538447344908491e-05,0.00012292499013710767,3.18602287734393e-05,0.0011135530658066273,5.130310091772117e-05,0.00010381137690274045,4.488784907152876e-05,9.401707211509347e-05,3.466703128651716e-05,0.00014264498895499855,0.0002485377772245556,9.150258847512305e-05,0.00011256599827902392,6.792169733671471e-05,2.847048017429188e-05,2.384562321822159e-05,6.209166895132512e-05,1.8365435607847758e-05
window-5c0ca6ea16fb7579c7d2,407_55027_106548,baseballbat,baseballbat,0.9998249411582947,True,1.5882706065895036e-06,1.4006423953105696e-05,0.9998249411582947,1.0010980986407958e-05,6.60645628158818e-06,8.510408406436909e-06,2.1065823148092022e-06,4.606126822181977e-05,1.4894831110723317e-06,5.374433840188431e-06,2.1722692054026993e-06,3.666788325062953e-05,1.2902295338790282e-06,2.212735807916033e-06,2.2586259547097143e-06,2.534798113629222e-06,3.1625024803361157e-06,4.197773705527652e-06,6.129068879090482e-06,4.276482741261134e-06,2.9221962449810235e-06,3.0941876048018457e-06,3.420621851546457e-06,1.0509196499697282e-06,2.6219065603072522e-06,1.5080844377735048e-06
window-ad740dc9e132c424ca90,407_55027_106548,baseballbat,baseballbat,0.9988681077957153,True,4.499381248024292e-06,7.057863695081323e-05,0.9988681077957153,0.00012585146760102361,1.4535376976709813e-05,6.127783308329526e-06,4.522305971477181e-06,0.00044779415475204587,1.53847795445472e-05,5.565123137785122e-05,8.72276086738566e-06,0.0001511145383119583,3.7862218960071914e-06,6.890085842314875e-06,5.981347840133822e-06,2.973360642499756e-05,1.4893489606038202e-05,3.327034937683493e-05,1.8543327314546332e-05,3.107712836936116e-05,2.282254172314424e-05,7.032603662082693e-06,5.854922164871823e-06,1.0902775102294981e-05,2.1411473426269367e-05,1.4984942026785575e-05
window-393490a3841598613c8b,407_55027_106548,baseballbat,baseballbat,0.9988034963607788,True,1.06673223854159e-05,0.00013382339966483414,0.9988034963607788,0.00014288244710769504,2.0736217265948653e-05,1.4125303096079733e-05,1.261091347259935e-05,0.0002531703794375062,1.9268611140432768e-05,1.984175651159603e-05,2.2280046323430724e-05,0.00024048663908615708,6.4695764194766525e-06,1.6440500985481776e-05,7.685999662498944e-06,1.887987309601158e-05,3.168959301547147e-05,6.31783768767491e-05,4.062080188305117e-05,3.654343890957534e-05,1.977786268980708e-05,3.050931445613969e-05,3.6131627894064877e-06,7.44708313504816e-06,1.4903152987244539e-05,8.902950867195614e-06
window-3be161e11903ebdf8ad9,436_62184_122673,baseballbat,baseballbat,0.6948213577270508,True,0.0005765975802205503,0.0008133783703669906,0.6948213577270508,0.052135199308395386,0.10639556497335434,0.0006319672102108598,0.00021754132467322052,0.012714014388620853,0.002473431872203946,0.0013272271025925875,0.013090619817376137,0.024931028485298157,0.0011759297922253609,0.013022061437368393,0.002959237666800618,0.0014690783573314548,0.004325034562498331,0.00266434159129858,0.002355235395953059,0.0011939366813749075,0.005269335117191076,0.0009346565930172801,0.03933575004339218,0.008801236748695374,0.0014227497158572078,0.004943371284753084
window-301e0d5d2a227dce7ce8,436_62184_122673,baseballbat,baseballbat,0.5728395581245422,True,0.001122158020734787,0.0009139377507381141,0.5728395581245422,0.011807297356426716,0.09256522357463837,0.000638468423858285,0.0008898733649402857,0.01697351597249508,0.0039067016914486885,0.08056488633155823,0.015677129849791527,0.012836289592087269,0.0046746330335736275,0.03501192852854729,0.0012795461807399988,0.0019730685744434595,0.004611078184098005,0.003132787300273776,0.0018644348019734025,0.0013645518338307738,0.0030941269360482693,0.0014904194977134466,0.05482570827007294,0.07106602191925049,0.0009621508652344346,0.003914563450962305
window-5a80a1af089ea252eb5f,436_62184_122673,baseballbat,baseballbat,0.9599180817604065,True,0.0001945433468790725,0.00024841006961651146,0.9599180817604065,0.0020553399808704853,0.004891642369329929,0.0017360382480546832,0.00044847989920526743,0.0018543258775025606,0.0006619209889322519,0.0004114045004826039,0.0020549108739942312,0.00399596244096756,0.0009316341602243483,0.003144799266010523,0.0006471097585745156,0.00022336008260026574,0.002301744418218732,0.002164056757465005,0.00026554230134934187,0.0004312487435527146,0.0006477268761955202,0.0004471078282222152,0.006181708537042141,0.0022317643743008375,0.00040199910290539265,0.001508989604189992
window-bc2335e0e067bff8b630,436_62184_122673,baseballbat,book,0.3617841601371765,False,0.0022368801292032003,0.0015028399648144841,0.18390914797782898,0.02693306840956211,0.3617841601371765,0.001385315670631826,0.0005315846065059304,0.010777288116514683,0.0032853789161890745,0.21886935830116272,0.028901048004627228,0.008213180117309093,0.0020924885757267475,0.0077765085734426975,0.001249659457243979,0.0014663055771961808,0.0015240180073305964,0.004893454723060131,0.0010911815334111452,0.0016862080665305257,0.0042120120488107204,0.0008373335585929453,0.09757505357265472,0.014350246638059616,0.002197130350396037,0.01071915403008461
window-ac260277c96210030123,74_6869_14767,baseballbat,baseballbat,0.9998390674591064,True,1.2336498684817343e-06,3.9449456380680203e-05,0.9998390674591064,2.7339772259438178e-06,6.471684628195362e-06,4.367000201455085e-06,8.777445827945485e-07,2.4201432097470388e-05,9.433975378669857e-07,1.7674396076472476e-05,2.15110094359261e-06,3.256377794969012e-06,1.234452497556049e-06,4.34292815043591e-06,2.3578404579893686e-06,9.60473471423029e-07,7.578156555609894e-07,4.0630570765642915e-06,1.7873895785669447e-06,2.392866008449346e-06,6.553336788783781e-06,1.848877582233399e-05,9.590644367563073e-06,7.749378596599854e-07,1.5333736200773274e-06,2.6351542601332767e-06
window-df21bbf850e86afb8734,74_6869_14767,baseballbat,baseballbat,0.9999005794525146,True,2.3600946974511317e-07,3.86598585464526e-05,0.9999005794525146,3.642593924269022e-07,2.1399935121735325e-06,1.4388820090971421e-06,1.3581167479514988e-07,2.2761862055631354e-05,5.246395176072838e-07,1.9780025013460545e-06,2.3357720237981994e-06,2.2535941752721556e-06,7.639089858457737e-07,3.29878571392328e-06,7.214654260678799e-07,3.639961789758672e-07,4.5327104203352064e-07,2.539669594625593e-06,1.991608314710902e-06,7.636649570486043e-07,2.191960220443434e-06,4.720968263427494e-06,5.338050414138706e-06,8.963921231952554e-07,9.090176718018483e-07,1.4724575976288179e-06
window-7598ddaed8c02e62fe6c,74_6869_14767,baseballbat,baseballbat,0.9998476505279541,True,7.416324478981551e-07,5.5668948334641755e-05,0.9998476505279541,1.3275963510750444e-06,8.092800271697342e-06,5.739093012380181e-06,6.8884060056007e-07,7.688695404794998e-06,1.1254234095758875e-06,7.2420421020069625e-06,3.2100560929393396e-06,2.0957813831046224e-06,1.9483495634631254e-06,1.4448875162997865e-06,2.089901272483985e-06,6.698940637761552e-07,8.017544246285979e-07,5.0683797780948225e-06,2.180770934501197e-06,2.404354063401115e-06,8.176397386705503e-06,1.9328326743561774e-05,8.458992851956282e-06,1.0465158766237437e-06,1.4968520645197714e-06,3.6716742215503473e-06
window-721bff73a50512dee089,74_6869_14767,baseballbat,baseballbat,0.9999223947525024,True,8.081477744781296e-07,2.118397424055729e-05,0.9999223947525024,3.500135790091008e-07,3.4849792882596375e-06,1.4088877833273727e-06,1.669191647124535e-07,1.3754603060078807e-05,1.0440489859320223e-06,1.998110519707552e-06,2.58670911534864e-06,1.8397295207250863e-06,3.999122384357179e-07,2.6846419132198207e-06,5.947751446910843e-07,5.130407885189925e-07,3.802638559591287e-07,2.3381364826491335e-06,5.258306146060931e-07,1.6107780993479537e-06,4.685774456447689e-06,5.462595709104789e-06,5.079244601802202e-06,2.3453016240182478e-07,1.477746877753816e-06,2.9895641091570724e-06
window-2df8d78d0afe554f0f09,206_21812_45932,bench,bench,0.9924558401107788,True,0.00012074390542693436,1.4268598533817567e-05,5.729392341891071e-06,0.9924558401107788,0.00013508845586329699,9.909500658977777e-05,2.2634743800153956e-05,2.0145796952419914e-05,0.006241469644010067,1.982054891414009e-05,2.1752159227617085e-05,4.315162732382305e-05,0.00012656084436457604,0.0001610897743375972,2.4031085558817722e-05,1.786848770279903e-05,0.00010121584637090564,0.00010229211329715326,3.5236331314081326e-05,3.1091447453945875e-05,2.6746149160317145e-05,2.9355489459703676e-05,1.482258358009858e-05,3.5176701203454286e-05,3.084572381339967e-05,6.370565097313374e-05
window-bc974326f13890abc2cd,206_21812_45932,bench,bench,0.9368402361869812,True,0.002311257179826498,0.0018435756210237741,0.0004760957381222397,0.9368402361869812,0.003218656638637185,0.0014378272462636232,0.0002900168765336275,0.0009926946368068457,0.028861146420240402,0.0004175163630861789,0.0009011956863105297,0.0031066976953297853,0.0007601515389978886,0.0009176338207907975,0.000585224770475179,0.00024668261175975204,0.003729102201759815,0.0022470830008387566,0.0002704690850805491,0.005568289197981358,0.0005214268458075821,0.00018738384824246168,0.000203957999474369,0.00087265286128968,0.000989997759461403,0.0022031792905181646
window-3debc719bd916cb4a3d5,206_21812_45932,bench,bench,0.6341224908828735,True,0.0001996216014958918,0.00029845978133380413,3.650749567896128e-05,0.6341224908828735,0.0003598023613449186,0.0009495907579548657,0.0001437873870600015,3.910423765773885e-05,0.3601416051387787,0.0002181098680011928,0.00010607922013150528,0.0001867499086074531,0.00011644425103440881,0.0005565396277233958,0.00017933854542206973,6.859742279630154e-05,0.0007514625322073698,0.00025524626835249364,0.00017519688117317855,0.00018160557374358177,0.00018200627528131008,0.00021347023721318692,5.981176582281478e-05,0.0001671163336141035,0.000166795973200351,0.00012458936544135213
window-ef36ff4fce9047715189,206_21812_45932,bench,bench,0.9979122281074524,True,7.135994383133948e-05,5.055303518020082e-06,1.1430555787228514e-05,0.9979122281074524,1.0846328223124146e-05,2.6586572857922874e-05,5.389087618823396e-06,1.751880336087197e-05,0.0015429359627887607,1.4982955690356903e-05,3.3023829928424675e-06,7.935539542813785e-06,7.265672320500016e-05,4.111498856218532e-05,1.398256154061528e-05,4.386217369756196e-06,6.967645458644256e-05,1.640188020246569e-05,1.561084900458809e-05,1.0292293154634535e-05,4.605123649525922e-06,8.745309060032014e-06,1.2423131920513697e-05,4.109754445380531e-05,4.609990355675109e-05,1.315420558967162e-05
window-1cf0937527cf1bb5b7b3,421_58394_112538,bench,bench,0.926856279373169,True,0.0008109390619210899,0.0015481730224564672,0.0005360959330573678,0.926856279373169,0.0005579889984801412,0.000172961808857508,0.0002460450050421059,0.0005135890678502619,0.033262938261032104,5.301124838297255e-05,0.0003653108433354646,0.0059434170834720135,0.0015967789804562926,0.00027556836721487343,0.001237113494426012,0.0002859116648323834,0.009267585352063179,0.002393234521150589,0.00015203985094558448,0.004001529887318611,0.000687353836838156,0.0004234599182382226,0.0003622566582635045,0.0034294810611754656,0.004343269392848015,0.0006776702939532697
window-cc832c8ab3321703c1be,421_58394_112538,bench,bench,0.998643696308136,True,6.87847432345734e-06,1.0300644134986214e-05,6.740471144439653e-05,0.998643696308136,0.0005480999243445694,7.423139777529286e-06,7.060804364300566e-06,1.0888376891671214e-05,2.3558493921882473e-05,1.1038479215130792e-06,4.508527581492672e-06,3.962401387980208e-05,0.00019989993597846478,7.69590405980125e-06,7.859413017285988e-06,1.1689279745041858e-05,0.00019263352442067116,1.2760408026224468e-05,4.4847467506770045e-05,2.1750198357040063e-05,8.071231604844797e-06,6.377244972100016e-06,2.3406937543768436e-06,1.4709539755131118e-05,9.007051266962662e-05,8.780712050793227e-06
window-b48e9cf8a1b9c17d8a9a,421_58394_112538,bench,bench,0.99727863073349,True,8.191579581762198e-06,1.5005162822490092e-05,5.443712325359229e-06,0.99727863073349,5.831954695167951e-05,6.7620608206198085e-06,3.946928245568415e-06,2.5277254280808847e-06,0.0019689365290105343,6.878236035845475e-06,9.337305527878925e-06,2.134733040293213e-05,3.0987812351668254e-05,1.8413558791507967e-05,6.225410288607236e-06,3.2091757020680234e-06,6.543737254105508e-05,5.104032425151672e-06,0.00010355093399994075,3.2238673156825826e-05,1.1304499821562786e-05,4.816507134819403e-05,6.162519184726989e-06,6.725261300744023e-06,0.00025712340720929205,1.997978142753709e-05
window-d5270078e520aaa32eb0,421_58394_112538,bench,bench,0.9989200830459595,True,1.0616490726533812e-05,2.0417677660589106e-05,4.828075543628074e-05,0.9989200830459595,0.0001739995350362733,1.3276639037940186e-05,1.4429491784540005e-05,4.178468316240469e-06,2.4607832529000007e-05,2.193407908634981e-06,8.806769983493723e-06,2.3745013095322065e-05,0.00011177668056916445,9.929017323884182e-06,4.469783561944496e-06,5.100312591821421e-06,0.00030316467746160924,6.839704838057514e-06,4.7577585064573213e-05,1.2374715879559517e-05,1.0093901437358e-05,7.691846803936642e-06,1.8979594642587472e-06,1.243763563252287e-05,0.00019943724328186363,2.6771772354550194e-06
window-40f48a83af006b93911c,429_60409_117276,bench,bench,0.9993929862976074,True,4.644159162126016e-06,3.7472495932888705e-06,4.498501311900327e-06,0.9993929862976074,0.0003046361671295017,1.9379436707822606e-05,2.6770987915369915e-06,2.2362878553394694e-06,0.00016914728621486574,8.629765034129377e-06,1.20484844501334e-06,1.053616597346263e-05,4.879599600826623e-06,4.330202955316054e-06,1.3219037100498099e-06,3.642337105702609e-06,8.599646207585465e-06,2.297526407346595e-06,1.4121526874077972e-05,7.766502676531672e-06,9.89286581898341e-06,1.6440942545159487e-06,4.050634288432775e-06,3.8838352338643745e-06,7.37051914256881e-06,1.8610032839205815e-06
window-8d5daff682378519ac47,429_60409_117276,bench,bench,0.9985790252685547,True,9.988812053052243e-06,3.228097057217383e-06,7.058034157125803e-07,0.9985790252685547,0.00018368620658293366,5.335796686267713e-06,1.1949663530685939e-05,6.099043275753502e-06,0.001043897122144699,2.4432611098745838e-05,2.4206976831919746e-06,9.388768376084045e-06,8.0477893789066e-06,6.004285751259886e-06,6.684691470582038e-06,5.311285349307582e-06,7.505715529987356e-06,4.2174619920842815e-06,1.3944762031314895e-05,1.976542262127623e-05,1.7871479940367863e-05,1.582092863827711e-06,3.2120915420819074e-06,8.346586582774762e-06,1.0827234291355126e-05,6.560895599250216e-06
window-725594b59f02fbbc47a2,429_60409_117276,bench,bench,0.9998303651809692,True,1.7000849766191095e-05,2.2439976419263985e-06,2.540314881116501e-06,0.9998303651809692,1.2525159945653286e-05,1.445012185286032e-05,4.944925422023516e-06,8.361369623344217e-07,1.4403068234969396e-05,2.0333570773800602e-06,2.2740962322131963e-06,1.704556666481949e-06,2.218314511992503e-05,2.043744416369009e-06,8.608280950284097e-07,8.42004851620004e-07,6.001253041176824e-06,2.6645971047400963e-06,4.440078100742539e-06,2.1362056941143237e-06,2.0213060452078935e-06,1.6883200260053854e-06,1.8461789750290336e-06,6.064828994567506e-06,4.130322122364305e-05,6.474742235695885e-07
window-8640de36be7c6dec1fb0,429_60409_117276,bench,bench,0.9056265950202942,True,0.00027485002647154033,3.9026137528708205e-05,4.100331352674402e-05,0.9056265950202942,0.00031266736914403737,0.0008413073956035078,1.9643272025859915e-05,3.692405152833089e-05,0.09036660194396973,0.0001585688878549263,2.670817411853932e-05,0.00010402871703263372,0.0002455757057759911,0.00011220897431485355,9.562220657244325e-05,1.8821463527274318e-05,0.0003781426639761776,0.0001650125050218776,0.00015731854364275932,7.294777606148273e-05,8.131055074045435e-05,0.0001448248658562079,8.062416600296274e-05,0.0001514106843387708,0.0004394585848785937,8.657042599224951e-06
window-80cfd424c9df37bd6ee3,437_62527_123384,bench,bench,0.694248378276825,True,0.0034665686544030905,0.03310633823275566,0.0035284184850752354,0.694248378276825,0.05230516567826271,0.0024399745743721724,0.0005714645376428962,0.008246290497481823,0.11815857142210007,0.006700223311781883,0.0024091354571282864,0.007540487684309483,0.0002734262961894274,0.014660616405308247,0.020099572837352753,0.006438910495489836,0.00022203488333616406,0.0047149378806352615,0.0036418286617845297,0.00020280909666325897,0.0011014348128810525,0.0022388501092791557,0.0033606956712901592,0.0010109246941283345,0.001012123771943152,0.008300823159515858
window-bce0b3e4e74ef094e059,437_62527_123384,bench,bench,0.5524887442588806,True,0.0018077929271385074,0.010568992234766483,0.0028902986086905003,0.5524887442588806,0.05698768422007561,0.0028464060742408037,0.0006384868174791336,0.005589836742728949,0.2758329212665558,0.012837816961109638,0.002201993018388748,0.018075719475746155,0.00021620556071866304,0.010328625328838825,0.012483322061598301,0.010025017894804478,0.0005847301217727363,0.006311674136668444,0.0035241348668932915,0.00012236356269568205,0.0013961524236947298,0.002007171045988798,0.001379127032123506,0.0017269422532990575,0.0012142111081629992,0.005913646891713142
window-08a7237bc824a262f34d,437_62527_123384,bench,bench,0.9717028737068176,True,0.0004940025391988456,0.0013426049845293164,0.00035008598933927715,0.9717028737068176,0.005128697492182255,0.00018245508545078337,4.7782905312487856e-05,0.0006128712557256222,0.010009873658418655,0.0005703927599824965,0.00021351411123760045,0.0015519920270889997,3.903275865013711e-05,0.0011816151672974229,0.002047261456027627,0.001055072178132832,9.824126755120233e-05,0.0003640804497990757,0.0009033074020408094,5.066411540610716e-05,0.0002974017115775496,0.00022945967793930322,0.0004961008671671152,0.00026315735885873437,0.0001667155884206295,0.0006007482297718525
window-f93668c01f871e316bca,437_62527_123384,bench,bench,0.4434586763381958,True,0.004208569880574942,0.1477973908185959,0.009859246201813221,0.4434586763381958,0.007201123982667923,0.00312690413556993,0.014380020089447498,0.004297582898288965,0.07121382653713226,0.010251623578369617,0.0035069379955530167,0.016235390678048134,0.004287160933017731,0.0021854033693671227,0.13239917159080505,0.004173364490270615,0.0030301734805107117,0.034496452659368515,0.012402682565152645,0.00044313541729934514,0.00809731800109148,0.025025086477398872,0.005801781080663204,0.016970789059996605,0.004330640658736229,0.010819585993885994
window-f4df28dbc88245119422,471_66547_130935,bench,bench,0.9936129450798035,True,0.00017054691852536052,4.5793385652359575e-05,7.219241524580866e-05,0.9936129450798035,0.0025128962006419897,1.4068604286876507e-05,6.883703463245183e-05,1.5608626199536957e-05,0.00025052018463611603,1.7991736967815086e-05,1.305637852055952e-05,0.0002687415399122983,0.00019762235751841217,2.6736146537587047e-05,5.6198103266069666e-05,7.84039730206132e-05,0.0009661205695010722,3.434358222875744e-05,0.00014201932935975492,0.0002420082309981808,2.8471664336393587e-05,4.6043915062909946e-05,5.409045843407512e-05,8.34131715237163e-05,0.0009222115040756762,5.914569192100316e-05
window-bf7c326bb93de2fcc4fe,471_66547_130935,bench,bench,0.9725595116615295,True,0.00010279163689119741,4.552767859422602e-05,0.00011529113544384018,0.9725595116615295,0.005979953799396753,0.0001743131724651903,0.0004496320616453886,4.288840136723593e-05,0.0027418932877480984,9.716444037621841e-05,0.00041315643466077745,0.002156095579266548,0.001979745691642165,0.0002746987738646567,0.00058025709586218,0.00114789220970124,0.0037178106140345335,0.0006278492510318756,0.0030424469150602818,0.0008165403851307929,0.00010624581773299724,0.0002732080174610019,0.0004016872844658792,0.0008085111039690673,0.0009552572737447917,0.000389647000702098
window-a5b7912db7e94bfd224f,471_66547_130935,bench,bench,0.9758692383766174,True,0.0005844366969540715,0.00013491134450305253,0.00032834240118972957,0.9758692383766174,0.00487890187650919,7.537912460975349e-05,0.0002913745993282646,0.00014386871771421283,0.0006809819606132805,3.851057408610359e-05,0.00010596930223982781,0.001173950731754303,0.0006784535362385213,0.00012308561417739838,0.0003020155127160251,0.00013881422637496144,0.009405359625816345,0.00018507106869947165,0.000624714361038059,0.0013026698725298047,7.19840099918656e-05,0.00020786619279533625,0.00040946470107883215,0.00015759111556690186,0.001580511569045484,0.0005064067663624883
window-9524d443d1650d32ea07,471_66547_130935,bench,bench,0.9989286065101624,True,1.6156949641299434e-05,8.032140613067895e-06,5.881238848814974e-06,0.9989286065101624,0.00020653991668950766,4.880505002802238e-06,2.4203112843679264e-05,4.4426997192204e-06,5.4618914873572066e-05,5.41619101568358e-06,2.3348738977801986e-05,7.467685645679012e-05,9.02787214727141e-05,8.655618330521975e-06,2.1770309103885666e-05,4.297497434890829e-05,0.00018716124759521335,1.3487309843185358e-05,4.948262358084321e-05,2.4058475901256315e-05,8.346817594429012e-06,2.208875594078563e-05,5.3446428864845075e-06,3.877078415825963e-05,0.00011941500997636467,1.1337173418723978e-05
window-7b016325495ec0556781,503_72336_140773,bench,bench,0.7885736227035522,True,0.0009731275495141745,0.002235882682725787,0.0010931654833257198,0.7885736227035522,0.00831708312034607,0.0006707079010084271,0.0067741102539002895,0.0006520402966998518,0.020738227292895317,0.0009216031758114696,0.06842020153999329,0.0031381892040371895,0.004411100875586271,0.012846331112086773,0.02042137086391449,0.0003650565049611032,0.0010570550803095102,0.008236660622060299,0.002707707928493619,0.008632618002593517,0.0018487728666514158,0.004737017676234245,0.0011435000924393535,0.003700971370562911,0.002747333375737071,0.024636685848236084
window-16f1aeb2f686b6c5797c,503_72336_140773,bench,handbag,0.3937111496925354,False,0.0030370340682566166,0.005093484651297331,0.016158858314156532,0.0645928606390953,0.06321784108877182,0.0005147731280885637,0.022589558735489845,0.014033162035048008,0.03145948424935341,0.0036685438826680183,0.03018251806497574,0.3937111496925354,0.00153821287676692,0.015832360833883286,0.07722951471805573,0.12461887300014496,0.0029384014196693897,0.011619223281741142,0.003469291841611266,0.0024753462057560682,0.006349998526275158,0.00157656439114362,0.008394906297326088,0.08384772390127182,0.00266565871424973,0.009184644557535648
window-bcb299452dfb8b94b16c,503_72336_140773,bench,bench,0.5516504049301147,True,0.0036427245941013098,0.0007758353021927178,0.009459670633077621,0.5516504049301147,0.012628920376300812,0.004204875323921442,0.012882547453045845,0.0021481758449226618,0.041740331798791885,0.0033820553217083216,0.09797371923923492,0.00926603190600872,0.011763062328100204,0.030552444979548454,0.041526343673467636,0.0019149751169607043,0.004026299342513084,0.019428499042987823,0.004763330332934856,0.030094711109995842,0.004908998031169176,0.007276838645339012,0.008295267820358276,0.004051833879202604,0.0038770074024796486,0.0777650699019432
window-128d8d167042a08a13fe,503_72336_140773,bench,bench,0.5093847513198853,True,0.004756940994411707,0.002006153343245387,0.002153234090656042,0.5093847513198853,0.01525786705315113,0.002275333274155855,0.03140444681048393,0.0013300570426508784,0.05718076974153519,0.00153536896687001,0.08804908394813538,0.0022519754711538553,0.004712197929620743,0.02250744216144085,0.08811318129301071,0.00042193426634185016,0.003220385406166315,0.04068901389837265,0.010898304171860218,0.03385318070650101,0.0034301932901144028,0.00565866706892848,0.0051017203368246555,0.0038685405161231756,0.005095081403851509,0.05484408512711525
window-809d663919d3f7e6a6a5,519_74529_145173,bench,hydrant,0.23584794998168945,False,0.006406215485185385,0.001567467930726707,0.009179623797535896,0.14624467492103577,0.00570116238668561,0.005085155833512545,0.04121525213122368,0.0018707136623561382,0.0057967896573245525,0.03737063705921173,0.0025177323259413242,0.06128165125846863,0.23584794998168945,0.008792207576334476,0.04729072004556656,0.18989303708076477,0.0172171238809824,0.005932800937443972,0.026460669934749603,0.016639456152915955,0.005646009463816881,0.003977657295763493,0.019049422815442085,0.0770648941397667,0.004739651456475258,0.017211278900504112
window-af336489cddeae681c7c,519_74529_145173,bench,bench,0.35678550601005554,True,0.0037066135555505753,0.0010278302943333983,0.01116928830742836,0.35678550601005554,0.013008465990424156,0.015522168949246407,0.012487141415476799,0.00793471746146679,0.004327921196818352,0.03304404392838478,0.0022150271106511354,0.046642452478408813,0.06160914897918701,0.002577810548245907,0.01539620477706194,0.32021933794021606,0.009605453349649906,0.00522617856040597,0.006907489150762558,0.019678819924592972,0.0008823323878459632,0.009505253285169601,0.0027774611953645945,0.018940256908535957,0.0029723942279815674,0.01583080179989338
window-5c4e846aceeaa8e5bc49,519_74529_145173,bench,mouse,0.27863094210624695,False,0.004071341827511787,0.0032746943179517984,0.009435315616428852,0.1441625952720642,0.020339250564575195,0.009006165899336338,0.005272442940622568,0.004532847087830305,0.013184431940317154,0.034090522676706314,0.005346984602510929,0.13806132972240448,0.0872715413570404,0.010736190713942051,0.0443088561296463,0.27863094210624695,0.04419466480612755,0.0037317078094929457,0.034824565052986145,0.0174032561480999,0.002591990167275071,0.017160598188638687,0.004357007797807455,0.0468367300927639,0.004831171594560146,0.012342872098088264
window-7cb704e5b32dc752c6f8,519_74529_145173,bench,handbag,0.1388814002275467,False,0.006492914166301489,0.004145103506743908,0.020016565918922424,0.1323358118534088,0.020284267142415047,0.01848972588777542,0.03355984389781952,0.008332980796694756,0.023702876642346382,0.1301722526550293,0.0014330773847177625,0.1388814002275467,0.1322631537914276,0.00385710084810853,0.017848802730441093,0.06589788943529129,0.04843033477663994,0.02089705877006054,0.009239720180630684,0.058537378907203674,0.002864544279873371,0.034878216683864594,0.013856345787644386,0.034640394151210785,0.0068832640536129475,0.012059066444635391
window-87b77ca360831103ba06,580_86066_169648,bench,cup,0.8136647939682007,False,0.0014699453022331,0.0010172148467972875,0.0008833793108351529,0.04190623760223389,0.0006086421199142933,0.06639071553945541,0.0032366891391575336,0.0012003100709989667,0.003466599155217409,0.8136647939682007,0.002324736909940839,0.00044807288213633,0.000586654816288501,0.0003927294455934316,0.02545556239783764,0.0004525334807112813,0.0029948570299893618,0.000614553689956665,0.008820930495858192,0.0036984619218856096,0.0020456318743526936,0.0017575920792296529,0.004049926530569792,0.0015777733642607927,0.00027795357163995504,0.010657488368451595
window-aa1b4fdc5be6de01bdaa,580_86066_169648,bench,cup,0.9330129027366638,False,0.0005362194497138262,0.0005079235415905714,0.00041169163887389004,0.017689678817987442,0.00035746837966144085,0.018736910074949265,0.0005562346777878702,0.000481123075587675,0.0014280746690928936,0.9330129027366638,0.0008353739976882935,0.0002706533996388316,0.00015026782057248056,0.00021809402096550912,0.00364744127728045,8.955598605098203e-05,0.0030542013701051474,0.0005673071718774736,0.005145225208252668,0.004028738476336002,0.0006429321365430951,0.00044554617488756776,0.004033535718917847,0.0011710399994626641,0.00014792657748330384,0.0018338040681555867
window-40e207d7eeec4c41b28a,580_86066_169648,bench,cup,0.45458757877349854,False,0.0049698627553880215,0.015550044365227222,0.004948105663061142,0.06889838725328445,0.0025925380177795887,0.299221009016037,0.005471851676702499,0.0033030689228326082,0.002360846847295761,0.45458757877349854,0.011594122275710106,0.0012664105743169785,0.0006261180387809873,0.0006468923529610038,0.019503729417920113,0.0018578823655843735,0.01228965912014246,0.0018790799658745527,0.03279963508248329,0.011521951295435429,0.006258497480303049,0.0055857556872069836,0.006782290525734425,0.004662720486521721,0.0005441432003863156,0.020277827978134155
window-362f6f76a3b3360f4c0b,599_92255_182422,bench,bench,0.9984831213951111,True,0.00010799913434311748,1.4183450730342884e-05,2.5525438104523346e-05,0.9984831213951111,1.4419520994124468e-05,4.9626021791482344e-05,5.020623120799428e-06,3.807969960689661e-06,5.0919763452839106e-05,1.6453355783596635e-05,5.21921310792095e-06,5.499859071278479e-06,0.0002196965360781178,9.272346687794197e-06,7.81352173362393e-06,6.821089300501626e-06,0.0004916046163998544,3.476362689980306e-05,4.179914321866818e-05,1.7405840480932966e-05,9.616664101486094e-06,3.984377326560207e-05,8.082464773906395e-06,3.461667074589059e-05,0.0002868642332032323,1.0122621461050585e-05
window-4646fe243b6d29b515d3,599_92255_182422,bench,bench,0.9979372024536133,True,0.0001722569577395916,2.4673223379068077e-05,1.1482193258416373e-05,0.9979372024536133,2.905669498431962e-05,0.00014773850853089243,1.0111222763953265e-05,9.594398761691991e-06,0.00018482236191630363,5.1394094043644145e-05,8.74459419719642e-06,4.290985089028254e-05,6.695738557027653e-05,4.188597813481465e-06,1.5007972251623869e-05,9.143583156401291e-06,0.0002419248194200918,0.0001441248314222321,0.00015032618830446154,1.43059096444631e-05,1.7243308320757933e-05,2.4813838535919785e-05,1.750468072714284e-05,3.9459486288251355e-05,0.0005935170920565724,3.1516752642346546e-05
window-02becb314f5058d3add7,599_92255_182422,bench,bench,0.9982256293296814,True,0.00013964036770630628,2.8576519980560988e-05,1.5887688277871348e-05,0.9982256293296814,3.3571010135347024e-05,3.583645593607798e-05,5.4020711104385555e-06,4.515976343100192e-06,0.00032673453097231686,1.1573275514820125e-05,6.431504516513087e-06,9.839240192377474e-06,0.00015202030772343278,1.354312917101197e-05,1.0246199053653982e-05,7.3763162617979106e-06,0.00035872243461199105,4.590411845128983e-05,0.0001095839761546813,1.7470041711931117e-05,1.611043444427196e-05,3.416829713387415e-05,1.7066522559616715e-05,3.228778950870037e-05,0.0003304100828245282,1.140319636760978e-05
window-399730f4cd09c7df432a,599_92255_182422,bench,bench,0.9983289837837219,True,0.00011067779269069433,2.9132515919627622e-05,1.4824265235802159e-05,0.9983289837837219,1.5289981092792004e-05,2.5826722776400857e-05,6.788040082028601e-06,2.567873707448598e-06,6.40537473373115e-05,5.591144145000726e-06,6.297230356722139e-06,7.278115845110733e-06,0.0001719694846542552,7.561383881693473e-06,6.226608547876822e-06,6.650617706327466e-06,0.000539624597877264,2.3209395294543356e-05,7.96382810221985e-05,2.387610948062502e-05,7.40939367460669e-06,2.7941301596001722e-05,1.0266842764394823e-05,4.343469481682405e-05,0.0004250588535796851,9.817640602705069e-06
window-f674723f7d320ec32172,457_64633_127319,book,book,0.9998481273651123,True,1.146747399616288e-05,3.40335100190714e-06,1.4551469575962983e-05,2.4368358936044388e-05,0.9998481273651123,2.2862489004182862e-06,1.1316295740471105e-06,1.1120987437607255e-05,3.0888210744706157e-07,1.7999160263570957e-05,8.17378986539552e-06,2.423968680886901e-06,3.408923703318578e-07,1.0720181307988241e-05,2.481138835719321e-06,9.145755029749125e-06,1.192513309433707e-06,9.479080631535908e-07,6.0158458836667705e-06,5.085002612759126e-06,2.1735795598942786e-06,4.190732738607039e-07,7.82769620855106e-06,2.899284936574986e-06,1.9867916307703126e-06,3.45038188243052e-06
window-5279048c8aaef2af933a,457_64633_127319,book,book,0.9997163414955139,True,6.158505584608065e-06,2.0541169760690536e-06,3.1443173611478414e-06,5.6160106396419e-06,0.9997163414955139,1.983553829632001e-06,2.846250936272554e-06,1.2827988030039705e-05,5.284194912746898e-07,1.9851406250381842e-05,7.996040039870422e-06,1.3637492884299718e-05,5.522257993106905e-07,0.00012397821410559118,2.1255923456919845e-06,2.2580716176889837e-05,7.695119279560458e-07,1.8326845747651532e-06,1.7396469047525898e-05,2.426227410978754e-06,5.668046014761785e-06,1.2646023606066592e-06,1.718402563710697e-05,3.911718522431329e-06,2.1593332348857075e-06,5.1049287321802694e-06
window-4e9c5fc4de8fd160408f,457_64633_127319,book,book,0.9976118803024292,True,0.0001116076236939989,6.967123044887558e-05,7.045135862426832e-05,0.00019541550136636943,0.9976118803024292,5.33085512870457e-05,7.128909055609256e-05,2.9033346436335705e-05,1.7975935406866483e-05,0.00037320092087611556,6.964777276152745e-05,5.0754908443195745e-05,3.6402727801032597e-06,0.00023238144058268517,2.199479058617726e-05,0.00019070801499765366,1.352160415990511e-05,4.439694021129981e-05,0.0001993767509702593,4.744129182654433e-05,3.01764903269941e-05,4.3020386328862514e-06,0.0002811429731082171,0.00012774733477272093,2.586345908639487e-05,5.303265425027348e-05
window-8f9dcbd84a05b8ca8a58,457_64633_127319,book,book,0.9861457943916321,True,0.0003478194703347981,9.550251706968993e-05,0.00017330568516626954,0.0002248479431727901,0.9861457943916321,0.00025842105969786644,0.00039576823473908007,0.0009712051250971854,0.00031788001069799066,0.0003070052480325103,4.926678957417607e-05,0.0020044492557644844,7.435410952894017e-05,0.0032359659671783447,0.0001400307664880529,0.00027355889324098825,0.00016257009701803327,0.0008370311697944999,0.000400239514419809,0.0015843953005969524,0.0004782700852956623,4.301098670111969e-05,0.0010086297988891602,0.00029384688241407275,0.00010957785707432777,6.727103755110875e-05
window-8634b50a2f76eb766b8e,463_65654_128621,book,book,0.9999489784240723,True,2.8791619115509093e-06,3.698413877373241e-07,1.055237135005882e-06,4.897269263892667e-06,0.9999489784240723,1.842976303123578e-06,3.0052083275222685e-06,1.2185499826955493e-06,2.0713996207177843e-07,7.768600880808663e-06,3.6194528547639493e-06,7.929407388473919e-07,5.526909490072285e-07,5.596724804490805e-06,3.7569116102531552e-06,1.056447558767104e-06,5.551643198487e-07,2.076889813906746e-06,3.24615280078433e-06,6.383123150044412e-07,1.1929737411264796e-06,6.76368244967307e-07,5.152687663212419e-07,2.3205147670068982e-07,4.822210257771076e-07,2.778406496872776e-06
window-942bdc80416b9c1851ad,463_65654_128621,book,book,0.9998952150344849,True,5.321254320733715e-06,1.1320111070745043e-06,1.056272822097526e-06,2.4732350993872387e-06,0.9998952150344849,3.932611434720457e-06,3.741189402717282e-06,5.424938535725232e-06,8.227014518524811e-07,9.02408100955654e-06,1.1511065167724155e-05,2.95535414807091e-07,1.5117486782401102e-06,2.464714998495765e-05,8.020063432923052e-06,1.1354557045706315e-06,2.7832240903080674e-06,8.02024715085281e-06,4.7751345846336335e-06,1.7381960333295865e-06,1.1840722891065525e-06,1.3515748378267745e-06,7.781562771924655e-07,1.1655215530481655e-06,1.01261684903875e-06,1.9082738162978785e-06
window-dbfdf4087cd4ff38683a,463_65654_128621,book,book,0.9999231100082397,True,9.273696264244791e-07,1.779458074224749e-07,1.7372925867675804e-05,2.1691998597361817e-07,0.9999231100082397,6.694157832498604e-07,5.8621180869522505e-06,1.2509125326687354e-06,4.947532943333499e-07,8.247283744822198e-07,2.2565998278878396e-06,7.709177225478925e-07,1.788102508726297e-06,2.504525036783889e-05,2.885780986616737e-06,1.8430129102853243e-06,4.814207841263851e-06,2.0404729639267316e-06,1.3842656017004629e-06,1.527535573586647e-06,2.583231264452479e-07,7.878601877564506e-07,2.605964709800901e-06,3.3233465046578203e-07,2.0791436838862865e-07,4.925143457512604e-07
window-bab7381039de346c6909,463_65654_128621,book,book,0.9998966455459595,True,3.3130515930679394e-06,1.1580145837797318e-06,2.452248736517504e-06,3.135244924123981e-06,0.9998966455459595,8.610949407739099e-06,6.570361165358918e-06,2.7042221972806146e-06,5.765049877481943e-07,1.613757194718346e-05,9.522231266601011e-06,1.4556193264070316e-06,8.909782991395332e-07,1.4453518815571442e-05,6.372993539116578e-06,1.5338391676777974e-06,9.579425750416704e-07,7.5569882937998045e-06,5.150829110789346e-06,1.673331780693843e-06,1.4464212654274888e-06,7.202883693935291e-07,1.1926406386919552e-06,9.246860486200603e-07,1.786773168532818e-06,3.1527672490483383e-06
window-55815bacd36203a91743,517_74144_144536,book,book,0.9995656609535217,True,8.006417374417651e-06,7.072440439515049e-06,1.4228160580387339e-05,4.8518348194193095e-05,0.9995656609535217,2.05720084522909e-06,2.1351738723751623e-06,3.6530764191411436e-06,1.1287455890851561e-05,2.7761921046476346e-06,1.1278330930508673e-05,3.321331678307615e-05,1.232715840160381e-05,6.0224541812203825e-05,8.386065746890381e-05,7.2039715632854495e-06,1.0333581485610921e-05,2.216253415099345e-05,3.2994769298966276e-06,5.391804370447062e-05,1.7028675074470812e-06,3.6614228520193137e-06,5.38271842742688e-06,2.565169324952876e-06,1.554405753267929e-05,7.988630386535078e-06
window-dd4285067a521ebf7a92,517_74144_144536,book,book,0.9968072175979614,True,0.0001597819646121934,7.543536048615351e-05,3.2583971915300936e-05,0.0003640852519311011,0.9968072175979614,1.539826007501688e-05,5.952995820734941e-07,5.7124132581520826e-05,8.557745786674786e-06,0.000316518300678581,1.8296159396413714e-05,0.0003163936489727348,7.063797966111451e-05,0.0011547302128747106,0.0002111172507284209,2.652640250744298e-05,3.0036071620997973e-06,0.0001788181543815881,3.227184424758889e-05,3.239227953599766e-05,2.1055817342130467e-05,5.940844857832417e-06,2.015049358305987e-05,2.1373920390033163e-05,2.7051704819314182e-05,2.293786747031845e-05
window-365e2730151e40c0c72b,517_74144_144536,book,book,0.9998998641967773,True,1.277490582651808e-06,1.3794734741168213e-06,2.7354160465620225e-06,5.647733814839739e-06,0.9998998641967773,1.0709551361287595e-06,1.442894017600338e-07,1.2955604233866325e-06,1.1619265478657326e-06,1.2923342183057684e-05,1.0665681884347578e-06,7.544102118117735e-06,8.665574569022283e-07,3.776172161451541e-05,7.377499969152268e-06,1.3328594832273666e-06,4.047692243602796e-07,2.7902453894057544e-06,3.314440164103871e-06,3.7392342164821457e-06,3.238073418287968e-07,1.167699679172074e-06,2.1475339053722564e-06,8.634524419903755e-07,7.26827408925601e-07,1.0666282150850748e-06
window-34dc1f36211d5765c8e2,517_74144_144536,book,book,0.9995667338371277,True,2.923172132796026e-06,4.69827682536561e-06,1.7576943719177507e-05,4.447270111995749e-05,0.9995667338371277,2.039288574451348e-06,2.2186379737831885e-06,2.143140363841667e-06,1.5272438758984208e-05,2.2356209683493944e-06,9.129265890805982e-06,1.6218447854043916e-05,7.327970706683118e-06,5.022863842896186e-05,0.00011184050526935607,1.2912667443742976e-05,8.01841542852344e-06,2.6023555619758554e-05,3.2682512483006576e-06,5.7035445934161544e-05,1.078485865946277e-06,5.469997631735168e-06,5.627221071335953e-06,2.4727148684178246e-06,1.742077620292548e-05,5.681901711795945e-06
window-cba9165fe77381a82fc4,569_82799_163723,book,book,0.3963105082511902,True,0.014357217587530613,0.004705289378762245,0.007947023957967758,0.01991952583193779,0.3963105082511902,0.006031636148691177,0.04032626003026962,0.0035352827981114388,0.002208077348768711,0.008038429543375969,0.030090538784861565,0.023741310462355614,0.034897580742836,0.0443219318985939,0.002055853372439742,0.006293857470154762,0.01347404159605503,0.2577451467514038,0.002845659153535962,0.009791301563382149,0.0030988254584372044,0.005352848209440708,0.005303759127855301,0.038497600704431534,0.0011281197657808661,0.017982318997383118
window-ec49b07becf3ac407ebf,569_82799_163723,book,book,0.8582106828689575,True,0.005190989002585411,0.0010784449987113476,0.004011564422398806,0.001143283792771399,0.8582106828689575,0.001520275603979826,0.005055985413491726,0.0023885220289230347,0.0012276662746444345,0.002648723777383566,0.004173619206994772,0.0153423473238945,0.0018335252534598112,0.035947225987911224,0.0033240930642932653,0.0005773559678345919,0.0009402682771906257,0.035642899572849274,0.0006760109099559486,0.002449696883559227,0.0018875593086704612,0.0014000280061736703,0.0034405887126922607,0.00799656193703413,0.0005339795025065541,0.0013581098755821586
window-40130d43d49bd8b47ea7,569_82799_163723,book,book,0.7106143236160278,True,0.004986954852938652,0.0022130704019218683,0.01921946369111538,0.0025213256012648344,0.7106143236160278,0.008245039731264114,0.007093657273799181,0.0021393417846411467,0.000774756190367043,0.04959476366639137,0.012871876358985901,0.030358709394931793,0.0012206039391458035,0.06643866747617722,0.006145635154098272,0.003813037881627679,0.0007366103236563504,0.024191642180085182,0.0014004386030137539,0.0017370297573506832,0.002174295950680971,0.0007796138525009155,0.01318446546792984,0.01901974529027939,0.0007922585355117917,0.0077326479367911816
window-5282039d4c5ed4ebb3fd,569_82799_163723,book,book,0.9948220252990723,True,0.0003026399062946439,9.533964475849643e-05,9.56514777499251e-05,0.00026968252495862544,0.9948220252990723,0.00015935944975353777,0.00015650012937840074,0.0003838704724330455,2.2141322915558703e-05,0.0007859470206312835,0.00014030882448423654,0.0001494897878728807,0.00010206126898992807,0.00042581738671287894,0.00013273624063003808,6.187183316797018e-05,0.0001678282569628209,0.0009037739946506917,3.237262717448175e-05,0.00026565801817923784,4.503148011281155e-05,3.7787707697134465e-05,6.625906098634005e-05,0.00010388683585915715,6.422238220693544e-05,0.00020771987328771502
window-6eae3d21bfcb3d23f4bf,575_84776_167754,book,book,0.9898774027824402,True,0.00020200891594868153,0.00013359526928979903,0.00021029976778663695,8.012410398805514e-05,0.9898774027824402,2.3793625587131828e-05,0.0015139649622142315,0.0004455482412595302,6.57413766020909e-05,0.0007036901661194861,0.00034840789157897234,0.000918181671295315,2.9700368031626567e-05,0.0013157958164811134,0.00043754183570854366,0.0001513891911599785,4.322202585171908e-05,0.0001544133701827377,0.00016705525922589004,0.00010779881995404139,0.0005125277675688267,2.4575550924055278e-05,0.0004465389356482774,0.0014751028502359986,1.3877468518330716e-05,0.0005977380205877125
window-0f6270d82190b6bc546b,575_84776_167754,book,book,0.999015212059021,True,5.321085154719185e-06,1.3395334462984465e-05,7.80271875555627e-05,2.182297066610772e-06,0.999015212059021,1.793826754692418e-06,2.9803883080603555e-05,3.1983865483198315e-05,7.139587523852242e-06,6.53798779239878e-05,1.618544956727419e-05,5.67742099519819e-05,1.4994238881627098e-05,0.0002170750085497275,1.5841302229091525e-05,3.510962051223032e-05,3.264696351834573e-05,1.2516368769865949e-05,1.0738190212578047e-05,1.1139818525407463e-05,0.00010160778037970886,4.842367161472794e-06,0.00012049329961882904,8.12109065009281e-05,1.2705237395493896e-06,1.7354617739329115e-05
window-a15bf11a9416293d0098,575_84776_167754,book,book,0.9961729645729065,True,9.924518963089213e-05,7.404396455967799e-05,6.440509605454281e-05,7.217407983262092e-06,0.9961729645729065,2.3272052203537896e-05,0.00040787499165162444,0.00012411957141011953,5.5189088016049936e-05,0.0006744439015164971,8.917228115024045e-05,0.0002281591296195984,4.548419383354485e-05,0.0002925297012552619,7.12336041033268e-05,0.00010405162174720317,4.1561761463526636e-05,0.00010611356992740184,0.00021043073502369225,7.706494216108695e-05,0.0005512793431989849,1.3057675460004248e-05,3.831987123703584e-05,0.0003300839744042605,7.91866477811709e-06,9.092366963159293e-05
window-17eacce66909a15b8acb,575_84776_167754,book,book,0.9964150190353394,True,9.676579793449491e-06,3.573442518245429e-05,0.00021195333101786673,3.398691433176282e-06,0.9964150190353394,3.6501778595265932e-06,5.939252514508553e-05,0.00022476623416878283,2.8120453862356953e-05,0.0001926293334690854,3.225954424124211e-05,0.0006826425087638199,1.676419378782157e-05,0.000514287268742919,0.00013735648826695979,7.29693056200631e-05,0.0001529204164398834,0.00014653838297817856,2.7464933737064712e-05,2.8113858206779696e-05,0.00019133016758132726,1.2172192327852827e-05,0.00019798112043645233,0.0005009321612305939,3.641058356151916e-06,9.831575152929872e-05
window-d2a12a5cd988ce0636b6,589_88155_174470,book,book,0.9912524819374084,True,0.00018527334032114595,0.00018869525229092687,0.0003078402078244835,6.965919055801351e-06,0.9912524819374084,0.00011156508844578639,0.001857382827438414,9.919569129124284e-05,0.00012029987556161359,0.0017990682972595096,0.00022841361351311207,7.112145976861939e-05,3.108373493887484e-05,0.000653478316962719,0.00019412556139286608,5.609058644040488e-05,2.3540962502011098e-05,0.0003603185759857297,0.00024601558106951416,3.9803322579246014e-05,0.00038979706005193293,4.120561425224878e-05,6.364400178426877e-05,0.001428756513632834,4.7068340791156515e-05,0.00019680647528730333
window-1fecb0cf5dd4290524f0,589_88155_174470,book,book,0.9935910701751709,True,0.00030365833663381636,0.0002014267083723098,0.00021591184486169368,4.297299255995313e-06,0.9935910701751709,5.771147698396817e-05,0.0013158944202587008,8.786598482402042e-05,3.9013917557895184e-05,0.0010703247971832752,0.0004262235597707331,8.549343328922987e-05,2.758039590844419e-05,0.0009589098044671118,8.535175584256649e-05,0.00015756547509226948,2.5544552045175806e-05,0.00016876521112862974,0.00010107229900313541,4.3355303205316886e-05,0.0005072486819699407,3.8626010791631415e-05,2.2779633582103997e-05,0.000306406756862998,2.1740581360063516e-05,0.00013618520461022854
window-85f102b506fbae45bd89,589_88155_174470,book,book,0.9766446352005005,True,0.00034792444785125554,0.0003969642275478691,0.0006452354718931019,2.3618664272362366e-05,0.9766446352005005,0.00041661481373012066,0.002818103414028883,0.0003172117576468736,0.00035164516884833574,0.001994485966861248,0.000730438157916069,0.0002970318601001054,0.00021564977942034602,0.005765927489846945,0.00043362026917748153,0.0005098225083202124,0.00017235091945622116,0.0005645352066494524,0.000617877347394824,0.0003938913287129253,0.0023318089079111814,0.0001487015251768753,0.000229233133723028,0.0024338383227586746,6.606498936889693e-05,0.0011327735846862197
window-5dd3e0230ed08e32e7a2,589_88155_174470,book,book,0.9949991703033447,True,0.00018263712991029024,6.890809891046956e-05,0.00016390436212532222,1.520386831543874e-05,0.9949991703033447,8.006166171981022e-05,0.0007480684434995055,7.489732524845749e-05,3.696071507874876e-05,0.0011061219265684485,0.00015594363503623754,6.488700455520302e-05,2.5796831323532388e-05,0.0005169147625565529,0.00012516700371634215,0.00013431391562335193,3.6493336665444076e-05,0.00023426573898177594,0.0001396646403009072,0.0001553925685584545,0.0005834954208694398,3.2318293960997835e-05,3.8458103517768905e-05,0.00017370011482853442,1.3839992789144162e-05,9.348755702376366e-05
window-b67f84b54be24984a63e,69_5418_12829,bowl,bowl,0.9858260750770569,True,0.00044535097549669445,0.0002442261320538819,0.00019314019300509244,0.0017807373078539968,0.00030948009225539863,0.9858260750770569,0.00017525126168038696,0.000562492583412677,0.00016974177560769022,0.0008440269739367068,0.0051018050871789455,0.0005161822773516178,0.00025083599030040205,9.63262136792764e-05,0.00037853405228815973,0.0003040927986148745,0.0001210580812767148,0.001212599454447627,0.00024215343000832945,0.00037361306021921337,0.0002065904118353501,0.00034566561225801706,6.725115235894918e-05,3.414254751987755e-05,4.613555938703939e-05,0.00015245244139805436
window-7a95dcb5d475abbbd60c,69_5418_12829,bowl,bowl,0.9883499145507812,True,0.0002892426564358175,0.0002711317501962185,0.00017266609938815236,0.001189189380966127,0.0001958756911335513,0.9883499145507812,0.00016979925567284226,0.0003761248954106122,0.0002632763353176415,0.000342465762514621,0.004436610732227564,0.00032851938158273697,0.00023395231983158737,3.5235756513429806e-05,0.0009399222326464951,0.00016982080705929548,0.00014701308100484312,0.0006565999356098473,0.0002917871461249888,0.00031202699756249785,0.00018216263561043888,0.00028941757045686245,5.91977805015631e-05,3.458769788267091e-05,3.860480137518607e-05,0.00022490070841740817
window-37d37fc5ba0e28c3d6fe,69_5418_12829,bowl,bowl,0.9729278087615967,True,0.0009895331459119916,0.0007220162660814822,0.0005421979585662484,0.0075743296183645725,0.0003328739257995039,0.9729278087615967,0.0007322660530917346,0.0007491367287002504,0.0006010017823427916,0.0006992431008256972,0.0051534720696508884,0.0007483933004550636,0.00042235440923832357,0.00010386652866145596,0.001250786823220551,0.00044389834511093795,0.00030563375912606716,0.0009687797864899039,0.0005937005626037717,0.00178717786911875,0.00036826691939495504,0.0012658119667321444,0.0002642520994413644,0.00015132968837860972,0.00010347579518565908,0.00019833930127788335
window-4e6a4888947cd79fca01,69_5418_12829,bowl,bowl,0.9723274111747742,True,0.0014069107128307223,0.0009297228534705937,0.0003866588813252747,0.004230692517012358,0.0005953466752544045,0.9723274111747742,0.0007720252615399659,0.001099965418688953,0.0005648650694638491,0.0012421314604580402,0.006638269871473312,0.0007789274677634239,0.00067149504320696,8.93925316631794e-05,0.0013640883844345808,0.000515181920491159,0.0003288445295765996,0.0012341588735580444,0.0006656235200352967,0.001014790148474276,0.0003228569112252444,0.001947366981767118,0.0002169407525798306,8.173368405550718e-05,0.00011760584311559796,0.0004570738528855145
window-0fc4ad383dc42fc31036,70_5861_13666,bowl,bowl,0.9121624231338501,True,0.001187109504826367,0.00034988971310667694,6.162282807053998e-05,0.0001764719927450642,0.0010972039308398962,0.9121624231338501,0.002031093928962946,0.0002934891090262681,0.0001476214820286259,0.042359691113233566,0.015103369951248169,0.00014317233581095934,0.0002445175778120756,0.00020506475993897766,0.0001507091656094417,0.0009641933138482273,4.5583870814880356e-05,0.0004107604909222573,0.0016163043910637498,8.054472709773108e-05,0.0038251120131462812,0.00030641574994660914,0.000752849446143955,0.001407201518304646,9.984664939111099e-05,0.014777685515582561
window-2ba6981884f2e6229e3b,70_5861_13666,bowl,bowl,0.9967367053031921,True,1.445846828573849e-05,6.0017591749783605e-06,2.9493878628272796e-06,1.711973254714394e-06,8.312775207741652e-06,0.9967367053031921,1.4791816283832304e-05,4.219862603349611e-06,1.8534337868914008e-06,0.0025978190824389458,0.00034108615363948047,2.811857484630309e-06,5.633417458739132e-06,2.2069239093980286e-06,3.306448206785717e-06,1.6081128705991432e-05,2.7239841529080877e-06,3.3134117529698415e-06,1.9050972696277313e-05,5.415595296653919e-06,7.619713142048568e-05,1.987578798434697e-05,8.146380423568189e-06,1.0481569006515201e-05,6.695292995573254e-06,8.808114216662943e-05
window-4dbf86b8af0c3e52a239,70_5861_13666,bowl,bowl,0.9949380159378052,True,4.4198211980983615e-05,3.3541273296577856e-05,1.6010051695047878e-05,3.3816209906945005e-05,1.1612943126237951e-05,0.9949380159378052,5.836556738358922e-05,1.4219264812709298e-05,2.903695531131234e-06,0.0010831578401848674,0.002486986806616187,5.524215339391958e-06,2.2146079572848976e-05,1.7105463484767824e-05,1.2418903679645155e-05,1.3444323485600762e-05,6.433963790186681e-06,1.0103182830789592e-05,0.0003925658529624343,2.70012351393234e-05,7.09623345755972e-05,1.9222523405915126e-05,6.0474107158370316e-05,1.4270017345552333e-05,1.289211922994582e-05,0.000592669181060046
window-ea14e4c2cab2a286bbb5,70_5861_13666,bowl,bowl,0.9946086406707764,True,0.00017104555445257574,4.438655014382675e-05,6.593427315237932e-06,2.108249464072287e-05,1.9178301954525523e-05,0.9946086406707764,6.943148764548823e-05,2.3776838133926503e-05,2.4814658900140785e-05,0.0004336675629019737,0.003645955817773938,2.8788294912374113e-06,3.744390778592788e-05,2.1322955944924615e-05,9.35343632590957e-06,5.987823533359915e-05,1.0643176210578531e-05,5.2792438509641215e-05,6.243904499569908e-05,1.720625914458651e-05,7.13224580977112e-05,4.334163895691745e-05,4.48828395747114e-05,1.4088962416280992e-05,3.715517232194543e-05,0.0004465544188860804
window-af56b19241c441441cf5,70_5950_13767,bowl,bowl,0.9995962977409363,True,1.7760228274710244e-06,4.873656962445239e-06,8.248599101534637e-07,1.5270572362169332e-07,1.6928569834817608e-07,0.9995962977409363,4.786402769241249e-06,1.3696595715373405e-06,2.1493966073649062e-07,3.1565778044750914e-05,0.0003327944432385266,7.519662403865368e-08,1.7033485164574813e-06,1.0130712553291232e-06,5.090885224490194e-07,1.9075380350841442e-06,3.855469685731805e-07,2.300952957057234e-07,1.2207298141220235e-06,9.074653917195974e-07,2.282786681462312e-06,7.235914381453767e-06,3.889549873292708e-07,4.425645272476686e-07,7.734017231086909e-07,5.991499619995011e-06
window-4f69edfaf8a2d0cba6a1,70_5950_13767,bowl,bowl,0.9996192455291748,True,7.379798717010999e-06,5.321201115293661e-06,5.618553018393868e-07,5.737356900681334e-07,2.4176276269827213e-07,0.9996192455291748,1.110618995880941e-05,1.8081387906931923e-06,5.395590392254235e-07,9.691467857919633e-05,0.00019937251636292785,7.012814506879295e-08,3.066831595788244e-06,5.759993655374274e-07,1.7438587747165002e-06,3.6050917060492793e-06,1.0045348517451202e-06,5.84893257382646e-07,1.0923638456006302e-06,1.289459760300815e-06,6.500475137727335e-06,2.65059952653246e-05,1.544048870982806e-07,3.7913045503046305e-07,1.3055918088866747e-06,9.053273060999345e-06
window-01ad874ab84eead3688b,70_5950_13767,bowl,bowl,0.9991714954376221,True,3.4718871120276162e-06,8.106408131425269e-06,2.2199487830221187e-06,2.3330507303853665e-07,3.109851718363643e-07,0.9991714954376221,1.4366163668455556e-05,1.4513668702420546e-06,6.121433671069099e-07,6.411189679056406e-05,0.0006706862477585673,8.049024557976736e-08,3.4771619539242238e-06,1.633748183849093e-06,2.1821222162543563e-06,2.678599457794917e-06,1.225455434905598e-06,1.0085417443406186e-06,2.0552033674903214e-06,1.8158791590394685e-06,3.4496915759518743e-06,2.2251344489632174e-05,3.7864455748604087e-07,8.737721373108798e-07,2.2693445771437837e-06,1.750832234392874e-05
window-009473dd0d990d595515,70_5950_13767,bowl,bowl,0.9996597766876221,True,4.15216800320195e-06,5.3724597819382325e-06,1.1227347158637713e-06,3.805031383308233e-07,7.06498610725248e-07,0.9996597766876221,1.2289569895074237e-05,1.9219830846850527e-06,1.017023237182002e-06,6.034825128153898e-05,0.00015723510296083987,1.1600506866216165e-07,1.8237954009237e-06,3.7767057392557035e-07,6.517147994600236e-07,6.9867232923570555e-06,2.9927159062026476e-07,1.234034698427422e-06,8.483046372020908e-07,1.0197611572948517e-06,4.357207217253745e-06,6.466881313826889e-05,1.7297928422976838e-07,3.311586169729708e-07,1.5191222928478965e-06,1.1341415302013047e-05
window-0429cb8ef1b756078c43,70_5965_13782,bowl,bowl,0.9998810291290283,True,2.548055363149615e-06,4.3235775137873134e-07,1.138968102054605e-07,1.1364758023546528e-07,6.588171430621514e-08,0.9998810291290283,3.7375129977590404e-06,5.657209385390161e-07,1.2985238129203935e-07,1.5161214832914993e-05,8.348248957190663e-05,1.4352691835028963e-07,8.319564699377224e-07,7.973927154125704e-07,2.3231801549172815e-07,9.990219496103236e-07,2.6317121637475793e-07,6.199600477430067e-08,1.2480370514822425e-06,4.826874828722794e-07,2.3685208816459635e-06,1.7162540189019637e-06,2.2807718380590813e-07,4.0507129028810596e-07,3.6316208706921316e-07,2.4152564037649427e-06
window-f335a4ed2d8472254c71,70_5965_13782,bowl,bowl,0.9996399879455566,True,1.952457932929974e-05,5.567840730691387e-07,1.9954984509240603e-07,2.920918689142127e-07,2.5844067863545206e-07,0.9996399879455566,8.339612577401567e-06,7.223436568892794e-07,2.2289052026280842e-07,6.710183515679091e-05,0.0002288211544509977,1.0853186438453122e-07,4.099625130038476e-06,1.665851073084923e-06,4.356308522801555e-07,4.266693849785952e-06,6.266297987167491e-07,2.752073271494737e-07,1.3745782325713662e-06,1.519679130979057e-06,5.348806553229224e-06,6.890526037750533e-06,2.544402377679944e-07,4.982591121915902e-07,8.978317396213242e-07,5.693540970241884e-06
window-7a4854f3d030f708658c,70_5965_13782,bowl,bowl,0.9998537302017212,True,1.0962721717078239e-06,4.531067645530129e-07,2.2932299543754198e-06,1.9166014908478246e-07,3.6495652011581114e-07,0.9998537302017212,3.846257641271222e-06,1.0493636182218324e-06,2.4445304802611645e-07,8.182200690498576e-05,2.5727682441356592e-05,1.884064317891898e-07,2.9737254862993723e-06,1.0647913768480066e-06,9.57283191382885e-07,7.565637929474178e-07,2.08621804631548e-06,2.483301102529367e-07,5.323735763340665e-07,2.324245997442631e-06,1.841765879362356e-06,8.380985491385218e-06,2.2701178181705473e-07,8.618297897555749e-07,1.3106440519550233e-06,5.4948905017226934e-06
window-176255c3454f100e5e4a,70_5965_13782,bowl,bowl,0.9995930790901184,True,1.638431967876386e-05,2.4875037070160033e-06,6.610592890865519e-07,1.1628269476204878e-06,1.0300750545866322e-06,0.9995930790901184,1.5583400454488583e-05,4.40828307546326e-06,2.4833675524860155e-06,7.661170820938423e-05,0.00020077235240023583,3.7015709608567704e-07,2.1649536847689888e-06,3.386700882401783e-06,9.395555480296025e-07,6.547139946633251e-06,5.376095941755921e-07,3.7126951610844117e-06,4.490112587518524e-06,1.7196289263665676e-06,3.8365924410754815e-06,2.6847957997233607e-05,1.0726633945523645e-06,8.476706057081174e-07,2.7352498364052735e-06,2.6226576665067114e-05
window-f7d8b654ba216a097450,70_6096_13923,bowl,bowl,0.9999417066574097,True,1.1334324199197e-06,1.8674178647870576e-07,8.454988886796855e-08,8.902374304398109e-08,8.182829702718664e-08,0.9999417066574097,2.3634634089830797e-06,6.195151058818738e-07,1.6750637144014036e-07,7.722260306763928e-06,3.3810443710535765e-05,1.2404984772729222e-07,8.39057975099422e-07,8.634243613414583e-07,2.832286725151789e-07,1.196985522256e-06,1.6148830184192775e-07,1.290044764346021e-07,9.841891142059467e-07,2.7433247851149645e-07,1.459208419873903e-06,2.066275555989705e-06,2.0129307642946515e-07,2.6274179276697396e-07,4.2335545913374517e-07,2.7648925424728077e-06
window-7986141cbec85046083a,70_6096_13923,bowl,bowl,0.9999152421951294,True,2.7938722269027494e-06,2.1081180534565647e-07,1.0024437813171971e-07,5.442370110131378e-08,1.1189896298446911e-07,0.9999152421951294,4.9335449148202315e-06,2.476564020525984e-07,1.5034119371648558e-07,2.2957352484809235e-05,3.671696686069481e-05,5.3431861601893615e-08,1.1858046491397545e-06,3.6001060266244167e-07,2.9615756602652255e-07,1.7309901068074396e-06,1.799856477191497e-07,1.1068583916085117e-07,3.3087067663473135e-07,2.663168174876773e-07,1.8788841771311127e-06,6.834828127466608e-06,4.1737251876838855e-08,1.9737774437089683e-07,3.029015545052971e-07,2.8050237688148627e-06
window-558ce3190703a0f30738,70_6096_13923,bowl,bowl,0.9999282360076904,True,4.606005177265615e-07,1.3263611720049084e-07,2.044448166316215e-07,4.395937835965924e-08,9.6340443178633e-08,0.9999282360076904,1.5415456573464326e-06,3.5750193205785763e-07,4.817947996116345e-08,2.0021212549181655e-05,4.01731813326478e-05,3.467293652192893e-08,5.851582614013751e-07,4.1812438666966045e-07,4.912057534056657e-07,4.540532643204642e-07,2.0590373139839357e-07,8.515273464126949e-08,6.073326517253008e-07,2.74467225835906e-07,5.858451004314702e-07,1.43929776186269e-06,7.024594594895461e-08,1.6286819004562858e-07,3.807672328548506e-07,2.9217205792519962e-06
window-3f5f1bab6aa0c60e54de,70_6096_13923,bowl,bowl,0.9993259906768799,True,3.055539127672091e-05,4.035880010633264e-06,1.1836397106890217e-06,4.24143308919156e-06,2.2568356143892743e-06,0.9993259906768799,1.8641530914464965e-05,2.9497155082935933e-06,6.579279670404503e-06,6.151438719825819e-05,0.00042725479579530656,8.674554123899725e-07,2.720978727666079e-06,1.1951719898206647e-06,1.6315032098646043e-06,6.679995294689434e-06,5.350709670892684e-07,3.5903290154237766e-06,9.159391083812807e-06,3.0239109491958516e-06,1.8906890545622446e-05,3.551105328369886e-05,7.956332979119907e-07,1.520523596809653e-06,3.837231815850828e-06,2.488161771907471e-05
window-33da32b4ea5e6a0eb6f2,70_6255_14132,bowl,bowl,0.9998797178268433,True,1.2970870102435583e-06,7.844867013773182e-07,2.4629215999993903e-07,1.7683038322502398e-07,1.384068752940948e-07,0.9998797178268433,8.645124580652919e-06,8.406366305280244e-07,2.255457189903609e-07,3.576639937818982e-05,5.108707046019845e-05,3.543074171830085e-07,1.883361505861103e-06,3.9671087392889604e-07,4.4154865008749766e-07,1.8980678078150959e-06,6.595879540327587e-07,2.132271816890352e-07,4.601951332006138e-06,7.876449217292247e-07,1.8775958778860513e-06,2.437392595311394e-06,3.584866306027834e-07,1.3377085679167067e-06,6.452027037084918e-07,3.3062253805837827e-06
window-0394344a3626ff7c9e0b,70_6255_14132,bowl,bowl,0.9997962117195129,True,1.5096439938133699e-06,5.275668968351965e-07,1.5097872108071897e-07,4.083549924871477e-07,1.871677994813581e-07,0.9997962117195129,4.211000941722887e-06,7.014781999714614e-07,2.4196197045966983e-07,7.009973342064768e-05,9.058689465746284e-05,4.5947149374114815e-07,2.9560751499957405e-06,4.4086718276048487e-07,6.939254717508447e-07,1.6242335050264955e-06,2.678795851807081e-07,6.986880976000975e-07,9.964468517864589e-06,7.493541147596261e-07,3.3106184673670214e-06,4.154168891545851e-06,4.6988958501970046e-07,7.701871709286934e-07,5.839449386257911e-07,7.983861905813683e-06
window-6ba8da912999e9cbc94d,70_6255_14132,bowl,bowl,0.9998794794082642,True,1.3506464711099397e-06,1.2498170463004499e-06,1.4378055368524656e-07,2.9612999696837505e-07,2.2676576350022515e-07,0.9998794794082642,7.294412625924451e-06,8.890108915693418e-07,1.6283975412534346e-07,3.265881969127804e-05,5.2052644605282694e-05,2.5707154804877064e-07,2.076872306133737e-06,5.454570555230021e-07,7.237787826852582e-07,9.013915018840635e-07,4.2235322439410083e-07,3.8648462918899895e-07,3.5259347441751743e-06,6.256338451748888e-07,1.9161984710081015e-06,3.393986844457686e-06,5.092808237350255e-07,9.295773111261951e-07,7.145774247874215e-07,7.172083314799238e-06
window-50e2806236ac0bf32868,70_6255_14132,bowl,bowl,0.9996660947799683,True,3.2312291295966133e-06,3.087073537244578e-06,5.263460138849041e-07,1.149033778347075e-06,1.022333435685141e-06,0.9996660947799683,1.5313409676309675e-05,6.069803930586204e-06,5.75596459384542e-07,5.507553942152299e-05,0.00018585621728561819,5.560037266150175e-07,2.3301388409890933e-06,3.6257986835153133e-07,1.6940176692514797e-06,5.499390226759715e-06,1.0661664191502496e-06,1.4684808320453158e-06,1.254841117770411e-05,1.3953226698504295e-06,6.6979318944504485e-06,1.4633424143539742e-05,9.96941139419505e-07,1.5807413547008764e-06,1.2601892649399815e-06,9.967742698790971e-06
window-216e8463cddeda710e6b,387_46579_92829,cake,cake,0.9958459734916687,True,7.582674152217805e-05,2.846449388016481e-05,8.7981708929874e-05,0.0002336350007681176,8.543833246221766e-05,0.0005770993884652853,0.9958459734916687,2.2441099645220675e-05,1.9965562387369573e-05,8.528170292265713e-05,1.2334633538557682e-05,0.0006481956224888563,0.0004435810260474682,0.0003000470460392535,2.670548747119028e-05,2.407877218502108e-05,0.00013494252925738692,0.0002992126683238894,7.76209999457933e-05,3.884251418639906e-05,7.981230010045692e-05,4.6275283239083365e-05,9.632546425564215e-05,0.00011245392670389265,1.3926595784141682e-05,0.0005836329073645175
window-14fa9280b60c7b944fa3,387_46579_92829,cake,cake,0.987511396408081,True,0.0009677930502220988,0.00014825924881733954,0.0001822721096687019,0.0006855010287836194,4.229395563015714e-05,0.003654121421277523,0.987511396408081,6.738513911841437e-05,0.00011975935922237113,0.000613352982327342,4.349902519606985e-05,0.0007837015436962247,0.0004907996044494212,0.0003075081040151417,0.00016308005433529615,0.00017582780856173486,0.00014217178977560252,0.0026047411374747753,0.00013829038653057069,7.253610237967223e-05,4.657009776565246e-05,0.0002059593389276415,9.857422992354259e-05,0.00044137248187325895,0.0001307409256696701,0.0001625586301088333
window-8163df5ea9a72c453ad4,387_46579_92829,cake,cake,0.9926753640174866,True,0.0009537815349176526,0.00026707290089689195,7.294921670109034e-05,0.00024602640769444406,3.0110872103250585e-05,0.00023409583081956953,0.9926753640174866,5.359940405469388e-05,1.1928898857149761e-05,0.0009441055590286851,4.5798016799381e-05,0.0002582601737231016,0.000132963657961227,0.00019410632376093417,2.9624912713188678e-05,5.409360892372206e-05,1.0832131920324173e-05,0.00047650819760747254,4.562555841403082e-05,2.9035352781647816e-05,7.49916143831797e-05,8.289952529594302e-05,4.327835267758928e-05,0.00014798465417698026,0.00013940411736257374,0.0027456479147076607
window-1f579ff4b919ca284937,387_46579_92829,cake,cake,0.9980878233909607,True,0.00014402320084627718,1.4220747289073188e-05,3.053660475416109e-05,0.00020590586063917726,2.6557290766504593e-05,0.00015802397683728486,0.9980878233909607,9.134651918429881e-06,3.3668355172267184e-05,7.497206388507038e-05,1.0456463314767461e-05,0.00010187754378421232,0.00012030421203235164,0.00011637554416665807,1.6681247871019877e-05,1.2680853615165688e-05,3.7759236874990165e-05,9.904574835672975e-05,6.0026060964446515e-05,2.765208228083793e-05,3.2120900868903846e-05,3.7040495953988284e-05,2.190317536587827e-05,5.1677299779839814e-05,3.1451843824470416e-05,0.00043815208482556045
window-a6177eda9bfce5bfd2e9,398_50637_99372,cake,cake,0.9958628416061401,True,0.00011409165017539635,2.694408431125339e-05,0.00013580944505520165,2.5584236936992966e-05,9.513750410405919e-05,0.0001430958800483495,0.9958628416061401,2.5442506739636883e-05,7.536554767284542e-05,4.6214852773118764e-05,6.52810704195872e-05,2.9227005143184215e-05,0.00023488400620408356,0.0012686337577179074,0.00021223523071967065,3.2592739444226027e-05,3.319296956760809e-05,1.2177820281067397e-05,0.00027570329257287085,0.00010461045167176053,6.039141590008512e-05,2.3845697796787135e-05,0.0010378012666478753,2.186160236306023e-05,9.914066140481737e-06,2.7062340450356714e-05
window-2d233cb57b9189a93b73,398_50637_99372,cake,cake,0.9893383979797363,True,0.0005854361806996167,0.00018784460553433746,0.0002519256668165326,0.00019086078100372106,0.0005669670645147562,0.0007493875455111265,0.9893383979797363,0.000557835737708956,1.5776302461745217e-05,4.9419784772908315e-05,0.0016631439793854952,0.0016425799112766981,0.0005112589569762349,0.0010250081541016698,0.00031966337701305747,6.686113920295611e-05,5.6368375226156786e-05,3.7981946661602706e-05,0.0006750855245627463,8.433303446508944e-05,0.0001932693994604051,2.5004537747008726e-05,5.176403283257969e-05,7.682382420171052e-05,2.1301511878846213e-05,0.001055819564498961
window-b8f520b5b73ca1fa4348,398_50637_99372,cake,cake,0.9325168132781982,True,0.0010888297110795975,0.00012825944577343762,0.001299333176575601,2.511046113795601e-05,0.0016478588804602623,0.0026736613363027573,0.9325168132781982,6.437835691031069e-05,4.9357353418599814e-05,0.0005246549844741821,0.040074147284030914,0.0001491313159931451,0.0007132674800232053,0.01500348374247551,0.00033345777774229646,0.0005134898237884045,6.43449675408192e-05,5.772424265160225e-05,9.821593994274735e-05,0.0003905802732333541,0.0004904221277683973,7.347459177253768e-05,0.0009764432907104492,4.947554771206342e-05,0.00011445314157754183,0.0008795858593657613
window-78d484a267ff6f4cd24b,398_50637_99372,cake,cake,0.9669303297996521,True,0.0007484420202672482,0.013786588795483112,0.0001816777657950297,5.405072442954406e-05,0.0005981326685287058,0.00045806809794157743,0.9669303297996521,0.00018641781935002655,0.00023062818218022585,3.1888434023130685e-05,0.0007517931517213583,0.00027112619136460125,0.00023287077783606946,0.01299241092056036,0.0007856167503632605,0.00012882010196335614,0.00016376413987018168,8.238419104600325e-05,0.00017859999206848443,0.00043300146353431046,0.00022164281108416617,8.724096551304683e-05,0.0001963041868293658,7.803654443705454e-05,0.00016537470219191164,2.4699753339518793e-05
window-c7fe2be5cd354c2ec0cc,400_51530_101489,cake,cake,0.998934805393219,True,6.348062015604228e-06,2.534254463171237e-06,6.512645427392272e-07,1.6075789972092025e-05,0.0004635164514183998,4.571064437186578e-06,0.998934805393219,1.4860998817312066e-05,2.342823336221045e-06,6.874346581753343e-06,1.2002772109553916e-06,0.00020633605890907347,9.964223863789812e-06,1.1172775884915609e-05,1.18636662591598e-05,8.320495226143976e-07,0.00011777782492572442,6.977745943004265e-05,4.157124203629792e-05,1.9073149815085344e-05,3.665681788334041e-06,1.3706682011616067e-06,1.2662984772759955e-05,3.417118568904698e-05,3.908600774593651e-06,1.943222969202907e-06
window-e6179ec3dd8ce84ac6e2,400_51530_101489,cake,cake,0.9998854398727417,True,6.466465833909751e-07,3.2759234613877197e-07,2.138623642622406e-07,3.628107833719696e-06,4.8620873712934554e-05,4.164561744346429e-07,0.9998854398727417,2.110385594278341e-06,3.842410762899817e-07,6.331996473818435e-07,8.488137126505535e-08,2.242848267997033e-06,1.0200253655057168e-06,3.542640115483664e-06,9.083305485546589e-07,1.0702090946779208e-07,1.6962238078122027e-05,2.4236405806732364e-06,2.100928577419836e-05,1.0660769476089627e-06,6.808027137594763e-07,2.430548420306877e-07,3.313087290734984e-06,2.113215259669232e-06,1.4660977285529952e-06,3.2105310765473405e-07
window-5cc7a45ab13b03f5c262,400_51530_101489,cake,cake,0.9999938011169434,True,1.732783516672498e-07,3.688341720931021e-08,3.537226689331874e-08,2.466620401264663e-07,1.854805873335863e-06,1.1694895363234536e-07,0.9999938011169434,9.592721994522435e-08,5.2706035091887316e-08,1.2947390359840938e-07,4.3493595391908e-09,3.5389294339438493e-07,1.0401168992757448e-07,2.9585658367636825e-08,7.431778215050144e-08,3.426861638899936e-08,5.447038233796775e-07,7.342383696595789e-07,4.676793992075545e-07,1.7526842555071198e-07,1.0816619067099964e-07,4.528127206526733e-08,2.461866017711145e-07,2.9988595429131237e-07,1.8507567745018605e-07,3.298812956131769e-08
window-10fdaac424ab0241edd0,400_51530_101489,cake,cake,0.9998674392700195,True,4.219834011109924e-07,4.2408325384712953e-07,1.2763902645929193e-07,1.346827957604546e-06,4.726922998088412e-05,9.75389184532105e-07,0.9998674392700195,8.010106284928042e-07,5.665338562721445e-07,2.4401106202276424e-07,2.501127482901211e-07,5.836561285832431e-06,1.4083832411415642e-06,2.891063104470959e-06,1.317574856329884e-06,1.555309410150585e-07,7.074609584378777e-06,3.332566620883881e-06,4.77055691590067e-05,3.5746129469771404e-06,2.3747614363855973e-07,3.9315398225880926e-07,3.265333134550019e-06,1.2361781500658253e-06,1.035996660903038e-06,7.594882731609687e-07
window-2673afd5bf0fcdba61ae,402_52404_102594,cake,cake,0.932050883769989,True,0.009075704962015152,0.004098708741366863,0.0011050262255594134,0.01034675631672144,0.0005008350708521903,0.003116894979029894,0.932050883769989,0.0003594793379306793,0.0005038904491811991,0.00011544996232260019,0.0036707124672830105,0.0018302183598279953,0.004889755509793758,0.0003513155970722437,0.0018383052665740252,0.003443464869633317,0.0048649730160832405,0.000706310907844454,0.0067809950560331345,0.003880672389641404,0.0027101445011794567,0.0003968155651818961,0.0002600705483928323,0.0007781536551192403,0.0009926280472427607,0.0013318894198164344
window-3557c60fd64762f23851,402_52404_102594,cake,cake,0.97690349817276,True,0.0021217032335698605,0.0002727217797655612,0.00028634988120757043,0.0015349125023931265,0.0008110786438919604,0.0009124639327637851,0.97690349817276,0.00027188038802705705,0.00013693682558368891,7.711266516707838e-05,0.0009580805781297386,0.0001266316103283316,0.0015564966015517712,0.00012355789658613503,0.0003968937380705029,0.0009939937153831124,0.0003111851983703673,0.00029542241827584803,0.009823753498494625,0.000974008406046778,0.00018524141341913491,0.00030675597372464836,2.2199659724719822e-05,6.176924944156781e-05,6.869323988212273e-05,0.0004665868473239243
window-4572c746b0b93e14b212,402_52404_102594,cake,cake,0.9571991562843323,True,0.003097315551713109,0.0012335565406829119,0.0003511867835186422,0.0051981620490550995,0.0002026651200139895,0.0005595163675025105,0.9571991562843323,0.0001573960907990113,0.0002162948076147586,3.678974098875187e-05,0.0020923383999615908,0.0007979021174833179,0.005951177328824997,0.0002003265544772148,0.00020284031052142382,0.0010077778715640306,0.0019097999902442098,0.00023119625984691083,0.01617933064699173,0.0008927021408453584,0.0006103583727963269,0.0001546613493701443,0.0002030836185440421,0.00014497325173579156,0.00023191439686343074,0.0009375315858051181
window-fff4f1e7622892d7028c,402_52404_102594,cake,cake,0.9862493276596069,True,0.0016921949572861195,0.0007044413359835744,0.00021445078891701996,0.0028135066386312246,0.0001127563591580838,0.000656443415209651,0.9862493276596069,4.3416512198746204e-05,0.0001564744597999379,1.6486939784954302e-05,0.0005332403816282749,0.00036322034429758787,0.0012143602361902595,2.932943607447669e-05,0.0004102489911019802,0.0005149602075107396,0.0012495276750996709,0.00014552040374837816,0.0014347932301461697,0.00038862990913912654,0.000463969714473933,9.034077083924785e-05,3.770771945710294e-05,0.0001009567131404765,0.0001470738061470911,0.00021660691709257662
window-18bb64c6970a1d27c83a,404_53804_104946,cake,kite,0.2208113968372345,False,0.08771809935569763,0.03229948505759239,0.03139828145503998,0.02692089043557644,0.0076103718020021915,0.1294834315776825,0.12859472632408142,0.006355565041303635,0.007760155014693737,0.012159869074821472,0.12845022976398468,0.040887054055929184,0.02095879800617695,0.2208113968372345,0.0015408012550324202,0.06177515164017677,0.0034340356942266226,0.003360483329743147,0.004194785840809345,0.009425008669495583,0.0038795629516243935,0.0009367011953145266,0.007721089292317629,0.0024822289124131203,0.00835124310106039,0.011490581557154655
window-eabdc27d1c41752536a4,404_53804_104946,cake,kite,0.3912985324859619,False,0.06344155222177505,0.013767261989414692,0.017158161848783493,0.021668653935194016,0.011172370985150337,0.06811868399381638,0.08308269828557968,0.0046832747757434845,0.009242621250450611,0.010841715149581432,0.12691712379455566,0.03184445947408676,0.025946984067559242,0.3912985324859619,0.0019732925575226545,0.05838155746459961,0.0022748096380382776,0.0043074581772089005,0.0024955819826573133,0.005149450618773699,0.0049270442686975,0.0005903955898247659,0.010733848437666893,0.004225101321935654,0.005095864180475473,0.020661422982811928
window-b851c95266ef23110fd1,404_53804_104946,cake,kite,0.29835936427116394,False,0.04848852381110191,0.021274037659168243,0.032820314168930054,0.0305144265294075,0.014527006074786186,0.051528625190258026,0.042257048189640045,0.007525147404521704,0.008822730742394924,0.008737942203879356,0.18299993872642517,0.07723332941532135,0.02087508514523506,0.29835936427116394,0.0017751192208379507,0.07849153131246567,0.00241642608307302,0.006204000674188137,0.00339889177121222,0.009875080548226833,0.004186004400253296,0.0009656440233811736,0.016209786757826805,0.004739887081086636,0.005435268860310316,0.020338861271739006
window-7de3902fbc576f5a42b8,404_53804_104946,cake,kite,0.3069934546947479,False,0.047784313559532166,0.015841692686080933,0.03663995489478111,0.03838491439819336,0.017795206978917122,0.06450744718313217,0.02376016601920128,0.009115468710660934,0.0075079333037137985,0.011154367588460445,0.11025811731815338,0.12211289256811142,0.037711769342422485,0.3069934546947479,0.0017975482624024153,0.06511040031909943,0.0027427379973232746,0.007219878491014242,0.0017782929353415966,0.012260189279913902,0.0034253227058798075,0.0010135171469300985,0.02163938246667385,0.004086905159056187,0.006688374560326338,0.022669734433293343
window-cd9931466f4a47ae07b1,407_54915_106133,cake,cake,0.9999181032180786,True,2.446956386847887e-06,1.6632535562166595e-06,8.462005212095391e-07,1.9004309592673962e-07,4.282820100343088e-06,3.92348192690406e-06,0.9999181032180786,5.888100531592499e-07,3.4206584587082034e-07,1.1316764130242518e-06,5.506883553607622e-07,6.679993020952679e-07,9.703777323011309e-06,5.239567144599278e-07,7.625085345353e-06,9.65353592619067e-08,2.4864243641786743e-06,9.458287877350813e-07,2.5135836040135473e-05,4.747730599774513e-06,3.8139464209052676e-07,2.239695959360688e-06,2.5765421014511958e-06,5.029325166105991e-06,2.1776822904939763e-06,1.4376850003827712e-06
window-697d84d04c81f130a28e,407_54915_106133,cake,cake,0.9999600648880005,True,1.5396964272440528e-06,8.648444804748578e-07,8.688564321346348e-07,7.753683206601636e-08,5.307048468239373e-06,3.176105565216858e-06,0.9999600648880005,3.1294257496483624e-07,1.1688268131138102e-07,7.693831776123261e-07,1.5836577915706584e-07,5.082883376417158e-07,1.5072615724420757e-06,1.693899491783668e-07,3.874304638884496e-06,2.0156649327418563e-07,1.960960162250558e-06,8.306529934998252e-07,9.169451004709117e-06,1.5248265299305785e-06,2.748699330368254e-07,9.732874559631455e-07,1.655227833907702e-06,2.2533627088705543e-06,1.248096509698371e-06,4.4710267843584006e-07
window-a6f3a80075525aae657a,407_54915_106133,cake,cake,0.9998077750205994,True,1.159615203505382e-05,1.0641683729772922e-05,5.9501985560928006e-06,4.156636350671761e-07,5.512115421879571e-06,1.4273839042289183e-05,0.9998077750205994,1.47064270095143e-06,9.575213653079118e-07,2.4550001853640424e-06,1.2420246093824971e-06,1.5246815792124835e-06,2.8105741876061074e-05,2.045246446868987e-06,1.9217608496546745e-05,9.648537115936051e-07,8.96410256245872e-06,7.694571650063153e-06,2.7044114176533185e-05,1.0786354323499836e-05,2.0367792785691563e-06,4.425663973961491e-06,7.846887456253171e-06,1.0142316568817478e-05,5.127997610543389e-06,1.8053021904052002e-06
window-96ae57d4630e84eb258d,407_54915_106133,cake,cake,0.99953293800354,True,6.0497350204968825e-06,4.969077508576447e-06,1.3401605656326865e-06,4.486799298319966e-06,2.632673567859456e-05,1.4154707969282754e-05,0.99953293800354,2.3000227429292863e-06,1.271761789212178e-06,1.2149594112997875e-06,9.416015700480784e-07,1.8582115899334894e-06,1.3795268387184478e-05,1.613984977666405e-06,1.9838189473375678e-05,1.990883447433589e-06,2.700593540794216e-05,4.3385066419432405e-06,0.00022915062436368316,5.211607913224725e-06,2.670346475497354e-06,3.71126816389733e-06,1.387313568557147e-05,6.992679118411615e-05,5.3210355872579385e-06,3.863925485347863e-06
window-ef6aef36f77acf37de99,410_55724_107428,cake,cake,0.996698796749115,True,1.5755662388983183e-05,3.219848804292269e-05,3.209431451978162e-05,1.943278903127066e-06,6.816790846642107e-05,7.68868048908189e-05,0.996698796749115,2.468197635607794e-05,3.171520074829459e-05,4.1873012378346175e-05,2.3877051717136055e-05,1.7340469639748335e-05,1.444127246941207e-05,0.00013062643120065331,5.833168688695878e-05,1.1715103028109297e-05,3.1730935006635264e-05,2.380670230195392e-05,0.0025047315284609795,2.369453795836307e-05,2.823136492224876e-05,3.230648144381121e-05,3.58715005859267e-05,9.658569979364984e-06,2.3489437808166258e-05,6.020069577061804e-06
window-3f3053f6f1276e4b2ffa,410_55724_107428,cake,cake,0.9990936517715454,True,3.9643741729378235e-06,5.960118869552389e-06,4.794972028321354e-06,3.611979536799481e-06,2.0858105926890858e-05,1.2359444554022048e-05,0.9990936517715454,1.685068491497077e-05,2.2230839022086002e-05,4.44704983237898e-06,2.64175050688209e-05,1.245438488695072e-05,2.4378992748097517e-05,5.3688771004090086e-05,5.2627245167968795e-05,1.2141863408032805e-05,1.9698418327607214e-05,3.8426446735684294e-06,0.0005656171124428511,6.053705874364823e-06,5.431471890915418e-06,9.390758350491524e-06,1.0295697393303271e-05,1.5465483329535346e-06,3.3785713640099857e-06,4.329327111918246e-06
window-b20d5e16aad0f915f464,410_55724_107428,cake,cake,0.9876064658164978,True,2.3905020498204976e-05,5.1057962991762906e-05,4.918224294669926e-05,1.893838452815544e-05,0.00018708367133513093,0.000107174928416498,0.9876064658164978,0.0005641744355671108,0.00012758630327880383,3.0189281460479833e-05,0.00048196647549048066,0.00024825838045217097,0.00016631664766464382,0.00264575588516891,0.00020154681988060474,0.00010457876487635076,0.00017625642067287117,2.068053618131671e-05,0.0067465645261108875,1.8672264559427276e-05,6.183012010296807e-05,8.069953037193045e-05,0.000168234299053438,1.552337380417157e-05,3.223632666049525e-05,6.505152123281732e-05
window-049ed2fa37620eaf677e,410_55724_107428,cake,cake,0.9985337257385254,True,1.888487531687133e-05,8.168214662873652e-06,1.729085670376662e-05,1.7450311133870855e-06,4.446017919690348e-05,2.3146134481066838e-05,0.9985337257385254,3.4954453440150246e-05,3.953631312469952e-05,1.446454734832514e-05,2.5499919502181e-05,1.0500756616238505e-05,1.4788075532123912e-05,2.4212633434217423e-05,4.028488547191955e-05,9.706834134703968e-06,4.158258161623962e-05,1.4059526620258112e-05,0.0010031020501628518,9.30519490793813e-06,1.9045464796363376e-05,1.1920154065592214e-05,1.5119574527489021e-05,9.459197826799937e-06,9.598431461199652e-06,5.583550773735624e-06
window-6b78634bcb0411731413,589_88625_178057,cake,cake,0.44655928015708923,True,0.002301362808793783,0.005747555755078793,0.0008092194912023842,0.019091876223683357,0.11446622759103775,0.006251536309719086,0.44655928015708923,0.0016232664929702878,0.011425420641899109,0.002410443965345621,0.0005868161097168922,0.0039273835718631744,0.005492156837135553,0.1750262975692749,0.014535707421600819,0.0022458413150161505,0.011934480629861355,0.09340768307447433,0.02757108584046364,0.007258526980876923,0.008759966120123863,0.0011553888907656074,0.019860057160258293,0.010362201370298862,0.0018725638510659337,0.005317693576216698
window-80d15bcf5663fdaaa6ed,589_88625_178057,cake,cake,0.9814515709877014,True,0.00018205888045486063,0.00021705991821363568,5.792137744720094e-05,0.0006772244232706726,0.00317987403832376,0.0003231661394238472,0.9814515709877014,0.00033910066122189164,0.0007800066377967596,0.00024857648531906307,5.7442739489488304e-05,0.00015428637561853975,0.00016702919674571604,0.002096091629937291,0.002140173688530922,6.652857700828463e-05,0.001169842667877674,0.0030868167523294687,0.000921932514756918,0.0006310325115919113,0.00024384415883105248,0.0003259446530137211,0.0003848544729407877,0.0004803788324352354,0.000440860545495525,0.00017651812231633812
window-c9b6c820b0d29b01dd99,589_88625_178057,cake,cake,0.9161273241043091,True,0.00047428577090613544,0.0017939885146915913,0.00041153980419039726,0.0009652619482949376,0.005294341593980789,0.002118029398843646,0.9161273241043091,0.00040759870898909867,0.008606300689280033,0.002457106951624155,0.00031099686748348176,0.0014696912840008736,0.0004696728428825736,0.0091786440461874,0.006051709875464439,0.00116877187974751,0.008319185115396976,0.01525349821895361,0.0058571333065629005,0.0024955938570201397,0.0004925368702970445,0.0014544797595590353,0.0026772499550133944,0.0017592175863683224,0.004174182657152414,0.00021164926874917
window-9cad490c7f3c82e1001d,589_88625_178057,cake,cake,0.988851010799408,True,0.00011260918836342171,0.00015442310541402549,0.00011839183571282774,0.00018999766325578094,0.00044507585698738694,0.0007675022352486849,0.988851010799408,0.0002939809928648174,0.001291644643060863,0.0002198192523792386,5.187237184145488e-05,0.00010840844333870336,8.475959475617856e-05,0.0001921482034958899,0.0006648198468610644,0.0002029464376391843,0.0015153656713664532,0.0022107847034931183,0.00016770415822975338,0.00032466830452904105,0.00016766930639278144,0.00042456111987121403,0.00011963989527430385,0.0008559607085771859,0.0004241764545440674,4.00632998207584e-05
window-8793571987f220dc502b,113_13372_23309,carrot,carrot,0.894824743270874,True,0.0043356651440262794,0.0008042377303354442,0.003694562939926982,0.029465556144714355,0.0008559878333471715,0.0003740541869774461,0.008836762979626656,0.894824743270874,0.0005260630859993398,0.004082050174474716,0.0016269313637167215,0.003093511098995805,0.010763127356767654,0.0023606098257005215,0.004117985721677542,0.00022062566131353378,0.0038394099101424217,0.0010906665120273829,0.008394692093133926,0.0010887014213949442,0.0015012120129540563,0.000249522621743381,0.008631652221083641,0.001555322203785181,0.0009191763820126653,0.0027471729554235935
window-5789161d0c6bf5436c69,113_13372_23309,carrot,carrot,0.971687376499176,True,4.5933236833661795e-05,3.459335130173713e-05,0.025154389441013336,0.0012114099226891994,9.038586722454056e-05,4.878416802966967e-05,0.000298262428259477,0.971687376499176,1.3034190487815067e-05,4.499011265579611e-05,3.6110701330471784e-05,5.2082690672250465e-05,8.47598203108646e-05,0.0001545493578305468,8.909784082788974e-05,2.3582273570355028e-05,9.579901961842552e-05,5.540906931855716e-05,0.00014781643403694034,0.00011712271225405857,8.661631727591157e-05,3.659519279608503e-05,0.00028917958843521774,1.2247840459167492e-05,4.046579488203861e-05,4.9340866098646075e-05
window-8faf6637ebc720914556,113_13372_23309,carrot,carrot,0.9534170031547546,True,0.006278752814978361,0.00037301855627447367,0.002934817224740982,0.01536644995212555,0.0005327824037522078,0.00015238378546200693,0.005465716123580933,0.9534170031547546,0.0003430386714171618,0.0027296841144561768,0.001421939698047936,0.0005689375684596598,0.0017405073158442974,0.0008297637687064707,0.0005849569570273161,0.00011586380423977971,0.0008357578190043569,0.0004205591685604304,0.002691647969186306,0.00032883769017644227,0.0004423547943588346,9.371740452479571e-05,0.0008032064069993794,0.0005367639241740108,0.0003654170432128012,0.0006261722301132977
window-0c101015c10090e1e67a,113_13372_23309,carrot,carrot,0.9940239787101746,True,0.00010135315824300051,1.557960786158219e-05,0.003626660443842411,0.0002693305432330817,5.620478623313829e-05,1.1755114428524394e-05,0.0002572890371084213,0.9940239787101746,1.1870834896399174e-05,2.0790595954167657e-05,4.075864490005188e-05,0.00016513314039912075,0.00037554570008069277,0.00012559683818835765,0.0002015996287809685,9.175327249977272e-06,0.00024113614927046,6.854844104964286e-05,9.380941628478467e-05,4.388334491522983e-05,9.884926839731634e-05,1.7903856132761575e-05,4.924150198348798e-05,2.7544720069272444e-05,2.2720658307662234e-05,2.3912514734547585e-05
window-42c7b457230f7784af4a,398_50405_98934,carrot,carrot,0.9999500513076782,True,5.111690825287951e-06,1.26746397199895e-06,1.4895941831127857e-06,4.8098727347678505e-06,5.625238372886088e-07,6.128558425189112e-07,1.5664792954339646e-05,0.9999500513076782,1.2809559848392382e-06,9.559516911394894e-08,1.5663371755181288e-07,3.5402260323280643e-07,6.091095656302059e-06,5.760353261052842e-08,5.297591769704013e-07,1.7216940477737808e-06,1.3299209058459383e-06,5.867547088200809e-07,2.708767397052725e-06,1.4245799206946685e-07,3.9554799968755106e-07,5.422295430435042e-07,2.7212918212171644e-06,3.834338428987394e-07,1.2382874956529122e-06,1.140788228326528e-07
window-46033fe111ed1366731e,398_50405_98934,carrot,carrot,0.999935507774353,True,7.0698097260901704e-06,5.3247886171448044e-06,8.227883881772868e-06,2.3670556856814073e-06,5.382514700613683e-07,1.1405024906707695e-06,1.3469113582686987e-05,0.999935507774353,1.7801938838601927e-06,2.102380562973849e-07,3.822632095307199e-07,2.1818205198087526e-07,9.6966932687792e-06,4.327942804138729e-07,7.579697012261022e-07,4.8452818646183e-07,9.388167541146686e-07,1.0580515663605183e-06,1.0833149417521781e-06,4.6584537471972e-07,7.257513061631471e-07,1.2296916338527808e-06,3.3963108307943912e-06,1.5828586583666038e-06,1.4300509292297647e-06,4.5838172013645817e-07
window-e090515831b2afd6aa3f,398_50405_98934,carrot,carrot,0.9999274015426636,True,6.710854449920589e-06,5.262429112917744e-06,2.5141955575236352e-06,8.16219107946381e-06,9.719218496684334e-07,7.667110253350984e-07,7.712993465247564e-06,0.9999274015426636,1.3338715234567644e-06,4.08938234386369e-07,1.9198637346562464e-07,3.6335251252239686e-07,1.563888326927554e-05,9.047509763604467e-08,1.2869537613369175e-06,1.2861084996984573e-06,1.8980261984324898e-06,9.835014225245686e-07,3.6276787795941345e-06,3.511678698941978e-07,5.469813686431735e-07,3.626373086262902e-07,1.0347637726226822e-05,4.4281671307544457e-07,1.2019156656606356e-06,8.103748427856772e-08
window-7d9a93c1515605405f3d,398_50405_98934,carrot,carrot,0.9999731779098511,True,2.6531806724960916e-06,1.0248334092466393e-06,1.5017114947113441e-06,2.481477395122056e-06,3.6150711935079016e-07,2.8227034931660455e-07,3.453124463703716e-06,0.9999731779098511,6.790617135266075e-07,1.303041301525809e-07,7.962210446521567e-08,1.454876326079102e-07,3.010547743542702e-06,8.261074668780566e-08,2.5495890554338985e-07,9.905913884722395e-07,6.503182703454513e-07,7.672398396607605e-07,1.200259475808707e-06,7.938130153206657e-08,9.593237848548597e-08,1.7479125347108493e-07,5.685773885488743e-06,2.720491636409861e-07,7.443672984663863e-07,7.751271624556466e-08
window-1ec8139b8888c1dec553,492_70423_135993,carrot,carrot,0.9999595880508423,True,6.137650871096412e-06,3.7283314213709673e-07,7.296820058400044e-06,7.425017543027934e-07,3.182140517310472e-06,1.0323141452772688e-07,1.5254621757776476e-05,0.9999595880508423,2.23291820589111e-07,3.092328029197233e-07,2.8384281591797844e-08,4.213145246012573e-07,8.380861231671588e-07,5.400926639254067e-08,1.891090164463094e-07,1.8343624219596677e-07,1.4879947229928803e-07,1.2363533414827543e-06,1.3622695860249223e-06,9.492888608519934e-08,1.4900409439633222e-07,3.2737926858317223e-07,3.8985888295428595e-07,1.898573316339025e-07,7.861693802624359e-07,1.7298860655046155e-07
window-c51de736cd822b0293d1,492_70423_135993,carrot,carrot,0.9998766183853149,True,1.7856056729215197e-05,8.775188575782522e-07,2.6536345103522763e-05,1.2476948541007005e-06,4.165075552009512e-06,6.198754363140324e-07,5.672283805324696e-05,0.9998766183853149,6.879774900880875e-07,1.0514733048694325e-06,9.95401379100258e-08,9.754567145137116e-07,1.023938352773257e-06,1.0380588122416157e-07,4.615255875251023e-07,4.780948756888392e-07,3.8673348967677157e-07,3.029682829946978e-06,1.2833061191486195e-06,1.9319099919812288e-07,7.082900310706464e-07,8.456958653368929e-07,1.3348993661566055e-06,7.811725026840577e-07,1.3698241900783614e-06,4.760084379995533e-07
window-c44a8ad126eff858cb4b,492_70423_135993,carrot,carrot,0.9876132011413574,True,0.0035651298239827156,0.00016674039943609387,0.00043506146175786853,5.8747526054503396e-05,0.0002788793935906142,4.605898357112892e-05,0.005829363130033016,0.9876132011413574,9.539766324451193e-05,0.00024797426885925233,2.5295927116530947e-05,0.00010770076914923266,2.9154472940717824e-05,5.04357012687251e-05,4.665082451538183e-05,7.001448830123991e-05,3.768888200283982e-05,0.00022534880554303527,0.0001796961296349764,1.69371905940352e-05,0.0004024067602586001,7.218527025543153e-05,0.0002164910692954436,0.00011881085083587095,4.387478475109674e-05,2.073553878290113e-05
window-3c2b6cedf3895546b090,492_70423_135993,carrot,carrot,0.9991298317909241,True,0.00016523290832992643,1.0555302651482634e-05,0.00013705881428904831,4.365621407487197e-06,3.547250889823772e-05,5.810188213217771e-06,0.0003802865685429424,0.9991298317909241,4.810319751413772e-06,1.1181715308339335e-05,5.6636786212038714e-06,3.5954142276750645e-06,3.195769977537566e-06,3.857519004668575e-06,3.3115245514636626e-06,6.2696467466594186e-06,2.8079066396458074e-06,9.766715265868697e-06,7.982558599906042e-06,2.5327942694275407e-06,9.785585461941082e-06,6.316988674370805e-06,3.79111515940167e-05,5.79898414798663e-06,4.1127268559648655e-06,2.3607383354828926e-06
window-ee9e9c508061b94fe1b7,523_75420_147248,carrot,carrot,0.9994316697120667,True,6.253641458897619e-06,1.344550014437118e-06,0.000412498542573303,4.58120193798095e-05,3.573736648831982e-06,1.312131530539773e-06,1.3042647879046854e-05,0.9994316697120667,1.7647888626015629e-06,8.09924074474111e-07,5.784817176390789e-07,2.3436198262061225e-06,1.6366697309422307e-05,1.6731694358895766e-06,2.3040333871904295e-06,1.2966590929863742e-06,3.809646841546055e-06,8.331714525411371e-06,1.564325430081226e-05,2.0640402453864226e-06,1.1701845323841553e-06,6.513262178486912e-07,2.1440497221192345e-05,6.111855554991052e-07,2.8444094368751394e-06,6.012786002429493e-07
window-9fbd3fbbce1fdc9a7739,523_75420_147248,carrot,carrot,0.9925577640533447,True,7.202145206974819e-05,1.5372805137303658e-05,0.004227276425808668,0.0007196310325525701,6.075599594623782e-05,5.23903509019874e-06,0.00017679038865026087,0.9925577640533447,3.8982005207799375e-05,5.7534089137334377e-05,2.8582919640030013e-06,6.386348104570061e-05,0.00018353317864239216,4.4921271182829514e-05,4.323762550484389e-05,5.460035481519299e-06,3.3536620321683586e-05,4.835743675357662e-05,0.0012418880360201001,6.124606443336233e-05,1.1759825611079577e-05,1.8682520021684468e-05,0.0002907717425841838,5.23267362950719e-06,8.020039786060806e-06,5.347539627109654e-06
window-0fc18f46f68ac388e897,523_75420_147248,carrot,carrot,0.9998689889907837,True,3.6569042549672304e-06,1.0756734809547197e-06,5.726113522541709e-05,2.0431851226021536e-05,1.2569217915370245e-06,4.377047844172921e-07,8.51023924042238e-06,0.9998689889907837,1.9681892808876e-06,6.382040282915113e-07,3.0164309805513767e-07,1.3260986406748998e-06,5.567786502069794e-06,4.01207586264718e-07,5.163641162653221e-06,2.451985778861854e-07,2.23731672122085e-06,1.4948053603802691e-06,9.241073712473735e-06,8.807501217233948e-07,9.896940582621028e-07,1.7720892628858564e-06,4.055037607031409e-06,3.926360250261496e-07,1.502388613516814e-06,2.1222574275725492e-07
window-ec14cae16ac321d548cc,523_75420_147248,carrot,carrot,0.9994179010391235,True,3.353962256369414e-06,2.50195284934307e-06,0.00047042351798154414,4.9311031034449115e-05,3.2391358217864763e-06,3.2012599149311427e-07,3.616633875935804e-06,0.9994179010391235,1.4387017017725157e-06,1.2387585002215928e-06,1.3540864074457204e-07,5.073257511867268e-07,3.16729847327224e-06,6.025975380907767e-07,3.187336460541701e-06,2.6581196266306506e-07,1.069254381036444e-06,1.8673611066333251e-06,8.844050171319395e-06,5.442446990855387e-07,9.086758723242383e-07,1.387655970574997e-06,2.285987648065202e-05,2.4553733624088636e-07,4.90797276597732e-07,4.925101393382647e-07
window-af6aa78468d4e09a0a2e,579_85648_169171,carrot,carrot,0.997632622718811,True,0.0015152115374803543,1.741047185532807e-06,0.0002465382858645171,6.562386261066422e-05,5.606299055216368e-06,1.1547267604328226e-05,3.742067565326579e-05,0.997632622718811,3.606462269090116e-05,2.9443339371937327e-05,2.8066859158570878e-05,2.51227174885571e-05,0.00010486974497325718,1.4401085536519531e-05,5.710181994800223e-06,1.1159700989082921e-05,2.7209636755287647e-05,8.546893513994291e-05,2.860187305486761e-05,8.6204399849521e-06,2.3135005449148593e-06,2.8825497793150134e-06,3.173614095430821e-05,1.0247330465062987e-05,2.9374821679084562e-05,2.347657300560968e-06
window-3a44fbd5120dbc0fec77,579_85648_169171,carrot,carrot,0.9954599738121033,True,0.0035621176939457655,2.908822807512479e-06,7.807777728885412e-05,7.841872866265476e-05,3.076457232964458e-06,2.5599827495170757e-05,8.283348142867908e-05,0.9954599738121033,3.9167112845461816e-05,3.633309461292811e-05,7.17775255907327e-05,4.8311547288903967e-05,0.00012825267913285643,4.41381853306666e-05,3.700412889884319e-06,2.6064164558192715e-05,3.3502110454719514e-05,7.978380745043978e-05,8.947069727582857e-05,1.4321687558549456e-05,2.290705197083298e-06,8.778515621088445e-06,2.824388320732396e-05,2.5011051548062824e-05,2.4153276172000915e-05,3.6076673950447002e-06
window-cf6f05f0f06f0e1b11b4,579_85648_169171,carrot,carrot,0.998680055141449,True,0.0007868485408835113,3.2478264984092675e-06,0.0001462655491195619,3.249587825848721e-05,2.49645108851837e-06,8.408897883782629e-06,2.096901516779326e-05,0.998680055141449,2.2656484361505136e-05,2.5149140128633007e-05,1.5994110071915202e-05,5.624446930596605e-05,4.4453045120462775e-05,1.652562787057832e-05,3.25862629324547e-06,1.7426666090614162e-05,1.17902573038009e-05,3.81921672669705e-05,1.6195997886825353e-05,4.721207915281411e-06,1.1181207355548395e-06,3.5160337574779987e-06,1.780085585778579e-05,9.642402801546268e-06,1.1569315574888606e-05,2.9142495350242825e-06
window-f5ea0b7cd30098513e3a,579_85648_169171,carrot,carrot,0.9986686706542969,True,0.001061736256815493,6.759797770428122e-07,2.0490850147325546e-05,6.116644362919033e-05,2.0164443412795663e-06,4.440243174030911e-06,1.142261771747144e-05,0.9986686706542969,1.157298083853675e-05,1.3022440725762863e-05,7.804137567291036e-06,1.0662627573765349e-05,4.0682731196284294e-05,3.6026560792379314e-06,1.3437836514640367e-06,1.2866000361100305e-05,1.0290149475622457e-05,1.5877982150414027e-05,1.2406952009769157e-05,2.8791384920623386e-06,1.2552058024084545e-06,2.217338305854355e-06,4.309508767619263e-06,7.362304586422397e-06,1.0256828318233602e-05,9.258529871658538e-07
window-f1a0ac0a033e29c003ef,610_96645_193673,carrot,carrot,0.999811589717865,True,1.8886026737163775e-05,3.561012817954179e-07,1.4582791663997341e-05,3.138259671686683e-06,4.868922133027809e-06,4.265487518750888e-07,9.473406862525735e-06,0.999811589717865,5.779490948043531e-06,2.490175461389299e-07,6.743007929799205e-07,6.581215075129876e-06,6.49905123282224e-05,9.420805326953996e-07,4.6765194383624475e-06,6.349899308588647e-07,6.139581728348276e-06,1.0696832760004327e-05,9.024144674185663e-06,6.518246664199978e-06,1.1552589285201975e-06,1.1456238553364528e-06,4.692003130912781e-06,6.493954970210325e-06,5.659479484165786e-06,7.459538551302103e-07
window-8a8a7780ca778336c2ad,610_96645_193673,carrot,carrot,0.9998310804367065,True,1.0422114428365603e-05,4.4126491616225394e-07,1.5787853044457734e-05,2.8368053790472914e-06,3.5887776448362274e-06,4.3481293232616736e-07,1.5327377695939504e-05,0.9998310804367065,4.3843997445947025e-06,1.5817133203199774e-07,5.507349101208092e-07,3.6804233332077274e-06,4.8628338845446706e-05,6.990743486312567e-07,4.761754553328501e-06,6.806605483689054e-07,1.0788538929773495e-05,1.4988248949521221e-05,9.754211532708723e-06,5.620095180347562e-06,1.136262426371104e-06,1.3304235153555055e-06,4.27929171564756e-06,3.30792204294994e-06,4.561829427984776e-06,6.168203299239394e-07
window-1c8c8ef296124c28038e,610_96645_193673,carrot,carrot,0.9998038411140442,True,1.561160388519056e-05,4.7535462499581627e-07,1.4807548723183572e-05,4.529634225036716e-06,4.678165169025306e-06,5.106176104163751e-07,1.2306330063438509e-05,0.9998038411140442,5.2752543524547946e-06,1.8697157599945058e-07,9.305722414865158e-07,7.606478902744129e-06,5.97881808062084e-05,1.0688391967050848e-06,4.4220096242497675e-06,7.747044037387241e-07,1.0888838914979715e-05,1.1072375855292194e-05,1.1881678801728413e-05,9.063705874723382e-06,1.8739813185675303e-06,1.254555058949336e-06,4.696407359006116e-06,6.25069242232712e-06,5.468317340273643e-06,7.79054914801236e-07
window-1af059e562645dc0f4ee,610_96645_193673,carrot,carrot,0.9997530579566956,True,2.4770670279394835e-05,5.67532140394178e-07,1.6763760868343525e-05,6.239880804059794e-06,5.14164867126965e-06,4.761988918744464e-07,1.3725806638831273e-05,0.9997530579566956,6.4434775595145766e-06,1.982611905759768e-07,6.494730087069911e-07,8.892541700333823e-06,8.722378697711974e-05,1.0084207815452828e-06,5.399049314291915e-06,8.281044756586198e-07,1.0479633601789828e-05,1.0340103472117335e-05,1.3770792065770365e-05,7.570726211270085e-06,1.8850545302484534e-06,1.616196755094279e-06,6.983598268561764e-06,8.044597961998079e-06,7.184586593211861e-06,7.6125110126668e-07
window-bb3056700db54235a0c7,108_12859_23648,chair,chair,0.9586693644523621,True,0.0012416738318279386,0.0013751521473750472,0.003997370600700378,0.0003549017128534615,0.0045149317011237144,0.0002315211168024689,0.0008171271765604615,0.0013509821146726608,0.9586693644523621,0.0010715621756389737,0.0009650688734836876,0.0009234364842996001,0.00022285859449766576,0.0013384479098021984,0.0017990570049732924,0.000249223958235234,0.00037177777267061174,0.006026025861501694,0.006942124105989933,0.0016488966066390276,0.0007379609160125256,0.0006606871029362082,0.0006456380360759795,0.000737930997274816,0.000511757330968976,0.0025945447850972414
window-71fb294901496c3cca15,108_12859_23648,chair,chair,0.9922760128974915,True,0.00018470689246896654,0.0001411826378898695,0.0013900042977184057,0.00016533807502128184,0.0013388509396463633,0.00011454655032139271,0.0002078248799080029,0.00010095652396557853,0.9922760128974915,0.00031997228506952524,0.00018149158859159797,0.00019573004101403058,7.385433127637953e-05,0.0004801555478479713,0.00015171132690738887,2.237648186564911e-05,0.0001506510452600196,0.0006390136550180614,0.0006303558475337923,0.0002017364458879456,0.00012209602573420852,0.0004698856209870428,9.616174065740779e-05,9.798899554880336e-05,0.00014837441267445683,9.907194908009842e-05
window-6958e09767a061024c4c,108_12859_23648,chair,chair,0.4937414526939392,True,0.016905082389712334,0.0072294133715331554,0.01991339772939682,0.3284233808517456,0.014582933858036995,0.0005989345954731107,0.008489836007356644,0.0018729929579421878,0.4937414526939392,0.004328687209635973,0.0024607093073427677,0.016812369227409363,0.0005614212132059038,0.005125649739056826,0.0032847230322659016,0.0028864683117717505,0.003179738065227866,0.025909150019288063,0.020646126940846443,0.0033837321680039167,0.006074866745620966,0.0022489530965685844,0.0023028189316391945,0.004153175745159388,0.0010805660858750343,0.003803499974310398
window-debedbcf3b3e4ac4829e,108_12859_23648,chair,chair,0.9811737537384033,True,0.00038786930963397026,0.0005535986856557429,0.001527629210613668,0.00021927054331172258,0.0013030001427978277,0.00017996154201682657,0.0007139337249100208,0.0003388461482245475,0.9811737537384033,0.0005051244515925646,0.0012903115712106228,0.0003767465823329985,8.001166861504316e-05,0.002125963568687439,0.00028085679514333606,8.320119377458468e-05,0.00026347191305831075,0.004594380967319012,0.0007653713691979647,0.00032909217406995595,0.00019146631530020386,0.0005995924002490938,4.713535599876195e-05,9.333744674222544e-05,0.00011810915020760149,0.0018578068120405078
window-6500454e5349d15bf087,372_41140_82042,chair,chair,0.9121845960617065,True,0.0004614856734406203,0.001416744664311409,0.001615040935575962,0.005062050186097622,0.0020420372020453215,0.00023355931625701487,0.0012074228143319488,0.000519141205586493,0.9121845960617065,0.000775524356868118,0.0006068163202144206,0.003052792279049754,9.682957170298323e-05,0.024261360988020897,0.0012531824177131057,0.0003251289017498493,0.00011439457739470527,0.0031795098911970854,0.004409740678966045,0.000641087768599391,0.00016342241724487394,0.0003053988912142813,0.013080005533993244,0.0012724008411169052,0.00012025882460875437,0.021600181236863136
window-e92819c6ce28a4353fec,372_41140_82042,chair,chair,0.992297351360321,True,3.247920540161431e-05,8.936711674323305e-05,0.0003228103742003441,0.0018920100992545485,7.448609540006146e-05,8.036910003283992e-05,0.00019757669360842556,2.261563713545911e-05,0.992297351360321,0.00039868164458312094,0.0001518741191830486,0.0002756515168584883,3.187558468198404e-05,0.0002600759908091277,0.00017749634571373463,7.119792280718684e-05,4.906431058770977e-05,0.00037953900755383074,0.00038580058026127517,9.621784556657076e-05,3.955247302656062e-05,0.00032551257754676044,6.248369027161971e-05,0.0002907919406425208,5.748383773607202e-05,0.0019374792464077473
window-da45d70d78d439a9828c,372_41140_82042,chair,chair,0.9959912896156311,True,2.351031253056135e-05,6.335446960292757e-05,0.00018975127022713423,0.0019089349079877138,9.302739636041224e-05,2.2719772459822707e-05,3.066545104957186e-05,1.0266948265780229e-05,0.9959912896156311,7.255816308315843e-05,0.0001954364124685526,5.7929675676859915e-05,1.7718410163070075e-05,0.0001634870859561488,2.979442615469452e-05,1.7998978364630602e-05,1.1461957001301926e-05,0.00012011712533421814,0.0002015156642301008,5.8495093981036916e-05,1.3599278645415325e-05,9.206380491377786e-05,5.4069772886577994e-05,7.714331877650693e-05,1.3677238712261897e-05,0.0004694096278399229
window-733e2215bfef58fa2a9e,372_41140_82042,chair,chair,0.9632319808006287,True,6.902715540491045e-05,0.0008553454536013305,0.0009260077495127916,0.012620781548321247,0.0003495836572255939,0.0001833358983276412,0.000378999684471637,0.00019577036437112838,0.9632319808006287,0.0003747146110981703,0.0006053420947864652,0.0007367213256657124,8.509137114742771e-05,0.0007254481897689402,0.0004945669206790626,0.00014161130820866674,0.0001296224509133026,0.0005565451574511826,0.0007134125335142016,0.0005536159151233733,8.99596416275017e-05,0.00032056387863121927,0.000587875081691891,0.0009119018213823438,0.00013928557746112347,0.014022902585566044
window-8adbaf1c23c2a0e9d8dd,372_41169_81981,chair,chair,0.9920082092285156,True,1.314338169322582e-05,8.69716313900426e-05,6.375731027219445e-05,0.0003289009036961943,0.0001499745703767985,2.353582385694608e-05,7.965545228216797e-05,2.1901762011111714e-05,0.9920082092285156,5.468022936838679e-05,5.873351983609609e-05,0.00016061698261182755,1.8532329704612494e-05,4.539081055554561e-05,0.0002432686887914315,8.272956620203331e-05,0.00013551348820328712,0.0002936070959549397,0.00014920506509952247,0.00019395735580474138,2.5370556613779627e-05,0.0002744978992268443,2.53120106208371e-06,8.224459452321753e-05,4.110886948183179e-05,0.0053619323298335075
window-18f7a64871cf80dc676b,372_41169_81981,chair,chair,0.4530795216560364,True,0.001217522076331079,0.01082583423703909,0.0013285997556522489,0.031181998550891876,0.012177095748484135,0.00030479428824037313,0.0018169931136071682,0.004717622883617878,0.4530795216560364,0.0024719706270843744,0.003657733788713813,0.23784051835536957,0.006126082967966795,0.0013261502608656883,0.010652175173163414,0.006528088357299566,0.0016976883634924889,0.03658916801214218,0.029317140579223633,0.006596009712666273,0.007960810326039791,0.0010392711265012622,0.002659917576238513,0.007838193327188492,0.0016491604037582874,0.11939998716115952
window-e458126fd8bfc637bf38,372_41169_81981,chair,chair,0.9585258364677429,True,0.00015210134733933955,0.0004897933104075491,0.0003772629133891314,0.005164217669516802,0.00022555397299584,5.5088716180762276e-05,0.0002575614780653268,0.0003987132804468274,0.9585258364677429,0.0002260557230329141,0.0006472909590229392,0.0016670712502673268,2.4390908947680146e-05,0.00018825083679985255,0.0009996137814596295,0.00037171642179600894,0.00039736967300996184,0.0011241870233789086,0.0017824760871008039,0.0010829254752025008,0.00015413382789120078,0.0005550847272388637,5.574281749431975e-05,0.0004985972191207111,0.00013966830738354474,0.02443927712738514
window-719fe19cc9dbb990b9f6,372_41169_81981,chair,chair,0.5188572406768799,True,0.0016210245667025447,0.008758137002587318,0.004438626114279032,0.04953600838780403,0.013836067169904709,0.001877567614428699,0.011725342832505703,0.0026547429151833057,0.5188572406768799,0.015984229743480682,0.03673843666911125,0.017843512818217278,0.0006944583146832883,0.009393641725182533,0.01766786351799965,0.002189365215599537,0.008204000070691109,0.021891681477427483,0.07669110596179962,0.0076301079243421555,0.0026935292407870293,0.004018229432404041,0.0005980852292850614,0.003312737215310335,0.0016769540961831808,0.15946730971336365
window-262528ffa91a43efdc8b,391_46976_93669,chair,chair,0.9480392932891846,True,0.000885709363501519,0.0005646709469147027,0.0006389833288267255,0.037401966750621796,0.0004966280539520085,0.0008422716055065393,0.0003136306768283248,0.00017815004684962332,0.9480392932891846,0.0004488674458116293,0.0007950399885885417,0.0007319555734284222,0.0005053976783528924,0.00023231336672324687,0.00016176981444004923,0.0002415787457721308,0.0007103726384229958,0.00031990601564757526,0.0027267695404589176,0.00021010474301874638,0.00036026944871991873,0.0004243750881869346,0.001644713687710464,0.0007575548370368779,0.00020430050790309906,0.00016334597603417933
window-dce8d124e62151bed20f,391_46976_93669,chair,chair,0.981522798538208,True,0.00011136905231978744,0.00016245104779955,5.912769120186567e-05,0.0018747308058664203,0.00045717190369032323,0.0003076250432059169,9.498634426563513e-06,0.0008052335469983518,0.981522798538208,0.001106431009247899,0.0005214284756220877,0.0007620650576427579,0.00011673000699374825,0.00031698416569270194,0.0014587906189262867,0.00011846335837617517,0.0003090252575930208,0.0005140732391737401,0.0003328382153995335,0.00044284173054620624,0.000988975167274475,0.0009258388890884817,0.0012270058505237103,0.005402072798460722,3.426018884056248e-05,0.00011212377285119146
window-23c087376a7aceb1e102,391_46976_93669,chair,chair,0.9852846264839172,True,6.991585541982204e-05,0.0005434177001006901,0.00028745655436068773,0.004904795438051224,0.00012919159780722111,0.0017927414737641811,8.685582724865526e-05,0.00017794620362110436,0.9852846264839172,0.0005759096820838749,0.0007673670770600438,0.00033409715979360044,0.00020990354823879898,0.00017623910389374942,0.0003784665314015001,0.00015527495997957885,0.0006592788267880678,0.0004200351831968874,0.00045046868035569787,0.00026821892242878675,0.0002169593790313229,0.0012494678376242518,0.00034571863943710923,0.00035433642915450037,0.00010357637802371755,5.778820195700973e-05
window-ffba9630d1348126e1f8,391_46976_93669,chair,chair,0.7917143702507019,True,0.0027695423923432827,0.004959278739988804,0.0033406356815248728,0.13380451500415802,0.001900502946227789,0.0019748746417462826,0.0019889844115823507,0.00041547237196937203,0.7917143702507019,0.0008425387786701322,0.0030961872544139624,0.004773694556206465,0.0018691141158342361,0.0016938094049692154,0.0003988700336776674,0.002496279077604413,0.00309925084002316,0.003953506704419851,0.01472521387040615,0.0010355821577832103,0.0025820762384682894,0.001263263518922031,0.005235934630036354,0.007126933895051479,0.002059235004708171,0.0008803057135082781
window-f9de7346eb0c19eacb02,392_47518_94512,chair,chair,0.9992259740829468,True,3.727399644049001e-06,3.1931069770507747e-06,3.095021838817047e-06,0.0004854693543165922,3.665365738925175e-06,2.1556554656854132e-06,3.6541691770253237e-06,5.5292716751864646e-06,0.9992259740829468,8.710333645467472e-07,3.0818751838523895e-05,3.088966695941053e-05,5.788579528598348e-06,3.274579739809269e-06,5.083583801024361e-06,6.1534192354884e-06,1.492120554758003e-05,1.8022241192738875e-06,1.3674668480234686e-05,6.148210104583995e-06,1.96643486560788e-05,1.9239681932958774e-05,1.0506172657187562e-05,8.904861169867218e-05,3.6962983358534984e-06,2.0414086066011805e-06
window-1fb32c2f9bbbe2600ed6,392_47518_94512,chair,chair,0.9994933605194092,True,1.7475946378908702e-06,2.405613940936746e-06,1.8536584320827387e-06,0.00011006458953488618,7.6246819844527636e-06,5.987874942547933e-07,1.4637698768638074e-06,5.850251454830868e-06,0.9994933605194092,1.058308157553256e-06,1.74299166246783e-05,8.860104571795091e-05,4.200714101898484e-06,7.276788096532982e-07,2.4354671040782705e-05,2.540525747463107e-05,3.157086393912323e-05,1.1262317457294557e-05,1.6441637171737966e-06,4.346219157014275e-06,7.859512697905302e-05,2.492366729711648e-05,3.098189154115971e-06,3.465536065050401e-05,7.536534212704282e-06,1.5651186913601123e-05
window-32e3bc6f7fd1ab90a572,392_47518_94512,chair,chair,0.9997599720954895,True,1.178358843390015e-06,9.678127526058233e-07,7.629039373568958e-07,0.0001275173417525366,2.2360745788319036e-06,3.669365753466991e-07,1.0960889085254166e-06,2.139431444447837e-06,0.9997599720954895,6.572511210833909e-07,2.0701751054730266e-05,1.2109138879168313e-05,2.0921388568240218e-06,7.282333172042854e-07,1.6570791103731608e-06,1.4349620869325008e-06,3.791250946960645e-06,1.0931992164842086e-06,3.0362305096787168e-06,2.1283995010890067e-06,1.0978166756103747e-05,9.973633495974354e-06,2.7519718059920706e-06,2.530620440666098e-05,3.99427472075331e-06,1.3112063470543944e-06
window-db0a570483afc201e612,392_47518_94512,chair,chair,0.9994874000549316,True,5.209472419664962e-06,2.591340489743743e-06,3.2696409562049666e-06,0.0002027107693720609,3.282965553808026e-05,7.8560333349742e-07,5.623796823783778e-06,2.0685707568190992e-05,0.9994874000549316,2.404721271886956e-06,1.4930848010408226e-05,4.7154117055470124e-05,4.986434305465082e-06,1.5415245115946163e-06,9.661699550633784e-06,2.9198561151133617e-06,5.613177108898526e-06,2.4176533770514652e-06,4.257994987710845e-06,7.233636097225826e-06,5.932098429184407e-05,1.1367806109774392e-05,7.0060409598227125e-06,3.382123031769879e-05,1.7849069990916178e-05,6.293880687735509e-06
window-5b43611a806b5b67771f,395_49193_97277,chair,chair,0.6878386735916138,True,0.00032258289866149426,0.007577182725071907,0.0009788607712835073,0.2794520854949951,0.00020731010590679944,0.0003920085437130183,0.00105458521284163,0.000377348274923861,0.6878386735916138,0.00012394598161336035,0.015426276251673698,0.00034315447555854917,0.00043851506779901683,0.0002747917897067964,0.00022579054348170757,0.00013659567048307508,0.0002552682999521494,0.00035878625931218266,0.0007338655414059758,0.0003859720309264958,0.0013931449502706528,0.0008829298312775791,0.0002856076171156019,0.00017801964713726193,4.6715136704733595e-05,0.00030998981674201787
window-5ea3d4aeda3894e48c2f,395_49193_97277,chair,chair,0.605461061000824,True,0.0010478757321834564,0.005960946902632713,0.003245847299695015,0.33335962891578674,0.0008834607433527708,0.0017272151308134198,0.0021596800070255995,0.0034877697471529245,0.605461061000824,0.0005500564584508538,0.024375123903155327,0.000902874453458935,0.0020306725054979324,0.0018348176963627338,0.0012159032048657537,0.0003051265375688672,0.0005913300556130707,0.0013140279334038496,0.0013795981649309397,0.0010415903525426984,0.0037951343692839146,0.0010896131861954927,0.001036027679219842,0.0006145898951217532,0.00014403722889255732,0.0004459455667529255
window-0997e00766ec391c1ec1,395_49193_97277,chair,chair,0.6878776550292969,True,0.001926424098201096,0.012919800356030464,0.0036460089031606913,0.22752520442008972,0.00039481488056480885,0.0008007630240172148,0.0024039288982748985,0.0009984135394915938,0.6878776550292969,0.00025062367785722017,0.04557708278298378,0.0031455345451831818,0.0005093387444503605,0.0004382111073937267,0.0012148907408118248,0.0005089000915177166,0.0015378814423456788,0.00040924374479800463,0.0020883395336568356,0.00036772814928554,0.001982529414817691,0.0018501318991184235,0.00027342772227711976,0.0008256247383542359,8.501917909597978e-05,0.00044248279300518334
window-3f865ddfb613fd29a6d4,395_49193_97277,chair,chair,0.7577614784240723,True,0.00038879961357451975,0.006001422181725502,0.001496644807048142,0.2124270498752594,0.00018799884128384292,0.00023925691493786871,0.0008398480131290853,0.00037976898602209985,0.7577614784240723,0.00011040282697649673,0.01593494601547718,0.0003738783416338265,0.00017333755386061966,0.00015389182954095304,0.00012431830691639334,4.5093605876900256e-05,0.0001570691674714908,0.0001590498286532238,0.00089020881569013,0.00016491944552399218,0.0007953920867294073,0.0006564924260601401,0.00012135651195421815,0.00012483631144277751,3.909977021976374e-05,0.00025345556787215173
window-ee0d22e6e282b507dba1,455_64092_126267,chair,chair,0.9950447082519531,True,5.307190349412849e-06,2.0748508177348413e-05,3.5224762541474774e-05,0.0046203648671507835,1.1681715477607213e-05,9.57253996602958e-06,5.88456623518141e-06,6.4669452513044234e-06,0.9950447082519531,2.0900755771435797e-05,2.9183951482991688e-05,2.745401070569642e-05,5.254682037048042e-06,6.712692993460223e-06,1.1152108527312521e-05,1.5723356909802533e-06,7.4780236900551245e-06,4.2874789869529195e-06,1.4516711416945327e-05,5.565925221162615e-06,2.563320958870463e-05,7.147702945076162e-06,3.1390397907671286e-06,2.7598076485446654e-05,3.403227310627699e-05,8.431205969827715e-06
window-f61961c9e35df9d936f6,455_64092_126267,chair,chair,0.9195037484169006,True,0.00026370122213847935,0.001642538933083415,0.007696909364312887,0.04560641199350357,0.0025476571172475815,0.00034288110327906907,0.0002947700268123299,0.00039774776087142527,0.9195037484169006,0.001250501605682075,0.002015406033024192,0.006657283753156662,0.0003244298277422786,0.000944263010751456,0.0012865635799244046,8.448339212918654e-05,0.0009763163980096579,0.0007886886596679688,0.0012605948140844703,0.000527292606420815,0.0017433902248740196,0.0007627931190654635,9.157721069641411e-05,0.0005741762579418719,0.00044139206875115633,0.001974494429305196
window-0c96796ee6a8f1635b5a,455_64092_126267,chair,chair,0.9403542876243591,True,9.479463915340602e-05,0.0002631517418194562,0.0005449854652397335,0.055013351142406464,0.00017018539074342698,6.471094093285501e-05,0.0002385692932875827,4.514386455412023e-05,0.9403542876243591,0.000217732711462304,0.00013271190982777625,0.0003784912114497274,0.0001566981227369979,5.894763671676628e-05,0.0001020984273054637,1.1115507732029073e-05,0.0003084984782617539,6.20421560597606e-05,0.00027252925792708993,7.39644092391245e-05,0.00015918292046990246,0.0001310108636971563,5.804818283650093e-05,0.0004840401525143534,0.00045481990673579276,0.00014893448678776622
window-df0344260d23f4b04e2e,455_64092_126267,chair,chair,0.8851684927940369,True,7.963275857036933e-05,0.00027655353187583387,0.0005389021243900061,0.11170049756765366,0.00024719725479371846,7.020197517704219e-05,5.178452920517884e-05,4.8674024583306164e-05,0.8851684927940369,0.00022670620819553733,9.994360152631998e-05,0.00015498208813369274,8.455128408968449e-05,4.692565562436357e-05,0.00016138934006448835,7.5458256105775945e-06,0.00014319890760816634,0.00010542053496465087,0.0001622594427317381,5.9693735238397494e-05,0.00014095098595134914,6.212264997884631e-05,1.1713470485119615e-05,0.00012146100925747305,0.000111863759229891,0.00011728499521268532
window-3d164445c635de6387e6,34_1485_4730,cup,cup,0.9944151639938354,True,0.00013360902084968984,0.00027941769803874195,8.360361243830994e-05,6.504204066004604e-05,7.86173768574372e-05,0.0008539339760318398,3.2501375244464725e-05,6.614680751226842e-05,4.037805047119036e-05,0.9944151639938354,0.00026566232554614544,0.00024617923190817237,7.509220267820638e-06,0.00016686719027347863,5.8838755649048835e-05,0.00042354894685558975,1.2398464605212212e-05,6.04898996243719e-05,2.1753819964942522e-05,1.1071639164583758e-05,0.0003840085119009018,0.00025487024686299264,0.00039714001468382776,0.00015885797620285302,1.318193335464457e-05,0.0014692150289192796
window-5eb940676498733a4b4d,34_1485_4730,cup,cup,0.9924001693725586,True,0.00022953652660362422,0.00040649689617566764,4.829215686186217e-05,0.0002584701869636774,6.307435251073912e-05,0.0033090999349951744,6.326863513095304e-05,0.00011533348879311234,1.682223955867812e-05,0.9924001693725586,0.0003887849743478,4.3688782170647755e-05,8.934053767006844e-06,2.3493154003517702e-05,1.4899372217769269e-05,0.00022740279382560402,9.955001587513834e-06,3.4579596103867516e-05,2.7174675778951496e-05,9.758032319950871e-06,0.0004046575340908021,0.00010933362500509247,0.00022240019461605698,7.605824794154614e-05,1.517982491350267e-05,0.001473164651542902
window-b2515c3838dcd7b61544,34_1485_4730,cup,cup,0.9954133629798889,True,7.392424595309421e-05,0.00014979505795054138,2.5198945877491497e-05,0.00013385491911321878,4.1416558815399185e-05,0.0009168423712253571,2.4951488740043715e-05,6.290434248512611e-05,1.5930880181258544e-05,0.9954133629798889,0.0001839361066231504,5.353596498025581e-05,4.768314738612389e-06,2.0576786482706666e-05,2.316762402188033e-05,0.0002111528447130695,5.923124717810424e-06,5.674501517205499e-05,2.7238582333666272e-05,8.072399396041874e-06,0.000168884260347113,0.0001231416972586885,0.00013176949869375676,8.859681111061946e-05,1.1042346159229055e-05,0.0020232819952070713
window-f7e0ffb48cec418d7dcc,34_1485_4730,cup,cup,0.979203462600708,True,0.0007926325779408216,0.0006270685698837042,0.0001376694126520306,0.0008491008193232119,0.00033944426104426384,0.0026160443667322397,0.00022307690232992172,0.0008932360797189176,0.00011703446216415614,0.979203462600708,0.00041838811011984944,0.00020239452715031803,5.0598970119608566e-05,9.878287528408691e-05,0.00015301877283491194,0.0011596621479839087,2.7754678740166128e-05,0.0002913583302870393,0.0001757805293891579,2.7476569812279195e-05,0.0021511013619601727,0.00037539584445767105,0.0010783879552036524,0.00045328668784350157,3.5030236176680773e-05,0.0075028738938272
window-ebdcaf51014f8eb6af28,46_2543_7478,cup,cup,0.9047940373420715,True,0.01930742710828781,0.001229756511747837,0.00022983171220403165,0.0004436704912222922,0.0035409932024776936,0.0034107754472643137,0.03777086362242699,0.00019179163791704923,1.5645868188585155e-05,0.9047940373420715,0.0021574050188064575,0.00023301973124034703,0.00024395770742557943,0.0013900443445891142,8.15286985016428e-05,0.0014839780051261187,3.115774961770512e-05,0.003835141658782959,0.0019645101856440306,0.0003364241274539381,0.00480011897161603,0.0004625792207662016,0.0010200461838394403,0.0004313182726036757,0.0006230260478332639,0.009970893152058125
window-682c2071b470703f84c8,46_2543_7478,cup,cup,0.9322011470794678,True,0.006122690159827471,0.0004042542423121631,0.0001599205716047436,0.00020230877271387726,0.00349464756436646,0.0019671476911753416,0.0253607165068388,0.00013865958317182958,7.337595889111981e-06,0.9322011470794678,0.0011681313626468182,0.0003668088174890727,0.0001270933571504429,0.0006514381966553628,4.1883646190399304e-05,0.00078423140803352,1.6614025298622437e-05,0.002796352608129382,0.001685217022895813,0.00025291010388173163,0.005314275622367859,0.0006268728175200522,0.00045653205597773194,0.00017219030996784568,0.00021327551803551614,0.015267210081219673
window-aa7d87ed4ab88eeb0621,46_2543_7478,cup,cup,0.8761710524559021,True,0.02325267530977726,0.001497691497206688,0.0006701774545945227,0.0008383651729673147,0.004944062791764736,0.0035156586673110723,0.04622858762741089,0.00023261929163709283,2.4078599381027743e-05,0.8761710524559021,0.002057749545201659,0.00024683374795131385,0.0003348133759573102,0.002927931025624275,0.0001305238256463781,0.0011396808549761772,5.26421754329931e-05,0.0018714950419962406,0.01502753421664238,0.000889551651198417,0.005683278664946556,0.0006503023323602974,0.0008294600993394852,0.00037494476418942213,0.0005677130538970232,0.009840614162385464
window-191a4ca97781e0c950f9,46_2543_7478,cup,cup,0.8917736411094666,True,0.015737490728497505,0.0013773459941148758,0.00047563094994984567,0.00032862956868484616,0.009339340962469578,0.002387825632467866,0.027664825320243835,0.0003907978825736791,2.121689794876147e-05,0.8917736411094666,0.0048478348180651665,0.00042479511466808617,0.0002863877161871642,0.0009176104213111103,0.00011485168943181634,0.0020737501326948404,5.5505766795249656e-05,0.004987681750208139,0.0023201843723654747,0.0006759826792404056,0.0079842833802104,0.0013028490357100964,0.0007201853441074491,0.0002984059101436287,0.0009259266662411392,0.022567030042409897
window-4347655143c93065ad53,589_88288_175265,cup,cup,0.99950110912323,True,3.302399136373424e-06,1.5267321487044683e-06,1.274736860068515e-05,5.1274884754093364e-05,3.769439354073256e-05,1.1724324394890573e-05,6.782128366467077e-06,1.1610811725404346e-06,7.541028935520444e-06,0.99950110912323,2.6155901650781743e-05,4.497302143136039e-06,8.129121852107346e-06,1.4296382460088353e-06,1.694010461505968e-05,2.7616088118520565e-06,2.152143497369252e-05,1.5922620150377043e-05,2.857619256246835e-05,2.5159210053971037e-05,1.0485289749340154e-05,5.170760414330289e-05,2.6584017177810892e-05,5.9766457525256556e-06,1.4644284419773612e-05,0.00010457223106641322
window-71d5169dc65e250cd9b7,589_88288_175265,cup,cup,0.9990849494934082,True,7.888994332461152e-06,8.057101581471215e-07,6.69307473799563e-06,8.747515494178515e-06,7.18602241249755e-05,4.9079831114795525e-06,5.13026543558226e-06,1.0792497278089286e-06,4.9673099056235515e-06,0.9990849494934082,9.733342267281841e-06,1.4355688108480535e-05,4.814412932319101e-06,7.4578571229722e-07,8.257563422375824e-06,1.3184159115553484e-06,1.2602501556102652e-05,3.491865936666727e-05,2.7853709980263375e-05,3.0220702683436684e-05,1.2096520549675915e-05,1.1648430700006429e-05,6.8109538915450685e-06,4.324576821090886e-06,1.3855628822057042e-05,0.000609446840826422
window-13d85ad0f1d4ccccfc7b,589_88288_175265,cup,cup,0.9808979630470276,True,3.5745000786846504e-05,3.999289037892595e-05,7.994052430149168e-05,0.001245238003320992,0.00048415985656902194,5.1103997975587845e-05,3.034810652025044e-05,1.3367965948418714e-05,7.344830009969883e-06,0.9808979630470276,0.0003508258960209787,0.0001195707154693082,2.9601304049720056e-05,1.9076838725595735e-05,0.00011933637870242819,3.299078525742516e-05,6.638460035901517e-05,0.00023220364528242499,0.0004189716710243374,0.00015003637236077338,0.00018024670134764165,9.051591041497886e-05,0.00016618236259091645,2.8867538276244886e-05,9.205653623212129e-05,0.015017902478575706
window-4fd077101ab0625cc133,589_88288_175265,cup,cup,0.9988114833831787,True,2.488980499038007e-05,2.754423576334375e-06,9.111804502026644e-06,7.036881015665131e-06,0.00010777029092423618,1.0854735592147335e-05,8.324002919835038e-06,2.69720476353541e-06,6.687906079605455e-06,0.9988114833831787,2.394115290371701e-05,1.987943505810108e-05,8.141754733514972e-06,6.718286158502451e-07,1.575518399477005e-05,3.0691207939526066e-06,1.9141856682836078e-05,2.2872211047797464e-05,2.4980810849228874e-05,9.371213673148304e-05,1.8129525415133685e-05,1.2561464245663956e-05,7.290770554391202e-06,5.970659913145937e-06,4.313996760174632e-05,0.0006891745724715292
window-64e0de49b22c8a22a19d,595_90563_180752,cup,cup,0.9998055100440979,True,1.8796178835600585e-07,2.7785918632616813e-07,1.7633170728004188e-06,1.2497018815338379e-06,5.77720413730276e-07,7.802533218637109e-05,6.716333018630394e-07,3.438758540141862e-07,3.6411900055099977e-06,0.9998055100440979,2.8880609193038254e-07,5.043551936978474e-06,6.012784524500603e-06,6.415544930860051e-07,6.414835524992668e-07,5.01559679833008e-06,3.0397034151974367e-06,1.4447434296016581e-05,1.2027644515910652e-06,3.0001326649653492e-06,1.6637134194752434e-06,2.413125184830278e-05,1.5242703739204444e-05,2.7637095172394766e-06,2.4308815227414016e-06,2.2253469069255516e-05
window-814ed3120d4c6ce281b4,595_90563_180752,cup,cup,0.9996098875999451,True,9.89077307167463e-07,1.226460881298408e-06,9.264966820410336e-07,2.260003611809225e-06,1.6192202565434854e-06,0.00021406225278042257,3.0678063467348693e-06,7.390558494080324e-07,8.611009434389416e-06,0.9996098875999451,2.9139571324776625e-06,2.986620984302135e-06,7.785127309034579e-06,1.0401942063253955e-06,2.4028311145229964e-06,1.2692569271166576e-06,1.1081815500801895e-05,1.2300352864258457e-05,1.3510680219042115e-06,1.1837845704576466e-05,2.767216528809513e-06,1.5495750631089322e-05,1.9331913790665567e-05,6.79108643453219e-06,2.1090345398988575e-05,3.6316334444563836e-05
window-2a8b238964d9162bf9dd,595_90563_180752,cup,cup,0.9992923736572266,True,1.1064541922678472e-06,1.1191519888598123e-06,5.6681883506826125e-06,7.797647413099185e-06,4.612095381162362e-06,6.87594510964118e-05,8.363086635654327e-06,2.142586936315638e-06,5.16129621246364e-05,0.9992923736572266,8.660549610794988e-07,6.5678432292770594e-06,9.87122257356532e-06,2.721385499171447e-06,9.498523468209896e-06,6.9781835918547586e-06,0.00013923796359449625,3.997653038823046e-06,3.4213080652989447e-06,5.658304417011095e-06,8.120628081087489e-06,2.3116162992664613e-05,0.00021717790514230728,1.2085642993042711e-05,1.383947346766945e-05,9.331872570328414e-05
window-b345e6be4d08de51340f,598_92112_184082,cup,cup,0.9922698736190796,True,0.00032355618895962834,1.187069938168861e-05,4.223674477543682e-05,0.0014859630027785897,0.0006041451706551015,0.002159022493287921,0.00010757969721453264,0.0001319885195698589,4.670889757107943e-05,0.9922698736190796,0.00010492878209333867,0.00010562012175796553,0.00013244381989352405,8.533769687346648e-06,0.00017044751439243555,0.0001719521969789639,0.00011774519953178242,6.764478894183412e-05,6.257904169615358e-05,0.00012283222167752683,0.00015997164882719517,0.0005538697587326169,0.00014405394904315472,0.00013000419130548835,7.817428559064865e-05,0.0006862913141958416
window-294bd9ac3b066a8e4859,598_92112_184082,cup,cup,0.9986728429794312,True,2.0282514014979824e-05,7.140166644603596e-07,1.152706317952834e-05,8.05917225079611e-05,2.814077197399456e-05,0.0001810552494134754,3.941607064916752e-05,1.1995637578365859e-05,5.370171493268572e-06,0.9986728429794312,7.509624992962927e-07,7.280112185981125e-05,1.1764686860260554e-05,1.0551818832027493e-06,6.516397843370214e-05,4.588580850395374e-05,3.4559383493615314e-05,1.551434615976177e-05,1.4069359167478979e-05,9.791619049792644e-06,1.1238764273002744e-05,0.0003190505667589605,2.954307092295494e-05,1.1936400369449984e-05,1.0314273822586983e-05,0.00029459327924996614
window-0e1d785313ffae703c13,598_92112_184082,cup,cup,0.9986283779144287,True,8.264668394986074e-06,2.1712889974878635e-07,3.337279395054793e-06,2.079134719679132e-05,6.392531213350594e-05,0.00014383895904757082,1.0401648978586309e-05,7.704495146754198e-06,1.1998639820376411e-05,0.9986283779144287,1.2079185580660123e-06,5.4224383347900584e-06,9.55159976001596e-06,9.082559699891135e-07,1.722182787489146e-05,1.865120248112362e-05,2.2069527403800748e-05,5.436719675344648e-06,1.1629924301814754e-05,3.373733989064931e-06,1.3487872820405755e-05,5.426269126473926e-05,4.91724640596658e-05,3.6883870052406564e-05,6.47239130557864e-06,0.0008453702903352678
window-e818a6c632e6a8915d37,598_92112_184082,cup,cup,0.996981680393219,True,3.6360466765472665e-05,1.7806946743803564e-06,5.3936155381961726e-06,0.00021699356148019433,0.00017558952094987035,0.0008565311436541378,2.2764759705751203e-05,2.3398857592837885e-05,2.5686978915473446e-05,0.996981680393219,9.572140697855502e-06,3.6828103475272655e-05,3.642991941887885e-05,2.567006731624133e-06,1.4812816516496241e-05,5.374543252401054e-05,4.709919448941946e-05,2.835285158653278e-05,1.07136966107646e-05,3.5167944588465616e-05,4.555434134090319e-05,0.00023456936469301581,6.174462760100141e-05,4.183611599728465e-05,2.5255574655602686e-05,0.0009694963810034096
window-5a96ab6d465543704fe7,606_94988_191151,cup,cup,0.9999852180480957,True,1.661377808659381e-07,1.5395846730825724e-07,9.352195462497548e-08,1.3838421182299498e-06,1.286240944864403e-07,7.270468245224038e-07,1.2262867699064373e-07,1.7267656460262515e-07,5.805213731946424e-07,0.9999852180480957,5.125688176121912e-07,7.67795427236706e-08,1.6552638726352598e-07,1.0936327043964411e-07,5.577673505285929e-07,9.247260379652289e-08,2.4465663273076643e-07,6.038746960257413e-07,8.559449327094626e-08,6.011442792441812e-07,1.798633775251801e-07,2.583900595709565e-06,3.417115408410609e-07,3.874232135103739e-08,2.7248503897681076e-07,4.815874945052201e-06
window-48e5b23dfedd246f01aa,606_94988_191151,cup,cup,0.9999630451202393,True,2.496173863164586e-07,1.8340854524012684e-07,1.4764849254333967e-07,1.3468784345604945e-06,1.319116051945457e-07,1.0967673915729392e-06,1.8589234684895928e-07,3.34859691974998e-07,1.3939600194134982e-06,0.9999630451202393,1.4230171245799283e-06,1.5522809349022282e-07,3.5194744896216434e-07,1.8825458880655788e-07,1.140398921961605e-06,1.4939618608877936e-07,3.8868861906848906e-07,1.2745897493005032e-06,1.1092466678519486e-07,1.0201541726928554e-06,2.907037242039223e-07,5.016353952669306e-06,6.017980354044994e-07,4.482958715357199e-08,6.822601790190674e-07,1.8889069906435907e-05
window-deaa311f65b9d65947fb,606_94988_191151,cup,cup,0.9999617338180542,True,2.0578636394930072e-07,3.7155081145101576e-07,2.738332511853514e-07,2.9806908514729002e-06,1.5319484703013586e-07,6.916491201991448e-07,1.1642452335536291e-07,2.3586930808505713e-07,1.280494643651764e-06,0.9999617338180542,1.3221439303379157e-06,1.4429186023789953e-07,2.4872144877008395e-07,4.778337938660115e-07,1.047769842443813e-06,1.7464462587213347e-07,5.862089551555982e-07,1.6955953014985425e-06,2.1212463252595626e-07,1.336341597379942e-06,4.6442920620393124e-07,4.868966243520845e-06,7.921036626612477e-07,5.9184007028534324e-08,1.0080677839141572e-06,1.750378214637749e-05
window-458159f75c694f11b35c,606_94988_191151,cup,cup,0.9999823570251465,True,2.5531750225127325e-07,9.838898762382087e-08,1.431265985729624e-07,8.385601404370391e-07,1.376997005309022e-07,3.9030786069815804e-07,7.653646605376707e-08,2.2108113739705004e-07,1.16718592835241e-06,0.9999823570251465,4.872715066994715e-07,1.0056538002345405e-07,1.9996554101453512e-07,1.463817795865907e-07,5.85183215662255e-07,1.1073402106376307e-07,2.204886158096997e-07,1.5842588254599832e-06,1.8857681993722508e-07,7.086169375725149e-07,2.633098858950689e-07,4.037398412037874e-06,2.344699794321059e-07,2.45704026013982e-08,5.679216883436311e-07,4.946644367009867e-06
window-c86290eb89273f8ad893,394_48845_96618,frisbee,frisbee,0.8367845416069031,True,0.00669626472517848,0.008767273277044296,0.0021662372164428234,0.00896180234849453,0.0003328158927615732,0.0047979108057916164,0.0056628878228366375,0.004150599241256714,0.010302891954779625,0.0017281713662669063,0.8367845416069031,0.019328229129314423,0.005866082385182381,0.04066766798496246,0.001295264228247106,0.004410936497151852,0.0013088712003082037,0.0024942727759480476,0.0003207199333701283,0.0013691288186237216,0.010172765702009201,0.0010944943642243743,0.008490613661706448,0.005571428220719099,0.0035081079695373774,0.003749932162463665
window-69b2f01e3e44bc0707c2,394_48845_96618,frisbee,frisbee,0.8602985143661499,True,0.011107425205409527,0.011646621860563755,0.002941589104011655,0.004793408326804638,0.0005571305518969893,0.00428323308005929,0.007762996479868889,0.005105995573103428,0.004981025122106075,0.0024998763110488653,0.8602985143661499,0.007706489879637957,0.010862343944609165,0.01295216754078865,0.0007367942598648369,0.001265830360352993,0.0008058532257564366,0.01271483488380909,0.00018280312360730022,0.0019154889741912484,0.017101870849728584,0.0016924770316109061,0.004588380455970764,0.005478733219206333,0.003728114999830723,0.002290060045197606
window-d22ceddbf42b1eb62e39,394_48845_96618,frisbee,frisbee,0.9534199237823486,True,0.007754320278763771,0.0021104859188199043,0.001575951580889523,0.0009627463296055794,0.0006899430882185698,0.002048610243946314,0.0018423914443701506,0.001734546385705471,0.0030849308241158724,0.0003928960068151355,0.9534199237823486,0.0036499344278126955,0.001719769206829369,0.0047823055647313595,0.00033924466697499156,0.000576803635340184,0.00026185825117863715,0.0008630043012090027,0.00018265489779878408,0.0008325469098053873,0.006423832383006811,0.00042535903048701584,0.0009814492659643292,0.0005072741187177598,0.0008883426780812442,0.001948856865055859
window-1a1f0b8fbb2da84055a6,394_48845_96618,frisbee,frisbee,0.9652968049049377,True,0.004487150814384222,0.0034114865120500326,0.0005703142960555851,0.0018285744590684772,0.00034219311783090234,0.0018929942743852735,0.0021967003121972084,0.0021918662823736668,0.0027193825226277113,0.0004767058417201042,0.9652968049049377,0.001310362364165485,0.0011962049175053835,0.0029038633219897747,0.0003733051416929811,0.00031399697763845325,0.00020836075418628752,0.0016369279474020004,0.00017821276560425758,0.000523713999427855,0.0022937932517379522,0.0005133070517331362,0.0004983055987395346,0.0008108479087240994,0.0005778323975391686,0.001246737432666123
window-4b5fc300f30ddb748287,416_57524_111894,frisbee,frisbee,0.9974998831748962,True,8.515577974321786e-06,2.877191400330048e-05,2.9074863050482236e-05,0.00041945252451114357,3.956491127610207e-06,5.62868153792806e-05,0.00011327433458063751,4.633322168956511e-05,9.628147381590679e-05,2.8611391371669015e-06,0.9974998831748962,5.8689387515187263e-05,4.4441774662118405e-05,0.000742487667594105,6.442722678912105e-06,5.912358028581366e-05,0.00013829841918777674,1.3340213627088815e-05,5.672346014762297e-05,4.473841909202747e-05,9.462836169404909e-05,1.6161484381882474e-05,9.120781760429963e-05,0.00010599187226034701,2.036079422396142e-06,0.00022094986343290657
window-1cf67e5e5c62e1793530,416_57524_111894,frisbee,frisbee,0.9987425208091736,True,6.8893900788680185e-06,1.7001018932205625e-05,2.1531983293243684e-05,0.00031129116541706026,1.2589883226610254e-05,1.151573633251246e-05,0.0001869694096967578,1.887987309601158e-05,8.113443982438184e-06,2.2036229552213626e-07,0.9987425208091736,7.576147254440002e-06,2.9407137844827957e-05,8.31728320918046e-05,1.3075217566438369e-06,5.330559361027554e-05,0.0002507220197003335,4.3486325012054294e-06,9.545688044454437e-06,5.3644365834770724e-05,3.1939383916324005e-05,7.114769687177613e-06,1.1058935342589393e-05,2.3220094590215012e-05,2.0567576939356513e-06,9.418382251169533e-05
window-95f6ff1a5df2ddaff134,416_57524_111894,frisbee,frisbee,0.9966388940811157,True,1.6412977856816724e-05,2.098667209793348e-05,2.1296784325386398e-05,0.0006516993162222207,1.0791130989673547e-05,3.826733154710382e-05,0.00011779121996369213,6.104060594225302e-05,5.253800918580964e-05,3.751237727556145e-06,0.9966388940811157,1.8659935449250042e-05,0.00014317694876808673,0.00025957118486985564,7.308234671654645e-06,0.00024056762049440295,0.0009521491592749953,2.4248342015198432e-05,4.720398646895774e-05,8.980349957710132e-05,0.00010587110591586679,2.5729254048201256e-05,5.4965239542070776e-05,0.00014185046893544495,2.178869635827141e-06,0.0002532262005843222
window-2171a442e2a179597ca0,416_57524_111894,frisbee,frisbee,0.9988881945610046,True,6.491844487754861e-06,1.5055389667395502e-05,1.1114729204564355e-05,0.00017133371147792786,1.8975476905325195e-06,2.5456964067416266e-05,0.0001244385348400101,2.7981865059700795e-05,2.831564961525146e-05,6.42450515897508e-07,0.9988881945610046,5.829755536979064e-06,3.181137435603887e-05,0.00024045680765993893,1.597938080521999e-06,3.681621092255227e-05,0.00015110819367691875,6.446701718232362e-06,2.3570082703372464e-05,1.9871238691848703e-05,2.348515590711031e-05,1.2301041351747699e-05,6.284992650762433e-06,2.7318681532051414e-05,1.3488030390362837e-06,0.00011089884355897084
window-59b89b3988576c19a10d,422_58685_113855,frisbee,frisbee,0.9978703260421753,True,1.6645759615130373e-06,8.58211080867477e-07,2.078974603136885e-06,3.2977343380480306e-06,0.0019816113635897636,1.328812686551828e-06,1.596416382199095e-06,1.557667383167427e-05,7.2697507675911766e-06,3.6304982131696306e-06,0.9978703260421753,4.30935824624612e-06,3.085133357672021e-06,4.3103060306748375e-05,3.0824332952761324e-06,3.250439931434812e-06,7.130375365704822e-07,2.3458157727418438e-07,1.2761402103933506e-05,3.921983079635538e-06,3.541544401741703e-06,1.506269086348766e-06,1.3739185305894352e-05,7.373455446213484e-07,8.530149671059917e-07,1.5979236195562407e-05
window-dba281ee2e444c2ab8fa,422_58685_113855,frisbee,frisbee,0.9963955283164978,True,5.814031737827463e-06,3.95707775169285e-06,4.769161023432389e-06,7.930165156722069e-05,0.0031046594958752394,6.0953316278755665e-06,5.030248303228291e-06,4.0470851672580466e-05,6.835030217189342e-05,5.503549346030923e-06,0.9963955283164978,1.674410123087e-05,5.750232503487496e-06,4.727187115349807e-05,1.3707997823075857e-05,1.6656074876664206e-05,1.5244492033161805e-06,3.7375857573351823e-06,5.000052260584198e-05,1.2492027053667698e-05,1.273058933293214e-05,9.195069651468657e-06,2.8114969609305263e-05,1.0015575753641315e-05,1.4357879081217106e-06,5.1257768063806e-05
window-4c6c5d823609976a6800,422_58685_113855,frisbee,frisbee,0.998562753200531,True,5.6033545661193784e-06,6.86057637722115e-06,6.927373306098161e-06,1.1294609976175707e-05,0.0011785500682890415,2.366406533838017e-06,1.7204404230142245e-06,2.391445195826236e-05,1.8234148228657432e-05,6.968003162910463e-06,0.998562753200531,8.695446922502015e-06,6.5359085965610575e-06,3.065135024371557e-05,6.664111879217671e-06,7.039122010610299e-06,1.5259827250702074e-06,9.485402756581607e-07,2.6351774067734368e-05,3.730614025698742e-06,6.850200861663325e-06,4.500511295191245e-06,6.114146526670083e-05,5.043276814831188e-06,1.3235189726401586e-06,3.904120603692718e-06
window-d2e8673808626ee0d782,422_58685_113855,frisbee,frisbee,0.9987321496009827,True,1.7834962591223302e-06,2.7302005491947057e-06,1.1790754115281743e-06,2.5100480343098752e-06,0.0011730396654456854,5.868851644663664e-07,1.5650734894734342e-06,2.093212606268935e-05,1.2806282029487193e-05,3.0879566565999994e-06,0.9987321496009827,1.5342021697506425e-06,3.569138016246143e-06,1.0556133929640055e-05,6.482376306848892e-07,7.06020784946304e-07,4.483450481984619e-07,5.137213179295941e-07,8.270202670246363e-06,2.5230151550204027e-06,2.883696652133949e-06,1.7433001175959362e-06,1.039315975503996e-05,6.217641157491016e-07,4.584999260259792e-07,2.8383039989421377e-06
window-4c05ae2627cfe9455c8f,426_59777_116430,frisbee,frisbee,0.9785043001174927,True,0.00023958236852195114,0.000554099038708955,0.0001099714936572127,0.007272215560078621,1.5675832401029766e-05,0.00021213051513768733,0.005663126707077026,0.0001924408134073019,0.001110876095481217,0.0007173901540227234,0.9785043001174927,6.176264287205413e-05,0.000352274946635589,0.0002638758160173893,5.583393794950098e-05,0.00022018549498170614,0.00023746730585116893,0.00012370242620818317,0.0004286985204089433,0.00013999806833453476,3.536236908985302e-05,0.0002773500746116042,7.681007446080912e-06,0.0007172338664531708,3.7198456993792206e-05,0.0024494261015206575
window-d22360f88c5652557df7,426_59777_116430,frisbee,frisbee,0.7350978255271912,True,0.0021634043660014868,0.004158300347626209,0.006488811690360308,0.14729765057563782,0.0004022147331852466,0.0016639545792713761,0.017681989818811417,0.009228505194187164,0.008349549025297165,0.03432595729827881,0.7350978255271912,0.0005297859315760434,0.0021102812606841326,0.0026618284173309803,0.0007163189584389329,0.0005695586442016065,0.0009995230939239264,0.001888965955004096,0.005015322472900152,0.0029757379088550806,0.00021223342628218234,0.005054684355854988,0.00022451041149906814,0.002736324444413185,0.00048263167263939977,0.006964181084185839
window-3765a01046420b417e88,426_59777_116430,frisbee,frisbee,0.9356099963188171,True,0.000650277070235461,0.0026477680075913668,0.00046260407543741167,0.029948154464364052,7.147456199163571e-05,0.0004631509946193546,0.013613167218863964,0.0016651562182232738,0.0032109187450259924,0.002294618636369705,0.9356099963188171,6.912466051289812e-05,0.000329038331983611,0.0012440469581633806,0.0001728198112687096,0.000580428633838892,0.0004376339784357697,0.0005040992982685566,0.0013971631415188313,0.0008175864932127297,8.339330088347197e-05,0.0005481762927956879,6.217924237716943e-05,0.0008395639597438276,0.00011055985669372603,0.00216684746555984
window-0b37c96312d5822fa8c7,426_59777_116430,frisbee,frisbee,0.9916785955429077,True,6.112053961260244e-05,0.00011106410238426179,4.137101859669201e-05,0.004031979013234377,1.3337118616618682e-05,4.868258474743925e-05,0.001160245737992227,8.598614658694714e-05,0.0006173935835249722,0.00010139936784980819,0.9916785955429077,2.5292923965025693e-05,5.250460890238173e-05,0.00012788386084139347,2.5274164727306925e-05,0.00017952747293747962,3.023217141162604e-05,4.409402026794851e-05,0.0003227893903385848,3.446618575253524e-05,1.588378108863253e-05,6.87464780639857e-05,1.6939758324951981e-06,0.00012250477448105812,9.234026947524399e-06,0.000988648273050785
window-b16b2685af1130ae398a,68_5333_12478,frisbee,frisbee,0.9892020225524902,True,0.0004251004138495773,6.348067836370319e-05,7.591486064484343e-05,2.9463781174854375e-06,3.924867996829562e-05,0.0013307968620210886,0.006988691631704569,6.571553512912942e-06,4.493165761232376e-06,0.00011695765715558082,0.9892020225524902,6.2641738622915e-05,3.0640887416666374e-05,0.0011187036288902164,6.309563559625531e-06,4.673300281865522e-05,3.293776899226941e-05,4.5078897528583184e-05,7.284984167199582e-05,2.2399446606868878e-05,3.2738782465457916e-05,2.12873474083608e-05,8.980894563137554e-06,0.0001761773892212659,2.7748104912461713e-05,3.850756911560893e-05
window-9b5b680a15305f147327,68_5333_12478,frisbee,frisbee,0.9948430061340332,True,0.00047086607082746923,2.978741940751206e-05,6.21718427282758e-05,1.019613591779489e-06,2.9902465030318126e-05,0.0005334299057722092,0.0031180577352643013,4.990350134903565e-06,2.490668748578173e-06,6.780630064895377e-05,0.9948430061340332,1.2009133570245467e-05,9.726573807711247e-06,0.0004956870689056814,8.242594958574045e-06,5.6596014474052936e-05,9.431903890799731e-06,4.904618617729284e-05,1.4420336810871959e-05,8.620512744528241e-06,3.3525699109304696e-05,1.0331917110306676e-05,3.036850785065326e-06,8.846476703183725e-05,1.231384612765396e-05,2.4847007807693444e-05
window-e66fb0615e9b3c021719,68_5333_12478,frisbee,frisbee,0.9969441294670105,True,0.0001394765276927501,1.994568810914643e-05,2.8610333174583502e-05,1.277032311008952e-06,1.221829097630689e-05,0.0005539404228329659,0.0015740907983854413,1.586888856763835e-06,1.538418928248575e-06,6.137578748166561e-05,0.9969441294670105,2.322479303984437e-05,8.38467985886382e-06,0.00040721482946537435,2.2900699150341097e-06,2.7644799047266133e-05,1.0282113180437591e-05,2.658067205629777e-05,1.464918750571087e-05,4.545843239611713e-06,1.400833934894763e-05,4.831521891901502e-06,3.035568852283177e-06,8.665432687848806e-05,1.0363399269408546e-05,1.810291360015981e-05
window-6fc29fcb353757443d80,68_5333_12478,frisbee,frisbee,0.995215892791748,True,0.0008244505152106285,6.50309375487268e-05,4.7951125452527776e-05,1.6010145600375836e-06,2.750195017142687e-05,0.0010372799588367343,0.0014253592817112803,5.902092652831925e-06,1.4717721796841943e-06,0.00011278509191470221,0.995215892791748,1.5854353478061967e-05,7.072346306813415e-06,0.0008543151780031621,9.67003325058613e-06,8.096743113128468e-05,9.993400453822687e-06,5.9582540416158736e-05,2.730555206653662e-05,1.178049569716677e-05,3.4248085285071284e-05,2.1338741134968586e-05,5.203906312090112e-06,4.559629087452777e-05,2.7736372430808842e-05,2.4041377400862984e-05
window-962ad405594b951fe83a,68_5364_12501,frisbee,frisbee,0.9927483201026917,True,0.0012955332640558481,0.00011187600466655567,0.00015502552560064942,3.434798827584018e-06,8.08275945018977e-06,0.0027470048516988754,0.001494477386586368,4.559878561849473e-06,9.511872121947818e-06,0.00013753007806371897,0.9927483201026917,7.435645238729194e-05,3.699634180520661e-05,0.000572980206925422,1.3325619875104167e-05,0.00015745509881526232,2.550047793192789e-05,4.58775793958921e-05,4.672317663789727e-05,1.1386413461877964e-05,2.0207735360600054e-05,2.4680226488271728e-05,5.122220045450376e-06,0.00017554165970068425,4.779306618729606e-05,2.6697141947806813e-05
window-e61caed2362677a546b4,68_5364_12501,frisbee,frisbee,0.9915155172348022,True,0.0006974539719521999,0.00019864633213728666,9.544217027723789e-05,2.15573845707695e-06,4.22635639552027e-05,0.00020688993390649557,0.003948461730033159,8.185651495296042e-06,5.0270969040866476e-06,3.514347190503031e-05,0.9915155172348022,4.9664187827147543e-05,4.2069616029039025e-05,0.0026956836227327585,1.1234885278099682e-05,4.368023292045109e-05,5.09410492668394e-05,4.4900731154484674e-05,3.367829413036816e-05,1.714272548269946e-05,4.241898568579927e-05,5.706835145247169e-05,1.0436173397465609e-05,9.700046939542517e-05,2.4157672669389285e-05,2.477245288901031e-05
window-e884a16e2b2981ed76d2,68_5364_12501,frisbee,frisbee,0.9946976900100708,True,0.001182160689495504,0.00017132468929048628,7.323989848373458e-05,2.62026651398628e-06,2.048221904260572e-05,0.0003262019599787891,0.0014360389905050397,5.870851509826025e-06,4.80451171824825e-06,2.382906859565992e-05,0.9946976900100708,3.4841425076592714e-05,2.477051384630613e-05,0.0014861224917694926,8.354082638106775e-06,8.89092989382334e-05,1.856687777035404e-05,5.957701796432957e-05,5.1388829888310283e-05,6.133611805125838e-06,2.3031720047583804e-05,3.164168811053969e-05,6.837365617684554e-06,0.0001633962383493781,1.8272925444762222e-05,3.37913770636078e-05
window-c519d5f5ed2c40645803,68_5364_12501,frisbee,frisbee,0.995641827583313,True,0.0006958571611903608,0.00024107506033033133,3.4595119359437376e-05,2.7900725854124175e-06,1.6764544852776453e-05,0.00034084569779224694,0.0008599145221523941,5.587353371083736e-06,2.4431578822259326e-06,3.420756183913909e-05,0.995641827583313,3.84425584343262e-05,1.3308865163708106e-05,0.0016765857581049204,8.181598786904942e-06,6.421109719667584e-05,2.658537050592713e-05,5.435090861283243e-05,5.026700091548264e-05,1.0199084499618039e-05,3.7350167986005545e-05,3.3660046028671786e-05,8.477421943098307e-06,6.175750604597852e-05,2.4379616661462933e-05,1.6316847904818133e-05
window-337a8796ee3fe5953476,68_5366_12503,frisbee,frisbee,0.9980241060256958,True,0.00026755238650366664,4.277805419405922e-05,5.745770249632187e-05,1.0701435257942649e-06,5.115218755236128e-06,0.0003967965312767774,0.0006232988089323044,3.1221891276800307e-06,3.1952911285770824e-06,3.35220065608155e-05,0.9980241060256958,1.960947884072084e-05,4.163484845776111e-06,0.0002267553936690092,8.469452950521372e-06,0.00011974642984569073,1.0454299626871943e-05,2.4264058083645068e-05,1.718093699309975e-05,6.5494623413542286e-06,2.0767909518326633e-05,9.996714652515948e-06,2.8921115244884277e-06,4.556180283543654e-05,1.5013458323664963e-05,1.0733156159403734e-05
window-7e057c62317e54b4a997,68_5366_12503,frisbee,frisbee,0.9873676300048828,True,0.00230372860096395,0.00015526094648521394,0.0001642380520934239,7.224826731544454e-06,2.3391814465867355e-05,0.0025024402420967817,0.004251578822731972,1.2215714377816767e-05,1.7181175280711614e-05,0.0001469779381295666,0.9873676300048828,9.948990191332996e-05,2.8678839953499846e-05,0.0014864382101222873,1.8449047274771146e-05,0.0003401468857191503,2.735745147219859e-05,0.00013312126975506544,0.00011615164112299681,1.7103473510360345e-05,3.0808630981482565e-05,5.0803708290914074e-05,1.2778721611539368e-05,0.0005502114654518664,7.280329009518027e-05,6.388318433891982e-05
window-59689ce27e2108719568,68_5366_12503,frisbee,frisbee,0.9952131509780884,True,0.0006482169264927506,0.00011195874685654417,4.778997754328884e-05,1.7630471802476677e-06,1.2086171409464441e-05,0.0003975743311457336,0.0009122973424382508,4.538218036032049e-06,3.2391205877502216e-06,2.853642581612803e-05,0.9952131509780884,3.794263466261327e-05,1.5170708138612099e-05,0.0021982770413160324,7.303537586267339e-06,7.196299702627584e-05,3.508383815642446e-05,3.8655358366668224e-05,3.4274489735253155e-05,1.0574713087407872e-05,2.4605098587926477e-05,2.792417762975674e-05,6.791525265725795e-06,7.309672946576029e-05,2.7516434784047306e-05,9.545815373712685e-06
window-2c4a6f077d5d98be1db8,68_5369_12506,frisbee,frisbee,0.8639470338821411,True,0.008053792640566826,0.0005129924393258989,0.003366311779245734,1.3778282664134167e-05,0.0001595047942828387,0.09855590760707855,0.009838687255978584,3.820448910119012e-05,0.00016652789781801403,0.0022597783245146275,0.8639470338821411,0.000455718080047518,0.000300328538287431,0.0029536066576838493,0.0001385919313179329,0.004832261707633734,0.00010226605809293687,0.0006059595034457743,0.00013909721747040749,9.38810408115387e-05,0.00021042107255198061,9.362398850498721e-05,4.553431426757015e-05,0.0022304763551801443,0.0003129390242975205,0.0005726316012442112
window-f31b729ae60c799bbd99,68_5369_12506,frisbee,frisbee,0.9967191815376282,True,0.00031662016408517957,2.9833267035428435e-05,5.152893209015019e-05,3.1418612707057036e-06,8.263055860879831e-06,0.0007867912645451725,0.0008173278765752912,4.028766397823347e-06,3.910784471372608e-06,2.7116107958136126e-05,0.9967191815376282,3.419239874347113e-05,8.003582479432225e-06,0.0008769028936512768,7.68295558373211e-06,7.707587792538106e-05,9.90406988421455e-06,2.9080601962050423e-05,4.197586895315908e-05,6.425988885894185e-06,1.4703120541526005e-05,6.832208327978151e-06,3.4512881939008366e-06,7.004840153967962e-05,1.4858315807941835e-05,3.10253853967879e-05
window-11137407a3428af633bb,68_5369_12506,frisbee,frisbee,0.9942004680633545,True,0.000573991856072098,7.553010800620541e-05,6.440636207116768e-05,4.639956387109123e-06,8.44775240693707e-06,0.0020701272878795862,0.0011268763337284327,5.35598655915237e-06,1.0335519618820399e-05,8.061213884502649e-05,0.9942004680633545,0.00011747927055694163,9.855066309683025e-06,0.0009686302510090172,1.2034546671202406e-05,0.00029286707285791636,9.115124157688115e-06,4.4720502046402544e-05,5.9883233916480094e-05,7.2615921453689225e-06,2.232472070318181e-05,1.5746578355901875e-05,6.5778244788816664e-06,0.0001336540881311521,4.672957948059775e-05,3.246387859690003e-05
window-e7b19b92c5209a35812e,68_5369_12506,frisbee,frisbee,0.9916409254074097,True,0.0011954857036471367,9.756255167303607e-05,0.00021367741283029318,5.894963123864727e-06,1.6355825209757313e-05,0.0014556789537891746,0.0007933758315630257,8.389449249079917e-06,1.1024168998119421e-05,8.661593165015802e-05,0.9916409254074097,6.691648013656959e-05,1.6037502064136788e-05,0.0034825108014047146,1.822731974243652e-05,0.00017283507622778416,4.1859453631332144e-05,0.00020809831039514393,9.155570296570659e-05,2.5590683435439132e-05,3.652213126770221e-05,3.243343235226348e-05,1.2074196092726197e-05,0.00017376091273035854,7.428222306771204e-05,2.227750519523397e-05
window-de4515413702fc77ddd4,396_49550_97694,handbag,handbag,0.9999614953994751,True,1.3946014405519236e-06,1.3032368997301091e-06,5.601360498985741e-06,4.120498033444164e-06,1.4121740150585538e-06,6.242702283998369e-07,4.4623303097068856e-07,3.9577327015649644e-07,1.8213019075119519e-06,3.806172230724769e-07,1.5271622544332786e-07,0.9999614953994751,5.4685841632817755e-08,4.906191293230222e-07,3.300753803614498e-07,1.3570898772741202e-05,5.206187552175834e-07,1.7464158474922442e-07,5.957441544524045e-07,5.158018439033185e-07,4.282244105979771e-07,3.21458031748989e-07,4.0617237573314924e-07,5.532737645808083e-07,2.4030343865888426e-06,3.6493287325356505e-07
window-872a7963339879b97dfe,396_49550_97694,handbag,handbag,0.9999408721923828,True,1.7962681795324897e-06,1.1897735703314538e-06,6.240547463676194e-06,8.59517513163155e-06,1.990101054616389e-06,7.353234536822129e-07,6.09852293109725e-07,7.649859412595106e-07,3.3902838367794175e-06,1.2206558039906668e-06,1.966851073120779e-07,0.9999408721923828,4.7479130671490566e-07,3.4827478430088377e-06,1.0338283118471736e-06,1.6496576790814288e-05,6.529471079375071e-07,3.8839169747006963e-07,1.5363167449322646e-06,1.7621636061448953e-06,1.2326194109846256e-06,8.378442544199061e-07,9.133214007306378e-08,1.9095916741207475e-06,2.383482069490128e-06,1.7351771930407267e-07
window-a4adbdb7c1750cbe28a7,396_49550_97694,handbag,handbag,0.998914361000061,True,3.1126946851145476e-05,2.3550667265226366e-06,3.485973138595e-05,0.00016767365741543472,9.774313366506249e-05,3.21317020279821e-06,6.236620265553938e-06,4.553154667519266e-06,2.7066111215390265e-05,2.4959153961390257e-06,3.4972993034898536e-06,0.998914361000061,1.1870082516907132e-06,4.373991032480262e-05,1.074140800483292e-05,0.0003890570078510791,3.102556001977064e-05,5.21585297974525e-06,0.00013877719175070524,8.642034117656294e-06,1.0013068276748527e-05,7.004207873251289e-06,5.117165073897922e-06,1.4788817679800559e-05,3.2774085411801934e-05,6.730159384460421e-06
window-fd9926db608fb3bff380,396_49550_97694,handbag,handbag,0.9993354678153992,True,5.199359748075949e-06,9.291039532399736e-06,2.171302003262099e-05,0.00012356654042378068,4.673982766689733e-05,3.6801884562009946e-06,1.6311507351929322e-05,5.635799880110426e-06,9.837726247496903e-05,1.8839447875507176e-05,5.6840772231225856e-06,0.9993354678153992,1.9135140973958187e-05,2.354068601562176e-05,5.594646154349903e-06,9.498946747044101e-05,4.1937346395570785e-06,1.0048336662293877e-05,4.149932647123933e-05,1.412715300830314e-05,3.061734969378449e-05,1.3957294868305326e-05,2.05950414056133e-06,7.740871296846308e-06,3.539079625625163e-05,6.521787781821331e-06
window-7b24cbce415bcf9d1aaf,396_49773_98019,handbag,handbag,0.9980133771896362,True,4.1617666283855215e-05,8.062061169766821e-06,0.000559136038646102,2.120200588251464e-05,3.353507781866938e-05,1.1830577022919897e-05,7.343839570239652e-06,0.0003002072626259178,1.875719135568943e-05,3.360422851983458e-05,6.789719463995425e-06,0.9980133771896362,5.301007149682846e-06,5.195250196265988e-06,1.6819067241158336e-05,0.0005162226734682918,6.145398219814524e-05,1.4697339793201536e-05,0.00010618427768349648,3.906845086021349e-05,4.946223634760827e-05,1.1610707588260993e-05,4.90568891109433e-06,1.492507362854667e-05,7.376693247351795e-05,2.4976518034236506e-05
window-fd4c62743fbf1e84be0e,396_49773_98019,handbag,handbag,0.9988653659820557,True,6.80040757288225e-05,4.959041325491853e-05,0.00022310845088213682,6.38330020592548e-05,2.4202896383940242e-05,6.50119036436081e-05,1.2560536561068147e-05,2.979620148835238e-05,3.429773641983047e-05,2.1096435375511646e-05,1.040661231854756e-06,0.9988653659820557,4.404254923429107e-06,7.264723080879776e-07,1.167217760666972e-05,0.0001001942073344253,0.00013544864486902952,1.141061420639744e-05,2.117481244567898e-06,1.8196691598859616e-05,1.8334023479837924e-05,1.6027281162678264e-05,1.0999024198099505e-05,4.8594389227218926e-05,0.00013511670113075525,2.8764601665898226e-05
window-d15d8d245c2895ad3cdc,396_49773_98019,handbag,handbag,0.9991534948348999,True,3.24797656503506e-05,1.9742583390325308e-06,0.0002443483972456306,2.357811899855733e-05,5.965594027657062e-06,3.952632596337935e-06,3.4167310332122725e-06,6.523558113258332e-05,1.3028588909946848e-05,8.064346729952376e-06,5.630209898299654e-07,0.9991534948348999,1.1776733117585536e-06,1.306927515543066e-06,8.030257049540523e-06,0.000301999447401613,2.430748281767592e-05,6.798695267207222e-06,3.883478257193929e-06,4.78745459986385e-06,4.926565088680945e-05,6.167189440020593e-06,4.452476787264459e-06,8.037948646233417e-06,1.8243004888063297e-05,5.410910034697736e-06
window-90e6ca35d5cd7e19525e,396_49773_98019,handbag,handbag,0.9979760050773621,True,2.8722057322738692e-05,9.160548870568164e-06,0.0007351910462602973,1.7243797628907487e-05,3.210144495824352e-05,1.180434901471017e-05,6.031653811078286e-06,0.00022754032397642732,3.84800587198697e-05,1.5063661521708127e-05,5.103458079247503e-06,0.9979760050773621,2.718495352382888e-06,1.354348842141917e-05,2.353351555939298e-05,0.0004930144641548395,4.675429590861313e-05,1.0069619747810066e-05,4.3495092540979385e-05,3.047043901460711e-05,6.742591358488426e-05,1.6461601262562908e-05,1.0010207915911451e-05,1.4174299394653644e-05,0.00011150981299579144,1.430728480045218e-05
window-75cf6ddb4d2ffe8866a5,398_50613_99289,handbag,handbag,0.9916747212409973,True,1.171731582871871e-05,1.1165247997269034e-05,3.8702692108927295e-05,0.006616071332246065,0.0003163803485222161,1.925285323522985e-05,9.714556654216722e-05,1.956288906512782e-05,0.0003926232166122645,9.696798770164605e-06,2.8818451028200798e-05,0.9916747212409973,1.4172870578477159e-05,0.0003053428081329912,7.021538476692513e-05,1.6954294551396742e-05,2.006446993618738e-05,1.2431583854777273e-05,0.00015177881869021803,1.2184383194835391e-05,1.0311277037544642e-05,8.960181730799377e-06,2.0626832338166423e-05,7.571160676889122e-05,6.604574991797563e-06,3.877850394928828e-05
window-3ced881a9eebb50f3e8b,398_50613_99289,handbag,handbag,0.9992576241493225,True,8.049019925238099e-06,9.629658961785026e-06,2.5270752303185873e-05,0.00037194715696386993,1.82428011612501e-05,5.34814262209693e-06,1.6114483514684252e-05,6.262972419790458e-06,6.883376045152545e-05,4.105223069927888e-06,6.057240625523264e-06,0.9992576241493225,4.9631203182798345e-06,3.924616521544522e-06,8.645605703350157e-06,2.7135642085340805e-05,6.66944615659304e-05,7.898435796960257e-06,3.742174840226653e-06,6.311087872745702e-06,1.0779349395306781e-05,3.7349548165366286e-06,2.8854062747996068e-06,3.320447285659611e-05,1.2042608432238922e-05,1.067638640961377e-05
window-255c3bb4936de0e51554,398_50613_99289,handbag,handbag,0.9973759651184082,True,1.6924845112953335e-05,7.110078058758518e-06,3.9690203266218305e-05,0.0008524034055881202,8.799275383353233e-05,1.5623692888766527e-05,0.0010382126783952117,1.070703274308471e-05,5.58008614461869e-05,3.070326556553482e-06,0.00010887812095461413,0.9973759651184082,8.767600775172468e-06,1.5139306015043985e-05,6.71068555675447e-05,6.87252395437099e-05,4.0271232137456536e-05,1.2718238394882064e-05,4.484370583668351e-05,3.11732292175293e-05,4.075982815265888e-06,7.11216716808849e-06,2.006575232371688e-05,3.271453169872984e-05,6.958287940506125e-06,2.8085765734431334e-05
window-91cac7cd250ef374bdcd,398_50613_99289,handbag,handbag,0.9972921013832092,True,1.859048643382266e-05,2.5201930839102715e-05,0.00014874791668262333,0.0005944290314801037,0.00038566841976717114,1.0957345693896059e-05,0.00031664868583902717,1.9829783923341893e-05,0.00037655283813364804,4.404555511428043e-05,4.815663123736158e-05,0.9972921013832092,1.545439772598911e-05,3.8628902984783053e-05,0.0001171668482129462,6.922997272340581e-05,3.675510379252955e-05,3.2432988518849015e-05,6.397196557372808e-05,2.6743784474092536e-05,4.752161476062611e-05,2.8424554329831153e-05,1.4978943909227382e-05,0.00013502499496098608,1.4825740436208434e-05,7.779712905175984e-05
window-e62b236acc41ed629e93,399_50881_99810,handbag,handbag,0.9998162388801575,True,9.674962484496064e-07,2.3718323518551188e-06,6.301778284978354e-06,3.276022107456811e-05,1.0913066716966568e-06,2.7973867418040754e-06,2.263515028744223e-07,5.369835207602591e-07,4.793808693648316e-05,1.4747618024557596e-06,2.635856617416721e-07,0.9998162388801575,9.890181900118478e-07,1.2494358998083044e-05,3.727489456650801e-06,2.604472501843702e-05,5.109481207909994e-06,8.879099482328456e-07,1.318618069490185e-05,5.512898496817797e-06,5.468108611239586e-06,2.8729295991070103e-06,1.6565149962843861e-06,2.06270510716422e-06,6.201333690114552e-06,9.457468763685029e-07
window-8552ed9c612696cf66c3,399_50881_99810,handbag,handbag,0.9992374181747437,True,6.47070874038036e-06,4.0610866562929004e-05,1.7458920410717838e-05,0.0001777196303009987,1.1008053661498707e-05,2.2419139895646367e-06,1.359434349978983e-06,2.7682017389452085e-06,0.00018948616343550384,8.872863872966263e-06,1.2706511824944755e-06,0.9992374181747437,1.0763726550067076e-06,6.918096187291667e-05,6.440916422434384e-06,9.508690709481016e-05,2.4032657165662386e-05,1.1136283319501672e-05,1.4618851309933234e-05,3.450134317972697e-05,6.258630492084194e-06,6.376807959895814e-06,2.9562886538769817e-06,4.129815806663828e-06,1.6936312022153288e-05,1.0583223229332361e-05
window-bc7bbdb9877af12f07a5,399_50881_99810,handbag,handbag,0.9995228052139282,True,1.256526775250677e-05,1.8186887245974503e-05,1.8567023289506324e-05,0.0001719857391435653,1.4236970855563413e-05,4.818154138774844e-06,1.5210624724204536e-06,5.789194801764097e-06,5.41212284588255e-05,4.859640284848865e-06,1.2536738722701557e-06,0.9995228052139282,1.1117288067907793e-06,3.0139348382363096e-05,6.23645701125497e-06,2.459881034155842e-05,2.5656281650299206e-05,6.542061782965902e-06,7.547610039182473e-06,2.3798573238309473e-05,1.163124579761643e-06,1.1825497495010495e-05,7.694022315263283e-06,5.687897100870032e-06,1.3318735909706447e-05,3.8951420719968155e-06
window-dd92902345f6e3aee0ba,399_50881_99810,handbag,handbag,0.9996485710144043,True,4.0791701394482516e-06,1.407358649885282e-05,1.6342344679287635e-05,4.002861169283278e-05,4.039066425320925e-06,1.2591242466442054e-06,2.144991668728835e-07,2.014284973483882e-06,4.71948369522579e-05,2.207961415479076e-06,2.5127886260634114e-07,0.9996485710144043,1.2385411309878691e-06,7.418080349452794e-05,7.200805157481227e-06,5.154363680048846e-05,6.659967311861692e-06,4.784010798175586e-06,1.0102544365508948e-05,7.75819080445217e-06,3.1918007152853534e-05,1.9804915609711315e-06,4.156440354563529e-06,1.35731033878983e-06,1.579605304868892e-05,1.0735058140198817e-06
window-a907cc823e4ddcde9142,401_51889_101876,handbag,handbag,0.9999449253082275,True,6.526483957713936e-07,2.4765336092968937e-07,3.545974095686688e-06,5.81955509915133e-06,8.494133908243384e-06,1.1613308288360713e-06,4.644904834094632e-07,2.7131034130434273e-07,4.881246695731534e-06,3.4176849794675945e-07,1.753687797645398e-06,0.9999449253082275,1.0337019062944819e-07,1.8670570511858386e-07,3.5135019516019383e-07,1.7783248040359467e-05,5.622576395580836e-07,1.2811058240913553e-06,5.174388206796721e-07,7.808965847289073e-07,6.008913260302506e-07,3.6015558180224616e-07,1.0232170666313323e-07,7.818466656317469e-07,6.112801997915085e-07,3.3666324270598125e-06
window-eaedc692ed00cd90f285,401_51889_101876,handbag,handbag,0.9998149275779724,True,1.3472743376041763e-05,1.444228587388352e-06,1.371453981846571e-05,2.828570177371148e-05,6.44595711492002e-05,2.4018966087169247e-06,8.172770321834832e-06,2.887472646762035e-06,9.599044688002323e-07,9.762954960024217e-07,3.880716121784644e-06,0.9998149275779724,1.5813099025763222e-06,5.7625310745379466e-08,1.2566597433760762e-06,2.3706636056886055e-05,1.6944363778748084e-06,4.488553258852335e-06,3.1722015592094976e-07,3.937278506782604e-06,5.565582341660047e-07,8.500430794811109e-07,1.550145753981269e-07,1.547362444398459e-06,1.361930799248512e-06,3.0648295705759665e-06
window-9d4f30a88344df5a9ec4,401_51889_101876,handbag,handbag,0.9997920393943787,True,1.7737281723384513e-06,5.116576744512713e-07,8.77949787536636e-06,1.1978951988567133e-05,2.641067112563178e-05,5.004616923542926e-06,3.5928837860410567e-06,7.948929692247475e-07,1.1088719475083053e-05,6.324470973595453e-07,1.2098203114874195e-05,0.9997920393943787,1.6815580465845414e-06,7.031329118944996e-07,4.378900939627783e-06,7.21187680028379e-05,4.997038558940403e-06,6.844761173852021e-06,3.987331183452625e-06,4.020517280878266e-06,2.3389823127217824e-06,1.3449384823616128e-06,4.0379566712545056e-07,7.602313417010009e-06,2.7038799998990726e-06,1.1976119822065812e-05
window-342c5e111be9e9d57fd0,401_51889_101876,handbag,handbag,0.9995618462562561,True,1.0446529813634697e-05,4.480878487811424e-06,6.858300184831023e-05,3.726326031028293e-05,3.141417619190179e-05,3.221067527192645e-05,5.956540462648263e-06,8.883525879355147e-06,1.5515590348513797e-05,4.116287072974956e-06,1.3848843082087114e-05,0.9995618462562561,3.2205928164330544e-06,4.7407843339897227e-07,3.7160043575568125e-06,0.00011575805547181517,1.251409685210092e-05,1.66859790624585e-05,5.0888634177681524e-06,4.451731456356356e-06,3.531971970005543e-06,5.815051736135501e-06,1.1887024129464407e-06,6.591988039872376e-06,7.0822338784637395e-06,1.9393599359318614e-05
window-a1697d7650437ee9c753,403_53184_103786,handbag,handbag,0.9988767504692078,True,1.788281042536255e-05,1.1113966138509568e-05,4.075929246027954e-05,1.1460387213446666e-05,3.937729707104154e-05,1.096846790460404e-05,2.5659610400907695e-05,2.024434979830403e-05,4.610605537891388e-05,6.1649757299164776e-06,4.557508145808242e-05,0.9988767504692078,1.5644858649466187e-05,2.7310839868732728e-05,1.0005645890487358e-05,0.0006383300060406327,3.118683525826782e-05,4.860539320361568e-06,2.0138981199124828e-05,6.926340574864298e-06,3.2419902709079906e-05,1.4551494132319931e-05,7.414169544972538e-07,1.03586044133408e-05,2.2057907699490897e-05,1.3378681614995003e-05
window-51058d3739dc58aec97f,403_53184_103786,handbag,handbag,0.9642430543899536,True,0.00030985669582150877,4.911751966574229e-05,0.0007180959219112992,0.00016578806389588863,0.0005546803004108369,0.0001850432890933007,0.00036800146335735917,0.00021172972628846765,0.00017378335178364068,5.835231058881618e-05,0.00018827915482688695,0.9642430543899536,0.00010955091420328245,8.740917837712914e-05,7.086067489581183e-05,0.03049481101334095,0.0002512797072995454,3.861864752252586e-05,4.248282857588492e-05,7.014287257334217e-05,0.00024447948089800775,4.515042019193061e-05,6.154146103654057e-05,0.00012733906623907387,0.00045336454058997333,0.0006772176129743457
window-b87ba22232f3b12b485a,403_53184_103786,handbag,handbag,0.9983035326004028,True,2.8160375222796574e-05,4.2070964809681755e-06,5.748425974161364e-05,3.674798790598288e-05,2.919142752944026e-05,7.747302333882544e-06,0.00010664427827578038,7.563116923847701e-06,9.392114407091867e-06,2.1081280010548653e-06,1.3403509910858702e-05,0.9983035326004028,9.399654663866386e-05,0.00011027346045011654,1.3399931049207225e-05,0.0007379963644780219,0.0001729755022097379,1.2143315871071536e-05,1.413967038388364e-05,3.487398134893738e-05,5.527474422706291e-05,1.3000075341551565e-05,2.0441350443434203e-06,1.4185728105076123e-05,6.0854781622765586e-05,5.860898090759292e-05
window-d69a45659166ab9fccdb,403_53184_103786,handbag,handbag,0.999634861946106,True,1.1983181138930377e-05,3.1842880616750335e-06,4.352685937192291e-05,1.3702958312933333e-05,2.425815910100937e-05,8.422798600804526e-06,5.88307875659666e-06,4.664349035010673e-06,1.0526751793804578e-05,2.9731909307884052e-06,7.246138011396397e-06,0.999634861946106,5.216311365074944e-06,3.6954841107217362e-06,3.29246313413023e-06,0.00017213434330187738,5.80322148380219e-06,1.60420222528046e-06,6.030581062077545e-06,1.0490834029042162e-05,6.038983428879874e-06,2.82318728750397e-06,8.677666301082354e-07,2.174104565710877e-06,6.017545729264384e-06,2.5797039597819094e-06
window-d5209a6481636f38c836,404_53488_104285,handbag,handbag,0.9989235997200012,True,1.193778530250711e-06,4.5289275476534385e-06,7.0033174779382534e-06,0.000726863625459373,8.674710261402652e-05,1.355521590085118e-06,3.0682812734994513e-07,9.284991051572433e-07,2.641426726768259e-05,1.4239871006793692e-06,2.619115775814862e-06,0.9989235997200012,1.2669154330069432e-06,1.6429240758952801e-06,7.210733747342601e-05,3.0161410904838704e-05,1.5671055734856054e-05,1.6124651665450074e-05,2.6064713892992586e-05,1.0801313692354597e-05,1.9578434148570523e-05,6.6572574723977596e-06,1.6879137092473684e-06,4.323861958255293e-06,6.567122909473255e-06,4.338272901804885e-06
window-1dd215adff1fab0a6c49,404_53488_104285,handbag,handbag,0.9935239553451538,True,5.325989332050085e-05,3.279917291365564e-05,7.838050078134984e-05,0.003781123086810112,9.659031638875604e-05,1.7540116459713317e-05,4.09930407840875e-06,2.5092154828598723e-05,5.694797800970264e-05,5.765776677435497e-06,1.588343729963526e-05,0.9935239553451538,1.5402363715111278e-05,2.1848823053005617e-06,0.0004529649449978024,0.0005486877635121346,0.000383087812224403,0.00024457438848912716,0.00011946039012400433,0.00015873165102675557,5.5055454140529037e-05,1.2417704056133516e-05,3.9020735130179673e-05,2.574510290287435e-05,0.00013599249359685928,0.0001151794713223353
window-a39e8778a3ce9147f720,404_53488_104285,handbag,handbag,0.9671332240104675,True,0.00021420902339741588,0.00022909784456714988,0.00015484278264921159,0.007861773483455181,0.0009110906394198537,0.00016713206423446536,2.6063245968543924e-05,9.087627404369414e-05,0.001311467494815588,0.00010289287456544116,0.00010194028436671942,0.9671332240104675,9.48657761909999e-05,0.0008501061820425093,0.002473065396770835,0.0008447451982647181,0.000500530528370291,0.0075559550896286964,0.00025698906392790377,0.0003863672900479287,0.0019434902351349592,0.0003816158859990537,0.0004898171173408628,0.0020279870368540287,0.0009183164802379906,0.002971504582092166
window-4ccb420b403c8e3e0e08,404_53488_104285,handbag,handbag,0.9978160858154297,True,7.072174776112661e-05,2.721811870287638e-05,0.0002053351199720055,0.00027471870998851955,4.12554873037152e-05,5.181989763514139e-05,4.106801952730166e-06,2.6626181352185085e-05,2.179867988161277e-05,1.0464817023603246e-05,6.586464678548509e-06,0.9978160858154297,6.870892775623361e-06,3.0994949611340417e-06,0.0002248522941954434,0.00020702238543890417,9.548386879032478e-05,0.00022957767941989005,3.437561872488004e-06,0.00037012738175690174,5.807811248814687e-05,7.81578910391545e-06,7.3086307565972675e-06,6.3671486714156345e-06,0.00021068599016871303,1.2410661838657688e-05
window-0ad57808b9d0e0cdef8b,194_20930_42343,hydrant,hydrant,0.9995197057723999,True,8.891372999642044e-06,7.595068836963037e-06,1.8231642116006697e-06,7.127528078854084e-06,1.3635271898237988e-06,3.2468267363583436e-06,1.2853076441388112e-05,3.534039933583699e-06,3.10692994389683e-05,1.745010877129971e-06,1.9478842659736983e-05,1.7310579778495594e-06,0.9995197057723999,3.656798298834474e-06,3.716524815899902e-06,2.6692900974012446e-06,3.937451037927531e-05,2.1422356439870782e-05,2.4937603484431747e-06,2.1990941604599357e-05,1.3176965694583487e-05,6.545301584992558e-05,6.957836012588814e-05,8.887944568414241e-05,2.418620715616271e-05,2.323557055206038e-05
window-6a1bb88fa4a2ab93478b,194_20930_42343,hydrant,hydrant,0.9994490742683411,True,5.545759904634906e-06,1.0250873856421094e-05,1.8090709090756718e-06,9.914333531924058e-06,4.233597792335786e-06,3.906855454260949e-06,1.4867046957078855e-05,7.448272754118079e-06,3.2794225262477994e-05,2.144881591448211e-06,2.0110184777877294e-05,1.899643734759593e-06,0.9994490742683411,8.096196324913763e-06,3.704998334796983e-06,3.261048505009967e-06,4.9169906560564414e-05,2.490804581611883e-05,3.39945995619928e-06,1.3995418157719541e-05,2.279438922414556e-05,7.257172546815127e-05,0.00011970670311711729,7.194470526883379e-05,2.0759276594617404e-05,2.17003544094041e-05
window-5802b6b80651971cbd70,194_20930_42343,hydrant,hydrant,0.9997312426567078,True,4.690659352490911e-06,6.357850452332059e-06,1.1648414783849148e-06,4.156221166340401e-06,3.435722192079993e-06,2.5892031771945767e-06,1.2239030183991417e-05,3.392681264813291e-06,1.3102292541589122e-05,1.0786437769638724e-06,7.4533750193950254e-06,3.2974501209537266e-06,0.9997312426567078,1.1423451269365614e-06,1.1902708365596482e-06,2.7582302664086455e-06,2.9876287953811698e-05,2.5990930225816555e-05,7.70349458889541e-07,1.828045060392469e-05,1.3314362149685621e-05,2.7181586119695567e-05,1.6436402802355587e-05,3.6640467442339286e-05,2.5379651560797356e-05,6.788530754420208e-06
window-6a80ee6c3555ce65520d,194_20930_42343,hydrant,hydrant,0.9999070167541504,True,2.011177230087924e-06,2.327299853277509e-06,3.729109607775172e-07,2.0004631551273633e-06,6.983890443734708e-07,5.587810392171377e-07,1.9601679923653137e-06,1.0793881983772735e-06,5.483080713020172e-06,2.3203376997571468e-07,3.774109018195304e-06,1.123652054957347e-06,0.9999070167541504,3.9034284782246687e-07,4.312764474434516e-07,7.914796356089937e-07,8.395440090680495e-06,7.751445991743822e-06,6.686183269266621e-07,1.702944609860424e-05,3.031621872651158e-06,5.5702662393741775e-06,7.133915460144635e-06,8.083161446847953e-06,1.0289594683854375e-05,1.8053212897939375e-06
window-ce98691e40701a7b44f9,194_20938_42675,hydrant,hydrant,0.9999703168869019,True,3.982582370554155e-07,1.286272777178965e-06,7.647935973409403e-08,3.1117534149416315e-07,1.2495485179897514e-07,2.5527984348627797e-07,3.4571391438475985e-07,5.74253704144212e-07,9.683118378234212e-07,1.0164387020950016e-07,8.334674248544616e-07,3.163099506764411e-07,0.9999703168869019,1.2363436496798386e-07,1.2317408959461318e-07,2.887319396904786e-07,3.3553071716596605e-06,1.0896878848143388e-06,1.295622524821738e-07,4.889766387350392e-06,8.64774165165727e-07,7.977343557286076e-06,2.012261802519788e-06,1.1983481726929313e-06,1.548342538626457e-06,4.4181993530401087e-07
window-df9556fa6c9597141964,194_20938_42675,hydrant,hydrant,0.9999628067016602,True,4.609996722138021e-07,1.4031946875547874e-06,1.0757112534065527e-07,3.688700473958306e-07,1.7411895214536344e-07,3.1649071274841845e-07,4.2857715243371786e-07,7.992837254278129e-07,1.0210640084551414e-06,1.5959626864514576e-07,1.090543719328707e-06,3.7761216731269087e-07,0.9999628067016602,1.5869186142936087e-07,1.7971703414332296e-07,4.5200076215223817e-07,3.6610160805139458e-06,2.2284059468802297e-06,1.545955967685586e-07,7.108933004928986e-06,1.0940949550786172e-06,9.271434464608319e-06,2.634565589687554e-06,1.2225291357026435e-06,1.7726932810546714e-06,5.338981168279133e-07
window-8f7f632cd8b77a768c81,194_20938_42675,hydrant,hydrant,0.9999387264251709,True,7.751903012831463e-07,2.386097094131401e-06,1.7359728587962309e-07,6.824381557635206e-07,2.124236146983094e-07,4.3860532628059445e-07,7.332498626055894e-07,1.3390166486715316e-06,1.974415908989613e-06,3.0371657544492336e-07,1.679930846876232e-06,3.6654083146459016e-07,0.9999387264251709,2.982733633416501e-07,2.3159675777151278e-07,5.303107855070266e-07,5.000827513867989e-06,3.7449933643074473e-06,2.3453154085473216e-07,9.27428754948778e-06,1.655740334172151e-06,1.756305391609203e-05,5.212963060330367e-06,2.4442103949695593e-06,2.845624521796708e-06,1.14861188649229e-06
window-0d62e491e3054ef178bf,194_20938_42675,hydrant,hydrant,0.9998902082443237,True,2.104988425344345e-06,6.782717719033826e-06,3.861752304601396e-07,6.332932684927073e-07,2.392496867287264e-07,9.005264018924208e-07,1.636459842302429e-06,1.5212443713608081e-06,2.344939048271044e-06,5.330753083399031e-07,3.4073136703227647e-06,6.714698770338146e-07,0.9998902082443237,2.2203094829365e-07,4.968481448486273e-07,1.1627201956798672e-06,5.059443537902553e-06,5.138167125551263e-06,2.4375262341891357e-07,1.827061532821972e-05,3.1705183118901914e-06,3.3911292121047154e-05,8.046170478337444e-06,6.142653091956163e-06,5.256590611679712e-06,1.4884371921652928e-06
window-564163d00c8eb06650c3,481_68723_133699,hydrant,hydrant,0.9998739957809448,True,1.1082929631811567e-06,2.495215312592336e-06,5.578217496804427e-07,1.9066291088165599e-06,3.2885728273868153e-07,5.442516908260586e-07,6.131167538114823e-07,2.6525685825617984e-06,2.6574323328532046e-06,3.6576494721884956e-07,2.6172783691436052e-06,2.625955346502451e-07,0.9998739957809448,2.6952872644869785e-07,6.441790105782275e-07,1.1826206218756852e-06,3.033012580999639e-05,3.3201154110429343e-06,1.1816566711786436e-06,1.653743311180733e-05,7.927917977212928e-06,2.000623135245405e-05,1.256102041224949e-05,7.66426273912657e-06,4.764121058542514e-06,3.51980747836933e-06
window-6ddc41ba5865284690b4,481_68723_133699,hydrant,hydrant,0.9998601675033569,True,2.521178885217523e-06,3.429950993449893e-06,3.8012416325727827e-07,2.6689695005188696e-06,4.1322221022710437e-07,1.0473706879565725e-06,9.841952532951836e-07,2.729480911511928e-06,1.7096185729315039e-06,2.184672922567188e-07,5.978866738587385e-06,3.6919396961820894e-07,0.9998601675033569,2.1243243963908753e-07,8.738741712477349e-07,2.1573014237219468e-06,1.6438991224276833e-05,2.86273643723689e-06,1.3721878531214315e-06,2.300590494996868e-05,4.23870915255975e-06,1.5943978723953478e-05,2.493909232725855e-05,9.86924260359956e-06,6.144466169644147e-06,9.237273843609728e-06
window-1e5d6fa165c9d07d725b,481_68723_133699,hydrant,hydrant,0.9997386336326599,True,1.7250043811145588e-06,3.301165406810469e-06,8.703631237949594e-07,2.876945245589013e-06,4.782035603057011e-07,5.62386105684709e-07,5.587887130786839e-07,4.878275831288192e-06,1.9764413536904613e-06,2.9553368108281575e-07,3.806868562605814e-06,4.1992987576122687e-07,0.9997386336326599,3.5799840247818793e-07,8.011029422050342e-07,2.250881607324118e-06,3.061997631448321e-05,4.072692263434874e-06,2.398232027189806e-06,0.0001402630005031824,5.93304912399617e-06,1.0176348041568417e-05,2.0670453523052856e-05,6.874047812743811e-06,7.698561603319831e-06,7.404749794659438e-06
window-5950ff65df0246ad45a4,481_68723_133699,hydrant,hydrant,0.9998795986175537,True,9.262500952900155e-07,3.4269539810338756e-06,4.1840678477456095e-07,7.959769163790043e-07,4.544427554264985e-07,3.8546542668882466e-07,7.621974305038748e-07,4.876391358266119e-06,3.3658250231383136e-06,1.1845433078860879e-07,1.7944698811334092e-06,6.07862261858827e-07,0.9998795986175537,1.485554577129733e-07,9.270524969906546e-07,1.2522569932116312e-06,2.084264633595012e-05,4.758798695547739e-06,9.304412742494605e-07,3.3349137083860114e-05,3.2607424600428203e-06,1.643572250031866e-05,8.075889127212577e-06,4.283043381292373e-06,5.53605605091434e-06,2.7296196094539482e-06
window-536ea36899f95fb85477,587_87863_173253,hydrant,hydrant,0.9911375045776367,True,3.0189463359420188e-05,1.650601188885048e-05,1.6781155864009634e-05,9.102728654397652e-05,1.0056280189019162e-05,6.090305305406218e-06,1.1242153959756251e-05,5.388782301452011e-05,3.981795453000814e-05,5.523793333850335e-06,7.056433787511196e-06,2.118790234817425e-06,0.9911375045776367,2.2004130642017117e-06,2.8278544050408527e-05,1.9169141523889266e-05,0.0067846504971385,4.013556826976128e-05,2.7163276172359474e-05,0.001270565204322338,0.00016358430730178952,9.362545097246766e-05,1.5688667190261185e-05,2.419191150693223e-05,3.754174031200819e-05,6.534888234455138e-05
window-cf50dd1f4ee1e01c363c,587_87863_173253,hydrant,hydrant,0.9963093400001526,True,9.960930583474692e-06,3.4915906326205004e-06,7.156213996495353e-06,3.6288776755100116e-05,2.9295977128640516e-06,1.9634371710708365e-06,5.443594545795349e-06,3.8393780414480716e-05,2.178436807298567e-05,6.630159987253137e-06,1.4004413969814777e-05,9.56483177105838e-07,0.9963093400001526,2.118065594913787e-06,1.7118751202360727e-05,7.4189147198922e-06,0.003168164286762476,2.7629619580693543e-05,1.0253403161186725e-05,0.00012212112778797746,4.542829265119508e-05,4.530360456556082e-05,1.1205678674741648e-05,1.7956146621145308e-05,2.7127120119985193e-05,3.968569581047632e-05
window-7e51b8c3e69d3997bbe4,587_87863_173253,hydrant,hydrant,0.996866762638092,True,8.173054084181786e-06,7.271941285580397e-06,3.896553153026616e-06,1.2938725376443472e-05,1.7237258589375415e-06,7.682561772526242e-06,7.5439393185661174e-06,1.4332725186250173e-05,1.7181662769871764e-05,7.372487743850797e-06,1.0329688848287333e-05,7.889451580922469e-07,0.996866762638092,3.860438027913915e-06,1.1574110430956353e-05,4.169521616859129e-06,0.0025614709593355656,2.392958958807867e-05,8.306195923069026e-06,0.00020986958406865597,5.7364755775779486e-05,3.208626003470272e-05,2.5723702492541634e-05,1.819831959437579e-05,3.539907993399538e-05,4.1983843402704224e-05
window-f498d3d6847c9ae6aa70,587_87863_173253,hydrant,hydrant,0.9989328980445862,True,6.752097760909237e-06,4.172608441876946e-06,4.100024398212554e-06,1.0772117093438283e-05,1.0251889079881948e-06,1.6331945289493888e-06,4.643402462534141e-06,1.756661913532298e-05,1.9835490093100816e-05,3.2266307243844494e-06,5.434395461634267e-06,8.788856007413415e-07,0.9989328980445862,2.1531559468712658e-06,8.985106433101464e-06,2.707863131945487e-06,0.0006411251379176974,3.61148631782271e-05,4.476316917134682e-06,0.00017018317885231227,4.9264308472629637e-05,1.821839396143332e-05,7.825760803825688e-06,5.732939825975336e-06,9.993867934099399e-06,3.0173774575814605e-05
window-bc9a4f1ef286cb449aa6,599_92297_183310,hydrant,hydrant,0.9997772574424744,True,6.680201749986736e-06,6.22606876277132e-06,1.8965054096042877e-06,9.603833859728184e-06,3.0130509003356565e-06,8.995981488624238e-07,1.6923651173783583e-06,3.345909863128327e-05,8.658156730234623e-06,2.291834334755549e-06,2.7449318622529972e-06,1.2416479648891254e-06,0.9997772574424744,5.404833700595191e-07,4.138167241762858e-06,3.9890906009532046e-06,2.3470374799217097e-05,1.4666292372567113e-05,3.1832475997362053e-06,4.2369170841993764e-05,5.954018433840247e-06,2.2849675588076934e-05,7.448189535352867e-06,5.839815457875375e-06,6.868880973343039e-06,3.089357960561756e-06
window-539a79d333c4326b6900,599_92297_183310,hydrant,hydrant,0.9974842071533203,True,0.0001852322748163715,6.796336674597114e-05,2.1539995941566303e-05,0.0005894568166695535,1.1064790669479407e-05,3.415503306314349e-05,4.323909161030315e-05,0.00011013284529326484,0.00018176512094214559,2.9706516215810552e-05,7.800596358720213e-05,2.350545946683269e-05,0.9974842071533203,5.577698630077066e-06,2.0790354028576985e-05,3.164646841469221e-05,0.00024407071759924293,0.00016403378685936332,3.810007910942659e-05,0.00016489202971570194,6.234367901924998e-05,0.0001033390435623005,9.714764019008726e-06,0.0002110614877892658,5.4345495300367475e-05,3.0038005206733942e-05
window-bf9db59c358085ec1ecd,599_92297_183310,hydrant,hydrant,0.9999334812164307,True,1.9282861103420146e-06,2.7825053621199913e-06,2.819467681547394e-07,3.6626338442147244e-06,1.603895753987672e-07,7.012219498392369e-07,9.073058322428551e-07,2.545111783547327e-06,2.3989118744793814e-06,3.263221515226178e-07,1.6912080127440277e-06,5.323551022229367e-07,0.9999334812164307,3.5955739008386445e-07,1.0918009820670704e-06,1.3722400353799458e-06,1.370916925225174e-05,4.1900298128894065e-06,8.660140906613378e-07,5.441167559183668e-06,3.8836310523038264e-06,7.8948669397505e-06,1.558495341669186e-06,2.367660272284411e-06,4.125085069972556e-06,1.632224098102597e-06
window-c3e737245ad874aa6f8f,599_92297_183310,hydrant,hydrant,0.9998524188995361,True,3.1107354061532533e-06,4.054015334986616e-06,3.559335084446502e-07,5.298841188050574e-06,2.507062504264468e-07,1.5060376199471648e-06,1.1316798236293835e-06,4.5890151341154706e-06,1.0341160304960795e-05,4.483204634198046e-07,5.2687933020934e-06,4.3736000066019187e-07,0.9998524188995361,6.224930757525726e-07,3.4077404507115716e-06,2.4060536816250533e-06,4.1409479308640584e-05,3.714331342052901e-06,2.6740240173239727e-06,1.1077487215516157e-05,7.523346994275926e-06,1.2442123079381417e-05,3.8111454614409013e-06,1.0033469152403995e-05,8.219451956392732e-06,3.500580533000175e-06
window-7728e6911a8df985edd1,79_8251_17496,hydrant,hydrant,0.9998893737792969,True,1.2977769983990584e-05,2.105828116327757e-06,1.916582959893276e-06,4.760517526847252e-07,9.588335814214588e-08,5.389755415308173e-07,1.5344528492278187e-06,3.5418399875197792e-06,1.415801989423926e-06,6.388595465978142e-07,3.449008829647937e-07,2.7077726372226607e-07,0.9998893737792969,1.9770448034250876e-06,7.759819027342019e-07,1.4562307342202985e-06,1.1212414392502978e-05,7.2518269007559866e-06,1.2263884627827792e-06,1.7277747247135267e-05,4.748499577544862e-06,1.4935086255718488e-05,1.2200908713566605e-05,1.533431714051403e-06,5.618139311991399e-06,4.551235633698525e-06
window-a150c73971f64321c21a,79_8251_17496,hydrant,hydrant,0.999556839466095,True,2.9416607503662817e-05,5.980667992844246e-06,1.0749290595413186e-05,1.6660493429299095e-06,1.0125270364369499e-06,2.329793005628744e-06,7.257619472511578e-06,2.700034929148387e-05,2.6535003598837648e-06,3.026874765055254e-06,4.377423920232104e-06,1.6392766610806575e-06,0.999556839466095,1.794324634829536e-05,2.7276980745227775e-06,4.9272166506852955e-06,4.400594116305001e-05,2.8965157980564982e-05,5.147782303538406e-06,0.0001039217968354933,7.943237505969591e-06,5.180876541999169e-05,4.388188972370699e-05,6.101244252931792e-06,1.692730438662693e-05,1.1710316357493866e-05
window-d3d9b8b9f5c432913612,79_8251_17496,hydrant,hydrant,0.9995356798171997,True,2.6668149075703695e-05,4.486828856897773e-06,8.673905540490523e-06,2.115865299856523e-06,5.215422902438149e-07,2.352505589442444e-06,5.078834874439053e-06,1.312049698753981e-05,1.9311105461383704e-06,1.8065759377350332e-06,8.202395292755682e-06,8.90971023181919e-07,0.9995356798171997,1.438445360690821e-05,1.3798812688037287e-06,5.034526566305431e-06,3.611164356698282e-05,1.699217682471499e-05,4.885991529590683e-06,0.00022201355022843927,5.557957592827734e-06,3.252710303058848e-05,1.9177339709131047e-05,6.16234547123895e-06,1.3011007467866875e-05,1.1269456081208773e-05
window-22a655c121096b458c8c,79_8251_17496,hydrant,hydrant,0.9871882200241089,True,0.0006430826615542173,5.442274414235726e-05,0.00039110699435696006,0.00012907091877423227,1.0740569450717885e-05,2.7953847165917978e-05,5.331817374099046e-05,0.00023270859674084932,4.685756721301004e-05,1.703770976746455e-05,5.3325496992329136e-05,0.00024023298465181142,0.9871882200241089,0.0004898682236671448,2.684989885892719e-05,5.964766751276329e-05,0.00040209857979789376,0.0001800413738237694,9.563995263306424e-05,0.0065744854509830475,0.0012809474719688296,0.00021198485046625137,0.000654792005661875,0.00011051617912016809,0.000423367484472692,0.00040162145160138607
window-13f7a5f52368c9aed1b9,398_50755_99575,kite,kite,0.9777807593345642,True,2.8416938221198507e-05,4.455408270587213e-05,3.5296914575155824e-05,1.5483673223570804e-06,1.7794332961784676e-05,4.362348136055516e-06,3.1693918572273105e-05,2.9880293368478306e-05,1.622015224711504e-05,7.197840659500798e-06,2.8125270546297543e-05,0.021395916119217873,5.362204319681041e-06,0.9777807593345642,9.730211786518339e-06,0.00028752058278769255,6.158448286441853e-06,1.211812013934832e-05,1.398208496539155e-05,3.27172551806143e-06,3.181511056027375e-05,1.3474847946781665e-05,0.00014063360868021846,3.483466207399033e-05,6.248346380743897e-06,1.3063347068964504e-05
window-a520f4858aafed2329ba,398_50755_99575,kite,kite,0.9976892471313477,True,9.49060449784156e-06,7.644432116649114e-06,4.066750989295542e-06,1.5101672090622742e-07,1.0659654208211577e-06,6.384265702763514e-07,2.4774867597443517e-06,2.813441597027122e-06,4.882989514953806e-07,1.769238110682636e-06,3.4837087241612608e-06,0.0021207507234066725,2.7399805730965454e-06,0.9976892471313477,1.4794737808188074e-06,7.748558709863573e-05,1.996528908421169e-06,1.794600029825233e-05,1.1691753343257005e-06,2.246580379505758e-06,8.655571036797483e-06,1.996218543354189e-06,3.410554563743062e-05,1.5334042018366745e-06,3.220804046577541e-06,1.3170613328838954e-06
window-47db81d012882bbe2584,398_50755_99575,kite,kite,0.9743704795837402,True,0.00010451703565195203,0.00014839503273833543,0.00010814794950420037,1.8073353203362785e-05,4.415386501932517e-05,1.7145370293292217e-05,0.00010994588228641078,0.00010371149255661294,4.1619903640821576e-05,5.062024501967244e-05,4.050430652569048e-05,0.021934501826763153,9.243514796253294e-05,0.9743704795837402,1.5227128642436583e-05,0.00069311389233917,6.772683991584927e-05,6.895102706039324e-05,3.454114994383417e-05,1.424275069439318e-05,0.000144665376865305,2.1648946130881086e-05,0.001633249456062913,7.854907744331285e-05,2.713012509047985e-05,1.6776812117313966e-05
window-71f90d61d1a16ba0aee1,398_50755_99575,kite,kite,0.9998138546943665,True,1.1069429319832125e-06,2.4657852009113412e-06,1.8263810943608405e-06,4.122652796922921e-08,1.6214206652875873e-06,2.955169975393801e-07,9.208616233991052e-07,1.2923480880999705e-06,9.05558408703655e-07,2.915500942890503e-07,1.2530837238955428e-06,0.00012171648268122226,8.390235279875924e-07,0.9998138546943665,6.393433409357385e-07,5.664152013196144e-06,3.242086563659541e-07,2.9677396469196538e-06,3.982775922395376e-07,4.999089924240252e-07,2.7213441171625163e-06,8.149143582159013e-07,3.2951811590464786e-05,2.59107218880672e-06,6.640755714215629e-07,1.3974719195175567e-06
window-1d0004d1dc21c47b6727,400_51402_101011,kite,kite,0.9582305550575256,True,1.013283736028825e-06,9.833820513449609e-05,2.0606930775102228e-05,1.2833390883315587e-06,1.1419072507123929e-05,2.2726046154275537e-05,6.101123744883807e-06,3.045033554371912e-05,0.00014520033437293023,4.89398235004046e-06,1.0095591278513893e-05,0.0004609188181348145,6.368360345732071e-07,0.9582305550575256,6.35718897683546e-05,1.7087868400267325e-05,4.136609277338721e-06,8.878492371877655e-05,1.1396443369449116e-05,1.3279164704727009e-05,7.417772849294124e-06,1.9841018001898192e-05,6.42427330603823e-05,2.8920811018906534e-05,0.0405389703810215,9.800247062230483e-05
window-b9503e2023ad3e3d3b63,400_51402_101011,kite,kite,0.8960925936698914,True,1.6157931668203673e-06,3.3202981285285205e-05,1.9403583792154677e-05,1.8266603092342848e-06,4.0509771679353435e-06,1.1338548574713059e-05,4.4600119508686475e-06,3.9935715903993696e-05,4.431848356034607e-05,1.3064616268820828e-06,1.0571692655503284e-05,0.00010602129623293877,9.943161103365128e-07,0.8960925936698914,0.00011285144137218595,8.327438990818337e-05,1.5685280231991783e-05,3.583236684789881e-05,4.5135188884160016e-06,2.2162526875035837e-05,1.3339386896404903e-05,5.9793619584525e-06,0.0002491266350261867,6.252706498344196e-06,0.10306110978126526,1.823615275498014e-05
window-57ceec14a9a9780e653a,400_51402_101011,kite,kite,0.8706355094909668,True,3.5560001379053574e-06,0.0003289217420388013,8.51812947075814e-05,2.5291512883995892e-06,3.782962085097097e-05,6.947588553884998e-05,3.073957850574516e-05,6.353911885526031e-05,0.00015546470240224153,1.8075726984534413e-05,1.2866598808614071e-05,0.00032732912222854793,2.42261899074947e-06,0.8706355094909668,0.00016979838255792856,0.00017965231381822377,7.410432590404525e-05,0.0003577960014808923,1.6303059965139255e-05,7.666788587812334e-05,4.948974310536869e-05,7.554983312729746e-05,0.00013543317618314177,2.9854203603463247e-05,0.1269557923078537,0.00010605938587104902
window-b2ed640cdb4d5d26330f,400_51402_101011,kite,kite,0.9963185787200928,True,1.7676602510618977e-06,0.000193498854059726,1.246838928636862e-05,4.4048780978300783e-07,2.1617113361571683e-06,3.5926841519540176e-06,1.9898423033737345e-06,2.3282846086658537e-05,1.5984616766218096e-05,1.1895123179783695e-06,3.970315447077155e-06,0.00012572719424497336,2.4828889877426263e-07,0.9963185787200928,2.118597512890119e-05,1.8316355635761283e-05,3.7065126434754347e-06,3.257741263951175e-05,4.876762886851793e-06,7.531670235039201e-06,8.93909964361228e-06,5.6935259635793045e-06,2.066488923446741e-05,4.612226803146768e-06,0.003160142572596669,6.773957011318998e-06
window-0e10b394e939f9092991,401_52206_102304,kite,kite,0.9919030070304871,True,8.123579027596861e-05,0.0003675089683383703,0.00028950144769623876,5.251113179838285e-05,0.004130346234887838,3.703498805407435e-05,9.513526310911402e-05,0.00030464367591775954,5.0627779273781925e-05,1.7362270227749832e-05,0.00011407068086555228,0.001363893155939877,4.611356052919291e-05,0.9919030070304871,4.6496290451614186e-05,0.00012773883645422757,9.578371827956289e-05,3.437418126850389e-05,1.3667198800249025e-05,3.717734944075346e-05,0.0001353876432403922,5.0808434025384486e-05,9.825173765420914e-05,6.448694330174476e-05,1.4129661394690629e-05,0.0004286520415917039
window-9e91023a3dd9c5fdfbc8,401_52206_102304,kite,kite,0.6328747272491455,True,4.5910281187389046e-05,8.889557648217306e-05,0.00019096840696875006,2.425772800052073e-05,0.36473560333251953,1.3348274478630628e-05,3.231236041756347e-05,0.0006000740686431527,6.675687018287135e-06,2.1937783458270133e-05,0.0001678902335697785,0.00037359766429290175,8.784680176177062e-06,0.6328747272491455,8.45866888994351e-05,5.570481516770087e-05,1.9995162801933475e-05,4.753030952997506e-05,1.3665784535987768e-05,1.7289541574427858e-05,5.45870752830524e-05,4.281827568775043e-05,0.00012478196003939956,3.6667188396677375e-05,1.445317411707947e-05,0.00030291525763459504
window-4506661605918c375235,404_53795_104925,kite,handbag,0.36545079946517944,False,0.0016079465858638287,0.001404418726451695,0.0008771902066655457,0.09975017607212067,0.16447152197360992,0.00040021404856815934,0.0037862753961235285,0.0008698456222191453,0.0036686835810542107,0.00241365609690547,0.003392409533262253,0.36545079946517944,0.0016882277559489012,0.32327303290367126,0.0006644350360147655,0.000814672268461436,0.00010801143071148545,0.004644471220672131,0.004672452807426453,0.0014076160732656717,0.0007052933215163648,0.00022956928296480328,0.0030059556011110544,0.002884445944800973,0.0005226363427937031,0.007286104839295149
window-ebdccb014c845c62ad65,404_53795_104925,kite,kite,0.9483180642127991,True,0.00010073634621221572,0.00016130955191329122,0.00010649715841282159,0.000404828111641109,0.002979749348014593,9.864135063253343e-05,0.00036359450314193964,0.0001127971918322146,2.6063204131787643e-05,0.0006932113319635391,0.00026511502801440656,0.044261183589696884,5.5519427405670285e-05,0.9483180642127991,2.6893334506894462e-05,3.173763252561912e-05,1.6164594853762537e-05,0.0002501050184946507,4.975557021680288e-05,0.0001331872190348804,0.00014441832900047302,4.201606861897744e-05,4.965891275787726e-05,0.001142495428211987,2.8665534046012908e-05,0.00013752568338532
window-d591bcb78c7f40616491,404_53795_104925,kite,kite,0.9986659288406372,True,9.966710422304459e-06,2.5198170988005586e-05,2.8020014724461362e-05,3.729169475263916e-05,0.00018798217934090644,5.255930318526225e-06,2.7914980819332413e-05,2.155583024432417e-05,5.917099315411178e-06,9.958263945009094e-06,1.6466636225231923e-05,0.0008074606885202229,4.324313522374723e-06,0.9986659288406372,7.260325673996704e-06,2.6965774395648623e-06,5.591521585301962e-06,3.271092282375321e-05,1.2028753189952113e-05,1.7388336345902644e-05,2.0422336092451587e-05,7.253426247189054e-06,1.4656977327831555e-05,7.876500603742898e-06,4.710563189291861e-06,1.4168145753501449e-05
window-918d9eded2850f5a5122,404_53795_104925,kite,kite,0.9944918155670166,True,2.3954155039973557e-05,1.0284932614013087e-05,1.2822652934119105e-05,4.723035453935154e-05,0.00014171437942422926,9.897981726680882e-06,3.5575110359786777e-06,2.0145485905231908e-05,8.653541044623125e-06,5.160887667443603e-06,3.4061373298754916e-05,0.005037479568272829,2.6663133212423418e-06,0.9944918155670166,8.28513475426007e-06,4.052546501043253e-06,2.164316128983046e-06,1.348489513475215e-05,2.124472302966751e-05,1.0285364623996429e-05,3.185690729878843e-05,4.38191045759595e-06,7.205323981906986e-06,1.7229032891918905e-05,6.047042006684933e-06,2.4476674298057333e-05
window-678b43fef8c5dfea6a11,409_55524_107245,kite,kite,0.9874985814094543,True,0.00027548379148356616,6.590421253349632e-05,0.00028233989723958075,1.7995091184275225e-05,0.002736463211476803,6.220838986337185e-05,0.00013417239824775606,0.00028505519730970263,8.006988355191424e-05,5.944848453509621e-05,0.0002408933942206204,0.0015280133811756968,0.0003754036733880639,0.9874985814094543,8.60604559420608e-05,0.0002960655256174505,0.0001551824971102178,8.369664283236489e-05,0.0001964276161743328,0.0001279743737541139,0.0034174290485680103,8.204102050513029e-05,0.0010267776669934392,0.0002193076943513006,3.4802684240275994e-05,0.000632152718026191
window-aebf0c46e00065861245,409_55524_107245,kite,kite,0.9739511609077454,True,0.0010779858566820621,0.0004643191350623965,0.00067745620617643,0.0004462957149371505,0.0015850814525038004,9.217033220920712e-05,0.004287686198949814,0.0008226318168453872,0.00030621912446804345,0.0006795232184231281,0.0009839602280408144,0.003910412546247244,0.0009040785953402519,0.9739511609077454,0.0004619729006662965,0.0008559133857488632,0.00013370912347454578,5.925536243012175e-05,0.0010138998040929437,0.0001685075112618506,0.0027655360754579306,0.00025860164896585047,0.0025086700916290283,0.0004175376961939037,0.00015085538325365633,0.001016632653772831
window-2fac67cb7835a53e52ed,422_58671_113667,kite,kite,0.9968662858009338,True,1.2043109563819598e-05,7.837711018510163e-05,0.00024166058574337512,1.7104267726608668e-06,5.9671954659279436e-05,3.2615720556350425e-05,4.798527152161114e-05,6.579834735020995e-05,0.0001458319602534175,8.083491411525756e-05,2.5837623979896307e-05,0.0004984680563211441,2.96598591376096e-06,0.9968662858009338,0.00011787260154960677,0.00025796028785407543,0.00013614555064123124,6.771985499653965e-05,2.999715979967732e-05,3.132485653623007e-05,4.445863305591047e-05,3.247279528295621e-05,3.442157685640268e-05,7.640964031452313e-05,0.0009311951580457389,8.006997086340562e-05
window-8fdd5dbda6143e85ab32,422_58671_113667,kite,kite,0.9995710253715515,True,1.3541938415073673e-06,7.357552931352984e-06,1.446039186703274e-05,2.010325914625355e-07,2.0423551632120507e-06,4.29809824709082e-06,3.0919713935873006e-06,7.348275630647549e-06,1.404912200086983e-05,3.043210426767473e-06,2.6210332180198748e-06,9.362852870253846e-05,8.570983709432767e-07,0.9995710253715515,2.530173514969647e-05,5.947766112512909e-05,3.4271499316673726e-05,1.0080260835820809e-05,7.5014304456999525e-06,5.438660537038231e-06,4.9632803893473465e-06,2.646837856445927e-06,4.743867611978203e-05,3.811944452536409e-06,6.356919766403735e-05,1.0178610864386428e-05
window-f756071c969ab523b944,422_58671_113667,kite,kite,0.9996057152748108,True,2.173753046008642e-06,4.255431849742308e-05,4.213755528326146e-05,1.5111127993350237e-07,3.1437893994734623e-06,4.267601525498321e-06,5.978587978461292e-06,1.0675828889361583e-05,1.2112664080632385e-05,3.5250802739028586e-06,5.615747795673087e-06,6.088379814173095e-05,4.892570473202795e-07,0.9996057152748108,1.46845995914191e-05,5.491937918122858e-05,7.5528591878537554e-06,1.4363322407007217e-05,2.0181266791041708e-06,2.1271882815199206e-06,1.0516079782973975e-05,3.1956672046362655e-06,1.4600020222133026e-05,9.718135515868198e-06,5.9707166656153277e-05,7.093373369571054e-06
window-8e891256ed90316c8df2,422_58671_113667,kite,kite,0.9962301850318909,True,9.493214747635648e-06,5.7965840824181214e-05,4.6541961637558416e-05,1.3686273803159565e-07,4.118242941331118e-06,5.586388579104096e-05,1.586999678693246e-05,3.189178096363321e-05,3.130919503746554e-05,5.395233074523276e-06,3.7347654142649844e-05,9.496851271251217e-05,3.410075805732049e-06,0.9962301850318909,4.2490049963817e-05,0.00017285149078816175,4.55959489045199e-05,1.975011582544539e-05,1.2282684110687114e-05,1.0177450349146966e-05,6.650882278336212e-05,7.4716467679536436e-06,0.00012467705528251827,2.2593167159357108e-05,0.002824586583301425,2.6472669560462236e-05
window-646f4411c738a28166a1,432_61230_120293,kite,kite,0.9844092726707458,True,0.0037822695448994637,0.00016469816910102963,0.0015407380415126681,8.268641249742359e-05,0.00048103267909027636,8.514209184795618e-05,8.361953223356977e-05,0.0004118752258364111,3.2665408070897684e-05,0.0025025573559105396,0.0040574753656983376,0.0006275306222960353,2.213741208834108e-05,0.9844092726707458,7.981336966622621e-05,0.00026289618108421564,7.680761336814612e-05,0.00011397944763302803,1.4595922039006837e-05,0.0003098947345279157,0.00011801277287304401,5.6592700275359675e-05,0.0003555672592483461,0.00025424890918657184,1.784283813321963e-05,5.6110751756932586e-05
window-a71a5cfbeab76e7b6d05,432_61230_120293,kite,kite,0.9587833881378174,True,0.0092714112251997,0.0006041410961188376,0.0012046773917973042,0.00013582970132119954,0.0001915010652737692,0.0003295649657957256,0.00019126306870020926,0.0006452211528085172,0.00013981739175505936,0.004639024380594492,0.018534809350967407,0.0017613873351365328,4.669702684623189e-05,0.9587833881378174,0.00017801293870434165,0.0003068633086513728,0.00022872861882206053,0.0011826822301372886,5.3736366680823267e-05,0.0002440657262923196,0.00029929151060059667,0.0002261039480799809,0.00034287068410776556,0.00023386577959172428,5.6168959417846054e-05,0.00016894754662644118
window-f9db7f7222e046be0546,432_61230_120293,kite,kite,0.9925580024719238,True,0.0006016870611347258,4.9706828576745465e-05,0.0002818773209583014,2.7350610253051855e-05,4.8887963203014806e-05,2.4759909138083458e-05,5.913357017561793e-05,0.0002814649778883904,1.3522551853384357e-05,0.00014303551870398223,0.0049816458486020565,0.0003036809794139117,9.507337381364778e-06,0.9925580024719238,2.894273893616628e-05,7.313304377021268e-05,6.429414497688413e-05,9.642768418416381e-05,5.111401605972787e-06,0.00011194056423846632,4.094180621905252e-05,2.6832063667825423e-05,5.782972220913507e-05,3.645146716735326e-05,7.378986992989667e-06,6.640182982664555e-05
window-bf5881d1b6388039a3bf,432_61230_120293,kite,kite,0.8709388971328735,True,0.029683241620659828,0.000596228230278939,0.007606786675751209,0.0003240274963900447,0.0016578377690166235,0.0004634168290067464,0.0012444370659068227,0.003958414308726788,0.00034650490852072835,0.021528316661715508,0.048702359199523926,0.0030661695636808872,9.989362297346815e-05,0.8709388971328735,0.00028087556711398065,0.0015696309274062514,0.0006962770712561905,0.0018807364394888282,9.632243745727465e-05,0.000839824031572789,0.0006136024021543562,0.0007454146398231387,0.0014686263166368008,0.001094319042749703,0.00013968929124530405,0.00035813802969641984
window-e07bac41464966cbde0c,618_100139_200140,kite,kite,0.9991408586502075,True,2.170027300962829e-06,7.355618436122313e-05,2.285964546899777e-05,2.3326465452555567e-06,7.305353210540488e-05,6.1410123635141645e-06,3.819191533693811e-06,4.670922862715088e-06,9.504721674602479e-06,2.3957261419127462e-06,0.00010934397141681984,1.2268567843420897e-05,1.5277146303560585e-05,0.9991408586502075,1.8776898286887445e-05,3.956046202802099e-05,3.0025219075469067e-06,8.141286343743559e-06,1.2257972230145242e-05,1.5482366507058032e-05,1.4798124539083801e-05,7.088310667313635e-06,0.0003703257243614644,7.379053386102896e-06,2.0357088942546397e-05,4.416381216287846e-06
window-9ba9f586960776a7fba6,618_100139_200140,kite,kite,0.9995114803314209,True,2.187975269407616e-06,7.352320972131565e-05,1.4579763046640437e-05,1.8537785990702105e-06,2.8082920835004188e-05,4.650165465136524e-06,6.9013581196486484e-06,3.7169265851844102e-06,5.039390998717863e-06,1.341401457466418e-06,4.82142495457083e-05,1.4176085642247926e-05,1.0487007784831803e-05,0.9995114803314209,7.920487405499443e-06,2.5661056497483514e-05,2.4505397959728725e-06,8.127059118123725e-06,8.277816959889606e-06,9.786103873921093e-06,1.5521512978011742e-05,9.872624104900751e-06,0.00014684582129120827,3.6042320061824284e-06,3.29846006934531e-05,2.7711350867321016e-06
window-f1f5431146a514710e82,618_100139_200140,kite,kite,0.9992702603340149,True,1.9632755083875963e-06,5.368402707972564e-05,2.166066406061873e-05,1.123471975006396e-06,5.7793953601503745e-05,4.353308668214595e-06,5.89886849411414e-06,3.0698392947670072e-06,7.474746780644637e-06,1.4521153843816137e-06,7.441094930982217e-05,1.1972381798841525e-05,9.263254469260573e-06,0.9992702603340149,1.6350250007235445e-05,5.3677627875003964e-05,3.8642288018309046e-06,1.1749024452001322e-05,7.642372111149598e-06,9.781866538105533e-06,1.1850290320580825e-05,8.352117220056243e-06,0.0003198194899596274,6.089016096666455e-06,2.2896163500263356e-05,3.4263716770510655e-06
window-4f61b493bc94073b78c8,618_100139_200140,kite,kite,0.9995325803756714,True,1.8011961628872086e-06,5.2699546358780935e-05,1.84930886462098e-05,1.1337068599459599e-06,3.646413824753836e-05,3.181203283020295e-06,3.426372359172092e-06,3.6830879253102466e-06,4.626924237527419e-06,1.929961172209005e-06,4.2904655856546015e-05,8.956637429946568e-06,1.0796463357110042e-05,0.9995325803756714,1.0968292372126598e-05,2.843317633960396e-05,1.9178314687451348e-06,4.619089850166347e-06,9.64330138231162e-06,7.36893389330362e-06,1.0167703294428065e-05,7.107263627403881e-06,0.00017981788550969213,3.977604137617163e-06,1.0771154848043807e-05,2.499881020412431e-06
window-b756b49f0bfd0c36f222,428_60233_117662,microwave,microwave,0.9998043179512024,True,3.0577086818084354e-06,3.655098907984211e-06,4.024017107440159e-05,1.8543863916420378e-05,6.885670131850929e-07,7.261756763909943e-06,4.2377532736281864e-06,6.607958312088158e-06,6.39763857179787e-06,3.232449898860068e-06,1.0805250894918572e-05,1.6556818991375621e-06,1.2848579444835195e-06,5.907953664063825e-07,0.9998043179512024,8.839200518195867e-07,9.94953643385088e-06,6.848612429166678e-06,1.2042625712638255e-05,1.0225445294054225e-05,8.351577889698092e-06,1.5881052604527213e-05,2.738362354648416e-06,7.133380222512642e-06,1.0028050382970832e-05,3.3235808132303646e-06
window-66e81a01e4d8104f6110,428_60233_117662,microwave,microwave,0.9999675750732422,True,2.9919110033915786e-07,7.496319085475989e-07,2.924341742982506e-06,1.034736783367407e-06,4.25614601340385e-08,6.742316713825858e-07,8.071398269748897e-07,7.328829951802618e-07,2.2177166556502925e-06,5.547851174014795e-07,5.887655447622819e-07,1.995210254790436e-07,4.555093653380027e-07,8.314664512454328e-08,0.9999675750732422,2.815756374729972e-07,7.0842847890162375e-06,1.2560583400045289e-06,2.7633521426650987e-07,2.966775355162099e-06,1.5103881878530956e-06,3.1542540455120616e-06,1.3442295312415808e-06,1.5950611214066157e-06,8.714944783605461e-07,6.956865377105714e-07
window-d7e3fc1f9aad7392a3f7,428_60233_117662,microwave,microwave,0.9998899698257446,True,8.300222589241457e-07,1.4185206964612007e-06,1.7055339412763715e-05,2.321886313438881e-06,9.836507786076254e-08,3.7520603655138984e-06,2.1428563741210382e-06,1.3225546808826039e-06,3.959433342970442e-06,1.2173910590718151e-06,1.3966977121526725e-06,8.097840691334568e-07,1.1183037713635713e-06,8.390442189920577e-07,0.9998899698257446,1.0916722885667696e-06,1.1972930224146694e-05,5.581640834861901e-06,5.600751592282904e-06,6.4034366005216725e-06,1.4779549019294791e-05,5.7080255828623194e-06,4.4840039663540665e-06,4.5295364543562755e-06,4.6307509364851285e-06,6.8940962592023425e-06
window-17d857a2f3565b5372e0,428_60233_117662,microwave,microwave,0.9999581575393677,True,1.2057103049301077e-06,1.1338878493916127e-06,4.280496796127409e-06,2.448926579745603e-06,1.739730919325666e-07,4.181135864200769e-06,6.117799102867139e-07,2.301319455000339e-06,1.6882041791177471e-06,1.4954920288801077e-06,1.1047939096897608e-06,3.245515358685225e-07,3.0831745334580773e-07,1.3583709801423538e-07,0.9999581575393677,3.671591457532486e-07,5.2612158469855785e-06,2.792468421830563e-06,8.447354389318207e-07,3.464766223260085e-06,9.791386901270016e-07,3.628644890341093e-06,9.434783692086057e-07,6.683720812361571e-07,1.3105247944622533e-06,2.2069365002153063e-07
window-366803412e2f39830177,432_61232_120283,microwave,microwave,0.9999158382415771,True,3.4398910884192446e-06,5.879101081518456e-06,8.341368697983853e-07,7.42653764973511e-06,4.946572289554751e-07,7.205639462881663e-07,3.344290178119991e-07,5.104552087686898e-07,9.806480193219613e-06,3.639590318016417e-07,4.579296728479676e-07,8.580824214732274e-06,8.109715565751685e-08,2.1999205728207016e-06,0.9999158382415771,1.4384230780706275e-05,3.496741783237667e-06,6.323513844108675e-06,1.8747954300124547e-06,7.449577424267773e-06,2.5951449060812593e-06,3.8418679082496965e-07,1.3749273648500093e-06,3.197527576048742e-06,1.3997434962220723e-06,4.0242392174150154e-07
window-1d5c3dd976c76ed7d746,432_61232_120283,microwave,microwave,0.9970383644104004,True,0.00011736940359696746,0.00012773272464983165,9.37535151024349e-05,3.411529542063363e-05,7.640216608706396e-06,2.736959322646726e-05,0.00011289124086033553,0.00022168642317410558,3.9943286537891254e-05,8.106007044261787e-06,6.070244126021862e-06,1.3408039194473531e-05,9.860005229711533e-05,2.760359893727582e-05,0.9970383644104004,1.0567004210315645e-05,0.00031017939909361303,0.0007194884237833321,1.2825227713619824e-05,0.0008000993984751403,1.9921984858228825e-05,1.681688809185289e-05,1.1631787856458686e-05,6.702926475554705e-05,3.6974808608647436e-05,1.973564394575078e-05
window-f052e5be086f5910e796,432_61232_120283,microwave,microwave,0.9971184730529785,True,9.552673873258755e-05,0.001152545097284019,2.0485535060288385e-05,0.0006357747479341924,5.2373648941284046e-05,4.3314412323525175e-06,4.531305421551224e-06,4.672147042583674e-05,2.6746907678898424e-05,8.138464181683958e-06,6.0129113990115e-06,0.0002834426413755864,2.320771955055534e-06,8.276751759694889e-05,0.9971184730529785,1.6433956261607818e-05,2.00334452529205e-05,0.0001224615698447451,1.806814907467924e-05,2.3885535483714193e-05,4.1835271986201406e-05,1.7399315765942447e-05,7.555014599347487e-05,3.5525215935194865e-05,1.8020309653365985e-05,7.05084457877092e-05
window-8eb42e68813b818e83e5,432_61232_120283,microwave,microwave,0.9997738003730774,True,9.374567525810562e-06,9.139258509094361e-06,1.5973739209584892e-05,5.011971552448813e-06,1.3395582527664374e-06,1.1594574971240945e-05,7.950366125442088e-06,4.174142304691486e-06,1.0734504030551761e-05,7.988857646523684e-07,3.156913635393721e-06,4.388854904391337e-06,2.079488695017062e-06,5.327020517142955e-06,0.9997738003730774,1.7903487332660006e-06,1.129952124756528e-05,2.133282760041766e-05,2.5625270154705504e-06,1.8590397303341888e-05,2.7412221243139356e-05,9.128945748670958e-06,6.532661700475728e-06,1.3056523130217101e-05,1.0217081580776721e-05,1.3150308404874522e-05
window-2aa4d564a35d12986b7e,455_64107_126277,microwave,microwave,0.9947993755340576,True,4.673312287195586e-05,2.888544440793339e-05,0.00017325086810160428,0.0007945926045067608,3.583684019758948e-06,0.0001303252938669175,8.080922270892188e-05,0.00036895295488648117,9.147013042820618e-05,0.00023911560128908604,0.00012128842354286462,3.24150787491817e-05,0.00012137312296545133,6.742263212800026e-05,0.9947993755340576,0.00017319287871941924,0.0002196241111960262,0.00011695604189299047,0.0008697650628164411,0.0001687853946350515,8.644383342470974e-05,0.0005200468585826457,5.0028374971589074e-05,7.328295760089532e-05,7.590585300931707e-05,0.0005464549176394939
window-3578b7e6d77d144999ce,455_64107_126277,microwave,microwave,0.9985116124153137,True,1.2151953342254274e-05,8.078495739027858e-06,0.00014063862909097224,2.267377931275405e-05,1.617900920791726e-06,2.377018790866714e-05,1.307192724198103e-05,6.625417881878093e-05,5.06255091750063e-05,1.7835813196143135e-05,5.665102071361616e-05,1.7141117496066727e-05,3.332127016619779e-05,1.86023044079775e-05,0.9985116124153137,8.639031875645742e-05,9.570720430929214e-05,3.0152219551382586e-05,5.948605394223705e-05,8.757194154895842e-05,6.01468636887148e-05,0.0003506835491862148,1.2036337466270197e-05,4.272444130037911e-05,1.8333177649765275e-05,0.00016273761866614223
window-2efa58ef01811ae5aff6,455_64107_126277,microwave,microwave,0.9983987212181091,True,2.256052721349988e-05,1.3423747077467851e-05,0.00010428539826534688,0.00016439129831269383,1.5148580132517964e-06,3.455441037658602e-05,3.1707066227681935e-05,0.00021622948406729847,4.7121491661528125e-05,3.897325223078951e-05,1.6492353097419254e-05,2.383750688750297e-05,2.403805592621211e-05,3.386700700502843e-05,0.9983987212181091,1.81841660378268e-05,3.600674608605914e-05,2.454725472489372e-05,0.00036632223054766655,6.57366108498536e-05,4.5287310058483854e-05,0.00010632256453391165,2.8152613595011644e-05,2.9662693123100325e-05,1.591111322341021e-05,9.209474956151098e-05
window-1543f592532b41963827,455_64107_126277,microwave,microwave,0.9987167119979858,True,1.268664072995307e-05,4.038018687424483e-06,0.00012035889812977985,1.2928759133501444e-05,2.3667284949624445e-06,8.10490564617794e-06,2.0857374693150632e-05,8.389353024540469e-05,2.7238866096013226e-05,2.9236753107397817e-05,2.5378061764058657e-05,1.7959684555535205e-05,2.0305449652369134e-05,3.48704525094945e-05,0.9987167119979858,5.568751930695726e-06,9.725205018185079e-05,1.5878051272011362e-05,3.5937649954576045e-05,5.4314972658175975e-05,4.085487307747826e-05,0.00011645997437881306,2.3157274426921504e-06,2.7879632398253307e-05,1.9007815353688784e-05,0.000447693164460361
window-c06cadaa4ddbadcb6699,606_95089_191495,microwave,microwave,0.9975426197052002,True,4.371468457975425e-05,2.4014949303818867e-05,0.00020596067770384252,0.0001769923255778849,2.14426290767733e-05,2.4029106498346664e-05,1.308990249526687e-05,0.00017984693113248795,0.00012748157314490527,4.4395215809345245e-05,1.4266226571635343e-05,3.648794154287316e-05,1.7391785149811767e-05,6.781913543818519e-05,0.9975426197052002,0.00010727021435741335,0.00014418894716072828,7.444959919666871e-05,0.000659807410556823,4.963453102391213e-05,3.780399129027501e-05,0.00012795939983334392,1.5477397028007545e-05,6.726518768118694e-05,1.9627215806394815e-05,0.00015704281395301223
window-3b67efc2b9d48c153be2,606_95089_191495,microwave,microwave,0.9984945058822632,True,2.8499265681602992e-05,3.489369555609301e-05,0.00011334965529385954,9.033023525262251e-05,7.403593826893484e-06,3.379472400411032e-05,9.585843145032413e-06,4.619063111022115e-05,0.0001055150423781015,2.1123121769051068e-05,1.2291913662920706e-05,3.391178688616492e-05,2.0211260562064126e-05,5.7639590522740036e-05,0.9984945058822632,4.411199188325554e-05,9.210192365571856e-05,4.511860606726259e-05,0.00024992338148877025,4.531484955805354e-05,2.0718851374113e-05,0.00014441671373788267,2.7663982109515928e-05,4.8179066652664915e-05,1.6116280676214956e-05,0.00015707638522144407
window-f0d12a7f048d4fd08bf0,606_95089_191495,microwave,microwave,0.9938110709190369,True,0.00010881266643991694,0.00010551052400842309,0.0006688829744234681,0.001621408388018608,1.7399186617694795e-05,7.477735925931484e-05,3.7393259844975546e-05,0.00037238511140458286,0.00011856872151838616,7.612026820424944e-05,3.447089693509042e-05,6.508769729407504e-05,1.7360003766953014e-05,0.00022982714290264994,0.9938110709190369,0.00011983144941041246,0.0001676834508543834,0.0001432383432984352,0.0012602757196873426,0.0001368434604955837,4.052710937685333e-05,0.00023214983229991049,3.580538759706542e-05,9.303273691330105e-05,3.200511491741054e-05,0.00037955562584102154
window-3dbdef75ab0d3789692b,606_95089_191495,microwave,microwave,0.9979421496391296,True,4.9535268772160634e-05,3.6438559618545696e-05,0.00012956334103364497,7.927566184662282e-05,9.546101864543743e-06,3.885847399942577e-05,1.3726094039157033e-05,5.287394014885649e-05,0.00028479655156843364,4.434680158738047e-05,1.35582777147647e-05,2.3663877072976902e-05,1.9044859072891995e-05,3.52929528162349e-05,0.9979421496391296,5.4401622037403286e-05,0.00015883578453212976,6.182987272040918e-05,0.0003014351532328874,9.249641880160198e-05,3.0886923923389986e-05,0.00013707707694265991,5.6219156249426305e-05,6.155569280963391e-05,1.971606252482161e-05,0.0002528500626794994
window-2ec5c5c201f9dd7d440c,610_96684_193735,microwave,microwave,0.999809205532074,True,5.570735538640292e-06,4.433924914337695e-06,4.302969955460867e-06,6.7278874666953925e-06,2.2892427296028472e-06,7.892123903729953e-06,1.4945358088880312e-05,8.090799383353442e-06,5.210925792198395e-06,1.4029243402546854e-06,3.355949047545437e-07,2.7416238026489737e-06,4.711200290330453e-06,1.0291257240169216e-05,0.999809205532074,5.363412583392346e-06,4.0375409298576415e-05,4.232063020026544e-06,3.0739684007130563e-06,2.791130100376904e-05,1.308794594478968e-06,7.731449841230642e-06,8.765597385718138e-07,7.45948182157008e-06,1.0048225931313937e-06,1.266565959667787e-05
window-39dfdff10c7a5fe63f7a,610_96684_193735,microwave,microwave,0.999872088432312,True,6.631740689044818e-06,6.726681021973491e-06,1.4072833209866076e-06,1.0958915481751319e-05,2.750286739683361e-06,1.9826427433145e-06,8.691765287949238e-06,6.7493319875211455e-06,7.484985417249845e-06,3.935016650302714e-07,2.2549883738065546e-07,1.3451218592308578e-06,4.1831367525446694e-06,4.777200956596062e-06,0.999872088432312,6.596291768801166e-06,2.035332545347046e-05,1.1262261523370398e-06,2.7656337806547526e-06,1.8261749573866837e-05,7.963353709783405e-07,3.6554683902068064e-06,1.7194463453051867e-06,2.98734425996372e-06,1.4880398566674558e-06,3.8056343782955082e-06
window-72fd4bf2d1ae835f12d0,610_96684_193735,microwave,microwave,0.9997363686561584,True,9.229173883795738e-06,4.4697771954815835e-06,3.734058282134356e-06,2.685800427570939e-05,3.1954327823768836e-06,2.7061105356551707e-06,3.599991032388061e-05,1.1061465556849726e-05,1.4781126083107665e-05,9.270407872463693e-07,8.607561881035508e-07,3.7566751416306943e-06,9.280895028496161e-06,1.0828044651134405e-05,0.9997363686561584,9.137217602983583e-06,4.2787334677996114e-05,3.6056997032574145e-06,9.464387403568253e-06,2.8459946406655945e-05,2.734131840043119e-06,9.167303687718231e-06,2.3676407181483228e-06,3.344134938743082e-06,3.2642606129229534e-06,1.1529306902957615e-05
window-8f705cb28f2ea40f3628,610_96684_193735,microwave,microwave,0.9997451901435852,True,8.051266377151478e-06,4.999826614948688e-06,4.783455551660154e-06,1.623727075639181e-05,4.474124125408707e-06,3.072399977099849e-06,3.789378752117045e-05,1.5396262824651785e-05,1.4128337170404848e-05,1.142803512266255e-06,3.9465879808631144e-07,4.5814613258698955e-06,6.320029569906183e-06,7.568464752694126e-06,0.9997451901435852,6.401611699402565e-06,4.552773680188693e-05,3.0187209176801844e-06,9.035764378495514e-06,3.1009138183435425e-05,1.9970934772572946e-06,9.17551096790703e-06,1.7413394743925892e-06,2.9626721698150504e-06,2.185598077630857e-06,1.2610854355443735e-05
window-e630d1c79b5bdfa2f796,610_96685_193736,microwave,microwave,0.9997171759605408,True,1.2632058314920869e-05,7.928291779535357e-06,8.741405508772004e-06,1.2452131159079727e-05,6.160831162560498e-06,1.2064335351169575e-05,4.034286757814698e-05,1.9675779185490683e-05,5.9054591474705376e-06,1.6937407281147898e-06,3.896796272329084e-07,3.2543850920774275e-06,6.560122528753709e-06,1.000105567072751e-05,0.9997171759605408,2.1759131414000876e-05,3.540833495208062e-05,3.995231509179575e-06,4.272495971235912e-06,2.993752968905028e-05,3.4383976981189335e-06,1.346545286651235e-05,2.644358573888894e-06,9.043286809173878e-06,3.137287194476812e-06,7.866863597882912e-06
window-0733944c9e54c64b4842,610_96685_193736,microwave,microwave,0.9996640682220459,True,2.2956161046749912e-05,6.643773303949274e-06,4.033346613141475e-06,3.020225267391652e-05,5.9731410146923736e-06,6.148483407741878e-06,4.5322911319090053e-05,1.4994751836638898e-05,1.5034329408081248e-05,6.404814030247508e-07,9.512941119282914e-07,6.45653472020058e-06,1.3254887562652584e-05,9.64077207754599e-06,0.9996640682220459,9.83678091870388e-06,5.1598341087810695e-05,6.0340421441651415e-06,1.2183638318674639e-05,3.860378637909889e-05,3.5036043755098945e-06,1.1135812201246154e-05,2.506964392523514e-06,3.715484353961074e-06,4.604154128173832e-06,1.0088710951094981e-05
window-c41251ba97cca8e721ee,610_96685_193736,microwave,microwave,0.9997041821479797,True,8.994746167445555e-06,6.865130671940278e-06,3.3952044304896845e-06,1.873325527412817e-05,5.941094059380703e-06,3.0375206279131817e-06,3.624235978350043e-05,1.9257058738730848e-05,1.9092116417596117e-05,7.304838050004037e-07,9.82189135356748e-07,5.397178938437719e-06,1.3769725228485186e-05,1.0896395906456746e-05,0.9997041821479797,1.0096006917592604e-05,5.505490116775036e-05,4.400329999043606e-06,9.959827366401441e-06,3.120008113910444e-05,2.275976612509112e-06,1.0171485882892739e-05,1.4126752603260684e-06,3.1896881864668103e-06,2.354093794565415e-06,1.2375716323731467e-05
window-85ed4b0d6c7d984ac89a,610_96685_193736,microwave,microwave,0.9997664093971252,True,7.943039236124605e-06,1.0468676009622868e-05,1.4554998415405862e-05,3.3147343856398948e-06,1.6099418189696735e-06,4.347510184743442e-06,8.520214578311425e-06,4.612721113517182e-06,3.385441004866152e-06,1.4406342643269454e-06,7.098699370544637e-07,4.614049885276472e-06,3.4857353057304863e-06,1.4814141650276724e-05,0.9997664093971252,4.5954853703733534e-05,2.8042921258020215e-05,5.677571152773453e-06,3.800734702963382e-06,4.18485542468261e-05,1.4869802953398903e-06,5.109923677082406e-06,7.204934604487789e-07,9.55374343902804e-06,5.402672513810103e-07,7.076593647070695e-06
window-48e68cbb61c85f350d2d,251_26910_54530,mouse,mouse,0.9879912734031677,True,2.5324128728243522e-05,9.43910054047592e-05,4.838059794565197e-06,0.00010230785119347274,9.43138002185151e-05,4.711026485892944e-05,0.00035429574199952185,4.401416845212225e-06,1.518771932751406e-05,0.00014576921239495277,4.601202090270817e-05,1.3665421647601761e-05,4.024709596706089e-06,3.412900241528405e-06,5.696674270438962e-05,0.9879912734031677,3.6275418096920475e-05,4.3905797610932495e-06,3.4202264941995963e-05,1.284114841837436e-05,3.143395952065475e-05,1.3080413737043273e-05,0.0003388893383089453,0.010340875014662743,6.403879524441436e-05,0.00012069029617123306
window-8e048cd59fbc797e595d,251_26910_54530,mouse,mouse,0.9714483618736267,True,0.000617652665823698,0.0005066920421086252,0.00014665522030554712,0.0023204137105494738,0.0013124773977324367,0.0013979646610096097,0.003433831036090851,3.098265005974099e-05,0.0002517981920391321,0.0004372499242890626,0.00011375092435628176,0.0003091395483352244,0.00014537840615957975,1.4391831427928992e-05,0.0013868303503841162,0.9714483618736267,0.0006198710761964321,1.7852771634352393e-05,0.0003842146834358573,6.632976874243468e-05,0.0003187796683050692,7.337716670008376e-05,0.0008831524755805731,0.012407369911670685,0.00012266561680007726,0.0012327367439866066
window-c14c8ac836e60423dae9,251_26910_54530,mouse,mouse,0.8163742423057556,True,0.00028869041125290096,0.0006368326139636338,3.487041612970643e-05,0.0021805623546242714,0.002409522421658039,0.00035233207745477557,0.005013454705476761,0.00010070266580441967,0.00016720026906114072,0.0019190924940630794,0.0002619317383505404,0.00015182653442025185,6.170124106574804e-05,3.641297371359542e-05,0.00020431194570846856,0.8163742423057556,0.00044109942973591387,3.927876241505146e-05,0.0005138689884915948,6.908894283697009e-05,0.00024326522543560714,0.00012046601477777585,0.005512129049748182,0.16188886761665344,0.00027439635596238077,0.0007038132171146572
window-163f065c01eb3d13e576,251_26910_54530,mouse,mouse,0.9936522245407104,True,4.315970363677479e-05,8.926333975978196e-05,1.6441474144812673e-05,6.937510624993593e-05,0.0001697590050753206,0.0006626063259318471,0.0003483170294202864,4.752385393658187e-06,9.428636985830963e-05,0.00023651136143598706,1.9370037989574485e-05,2.977736949105747e-05,2.939931619039271e-05,1.4167570952849928e-05,0.0005476099904626608,0.9936522245407104,0.00021076519624330103,1.558551775815431e-05,0.00014508090680465102,1.9162014723406173e-05,3.5513145121512935e-05,2.2066600649850443e-05,0.0003534205025061965,0.0028126102406531572,0.00021582384943030775,0.0001429537369403988
window-fd3fd9431d2a53bed992,269_28620_57203,mouse,microwave,0.32146015763282776,False,0.044735997915267944,0.016649287194013596,0.015063402242958546,0.08547687530517578,0.024333935230970383,0.014561797492206097,0.023694826290011406,0.013076549395918846,0.009475060738623142,0.044357310980558395,0.11900117248296738,0.003198510268703103,0.0013585904380306602,0.0010047287214547396,0.32146015763282776,0.12571164965629578,0.005720135755836964,0.015008796937763691,0.017925938591361046,0.006097468547523022,0.005251084454357624,0.007026201579719782,0.010534051805734634,0.007362520322203636,0.007858287543058395,0.05405576154589653
window-e0ae2f0bda1130657bcc,269_28620_57203,mouse,mouse,0.42719730734825134,True,0.01066372450441122,0.013732954859733582,0.002530498895794153,0.15518148243427277,0.11719461530447006,0.007830850780010223,0.0028166063129901886,0.0009176080930046737,0.04265470430254936,0.01419479213654995,0.01283134613186121,0.0042780800722539425,0.0015601873164996505,0.00040110177360475063,0.04616008326411247,0.42719730734825134,0.0008748861728236079,0.03997745364904404,0.02905111201107502,0.0007332919049076736,0.008622923865914345,0.0009500187588855624,0.012944433838129044,0.03641686588525772,0.0016475680749863386,0.008635583333671093
window-0921ccc2b1699f992e8a,269_28620_57203,mouse,mouse,0.9988973140716553,True,4.2297218897147104e-05,7.25181816960685e-05,1.999159030674491e-05,5.466441871249117e-05,0.00010668359755072743,2.3278373191715218e-05,0.00017805756942834705,8.897445695765782e-06,5.6751619013084564e-06,1.9609349692473188e-05,0.0002895368088502437,6.033751105860574e-06,1.2095777037757216e-06,1.200251745103742e-06,9.973070518753957e-06,0.9988973140716553,3.173928462274489e-06,1.0280498827341944e-05,1.6396306818933226e-05,1.1385450306988787e-06,3.346362063894048e-05,2.5129997993644793e-06,0.00012412818614393473,5.047716695116833e-05,4.081491624674527e-06,1.74248380062636e-05
window-d6267af99d59c06c1f14,269_28620_57203,mouse,mouse,0.9532278180122375,True,0.0007432203274220228,0.0008612741949036717,0.00187417003326118,0.0003992913698311895,0.0009266716660931706,0.0004818291054107249,0.0006568648386746645,0.00023804105876479298,0.0014465553686022758,0.00019156874623149633,0.03514958173036575,8.359453931916505e-05,1.779606463969685e-05,0.0001655610976740718,0.0002483290736563504,0.9532278180122375,1.9481361960060894e-05,0.00027145841158926487,0.00019866364891640842,0.00014314446889329702,0.00015935831470414996,4.306707705836743e-05,0.0009531273390166461,0.00011528579489095137,0.00011588412598939613,0.0012683675158768892
window-414f044196be8cb9daf4,373_41590_83041,mouse,mouse,0.9999712705612183,True,3.211478770026588e-06,4.269831777037325e-07,2.522610031974182e-07,1.046217221301049e-06,5.76012155306671e-07,3.1161275160229707e-07,3.268978389314725e-06,5.4806985616551174e-08,2.3510305879881344e-07,8.013799401851429e-08,1.6497116348546115e-06,1.5160406974246143e-06,1.277843807656609e-06,5.200591317588987e-07,3.5534983453544555e-06,0.9999712705612183,7.264846317411866e-06,3.628497040608636e-07,1.0077139904751675e-06,3.997407418410148e-07,1.093112871330959e-07,4.489899083637283e-07,6.168382782334447e-08,4.0235951814793225e-07,6.227219842003251e-07,6.853258582850685e-08
window-18514abd842b52e35d79,373_41590_83041,mouse,mouse,0.9997987151145935,True,1.453539607609855e-05,3.830894456768874e-06,1.8005986248681438e-06,3.249460496590473e-05,6.251601917028893e-06,1.184927214126219e-06,1.0795414709718898e-05,1.1395354704291094e-06,1.0150027947020135e-06,1.4784959603275638e-06,7.182989520515548e-06,4.1459650674369186e-05,1.7345789729006356e-06,2.877621773222927e-05,1.4500935321848374e-05,0.9997987151145935,8.244563105108682e-06,2.4599839889560826e-06,6.912222033861326e-06,5.113093379804923e-07,2.9055436243652366e-06,6.073318672861205e-06,1.983685251616407e-06,1.94581252799253e-06,1.3849344213667791e-06,6.945608674868708e-07
window-b41839a8cddc0443da1a,373_41590_83041,mouse,mouse,0.9999890327453613,True,1.191855858451163e-06,4.6197163783290307e-07,1.602199120043224e-07,8.487838840665063e-07,3.1105952302823425e-07,3.961859533774259e-07,7.647886377526447e-07,3.968308348589744e-08,4.0597807782205564e-08,5.6785747659660046e-08,7.78535877543618e-07,5.60122884962766e-07,5.550668902287725e-07,1.8722158756645513e-07,1.5291229829017539e-06,0.9999890327453613,1.2454822808649624e-06,1.6103180655591132e-07,3.345274990351754e-07,9.98287532638642e-08,1.9905243675566453e-07,4.0418424873678305e-07,1.95516989265343e-08,3.8113296341180103e-07,1.7191284484852076e-07,6.991630385755343e-08
window-e842d1eff2a1afa53f61,373_41590_83041,mouse,mouse,0.9999600648880005,True,4.444747446541442e-06,1.6875095809609775e-07,1.659353756622295e-07,4.791927040059818e-06,1.0694395768950926e-06,3.799493697442813e-07,4.05419677917962e-06,9.728136518560859e-08,2.118372179893413e-07,6.622823889301799e-08,8.310927341881325e-07,4.672118393500568e-06,4.155915576120606e-06,7.278846396729932e-07,3.576911922209547e-06,0.9999600648880005,6.546671556861838e-06,6.552089644173975e-07,6.568575372511987e-07,2.428016898647911e-07,3.396295369384461e-07,5.337998914001219e-07,3.9278994279356994e-08,8.2020710578945e-07,4.787891043633863e-07,1.7270862429086264e-07
window-4f96528298d7db716caa,374_41907_84025,mouse,mouse,0.9999486207962036,True,2.479661361576291e-06,5.324068865775189e-07,7.927778824523557e-07,3.201104618710815e-06,4.988763976143673e-06,4.7658144808337966e-07,1.086187580767728e-06,1.171594519178143e-07,1.9758020641802432e-07,2.760305051197065e-07,5.884824531676713e-06,1.4919798559276387e-05,8.851578172652808e-07,2.6550469556241296e-06,2.3172265173343476e-06,0.9999486207962036,1.997130539166392e-06,1.199224243464414e-06,2.153845116481534e-06,3.2168267694032693e-07,2.2800431054292858e-07,2.329799599465332e-06,7.192439852587995e-07,6.395813443305087e-07,6.480104275397025e-07,2.2114957687335846e-07
window-49efd91e5739a00a2ee1,374_41907_84025,mouse,mouse,0.9998840093612671,True,9.759342901816126e-06,2.6928182705887593e-06,2.9070472464809427e-06,2.364276042499114e-06,1.7100743207265623e-05,1.0166239690079237e-06,6.551538263011025e-06,5.215360374677402e-07,8.796897077445465e-07,7.595442639285466e-07,3.978209406341193e-06,2.73504283541115e-05,1.9964281818829477e-06,2.2258386707108002e-06,8.892561709217262e-06,0.9998840093612671,4.920239916827995e-06,2.234603925899137e-06,5.146825969859492e-06,6.744159009031137e-07,1.1750070143534685e-06,4.051592441101093e-06,2.57362535194261e-06,1.9863705347233918e-06,3.8108660191937815e-06,4.0198381157097174e-07
window-cc700b68bbbcb5825451,374_41907_84025,mouse,mouse,0.9999809265136719,True,2.48395213020558e-06,5.165659899830644e-07,3.94859910102241e-07,1.4802440091443714e-06,1.3659229125551064e-06,5.003058731745114e-07,1.5967597164490144e-06,4.4582591840480745e-08,1.6079768272447836e-07,3.335993028485973e-07,4.704768628016609e-07,1.891436454570794e-06,6.92256321599416e-07,3.711867577749217e-07,7.478196835108974e-07,0.9999809265136719,2.3330007934418973e-06,3.169461990637501e-07,1.0445055522723123e-06,2.512130947707192e-07,2.0382404386509734e-07,5.829032261317479e-07,2.7120938739244593e-07,5.029163503422751e-07,5.848694399901433e-07,1.9354226665768692e-08
window-ef306fe7fcb5c236bb28,374_41907_84025,mouse,mouse,0.9999710321426392,True,1.2265951454537571e-06,4.943364615428436e-07,1.258355041500181e-06,9.425759230907715e-07,2.2302124307316262e-06,4.616123305822839e-07,1.5368525509984465e-06,9.238279119472281e-08,1.892145462534245e-07,1.8487406805434148e-07,3.933884272555588e-06,6.282242793531623e-06,5.052622213952418e-07,1.1652264220174402e-06,1.0889543773373589e-06,0.9999710321426392,1.6991560869428213e-06,4.992909339307516e-07,1.0123073934664717e-06,3.6687791293843475e-07,2.5750952659109316e-07,1.9134977264911868e-06,4.931592911816551e-07,4.588445676745323e-07,5.449678042168671e-07,8.059890888034715e-08
window-33684eedd96601e00c2a,537_78163_151221,mouse,mouse,0.9999691247940063,True,1.8405069113214267e-06,1.928037391962789e-07,7.799233685545914e-07,1.094120216293959e-05,9.173457442557265e-07,1.2811758551833918e-06,3.7271993278409354e-06,5.666841573770398e-08,3.1098970509901847e-08,1.319453559744943e-07,4.343561386122019e-07,2.0000884148885234e-07,1.0919846999968286e-06,6.930854112852103e-08,4.265931750069285e-07,0.9999691247940063,3.638630232671858e-06,1.6142505501193227e-06,8.201105288208055e-07,7.663833230253658e-07,7.373073174221645e-08,5.837502499161928e-07,1.402105880288218e-07,2.4038172341533937e-07,8.656857630739978e-07,5.933194202611958e-08
window-bc9e2450fb529b38ff88,537_78163_151221,mouse,mouse,0.999992847442627,True,6.186475616232201e-07,8.444558119435897e-08,1.449420921062483e-07,7.909875989753345e-07,1.947433361237927e-07,3.065426028570073e-07,1.0983702622979763e-06,2.2740188398984174e-08,2.5272985482160948e-08,2.8889477476923275e-08,6.083219545871543e-07,1.4042750251519465e-07,4.2681776335484756e-07,3.424996108947198e-08,3.061955169414432e-07,0.999992847442627,5.549340471588948e-07,5.80171558794973e-07,5.038508561483468e-07,1.5686929089042678e-07,3.698115946804137e-08,2.269918439878893e-07,5.154577564780993e-08,2.6901824767833205e-08,2.4693343902981724e-07,3.813032734001354e-08
window-e2a86141853dc6f3d56d,537_78163_151221,mouse,mouse,0.9999785423278809,True,9.998734640248585e-07,1.7864995527361316e-07,4.279426661923935e-07,3.350835640958394e-06,6.403713541658362e-07,9.859248848442803e-07,2.5399185688002035e-06,6.497027982277359e-08,5.425167870498626e-08,6.873887059555273e-08,5.685171799996169e-07,4.7511539946754056e-07,7.840727676011738e-07,5.087868260034156e-08,6.023746550454234e-07,0.9999785423278809,1.5739956324978266e-06,4.012999852420762e-06,1.1579381862247828e-06,6.996330057518207e-07,6.823556475410442e-08,8.549866947760165e-07,1.320851055197636e-07,1.06010553224678e-07,9.664847766543971e-07,4.610546255889858e-08
window-9f55e42e8f27d2d30a70,537_78163_151221,mouse,mouse,0.9999785423278809,True,1.2805710412067128e-06,1.228147681331393e-07,5.674208978234674e-07,4.467531198315555e-06,4.920275387121364e-07,1.075025238606031e-06,2.3443299141945317e-06,4.0610007800978565e-08,2.6936559649470837e-08,8.731824152619083e-08,4.617628235337179e-07,2.401470453605725e-07,1.0202564908468048e-06,6.604604863014174e-08,3.8476935060316464e-07,0.9999785423278809,2.8699262202280806e-06,2.9651700970134698e-06,4.875057584285969e-07,7.954250236252847e-07,6.40032808973956e-08,5.043517603553482e-07,7.553795455805812e-08,1.5843200174003869e-07,9.068821782420855e-07,4.597934832872852e-08
window-10e82e26752a6cb4b2e1,616_99441_199619,mouse,mouse,0.9999444484710693,True,5.0124735935241915e-06,2.368458581258892e-06,2.417011046418338e-06,1.5712934100520215e-06,8.74314264365239e-06,7.871905722822703e-07,1.3221986591815948e-05,8.496264172208612e-07,1.305425030295737e-06,1.675240781651155e-07,1.588098484717193e-06,9.804923593037529e-07,1.7373187120028888e-06,3.61369558277147e-07,9.744182989379624e-07,0.9999444484710693,3.944384843634907e-06,6.589114036614774e-07,6.738670776940126e-07,2.905065343838942e-07,1.5189739315246698e-06,4.82425434711331e-07,1.834727413552173e-06,9.11208360321325e-07,3.0550941119145136e-06,6.062010271534746e-08
window-231aa478fc602e49d9f9,616_99441_199619,mouse,mouse,0.9999722242355347,True,3.308278564873035e-06,1.0338252423025551e-06,8.983794259620481e-07,8.960033142102475e-07,2.7392295578465564e-06,1.0893679700529901e-06,3.0355690796568524e-06,2.4873639858924435e-07,4.5128487613510515e-07,3.016365610619687e-07,1.7594934433873277e-06,4.908649202661763e-07,1.6246185623458587e-06,6.311660740720981e-07,2.5116156621152186e-07,0.9999722242355347,1.1649922271317337e-06,3.448817835760565e-07,5.966659841760702e-07,1.8113138366970816e-07,1.2984460227016825e-06,4.393091046495101e-07,1.3717475439989357e-06,1.8015090290646185e-06,1.7410408190698945e-06,6.173014099886132e-08
window-53ccf9cb5ed26cef113a,616_99441_199619,mouse,mouse,0.9998326301574707,True,1.3484897863236256e-05,3.0130440791253932e-05,1.026295740302885e-05,1.7743042235451867e-06,2.349236820009537e-05,2.2547328626387753e-06,3.213488889741711e-05,5.057198450231226e-06,9.5046237902352e-07,1.216774421664013e-06,8.17836053101928e-07,3.0991786843515e-06,4.652839834307088e-06,4.097657324564352e-07,1.1018639725079993e-06,0.9998326301574707,4.999882094125496e-06,1.8267672885485808e-06,2.007189777941676e-06,9.541095096210483e-07,4.193460426904494e-06,1.156957978309947e-06,7.17032480679336e-06,2.918714926636312e-06,1.1223802175663877e-05,1.5398678954170464e-07
window-a8293d1ce0e82e2598ff,616_99441_199619,mouse,mouse,0.9998899698257446,True,1.4059047316550277e-05,1.744025939842686e-05,4.989584795112023e-06,4.500806880969321e-06,3.991366611444391e-06,3.6608296341000823e-06,2.1229277990642004e-05,2.3198290932668897e-07,3.525344425270305e-07,4.0103125797941175e-07,8.162613767126459e-07,7.48101228964515e-07,4.182641532679554e-06,6.908711043251969e-07,2.3965849322848953e-06,0.9998899698257446,1.1074396752519533e-05,1.0707873343562824e-06,1.6245593315034057e-06,1.8622893094288884e-06,1.3006666677028988e-06,5.5545672239532e-07,3.2877678677323274e-06,4.0161548895412125e-06,5.466243692353601e-06,4.426842181715074e-08
window-f1d11cd11fde183c47d4,105_12597_24882,parkingmeter,parkingmeter,0.9997552037239075,True,2.0689146822405746e-06,9.860411864792695e-07,1.2455009255063487e-06,5.377229967962194e-07,1.0717544682847802e-06,3.7129398151591886e-06,6.090753004173166e-07,1.8861699118133401e-06,1.0567834578978363e-05,7.024129189403538e-08,2.3256666281668004e-06,1.7939763665708597e-06,0.00010844003554666415,5.557611757467384e-07,2.8651563752646325e-06,3.791135213759844e-06,0.9997552037239075,1.8777649302137434e-06,3.014458798134001e-06,3.374023799551651e-05,7.155738785513677e-06,3.605738311307505e-05,4.136657310027658e-07,1.2778400559909642e-05,5.467420123750344e-06,1.677406999078812e-06
window-000abbd73704e3d2a0bc,105_12597_24882,parkingmeter,parkingmeter,0.9988729357719421,True,1.133394744101679e-05,1.932435907292529e-06,1.3137726000422845e-06,1.1941086768274545e-06,1.4834865851298673e-06,6.434484930650797e-06,8.689247010806866e-07,4.83075609736261e-06,7.483034551114542e-06,5.392020057115587e-07,5.03848650623695e-06,2.3489892555517145e-06,0.00048193492693826556,9.036739925250004e-07,1.33539024318452e-05,9.060251613846049e-06,0.9988729357719421,2.2934243588679237e-06,3.745917638298124e-06,0.0003794596123043448,1.6608157238806598e-05,8.123047882691026e-05,9.197870554089604e-07,8.574601815780625e-05,4.721259756479412e-06,2.2627937141805887e-06
window-8983f24504dc4e7d655f,105_12597_24882,parkingmeter,parkingmeter,0.9997542500495911,True,3.782042313105194e-06,1.5219544593492174e-06,4.291010100132553e-06,1.6190271878713247e-07,1.4238031553759356e-06,2.441272954456508e-05,1.272065219382057e-06,3.810702082773787e-06,3.722725296029239e-06,1.919050021115254e-07,5.086116289021447e-06,1.5408379567816155e-06,8.136132964864373e-05,3.1557863167108735e-06,7.250591352203628e-06,5.283587142912438e-06,0.9997542500495911,2.603947223178693e-06,3.915935394616099e-06,2.2405776689993218e-05,1.3646454135596287e-05,1.2648126357817091e-05,1.7149991435871925e-06,3.083348929067142e-05,4.133516540605342e-06,5.649141257890733e-06
window-6d7f2b19975cca3c301a,105_12597_24882,parkingmeter,parkingmeter,0.9998522996902466,True,2.052212948910892e-06,1.1356072491253144e-06,1.9005190097232116e-06,1.9743742996070068e-07,1.2071518540324178e-06,9.652091648604255e-06,8.471403134535649e-07,1.3144763215677813e-06,2.8533431759569794e-06,1.00525838320209e-07,8.532139759154234e-07,1.4943542510081897e-06,5.299035183270462e-05,2.165178557334002e-06,2.75823003903497e-06,4.404012997838436e-06,0.9998522996902466,2.6609529868437676e-06,2.4677171950315824e-06,2.117907570209354e-05,4.8375172809755895e-06,1.3634248716698494e-05,6.696366199321346e-07,9.249286449630745e-06,4.546564014162868e-06,2.5216859285137616e-06
window-1b9aad6f9c00dcbe0f20,429_60447_117580,parkingmeter,parkingmeter,0.9997071623802185,True,2.5246017685276456e-06,1.231367946274986e-06,9.80614004220115e-07,7.525464980062679e-07,3.941179897992697e-07,3.6137942061031936e-06,4.733485923225089e-07,1.7434600749766105e-06,1.3288296258906485e-06,6.522344051518303e-07,8.57502129747445e-07,1.0546199291638914e-06,0.0001571188768139109,9.82745746114233e-07,2.509548266971251e-06,7.100144102878403e-06,0.9997071623802185,2.7726505322789308e-06,2.010612433878123e-06,6.322565604932606e-05,4.158432147960411e-06,9.134624633588828e-06,4.78309800655552e-07,1.5181350136117544e-05,1.1369774256309029e-05,1.1982933756371494e-06
window-23c6cd24270c7aee4df6,429_60447_117580,parkingmeter,parkingmeter,0.9995507597923279,True,4.100592377653811e-06,2.3059478735376615e-06,7.759322215861175e-07,2.0234076600900153e-06,8.97577820069273e-07,5.2105524446233176e-06,1.6645811911075725e-06,3.388809318494168e-06,4.285662271286128e-06,6.54083692097629e-07,2.8920610475324793e-06,2.7535772915143752e-06,0.00023622285516466945,2.206213139288593e-06,7.491176347684814e-06,8.637641258246731e-06,0.9995507597923279,3.0051833164179698e-06,2.4048620161920553e-06,6.749869498889893e-05,1.2099576451873872e-05,1.9083199731539935e-05,1.007854280032916e-06,4.168591112829745e-05,1.5105500096979085e-05,1.778826913323428e-06
window-30620ec6f1436f3dad2f,429_60447_117580,parkingmeter,parkingmeter,0.9997443556785583,True,2.3969055291672703e-06,2.423349542368669e-06,1.0066631830341066e-06,6.908086334078689e-07,1.2625409908650909e-06,4.432352397998329e-06,8.529510182597733e-07,2.2926117253518896e-06,3.7971369692968437e-06,5.372265832193079e-07,2.0470406525419094e-06,1.687485905677022e-06,0.00011260329483775422,9.030635510498541e-07,3.916262812708737e-06,1.4110160009295214e-05,0.9997443556785583,2.75130969384918e-06,3.01272189062729e-06,4.6359244151972234e-05,6.915947324159788e-06,1.0990082955686375e-05,4.898473093817302e-07,1.804107887437567e-05,1.09746033558622e-05,1.2379395002426463e-06
window-bf7f6774961e56c65295,429_60447_117580,parkingmeter,parkingmeter,0.9993915557861328,True,6.5298963818349876e-06,2.511604861865635e-06,1.3489435559677077e-06,1.6749780797908898e-06,6.986637686168251e-07,4.4503913159132935e-06,1.1826657555502607e-06,4.474534307519207e-06,2.0376212432893226e-06,8.025963325053453e-07,1.2577554571180372e-06,1.3532071534427814e-06,0.00028892740374431014,1.0606160003590048e-06,7.07834033164545e-06,1.2899304238089826e-05,0.9993915557861328,4.038485712953843e-06,1.7863527546069236e-06,0.00017748599930200726,1.3092570952721871e-05,2.984421189466957e-05,3.356799709308689e-07,2.0560724806273356e-05,2.140076321666129e-05,1.5073962913447758e-06
window-15af39c11478ab7c8bf4,602_93529_187049,parkingmeter,kite,0.2653062045574188,False,0.007833261042833328,0.009171118028461933,0.2573351263999939,0.02783523127436638,0.012959529645740986,0.0009971547406166792,0.00612281309440732,0.01044020988047123,0.002718890318647027,0.03222684934735298,0.006719477474689484,0.03930448740720749,0.016990767791867256,0.2653062045574188,0.007677383255213499,0.0003698052023537457,0.15404213964939117,0.03243516758084297,0.0037472588010132313,0.007712475955486298,0.01873982511460781,0.005665062926709652,0.02780059538781643,0.023021312430500984,0.0030931418295949697,0.01973460428416729
window-3584954c12c83992f583,602_93529_187049,parkingmeter,kite,0.4809868037700653,False,0.00555817037820816,0.008627809584140778,0.3151891827583313,0.018924525007605553,0.003497505094856024,0.0008980270940810442,0.007882975041866302,0.008022239431738853,0.0004439201729837805,0.006014895625412464,0.0027402336709201336,0.008996222168207169,0.002739587100222707,0.4809868037700653,0.005136346444487572,0.0003637677582446486,0.08676810562610626,0.012164944782853127,0.0010404722997918725,0.005006109364330769,0.0035710050724446774,0.0027647812385112047,0.0023721486795693636,0.0035053689498454332,0.001064141164533794,0.005720788612961769
window-abc0b06f5a1478fbe3df,197_21223_42168,plant,plant,0.9862242937088013,True,0.00015885104949120432,7.306760380743071e-05,0.00015694693138357252,0.00014937111700419337,0.0005080688861198723,6.683781975880265e-05,0.00042303476948291063,7.743162132101133e-05,0.006185044068843126,0.00022511881252285093,0.00026904858532361686,0.00021955881675239652,0.00016222140402533114,0.00010145197302335873,0.00018050325161311775,0.00025504050427116454,0.0009276513010263443,0.9862242937088013,0.0014312800485640764,0.0001676088577369228,0.000200562528334558,0.001058194786310196,8.841822273097932e-05,0.0002499549591448158,0.00011803929373854771,0.00032232454395852983
window-080762098ea107819154,197_21223_42168,plant,plant,0.9962397813796997,True,3.530512913130224e-05,1.3962110642751213e-05,5.9279384004184976e-05,4.702668229583651e-05,0.0002335469180252403,1.1906956387974788e-05,7.984683179529384e-05,1.9033141143154353e-05,0.0016155799385160208,8.984033047454432e-05,9.984015196096152e-05,0.00017107200983446091,4.616269143298268e-05,2.5504743462079205e-05,3.9741440559737384e-05,4.0145681850844994e-05,9.348172170575708e-05,0.9962397813796997,0.00035326043143868446,7.593505142722279e-05,0.00010894665319938213,0.0003036310081370175,2.4514318283763714e-05,5.620300362352282e-05,2.1920677681919187e-05,9.455642430111766e-05
window-f4c1801c99cea4cffdc4,197_21223_42168,plant,plant,0.9945498108863831,True,4.0699316741665825e-05,1.651235288591124e-05,9.00632658158429e-05,0.0001035911263898015,0.00017553832731209695,2.860715721908491e-05,6.19738784735091e-05,2.5727826141519472e-05,0.0019238422391936183,8.037174120545387e-05,8.048042946029454e-05,0.00014914930216036737,6.708512955810875e-05,2.4771696189418435e-05,0.00010252944775857031,7.005176303209737e-05,0.0003463077882770449,0.9945498108863831,0.0007644259021617472,0.00014401432417798787,0.00011675199493765831,0.0004651702183764428,5.1807543059112504e-05,0.00015713904576841742,2.4676039174664766e-05,0.0003388826153241098
window-142223aa8689427bc764,197_21223_42168,plant,plant,0.9849820137023926,True,0.0001943741226568818,7.27472361177206e-05,0.00022671258193440735,0.00022793551033828408,0.0003038396534975618,0.00013627014413941652,0.0006071325042285025,9.680443326942623e-05,0.006448390427976847,0.000331613962771371,0.0002659555175341666,0.0002748532861005515,0.0001937694614753127,9.822905121836811e-05,0.0002676848089322448,0.00042746326653286815,0.0008867606520652771,0.9849820137023926,0.001343684969469905,0.00037970361881889403,0.00020614557433873415,0.0011647065402939916,7.066710531944409e-05,0.00031884940108284354,0.00015919384895823896,0.00031453956034965813
window-1b719d36517d7763b1a9,346_36039_66047,plant,plant,0.9999234676361084,True,1.1961022892137407e-06,1.1392255601094803e-06,8.640614396426827e-06,7.764947440591641e-07,2.2697686290484853e-06,4.22650259679358e-07,1.1064136742788833e-05,2.0849395241384627e-06,4.813980012841057e-06,1.4195168205333175e-06,8.577853805036284e-06,4.576718765747501e-06,9.416775128556765e-07,3.6058552268514177e-06,2.157065637220512e-06,8.39352424009121e-07,9.570333077135729e-07,0.9999234676361084,2.512095761630917e-06,1.916078190333792e-06,1.3687091495739878e-06,5.035739832237596e-06,1.60718013830774e-06,3.3708363389450824e-06,1.6075924804681563e-06,3.7294432786438847e-06
window-1c13b12de3c6f04f90af,346_36039_66047,plant,plant,0.9998668432235718,True,6.593213129235664e-06,2.2399913177650888e-06,4.93745301355375e-06,2.1212908904999495e-06,1.5849078408791684e-05,1.05156823337893e-06,2.626992227305891e-06,2.2429496766562806e-06,5.522191258933162e-06,2.0525942090898752e-05,7.995375199243426e-06,9.837968718784396e-06,4.125964778722846e-07,5.052753294876311e-06,5.316923306963872e-06,2.6180712211498758e-06,1.0680710147425998e-06,0.9998668432235718,2.5404465304745827e-06,1.1698067510224064e-06,9.279747814616712e-07,3.2880773233046057e-06,1.1597715001698816e-06,9.593984032107983e-06,1.6296531839543604e-06,1.6833921108627692e-05
window-a46aca6fa984b4b3467a,346_36039_66047,plant,plant,0.9996825456619263,True,9.438765118829906e-06,3.7709128264395986e-06,9.826732821238693e-06,8.387009984289762e-06,2.7541915187612176e-05,1.2828331819036976e-06,6.93829424562864e-05,4.936053301207721e-06,7.611186447320506e-06,2.09710360650206e-05,2.578600833658129e-05,1.0737250704551116e-05,5.875279839528957e-06,5.500146471604239e-06,3.1073841455508955e-06,1.4537228707922623e-05,1.155888867288013e-06,0.9996825456619263,2.1707575797336176e-05,6.010451215843204e-06,4.605460162565578e-06,1.0570301128609572e-05,1.189801605505636e-05,1.2044994946336374e-05,7.4863505687972065e-06,1.3267677786643617e-05
window-1bcc1f02349f3eacb6a7,346_36039_66047,plant,plant,0.9996945858001709,True,2.0519197278190404e-05,5.55905353394337e-06,1.0225522601103876e-05,9.82012443273561e-06,3.444797403062694e-05,5.709305241907714e-06,2.0366700482554734e-05,3.964889856433729e-06,2.656125980138313e-05,1.2848939149989747e-05,3.432234734646045e-05,4.9350869630870875e-06,5.123648406879511e-06,3.2111995551531436e-06,1.0041619134426583e-05,1.2775518371199723e-05,2.7502389912115177e-06,0.9996945858001709,2.0896102796541527e-05,4.1908069761120714e-06,5.125320058141369e-06,4.619833816832397e-06,7.221141913760221e-06,1.1200761946383864e-05,4.8438259909744374e-06,2.421079443593044e-05
window-82a0b061f38c9777cd3d,374_42124_84248,plant,bench,0.3784385621547699,False,0.10623477399349213,0.054327577352523804,0.005904300604015589,0.3784385621547699,0.025684954598546028,0.01037511695176363,0.024065744131803513,0.039711758494377136,0.0037261012475937605,0.012135297060012817,0.08142036199569702,0.04603980854153633,0.0024678208865225315,0.014586961828172207,0.001687958836555481,0.012997320853173733,0.003085504285991192,0.028149206191301346,0.019035188481211662,0.003067013109102845,0.0027918254490941763,0.0016576898051425815,0.01467231847345829,0.004971858114004135,0.0015694661997258663,0.10119543224573135
window-1a7ce30e511d5ac07a1d,374_42124_84248,plant,bench,0.15637467801570892,False,0.05068346485495567,0.0538390688598156,0.020303290337324142,0.15637467801570892,0.05113279074430466,0.04460853338241577,0.021465793251991272,0.0406499058008194,0.005106201395392418,0.03397227078676224,0.005719073582440615,0.1417936235666275,0.002347963396459818,0.06431559473276138,0.005738018546253443,0.03043372556567192,0.005938575603067875,0.06310220807790756,0.07523638755083084,0.00453704409301281,0.007898018695414066,0.008964961394667625,0.015604864805936813,0.03365413472056389,0.010404467582702637,0.04617540165781975
window-67517d56d08f5dd4d00c,374_42124_84248,plant,plant,0.23701882362365723,True,0.10154151171445847,0.03049289435148239,0.002688210690394044,0.10790714621543884,0.018991606310009956,0.1262415498495102,0.03661324828863144,0.021976608783006668,0.0023553993087261915,0.030457699671387672,0.055390555411577225,0.031340595334768295,0.0015491183148697019,0.025378361344337463,0.0013838217128068209,0.03665860742330551,0.0009627128019928932,0.23701882362365723,0.01785588078200817,0.0020290459506213665,0.006120232865214348,0.00141823454760015,0.007908966392278671,0.024917904287576675,0.0037572935689240694,0.06704403460025787
window-5349774507c85fe5f31a,374_42124_84248,plant,apple,0.4700946509838104,False,0.4700946509838104,0.022267568856477737,0.0022561936639249325,0.2161572426557541,0.0013794644037261605,0.02168223448097706,0.006555887404829264,0.04956948384642601,0.002144348807632923,0.03498606011271477,0.012542669661343098,0.023381343111395836,0.0034224826376885176,0.017644105479121208,0.0023067600559443235,0.00651415903121233,0.0005295236478559673,0.009369641542434692,0.07019726932048798,0.0012300281086936593,0.0024524605832993984,0.0006186924874782562,0.00920252874493599,0.0031596075277775526,0.0009210517164319754,0.009414425119757652
window-973b8d2514fa9f09e54a,38_1678_5044,plant,plant,0.9977989792823792,True,2.9040455046924762e-05,4.833315688301809e-05,6.380300328601152e-05,2.2722253561369143e-05,0.00011805390386143699,3.774654760491103e-05,0.00044058088678866625,3.22009555020486e-06,0.00016466602392029017,0.00019825327035505325,4.731920853373595e-06,8.147097832988948e-05,1.901481482491363e-05,0.00034394688555039465,9.502594184596092e-05,0.00014553235087078065,3.524080602801405e-05,0.9977989792823792,6.769820174667984e-05,1.0102834494318813e-05,7.660785922780633e-05,1.116215753427241e-05,3.730835305759683e-05,5.612099266727455e-05,3.1439773010788485e-05,5.9246875025564805e-05
window-92d9cd0e5717fbb96436,38_1678_5044,plant,plant,0.988625168800354,True,3.253417889936827e-05,0.0003566758241504431,0.00022021529730409384,6.718756048940122e-05,0.00012703982065431774,0.00015395968512166291,0.0008428992587141693,3.9800444938009605e-05,0.00016581984527874738,0.00023555954976473004,1.977657484530937e-05,0.00032457715133205056,0.0001076817570719868,0.004284929484128952,0.0006661522784270346,0.0010500674834474921,0.00022315392561722547,0.988625168800354,0.00026288992376066744,5.038017116021365e-05,0.0006922958418726921,3.18658712785691e-05,0.0007981433882378042,0.0001640124391997233,5.289922410156578e-05,0.000404367339797318
window-9df30bcae1ebe64a7a32,38_1678_5044,plant,plant,0.9902160167694092,True,4.644404543796554e-05,0.0004816558794118464,0.0005609957734122872,2.3672189854551107e-05,0.00023369051632471383,0.00027013703947886825,0.00043382280273362994,3.747183291125111e-05,9.307177970185876e-05,0.00018430250929668546,2.7061832952313125e-05,0.000321810832247138,7.014774746494368e-05,0.0052139898762106895,0.00022438888845499605,0.00033276103204116225,6.386452878359705e-05,0.9902160167694092,0.00014101131819188595,3.562904385034926e-05,0.00036828071461059153,2.397261960140895e-05,0.0003058830334339291,8.483281271765009e-05,2.946509630419314e-05,0.00017551534983795136
window-a5f524c53d0b248f9a33,38_1678_5044,plant,plant,0.9969154596328735,True,7.4864829002763145e-06,9.836428944254294e-05,0.0001296119880862534,2.367357592447661e-05,8.855458145262673e-05,0.00012635416351258755,0.000361660000635311,1.722343404253479e-05,0.0002639169106259942,0.0001316785637754947,9.806311027205084e-06,0.0001354041014565155,2.5201376047334634e-05,0.0004291576042305678,0.00028537993784993887,0.00019730304484255612,6.604432564927265e-05,0.9969154596328735,6.718528311466798e-05,3.4512060665292665e-05,9.22855397220701e-05,1.6234698705375195e-05,0.0001033401204040274,0.0001005455051199533,2.3471477106795646e-05,0.00025012780679389834
window-8053bb8c6fee3b795551,40_1901_5812,plant,plant,0.9985672235488892,True,0.00020983799186069518,1.5052431990625337e-05,0.00014791004650760442,1.3635061804961879e-05,2.8641094104386866e-05,1.0799953088280745e-05,7.899800948507618e-06,1.0510666470509022e-05,1.0886889867833816e-05,1.7996102542383596e-05,3.4259715903317556e-05,0.0001147632792708464,1.219440127897542e-05,0.0001760488230502233,0.00022918304603081197,9.16695935302414e-05,0.00011854501644847915,0.9985672235488892,2.0368308469187468e-05,1.7780757843866013e-05,1.0763706995930988e-05,2.4384069547522813e-05,1.29120644487557e-05,3.534339339239523e-05,2.1622214262606576e-05,3.970941907027736e-05
window-b0e280d25d341d499398,40_1901_5812,plant,plant,0.9988061189651489,True,0.0001047382756951265,1.7649706933298148e-05,0.0001025901801767759,1.2031106962240301e-05,3.662066956167109e-05,1.6427158698206767e-05,2.4369091988774016e-05,7.023521447990788e-06,7.459108019247651e-06,2.2062364223529585e-05,4.092743984074332e-05,5.706867887056433e-05,1.833180067478679e-05,0.0001903468946693465,0.00010578428191365674,4.913171142106876e-05,0.00015504681505262852,0.9988061189651489,1.5835026715649292e-05,4.637845995603129e-05,1.1516436643432826e-05,3.9768197893863544e-05,9.525316272629425e-06,3.2835854653967544e-05,1.692259502306115e-05,5.346559555619024e-05
window-fef2328c462294a24a92,40_1901_5812,plant,plant,0.9987745881080627,True,0.00015169712423812598,1.374358544126153e-05,0.00023689749650657177,1.386136773362523e-05,4.3257223296677694e-05,1.2957740182173438e-05,8.63350123836426e-06,7.678663678234443e-06,1.736881495162379e-05,2.1974734409013763e-05,4.3548254325287417e-05,6.447693886002526e-05,9.681557457952294e-06,0.00012678989151027054,0.00010741201549535617,8.366261317860335e-05,9.862792649073526e-05,0.9987745881080627,8.727851309231482e-06,3.122117050224915e-05,1.2559610695461743e-05,3.5195254895370454e-05,6.2779340623819735e-06,2.7591473553911783e-05,1.6536178009118885e-05,2.5174320398946293e-05
window-e6257c0d8a6b5fd3ee9f,40_1901_5812,plant,plant,0.9952633380889893,True,0.00037735910154879093,4.462504875846207e-05,0.00045928102917969227,4.976617492502555e-05,8.294168947031721e-05,3.569179534679279e-05,3.371647107996978e-05,4.276599793229252e-05,3.909926090273075e-05,4.774218541570008e-05,0.00014214306429494172,0.0003778335521928966,4.242800787324086e-05,0.0007759956642985344,0.00039990057121030986,0.00017756721354089677,0.0009144928189925849,0.9952633380889893,4.978976721758954e-05,0.00012911614612676203,2.7210538974031806e-05,0.00015430955681949854,3.145869413856417e-05,6.92858302500099e-05,9.131262777373195e-05,0.00014083126734476537
window-ac5a922d263d86d3f08d,480_68442_132810,plant,plant,0.9977096319198608,True,2.220165333710611e-05,1.4604715033783577e-05,0.00010143300460185856,4.931720104650594e-05,7.030046981526539e-05,2.5889561584335752e-05,6.601365748792887e-05,7.101013034116477e-05,0.00010096761980094016,4.566893039736897e-05,0.00021820094843860716,0.00021584278147201985,4.261544381733984e-05,0.00047115361667238176,2.9532455300795846e-05,5.9826641518156976e-05,3.741846012417227e-05,0.9977096319198608,5.964536831015721e-05,9.632339788367972e-05,0.00013157662760931998,0.0001275803952012211,1.0212199413217604e-05,2.17175911529921e-05,7.168538286350667e-05,0.00012946744391229004
window-9959ab77c5afc1dc1873,480_68442_132810,plant,plant,0.9839209318161011,True,0.0001735161495162174,0.00010326901247026399,0.00041916652116924524,0.00019542555673979223,8.923076529754326e-05,9.709694859338924e-05,0.0001109022632590495,0.00035611315979622304,0.00023726980725768954,0.0005646914942190051,0.004963400308042765,0.00022690158220939338,0.0003647097619250417,0.004595793783664703,0.00010047670366475359,7.236340752569959e-05,3.248623761464842e-05,0.9839209318161011,5.1442253607092425e-05,0.0013896849704906344,0.0005701020709238946,0.0005699783214367926,5.8342262491350994e-05,4.292925586923957e-05,9.471925295656547e-05,0.0005989170749671757
window-81213e69848fc5ea10db,480_68442_132810,plant,plant,0.9882148504257202,True,7.44020362617448e-05,8.026860450627282e-05,0.0002623969048727304,0.00045106958714313805,8.755789895076305e-05,0.00017753445717971772,0.0001579301169840619,0.00033259912743233144,0.0012434895616024733,0.0004330916563048959,0.0019817424472421408,0.0011159066343680024,5.4008025472285226e-05,0.0006946268840692937,0.00011745451047318056,0.00013585361011791974,7.854188152123243e-05,0.9882148504257202,0.00015134074783418328,0.0007169600576162338,0.00042870064498856664,0.0003115933504886925,0.0001924636890180409,0.00020610133651643991,0.00028935374575667083,0.002010101918131113
window-9f5b3b5adda9280d3376,480_68442_132810,plant,plant,0.9804184436798096,True,0.00018411125347483903,0.00017521120025776327,0.001110945246182382,0.0002054085925919935,0.0001734653051244095,0.00010662098793545738,0.00033271717256866395,0.0007898691110312939,0.00029847666155546904,0.0006967094377614558,0.001965888310223818,0.001412109355442226,0.0006053347606211901,0.002682167338207364,0.00022686213196720928,0.0004663088475354016,0.0003176004101987928,0.9804184436798096,0.0014348025433719158,0.0011429041624069214,0.0011256010038778186,0.0025166908744722605,8.725303632672876e-05,0.00011022919352399185,0.0005486214649863541,0.0008656655554659665
window-d08aa31c74fa9359f378,492_70632_136944,plant,plant,0.9998202919960022,True,5.8244318097422365e-06,6.006299827276962e-06,5.67606036838697e-07,3.106071744696237e-05,5.795862307422794e-06,1.0834718523256015e-05,1.7840020518633537e-05,2.7057337774749612e-06,6.027163180988282e-06,5.020265689381631e-06,1.0093309356307145e-05,9.582006896380335e-06,1.5581645129714161e-06,2.7912623409065418e-05,2.803618372126948e-06,1.2936079656356014e-06,5.706705223929021e-07,0.9998202919960022,1.7803266700866516e-06,3.2913187624217244e-06,2.421285671516671e-06,4.424081907927757e-06,4.52692756880424e-06,3.8102452890598215e-06,4.9467103053757455e-06,9.074632544070482e-06
window-2e032f4fa37d531026b8,492_70632_136944,plant,plant,0.9999295473098755,True,1.6778595863797818e-06,1.160356532636797e-06,1.847890302997257e-07,1.3265147572383285e-05,1.2741702448693104e-06,3.6789645037060836e-06,6.178004241519375e-06,1.8206203549198108e-06,2.959578068839619e-06,2.5133451799774775e-06,3.2499708595423726e-06,3.0072915251366794e-06,3.6631556099564477e-07,6.081695573811885e-06,2.932466031779768e-06,6.211012077983469e-07,1.0636105116645922e-06,0.9999295473098755,5.295564733387437e-07,1.7595895087652025e-06,8.89517593805067e-07,4.807366167369764e-06,5.907803597438033e-07,3.229129333703895e-06,4.337976861279458e-06,2.2269423425314017e-06
window-a16446a777a00cb6b482,492_70632_136944,plant,plant,0.9996181726455688,True,5.870158020115923e-06,9.17981469683582e-06,9.348652270091407e-07,3.5103850677842274e-05,8.916000297176652e-06,2.2990270736045204e-05,5.2215375035302714e-05,7.742943125776947e-06,1.397797586832894e-05,7.494475994462846e-06,4.863959475187585e-05,1.5850349882384762e-05,3.13027612719452e-06,3.5966419090982527e-05,8.700329999555834e-06,1.947187456607935e-06,1.9868593881255947e-06,0.9996181726455688,5.608924311673036e-06,6.4616460804245435e-06,6.765234047634294e-06,1.0054342965304386e-05,7.288737833732739e-06,1.4379907042894047e-05,1.5536010323558003e-05,3.497629950288683e-05
window-4fc7db143808aee18b4d,492_70632_136944,plant,plant,0.9998332262039185,True,1.489164446866198e-06,4.326813268562546e-06,4.0505577203475696e-07,2.933664836746175e-05,6.69628616378759e-06,1.2288408470340073e-05,1.2716714081761893e-05,1.971236997633241e-06,1.0277891306031961e-05,6.51949403618346e-06,1.0300557732989546e-05,8.885370334610343e-06,1.933399289555382e-06,1.1059320058848243e-05,2.841742116288515e-06,1.9030417206522543e-06,4.196413385670894e-07,0.9998332262039185,1.9852468540193513e-06,2.987456127812038e-06,2.8283805022510933e-06,3.4078311728080735e-06,8.425266059930436e-06,4.984122824680526e-06,2.7992196010018233e-06,1.592173066455871e-05
window-fdba8157f743e01e1c6d,537_78170_151231,plant,plant,0.7735865712165833,True,0.004821330308914185,0.004201523028314114,0.044655852019786835,0.01621759496629238,0.0008908839663490653,0.008923997171223164,0.013185574673116207,0.002590395975857973,0.005803417880088091,0.016697021201252937,0.0006494385888800025,0.00815082062035799,0.005071359686553478,0.005840857978910208,0.0034466960933059454,0.0006679664365947247,0.0035352681297808886,0.7735865712165833,0.002923219697549939,0.009992863982915878,0.005111622158437967,0.024693824350833893,0.0010302099399268627,0.012819415889680386,0.01302261557430029,0.011469807475805283
window-7a6ca9e6fd9baf9a00fa,537_78170_151231,plant,plant,0.8915213346481323,True,0.003832615679129958,0.003062552073970437,0.015447990968823433,0.008206615224480629,0.0005484272842295468,0.0038470877334475517,0.008436303585767746,0.0012021065922454,0.004305391572415829,0.0076661123894155025,0.0003792289353441447,0.0036680770572274923,0.003316385904327035,0.0020218926947563887,0.0024712104350328445,0.0006442503072321415,0.0021190678235143423,0.8915213346481323,0.001939128851518035,0.004221215844154358,0.0022624663542956114,0.01024691853672266,0.000356682954588905,0.008062642067670822,0.0034233175683766603,0.0067910379730165005
window-1bbbd3f842b220e3a14d,537_78170_151231,plant,plant,0.7193577885627747,True,0.007816214114427567,0.008210718631744385,0.042007721960544586,0.02609616331756115,0.0010366671485826373,0.015089929103851318,0.021360235288739204,0.002250408288091421,0.00790645182132721,0.01420688908547163,0.0011138555128127337,0.007340766489505768,0.012115713208913803,0.0042672595009207726,0.003729895455762744,0.0010915977181866765,0.0056821550242602825,0.7193577885627747,0.0028408323414623737,0.02722957916557789,0.005817832890897989,0.019555313512682915,0.0009582731872797012,0.017368169501423836,0.010588510893285275,0.014961055479943752
window-6220b48d9ab67ad8774d,537_78170_151231,plant,plant,0.8383947610855103,True,0.003524085506796837,0.00540629867464304,0.047356102615594864,0.006344800349324942,0.0004182571137789637,0.0039094253443181515,0.010261774063110352,0.0023481829557567835,0.004949197173118591,0.010383618995547295,0.0003996119776275009,0.005070032086223364,0.0021162033081054688,0.0022404948249459267,0.0031082588247954845,0.0008896108483895659,0.002705516992136836,0.8383947610855103,0.0018626772798597813,0.0076965694315731525,0.0016872681444510818,0.009548487141728401,0.0004904927918687463,0.007504893001168966,0.004221244715154171,0.017162136733531952
window-45d27599584904d24532,612_97575_195854,plant,plant,0.9932101368904114,True,5.8220772189088166e-05,2.2279460608842783e-05,7.001186168054119e-05,0.0013131387531757355,8.193213579943404e-05,1.767173125699628e-05,3.1853647669777274e-05,0.00010302518057869747,0.00014768756227567792,0.000336537545081228,7.195478974608704e-05,0.002614943776279688,3.413827289477922e-05,6.96926363161765e-05,6.557140295626596e-05,6.28874622634612e-05,2.3079162929207087e-05,0.9932101368904114,0.0008111185161396861,4.5480661356123164e-05,1.91284270840697e-05,0.00031303943251259625,2.7846457669511437e-05,0.00011874635674757883,1.2078986401320435e-05,0.00031768082408234477
window-a1222bb5f0b3de0ee288,612_97575_195854,plant,plant,0.9974415302276611,True,1.4899746020091698e-05,2.2302818251773715e-05,5.927198435529135e-05,3.2468826248077676e-05,6.477075658040121e-05,6.319737440207973e-05,4.4853197323391214e-05,4.5752680307487026e-05,0.0007815837161615491,8.988619083538651e-05,3.9849302993388847e-05,0.0005831022281199694,1.2573758795042522e-05,2.327568108739797e-05,6.351270712912083e-05,1.4781187019252684e-05,1.4019231457496062e-05,0.9974415302276611,6.597823812626302e-05,1.4563617696694564e-05,4.026101669296622e-05,0.00016867088561411947,7.2073003138939384e-06,9.572752605890855e-05,8.089356015261728e-06,0.00018771590839605778
window-f8c6fc1e384ee19ee024,612_97575_195854,plant,plant,0.999789297580719,True,2.9048710530332755e-06,7.083760920068016e-07,4.373663614387624e-06,4.0360769162361976e-06,8.248394806287251e-06,7.185634785855655e-06,3.5820253287965897e-06,2.68783492174407e-06,1.6968289855867624e-05,1.4019447917235084e-05,2.4239991489594104e-06,5.3530271543422714e-05,1.4378878177012666e-06,1.2136097211623564e-05,8.88920112629421e-06,2.4903802113840356e-06,5.575604518526234e-06,0.999789297580719,1.1249837370996829e-05,5.4836850722495e-06,2.4743603717070073e-06,1.6248364772764035e-05,9.037787549459608e-07,4.000079570687376e-06,1.1302018947390025e-06,1.795816933736205e-05
window-baf444687a292c2a62c1,612_97575_195854,plant,plant,0.9999608993530273,True,5.165724132893956e-07,2.1942666705854208e-07,3.866348095016292e-07,6.448594831454102e-07,2.0572820176312234e-06,1.7230512412425014e-06,2.1416356048575835e-06,7.045317715892452e-07,3.004335439982242e-06,2.30601631301397e-06,8.314684691868024e-07,4.121792699152138e-06,4.5760714328935137e-07,2.5187412120430963e-06,1.334911416961404e-06,4.7341592335214955e-07,1.3215187664172845e-06,0.9999608993530273,1.1039796845579986e-06,8.071020829447662e-07,9.59425960900262e-07,6.739684522472089e-06,1.3721486880058364e-07,1.0332497595300083e-06,3.92892729905725e-07,3.2114210171130253e-06
window-9ae2a9d82123ec2c0aef,272_29076_57620,sandwich,sandwich,0.9997302889823914,True,2.618872031234787e-06,8.970645808403788e-07,6.457393283199053e-06,4.1770127268137003e-07,2.1645591914420947e-06,2.755361947492929e-06,0.00018008601909969002,9.25307995203184e-06,2.3106770186132053e-06,1.1489518101370777e-06,1.8138467794415192e-07,7.75608805270167e-06,5.241254712018417e-06,8.942458862293279e-07,7.235576617858896e-07,2.4772223241598113e-06,1.655989581195172e-05,1.1493371232518257e-07,0.9997302889823914,3.767893531403388e-06,1.7500939293313422e-06,2.7000694444723194e-06,1.3578155630966648e-05,2.3650109142181464e-06,2.672662276381743e-06,7.551059297838947e-07
window-39ed7eeadbbf091ef08d,272_29076_57620,sandwich,sandwich,0.9992584586143494,True,2.25395820052654e-06,1.3033046570853912e-06,6.4537794060015585e-06,1.7673812635621289e-06,1.2288865946175065e-05,2.403026428510202e-06,0.0005937061505392194,1.4979849765950348e-05,1.8787355884342105e-06,1.300411781812727e-06,1.708556283119833e-07,1.2859328307968099e-05,8.155160685419105e-06,1.6826348883114406e-06,9.243929071089951e-07,3.5949583434558008e-06,3.2240750442724675e-05,1.1849572700839417e-07,0.9992584586143494,4.89282319904305e-06,1.7860637626654352e-06,4.675938271248015e-06,2.5319286578451283e-05,3.2335947253159247e-06,2.090080442940234e-06,1.3882843177270843e-06
window-919dc3eb02a5017366b7,272_29076_57620,sandwich,sandwich,0.9999334812164307,True,5.995386800350389e-07,3.580965426408511e-07,1.0651972388586728e-06,2.531163545427262e-07,4.551937706764875e-07,8.798019734967966e-07,3.9860875403974205e-05,2.718523091971292e-06,5.730754537580651e-07,2.488750681095553e-07,1.6135612668222166e-07,2.3300508473766968e-06,1.6534861515538068e-06,2.042839355453907e-07,1.832940057511223e-07,9.290682783102966e-07,3.358163667144254e-06,5.253344426137119e-08,0.9999334812164307,6.958930498512927e-07,5.437362347038288e-07,6.422561682484229e-07,6.643162123509683e-06,1.0359416364735807e-06,5.479971605382161e-07,4.865034384238243e-07
window-fe72a63dee45518c8572,272_29076_57620,sandwich,sandwich,0.9998797178268433,True,6.435152499761898e-07,4.5845453655601887e-07,7.765215173094475e-07,2.437075181660475e-07,3.767301279822277e-07,3.524269800436741e-07,0.00010435506555950269,1.6631770449748728e-06,3.4949866289935017e-07,1.8744513852197997e-07,2.696169190130604e-07,2.373302095293184e-06,8.385412115785584e-07,2.06324600071639e-07,1.2212616695705947e-07,9.931349040925852e-07,1.4909545598129625e-06,3.895517863838904e-08,0.9998797178268433,5.803273097626516e-07,3.196889224454935e-07,4.648235574222781e-07,2.0578920612024376e-06,5.151275104253727e-07,3.209725605302083e-07,2.7445940986581263e-07
window-be54e2efdba79409cb1c,368_39852_77846,sandwich,sandwich,0.9997884631156921,True,2.970855575767928e-06,1.608382081030868e-05,7.861694029998034e-06,1.337212665930565e-06,4.2434289753146e-06,8.15492694528075e-06,2.007980947382748e-05,1.744331166264601e-05,1.5236048966471571e-05,4.437557663550251e-07,5.806900844618212e-07,2.1815871150465682e-05,8.09258381195832e-06,2.2648307549388846e-06,3.781205123232212e-06,2.656739070516778e-06,1.6417712686234154e-05,3.3133864008050296e-07,0.9997884631156921,1.3316470358404331e-05,8.080406587396283e-06,8.301902198581956e-06,1.792451621440705e-05,4.468672159418929e-06,4.280019311408978e-06,5.281637186271837e-06
window-1f4111c99650a554f928,368_39852_77846,sandwich,sandwich,0.9963591694831848,True,0.00011403523967601359,6.356181984301656e-05,0.00014628471399191767,6.663826934527606e-05,2.2098036424722522e-05,9.924764890456572e-05,0.0008593736565671861,5.252681876299903e-05,0.0001384796341881156,1.0210531399934553e-05,1.327143945673015e-05,0.0005483370623551309,0.00011574821837712079,1.4945307157177012e-05,0.00011960014671785757,8.889182936400175e-05,0.00021149481472093612,2.3395465177600272e-05,0.9963591694831848,0.00028033426497131586,0.0001670364144956693,0.00012774582137353718,0.00010492422734387219,8.985229214886203e-05,8.422018436249346e-05,7.854137948015705e-05
window-831399a16d2534d9d09a,368_39852_77846,sandwich,sandwich,0.9993005990982056,True,6.363620741467457e-06,1.0450305126141757e-05,2.2242422346607782e-05,2.1728678802901413e-06,6.283913080551429e-06,3.773464641199098e-06,0.00041317573050037026,2.824404145940207e-05,1.1143670235469472e-05,6.900497737660771e-07,5.669043048328604e-07,2.4330012820428237e-05,7.044195172056789e-06,1.4410895801120205e-06,1.234652336279396e-05,6.965229204070056e-06,4.158828960498795e-05,5.759421242146345e-07,0.9993005990982056,1.8323898984817788e-05,9.352650522487238e-06,2.4673072402947582e-05,2.2460309992311522e-05,8.543000149074942e-06,1.2485115803428926e-05,4.191812422504881e-06
window-285b0eda3eb0ed8aa766,368_39852_77846,sandwich,sandwich,0.9991318583488464,True,1.308715854975162e-05,1.0034062142949551e-05,5.3701169235864654e-05,2.2216290744836442e-06,1.3390040294325445e-05,3.149002805002965e-05,0.000315962330205366,4.307588824303821e-05,2.9681672458536923e-05,1.0310155857951031e-06,6.876197744531964e-07,6.518074951600283e-05,1.55933612404624e-05,3.3100188829848776e-06,1.7163842130685225e-05,5.021427568863146e-06,6.86811690684408e-05,4.536483970696281e-07,0.9991318583488464,3.6422901757759973e-05,2.2956086468184367e-05,2.2103366063674912e-05,6.120455509517342e-05,1.543743746879045e-05,1.4387338524102233e-05,5.745955149905058e-06
window-47e75dbc2e981158f2a6,422_58620_113279,sandwich,sandwich,0.9996302127838135,True,9.189740239889943e-07,1.7089352013499592e-06,6.568660410266602e-06,4.990712341168546e-07,1.1911515684914775e-05,2.7396590667194687e-06,0.00024752269382588565,6.769297669961816e-06,2.2136144252726808e-05,9.681847359388485e-07,3.5567629197430506e-07,1.0161561476706993e-05,3.6976068713556742e-06,2.4580663193773944e-06,1.9729936866497155e-06,2.500802338545327e-06,7.925470526970457e-06,7.811304953975196e-07,0.9996302127838135,1.3386340924625983e-06,2.4678515728737693e-06,3.4765794225677382e-06,3.2575517252553254e-06,1.1577021723496728e-05,7.892170287959743e-06,8.12015150586376e-06
window-bf6df4e2d8a38a87b8c3,422_58620_113279,sandwich,sandwich,0.9998974800109863,True,2.2779899211400334e-07,7.665747148166702e-07,1.6922539316510665e-06,1.542479026284127e-06,1.8862774595618248e-05,2.453117247114278e-07,4.9637677875580266e-05,2.7625562779576285e-06,5.313806468620896e-06,8.714466730452841e-07,5.692523359357438e-07,2.320871999472729e-06,4.2129960320380633e-07,1.1537044883880299e-06,1.0771115057650604e-06,1.0962710348394467e-06,5.410971652963781e-07,3.6601957731363655e-07,0.9998974800109863,5.084703502689081e-07,2.2097585770097794e-06,9.463000765208562e-07,1.5245246913764277e-06,1.6847837969180546e-06,8.457369631287293e-07,5.445258921099594e-06
window-a299687d87a2a1e094c9,422_58620_113279,sandwich,sandwich,0.999936580657959,True,2.5735948838701006e-07,4.944896545566735e-07,1.5139046354306629e-06,8.161982236742915e-07,4.396117674332345e-06,3.543711670772609e-07,3.676382766570896e-05,1.4961144643166335e-06,3.517712457323796e-06,3.6446502349463117e-07,1.4614381882438465e-07,8.018723178793152e-07,5.666287279382232e-07,6.853193781353184e-07,4.262572019797517e-07,1.7065253814507741e-06,1.3026898386669927e-06,2.269734409310331e-07,0.999936580657959,3.3396105436622747e-07,5.182533300285286e-07,7.943902460283425e-07,1.0420426406199113e-06,1.7883498912851792e-06,1.5540580307060736e-06,1.4581479490516358e-06
window-0b3a877d56842a6da7a7,422_58620_113279,sandwich,sandwich,0.9995970129966736,True,1.1971322919634986e-06,8.941514124671812e-07,4.665898813982494e-06,2.6065063138958067e-06,9.623958248994313e-06,1.2600504533111234e-06,0.00030996897839941084,5.774383225798374e-06,2.397408570686821e-05,1.828700078476686e-06,4.718191348729306e-07,3.0140076887619216e-06,1.8393589016341139e-06,2.5543668016325682e-06,2.6791549316840246e-06,2.7275527827441692e-06,3.552222779035219e-06,8.853293707034027e-07,0.9995970129966736,1.064891648638877e-06,1.9966128093074076e-06,1.3892712331653456e-06,3.3881099170685047e-06,3.4479694477340672e-06,4.6696468416485e-06,7.603694029967301e-06
window-5fe237155da07fb3ac41,618_100645_201517,sandwich,sandwich,0.9994999170303345,True,9.569477697368711e-06,7.5178481893090066e-06,1.543457074149046e-05,4.927929353470972e-07,2.4850065528880805e-05,7.147842097765533e-06,1.9602381144068204e-05,1.8022155927610584e-05,3.9006674342090264e-05,2.3096963559510186e-05,7.508866133321135e-07,1.4125449524726719e-05,1.3119652976456564e-05,0.00011089428880950436,6.013698566675885e-06,1.5759482039356953e-06,2.560783104854636e-05,1.954431809281232e-06,0.9994999170303345,0.00011687063670251518,3.3422090837120777e-06,8.785047612036578e-06,1.5047494343889412e-05,7.684489901294e-06,7.722243026364595e-06,1.880760123640357e-06
window-d329d15b47f99247105c,618_100645_201517,sandwich,sandwich,0.9995817542076111,True,9.884087376121897e-06,5.500074166775448e-06,2.0336628949735314e-05,5.332972250471357e-07,1.7559532352606766e-05,5.67358893022174e-06,2.3443508325726725e-05,1.625813456485048e-05,3.410925637581386e-05,2.3607579350937158e-05,6.040048106115137e-07,1.2683167369686998e-05,1.315956160397036e-05,8.058993989834562e-05,4.328398517827736e-06,1.6977804762063897e-06,2.6077359507326037e-05,1.5716195775894448e-06,0.9995817542076111,8.556391549063846e-05,2.372832341279718e-06,5.835472620674409e-06,9.42491624300601e-06,8.332734068972059e-06,6.951525847398443e-06,2.114946028086706e-06
window-bec646631cbc1ca7045c,618_100645_201517,sandwich,sandwich,0.9994151592254639,True,1.4301828741736244e-05,7.1624522206548136e-06,1.9917040845029987e-05,6.772137908228615e-07,3.6801011447096244e-05,6.351138381432975e-06,3.731144897756167e-05,1.9053824871662073e-05,4.481282667256892e-05,3.2763102353783324e-05,1.1681848945954698e-06,1.2437013538146857e-05,1.1445598829595838e-05,0.00012812664499506354,6.480864612967707e-06,2.1631135496136267e-06,2.824224065989256e-05,2.3191532818600535e-06,0.9994151592254639,0.0001262266159756109,3.4999370654986706e-06,1.0045219823950902e-05,1.4909720448486041e-05,7.232023563119583e-06,8.781546966929454e-06,2.676637450349517e-06
window-d1f6415e5692af7b05ee,618_100645_201517,sandwich,sandwich,0.9992087483406067,True,1.6136547856149264e-05,1.0270873644913081e-05,2.479603062965907e-05,7.514241815442801e-07,5.6524026149418205e-05,1.0363094588683452e-05,3.687346907099709e-05,2.6026345949503593e-05,6.533531995955855e-05,3.4559794585220516e-05,9.784506573851104e-07,1.623673233552836e-05,3.043147808057256e-05,0.00014280212053563446,9.433294508198742e-06,2.4665075670782244e-06,3.199790444341488e-05,2.582463139333413e-06,0.9992087483406067,0.00019919905753340572,4.87203669763403e-06,1.6772937669884413e-05,1.8172662748838775e-05,1.59984701895155e-05,1.4212558198778424e-05,3.538284772730549e-06
window-d0487444f7f4900083c7,620_101121_202636,sandwich,sandwich,0.9989845156669617,True,6.354513516271254e-06,9.268142093787901e-06,2.3141150450101122e-05,1.2266751525658037e-07,2.206474709964823e-05,3.782305429922417e-05,3.8225236494326964e-05,0.00011342410289216787,3.395610474399291e-05,1.0664484761946369e-05,1.2586234333866742e-05,7.148344593588263e-05,2.901363404816948e-05,0.00022912604617886245,4.5829074224457145e-06,2.1141822799108922e-06,9.650480933487415e-05,7.815059689164627e-06,0.9989845156669617,0.0001095020561479032,1.1858747711812612e-05,1.808600063668564e-05,9.14762495085597e-05,2.5559746063663624e-05,6.485242465714691e-06,4.16811144532403e-06
window-d1f8d00ed382bedeb7a1,620_101121_202636,sandwich,sandwich,0.998941957950592,True,6.782065156585304e-06,9.596587915439159e-06,2.3244472686201334e-05,1.0758271429267552e-07,3.669273792183958e-05,3.210598879377358e-05,2.713214053073898e-05,0.00010606729483697563,3.369222395122051e-05,1.2754715498886071e-05,1.786548091331497e-05,8.491867629345506e-05,2.3919290470075794e-05,0.00023970591428223997,6.036766535544302e-06,2.0515531105047558e-06,9.099590533878654e-05,8.611100383859593e-06,0.998941957950592,0.00014395645121112466,1.1019280464097392e-05,2.150170439563226e-05,8.039102976908907e-05,2.8385984478518367e-05,6.366435172822094e-06,4.176779384579277e-06
window-4d4b8047f1511a132372,620_101121_202636,sandwich,sandwich,0.999286949634552,True,5.469197276397608e-06,7.128641755116405e-06,1.3179740562918596e-05,7.704768023586439e-08,1.9720313503057696e-05,2.0088522433070466e-05,1.6947267795330845e-05,8.604374306742102e-05,2.3344309738604352e-05,9.176292223855853e-06,1.2159544894529972e-05,6.341200787574053e-05,1.5999525203369558e-05,0.00015748554142192006,4.63826199847972e-06,1.5109199011931196e-06,6.372057396220043e-05,5.669206075253896e-06,0.999286949634552,8.716665615793318e-05,4.917934802506352e-06,1.5242354493238963e-05,5.127597614773549e-05,2.0475299606914632e-05,4.310819804231869e-06,3.8423986552516e-06
window-ad7a1d4df117ca13aeab,620_101121_202636,sandwich,sandwich,0.9992965459823608,True,6.496257356047863e-06,7.690754500799812e-06,1.0710200513130985e-05,1.3137864129930676e-07,1.7362503058393486e-05,2.004493035201449e-05,1.3601431419374421e-05,5.8945108321495354e-05,2.6079766030306928e-05,1.5156311746977735e-05,9.74933118413901e-06,5.951947969151661e-05,1.5106714272405952e-05,0.000174621949554421,3.858401669276645e-06,1.7808438315114472e-06,6.859102722955868e-05,5.702549060515594e-06,0.9992965459823608,8.966233144747093e-05,4.916401394439163e-06,1.7677935829851776e-05,4.3711184844141826e-05,2.4227572794188745e-05,4.3684744923666585e-06,3.659812136902474e-06
window-9a5e19dfa6f9c90afe15,70_6182_14057,sandwich,sandwich,0.9932125806808472,True,2.954657065856736e-05,9.644679266784806e-06,4.537584391073324e-05,2.0198269794491353e-06,7.069171260809526e-06,0.00011242674372624606,0.0058413962833583355,2.0241341189830564e-05,7.984013063833117e-05,1.9208928279113024e-05,9.54439997258305e-07,4.513032763497904e-05,6.647509871982038e-05,2.339679895158042e-06,1.8864249796024524e-05,1.7976994058699347e-05,0.0002024951681960374,5.104004230815917e-06,0.9932125806808472,1.4426486814045347e-05,2.811821468640119e-05,2.715778464335017e-05,1.9006005459232256e-05,9.458518616156653e-05,7.431429548887536e-05,3.7156576127017615e-06
window-41f661de64f65f3e6828,70_6182_14057,sandwich,sandwich,0.992442786693573,True,4.7009860281832516e-05,2.537380532885436e-05,7.905028905952349e-05,3.7010163396189455e-06,1.8215303498436697e-05,0.00011750532576115802,0.006334483623504639,2.0127807147218846e-05,0.00015131298277992755,1.873496876214631e-05,4.3639165596687235e-06,5.833757677464746e-05,0.00012984978093300015,2.9085840651532635e-06,1.829978464229498e-05,3.8177913666004315e-05,0.00020159667474217713,6.891486464155605e-06,0.992442786693573,1.4919164641469251e-05,4.318181163398549e-05,2.17893066292163e-05,2.7915391910937615e-05,8.685047941980883e-05,7.800588355166838e-05,8.557810360798612e-06
window-ccd489727011b6305241,70_6182_14057,sandwich,sandwich,0.9980748891830444,True,1.726121990941465e-05,7.120674126781523e-06,2.956105163320899e-05,2.1438615931401728e-06,6.484554887720151e-06,5.400583540904336e-05,0.0014328864635899663,9.794728612178005e-06,5.768695336882956e-05,1.0120635124621913e-05,1.0571862958386191e-06,1.2908184544357937e-05,3.691394522320479e-05,1.2823099950765027e-06,7.738454769423697e-06,1.626772245799657e-05,5.7132339861709625e-05,3.381924898349098e-06,0.9980748891830444,8.928610441216733e-06,1.4832241504336707e-05,9.429367310076486e-06,1.556231472932268e-05,4.338911094237119e-05,6.684494292130694e-05,2.3900704491097713e-06
window-571b6dc8e3894495ffea,70_6182_14057,sandwich,sandwich,0.9904610514640808,True,2.8828069844166748e-05,1.0366600690758787e-05,3.5882483643945307e-05,1.2002683433820494e-06,2.4642062271595933e-05,7.843750790925696e-05,0.00874782633036375,2.3362028514384292e-05,7.200336403911933e-05,1.1408035788917914e-05,1.547345732433314e-06,2.9532768166973256e-05,6.584924267372116e-05,1.3955473150417674e-06,1.3877905985282268e-05,2.2205802451935597e-05,0.0001822003978304565,3.469655439403141e-06,0.9904610514640808,1.747377245919779e-05,2.8799931897083297e-05,1.7039457816281356e-05,1.9755130779230967e-05,6.148662214400247e-05,3.753390410565771e-05,2.8393569664331153e-06
window-eca3eaecd788ce4dceb8,146_16270_32238,stopsign,stopsign,0.9940225481987,True,4.5598506403621286e-05,3.4659833545447327e-06,2.8884172934340313e-05,2.4008177206269465e-05,2.5738450858625583e-05,1.1037174772354774e-05,1.2727387002087198e-06,1.0021334674092941e-05,7.135479336284334e-06,1.6217269148910418e-05,8.674644959683064e-06,4.921342679153895e-06,0.005246959626674652,0.0002290971315233037,3.939396992791444e-05,6.7114337980456185e-06,0.0001558593794470653,1.3850982213625684e-05,1.0485615348443389e-05,0.9940225481987,1.6157157006091438e-05,1.7134781955974177e-05,2.0140840206295252e-05,7.717228072579019e-06,2.6127445380552672e-05,9.533727052257746e-07
window-9baea53d55dc48200608,146_16270_32238,stopsign,stopsign,0.9411139488220215,True,0.00036887548048980534,2.7187099476577714e-05,7.51706538721919e-05,0.00011537620594026521,0.00019424436322879046,3.185106106684543e-05,6.99504107615212e-06,4.547648859443143e-05,0.0001132749457610771,8.258518937509507e-05,5.441261237137951e-05,1.3259023035061546e-05,0.05500416085124016,0.0013853247510269284,0.0003411263751331717,6.072765609133057e-05,0.0005120174027979374,2.1168872990529053e-05,6.226870027603582e-05,0.9411139488220215,7.543809624621645e-05,3.7394886021502316e-05,0.00014588689373340458,3.29401227645576e-05,6.226917321328074e-05,1.653716572036501e-05
window-8d840f79e35eea67311c,146_16270_32238,stopsign,stopsign,0.945728600025177,True,0.0017566315364092588,0.0007730653742328286,0.0021576164290308952,0.004724687431007624,0.004283765330910683,0.00032495224149897695,0.00039612018736079335,0.0012791758636012673,0.0006246920675039291,0.00019399684970267117,0.0004787218931596726,0.0009272291208617389,0.007033240515738726,0.0024805867578834295,0.004409146029502153,0.000671014073304832,0.01123987976461649,0.001323798089288175,0.0017107367748394608,0.945728600025177,0.0024773136246949434,0.002662567188963294,0.00045569028588943183,0.00026590420748107135,0.0006345220026560128,0.0009863447630777955
window-d5eadcb40085a5a1ff01,146_16270_32238,stopsign,stopsign,0.9796940684318542,True,0.00010381602623965591,5.619498097075848e-06,3.3020038245012984e-05,1.697004699963145e-05,4.621849438990466e-05,2.470802064635791e-05,4.0951595110527705e-06,1.5889410860836506e-05,2.7340549422660843e-05,2.037444937741384e-05,1.1312124115647748e-05,2.1743244360550307e-05,0.019313685595989227,9.57557131187059e-05,9.254058386432007e-05,1.5258389794325922e-05,0.0001849023683462292,1.690830322331749e-05,4.574324339046143e-05,0.9796940684318542,4.623044151230715e-05,4.283011730876751e-05,2.524508090573363e-05,1.5328645531553775e-05,7.856942102080211e-05,1.8943346731248312e-06
window-7b23b9f848b36e48dbe1,249_26599_53534,stopsign,stopsign,0.9975284934043884,True,5.6806211432558484e-06,7.412301101794583e-07,6.335015768854646e-06,4.641962277673883e-06,1.565806451253593e-05,3.4098989090125542e-06,4.6188429791982344e-07,1.612092455616221e-05,2.484803189872764e-06,4.136639290663879e-06,6.754794867447345e-06,2.5519534574414138e-06,0.001660905429162085,0.00030335996416397393,1.2125767170800827e-05,3.38106146955397e-05,0.00033644726499915123,3.897373971994966e-06,1.2148198948125355e-05,0.9975284934043884,9.02871397556737e-06,6.8398562689253595e-06,3.4339961985097034e-06,6.5216777329624165e-06,5.020628123020288e-06,9.043786121765152e-06
window-756c05901a8327958558,249_26599_53534,stopsign,stopsign,0.9694767594337463,True,0.00012114772107452154,8.692947631061543e-06,9.274360490962863e-05,0.00012228131527081132,7.209563045762479e-05,2.761311588983517e-05,4.267674285074463e-06,8.92356620170176e-05,6.165548984427005e-05,2.7680509447236545e-05,0.00014730036491528153,3.015211404999718e-05,0.015400119125843048,0.01200665533542633,0.0002444351848680526,0.00038000932545401156,0.0009350421605631709,6.445991311920807e-05,0.00021019447012804449,0.9694767594337463,3.908442522515543e-05,3.74434057448525e-05,0.00029101959080435336,3.836799805867486e-05,3.488618312985636e-05,3.6631496186601e-05
window-348dc704e674a3302609,249_26599_53534,stopsign,stopsign,0.94041907787323,True,0.0007859042380005121,0.00010315133113181219,0.000429455132689327,6.46992921247147e-05,0.00016343472816515714,0.00020329251128714532,0.0001498464698670432,0.00031359080458059907,5.14330058649648e-05,0.00013932610454503447,0.0005902437842451036,0.0007364723132923245,0.047009408473968506,0.0010586314601823688,0.00026301934849470854,0.0006789626204408705,0.0037588663399219513,0.00021399336401373148,0.000646653410512954,0.94041907787323,0.00023954831704031676,0.0004959004581905901,0.00042478571413084865,0.0004249528283253312,0.0004543318646028638,0.0001809911773307249
window-091490720158bedb0e6d,249_26599_53534,stopsign,stopsign,0.9981426000595093,True,3.5837422274198616e-06,3.483345665244997e-07,4.067117060913006e-06,5.346086595636734e-07,3.343589696669369e-06,2.577971372375032e-06,9.395267142053854e-08,2.03980789592606e-06,9.593084087100578e-07,1.8874426359616336e-06,2.0073143787158187e-06,6.240243806132639e-07,0.001748042181134224,2.4327579012606293e-05,1.9981544028269127e-06,1.6735439203330316e-06,3.214080788893625e-05,2.6007562610175228e-06,3.527784429024905e-06,0.9981426000595093,4.747347702505067e-06,5.411578513303539e-06,8.707339134161884e-07,6.014453219904681e-07,8.989743946585804e-06,4.032240781270957e-07
window-46b0ec3222c876fcb1b1,437_62330_122209,stopsign,stopsign,0.9965428709983826,True,2.2925858502276242e-05,5.378906280384399e-06,6.722616672050208e-05,4.887889008386992e-05,0.00013428415695670992,6.50461743134656e-06,6.247440524020931e-06,2.1130405002622865e-05,1.5843595974729396e-05,8.20802688394906e-06,5.491030151461018e-06,3.222490704501979e-05,0.0019357979763299227,0.00025677200756035745,3.4921606129501015e-05,1.4727954294357914e-05,0.0006597121246159077,2.0493831470957957e-05,2.0580910131684504e-05,0.9965428709983826,2.8008833396597765e-05,1.5979085219441913e-05,8.511156920576468e-06,2.2232354240259156e-05,4.666828317567706e-05,1.835305920394603e-05
window-4abe4ab6bb8e810a4671,437_62330_122209,stopsign,stopsign,0.9910093545913696,True,4.779295704793185e-05,5.479899755300721e-06,0.00048416407662443817,7.659613038413227e-05,0.0004091125156264752,1.3482796020980459e-05,2.9478862415999174e-05,9.018449782161042e-05,2.01242437469773e-05,1.290708314627409e-05,1.3346039850148372e-05,0.00014890366583131254,0.005547698121517897,0.00029207213083282113,9.217597835231572e-05,5.801619045087136e-05,0.0011628407519310713,0.00013548333663493395,3.437608029344119e-05,0.9910093545913696,4.01178294850979e-05,2.792144732666202e-05,9.325304745289031e-06,7.607503357576206e-05,9.793543722480536e-05,6.501218012999743e-05
window-c1da6427c33c96668325,437_62330_122209,stopsign,stopsign,0.996191143989563,True,9.225108442478813e-06,7.096042509147082e-07,3.137193198199384e-05,3.2243576697510434e-06,6.689551810268313e-05,4.182074462732999e-06,2.852898205674137e-06,1.710989818093367e-05,3.4028084883175325e-06,5.97472944718902e-06,1.3578980997408507e-06,1.3992820640851278e-05,0.0032531071919947863,5.7688990636961535e-05,9.635328751755878e-06,4.693113169196295e-06,0.00026323244674131274,2.749525037870626e-06,1.1966947567998432e-05,0.996191143989563,8.323260772158392e-06,7.083639047777979e-06,3.083394858549582e-06,7.147706128307618e-06,1.4761066267965361e-05,5.012127985537518e-06
window-2d328df07584d6fd174e,437_62330_122209,stopsign,stopsign,0.9899837970733643,True,4.33476670878008e-05,4.789570084540173e-06,9.591261186869815e-05,0.0003969983372371644,0.00017515818763058633,2.9970178729854524e-05,1.6057096217991784e-05,0.00016301429423037916,5.369415521272458e-05,4.5617245632456616e-05,1.0669007679098286e-05,0.00010088414273923263,0.005840734578669071,0.0012118896702304482,0.00014627579366788268,4.346427886048332e-05,0.0011312197893857956,5.75904778088443e-05,9.084592602448538e-05,0.9899837970733643,5.2593382861232385e-05,3.979012035415508e-05,3.6160108720650896e-05,3.3231277484446764e-05,0.00011158169945701957,8.469038584735245e-05
window-3a832983939c9178253b,443_63537_125922,stopsign,stopsign,0.9524827599525452,True,3.18402198900003e-05,1.398233393956616e-06,1.8862079741666093e-05,2.3627424070582492e-06,4.557027205009945e-05,2.602481572466786e-06,6.695157708236366e-07,1.2920013432449196e-05,7.209672276076162e-06,7.737357918813359e-06,7.458236268576002e-06,3.590030701161595e-06,0.04687059298157692,0.0002283194480696693,2.2768506823922507e-05,5.9547651289904024e-06,0.0001348681398667395,4.9134100663650315e-06,6.314047368505271e-06,0.9524827599525452,1.5528845324297436e-05,1.640773734834511e-05,1.413897280144738e-05,1.0354518963140436e-05,3.972174454247579e-05,5.256756139715435e-06
window-c438711336b61359c841,443_63537_125922,stopsign,stopsign,0.4758099317550659,True,0.0028297577518969774,9.631672583054751e-05,0.0008897576481103897,0.0006184440571814775,0.0014848278369754553,0.00012136241275584325,9.972113912226632e-05,0.001636166824027896,0.001001765369437635,0.0004261273716110736,0.0005231333780102432,0.00035416154423728585,0.45584234595298767,0.02982855960726738,0.0024714891333132982,0.0012677963823080063,0.006912681274116039,0.00017360621131956577,0.0010430921101942658,0.4758099317550659,0.00021149130770936608,0.00046889865188859403,0.01457379199564457,0.000432365748565644,0.0003090902464464307,0.0005733339348807931
window-b5cd36caccfd8259eb16,443_63537_125922,stopsign,stopsign,0.8424180746078491,True,0.0011089581530541182,0.0009713534964248538,0.00033199810422956944,0.003408141201362014,0.0018843633588403463,8.27230978757143e-05,0.0008931697229854763,0.0004504842509049922,0.00015834551595617086,0.002149587031453848,0.0014505645958706737,0.00034863335895352066,0.11766056716442108,0.00300860614515841,0.0008890696917660534,0.0023367751855403185,0.005731174256652594,0.0011237168218940496,0.0013694425579160452,0.8424180746078491,0.001095923944376409,0.003397976281121373,0.00036809660377912223,0.0005752990837208927,0.0014921290567144752,0.0052948566153645515
window-41d62797d87428bd4c29,443_63537_125922,stopsign,stopsign,0.9163793325424194,True,9.09438676899299e-05,2.765241561064613e-06,6.895438127685338e-05,1.4096566701482516e-05,6.822666910011321e-05,1.5813036952749826e-05,1.2997286376048578e-06,2.313251570740249e-05,2.0537414457066916e-05,1.7206666598212905e-05,3.220888538635336e-05,1.9015535144717433e-05,0.08199605345726013,0.0006860297289676964,4.962975799571723e-05,1.7487836885266006e-05,0.00018320359231438488,1.2537076145235915e-05,3.546574225765653e-05,0.9163793325424194,4.813947816728614e-05,5.37861451448407e-05,2.985239370900672e-05,1.3286470675666351e-05,0.0001100185836548917,1.1033290320483502e-05
window-e27c73856d1c498d005f,587_87885_173344,stopsign,kite,0.32777950167655945,False,0.05027174577116966,0.0028929347172379494,0.02555307373404503,0.003278665477409959,0.11984742432832718,0.001252956222742796,0.005031963810324669,0.0030708247795701027,0.003586857346817851,0.00255503854714334,0.05265773832798004,0.003902554279193282,0.03578529134392738,0.32777950167655945,0.11311715096235275,0.012754914350807667,0.0016243485733866692,0.019509753212332726,0.004894507583230734,0.17601723968982697,0.002414688467979431,0.01298095565289259,0.012057089246809483,0.004113409202545881,0.0015604672953486443,0.0014889385784044862
window-ce6c903e5a8b3487fd91,587_87885_173344,stopsign,kite,0.5923164486885071,False,0.032736457884311676,0.0019414612324908376,0.019260413944721222,0.0011608960339799523,0.06643105298280716,0.0007630928885191679,0.002797254826873541,0.003329707309603691,0.002035757526755333,0.0018401644192636013,0.009582682512700558,0.001096484251320362,0.04389895498752594,0.5923164486885071,0.025899767875671387,0.010656983591616154,0.001647567842155695,0.01456474419683218,0.003206768771633506,0.12420864403247833,0.0017258470179513097,0.005569317378103733,0.02966545894742012,0.002381021622568369,0.0009739246452227235,0.0003091496182605624
window-54b9272283b0be56adf3,587_87885_173344,stopsign,kite,0.4053823947906494,False,0.02310422621667385,0.0030589450616389513,0.014811335131525993,0.00035923090763390064,0.016802892088890076,0.0014553639339283109,0.002530419733375311,0.008448230102658272,0.0005881365505047143,0.0024405382573604584,0.007820882834494114,0.0024452628567814827,0.1001896783709526,0.4053823947906494,0.030945299193263054,0.0010561031522229314,0.002335138153284788,0.011485247872769833,0.0049264016561210155,0.3346523642539978,0.0008916673250496387,0.005867967382073402,0.013463819399476051,0.003762828651815653,0.0011186498450115323,5.6969096476677805e-05
window-07562ddfcc9d85eb6c4a,619_100875_200297,stopsign,stopsign,0.9944387674331665,True,5.518219040823169e-05,2.427960680506658e-06,1.4867347999825142e-05,7.729064236627892e-06,4.523622919805348e-05,1.1184522008989006e-05,1.4906568139849696e-06,1.3640535144077148e-05,6.947065685380949e-06,4.311972588766366e-06,1.494841490057297e-05,1.651005368330516e-05,0.0050262222066521645,5.732783392886631e-05,2.719183248700574e-05,5.386753855418647e-06,0.000128066138131544,8.373098353331443e-06,2.317409416718874e-05,0.9944387674331665,1.4019693480804563e-05,2.7195774237043224e-05,1.341858569503529e-05,5.628679446090246e-06,3.05853427562397e-05,2.967069008263934e-07
window-6c9102e7ed7d4b8acb06,619_100875_200297,stopsign,stopsign,0.9948260188102722,True,4.807907316717319e-05,1.698443156783469e-06,1.6534213500563055e-05,4.622927463060478e-06,4.130095840082504e-05,8.995627467811573e-06,1.0682891797841876e-06,1.3646093975694384e-05,6.2877629716240335e-06,3.682880333144567e-06,1.2261886695341673e-05,1.2801139746443368e-05,0.00468180188909173,6.808668695157394e-05,2.2005191567586735e-05,5.055265773989959e-06,0.0001192917043226771,6.296133506111801e-06,2.125097125826869e-05,0.9948260188102722,1.495213928137673e-05,2.481125557096675e-05,1.033675653161481e-05,5.030344709666679e-06,2.3819100533728488e-05,2.5660051505838055e-07
window-5ecfd4dc71fd8b47d159,619_100875_200297,stopsign,stopsign,0.9951602816581726,True,3.759014725801535e-05,1.6402096889578388e-06,1.3350073459150735e-05,3.803947038250044e-06,3.392368307686411e-05,8.886673640517984e-06,1.272045210498618e-06,1.2971544492756948e-05,5.804454758617794e-06,3.7446652640937828e-06,1.1703201380441897e-05,1.0824444871104788e-05,0.004404132254421711,6.292038597166538e-05,1.9737995899049565e-05,4.763289325637743e-06,0.00010309542994946241,5.816606972075533e-06,1.9060464182985015e-05,0.9951602816581726,1.1350911336194258e-05,2.5231900508515537e-05,1.1226836249988992e-05,4.139961220062105e-06,2.2648291633231565e-05,2.093613886700041e-07
window-7deb2becb9a3c9575e6b,619_100875_200297,stopsign,stopsign,0.9935835003852844,True,5.407245771493763e-05,2.51006576945656e-06,1.5247574083332438e-05,6.297109393926803e-06,4.093539610039443e-05,9.540169230604079e-06,1.3363254538489855e-06,1.653549770708196e-05,8.624744623375591e-06,4.835704658034956e-06,1.5850493582547642e-05,1.6514411981916055e-05,0.005899553187191486,5.7793928135652095e-05,2.5213745175278746e-05,5.219257673161337e-06,0.00011171648657182232,8.443549631920177e-06,2.3279906599782407e-05,0.9935835003852844,1.6294359738822095e-05,2.575511643954087e-05,1.4986423593654763e-05,6.042711902409792e-06,2.95083718810929e-05,3.087880031671375e-07
window-07b4a8cc15fc2cb61c74,619_100981_200584,stopsign,stopsign,0.7448017001152039,True,0.008244686760008335,0.0008158616255968809,0.007757777813822031,0.0003245549160055816,0.10320542752742767,0.0012164385989308357,0.000368216511560604,0.001898549497127533,0.0007298245327547193,0.0019169661682099104,0.01136067695915699,0.002235391642898321,0.06208394467830658,0.026620494201779366,0.0046567777171730995,0.0025814585387706757,0.002073934767395258,0.0057083843275904655,0.0007646979065611959,0.7448017001152039,0.0004825414507649839,0.0006348715978674591,0.006292077712714672,0.0024376115761697292,0.0005401498056016862,0.00024707510601729155
window-f46505043d59985b1980,619_100981_200584,stopsign,stopsign,0.8182240724563599,True,0.011424362659454346,0.0009682885720394552,0.006505887024104595,0.0005922699347138405,0.024114372208714485,0.0011116162640973926,0.0010318488348275423,0.0008485057624056935,0.0010014616418629885,0.003487729700282216,0.009912368841469288,0.002605463843792677,0.07387367635965347,0.010406718589365482,0.008058390580117702,0.001728622242808342,0.0017819363856688142,0.008841320872306824,0.0005366865661926568,0.8182240724563599,0.0004379251040518284,0.0009325320133939385,0.005919820163398981,0.004670132417231798,0.0006559861940331757,0.00032805095543153584
window-1f30e54066a6bab7d7fb,619_100981_200584,stopsign,stopsign,0.7087451815605164,True,0.026015210896730423,0.002956378972157836,0.014541348442435265,0.0007374862325377762,0.052899666130542755,0.0018747649155557156,0.0014039759989827871,0.0013800406595692039,0.0013417922891676426,0.01892339624464512,0.013028746470808983,0.003840884193778038,0.04963348060846329,0.026241766288876534,0.014485292136669159,0.004332912154495716,0.0047004083171486855,0.028252016752958298,0.0010535590117797256,0.7087451815605164,0.0011910708853974938,0.0017934859497472644,0.011913702823221684,0.00647552078589797,0.0013186385622248054,0.0009192671859636903
window-edce53f52679c6454387,619_100981_200584,stopsign,stopsign,0.5850933790206909,True,0.017256632447242737,0.0023348368704319,0.009657434187829494,0.0005663706106133759,0.06574361026287079,0.001764648943208158,0.00229863403365016,0.003618377260863781,0.0025873857084661722,0.007228556554764509,0.013586447574198246,0.0032172815408557653,0.16668564081192017,0.04669449105858803,0.024599198251962662,0.00420847162604332,0.0028259544633328915,0.013391700573265553,0.0014611411606892943,0.5850933790206909,0.0012440514983609319,0.000808368728030473,0.015922052785754204,0.005289460998028517,0.0015527192736044526,0.00036319412174634635
window-29fff7f472fbb35bf080,387_46702_92994,teddybear,teddybear,0.9993657469749451,True,3.566106443031458e-06,7.099625508999452e-05,4.847716809308622e-06,1.010739879347966e-06,3.149568510707468e-05,2.2414453724195482e-06,1.4131468333289376e-06,6.503612894448452e-06,6.327839400910307e-06,1.078501441043045e-06,4.591749529936351e-06,1.0602857400954235e-05,4.8394373152405024e-05,3.679620931507088e-05,2.1075834411021788e-06,9.70747623796342e-06,4.750319021695759e-06,3.5926760233451205e-07,1.1975882898696e-06,4.26199403591454e-06,0.9993657469749451,7.446551080647623e-06,0.0003626154793892056,2.5103929601755226e-06,3.303315907032811e-06,6.005241175444098e-06
window-57fc0de95641bd4abe94,387_46702_92994,teddybear,teddybear,0.9982866644859314,True,5.727111329179024e-06,6.722271791659296e-05,1.1044098755519371e-05,2.925130729636294e-06,4.6595625462941825e-05,1.3381959433900192e-06,1.2913563978145248e-06,9.862060323939659e-06,1.8516084310249425e-05,1.3169216117603355e-06,2.0356432287371717e-05,2.243150993308518e-05,1.487046029069461e-05,8.269001409644261e-05,4.3886170715268236e-06,1.4319097317638807e-05,7.332118457270553e-06,9.988788178816321e-07,5.971689915895695e-06,9.67473260971019e-06,0.9982866644859314,8.332063771376852e-06,0.0013183987466618419,1.1891650501638651e-05,6.4293590185116045e-06,1.9476719899103045e-05
window-0d911d305a9f0721bfd8,387_46702_92994,teddybear,teddybear,0.9999496936798096,True,5.149670414539287e-07,7.532170457125176e-06,8.882308861757338e-07,1.3561384548665956e-07,1.2724758562399074e-05,3.586802961308422e-07,7.031448490124603e-08,1.4911513517290587e-06,3.1321924325311556e-06,1.2709136854027747e-07,1.0899004792008782e-06,6.263005047912884e-07,3.2077639389171964e-06,1.7830651586336899e-06,2.4655804509166046e-07,2.2743481622455874e-06,6.924340709701937e-07,8.719256783251694e-08,3.687540868213546e-07,6.646796464337967e-07,0.9999496936798096,2.810493526794744e-07,1.0387219845142681e-05,1.6830850313453993e-07,1.200171709569986e-06,3.4882717159234744e-07
window-b5b58a93ea1bf04ec8fe,387_46702_92994,teddybear,teddybear,0.9999479055404663,True,9.225876169693947e-07,1.2651769793592393e-05,1.4104657566349488e-06,1.2199272703128372e-07,7.142294634832069e-06,3.9556866227030696e-07,6.921499817735821e-08,1.5832692952244543e-06,2.809393663483206e-06,1.2033802931910031e-07,1.1943749314013985e-06,4.721342463653855e-07,5.295674327499e-06,1.3855110410077032e-06,3.327570539113367e-07,2.1673749870387837e-06,6.090434681027546e-07,1.2577878294450784e-07,2.9674481538677355e-07,8.323073075189313e-07,0.9999479055404663,3.6179392282065237e-07,9.898331882141065e-06,1.7414160424777947e-07,1.2800336435248028e-06,4.3818792505589954e-07
window-5c9274c16f9bc0ba8903,387_46713_93018,teddybear,teddybear,0.9035801887512207,True,0.0005038167000748217,0.0054314350709319115,0.00011929668835364282,0.03230522200465202,0.006363506428897381,0.0010992720490321517,6.668684363830835e-05,0.007053987588733435,0.004218560643494129,0.0004121303209103644,0.0003532058035489172,0.0015391207998618484,0.00023032350873108953,0.004696668591350317,5.282064012135379e-05,0.0011214264668524265,5.6234192015836015e-05,0.00012881308794021606,0.0014071192126721144,0.00021604228822980076,0.9035801887512207,6.003524686093442e-05,0.02769535779953003,0.0010602794354781508,0.00012604569201357663,0.0001024063240038231
window-aa9126f1d8664594ac2f,387_46713_93018,teddybear,teddybear,0.9991216063499451,True,7.721926522208378e-06,9.067067003343254e-05,6.064912668080069e-06,7.763790927128866e-05,0.00015154373249970376,1.695584251137916e-05,9.7215604455414e-07,2.8537131584016606e-05,4.080904182046652e-05,1.1047782209061552e-05,1.6028434401960112e-06,4.079207428731024e-05,3.0295743272290565e-05,9.469158248975873e-05,1.992289980989881e-06,2.6356690796092153e-05,4.5266729102877434e-06,3.2304519663739484e-06,7.47225567465648e-05,1.5265943147824146e-05,0.9991216063499451,2.7244204829912633e-06,0.00014214958355296403,2.9359734980971552e-06,1.4210201015885104e-06,3.8044356642785715e-06
window-5489ad103235e6924652,387_46713_93018,teddybear,teddybear,0.9994816184043884,True,7.227973583212588e-06,2.243267408630345e-05,1.2199242291899282e-06,2.7238264010520652e-05,5.460591273731552e-05,6.323813067865558e-06,1.1485971072033863e-06,0.00010365059279138222,1.624571996217128e-05,1.044454620569013e-05,1.0290196996720624e-06,7.884543265390676e-06,7.752154488116503e-06,3.3067171898437664e-05,4.5410808979795547e-07,5.355333996703848e-06,2.2701810848957393e-06,2.9205325517978054e-06,1.021448497340316e-05,3.750796167878434e-06,0.9994816184043884,1.315461076956126e-06,0.00018578593153506517,1.7642139482632047e-06,2.6085156150656985e-06,1.812336677176063e-06
window-fad3cd070aaa8f37fb53,387_46713_93018,teddybear,teddybear,0.9999691247940063,True,8.415203751610534e-07,3.838031716441037e-06,3.768737997233984e-07,2.106917094124583e-07,3.838093562080758e-06,1.3740725535171805e-06,1.3732137915667408e-07,1.241156837750168e-06,3.3352553145959973e-06,2.5834336270236236e-07,1.1062341087608729e-07,7.153199135245814e-07,1.6655654917485663e-06,9.272221745959541e-07,1.7349945835576364e-07,3.439557758611045e-07,1.289535305204481e-07,1.3370060969464248e-07,1.309147478423256e-06,4.196351426344336e-07,0.9999691247940063,1.4031427042482392e-07,8.809555765765253e-06,1.4712776419401052e-07,2.8436261345632374e-07,3.8423344506099966e-08
window-eb8a788039472a1df587,442_63250_125013,teddybear,teddybear,0.9773203134536743,True,6.982248305575922e-05,0.003312125336378813,4.154910129727796e-05,0.0016344222240149975,0.0005321440403349698,8.811972656985745e-05,0.00010994679905707017,0.0029256746638566256,0.0019258825341239572,0.00016645813593640924,0.00010927496623480693,0.0027464244049042463,0.0007957926136441529,0.0006646296242251992,0.00020247416978236288,0.00023048486036714166,6.86621424392797e-05,0.00016902109200600535,0.0028593912720680237,0.00023017996863927692,0.9773203134536743,0.0001529189175926149,0.0033465304877609015,9.613849397283047e-05,0.00010444814688526094,9.713436156744137e-05
window-a2fa0d554f47fe5d1d1f,442_63250_125013,teddybear,teddybear,0.9925088286399841,True,1.8124794223695062e-05,0.0005620539886876941,6.724365812260658e-05,9.933998080668971e-05,4.683792212745175e-05,4.356632780400105e-05,3.5028770071221516e-05,0.0006712598842568696,0.0017490325262770057,3.4388829135423293e-06,4.7721376176923513e-05,0.00030355475610122085,0.0005578141426667571,0.0005803945823572576,3.1498315365752205e-05,0.00016547925770282745,2.8142407245468348e-05,7.038706098683178e-05,0.00024600813048891723,0.00017810327699407935,0.9925088286399841,8.364045061171055e-05,0.0013135802000761032,2.9158978577470407e-05,8.642445027362555e-05,0.0004735267430078238
window-c7b764d0340dd49198bb,442_63250_125013,teddybear,teddybear,0.9996638298034668,True,1.1374188488844084e-06,9.149764991889242e-06,1.1053623438783688e-06,1.1729051038855687e-05,4.202021591481753e-05,2.1383607418101747e-06,5.906042019887536e-07,2.7550855520530604e-05,3.066309363930486e-05,1.553170477563981e-06,2.016491407630383e-06,1.4039335837878752e-05,4.2531435610726476e-05,5.133340891916305e-06,1.8509111896491959e-06,2.7771350232796976e-06,1.0225006690234295e-06,8.835623930281145e-07,3.1010767997941002e-06,2.856903165593394e-06,0.9996638298034668,2.2906065169081558e-06,0.00012130403047194704,2.7868027245858684e-06,1.968506239791168e-06,3.83696624339791e-06
window-fd884d69327d7a97ca03,442_63250_125013,teddybear,teddybear,0.9999209642410278,True,1.132571469497634e-06,3.7620945931848837e-06,6.995099397499871e-07,3.2145314889930887e-06,1.6988167317322223e-06,2.782786395982839e-06,1.2932405013543757e-07,8.142165825120173e-06,1.6049054465838708e-05,7.541617037531978e-07,9.90645503406995e-07,2.63556376012275e-06,1.3275019227876328e-05,2.6425047963130055e-06,7.074917220961652e-07,6.937605689927295e-07,2.8881657954116235e-07,5.757694907515543e-07,6.092687385716999e-07,1.9716676433745306e-06,0.9999209642410278,4.098150384379551e-06,9.916981071000919e-06,5.248859906714642e-07,9.118067509916727e-07,7.056958679640957e-07
window-45e315233efb2e6d45b0,463_65700_128783,teddybear,teddybear,0.9999761581420898,True,5.302366048454132e-07,1.0005931017076364e-06,4.3959454387731967e-07,5.30809245447017e-07,2.7477753974380903e-06,9.038235475600231e-07,2.8931841811186132e-08,1.7586850162842893e-06,1.644476355977531e-06,3.8184734307833423e-07,2.242708347921507e-07,2.5056206709450635e-07,2.6330210403102683e-06,6.837340720267093e-07,2.4794115915938164e-07,2.620516568185849e-07,2.7974564886790176e-07,9.137839640516177e-08,1.7764028825695277e-06,4.4491252992884256e-07,0.9999761581420898,9.430028313772709e-08,6.106638920755358e-06,2.415054041193798e-07,3.6534669334287173e-07,1.7267187502056913e-07
window-9da0b4022af8d4259116,463_65700_128783,teddybear,teddybear,0.9999474287033081,True,7.748695907139336e-07,1.1315618166918284e-06,1.365383582196955e-06,7.468382250408467e-07,1.1091352462244686e-05,5.993167064843874e-07,4.2464350258342165e-08,1.091806893782632e-06,3.63745152753836e-06,6.065396860321925e-07,2.0863269867277268e-07,7.358831908277352e-07,9.457956366532017e-06,2.83748704532627e-06,7.327724347305775e-07,1.2881116617791122e-06,6.807196086811018e-07,3.424643182370346e-07,3.5688253774424084e-06,2.74286594503792e-06,0.9999474287033081,4.066069152486307e-07,7.0252062869258225e-06,1.5000803443854238e-07,1.02164938198257e-06,3.3598300319681584e-07
window-9e24f7defc5ff751c6c4,463_65700_128783,teddybear,teddybear,0.9999490976333618,True,5.227212227509881e-07,2.530135134293232e-06,4.860032163378492e-07,6.07020729148644e-06,6.0155293795105536e-06,1.2141235856688581e-06,4.536465780802246e-08,1.402688440066413e-06,1.37790823373507e-06,1.326613528362941e-06,7.70546705552988e-07,9.008784331854258e-07,4.830945272260578e-06,8.027944886634941e-07,5.893276693313965e-07,4.731934495794121e-06,2.905738369918254e-07,2.447283122819499e-07,6.350533567456296e-06,1.950151499841013e-06,0.9999490976333618,3.0576453013964056e-07,6.706169642711757e-06,1.6411300407526141e-07,8.856640647536551e-07,3.6463018204813125e-07
window-b08be3ddab6d50657f4d,463_65700_128783,teddybear,teddybear,0.9999784231185913,True,1.3686969850823516e-06,1.3459156207318301e-06,4.6998641778372985e-07,5.045503712608479e-07,4.2981732804037165e-06,1.2462613767638686e-06,3.822728444902168e-08,1.093714445232763e-06,9.087833063858852e-07,2.6514302930991107e-07,9.217050944698713e-08,8.720759296920733e-07,2.6405180051369825e-06,1.1199085747648496e-06,3.318776009564317e-07,2.8742931590386434e-07,1.8292207926151605e-07,1.2443274499673862e-07,1.2597164413818973e-06,5.809393996969447e-07,0.9999784231185913,2.5205503106917604e-07,1.5418596603922197e-06,1.6702979621641134e-07,5.483239533532469e-07,1.3079959160222643e-07
window-3d90ae1c4c610fd2fb10,472_66886_131679,teddybear,teddybear,0.9898265600204468,True,0.0009535591234453022,0.0004595212230924517,7.574164919788018e-05,1.5090294255060144e-05,0.0017058824887499213,0.00037858731229789555,0.00026641719159670174,0.00025471526896581054,0.0008312110439874232,0.00028566832770593464,6.734507769579068e-05,0.0001564654230605811,0.00011783380614360794,0.000382123573217541,2.4887638574000448e-05,0.00025480103795416653,8.522858115611598e-05,0.00034830678487196565,0.0017941578989848495,4.404324499773793e-05,0.9898265600204468,8.965691813500598e-05,0.0009791925549507141,0.0005138659616932273,3.1344992748927325e-05,5.7641544117359444e-05
window-6d400a7ff86188a113d4,472_66886_131679,teddybear,teddybear,0.9959081411361694,True,0.0001009164989227429,0.00012789163156412542,1.7119677067967132e-05,7.9244155131164e-06,0.0004743600729852915,9.760689863469452e-05,4.662592618842609e-05,9.824137669056654e-05,0.00023504685668740422,0.00043619220377877355,1.923917625390459e-05,4.6851560909999534e-05,6.698680954286829e-05,0.00019541395886335522,1.0590850251901429e-05,6.560915062436834e-05,3.8986483559710905e-05,4.4517553760670125e-05,0.0006962089682929218,2.304697409272194e-05,0.9959081411361694,2.468124330334831e-05,0.001107070129364729,8.95934717846103e-05,1.0498955816728994e-05,1.0581542483123485e-05
window-5b6c0fa9aef015fd3392,472_66886_131679,teddybear,teddybear,0.9984748959541321,True,3.914657645509578e-05,3.684378680191003e-05,9.79958895186428e-06,7.314959020732203e-07,9.558984311297536e-05,2.559906897658948e-05,1.573480221850332e-05,2.2219232050701976e-05,4.788551086676307e-05,2.2995052859187126e-05,4.288028776500141e-06,1.0295318134012632e-05,1.6356159903807566e-05,6.026476330589503e-05,2.7045007300330326e-06,1.7600812498130836e-05,1.4738420759385917e-05,4.631916908692801e-06,0.00010117948841070756,4.070749128004536e-06,0.9984748959541321,4.816504770133179e-06,0.0009418539702892303,1.3527469491236843e-05,8.141222679114435e-06,4.1176695049216505e-06
window-4a13ec1f76fff55695a2,472_66886_131679,teddybear,teddybear,0.9971129894256592,True,0.00017026028945110738,2.1968200599076226e-05,1.811376932892017e-05,3.2851373816811247e-06,0.0005703432252630591,0.00014458458463195711,8.89849616214633e-05,6.298188964137807e-05,0.000256793515291065,0.00010591228056000546,1.826914376579225e-05,3.4978860639967024e-05,6.45923355477862e-05,0.00019990326836705208,1.6131352822412737e-05,4.682184589910321e-05,1.8836706658476032e-05,1.966972013178747e-05,0.0004545397241599858,2.4800676328595728e-05,0.9971129894256592,2.8784710593754426e-05,0.0003870780928991735,9.792752825887874e-05,1.0217038834525738e-05,2.1134974304004572e-05
window-3f8d05751bf64dcdfcd9,514_73815_143655,teddybear,teddybear,0.9999434947967529,True,8.884109092832659e-07,3.356198021720047e-07,1.3369927955864114e-06,3.956557520723436e-06,5.23557218912174e-06,8.705053915036842e-06,1.3131383980180544e-07,2.38509369410167e-06,5.260932994133327e-06,1.2490497738326667e-06,4.961322019880754e-07,8.46648163133068e-07,6.810205377405509e-06,2.248945747851394e-06,2.8888246106362203e-06,3.675208972708788e-07,7.046136261124047e-07,2.6397066221761634e-07,6.258962457650341e-06,6.085623454055167e-07,0.9999434947967529,3.0468726208709995e-07,2.8495624064817093e-06,6.054536925148568e-07,6.69306928102742e-07,1.1076789405706222e-06
window-240eacd8187a04d4dad2,514_73815_143655,teddybear,teddybear,0.9999827146530151,True,1.9508375714849535e-07,2.2115416697943147e-07,2.7452563244878547e-07,1.9069881318500848e-07,3.5579032555688173e-06,9.246977015209268e-07,2.752222627577794e-08,4.105184245872806e-07,1.3212162457421073e-06,2.0804814937491756e-07,8.775003124128489e-08,1.1351322370956041e-07,1.756822484821896e-06,5.919131922382803e-07,1.5233871408781852e-06,1.224807562039132e-07,7.38622105700415e-08,1.305453025679526e-07,7.402853725579916e-07,1.6958904325292679e-07,0.9999827146530151,2.05387564733428e-07,3.035314421140356e-06,4.173433865162224e-08,2.3780701496889378e-07,1.0401416830063681e-06
window-7c228eae7c3eb693e55b,514_73815_143655,teddybear,teddybear,0.999981164932251,True,3.932335914669238e-07,3.2179841014112753e-07,1.6651240741794027e-07,1.4101682381806313e-06,1.6701313825251418e-06,2.5399883725185646e-06,7.711489047323994e-08,1.153733819592162e-06,1.02436183624377e-06,2.0366553599160397e-07,1.1015437451078469e-07,1.7699190379971697e-07,1.1475657402115758e-06,1.7979413087232388e-06,1.935190766744199e-06,1.320351969980038e-07,2.237726590692546e-07,1.1619573569987551e-07,4.5376518187367765e-07,7.298950208678434e-07,0.999981164932251,1.2886447109394794e-07,1.3022660141359665e-06,7.323028938799325e-08,3.9193966472339525e-07,1.0984758773702197e-06
window-0d3bbe9490e130efc4ad,514_73815_143655,teddybear,teddybear,0.9999910593032837,True,3.2011595862968534e-07,7.692100467693308e-08,8.650523142250677e-08,1.5235806927194062e-07,9.362196351503371e-07,1.538261699352006e-06,2.9050717387235636e-08,2.4680372234797687e-07,3.915075694749248e-07,1.4479179810678033e-07,1.3668025644619775e-07,1.1007733036194622e-07,1.7041983255694504e-06,1.833738139112029e-07,1.638021700500758e-07,3.2394449789308055e-08,2.3512811253567634e-07,4.503721839910213e-08,4.0554763813815953e-07,3.8817680092506635e-07,0.9999910593032837,6.494977355941955e-08,1.1066134675274952e-06,9.023302283139856e-08,2.8420782882676576e-07,9.243505871836533e-08
window-f0cc151613732c7794a6,529_76909_148725,teddybear,teddybear,0.9998019337654114,True,1.101637849387771e-06,5.093188065075083e-06,2.8275999852667155e-07,4.469816587970854e-07,4.3565346459217835e-06,7.695019121456426e-06,3.42417393994765e-07,5.1192996579629835e-06,1.1544151448106277e-06,4.6401191866607405e-07,6.970607842049503e-07,4.922564471598889e-07,7.62238187235198e-06,3.666586735562305e-06,1.4525632252571086e-07,8.025944566725229e-07,5.564050411521748e-07,7.644738531098483e-08,4.0382238353231514e-07,3.9178607380563335e-07,0.9998019337654114,3.119120037808898e-07,0.00015200008056126535,3.0275014069047756e-06,5.684623261004162e-07,1.2439826377885765e-06
window-49723db7e80528af77dc,529_76909_148725,teddybear,teddybear,0.9998441934585571,True,2.894325689339894e-06,5.16181444254471e-06,6.545260475832038e-07,9.134639185504057e-06,4.325882855482632e-06,6.641669642704073e-06,7.616189350301283e-07,1.7773791114450432e-05,8.342990440723952e-07,1.3222123925515916e-05,7.077174473124614e-07,5.8034843277710024e-06,8.30976296128938e-06,3.065272949243081e-06,2.345986018781332e-07,8.310769771924242e-06,2.4573641894676257e-06,4.857377007283503e-07,1.5702558812336065e-05,3.880154224589205e-07,0.9998441934585571,2.3816635348339332e-06,3.0585906642954797e-05,1.2918223546876106e-05,6.583887284250522e-07,2.468502316332888e-06
window-b02ef93dd4915fcb10ec,529_76909_148725,teddybear,teddybear,0.9996147155761719,True,5.237006007519085e-06,1.7801652575144544e-05,1.816920303099323e-06,1.1828091146526276e-06,1.923532909131609e-05,1.0546988960413728e-05,1.0987898804160068e-06,5.0555154302855954e-05,9.159730325336568e-06,2.188894086430082e-06,2.442833419991075e-06,5.568244432652136e-06,1.3228522220742889e-05,1.4203939826984424e-05,8.157697948263376e-07,4.869546955887927e-06,1.2409760756781907e-06,1.2210294926262577e-06,1.549658009025734e-05,1.6446283552795649e-06,0.9996147155761719,7.994673865141522e-07,0.00018781279504764825,1.3253853467176668e-05,1.4106936987445806e-06,2.4829357698763488e-06
window-795877036249d09ef239,529_76909_148725,teddybear,teddybear,0.999958872795105,True,7.249554414556769e-07,3.084587206103606e-06,1.750336195982527e-07,6.753040082685402e-08,1.9123690435662866e-06,3.4460185815987643e-06,1.1560744184180294e-07,4.3715590436477214e-07,1.8192304196418263e-07,2.2835939716969733e-07,1.1935141230878799e-07,1.1689692058780565e-07,8.765034181124065e-06,6.520310193991463e-07,5.361897947864236e-08,2.43214600459396e-07,2.616635583763127e-07,2.710724089638461e-08,2.568417301063164e-07,3.777835502205562e-07,0.999958872795105,2.0302957182138925e-07,1.8732756871031597e-05,3.638122905158525e-07,4.784557745551865e-07,5.285025750367822e-08
window-81fb8346cd086ff49d3f,534_77577_150665,teddybear,teddybear,0.9999709129333496,True,4.2179888737337023e-07,9.71232225310814e-07,1.8987250882673834e-07,1.480404847598038e-07,6.321221462712856e-06,1.1194890703336569e-06,2.5519419466490945e-08,4.2746015083139355e-07,5.254180450720014e-07,6.851527700746374e-07,1.7511855787688546e-07,3.375447192865977e-07,1.7525262592243962e-06,3.3746167105164204e-07,1.1435864877284985e-07,5.064546826361038e-07,3.6453315033213585e-07,6.67266348841622e-08,2.044838765868917e-06,3.1900691510600154e-07,0.9999709129333496,2.058911263702612e-07,1.1269505193922669e-05,4.824579491469194e-07,1.5231010763727681e-07,1.0819507423320829e-07
window-03fb8d85cbb1c38429de,534_77577_150665,teddybear,teddybear,0.9817138910293579,True,0.0003885662881657481,0.00023748628154862672,0.00011366129183443263,0.00021178845781832933,0.003199608065187931,0.00014514324720948935,6.027399285812862e-05,0.0012817260576412082,0.00019994250033050776,0.0005127918557263911,6.438837590394542e-05,0.003206881694495678,0.0004296062106732279,0.00012426188914105296,0.00028898316668346524,0.0007400604081340134,0.0003557153104338795,0.0001846874802140519,0.004918571095913649,0.00061117357108742,0.9817138910293579,0.00016516422329004854,0.0004101849626749754,0.00011245608038734645,0.00013531882723327726,0.0001876057212939486
window-916b059b988923448200,534_77577_150665,teddybear,teddybear,0.9999622106552124,True,9.134693641499325e-07,1.1777309509852785e-06,1.7553385589508252e-07,8.774571114145147e-08,3.976131210947642e-06,7.293391490748036e-07,6.335596225426343e-08,2.5980687041737838e-06,1.0112245263371733e-06,1.530870804344886e-06,1.5879820125519473e-07,4.7638437195018923e-07,2.4260398276965134e-06,3.647692210506648e-07,2.722507019825571e-07,3.7926452023384627e-07,3.477337884305598e-07,3.364654332926875e-07,1.0573777444733423e-06,4.652388838621846e-07,0.9999622106552124,3.4244848734488187e-07,1.778769183147233e-05,6.254971367525286e-07,3.473731453595974e-07,8.280782992642344e-08
window-df0c1b2b86a991853d6c,534_77577_150665,teddybear,teddybear,0.9999830722808838,True,5.562633305089548e-07,6.588639962501475e-07,2.9775114285257587e-07,5.248877599228763e-08,3.5795228541246615e-06,5.055130714026745e-07,1.0458349919417742e-07,4.909531412522483e-07,4.459146794033586e-07,1.642693803205475e-07,1.1056442161816449e-07,1.3483170846484427e-07,3.3188027828146005e-06,1.3200410364788695e-07,1.7035095822848234e-07,2.1471974775977287e-07,2.1970102181967377e-07,7.167307813915613e-08,3.783689237479848e-07,3.092200415721891e-07,0.9999830722808838,1.0893209889673017e-07,4.524958058027551e-06,1.0453582888203528e-07,1.357231695919836e-07,9.866267447478094e-08
window-9c417b7bf214982c3ce5,616_99423_199584,teddybear,teddybear,0.9996607303619385,True,6.200055850058561e-06,4.4449679990066215e-06,8.972559044195805e-06,1.000283305074845e-06,1.2603837603819557e-05,1.217145018017618e-05,5.0936737352458294e-06,4.218662070343271e-06,1.6024921933421865e-05,1.832732891671185e-06,6.625686637562467e-06,1.1590947224249248e-06,0.0001621276023797691,1.6859637980815023e-05,8.457185685983859e-06,4.193431323074037e-06,7.169584023358766e-06,1.4555631651091971e-06,2.853961177606834e-06,1.1929193533433136e-05,0.9996607303619385,3.959458354074741e-06,2.9961975087644532e-05,3.4164254429924767e-06,4.667527264246019e-06,1.8474543139745947e-06
window-356a4849952325e63d3a,616_99423_199584,teddybear,teddybear,0.9998045563697815,True,1.5550699572486337e-06,3.3657843232504092e-06,3.922617452190025e-06,1.2448215329641243e-06,4.859346063312842e-06,1.849028922151774e-05,1.2181137662992114e-06,2.2014594378561014e-06,6.089512226026272e-06,5.215790679358179e-07,2.4419814508291893e-06,4.6188992541829066e-07,0.00010559395013842732,3.911712610715767e-06,7.242241281346651e-06,1.7297012391281896e-06,2.4739049422350945e-06,1.113042685574328e-06,1.4045268699192093e-06,1.3875396689400077e-05,0.9998045563697815,1.0574732414170285e-06,3.934595497412374e-06,2.312987362529384e-06,3.622345047915587e-06,7.952433520586055e-07
window-9ef8a5d1258bffe2a5a8,616_99423_199584,teddybear,teddybear,0.9999300241470337,True,7.508609201067884e-07,8.054831823756103e-07,1.6436384839835227e-06,1.5746482517897675e-07,2.0668092020059703e-06,3.6163789900456322e-06,4.957107080372225e-07,6.566060619661584e-07,2.6117324978258694e-06,8.201284913411655e-07,9.132579634751892e-07,1.51985261709342e-07,3.795128577621654e-05,1.4042398106539622e-06,2.040187382590375e-06,5.452454274745833e-07,1.0386297617515083e-06,3.0445514198618184e-07,1.2071305945937638e-06,1.715364419396792e-06,0.9999300241470337,5.485322276399529e-07,6.877567557239672e-06,7.02447039202525e-07,6.027033805366955e-07,2.593720580534864e-07
window-a07db3b766d399b7676e,616_99423_199584,teddybear,teddybear,0.9996115565299988,True,3.41148438565142e-06,2.979996679641772e-06,8.849501682561822e-06,1.2419016002240824e-06,5.532318027690053e-06,1.417837029293878e-05,1.6675504639351857e-06,5.308433173922822e-06,1.7977781681111082e-05,8.705704317435448e-07,2.1819053017679835e-06,9.365598430122191e-07,0.00022911773703526706,4.504929165705107e-06,3.310876854811795e-05,5.772628355771303e-06,4.036471636936767e-06,2.3212996893562376e-06,3.3925953175639734e-06,2.2123471353552304e-05,0.9996115565299988,1.7614876242078026e-06,5.5062896535673644e-06,2.49880326919083e-06,7.880915291025303e-06,1.2962569826413528e-06
window-eef52b2b8e15a36ba055,622_102226_205337,teddybear,teddybear,0.9641721248626709,True,0.00023629728821106255,0.005324298050254583,7.860754703870043e-05,0.00046821305295452476,0.002308316295966506,0.00030570075614377856,0.00018663851369637996,0.002527387347072363,0.0009480040171183646,0.0003083841293118894,7.681816350668669e-05,0.0010890901321545243,0.0003708487784024328,0.004883169662207365,8.430696470895782e-05,0.0009033805108629167,2.8510276024462655e-05,8.302278001792729e-05,0.0010225840378552675,0.00022226378496270627,0.9641721248626709,0.00021883522276766598,0.013351581990718842,0.00038497260538861156,7.517161429859698e-05,0.0003414422390051186
window-e3e8b1f9835a3d6bc78b,622_102226_205337,teddybear,teddybear,0.7476713061332703,True,0.0024467757903039455,0.03000865876674652,0.0005033512134104967,0.027432868257164955,0.008037307299673557,0.00207497482188046,0.00032739806920289993,0.014714322052896023,0.004486917518079281,0.005405642557889223,0.0009450219222344458,0.018934665247797966,0.0005239078309386969,0.023340508341789246,0.0012889232020825148,0.008991130627691746,0.00017177728295791894,0.0008906390285119414,0.016863368451595306,0.0011637795250862837,0.7476713061332703,0.002392263850197196,0.046158820390701294,0.030221503227949142,0.0003982025955338031,0.004605952650308609
window-79741da3fe89bcac66b0,622_102226_205337,teddybear,teddybear,0.9893989562988281,True,5.616592534352094e-05,0.0014055301435291767,6.0775149904657155e-05,0.00010876663873204961,0.0004343775217421353,9.221815707860515e-05,3.4044725907733664e-05,0.00024319476506207138,0.0007871511043049395,4.520096626947634e-05,1.2642655747185927e-05,0.0004661843995563686,0.00010291583748767152,0.0011548346374183893,9.140466136159375e-05,0.00027554394910112023,7.254058800754137e-06,7.96582899056375e-05,0.00026863504899665713,9.863181912805885e-05,0.9893989562988281,0.00012406859605107456,0.004354405682533979,0.00022407484357245266,3.511062095640227e-05,3.840263525489718e-05
window-0170c538150d065b3dcc,622_102226_205337,teddybear,teddybear,0.9972856044769287,True,3.867376653943211e-05,0.00024557061260566115,7.460022061422933e-06,0.00022876255388837308,0.00027343048714101315,3.422269583097659e-05,4.106811502424534e-06,0.00011477142106741667,0.00014722978812642395,2.0936100554536097e-05,6.593210400751559e-06,0.0006235629552975297,2.2746153263142332e-05,0.00011902934056706727,1.20662971312413e-05,0.00010529085557209328,1.7346186496070004e-06,8.194723704946227e-06,5.4205029300646856e-05,1.1838308637379669e-05,0.9972856044769287,6.656699952145573e-06,0.0005737317842431366,4.049672861583531e-05,6.085203494876623e-06,7.113815172488103e-06
window-aa390eb8fddc12f15c3d,124_14451_29937,toilet,toilet,0.9999077320098877,True,3.645966728527128e-07,6.532960128424747e-07,6.060183750378201e-07,2.1388711957115447e-07,2.396173783836275e-07,1.8992652712768177e-06,9.441985753255722e-07,1.3722740277444245e-06,3.986412593803834e-06,1.0611607876853668e-06,1.5321062392104068e-06,1.7994765357798315e-06,1.7207675000463496e-06,4.955186909683107e-07,1.3034364201303106e-06,9.832991736402619e-07,5.165538459550589e-05,2.892053771574865e-06,6.410402306755714e-07,2.962354301416781e-06,1.829793745855568e-06,0.9999077320098877,7.790110316818755e-07,2.4606979422969744e-06,5.661383966071298e-06,4.2668639252951834e-06
window-47122011417fad5b16fa,124_14451_29937,toilet,toilet,0.9999076128005981,True,2.2925496523384936e-07,4.5339658072407474e-07,3.89888469953803e-07,2.0966855629467318e-07,2.9826236414010054e-07,3.2453590392833576e-06,9.354365033686918e-07,8.965070037447731e-07,5.112990038469434e-06,1.0837197805813048e-06,1.1249479712205357e-06,9.826643463384244e-07,1.4332057389765396e-06,3.07559190559914e-07,1.6037571413107798e-06,6.148858915366873e-07,5.483112545334734e-05,3.1031438538775546e-06,5.145993213773181e-07,2.0610095816664398e-06,1.1486330322441063e-06,0.9999076128005981,5.681018819814199e-07,1.222337004946894e-06,5.062968284619274e-06,4.928903763357084e-06
window-27b6a1b3e821b0724e70,124_14451_29937,toilet,toilet,0.9999444484710693,True,1.6173657968465704e-07,2.306060764567519e-07,4.4144292132841656e-07,1.8044568150799023e-07,2.5842030026979046e-07,1.805809120014601e-06,3.996625537183718e-07,5.273387841953081e-07,8.585539944760967e-06,5.203721116231463e-07,1.477363866797532e-06,8.37706636502844e-07,1.006999127639574e-06,3.2679568562343775e-07,7.550415830337442e-07,7.515301376770367e-07,2.5418226869078353e-05,1.8130167518393137e-06,5.799310542897729e-07,8.510690463481296e-07,8.82154893133702e-07,0.9999444484710693,3.8477898556266155e-07,1.6079558236015146e-06,2.5688641471788287e-06,3.152902991132578e-06
window-98e07052cbe93982ce45,124_14451_29937,toilet,toilet,0.9999672174453735,True,1.0146458606641318e-07,3.261797871800809e-07,1.9758104485845251e-07,8.62494573539152e-08,1.9351425351032958e-07,9.865458423519158e-07,1.2593712028774462e-07,4.230817012285115e-07,2.7118692287331214e-06,4.1796965888352133e-07,1.263877948076697e-06,6.763831379430485e-07,4.553302801468817e-07,1.4499215694740997e-07,6.024264394000056e-07,4.831177875530557e-07,1.8209972040494904e-05,8.805964171187952e-07,2.0497620312198706e-07,4.413641647715849e-07,2.501832625512179e-07,0.9999672174453735,1.5843187384234625e-07,5.163909690963919e-07,1.5182872630248312e-06,1.4971366226745886e-06
window-a81258d44c6dd240c358,423_58823_113344,toilet,toilet,0.9999433755874634,True,4.5127657699595147e-07,3.5937136999564245e-07,5.196588972466998e-07,6.127135776523573e-08,2.9277967428242846e-07,5.681861239281716e-07,2.20138815620885e-07,9.95837694972579e-07,6.841450613137567e-06,3.324989563679992e-07,4.93150366764894e-07,7.992468908923911e-07,1.1236028285566135e-06,2.3900764745121705e-07,2.0913932985422434e-06,8.85192832811299e-07,2.723253237491008e-05,1.326319875261106e-06,1.9974922338406031e-07,2.061042096102028e-06,6.847315034974599e-07,0.9999433755874634,3.4581739782879595e-07,1.6787663525974494e-06,2.4296384708577534e-06,4.422129222803051e-06
window-33a53c95af0857a7db8f,423_58823_113344,toilet,toilet,0.9998825788497925,True,5.094908033242973e-07,4.503476134232187e-07,8.756406941756723e-07,2.5536459702379943e-07,4.2264827015969786e-07,2.22434823626827e-06,3.003958397584938e-07,1.1397136177038192e-06,2.572626544861123e-05,7.149783982640656e-07,9.650574384068022e-07,9.117221679844079e-07,3.561430503395968e-06,5.634818762700888e-07,2.922635076174629e-06,1.0993996966135455e-06,4.466001701075584e-05,2.617637846924481e-06,4.325151508055569e-07,1.7022576912495424e-06,1.7102341871577664e-06,0.9998825788497925,9.887010037346045e-07,3.2817727060319157e-06,4.348152288002893e-06,1.517431519459933e-05
window-5010b5774ee2daf41c3a,423_58823_113344,toilet,toilet,0.9998352527618408,True,9.998780114983674e-07,1.4237014056561748e-06,1.8828683323590667e-06,3.623667055308033e-07,8.529155479664041e-07,5.661842806148343e-06,6.027387939866458e-07,1.5210982837743359e-06,3.03432134387549e-05,7.630050617990491e-07,1.3082496934657684e-06,1.4296348354037036e-06,4.523823463387089e-06,4.513784119808406e-07,5.983600658510113e-06,1.4242649513107608e-06,6.40175785520114e-05,3.7999091091478476e-06,5.034563628214528e-07,4.623993390850956e-06,9.89035243037506e-07,0.9998352527618408,1.564778699503222e-06,2.6130494461540366e-06,1.04885448308778e-05,1.6629135643597692e-05
window-14f91cda735cbe6a7f90,423_58823_113344,toilet,toilet,0.9999152421951294,True,7.235810812744603e-07,6.884260415063181e-07,6.094250011301483e-07,1.706128500700288e-07,3.5513969010025903e-07,7.127496814973711e-07,4.690885191394045e-07,1.9219096429878846e-06,8.005978997971397e-06,4.139868963193294e-07,5.04258764522092e-07,1.6159486904143705e-06,2.17141291614098e-06,2.668481329237693e-07,3.914478384103859e-06,1.7194763586303452e-06,4.323853863752447e-05,2.0263107671780745e-06,2.0511417631041695e-07,2.2893348159414018e-06,9.218696845891827e-07,0.9999152421951294,5.886201961402548e-07,3.052619604204665e-06,3.1935121569404146e-06,5.105612672196003e-06
window-735463d42f1d36d0b8d9,429_60377_117017,toilet,toilet,0.9999258518218994,True,4.6076067405920185e-07,5.38591791610088e-07,6.033196768839844e-07,3.9166204146567907e-07,2.392287683505856e-07,1.0932961913567851e-06,2.7908089350603404e-07,2.7250173388893018e-06,1.1684647688525729e-05,5.369532800614252e-07,9.481851748205372e-07,2.2927151803742163e-06,2.1478356302395696e-06,2.56797989095503e-07,4.579388587444555e-06,1.4405356978386408e-06,2.5962690415326506e-05,2.077341150652501e-06,2.05520493068434e-07,2.6692289338825503e-06,1.0685834013202111e-06,0.9999258518218994,7.035516773612471e-07,9.340219548903406e-07,5.8774780882231425e-06,4.532239472609945e-06
window-6bb7d897729e5874ff90,429_60377_117017,toilet,toilet,0.9997348189353943,True,8.209065072151134e-07,1.0702045756261214e-06,1.2429458138285554e-06,1.1644457345028059e-06,5.692618287866935e-07,6.1929331423016265e-06,6.796468028369418e-07,2.5217814254574478e-06,6.290491000982001e-05,2.9145799089747015e-06,1.5111617130969535e-06,5.444720954983495e-06,5.8491764320933726e-06,1.4528224028254044e-06,4.006206381745869e-06,7.673949653508316e-07,0.00010678984835976735,7.296599051187513e-06,8.159433377841196e-07,4.395259566081222e-06,2.4354410470550647e-06,0.9997348189353943,2.6418542802275624e-06,3.490052449706127e-06,1.2226975741214119e-05,2.5998857381637208e-05
window-d1b88caead14e69f10c6,429_60377_117017,toilet,toilet,0.9999433755874634,True,5.061041861154081e-07,2.8620289072023297e-07,4.387496232993726e-07,1.7041016064922587e-07,3.1132782396525727e-07,1.7676602510618977e-06,2.149978826082588e-07,1.2973923730896786e-06,4.727757641376229e-06,8.441697332273179e-07,4.086859064500459e-07,1.1915876712009776e-06,1.9010781215911265e-06,2.9191423323027266e-07,2.0456095626286697e-06,5.553518462875218e-07,2.7557534849620424e-05,1.880693957900803e-06,1.9604252088356589e-07,1.635527951293625e-06,6.240368861654133e-07,0.9999433755874634,7.276365181496658e-07,1.2480779787438223e-06,2.5151302907033823e-06,3.300075377410394e-06
window-06b2d0156a18cac33cf0,429_60377_117017,toilet,toilet,0.9999110698699951,True,6.031070824974449e-07,2.450052818403492e-07,4.926727683596255e-07,1.9369890935649892e-07,4.495373957524862e-07,1.3991335663376958e-06,3.2325155530088523e-07,1.758101120685751e-06,5.4896954679861665e-06,1.245889961865032e-06,3.1414569434673467e-07,1.7002050753944786e-06,2.738571083682473e-06,3.562589938610472e-07,3.0161222639435437e-06,8.359389767065295e-07,5.227596921031363e-05,2.028055632763426e-06,1.2073131472334353e-07,2.081163074763026e-06,6.050710226190859e-07,0.9999110698699951,9.466568826610455e-07,1.5213080359899323e-06,4.473556600714801e-06,3.692023938128841e-06
window-6495dc9a780f1d445af1,431_60914_118495,toilet,toilet,0.9998621940612793,True,1.9052723700951901e-06,2.9751774945907528e-06,7.581187446703552e-07,3.3461267889833834e-07,5.100803832647216e-07,4.571370027406374e-06,3.998301849605923e-07,7.554879744020582e-07,2.8035394279868342e-05,1.4456446706390125e-06,7.580536589557596e-07,6.755495292054547e-07,2.6756315492093563e-06,6.289695875238976e-07,4.296337920095539e-06,1.3011267583351582e-06,4.455377711565234e-05,1.806711225071922e-06,2.1026032470672362e-07,8.265954534181219e-07,1.9030097746508545e-06,0.9998621940612793,2.1452997316373512e-06,2.1474222648976138e-06,5.405744559539016e-06,2.6724324925453402e-05
window-19e6c19f6e6e7fd61d4e,431_60914_118495,toilet,toilet,0.9999141693115234,True,1.9154044821334537e-06,3.478024837022531e-06,1.1258460972385365e-06,3.781181021622615e-07,9.902939837047597e-07,3.2948030366242165e-06,6.24746348876215e-07,8.607623271927878e-07,6.509912964247633e-06,1.2610790918188286e-06,8.184590569726424e-07,5.796719051431865e-07,2.0329359813331394e-06,6.640306651206629e-07,2.4451062472508056e-06,9.218810532729549e-07,3.393449151189998e-05,1.3266569567349507e-06,3.1769670272296935e-07,1.4239766414902988e-06,7.437110411956382e-07,0.9999141693115234,1.3656193686983897e-06,9.099025533032545e-07,3.387575588931213e-06,1.4401804037333932e-05
window-3fdd4070850d0268ce47,431_60914_118495,toilet,toilet,0.9999299049377441,True,1.702123881841544e-06,1.1994591204711469e-06,3.2040957194112707e-06,4.59139130271069e-07,6.91782489070647e-08,2.5395529519300908e-06,4.954644055032986e-07,6.452184493355162e-07,7.938581802591216e-06,5.050686922913883e-06,4.393998551677214e-07,1.1937305544051924e-06,1.6000254845494055e-06,1.1984197954006959e-06,3.707187261170475e-06,1.8238393977298983e-06,1.9077824617852457e-05,1.3145256616553525e-06,5.252306323200173e-07,3.702301228258875e-06,9.085347301152069e-07,0.9999299049377441,1.3247181414044462e-06,2.5090494091273285e-06,4.5067504288454074e-06,2.9290461043274263e-06
window-d992e2866fb011e47e70,431_60914_118495,toilet,toilet,0.9999216794967651,True,1.2069697277183877e-06,2.292777708134963e-06,4.513687770213437e-07,2.1170265540604305e-07,1.7039558031228808e-07,1.7759740558176418e-06,7.275870217426927e-08,1.6048002180468757e-06,2.5275010557379574e-05,3.2540731353947194e-06,1.5651677358619054e-06,6.360987185871636e-07,2.99041448670323e-06,4.7110762579904986e-07,2.3314280497288564e-06,7.406052304759214e-07,1.712815537757706e-05,1.1373064126019017e-06,3.343678258715954e-07,2.1619694052787963e-06,1.5833969655432156e-06,0.9999216794967651,1.0760924169517239e-06,1.3159259424355696e-06,2.7352020879334304e-06,5.714307008020114e-06
window-71ba524e0df5f45505d4,564_81534_160286,toilet,toilet,0.9999102354049683,True,8.74790941907122e-07,2.803800953188329e-06,5.929680355620803e-07,1.4019800573805696e-06,8.95972149805857e-08,1.2322291240707273e-06,1.31050001073163e-07,4.556142812361941e-06,2.5822893803706393e-05,4.221985363983549e-06,2.929502443294041e-06,1.7794326367948088e-06,4.563350159969559e-07,1.9765251124681527e-07,4.74646185466554e-06,3.359347829245962e-06,1.2375492588034831e-05,2.0452587250474608e-06,1.5969079925071128e-07,1.653400317991327e-06,1.2618404525710503e-06,0.9999102354049683,2.727698245053034e-07,7.090623512340244e-06,2.3587392661283957e-06,7.359720257227309e-06
window-a5d32c22a807c05ea5a3,564_81534_160286,toilet,toilet,0.9998161196708679,True,3.1638983273296617e-06,3.336176405355218e-06,8.082005820142513e-07,2.24383938984829e-06,1.3114755859078286e-07,1.269565927941585e-06,1.3703639467621542e-07,1.1299450306978542e-05,4.986350177205168e-05,7.991547136043664e-06,5.942932148172986e-06,1.7822014797275187e-06,4.10419306717813e-06,6.823355533924769e-07,7.021564215392573e-06,2.086209406115813e-06,5.388605495681986e-05,1.0445112820889335e-05,1.5687449206325255e-07,2.2181102394824848e-06,2.3076402158039855e-06,0.9998161196708679,6.047643523743318e-07,2.3013940335658845e-06,5.9758331190096214e-06,4.21327013100381e-06
window-93ba6f81e14b6e55e84d,564_81534_160286,toilet,toilet,0.999640703201294,True,7.75874468672555e-06,7.090362032613484e-06,1.3489851653503138e-06,4.782481482834555e-06,2.0825049773520732e-07,1.7273194998779218e-06,2.2982895586665109e-07,2.5663248379714787e-05,7.525280670961365e-05,8.514245564583689e-06,9.758225132827647e-06,3.2825969356053974e-06,1.3450844562612474e-05,1.225396204063145e-06,9.994255378842354e-06,4.584990620060125e-06,0.00013678133836947381,2.245052019134164e-05,2.5204465714523394e-07,4.03106105295592e-06,5.8913838074659e-06,0.999640703201294,1.5839138995943358e-06,3.2451332572236424e-06,6.255038897506893e-06,3.917410595022375e-06
window-6523510c7ccf5f2c49ee,564_81534_160286,toilet,toilet,0.9999024868011475,True,1.1536474175954936e-06,2.0261707049940014e-06,3.3895540241246636e-07,3.7839072319911793e-07,7.31480298554743e-08,6.806273518122907e-07,6.486343551159734e-08,3.836023097392172e-06,1.8859109331970103e-05,1.1802601420640713e-06,1.8112108364221058e-06,2.5183180696330965e-06,1.2656450962822419e-06,7.401101811410626e-07,3.720515906024957e-06,3.6730000374518568e-06,4.13841953559313e-05,3.551546569724451e-06,2.3019123318590573e-07,6.566982051481318e-07,1.4910654044797411e-06,0.9999024868011475,7.504700647587015e-07,2.8722679417114705e-06,3.0960629828769015e-06,1.1322330237817368e-06
window-b45cd18c8ab01c2a9a0e,590_88813_174935,toilet,toilet,0.9998844861984253,True,1.2117839105485473e-06,8.167576197593007e-07,9.358475949738931e-07,1.6443601680293796e-06,4.029743081446213e-07,3.4630938898772e-06,5.269758958093007e-07,1.6383227148253354e-06,3.8591348129557446e-05,9.81982111625257e-07,2.6520449409872526e-06,2.111396042892011e-06,2.2530032310896786e-06,7.795399028509564e-07,3.4294753277208656e-06,1.7150310895885923e-06,1.9461418560240418e-05,2.5287508833571337e-06,3.302914421965397e-07,2.758411028480623e-06,1.13388648514956e-06,0.9998844861984253,1.346634007859393e-06,3.8792209124949295e-06,5.228313057159539e-06,1.5748213627375662e-05
window-ba16854977f8c700c0ff,590_88813_174935,toilet,toilet,0.9996703863143921,True,3.1058621061674785e-06,2.2597137103730347e-06,2.6778955088957446e-06,1.1677034308377188e-06,5.231748900769162e-07,8.526810233888682e-06,7.083060040713463e-07,3.003998472195235e-06,9.4577218987979e-05,1.2635870234589675e-06,1.3768169992545154e-05,1.908365447889082e-06,2.6809184419107623e-06,6.05374395945546e-07,1.1239652849326376e-05,2.6904924652626505e-06,9.458886052016169e-05,3.2675616239430383e-06,1.3374794889386976e-06,6.756812126695877e-06,3.476397751001059e-06,0.9996703863143921,1.207386958412826e-06,3.496146746329032e-06,9.95957543636905e-06,5.464232890517451e-05
window-a58e230934259a62d592,590_88813_174935,toilet,toilet,0.9996321201324463,True,2.659144456629292e-06,5.1080287448712625e-06,5.6116773521353025e-06,2.082057108054869e-06,7.951054499244492e-07,5.887878614885267e-06,7.458782533831254e-07,6.968530215090141e-06,7.92463542893529e-05,7.917862603790127e-06,6.6280185819778126e-06,9.125806172960438e-06,8.646470632811543e-06,7.522108944613137e-07,1.7294054487138055e-05,3.5128032322973013e-06,8.310714474646375e-05,1.1027209438907448e-05,9.168555266114709e-07,3.3238120522582904e-05,3.121239842585055e-06,0.9996321201324463,2.126500021404354e-06,8.000354682735633e-06,2.1152452973183244e-05,4.2172639950877056e-05
window-39f6fbeabf25798812f7,590_88813_174935,toilet,toilet,0.9998835325241089,True,1.0024584753409727e-06,7.197454010565707e-07,6.606915690099413e-07,4.1371762904418574e-07,3.034733708773274e-07,2.8432702947611688e-06,3.3660998610685056e-07,2.198161155320122e-06,2.5104902306338772e-05,1.201948975904088e-06,2.7389762635721127e-06,1.6380681699956767e-06,1.809085915738251e-06,6.228253823792329e-07,5.227390374784591e-06,1.4002029047333053e-06,3.47347158822231e-05,2.9209240892669186e-06,4.143213629959064e-07,3.64180414180737e-06,1.2661257642321289e-06,0.9998835325241089,7.745135235381895e-07,2.468326329108095e-06,4.825250925932778e-06,1.7154001398012042e-05
window-d8e9434fba792d0a41ea,605_94531_187737,toilet,toilet,0.9996869564056396,True,1.0654014658939559e-05,1.2481977137213107e-05,4.1802486521191895e-06,9.523978974357306e-07,1.0415793440188281e-05,8.140362297126558e-06,1.7016941455949564e-06,6.270875928748865e-06,8.69076611706987e-05,4.216162324155448e-06,8.427994544035755e-06,1.672373946348671e-05,5.434179001895245e-06,6.843519713584101e-06,6.827587185398443e-06,1.0562558600213379e-05,3.835055758827366e-05,6.9657230596931186e-06,1.9115698250971036e-06,1.3356552699406166e-05,2.4645505618536845e-06,0.9996869564056396,8.337920007761568e-06,1.0192945410381071e-05,1.523499668110162e-05,1.549079934193287e-05
window-6fddb2454feeb8426dc1,605_94531_187737,toilet,toilet,0.9998980760574341,True,1.2601113894561422e-06,2.5207168619090226e-06,1.0591891168587608e-06,5.951147272753587e-07,1.2662975450439262e-06,4.075540800840827e-06,1.6779739553385298e-07,1.605591933184769e-06,9.919344847730827e-06,2.1076868961245054e-06,1.397489768351079e-06,3.9546052903460804e-06,7.132134101084375e-07,1.7754597365637892e-06,2.811285412462894e-06,2.1911253043072065e-06,4.275162791600451e-05,4.952580638928339e-06,2.4063365344773047e-07,1.5708189948782092e-06,6.000757366564358e-07,0.9998980760574341,8.65757954215951e-07,3.6852536595688434e-06,6.119821136962855e-06,3.7403724491014145e-06
window-3d7af661ff81ba71795f,605_94531_187737,toilet,toilet,0.999944806098938,True,5.348710487851349e-07,1.3940529015599168e-06,8.250759151451348e-07,8.107674034363299e-07,7.21628737210267e-07,2.71644944405125e-06,1.1474259764554517e-07,1.3603747675006161e-06,3.864467089442769e-06,1.7738638007358531e-06,1.247024442818656e-06,4.608566541719483e-06,5.682877031176758e-07,1.68410042533651e-06,1.4442772453548969e-06,1.822873741730291e-06,1.4402889974007849e-05,3.5208054214308504e-06,2.335025470756591e-07,1.2786083516402869e-06,5.258905844129913e-07,0.999944806098938,7.059920790197793e-07,2.4232297164417105e-06,4.374878244561842e-06,2.2288802483672043e-06
window-e1303be33427dc406352,605_94531_187737,toilet,toilet,0.9927413463592529,True,5.0359885790385306e-05,5.465836511575617e-05,6.48397981422022e-05,0.0018881753785535693,0.00017476853099651635,8.553353836759925e-05,1.9556400729925372e-05,8.950571645982563e-05,0.00123168237041682,0.0006420089630410075,0.00011283420462859794,9.573584975441918e-05,0.00014416611520573497,1.7240399756701663e-05,0.00021073028619866818,0.0001576781942276284,0.0006454366957768798,0.00040825389442034066,7.720821304246783e-05,0.00032141603878699243,5.077301830169745e-05,0.9927413463592529,0.00016031271661631763,0.00017439774819649756,0.00026580944540910423,0.00011563012230908498
window-bd53011994515c982f5b,621_101751_202372,toilet,toilet,0.9995589852333069,True,3.8048162878112635e-06,2.872349341487279e-06,1.681224603089504e-05,2.404832594038453e-05,3.00857038837421e-07,9.156337910098955e-06,4.47044249085593e-06,3.018647930730367e-06,3.2125943107530475e-05,5.837198841618374e-06,5.249534751783358e-06,8.522697498847265e-06,6.644811037403997e-06,3.2321095204679295e-06,6.205516910995357e-06,7.2865891524998005e-06,0.0001474215096095577,1.8122047549695708e-05,8.073303092714923e-07,1.4439518963627052e-05,6.024225967848906e-06,0.9995589852333069,3.3552482818777207e-06,3.3839300158433616e-05,1.4588579688279424e-05,6.279692752286792e-05
window-ee74ed483284b3571090,621_101751_202372,toilet,toilet,0.999708354473114,True,1.6971018794720294e-06,1.710653805275797e-06,5.34090440851287e-06,1.1760605502786348e-06,5.032657099945936e-07,9.590927220415324e-06,2.69351630777237e-06,3.6155151974526234e-06,1.640534719626885e-05,1.414223220308486e-06,2.8226786525920033e-06,3.994658982264809e-06,7.1387448770110495e-06,9.027907594827411e-07,3.697098918564734e-06,1.6628586081424146e-06,0.0001549834996694699,1.0691943316487595e-05,1.0552278126851888e-06,9.494515325059183e-06,3.0354742648341926e-06,0.999708354473114,2.6928973966278136e-06,8.331501703651156e-06,1.4385594113264233e-05,2.2642618205281906e-05
window-48bc557c93dfebccbc98,621_101751_202372,toilet,toilet,0.9997521042823792,True,7.440877425324288e-07,2.205573991886922e-06,3.220616235921625e-06,2.2156450540933292e-06,4.924070822198701e-07,5.966424851067131e-06,1.0620677812767099e-06,5.3903031584923156e-06,1.4540486517944373e-05,1.4886716144246748e-06,2.298912932019448e-06,5.6682165450183675e-06,9.71253484749468e-06,2.040853814833099e-06,5.92429751122836e-06,2.58418276644079e-06,0.00011248920782236382,8.999363672046456e-06,6.522979560941167e-07,4.195354449620936e-06,4.234691914462019e-06,0.9997521042823792,8.74724378263636e-07,5.607327238976723e-06,1.6701875210856088e-05,2.8652744731516577e-05
window-dab83ef597b0a15d94d6,621_101751_202372,toilet,toilet,0.9992519021034241,True,5.660579972754931e-06,2.514260086172726e-05,4.8429046728415415e-06,3.045500307052862e-05,2.04935190595279e-06,1.7656657291809097e-05,1.91889353118313e-06,1.3992176718602423e-05,8.46037728479132e-05,1.3772726561001036e-05,8.29718464956386e-06,2.5791325242607854e-05,2.083983417833224e-05,1.4071490113565233e-05,4.9742819101084024e-05,1.1764786904677749e-05,0.0002371572336414829,3.670261867227964e-05,4.236013410263695e-06,1.2201912795717362e-05,6.404955001926282e-06,0.9992519021034241,5.174371381144738e-06,8.516155503457412e-06,2.4908022169256583e-05,8.222945325542241e-05
window-322bc4a8640480222ff0,104_12353_22041,toyplane,toyplane,0.9983282685279846,True,1.0501609722268768e-05,7.559760706499219e-05,0.0003628065169323236,0.00011170513607794419,3.724795169546269e-05,2.2022157281753607e-05,1.8941569578601047e-05,1.188602254842408e-05,3.889116123900749e-05,9.959963790606707e-05,7.198001549113542e-05,7.144469236664008e-06,0.0001246674219146371,0.00019290647469460964,6.468012725235894e-05,9.924118785420433e-06,5.318022522260435e-05,2.9945475034764968e-05,3.4744152799248695e-05,7.730404468020424e-05,8.819130016490817e-06,2.850036253221333e-05,0.9983282685279846,8.883387636160478e-05,3.0160688766045496e-05,5.9772290114779025e-05
window-0c75d5777eab3799596f,104_12353_22041,toyplane,toyplane,0.9946830868721008,True,4.36462796642445e-05,0.00037917488953098655,0.0006753170164301991,0.000330720009515062,0.0002138692361768335,4.7858862672001123e-05,0.00012761962716467679,6.917989230714738e-05,0.00012679747305810452,0.00026219780556857586,0.00018518550496082753,8.633589459350333e-06,0.0005576811963692307,0.0006239874637685716,0.00015170966798905283,1.6424206478404813e-05,0.0005795072065666318,6.745159771526232e-05,0.00012114072887925431,0.0002786169061437249,3.6237353924661875e-05,2.8311933419900015e-05,0.9946830868721008,0.00018335087224841118,0.00010518717317609116,9.711139864521101e-05
window-55eaacad7e650e88b120,104_12353_22041,toyplane,toyplane,0.999904990196228,True,2.627514561481803e-07,7.091895213306998e-07,3.887948878400493e-06,6.113566541898763e-07,1.9185038127034204e-06,8.898317673811107e-07,3.240116370761825e-07,1.6600196204308304e-06,4.811330200027442e-06,1.3302390016178833e-06,9.229448778569349e-07,2.323654513247675e-07,5.030448846810032e-06,4.3434112740214914e-05,1.054199060490646e-06,9.763788284544717e-07,5.127696454110264e-07,5.078969138594402e-07,4.932461479256744e-07,4.3218054202043277e-07,3.090412747042137e-06,1.7283554143432411e-07,0.999904990196228,2.019448220380582e-05,1.0560182772678672e-06,4.279642382698512e-07
window-4de7f3b076f72935a14f,104_12353_22041,toyplane,toyplane,0.9972413778305054,True,2.3892282115411945e-05,0.00021037174155935645,0.00018105749040842056,0.00048168766079470515,8.352319127880037e-05,5.401031376095489e-05,7.72298953961581e-05,2.3761444026604295e-05,7.580059173051268e-05,0.00011959011317230761,0.00010862573253689334,6.958755875530187e-06,0.00037462779437191784,0.00016291995416395366,6.435075920308009e-05,9.083618351723999e-06,0.00020223228784743696,4.0046783396974206e-05,5.6789453083183616e-05,0.00011071284825447947,9.381315976497717e-06,2.9770093533443287e-05,0.9972413778305054,0.00015416555106639862,6.562691123690456e-05,3.242941966163926e-05
window-f4f0eb6c15514fa2b3a9,399_51164_100417,toyplane,toyplane,0.9986568689346313,True,3.978389031544793e-06,2.051784576906357e-05,0.00013405767094809562,2.4410664991592057e-05,1.2884805983048864e-05,2.992716190419742e-06,3.023001681867754e-06,6.738570846209768e-06,2.1519010260817595e-05,5.656415851262864e-06,1.6374642655136995e-05,1.6195604985114187e-05,9.510247764410451e-05,0.0006178199546411633,2.16767057281686e-05,4.9034595576813444e-05,2.5382689273101278e-05,3.440302680246532e-05,2.4305181796080433e-05,1.4913091945345514e-05,3.919985465472564e-05,9.211412361764815e-06,0.9986568689346313,0.00010718202975112945,2.086943459289614e-05,1.5734127373434603e-05
window-0db6b9e781e144e2fd84,399_51164_100417,toyplane,toyplane,0.9998576641082764,True,2.0278167767173727e-07,1.175496095129347e-06,1.350163643110136e-06,7.683095191168832e-07,8.361231493836385e-07,3.0421369956457056e-07,1.4231468412617687e-06,1.5886740811765776e-06,2.355142441956559e-06,3.397943260097236e-07,3.1278118513000663e-06,3.3331173199258046e-07,7.569319109279604e-07,4.005210939794779e-05,7.625914690834179e-07,1.895572950161295e-06,4.30697411957226e-07,2.122619207511889e-06,2.70259675971829e-07,3.4379019098196295e-07,2.237605031041312e-06,7.721883577005428e-08,0.9998576641082764,7.844005449442193e-05,2.5369038780809205e-07,9.64750029197603e-07
window-537c5b8f22ed9c5ad645,399_51164_100417,toyplane,toyplane,0.9992077946662903,True,1.1713703997884295e-06,6.469658728747163e-06,5.8255649491911754e-05,3.669011493911967e-05,1.0929087693511974e-05,5.057492558080412e-07,4.6458205815724796e-07,5.535412583412835e-06,7.408189958368894e-06,1.4740203369001392e-06,5.178827905183425e-06,6.658522579527926e-06,4.0656785131432116e-05,0.0004945993423461914,4.9332243179378565e-06,1.562417128297966e-05,3.513016963552218e-06,4.9820450840343256e-06,2.178667637053877e-05,3.049665792786982e-06,1.071177302947035e-05,8.847061963024316e-07,0.9992077946662903,3.5209377529099584e-05,4.757533588417573e-06,1.0944033419946209e-05
window-548d10577f710b26a9c2,399_51164_100417,toyplane,toyplane,0.999091625213623,True,1.1613794868026162e-06,8.456272553303279e-06,4.2878324165940285e-05,1.833326132327784e-05,8.455490387859754e-06,2.0690561086667003e-06,1.8058543673760141e-06,5.3404251048050355e-06,1.015134148474317e-05,2.159412588298437e-06,1.1040656318073161e-05,6.7739083533524536e-06,2.9780987460981123e-05,0.0005783249507658184,4.977899152436294e-06,9.807717106014024e-06,2.460286850691773e-06,9.605544619262218e-06,1.4147270121611655e-05,4.390129106468521e-06,2.2057203750591725e-05,1.7355108639094396e-06,0.999091625213623,0.00010217684030067176,8.047268238442484e-06,2.177509713874315e-06
window-2f35dd8684349dd9e1fc,614_98688_198492,toyplane,toytruck,0.9168156385421753,False,0.0009687653509899974,0.005468328483402729,0.0014496006770059466,0.0026757782325148582,0.0059302435256540775,0.0006633894518017769,0.0004663785803131759,0.00022180347878020257,0.0004271090729162097,0.00029556581284850836,0.0011697282316163182,0.0011105224257335067,0.004571600817143917,0.0002426939900033176,0.0014191239606589079,0.00018442861619405448,0.013571602292358875,0.0006337889935821295,0.000374995986931026,0.0019346458138898015,0.0010287151671946049,0.0015551670221611857,0.0355147086083889,0.9168156385421753,0.0003363483410794288,0.0009693489992059767
window-25ed845a16b7cf0dd3e2,614_98688_198492,toyplane,toytruck,0.9467507004737854,False,0.0005580089055001736,0.00516703724861145,0.0009435723186470568,0.0007703240844421089,0.0037691888865083456,0.00035490471054799855,0.0002945938613265753,0.00016363577742595226,0.00031365692848339677,0.00020543894788715988,0.00033840027754195035,0.0006370744667947292,0.002111301990225911,0.00024697923799976707,0.001175291952677071,0.00012437920668162405,0.006767128594219685,0.0003932076506316662,0.00023217711714096367,0.001175133278593421,0.0009851987706497312,0.000835113343782723,0.025013817474246025,0.9467507004737854,0.0001898163027362898,0.0004839937319047749
window-929afe18f1b189f89d30,614_98688_198492,toyplane,toytruck,0.9184151291847229,False,0.0008033179910853505,0.007305531296879053,0.0013060730416327715,0.0014608761994168162,0.005396885331720114,0.0004980991361662745,0.00043106393422931433,0.00019504503870848566,0.0003521944163367152,0.0003002505691256374,0.0007106253178790212,0.0008620358421467245,0.0028856813441962004,0.000303964305203408,0.0014037920627743006,0.0002509989426471293,0.006879483349621296,0.0006199348717927933,0.000325173168675974,0.001749589224345982,0.0012633446604013443,0.0010386640205979347,0.04410891234874725,0.9184151291847229,0.00023702267208136618,0.0008963450673036277
window-b9efb91f0eb09438d663,614_98688_198492,toyplane,toytruck,0.960515558719635,False,0.00029416056349873543,0.0025142645463347435,0.0007195475627668202,0.0005373878520913422,0.0023182800505310297,0.0002275788428960368,0.0001335266715614125,9.123520430875942e-05,0.00011613141396082938,0.00013274290540721267,0.00024868891341611743,0.0003266219573561102,0.0010154028423130512,0.00014407250273507088,0.0005655757267959416,0.00010225910955341533,0.0036761288065463305,0.00025131029542535543,0.00018727821588981897,0.0009519755840301514,0.0004641722480300814,0.00046903014299459755,0.02364255301654339,0.960515558719635,0.00010935807222267613,0.0002451246837154031
window-0b24ca0c1bba683f6e55,372_40936_81490,toytruck,toytruck,0.9982958436012268,True,8.311347301059868e-06,2.4390139515162446e-05,1.1173207212777925e-06,2.1997175281285308e-05,9.021404548548162e-05,7.182637546065962e-06,1.2282074749236926e-05,5.56653822059161e-06,0.00015480142610613257,6.432402005884796e-05,4.6570175982196815e-06,6.716602001688443e-06,6.070259132684441e-06,2.7508519906405127e-06,3.0014090953045525e-05,1.275132945011137e-05,2.145171856682282e-05,7.439540786435828e-05,1.891315696411766e-05,3.384191950317472e-05,3.587645915104076e-05,6.677279088762589e-06,0.0010324983159080148,0.9982958436012268,3.945347543776734e-06,2.3422617232427e-05
window-97bb6630579a4ec62ca8,372_40936_81490,toytruck,toytruck,0.991100013256073,True,2.5600371373002417e-05,5.420699744718149e-05,3.5873201795766363e-06,4.611183612723835e-05,0.00022017071023583412,5.11463986185845e-05,1.5966095816111192e-05,9.840789971349295e-06,0.0003978760214522481,0.00022708949109073728,2.5930663468898274e-05,9.228754606738221e-06,2.148923886124976e-05,2.1602115793939447e-06,7.461613131454214e-05,1.7710413885652088e-05,5.904248610022478e-05,0.00021856880630366504,5.155811595614068e-05,0.00012745274580083787,0.0002361935912631452,3.0020284611964598e-05,0.006826212629675865,0.991100013256073,7.207586168078706e-05,7.624942372785881e-05
window-cd296299fc7e0c80718e,372_40936_81490,toytruck,toytruck,0.9944093823432922,True,8.582160080550238e-05,1.0579017725831363e-05,2.478248234183411e-06,3.1699300961918198e-06,0.0001807495136745274,9.401956776855513e-05,2.795558793877717e-05,1.135873571911361e-05,0.0005002620164304972,5.883830090169795e-05,2.2306936443783343e-05,5.829509973409586e-06,3.668516001198441e-05,1.8426122778691933e-06,4.230364356772043e-05,9.550539289193694e-06,3.377346365596168e-05,4.294213431421667e-05,1.2976426660316065e-05,2.0303976270952262e-05,0.0001823783532017842,1.0362218745285645e-05,0.004087103996425867,0.9944093823432922,8.608004281995818e-05,2.1004367226851173e-05
window-aac758fe63b6a027de35,372_40936_81490,toytruck,toytruck,0.9769328832626343,True,4.4778240408049896e-05,3.3349591831211e-05,6.440676315833116e-06,7.132769496820401e-06,0.0008262097835540771,9.447587217437103e-05,0.00016584272088948637,1.9125325707136653e-05,0.00026061205426231027,0.00015583346248604357,1.0863631359825376e-05,2.1309975636540912e-05,5.0742524763336405e-05,2.3025947939459e-06,0.0001476043398724869,4.241589340381324e-05,2.5017432562890463e-05,0.0001345554628642276,4.6682409447385e-05,4.358592559583485e-05,0.00025507755344733596,1.7272657714784145e-05,0.02037235163152218,0.9769328832626343,2.0182675143587403e-05,0.0002633950498420745
window-6d80d3ade9b762bbed50,375_42459_85038,toytruck,toytruck,0.9839274287223816,True,0.00013923371443524957,0.0001400192268192768,1.3066201063338667e-05,6.888087227707729e-05,8.58961429912597e-05,0.00013354701513890177,0.00030275838798843324,5.3950974688632414e-05,0.0006808118196204305,0.00012690608855336905,7.234079930640291e-06,0.00016755820252001286,1.8313667169422843e-05,0.00045618554577231407,0.00013064239465165883,2.2639977032667957e-05,2.4478389605064876e-05,0.00043638699571602046,0.0001555139315314591,6.184672383824363e-05,7.655156514374539e-05,9.393983782501891e-05,0.012581827118992805,0.9839274287223816,9.407481229573023e-06,8.50929573061876e-05
window-44cc5c1b719d0c151930,375_42459_85038,toytruck,toytruck,0.975307047367096,True,0.00012030840298393741,0.00010144383122678846,3.0980780138634145e-05,5.2093411795794964e-05,0.0002295831509400159,9.522525215288624e-05,0.00025398243451491,0.00010038079926744103,0.005807290785014629,0.0001326982892351225,4.9138656322611496e-05,5.7013090554391965e-05,8.328093099407852e-05,0.00014879513764753938,0.00028922228375449777,9.45725059864344e-06,0.00017996830865740776,0.00018016820831689984,0.0004931703442707658,0.00041359232272952795,0.0003577310999389738,0.00018361660477239639,0.015157266519963741,0.975307047367096,0.00011381156218703836,5.271441114018671e-05
window-8f3674ccdd85312e153c,375_42459_85038,toytruck,toytruck,0.9730916023254395,True,0.0001403774367645383,0.0002224514028057456,2.0003046302008443e-05,5.58291794732213e-05,0.000366428546840325,9.397623216500506e-05,0.0001857235183706507,4.6312845370266587e-05,0.001538469921797514,0.00010845603537745774,3.4782719012582675e-05,0.0003281801473349333,5.7218188885599375e-05,0.00015888350026216358,0.0003457939310465008,4.124598126509227e-05,8.21635767351836e-05,0.0002571274235378951,0.00040613068267703056,0.00018488991190679371,9.860522550297901e-05,0.000124493773910217,0.02186782844364643,0.9730916023254395,3.124290378764272e-05,0.000111745874164626
window-9e44c8097045c4603668,375_42459_85038,toytruck,toytruck,0.9637390375137329,True,4.035932579427026e-05,4.376069409772754e-05,8.457774129055906e-06,1.803696977731306e-05,0.00011054718197556213,1.706618604657706e-05,5.3121249948162585e-05,2.5303739676019177e-05,0.00012889255594927818,5.030157626606524e-05,3.8889415918674786e-06,6.249836587812752e-05,2.3178974515758455e-05,0.00011111995991086587,0.00010051602293970063,5.621573654934764e-05,3.6634526622947305e-05,0.00010654369543772191,4.2265768570359796e-05,5.0482849474065006e-05,8.621673623565584e-05,9.7646341600921e-05,0.03491787984967232,0.9637390375137329,1.7429061699658632e-05,5.269468601909466e-05
window-0b225b826870238bc685,380_45013_90081,toytruck,toytruck,0.999163031578064,True,2.2793026346334955e-06,1.1962445569224656e-05,2.211568244092632e-06,6.748989108018577e-05,3.484359240246704e-06,7.58540045353584e-05,1.7191169945363072e-06,8.701777005626354e-06,1.3580225640907884e-05,3.1194671464618295e-05,8.70220083015738e-06,5.2068080549361184e-06,1.1903547374458867e-06,8.512312888342422e-06,3.430151264183223e-05,1.2392542885208968e-06,4.5531155592470895e-06,1.0492333785805386e-05,5.109304311190499e-06,6.808794569224119e-05,4.089104550075717e-06,1.3076163668301888e-05,0.0004432420537341386,0.999163031578064,6.727496838720981e-06,4.03681178795523e-06
window-980e54b66a6ab059ff69,380_45013_90081,toytruck,toytruck,0.9995356798171997,True,1.5666612398490543e-06,2.167273123632185e-06,2.068357844109414e-06,1.1242126674915198e-05,7.258566256496124e-06,1.394569335388951e-05,5.775237355010177e-07,3.2967016068141675e-06,1.185353994515026e-05,2.3894554033176973e-05,3.696943394970731e-06,4.611652457242599e-06,1.0063042736874195e-06,9.01760267879581e-06,3.122290308965603e-06,1.1082203172918526e-06,1.202762064167473e-06,1.8529239014242194e-06,8.663575385980948e-07,1.7714284695102833e-05,1.790052124306385e-06,6.1972227740625385e-06,0.0003278613730799407,0.9995356798171997,2.9226605420262786e-06,3.4041213439195417e-06
window-3ea7a6019e82a540b49a,380_45013_90081,toytruck,toytruck,0.999848484992981,True,1.879656679193431e-06,1.8380644632998155e-06,3.7940733932373405e-07,1.959335577339516e-06,4.101160811842419e-06,3.112269041594118e-06,9.272827128370409e-07,1.2350365068414249e-06,1.335030628979439e-05,4.066979727213038e-06,2.2260292098508216e-06,2.491502755219699e-07,6.456694450207578e-07,1.1938872148675728e-06,1.2467878605093574e-06,1.943745786547879e-07,1.2738969417114276e-06,2.2193416953086853e-06,5.081172389509447e-07,5.06981496073422e-06,3.794675876633846e-06,3.7377444641606417e-06,9.193535515805706e-05,0.999848484992981,2.5257509150833357e-06,1.7915363059728406e-06
window-e582905ca769f51e865e,380_45013_90081,toytruck,toytruck,0.9992833733558655,True,4.541715497907717e-06,9.068185136129614e-06,1.4275559578891261e-06,2.292952558491379e-05,4.496544988796813e-06,3.560560799087398e-05,1.4252703977035708e-06,4.930394879920641e-06,1.2363689165795222e-05,7.597949297633022e-05,1.007393075269647e-05,2.4452749585179845e-06,9.350754339720879e-07,3.30943794324412e-06,1.078376044461038e-05,1.0184938901147689e-06,1.9622343643277418e-06,3.017864628418465e-06,4.4046946641174145e-06,2.4108738216455095e-05,3.389583298485377e-06,1.0057093277282547e-05,0.0004623526183422655,0.9992833733558655,4.061383606313029e-06,1.9543028884072555e-06
window-aa5fc13102f643fcfd0f,385_45397_90766,toytruck,toytruck,0.9906062483787537,True,7.647214806638658e-05,0.00020352938736323267,1.8514841940486804e-05,0.0002590708318166435,0.00019790830265264958,9.596651943866163e-05,0.0014291927218437195,8.30996286822483e-05,0.00035230250796303153,0.0019255144288763404,0.00014162076695356518,0.0002104554296238348,2.5848554287222214e-05,0.00038124204729683697,5.0690450734691694e-05,0.0002586183254607022,6.261984526645392e-05,0.00015361225814558566,0.00010160599049413577,0.0003329821629449725,0.00013171671889722347,8.466261351713911e-05,0.0027186700608581305,0.9906062483787537,5.501336636370979e-05,4.2718871554825455e-05
window-4d8ed42a3d5a14d6c361,385_45397_90766,toytruck,toytruck,0.9976233839988708,True,2.0243374819983728e-05,1.6119505744427443e-05,3.5561904496717034e-06,6.008272976032458e-06,4.428302781889215e-05,5.7691879192134365e-05,0.0005068855243735015,2.3857415726524778e-05,0.00015115857240743935,3.8692032831022516e-05,2.462480370013509e-05,5.305276317812968e-06,4.249235189490719e-06,2.902526466641575e-05,1.3311516340763774e-05,4.6684188419021666e-05,7.238892067107372e-06,7.633560926478822e-06,2.834100268955808e-05,1.1532435564731713e-05,1.3400395800999831e-05,5.708583103114506e-06,0.0012918302090838552,0.9976233839988708,4.935388915328076e-06,1.432038152415771e-05
window-afd4c288c406c81f74f1,385_45397_90766,toytruck,toytruck,0.9760813117027283,True,0.0008739974000491202,0.00020821594807785004,4.668381734518334e-05,0.0014870542800053954,0.00020693161059170961,0.0006649605347774923,0.0026168175972998142,0.00041304188198409975,0.0016398802399635315,0.0020463326945900917,0.00014768635446671396,0.004890873096883297,0.00013847002992406487,0.002110839355736971,0.0001389644166920334,4.460607669898309e-05,8.756262832321227e-05,0.0012142836349084973,0.0005266632651910186,0.000949356472119689,0.0003234867181163281,0.001118283485993743,0.001639246940612793,0.9760813117027283,0.00029115399229340255,9.328116721007973e-05
window-4665c62586acd1104255,387_46845_93204,toytruck,toytruck,0.9923991560935974,True,0.00011980599083472043,4.535978951025754e-05,2.3022610548650846e-05,5.694179708370939e-05,0.00013171133468858898,0.0004015657177660614,0.00023651582887396216,4.685043677454814e-05,0.0008713765419088304,6.094287891755812e-05,7.562456448795274e-05,2.105456769641023e-05,0.0001569549785926938,0.00010322929301764816,0.00016232785128522664,1.188953683595173e-05,0.00010428210225654766,0.00011608650675043464,6.714370101690292e-05,0.00010692411888157949,0.00021710268629249185,0.00014257480506785214,0.004226165357977152,0.9923991560935974,7.260256097652018e-05,2.2771429939894006e-05
window-e1184b1216914bcd8e56,387_46845_93204,toytruck,toytruck,0.9988435506820679,True,4.6700270104338415e-06,2.6159802928305e-06,1.4711648645970854e-06,6.456128176068887e-06,1.0930470125458669e-05,1.9192393665434793e-05,6.9501825237239245e-06,3.5147049857187085e-06,1.7530641343910247e-05,5.287878593662754e-06,9.704555168355e-07,1.8510820154915564e-05,4.4408348003344145e-06,8.932444870879408e-06,4.281098881619982e-06,1.4055058272788301e-06,1.1065318176406436e-05,8.235736459027976e-06,5.278049229673343e-06,6.542049959534779e-06,1.2895575309812557e-05,5.213742952037137e-06,0.0009845871245488524,0.9988435506820679,2.7412804683990544e-06,2.7299058729113312e-06
window-4a51b0892e19dd118ef8,387_46845_93204,toytruck,toytruck,0.9916422367095947,True,0.0001337516587227583,3.840031786239706e-05,2.289271287736483e-05,6.725744606228545e-05,6.745947757735848e-05,0.0005057188682258129,0.00019647493900265545,9.922352182911709e-05,0.0011100972769781947,6.995515286689624e-05,0.00010468635446159169,5.310444612405263e-05,6.866735930088907e-05,0.00014258295414038002,0.00015606584202032536,1.2162181519670412e-05,0.00012067414354532957,0.0001686063187662512,0.00017142620345111936,0.00020659792062360793,0.0001423883659299463,0.00018241351062897593,0.004374306183308363,0.9916422367095947,0.00012748695735353976,1.5354218703578226e-05
window-b48753e0a5d12bdbc773,387_46845_93204,toytruck,toytruck,0.9842216968536377,True,1.8720817024586722e-05,3.727167859324254e-05,8.064464054768905e-06,1.4005981938680634e-05,1.7769720216165297e-05,8.796619658824056e-05,3.2786192605271935e-05,6.243299139896408e-06,5.1242310291854665e-05,3.477964855846949e-05,4.727765372081194e-06,1.2409807823132724e-05,1.6973328456515446e-05,7.497280603274703e-05,1.2774769857060164e-05,5.379279173212126e-06,3.4452954423613846e-05,4.0879458538256586e-05,3.2890355214476585e-05,4.544755211099982e-05,3.963465496781282e-05,3.4240503737237304e-05,0.015091794542968273,0.9842216968536377,1.6600773960817605e-05,6.270018275245093e-06
window-57e3dfc905797a087030,399_51165_100420,toytruck,toytruck,0.9967442750930786,True,2.7717176635633223e-05,0.00023572388454340398,1.1515154255903326e-05,0.00025747675681486726,0.00016956886975094676,3.4786520700436085e-05,0.00019472655549179763,9.371740816277452e-06,0.0005995032261125743,0.0001614556967979297,2.530184247007128e-05,7.058742085064296e-06,4.787240322912112e-05,3.5984357964480296e-05,1.3088909327052534e-05,6.564113573404029e-05,3.251201269449666e-05,2.946864697150886e-05,9.653637243900448e-05,7.39504030207172e-05,3.665128315333277e-05,0.00011378790804883465,0.0009340645628981292,0.9967442750930786,2.985100945807062e-05,1.2108403097954579e-05
window-a9919644921744937964,399_51165_100420,toytruck,toytruck,0.9988872408866882,True,5.6331859923375305e-06,5.6998193031176925e-05,1.1015981726814061e-06,1.8691474906518124e-05,2.5809737053350545e-05,7.753747013339307e-06,5.7863715483108535e-05,2.479629074514378e-06,9.89713953458704e-05,1.5551115211565048e-05,1.224442803504644e-05,2.4237554043793352e-06,4.868760242970893e-06,1.5215276107483078e-05,4.211564373690635e-06,1.0083977940666955e-05,1.0794855370477308e-05,1.092861384677235e-05,4.402830654726131e-06,2.7729945941246115e-05,1.580064963491168e-05,1.2479130418796558e-05,0.0006706911372020841,0.9988872408866882,1.6635724023217335e-05,3.3117687507910887e-06
window-40234a50edd7c182b028,399_51165_100420,toytruck,toytruck,0.9996211528778076,True,1.2826981219404843e-06,1.1031789654225577e-05,8.119718017951527e-07,1.8561095203040168e-05,8.67075959831709e-06,1.0488523685125983e-06,1.2522718861873727e-05,5.993708782625617e-07,3.2027233828557655e-05,1.4464055311691482e-05,2.273097834404325e-06,1.1302247003186494e-05,1.8073112642014166e-06,3.2233435831585666e-06,6.367234618664952e-06,6.0368165577529e-06,2.7305635740049183e-05,6.7334831328480504e-06,4.7196131163218524e-06,1.8068227291223593e-05,3.696848943945952e-05,5.210134531807853e-06,0.0001393334532622248,0.9996211528778076,4.428497959452216e-06,4.090284619451268e-06
window-f3e5ff0c44334fcc0549,399_51165_100420,toytruck,toytruck,0.9978275895118713,True,7.153571004892001e-06,9.026198677020147e-05,5.192341177462367e-06,5.668395897373557e-05,4.194563007331453e-05,1.703425732557662e-05,0.00014722005289513618,4.308516508899629e-06,0.00013349541404750198,0.00018966506468132138,1.7188598576467484e-05,1.4680057347504771e-06,1.3736893379245885e-05,1.653881736274343e-05,4.610854375641793e-06,2.2136449842946604e-05,7.336690487136366e-06,2.1984928025631234e-05,2.80201875284547e-05,3.246903725084849e-05,2.3449931177310646e-05,3.582008503144607e-05,0.0012241925578564405,0.9978275895118713,2.1724736143369228e-05,8.764696758589707e-06
window-b49bcc75f62e892a24be,416_57430_111052,toytruck,toytruck,0.9977540373802185,True,3.562724305083975e-05,5.082305051473668e-06,1.5878926205914468e-05,5.3267005569068715e-05,7.347173959715292e-05,4.3501724576344714e-05,2.018476607190678e-06,3.975499566877261e-05,0.00014964723959565163,1.9971013898612e-05,7.013839058345184e-05,4.028015973744914e-05,0.0002511826460249722,2.293120815011207e-05,0.000121690085506998,6.98177518643206e-06,0.0003758145612664521,7.646287849638611e-05,5.011431858292781e-05,0.00016692366625647992,3.450806616456248e-05,9.720951311464887e-06,0.00041752972174435854,0.9977540373802185,0.00015541142784059048,8.010914825717919e-06
window-231293fe2fd785d1f6d9,416_57430_111052,toytruck,toytruck,0.9964674711227417,True,3.826852116617374e-05,1.6857664377312176e-05,1.166978199762525e-05,8.176690607797354e-05,0.00011126939352834597,0.00013982632663100958,2.782868932627025e-06,6.204756209626794e-05,0.00031182117527350783,7.956130866659805e-05,9.51688562054187e-05,2.7551666789804585e-05,0.00019910396076738834,9.590118133928627e-05,0.00031102492357604206,6.657387984887464e-06,0.0004296431434340775,0.0001763810432748869,5.688398232450709e-05,0.0002116677351295948,5.236746073933318e-05,2.7399742975831032e-05,0.0008147878106683493,0.9964674711227417,0.00016436334408354014,7.74746968090767e-06
window-77ffc6abd32d07a1978a,416_57430_111052,toytruck,toytruck,0.9989967942237854,True,1.6204781786655076e-05,2.704411599552259e-05,5.4099214139569085e-06,1.5377709132735617e-05,5.275220701150829e-06,7.849627763789613e-06,2.7835412765853107e-06,6.7402797867543995e-06,5.6832046539057046e-05,3.321008989587426e-05,2.678408236533869e-05,2.441958167764824e-05,0.00013106578262522817,1.3179394954931922e-05,0.00018128797819372267,2.5518229449517094e-06,0.00010346218914492056,2.6446905394550413e-05,1.11659483081894e-05,2.4872802896425128e-05,6.9438542595889885e-06,1.178273214463843e-05,0.0002495005028322339,0.9989967942237854,6.4779478634591214e-06,6.562132057297276e-06
window-854f8472331603bbca9f,416_57430_111052,toytruck,toytruck,0.9893297553062439,True,0.00011269669630564749,5.440480526885949e-05,2.9930904929642566e-05,0.00036142251337878406,0.00020516518270596862,0.00017592661606613547,9.231592230207752e-06,0.0002293065335834399,0.0005843717372044921,0.0001711305376375094,0.00022445568174589425,7.54089342080988e-05,0.0005385459517128766,0.00018773962801788002,0.0010139158694073558,1.66859281307552e-05,0.0011878059012815356,0.0008046108414418995,0.0003164822410326451,0.0009433432132937014,0.00013337488053366542,5.0518352509243414e-05,0.0025699734687805176,0.9893297553062439,0.0006526360521093011,2.1205636585364118e-05
window-7659ba2c37e17312e370,601_92870_186087,toytruck,toytruck,0.3094359338283539,True,0.0670754685997963,0.02244872972369194,0.02932768687605858,0.043100789189338684,0.016408098861575127,0.057797472923994064,0.008280480280518532,0.005179398227483034,0.001696922816336155,0.013696686364710331,0.03663528338074684,0.01203996129333973,0.025066036731004715,0.012593761086463928,0.05937887728214264,0.09289999306201935,0.001724290195852518,0.011305253952741623,0.03357630968093872,0.023362640291452408,0.024749968200922012,0.002473488450050354,0.07517389208078384,0.3094359338283539,0.002518298337236047,0.0120542598888278
window-463ed90b247f870778b5,601_92870_186087,toytruck,wineglass,0.2602129876613617,False,0.015352383255958557,0.018396945670247078,0.03689783439040184,0.08421783894300461,0.17458930611610413,0.013318088836967945,0.0045883674174547195,0.004604392684996128,0.013182309456169605,0.06619172543287277,0.0038601334672421217,0.03785545006394386,0.0015259247738867998,0.01994437165558338,0.03582925722002983,0.026416867971420288,0.002268278505653143,0.03246063366532326,0.02787093073129654,0.014635134488344193,0.008090454153716564,0.0017148427432402968,0.03311135247349739,0.05946826562285423,0.003395877778530121,0.2602129876613617
window-4bf70f2e7c934b4622d9,222_23411_48627,umbrella,umbrella,0.9999556541442871,True,2.121644087083041e-07,1.3616601108878967e-06,2.2201881222372322e-07,4.666057407121116e-07,2.2045708192308666e-07,2.91022638521099e-06,8.555634281037783e-07,4.5112332713870273e-07,3.895353529514978e-06,9.205210460550006e-08,1.5657022345294536e-07,3.1380906762024097e-07,2.245849231030661e-07,9.671499356045388e-06,2.8678989565378288e-06,3.866374299832387e-06,4.698025804827921e-06,3.6115604871156393e-06,1.1870942984160138e-07,2.4598186882940354e-06,7.397430863420595e-07,1.377395733470621e-06,1.1559908443814493e-06,8.591241567046382e-07,0.9999556541442871,1.5612165498168906e-06
window-1772af76315875ae0013,222_23411_48627,umbrella,umbrella,0.9997943043708801,True,6.379117394317291e-07,1.534067814645823e-05,1.7124528994827415e-06,1.2529266086858115e-06,8.755178981800782e-08,9.765673894435167e-06,2.831940946634859e-06,1.1886285165019217e-06,1.8413649058857118e-06,4.261624155788013e-07,2.8024842322338372e-06,6.615152869926533e-07,2.3154709651862504e-06,8.816424087854102e-05,1.847309249569662e-05,1.1849519069073722e-05,1.2437887562555261e-05,8.819379218039103e-06,4.186273372397409e-07,1.1733938663383015e-05,3.1922522794047836e-06,1.6368944670830388e-06,2.4932801352406386e-06,2.2384174371836707e-06,0.9997943043708801,3.417220796109177e-06
window-0de76f7089941167f366,222_23411_48627,umbrella,umbrella,0.9998626708984375,True,4.805401090379746e-07,8.104971129796468e-06,1.0254191238345811e-06,9.797718121262733e-07,2.0076913642697036e-07,3.1133670290728332e-06,1.85393480478524e-06,1.3056009038336924e-06,5.668578523909673e-06,2.1897491819800052e-07,1.8180200811457325e-07,1.1683601996992365e-06,9.50598803228786e-07,4.1205919842468575e-05,1.4580074093828443e-05,1.8444092347635888e-05,1.1868640285683796e-05,5.944467829976929e-06,2.9588480288111896e-07,6.277974534896202e-06,2.983247895826935e-06,2.2633471417066175e-06,1.6280184809147613e-06,3.338451506351703e-06,0.9998626708984375,3.2103032481245464e-06
window-3f4879e001adfe52eb4d,222_23411_48627,umbrella,umbrella,0.9995425939559937,True,3.2410725907539017e-06,5.815244549012277e-06,3.7938875721010845e-06,1.7468908026785357e-06,1.6648042446831823e-06,1.7328313333564438e-05,7.085995548550272e-06,6.441930509026861e-06,9.622196557756979e-06,7.276070732586959e-07,1.9617946236394346e-06,1.7860912748801638e-06,3.924934389942791e-06,0.00018787251610774547,2.2776443074690178e-05,4.1025989048648626e-05,1.7011880117934197e-05,2.290104930580128e-05,1.1968284070462687e-06,1.8684268070501275e-05,1.4763752005819697e-05,7.536546036135405e-06,1.7558526451466605e-05,1.2571857951115817e-05,0.9995425939559937,2.8405138436937705e-05
window-e288281e2a2c476c4eca,373_41364_82715,umbrella,umbrella,0.9999380111694336,True,9.205658670907724e-07,1.0264503771395539e-06,7.374528081527387e-07,4.963480932929087e-07,1.442240602500533e-07,3.7115685245225905e-06,8.170880505531386e-07,1.6296122566927806e-06,1.2893063967567286e-06,1.47265808436714e-07,8.688455181982135e-07,5.727961251977831e-07,1.4193519746186212e-06,9.976065484806895e-06,6.46412718197098e-06,5.350329502107343e-06,3.4931294976559e-06,1.0431483133288566e-05,1.2584077069277555e-07,5.376338776841294e-06,2.11873657463002e-06,1.4244914154915023e-06,1.3944329566584202e-06,1.0121445939148543e-06,0.9999380111694336,1.0805617876030738e-06
window-9a615c62030b005e70d8,373_41364_82715,umbrella,umbrella,0.9999229907989502,True,1.096879373108095e-06,8.011564204934984e-06,3.2550070727666025e-07,1.7054788941095467e-06,2.1655203852333216e-07,3.777165375140612e-06,9.775628768693423e-07,3.055278966712649e-06,1.8716057184064994e-06,2.868791284527106e-07,7.834208304302592e-07,9.030285355038359e-07,5.753250320594816e-07,1.3589738045993727e-05,4.824166808248265e-06,4.777194135385798e-06,3.5926589134760434e-06,1.1201941561012063e-05,2.1135011252226832e-07,7.304475730052218e-06,2.225284561063745e-06,1.7228825299753225e-06,1.1266400861131842e-06,1.5333515648308094e-06,0.9999229907989502,1.3849823972122977e-06
window-c9de653fa93907858476,373_41364_82715,umbrella,umbrella,0.9999555349349976,True,6.159530130389612e-07,5.5368141147482675e-06,9.618843250791542e-07,4.7581818307662616e-07,9.567796155351971e-08,1.449852788937278e-06,5.616178100353864e-07,2.8258089059818303e-06,1.7555203157826327e-06,3.126115473151003e-07,6.486802703875583e-07,1.33239026922638e-07,4.787489729096706e-07,4.489047114475397e-06,1.6964872884273063e-06,6.961078724998515e-06,1.7300695844824077e-06,3.856313014694024e-06,1.6703951644103654e-07,4.216514753352385e-06,1.7538068277644925e-06,9.249698109670135e-07,7.149228622438386e-07,1.1240590538363904e-06,0.9999555349349976,9.7306019597454e-07
window-372b6a4b5396844a7deb,373_41364_82715,umbrella,umbrella,0.9998936653137207,True,1.197069650515914e-06,8.54325719501503e-07,1.6125163710967172e-06,5.361817443372274e-07,5.671898861692171e-07,4.765546236740192e-06,1.3494900485966355e-06,3.1896263408270897e-06,3.0116464131424436e-06,3.946300637380773e-07,6.663502745141159e-07,1.2873559853687766e-06,3.26772419612098e-06,2.9638116757269017e-05,8.360627361980733e-06,4.273918875696836e-06,4.472105047170771e-06,1.5193857507256325e-05,3.541664170825243e-07,6.5994167925964575e-06,5.402466285886476e-06,2.6415384581923718e-06,3.3404053283447865e-06,1.4186909993441077e-06,0.9998936653137207,1.8912929817815893e-06
window-8a1a710bc32b3ae761d6,378_44135_87968,umbrella,umbrella,0.9995816349983215,True,3.1850661343924003e-06,1.2899346074846108e-05,5.235200205788715e-06,2.051906875522036e-07,1.7338254565402167e-06,4.2822222894756123e-05,1.2502141544246115e-05,3.869036390824476e-06,7.552288479928393e-06,4.208800419291947e-06,4.206220637570368e-06,9.465693437959999e-06,9.656710062699858e-07,0.00023976289958227426,1.454338075745909e-06,4.156891463935608e-06,2.294751539011486e-06,1.7504220522823744e-05,2.27467785407498e-06,1.1140895367134362e-05,1.356323355139466e-05,4.166122835158603e-06,1.9493068066367414e-06,7.620019459864125e-06,0.9995816349983215,3.7406223327707266e-06
window-1bac2af62af9879fecd8,378_44135_87968,umbrella,umbrella,0.9996751546859741,True,1.697299694569665e-06,1.2052547390339896e-05,2.48693004323286e-06,2.3563379158986208e-07,8.030948265513871e-06,6.1564460338559e-05,8.117342986224685e-06,6.515008408314316e-06,3.999760338047054e-06,2.990338543895632e-06,3.2938207823463017e-06,7.453738817275735e-06,1.0909300272032851e-06,9.980784670915455e-05,1.2471638228817028e-06,1.444872623324045e-06,4.043594344693702e-06,6.364291766658425e-05,1.7990992091654334e-06,5.735115792049328e-06,1.127886753238272e-05,3.859852768073324e-06,1.3782666883344064e-06,4.224024905852275e-06,0.9996751546859741,6.8581325649574865e-06
window-f14c980b07ff66852f38,378_44135_87968,umbrella,umbrella,0.9997861981391907,True,1.3922641528552049e-06,9.96760900306981e-06,3.1505464903602842e-06,2.806257839438331e-07,1.8277733033755794e-06,4.443968282430433e-05,7.556153832410928e-06,3.6102253488934366e-06,3.752347311092308e-06,1.9067379071202595e-06,1.743062512105098e-06,4.142195848544361e-06,7.426031061186222e-07,8.086999150691554e-05,1.624852416171052e-06,2.0280733679101104e-06,1.5025293578219134e-06,2.199577647843398e-05,1.2369904425213463e-06,3.296163185950718e-06,5.4838037613080814e-06,3.2495947834831895e-06,1.0308332321073976e-06,4.049473318445962e-06,0.9997861981391907,2.898552338592708e-06
window-8c1f3e8d4016d98a9d94,378_44135_87968,umbrella,umbrella,0.9993867874145508,True,1.61281661803514e-06,1.0954691788356286e-05,2.9838961381756235e-06,4.147140586496789e-08,1.2691369875028613e-06,2.0388759367051534e-05,8.807036465441342e-06,4.9322029553877655e-06,6.1936943893670104e-06,1.5528733001701767e-06,4.314289981266484e-06,8.47966566652758e-06,5.598127472694614e-07,0.0004765232151839882,2.0753284388774773e-06,2.3253148810908897e-06,1.4556321730196942e-06,2.0410801880643703e-05,1.636127421988931e-06,4.3339687181287445e-06,6.75929641147377e-06,5.057808266428765e-06,3.1549634513794445e-06,1.3389152627496514e-05,0.9993867874145508,3.984369868703652e-06
window-84eb5e6ac255d21d9cf6,379_44414_88476,umbrella,umbrella,0.9997290968894958,True,1.9668332242872566e-06,2.8058070711267646e-06,2.3835864340071566e-06,1.453134132134437e-06,1.984803475352237e-06,8.842628631100524e-06,5.793664968223311e-06,6.539762125612469e-06,8.153595445037354e-06,3.060119979636511e-07,2.0544057406368665e-06,1.3520308357328759e-06,4.443114448804408e-06,0.00013058510376140475,1.3534519894164987e-05,1.4944687791285105e-05,1.4722326341143344e-05,1.434793921362143e-05,5.64228741950501e-07,8.560962669434957e-06,9.46764885156881e-06,5.3391154324344825e-06,3.571249635569984e-06,1.3676094567927066e-06,0.9997290968894958,5.901329586777138e-06
window-31e5776c7589fd76e811,379_44414_88476,umbrella,umbrella,0.9999598264694214,True,2.3249546643455687e-07,7.610829925397411e-06,5.612089921669394e-07,1.5384917162464262e-07,1.0999435318126416e-07,2.464342060193303e-06,1.0329559927413356e-06,4.3070608057860227e-07,2.1221660517767305e-06,2.540855916777218e-07,5.004303602618165e-07,1.7192945733768283e-07,4.173248839833832e-07,7.051746706565609e-06,2.997624051204184e-06,3.7308950595615897e-06,1.9421418073761743e-06,2.2052161057217745e-06,1.2236084501182631e-07,1.7556166085341829e-06,1.409701212651271e-06,8.902744070837798e-07,5.505579565578955e-07,1.0537493153606192e-06,0.9999598264694214,4.612810471371631e-07
window-bf50ebfd53629cc03fd7,379_44414_88476,umbrella,umbrella,0.9998243451118469,True,2.124723550878116e-06,5.574826900556218e-06,8.063171890171361e-07,5.354593213269254e-07,2.3571750773498934e-07,1.8286757040186785e-05,8.295338375319261e-06,1.7592634549146169e-06,3.890958851116011e-06,1.7261521634281962e-07,1.913738969960832e-06,6.938239494047593e-07,2.6266225177096203e-06,4.532516686595045e-05,2.2520676793647e-05,6.7287846832186915e-06,8.22824858914828e-06,1.949935540324077e-05,5.077707783129881e-07,6.513780590466922e-06,4.45823297923198e-06,5.1909269132011104e-06,2.813255377986934e-06,3.905218818545109e-06,0.9998243451118469,3.0838984912406886e-06
window-68003b73b54f7b0749a7,379_44414_88476,umbrella,umbrella,0.9999158382415771,True,5.367512585507939e-07,2.915705636041821e-06,6.431562837860838e-07,3.482081183392438e-07,1.8825055292381876e-07,8.451393114228267e-06,4.386164164316142e-06,7.982939678186085e-07,3.468262775641051e-06,1.4000711701100954e-07,7.222171802823141e-07,5.881256583961658e-07,1.407526156071981e-06,1.122126923291944e-05,9.682105883257464e-06,3.7313643588277046e-06,7.471498520317255e-06,1.3580610357166734e-05,2.9317001803974563e-07,4.9400455282011535e-06,1.8714156340138288e-06,2.0422862689883914e-06,1.3130124898452777e-06,1.5440587048942689e-06,0.9999158382415771,1.9595872799982317e-06
window-f784ae584907257cc4e8,398_50430_98975,umbrella,umbrella,0.9990826845169067,True,5.968958589619433e-07,9.98065934254555e-06,4.505891865846934e-06,7.377318524959264e-07,1.1861592383866082e-06,4.873443685937673e-06,2.6005061499745352e-06,3.439356305534602e-06,7.006804480624851e-06,1.7354738020003424e-06,2.7667238100548275e-07,1.7849621144705452e-05,5.222747745392553e-07,0.0007333487737923861,2.7358575607649982e-05,4.370216265670024e-05,5.475415946420981e-06,2.3370208509732038e-05,1.774291035872011e-06,5.870584573131055e-06,5.952867923042504e-06,4.940756298310589e-06,2.5648714654380456e-06,6.0433544604165945e-06,0.9990826845169067,1.670082724558597e-06
window-d2340f1fe4a10501df3c,398_50430_98975,umbrella,umbrella,0.999792754650116,True,3.3381940056642634e-07,1.4289259524957743e-05,2.8101931093260646e-06,5.493536718859104e-07,6.309925879577349e-07,6.019644388288725e-06,2.4242665404017316e-06,2.650418537086807e-06,2.6485638500162167e-06,1.7107721532738651e-06,4.5543362148237065e-07,3.584935711842263e-06,1.278265244764043e-06,0.00010014597501140088,1.022596097755013e-05,6.99697511663544e-06,2.853214255083003e-06,2.37479034694843e-05,3.8219658904381504e-07,9.42304905038327e-06,2.4594110072939657e-06,6.285401013883529e-06,7.216360131678812e-07,4.0134750634024385e-06,0.999792754650116,5.99184545535536e-07
window-8b0ef65a3451b6e0fed5,398_50430_98975,umbrella,umbrella,0.9997307658195496,True,3.5307886037116987e-07,9.186594070342835e-06,3.274364246408368e-07,6.288719873737136e-07,4.0467838857694005e-07,3.6151895983493887e-06,3.2869434107851703e-06,1.7442862372263335e-06,6.013217898725998e-06,2.24058254616466e-07,2.627091930662573e-07,4.760709089168813e-06,6.587687266801368e-07,0.00013546764967031777,2.9991033443366177e-05,1.7323674910585396e-05,5.96241261519026e-06,1.1817495760624297e-05,2.0054480387443618e-07,2.251810656161979e-06,8.579088898841292e-06,2.3132533897296526e-06,5.11875941811013e-06,4.561632977129193e-06,0.9997307658195496,1.4213922440831084e-05
window-51737cfe95c57fdab63c,398_50430_98975,umbrella,umbrella,0.9979682564735413,True,2.2264057406573556e-06,3.2990833460644353e-06,2.5098413516388973e-06,9.385965427100018e-07,1.8810972051142016e-06,9.723001312522683e-06,6.523563115479192e-06,6.252106231841026e-06,1.114303358917823e-05,5.180526727599499e-07,4.6981480750218907e-07,5.166511982679367e-06,2.257536152683315e-06,0.0018487510969862342,3.2645890314597636e-05,2.270574441354256e-05,1.1625139450188726e-05,1.687595431576483e-05,7.367782473011175e-07,5.609800155070843e-06,8.494369467371143e-06,9.403764124726877e-06,7.65536242397502e-06,5.137665539223235e-06,0.9979682564735413,9.20973252505064e-06
window-a318d7badcfbc49eb59b,430_60670_118462,umbrella,umbrella,0.9999573230743408,True,1.0833877439608841e-07,2.6558575427770847e-06,3.868506723847531e-07,1.9103343618098734e-07,4.818427967734351e-08,6.110691970206972e-07,2.7403399371905834e-07,9.718943374537048e-07,3.124110889984877e-06,1.2552676764698845e-07,6.829479559655738e-08,8.835083349367778e-07,1.3791165542897943e-07,1.638158573769033e-05,3.99400778405834e-06,2.3122622678783955e-06,9.480893368163379e-07,4.108610937691992e-06,1.0028283270457905e-07,1.0232165550405625e-06,1.4947978570489795e-06,4.852037136515719e-07,4.7216525445037405e-07,1.1413162610551808e-06,0.9999573230743408,6.432847499127092e-07
window-73759f47ef7b1f85e899,430_60670_118462,umbrella,umbrella,0.9999686479568481,True,4.7995506236020447e-08,3.817594460997498e-06,2.649789223596599e-07,2.3182622044259915e-07,3.707603113412006e-08,7.204914140856999e-07,5.000807732358226e-07,1.1845871767945937e-06,3.7992601846781326e-06,1.2839083751714497e-07,1.3423829159364686e-07,5.0424239361746e-07,1.2913572788875172e-07,7.314848062378587e-06,3.2358898351958487e-06,8.024243811632914e-07,9.698230769572547e-07,3.87391673939419e-06,8.343013746525685e-08,6.085335257921543e-07,6.202849363035057e-07,4.0276847812492633e-07,5.555835969062173e-07,6.106234309299907e-07,0.9999686479568481,7.250613975884335e-07
window-3f4505e5f8a456d5a9a1,430_60670_118462,umbrella,umbrella,0.9998610019683838,True,1.8367337872859935e-07,6.236199624254368e-06,1.8355569864070276e-07,3.628570937053155e-07,2.395664182586188e-07,3.1728848171042046e-06,5.462371746034478e-07,2.9865364012948703e-06,1.3348359971132595e-05,2.3233906176756136e-07,5.789719921267533e-07,1.8139585336029995e-06,3.696001158459694e-07,6.639023922616616e-05,7.383759111689869e-06,2.9984284992679022e-06,1.2871261105829035e-06,1.613341191841755e-05,1.5827882293706352e-07,7.802519803590258e-07,3.5746545563597465e-06,9.5404107014474e-07,9.570967449690215e-07,2.35130823966756e-06,0.9998610019683838,5.801053703180514e-06
window-158ef3ca185b6ec6a310,430_60670_118462,umbrella,handbag,0.37255504727363586,False,0.002422318095341325,0.005201381631195545,0.0010991469025611877,0.09075523167848587,0.008843288756906986,0.0023487890139222145,0.001681979396380484,0.014568331651389599,0.020573485642671585,0.07132918387651443,0.008234248496592045,0.37255504727363586,0.0017716397996991873,0.07042292505502701,0.009889827109873295,0.02325526252388954,0.00947804469615221,0.012606661766767502,0.012588178738951683,0.0017392763402312994,0.07138444483280182,0.028081100434064865,0.024536581709980965,0.06873507052659988,0.0008722856873646379,0.06502630561590195
window-0a5fdbe8d550daf1fbbf,430_60746_119186,umbrella,umbrella,0.9998254179954529,True,7.400644221888797e-07,4.853019618167309e-06,8.376740652238368e-07,1.6967729834505008e-06,2.077234313446752e-07,4.037111466459464e-06,2.4056582788034575e-06,2.914001925091725e-06,4.036299287690781e-06,2.0174452686205768e-07,4.997927476324548e-07,2.558210098868585e-06,1.337291450909106e-06,5.0997357902815565e-05,1.8193157302448526e-05,1.9853401681757532e-05,7.051370630506426e-06,1.5040225662232842e-05,3.049332519822201e-07,5.430683359008981e-06,4.134953996981494e-06,1.9653875824587885e-06,5.0666094466578215e-06,7.476560313079972e-06,0.9998254179954529,1.2716639503196348e-05
window-b45a42bbca9031ded9e8,430_60746_119186,umbrella,umbrella,0.9998495578765869,True,1.4965912953357474e-07,1.808765773603227e-06,5.560453359976236e-07,1.4053236441213812e-07,2.564575538599456e-07,1.1483988373583998e-06,7.735408189546433e-07,8.993586675387633e-07,5.8262021411792375e-06,1.9257139172168536e-07,1.1394222099170292e-07,1.3874214346287772e-06,3.3425027368139126e-07,8.891666220733896e-05,1.1407269994379021e-05,1.4846957128611393e-05,3.4037909699691227e-06,7.2187631303677335e-06,2.4597770220680104e-07,1.9544743281585397e-06,1.544118276797235e-06,9.703662726678886e-07,1.1577216127989232e-06,2.6257921490469016e-06,0.9998495578765869,2.4656449113535928e-06
window-a6bb1514ac6b53dfe42f,430_60746_119186,umbrella,umbrella,0.9998958110809326,True,4.979248160452698e-07,2.6789988623932004e-05,1.0987298537656898e-06,6.356396511364437e-07,6.864815560447823e-08,1.7583391809239401e-06,1.0274588930769823e-06,1.2572086234285962e-06,4.34567300544586e-06,8.416545256295649e-07,4.113209683964669e-07,3.124397096598841e-07,7.609329486513161e-07,8.179973519872874e-06,7.4510198828647844e-06,1.7044074411387555e-05,2.458402605043375e-06,1.5423360309796408e-05,1.2842679097957443e-07,1.6013173080864362e-06,5.691941623808816e-06,1.339524942522985e-06,1.478370108998206e-06,2.3074151158652967e-06,0.9998958110809326,1.2802807987100095e-06
window-dfc8c7c69d00611cade9,430_60746_119186,umbrella,umbrella,0.9995840191841125,True,1.523766172795149e-06,1.0350458978791721e-05,2.2430897388403537e-06,3.832516540569486e-06,8.204813752854534e-07,1.3407307960733306e-05,8.836136657919269e-06,7.237923455249984e-06,1.0023842150985729e-05,1.5208917147901957e-06,1.3829558156430721e-06,4.5839524318580516e-06,2.3260156467586057e-06,0.00010623551497701555,4.2637726437533274e-05,3.973071579821408e-05,1.27266694107675e-05,5.197928476263769e-05,5.89177147958253e-07,1.365106800221838e-05,6.533383839268936e-06,2.2570159217139008e-06,1.280415654036915e-05,3.701036257552914e-05,0.9995840191841125,2.1656784156220965e-05
window-f9f53490ededea74c8b3,436_62230_123014,umbrella,umbrella,0.9999548196792603,True,9.925329891302681e-08,2.237798980786465e-06,3.209823091765429e-07,1.0416646034627774e-07,6.606022395772015e-08,3.667122882689e-06,4.901060606243846e-07,9.202057071888703e-07,2.3024795154924504e-06,1.4794919422911335e-07,1.7527513307413756e-07,8.926826922106557e-07,9.258150157620548e-08,1.345567488897359e-05,2.1904743334744126e-06,9.047770390679943e-07,5.898905328649562e-07,1.1609708963078447e-05,1.9449447563602007e-07,1.8575623244032613e-06,2.8392636863827647e-07,6.818318070145324e-07,3.278732663147821e-07,4.4712166413773957e-07,0.9999548196792603,1.0809478681039764e-06
window-abd1f54d40f401dcecb0,436_62230_123014,umbrella,umbrella,0.9999709129333496,True,5.041759365553844e-08,1.181336301669944e-06,6.59053284834954e-07,2.798027409767201e-08,1.0065902955602724e-07,3.3453468404331943e-06,4.1544765849721443e-07,4.1738803702173755e-07,1.9411263565416448e-06,2.1652299153629428e-07,1.0655728743813597e-07,1.821116626388175e-07,7.320272032984576e-08,7.934865607239772e-06,2.591765678516822e-06,6.547051043526153e-07,2.979119528845331e-07,5.593597961706109e-06,1.249799481684022e-07,1.405882358085364e-06,3.6661205626842275e-07,3.106643191586045e-07,2.6847399681173556e-07,2.813301591686468e-07,0.9999709129333496,4.765338985635026e-07
window-9b273c8c2c4bb7b09481,436_62230_123014,umbrella,umbrella,0.9999043941497803,True,1.4626363054048852e-07,2.0137686078669503e-06,2.266217052238062e-06,2.9264247913829422e-08,2.0280448609355517e-07,1.2239293937454931e-05,4.816710088562104e-07,1.2158803883721703e-06,2.6110528779099695e-06,7.458992854481039e-07,1.4748377452633576e-07,1.4128638667898485e-06,2.5337030251648684e-07,4.2096035031136125e-05,4.629789145838004e-06,7.375932682407438e-07,5.392839170781372e-07,1.6293144653900526e-05,3.147262361835601e-07,2.1586213279078947e-06,9.453920029045548e-07,9.434168646293983e-07,5.156528573024843e-07,8.011455747691798e-07,0.9999043941497803,1.8003684090217575e-06
window-5c46ef1fe845d2d43c3f,436_62230_123014,umbrella,umbrella,0.9999245405197144,True,2.2761491891287733e-07,2.2250037545745727e-06,9.604034403309925e-07,6.296963306340331e-08,1.8500939802379435e-07,1.0228293831460178e-05,7.676335940232093e-07,1.669508151280752e-06,4.6049408410908654e-06,4.586806028328283e-07,1.5500584993333177e-07,2.8371732696541585e-06,1.9500581061038247e-07,1.004765545076225e-05,2.8999047572142445e-06,1.556219444864837e-06,9.023739266922348e-07,2.691978806979023e-05,4.863162530455156e-07,3.1002382456790656e-06,5.288341071718605e-07,1.0879539331654087e-06,3.2652283721290587e-07,9.01847442946746e-07,0.9999245405197144,2.0275995211704867e-06
window-0e02e6d2de27ead3cd6a,604_93965_187833,umbrella,umbrella,0.9999420642852783,True,5.764805450780841e-07,3.07520667774952e-06,2.489692860763171e-07,4.593628091242863e-07,3.224641318411159e-07,5.923722255829489e-06,8.388327046304767e-07,1.9260123735875823e-06,1.7406197230229736e-06,2.0639100739572314e-07,1.3456002534439904e-07,2.5044923859240953e-06,1.1487695417145005e-07,1.3714229680772405e-05,3.726273689608206e-06,4.286584044166375e-06,1.2357104424154386e-06,6.147595740912948e-06,1.0869788980016892e-07,1.7626700810069451e-06,2.155886249965988e-06,9.257162219000747e-07,1.626795892661903e-06,3.4642478112800745e-06,0.9999420642852783,6.656242135250068e-07
window-2bed0fc984ea5ae3b64f,604_93965_187833,umbrella,umbrella,0.9997828602790833,True,1.152438471763162e-06,8.067887392826378e-06,1.514344830866321e-06,6.070608264963084e-07,9.64009245763009e-07,6.425763331208145e-06,1.848295028139546e-06,7.69559119362384e-06,1.2584885553224012e-05,2.1474637890150916e-07,3.660920810943935e-07,2.610959654703038e-06,2.5114957225014223e-06,9.985687211155891e-05,1.2744761988869868e-05,8.112961950246245e-06,5.663787305820733e-06,1.0357633982494008e-05,3.4781234603542543e-07,2.7883149869012414e-06,7.323671979975188e-06,5.849819899594877e-06,5.0477246986702085e-06,4.622083906724583e-06,0.9997828602790833,7.88553552411031e-06
window-91198074cbdc57926479,604_93965_187833,umbrella,umbrella,0.9998213648796082,True,3.8883189290572773e-07,7.067193655529991e-05,3.7791990052937763e-06,2.9186887218202173e-07,3.2393265314567543e-07,3.5033103813475464e-06,2.183535343647236e-06,6.392801424226491e-06,3.624106057031895e-06,2.4015682811295846e-06,1.2077882729499834e-06,1.2895384315925185e-06,7.744594654468528e-07,2.78902480204124e-05,4.713113412435632e-06,2.0113407117605675e-06,1.724864205243648e-06,2.7592881451710127e-05,2.6662240770747303e-07,5.02541570313042e-06,4.269023065717192e-06,1.669780090196582e-06,2.7103724278276786e-06,3.194686541974079e-06,0.9998213648796082,7.262374879246636e-07
window-4d17f156b1efe662dea4,604_93965_187833,umbrella,umbrella,0.9999523162841797,True,2.9403079793155484e-07,1.3771231124337646e-06,2.4265142428703257e-07,2.5722980012687913e-07,1.626644205998673e-07,2.910599960159743e-06,5.203474415793607e-07,1.005276999421767e-06,1.246334704774199e-06,9.361721708955884e-08,6.154679965675314e-08,6.60677812902577e-07,1.5057592861467128e-07,2.037653757724911e-05,3.414577804505825e-06,3.0422411327890586e-06,1.055490315593488e-06,4.70091845272691e-06,7.801092039017021e-08,1.8360004787609796e-06,7.757932394270028e-07,6.831969585618936e-07,1.0250427067148848e-06,1.023068080030498e-06,0.9999523162841797,6.818528390795109e-07
window-a2731dbf86d05dfd07a1,76_7548_15451,umbrella,umbrella,0.9996821880340576,True,1.958374696187093e-06,8.61804437590763e-05,5.739806510973722e-06,1.192438162433973e-06,4.99941336329357e-07,1.9492026694933884e-05,6.49554249321227e-06,1.4715795259689912e-05,1.6026213415898383e-05,2.814242861859384e-06,2.5745293896761723e-06,4.271067155059427e-06,7.704313702561194e-07,2.2578115022042766e-05,8.623096618975978e-06,1.3251133168523666e-05,1.9001086002390366e-06,4.548242941382341e-05,1.29311604268878e-06,3.7192316995060537e-06,8.60614818520844e-06,3.5967948406323558e-06,3.0309661269711796e-06,3.0363982659764588e-05,0.9996821880340576,1.26466948131565e-05
window-4a07cc57c5dbe5545fdc,76_7548_15451,umbrella,umbrella,0.4313295781612396,True,0.0023493075277656317,0.013905610889196396,0.013338717631995678,0.27163782715797424,0.002179335802793503,0.0005138744018040597,0.0005488066235557199,0.0008659433806315064,0.011194337159395218,0.00032298098085448146,0.001941080205142498,0.01626717299222946,0.0006659021601080894,0.0006748313317075372,0.16276201605796814,0.011729195713996887,0.0006660851067863405,0.008825174532830715,0.01453541312366724,0.0013235684018582106,0.0040124584920704365,0.0004311637894716114,0.0017792436992749572,0.010509509593248367,0.4313295781612396,0.015690963715314865
window-bc761c4c152ea0260edb,76_7548_15451,umbrella,umbrella,0.9996697902679443,True,2.2619524315814488e-06,4.3921310862060636e-05,1.9472006442811107e-06,1.8121938865078846e-06,2.4315602331625996e-06,1.5156667359406129e-05,4.585775513987755e-06,1.465646710130386e-05,4.5644679630640894e-05,1.460266162212065e-06,1.0226639233223977e-06,1.2298157344048377e-05,4.790373395735514e-07,2.028424023592379e-05,3.299158197478391e-05,1.3936781215306837e-05,2.5680139970063465e-06,3.585153172025457e-05,1.2566379155032337e-06,2.1593727979052346e-06,1.5592328054481186e-05,2.6175000584771624e-06,5.00492160426802e-06,2.9122857085894793e-05,0.9996697902679443,2.1136151190148667e-05
window-03f661f3c87b888b01a9,76_7548_15451,umbrella,umbrella,0.9990637898445129,True,3.829320121440105e-06,5.45824077562429e-05,3.756703154067509e-05,3.202856532880105e-06,3.821859081654111e-06,3.0740869988221675e-05,1.080939455277985e-05,7.06385908415541e-05,2.9244458346511237e-05,1.6139376384671777e-05,2.6206550955976127e-06,8.10073979664594e-05,4.851759968005354e-06,0.0001407934323651716,2.4931588995968923e-05,2.266445335408207e-05,9.359783689433243e-06,9.481523738941178e-05,1.0254156222799793e-05,2.1187292077229358e-05,5.158034400665201e-05,2.4056547772488557e-05,7.234619260998443e-06,0.00011353375157341361,0.9990637898445129,6.686428241664544e-05
window-2c387d204f9aaaa2af2a,307_32362_61186,wineglass,wineglass,0.9993956089019775,True,5.410311587183969e-06,2.1066900899313623e-06,2.4851762645994313e-05,4.955247163707099e-07,2.257214646306238e-06,8.036704093683511e-05,2.9948612336738734e-06,1.3759168950855383e-06,7.66341599955922e-06,0.00035920843947678804,2.6345924197812565e-05,1.8641549104359e-05,7.112304047041107e-06,7.868631655583158e-06,9.194170161208604e-06,2.718063797146897e-06,7.991347956703976e-06,5.350483206711942e-06,2.261811005155323e-06,3.1731233320897445e-06,2.734774625423597e-06,5.658813279296737e-06,1.8505328398532583e-06,3.6893252399750054e-06,1.3041580132266972e-05,0.9993956089019775
window-d16dfcf2880496a28882,307_32362_61186,wineglass,wineglass,0.9996778964996338,True,4.356309545983095e-06,3.250042254876462e-06,1.375434840156231e-05,2.292906202683298e-07,1.2115137906221207e-06,9.416106331627816e-05,4.034141511510825e-06,9.55854261519562e-07,3.2601685688860016e-06,6.16388933849521e-05,8.779924246482551e-05,7.914609341241885e-06,2.6496793452679412e-06,3.876611117448192e-06,4.200227522233035e-06,2.695271632546792e-06,2.6062775759783108e-06,2.203287067459314e-06,6.649906026723329e-06,6.839663342361746e-07,7.847151550777198e-07,4.256410647940356e-06,6.524492164317053e-07,1.5372653479062137e-06,6.804858458053786e-06,0.9996778964996338
window-f3e2a0bef21feec89916,307_32362_61186,wineglass,wineglass,0.9997969269752502,True,2.3640204744879156e-06,1.3887092791264877e-06,9.544200111122336e-06,1.2940039084696764e-07,5.814242172164086e-07,9.806707566895057e-06,1.5167393030424137e-06,5.645491114592005e-07,1.9271878954896238e-06,0.00011235037527512759,3.122676207567565e-05,3.6259500575397396e-06,2.0300069536460796e-06,9.190781611323473e-07,4.348733909864677e-06,8.280847509922751e-07,1.7601448689674726e-06,2.2897518192621646e-06,1.4623054767071153e-06,8.022681754482619e-07,9.61552018452494e-07,3.7346478620747803e-06,3.103124015524372e-07,1.0144077577933786e-06,7.5872126217291225e-06,0.9997969269752502
window-2f56666f28526d76e291,307_32362_61186,wineglass,wineglass,0.9988343119621277,True,7.445558821927989e-06,3.370403192093363e-06,3.153479701722972e-05,3.389826304101007e-07,2.0780437353096204e-06,0.00013526875409297645,4.717503998108441e-06,1.6965205986707588e-06,4.168993473285809e-05,0.0007581093814224005,4.7419220209121704e-05,1.678618718869984e-05,7.816874131094664e-06,1.6182162653421983e-05,1.2310869351495057e-05,3.0597832392231794e-06,1.2640573913813569e-05,7.914320121926721e-06,3.3941919355129357e-06,4.556043222692097e-06,2.9082525543344673e-06,1.357690962322522e-05,2.7984265216218773e-06,6.727868367306655e-06,2.1232059225440025e-05,0.9988343119621277
window-53bb354756c5d3351068,379_44792_89523,wineglass,wineglass,0.9960850477218628,True,1.1232596989430021e-05,7.0645223786414135e-06,2.5147770429612137e-05,4.486592388275312e-06,1.0199703865509946e-05,0.00018841179553419352,2.445550126140006e-05,1.0716093129303772e-05,0.0001028224578476511,0.0031884689815342426,3.3052085200324655e-05,8.569858437112998e-06,1.4381543223862536e-05,7.870404488130589e-07,3.545453728293069e-05,4.821506081498228e-06,1.492698174843099e-05,4.875761806033552e-05,1.548937575535092e-06,4.640004135580966e-06,1.6454056094517e-05,7.547659333795309e-05,1.5999772813302116e-06,6.063572527637007e-06,7.54571592551656e-05,0.9960850477218628
window-8149de12d4f0fbfa1fea,379_44792_89523,wineglass,wineglass,0.9924140572547913,True,1.0271327482769266e-05,5.748925559601048e-06,2.578810199338477e-05,2.53885241363605e-06,4.22414541390026e-06,0.00019603957480285317,2.3755912479828112e-05,8.932441232900601e-06,4.879917833022773e-05,0.0068838223814964294,5.309035987011157e-05,7.4784520620596595e-06,1.4363839909492526e-05,5.023455855734937e-07,3.835942698060535e-05,1.9954170511482516e-06,1.1597554475883953e-05,3.235626354580745e-05,6.433492103496974e-07,3.954009571316419e-06,1.0454581570229493e-05,5.150638389750384e-05,7.352255124715157e-07,7.066560101520736e-06,0.00014197410200722516,0.9924140572547913
window-649ebdfb828d0e25c04b,379_44792_89523,wineglass,wineglass,0.9979273080825806,True,1.0431118425913155e-05,6.612091056013014e-06,3.0897983378963545e-05,1.9100114059256157e-06,3.5493037557898788e-06,0.00010637599916663021,1.6508873159182258e-05,6.480937372543849e-06,6.604840746149421e-05,0.001538333366625011,3.8185331504791975e-05,5.4535835261049215e-06,8.941774467530195e-06,4.897116241409094e-07,2.861807297449559e-05,3.0396581678360235e-06,7.344095592998201e-06,2.0411962395883165e-05,8.080797329057532e-07,2.3988436623767484e-06,1.6382275134674273e-05,4.8864472773857415e-05,8.092018219940655e-07,5.3277444749255665e-06,9.847886394709349e-05,0.9979273080825806
window-944fc02470e63a28f1e2,379_44792_89523,wineglass,wineglass,0.9987909197807312,True,2.3095187771104975e-06,1.5082152913237223e-06,8.952671123552136e-06,6.362179760799336e-07,1.2485074876167346e-06,3.604900120990351e-05,7.340657703025499e-06,2.0858078642049804e-06,1.4201656995282974e-05,0.0010465830564498901,1.4678466868645046e-05,2.2864007860334823e-06,2.0796326225536177e-06,1.1018180856581239e-07,6.469192612712504e-06,8.63274181028828e-07,3.015315996890422e-06,8.846310265653301e-06,2.515212429443636e-07,8.159444746524969e-07,4.0156983232009225e-06,1.842989331635181e-05,1.914341538622466e-07,1.8248623518957174e-06,2.4371998733840883e-05,0.9987909197807312
window-72845f32f7d01c5b5dcf,400_51387_100909,wineglass,wineglass,0.9998519420623779,True,2.500075027001003e-07,1.3801783325106953e-06,2.636422550494899e-06,8.533467621418822e-08,2.2057110982132144e-07,2.299377229064703e-06,2.3453421249541861e-07,4.281419592189195e-07,7.492408258258365e-07,0.00012732429604511708,4.116056516068056e-06,5.887367819923384e-07,4.2848469661294075e-07,8.574827603524682e-08,7.11731217961642e-07,1.2510220415151707e-07,3.4350506439295714e-07,1.1559413906070404e-06,1.2556826334275684e-07,2.561098995101929e-07,1.1116135283373296e-06,1.054576387105044e-06,4.425710997679744e-08,1.5350209991993324e-07,2.003428562602494e-06,0.9998519420623779
window-1c6a20ab563108168bdc,400_51387_100909,wineglass,wineglass,0.9987024068832397,True,1.0202234079770278e-06,2.5153026399493683e-06,1.5779025488882326e-05,7.775445851621043e-07,5.742033863498364e-06,1.9763492673519067e-05,1.0421269962535007e-06,1.1114494554931298e-05,7.495118552469648e-06,0.0011667631333693862,1.0199447388004046e-05,3.463129132796894e-06,3.826869033218827e-06,6.065961883905402e-07,2.510272679501213e-06,7.283542799996212e-07,1.3346217428988894e-06,1.598699418536853e-05,1.2880743724963395e-06,1.433545321560814e-06,2.3625520952919032e-06,3.7543436519626994e-06,6.200710345183325e-07,9.5174675607268e-07,1.639476431591902e-05,0.9987024068832397
window-612f2d14c5f16f31ae74,400_51387_100909,wineglass,wineglass,0.9990069270133972,True,9.053834446604014e-07,6.312116966000758e-06,1.6088531992863864e-05,2.3582911978792254e-07,7.893687552495976e-07,2.4575938368798234e-05,1.2412734804456704e-06,3.4036963825201383e-06,6.709416084049735e-06,0.0008689771057106555,2.2645059289061464e-05,1.9717692794074537e-06,1.2497723673732253e-06,4.524368648617383e-07,2.2269894088822184e-06,9.116946557696792e-07,1.1997242381767137e-06,6.991969257796882e-06,5.563396712204849e-07,6.119871045484615e-07,3.294888529126183e-06,8.04744558990933e-06,2.7415470071900927e-07,6.024071694810118e-07,1.2856827197538223e-05,0.9990069270133972
window-385e6ad6dce2fb564fd9,400_51387_100909,wineglass,wineglass,0.999782383441925,True,3.618582411490934e-07,1.3714870874537155e-06,5.896361471968703e-06,1.098739872418264e-07,4.956862085236935e-07,6.5550657382118516e-06,5.099131499264331e-07,1.3798270401821355e-06,3.156940692861099e-06,0.00016580522060394287,1.1704807548085228e-05,8.740720431887894e-07,7.309381544473581e-07,1.3665069786839013e-07,4.020900178147713e-06,2.6250987161802186e-07,1.2308736359045724e-06,2.2737028757546796e-06,1.4663038427897845e-07,6.436330295400694e-07,2.2054725832276745e-06,2.2455981252278434e-06,7.150182312898323e-08,2.626816524298192e-07,5.100730049889535e-06,0.999782383441925
window-5d1dde152afc845e070a,403_52945_103427,wineglass,wineglass,0.9996553659439087,True,6.121647970758204e-07,3.9140002172644017e-07,2.7390694867790444e-06,1.5504676298405684e-07,1.8951405991174397e-06,6.2159720073395874e-06,7.450556495314231e-06,1.039655330714595e-06,7.100491075107129e-07,0.000300878455163911,4.5055649025016464e-06,1.963049044206855e-06,4.4699075374410313e-07,5.910417755217168e-08,1.372342467220733e-06,5.604210286946909e-07,1.2474293953346205e-06,2.0146442238910822e-06,3.8789775658187864e-07,1.752966767298858e-07,2.8053914320480544e-06,2.4802936877676984e-06,3.069112040066102e-07,6.828527716606914e-07,3.66222639058833e-06,0.9996553659439087
window-640aae98264ec32923e3,403_52945_103427,wineglass,wineglass,0.9986898303031921,True,7.178147143349634e-07,6.373091991918045e-07,4.925281245959923e-06,1.6718357187528454e-07,1.0900636198130087e-06,1.23317186080385e-05,5.229172529652715e-06,5.167410677131556e-07,8.857887792146357e-07,0.0012556965230032802,6.66768164592213e-06,1.0781174069052213e-06,1.2131800986026064e-06,6.690069653814135e-08,1.6248036445176695e-06,3.446682228513964e-07,2.347213012399152e-06,3.155780404995312e-06,4.1067954725804157e-07,4.105303617052414e-07,1.744062615216535e-06,2.295454351042281e-06,2.261745493115086e-07,6.844832114438759e-07,5.83357495997916e-06,0.9986898303031921
window-fd756cc58ea7bfeb6ade,403_52945_103427,wineglass,wineglass,0.9992959499359131,True,6.961448093534273e-07,1.5973407698766096e-06,1.207550781145983e-06,1.220150124936481e-06,4.215715307509527e-06,4.885895577899646e-06,1.2708255781035405e-05,7.062253075673652e-07,4.946674607708701e-07,0.0006444556638598442,6.407778982975287e-06,7.685240461796639e-07,3.582527199341712e-07,1.535661908746988e-07,2.5802833079069387e-06,1.295995957661944e-06,6.868170316920441e-07,2.924080718003097e-06,9.104741138799e-07,3.120492237940198e-07,6.681731520075118e-06,1.6548652865822078e-06,1.7922153574545518e-06,2.1246175947453594e-06,3.1681836389907403e-06,0.9992959499359131
window-6f38b89f3ba8664748ac,403_52945_103427,wineglass,wineglass,0.9996341466903687,True,1.2194077498861589e-06,7.608477403664438e-07,2.7338780910213245e-06,3.924244253994402e-07,3.7869472180318553e-06,6.7789633249049075e-06,2.127294646925293e-05,2.2700837689626496e-06,1.194821493299969e-06,0.0002840518136508763,4.76630430057412e-06,1.405410330335144e-06,4.0423893210572714e-07,1.7219157655290473e-07,1.9836952560581267e-06,2.1826415377290687e-06,1.4473288274530205e-06,3.6564081256074132e-06,6.555459322044044e-07,3.700907598158665e-07,1.1592944247240666e-05,5.050565505371196e-06,1.6829351352498634e-06,2.801153414111468e-06,3.20401591125119e-06,0.9996341466903687
window-ab6586e3e29452bd5e12,482_69023_134346,wineglass,wineglass,0.9997542500495911,True,3.2685743462934624e-06,1.245518774339871e-06,9.797903658181895e-06,4.836574589717202e-07,6.852898764009296e-07,4.9951345317822415e-06,1.374938506160106e-06,1.0628633617670857e-06,2.859764663298847e-06,0.00012267094280105084,3.3843491110019386e-05,2.684692390175769e-06,5.544036412175046e-06,5.826565825373109e-07,1.9903076463378966e-05,1.354033884126693e-06,4.317696038924623e-06,5.136816980666481e-06,3.873887635563733e-06,1.2140631042711902e-06,3.879111318383366e-06,3.2668010589986807e-06,4.4177207314533007e-07,1.063371314558026e-06,1.0216931514150929e-05,0.9997542500495911
window-0d64c2a0438ba3b5df9f,482_69023_134346,wineglass,wineglass,0.9997307658195496,True,2.615089897517464e-06,3.349819962750189e-06,1.134116064349655e-05,1.8504606202895957e-07,8.949168659455609e-07,2.6940981570078293e-06,2.5615345293772407e-06,8.869081966622616e-07,5.667814548360184e-06,0.0001426673261448741,2.6586018066154793e-05,2.6522366169956513e-06,5.114318810228724e-06,4.812434895029583e-07,1.9224175048293546e-05,1.316859766120615e-06,6.551921160280472e-06,4.920025276078377e-06,1.6256720982710249e-06,2.028659082498052e-06,4.841881491302047e-06,5.39598431714694e-06,3.467285125680064e-07,8.418463153248013e-07,1.4470387213805225e-05,0.9997307658195496
window-d583549861494936cafd,482_69023_134346,wineglass,wineglass,0.9996755123138428,True,1.018778903016937e-06,1.6147187125170603e-06,1.5832540157134645e-05,1.3084516581329808e-07,8.264316306849651e-07,2.832417521858588e-06,1.8304909872313146e-06,6.45799673293368e-07,6.983635557844536e-06,0.00021594593999907374,1.3338757526071277e-05,1.8815354678736185e-06,6.7003907133766916e-06,1.1571535196708282e-06,9.323629456048366e-06,1.198906943500333e-06,7.881336387072224e-06,4.44613169747754e-06,8.177815971066593e-07,3.3536716728121974e-06,6.103353825892555e-06,6.519609542010585e-06,3.3449342140556837e-07,6.472208724517259e-07,1.3122295058565214e-05,0.9996755123138428
window-77a727e639a2ebd986fd,482_69023_134346,wineglass,wineglass,0.9995949864387512,True,1.3605539379568654e-06,1.7143318018497666e-06,1.7940114048542455e-05,1.4653902269401442e-07,9.047715252563648e-07,3.19956052408088e-06,2.1473092601809185e-06,9.280914810005925e-07,9.89356340141967e-06,0.0002782367228064686,1.4714554708916694e-05,2.2809513211541343e-06,7.899204319983255e-06,1.3503405398296309e-06,1.2996475561521947e-05,1.143064423558826e-06,7.141230980778346e-06,4.928184807795333e-06,9.351761036668904e-07,3.7137504023121437e-06,5.892249191674637e-06,9.068677172763273e-06,3.650308713076811e-07,1.12826148779277e-06,1.5057466953294352e-05,0.9995949864387512
window-942989f8301f68b53528,514_73689_143350,wineglass,wineglass,0.9388743042945862,True,0.00010375436249887571,0.0031244857236742973,0.0007471500430256128,0.02388962171971798,0.0034678636584430933,0.0007852611597627401,0.00017881146050058305,0.000720529817044735,0.0005772292497567832,0.0019534321036189795,0.0004663148138206452,0.00035188213223591447,0.00041406252421438694,0.00014751165872439742,0.00167776586022228,0.00018366229778621346,9.471307566855103e-05,0.018020618706941605,0.002155228052288294,0.00013921070785727352,0.0002952728536911309,0.0005131635698489845,0.00023612412041984499,0.0004589600721374154,0.00042306308750994503,0.9388743042945862
window-8e5e0e3a932a260b16d5,514_73689_143350,wineglass,wineglass,0.9994168281555176,True,6.479475587184425e-07,2.164313082175795e-05,4.744752914120909e-06,1.7513790226075798e-05,1.0170782843488269e-05,4.260836431058124e-05,2.847348696377594e-05,1.9925989818148082e-06,1.4855080507913954e-06,0.000349653884768486,5.54527969143237e-06,1.7304754464930738e-06,2.083324716295465e-06,1.2559885931295867e-07,1.7504130482848268e-06,1.582244948394873e-07,1.3086428225506097e-06,5.0000366172753274e-05,4.226744295010576e-06,6.672099175375479e-07,1.9867900846293196e-05,7.957909474498592e-06,5.412204018284683e-07,3.689189043143415e-06,4.712060217570979e-06,0.9994168281555176
window-f933788d882d1e273513,514_73689_143350,wineglass,wineglass,0.9872523546218872,True,1.0213393579761032e-05,0.0005207921494729817,8.933424396673217e-05,0.0002764450618997216,0.0016367429634556174,0.0008081733249127865,0.0003557220916263759,0.000685398350469768,0.0005240620230324566,0.0023709675297141075,0.00022311559587251395,0.0001662884169491008,1.933293606271036e-05,2.1026489775977097e-05,0.00018910526705440134,0.0003130630648229271,1.44256418934674e-05,0.0012482971651479602,0.0002556199033278972,9.181864879792556e-05,0.002362490864470601,0.00013381900498643517,8.200907177524641e-05,0.00013948908599559218,0.00020986353047192097,0.9872523546218872
window-238d6e38f36587fd2ad4,514_73689_143350,wineglass,wineglass,0.9998263716697693,True,1.2339242516645754e-07,4.750415428134147e-06,1.654321636124223e-06,7.514499316130241e-07,1.4389302123163361e-06,5.62007380722207e-06,1.362095758850046e-06,3.6247547541279346e-07,5.151437107997481e-07,0.00012965888890903443,1.0404269232822116e-05,3.7570328004221665e-07,1.5678051568102092e-07,2.9753685737432534e-08,7.467050977538747e-07,5.307892081418686e-08,3.43773223221433e-07,7.775185622449499e-06,5.820577371196123e-07,3.4495514000809635e-07,3.292271230748156e-06,1.9312722088216105e-06,4.719496615734897e-08,3.014188791894412e-07,1.0786127404571744e-06,0.9998263716697693
window-982a667110374f4cf755,606_95085_191490,wineglass,wineglass,0.4924568831920624,True,0.001236276002600789,0.0010254632215946913,0.0007420581532642245,0.00015284355322364718,0.00102800945751369,0.4315667450428009,0.000936546828597784,0.00032065733103081584,0.00039207623922266066,0.05098110809922218,0.009239657782018185,8.1733895058278e-05,0.0008413469768129289,0.0001427046227036044,0.002059245016425848,0.00029284568154253066,0.0003316515649203211,0.0004645227163564414,0.00013859980390407145,0.0008022031979635358,0.0008526510209776461,0.0032045787665992975,8.452003385173157e-05,0.0002545603783801198,0.00037055471329949796,0.4924568831920624
window-ebb9b7b3222b0730ef02,606_95085_191490,wineglass,bowl,0.5332699418067932,False,0.0007317815325222909,0.011371548287570477,0.0012048527132719755,0.0012649563141167164,0.0009758776286616921,0.5332699418067932,0.0073262546211481094,0.0006994372233748436,0.0033502141013741493,0.027195507660508156,0.011383174918591976,0.00016174447955563664,0.0007410065736621618,0.00039871735498309135,0.002467614598572254,0.0007429929100908339,0.0009028750355355442,0.0018222860526293516,0.0014582020230591297,0.0012966907816007733,0.001307786675170064,0.0035436085890978575,8.666959183756262e-05,0.0011134896194562316,0.001665119780227542,0.3835175931453705
window-1b9e94a6efc89b4c0696,606_95085_191490,wineglass,wineglass,0.9688891172409058,True,0.00020480692910496145,0.00045687469537369907,0.000787502562161535,0.00011616870324360207,0.00042854330968111753,0.021835781633853912,0.0006959059974178672,0.00013083314115647227,0.0001987636787816882,0.0011589438654482365,0.0018326290883123875,9.840557322604582e-05,0.0004813261330127716,9.997821325669065e-05,0.0003754568169824779,0.00017281407781410962,0.00019112383597530425,0.0004732878296636045,0.00011546116002136841,0.00047468821867369115,0.00028488095267675817,0.00014884155825711787,5.4636402637697756e-05,0.00015618735051248223,0.00013705677702091634,0.9688891172409058
window-c8918d66a0d4fea83df1,606_95085_191490,wineglass,wineglass,0.915197491645813,True,0.0010586811695247889,0.0018907467601820827,0.004521129187196493,0.001122816582210362,0.002558668376877904,0.02752538025379181,0.004178586415946484,0.0007916503236629069,0.0010745081817731261,0.0052767908200621605,0.0024255244061350822,0.00071522849611938,0.003630751511082053,0.0033417423255741596,0.0019982687663286924,0.0009286726708523929,0.0024387312587350607,0.004897605627775192,0.0020978956017643213,0.0072393035516142845,0.002161606214940548,0.0007313278620131314,0.0010595503263175488,0.0008505890145897865,0.00028675448265857995,0.915197491645813
