window_id,sequence_id,category,predicted_category,predicted_probability,correct,probability_apple,probability_ball,probability_baseballbat,probability_bench,probability_book,probability_bowl,probability_cake,probability_carrot,probability_chair,probability_cup,probability_frisbee,probability_handbag,probability_hydrant,probability_kite,probability_microwave,probability_mouse,probability_parkingmeter,probability_plant,probability_sandwich,probability_stopsign,probability_teddybear,probability_toilet,probability_toyplane,probability_toytruck,probability_umbrella,probability_wineglass
leftover-window-6d7c583d4bd82d0dbf2c,62_4327_11547,chair,chair,0.9999995231628418,True,2.4502459089470463e-11,1.0458964250226188e-10,1.5389106655661067e-09,3.2193290255833062e-09,5.061106378434488e-08,1.1890856299601182e-08,5.341633246835897e-10,1.3555366551454284e-10,0.9999995231628418,2.105947416453091e-08,1.7109853811536624e-10,3.120450458027335e-07,1.3851260138864063e-09,1.3476661453459826e-10,3.75992931234137e-10,7.178496685966707e-11,3.5838254586195717e-09,1.1432026525426409e-07,7.124474343811471e-09,6.641379807215131e-11,1.87799353845719e-09,3.4170890561568967e-09,2.3468080256883184e-10,4.185273794199418e-10,7.887815400842157e-10,4.79693007537918e-10
leftover-window-184ab8c4fcd863e482f8,62_4327_11547,chair,chair,1.0,True,6.518947708034073e-13,2.1973833343180704e-12,5.296343225102973e-12,1.782367448077693e-10,8.676663554307851e-11,3.472540657800671e-11,1.5926303244956364e-12,3.3471476458546423e-12,1.0,8.658990191534599e-11,1.0082868784691557e-12,1.4580732454749779e-10,7.417637337692184e-11,2.5543143988837613e-12,3.830854036768194e-12,1.3389363402727117e-12,6.221382298221556e-10,4.329550606918531e-11,6.513017347664629e-10,9.658672299461823e-12,3.314178792512834e-11,3.960937411395804e-10,1.625592542520149e-11,6.405866115333225e-11,2.1572273481429427e-11,1.7709221675904496e-12
leftover-window-7ae626979eefbba3a9f0,433_61349_119679,parkingmeter,wineglass,0.856203556060791,False,6.363674037856981e-05,0.00029984183493070304,0.0007885606028139591,0.07704213261604309,0.00012457865523174405,0.00012464163592085242,0.0009009836940094829,4.7924433602020144e-05,3.392625876585953e-05,4.861360139329918e-06,2.2028141756891273e-05,1.034606702887686e-05,7.991943130036816e-05,0.002194078639149666,0.00013259304978419095,2.3854176106397063e-05,0.05601748079061508,0.0023568016476929188,0.00048327058902941644,0.0006076370482333004,0.0003330754698254168,4.601179898600094e-05,7.042077072583197e-07,0.002021739026531577,3.584557634894736e-05,0.856203556060791
leftover-window-5a561d20cd3a4bf5c0dd,421_58416_112563,stopsign,stopsign,0.9997298121452332,True,1.3167786505619006e-07,3.3932343512788066e-07,1.05787933080137e-06,2.9134191208868288e-05,2.1768994429294253e-07,9.13130335788992e-08,6.699873011939417e-08,5.214821641175149e-08,8.187179822982671e-09,1.0758120652099024e-06,1.5823339083453902e-08,1.4554193406013383e-08,1.491284962185091e-07,3.068327885102917e-07,4.799434464075603e-06,1.5446674694885587e-07,0.00023002413217909634,9.61263708632032e-07,3.5548146115615964e-07,0.9997298121452332,5.65126356377732e-07,2.4108607021844364e-07,2.702700996337626e-08,4.364074612794866e-08,1.629029782179714e-07,5.607111219774197e-08
leftover-window-af8813137aaf9e78426b,403_53193_103795,toytruck,toytruck,0.9999997615814209,True,3.0557345542803205e-10,3.1825259094730995e-10,6.08093506104801e-11,1.6619540466056293e-10,1.4124273306492796e-08,3.532098918901383e-11,6.324143431157836e-09,7.557406922487075e-10,1.5401370490053523e-07,2.6201434355499487e-09,2.864128711976832e-09,7.48392370297779e-09,6.63414612134261e-09,1.2014800265802705e-10,3.9784270322584803e-10,1.1944794042761941e-09,1.825228324037198e-08,2.722097658391931e-09,1.6905886690565808e-09,1.6214939391190342e-09,1.7624386672299153e-10,3.314034324741755e-10,2.663589881990447e-08,0.9999997615814209,1.4678510629195785e-09,8.384227340174633e-11
leftover-window-67f9403b466c193695b6,403_53193_103795,toytruck,toytruck,0.9999861717224121,True,5.930583029112313e-07,8.645005067364764e-08,9.662367794760485e-09,4.608585513210528e-08,5.032841272623045e-07,5.2559666841034414e-08,6.890348203114627e-08,3.0815106129011838e-06,6.691755771726093e-08,1.026218399147183e-07,2.2068498140015436e-08,3.3384230846422724e-07,2.828312517522136e-07,9.796798394745565e-07,6.619546297770285e-07,2.389388953361049e-08,6.035543265170418e-08,1.554081663357465e-08,2.5515621615568307e-08,8.297740805573994e-08,5.880172793126803e-09,3.2159370277895505e-08,6.503580607386539e-06,0.9999861717224121,1.0116118431824361e-07,7.468055684967112e-08
leftover-window-f872ae87e91db82c447e,475_67235_131970,wineglass,bench,0.9997178912162781,False,5.607757884718012e-07,1.703597121149869e-07,6.154485163278878e-05,0.9997178912162781,1.8208216943094158e-06,1.2236350599437174e-08,1.6097546406967922e-08,2.9130536859156564e-05,7.675039341847878e-06,2.1768113583675586e-05,2.515802854929916e-08,3.1185663829091936e-07,9.451155733586347e-07,1.349598904853977e-10,1.7449592633056454e-06,2.136045651468521e-07,2.979607529596251e-07,2.4509313334419858e-06,0.00011958483810303733,1.4457502857112559e-06,3.121825997709493e-08,9.54090566551713e-08,1.348311826632198e-07,3.78098866349319e-06,2.9521302735702193e-08,2.8242176995263435e-05
leftover-window-6ca3fa32ca4db97eb32c,475_67235_131970,wineglass,bench,0.9888583421707153,False,6.335993384709582e-05,1.3182951988710556e-05,0.000155203219037503,0.9888583421707153,6.309401942417026e-05,5.976299348731118e-07,7.10873621301289e-07,0.000482332194224,0.0010461700148880482,0.0002541493740864098,2.741712989973166e-07,5.858329586772015e-06,8.444531704299152e-05,1.2724432618682613e-09,3.5862296499544755e-05,1.0280768037773669e-05,4.826107760891318e-05,9.181973291561007e-05,0.00839222688227892,4.92662402393762e-05,2.0619816041289596e-06,4.390624781080987e-06,4.219938546157209e-06,0.0002989982895087451,5.107309789309511e-06,2.986476283695083e-05
window-06b07fff690598cf242f,620_101397_203374,apple,apple,0.9999997615814209,True,0.9999997615814209,1.3726763725685487e-08,1.8083113673128537e-08,9.668237765936283e-08,4.156627264606527e-10,1.2272504790189487e-08,1.5184436819026814e-08,1.4208304754959045e-08,1.3729604952938956e-10,2.3920115665987396e-08,3.4530263093301983e-09,4.0423422942303944e-10,2.1315802456456368e-09,7.369874710505542e-10,7.87826970327643e-10,2.998567083523085e-08,3.021453642837457e-10,5.169625616474605e-09,9.738241324441788e-10,7.507638954962204e-10,2.3054790077026155e-08,3.897797196117381e-09,5.466952446298023e-10,8.557034525402685e-10,7.906333365781393e-09,1.2056355913614425e-09
window-298ca542c22db3c41c34,620_101397_203374,apple,apple,1.0,True,1.0,1.2124619086506527e-09,6.593766865847783e-09,1.9852880228654612e-08,6.589171569482133e-11,4.1835139796830845e-09,2.5023632055365397e-09,6.4932859089594785e-09,2.8499688720096117e-11,5.116898460499897e-09,3.317019992010728e-10,8.655852423711252e-11,7.959971015658596e-10,2.7136989877440953e-10,4.865517433394473e-10,9.706723425040309e-09,8.485535885061068e-11,2.152892975004761e-09,3.0114608029485623e-10,2.973074009204879e-10,4.118678287312605e-09,1.4060083097788834e-09,1.8108604893374292e-10,2.7761667964476544e-10,1.3656199504552546e-09,2.3370266832856146e-10
window-be15febdd7bf69673a5f,620_101397_203374,apple,apple,0.9999998807907104,True,0.9999998807907104,3.526939185150013e-09,1.133081006798875e-08,3.401278192427526e-08,1.500943813681488e-10,1.0075908996043381e-08,4.822676480387145e-09,7.676408841916782e-09,9.384518162569577e-11,7.110263489096269e-09,1.0836890274035227e-09,1.9089176073183722e-10,1.3423236966403351e-09,7.895705200766656e-10,8.826846475962213e-10,1.740333566147001e-08,1.741304739288907e-10,2.7937343549666593e-09,3.4716282626412465e-10,6.033835653340702e-10,9.938976752721373e-09,3.401801729197018e-09,2.329927639710405e-10,4.5910616974786933e-10,3.543925597426778e-09,8.105965898508316e-10
window-efa68518f266fece998e,620_101397_203374,apple,apple,0.9999998807907104,True,0.9999998807907104,4.101893047447902e-09,1.1633633612007088e-08,2.990690717297184e-08,1.3346895810784076e-10,8.594693845509482e-09,4.3203236543831736e-09,9.787201271649337e-09,4.180350857141413e-11,1.1578159764269458e-08,6.411369213310536e-10,2.8493288284359153e-10,1.0459612065361057e-09,4.673448850134321e-10,5.976292238862868e-10,1.2248278835613746e-08,1.146342257229982e-10,2.456308934029039e-09,6.020235976400556e-10,3.34044125693822e-10,9.627895813935083e-09,3.3565372703492358e-09,2.79114426016136e-10,3.1491526053528673e-10,3.1820421853012704e-09,4.008858245363456e-10
window-8fc3b45d431e9bb6a541,151_16771_32072,apple,apple,0.9999969005584717,True,0.9999969005584717,1.3552177435816049e-10,1.863054155393229e-09,3.0478797725663753e-06,2.1893882540258147e-10,2.3369126078698343e-10,4.784999133033985e-11,1.1539714739328133e-09,4.0297860534610486e-12,4.433318989693902e-10,5.651858980826319e-10,3.264416298040529e-12,4.087036264976973e-12,3.943680885326595e-12,2.4302930778929976e-09,3.942798976197537e-09,8.493407366305661e-12,5.643004397093421e-10,6.656584172759494e-10,5.934843588795147e-11,1.2490566914102885e-10,1.0139682843357534e-10,9.010489403216138e-12,2.880907734592597e-09,6.279477632320507e-11,1.3619076352777704e-11
window-d63d7150fa96d1a0fac1,151_16771_32072,apple,apple,0.9999905824661255,True,0.9999905824661255,2.519656705501916e-10,1.2382637137875463e-09,9.430479622096755e-06,5.776036246518679e-11,1.918214198592949e-10,1.0632879299254938e-10,9.47486755720206e-10,1.0491867791229126e-12,2.615449801179892e-10,2.5966756522777246e-10,2.794791308102784e-12,1.118792124915613e-11,9.93229283541286e-12,1.7719420375428285e-09,3.1872728900594893e-09,1.650310443856995e-11,4.2954753642909793e-10,6.261346441327476e-10,2.999673426318239e-11,2.8545132924051586e-10,1.2383977177066186e-10,1.0565835532883039e-11,4.261616892708986e-10,7.45622105724486e-11,4.439677445122747e-11
window-2db1e47f2fd8e4c94858,151_16771_32072,apple,apple,0.9999990463256836,True,0.9999990463256836,1.0582170695272453e-09,4.586500068626265e-09,9.403495369042503e-07,6.700209831400628e-11,1.0674651163000703e-09,7.748773844795664e-10,3.972655537864966e-09,4.7112539564020395e-12,6.0104246024650365e-09,4.2547898537748097e-10,3.160629397092052e-11,1.790669834633718e-10,3.4662245296246397e-11,5.810242287296319e-10,4.186231805647367e-09,2.3295289308666867e-11,1.6640250288801894e-09,6.663000706730315e-10,1.1708453651060324e-10,2.443410362928944e-09,2.9879085317041643e-10,6.502121757678836e-11,2.222802358842202e-10,5.104998090921242e-10,1.2952587613579425e-10
window-803386818eadf3fa7b91,151_16771_32072,apple,apple,0.9999959468841553,True,0.9999959468841553,1.970958812824719e-11,2.529232656645064e-10,4.014313617517473e-06,5.9296760210325594e-12,1.2473288894809809e-11,4.002016166376743e-12,2.5910940060214216e-10,5.5244884730222543e-14,1.2314181618844344e-10,1.4426004661671765e-11,3.68362973587541e-13,6.573597460639291e-13,2.1981698958891543e-13,7.162445636588188e-10,1.5781954909588336e-10,5.557941802104838e-13,6.703116534056974e-11,2.6878491099502355e-10,5.135104147457881e-12,1.192727513976699e-11,8.135805397435636e-12,5.784484761843511e-13,1.2715380137695576e-10,3.2698533550951092e-12,2.0070846026842837e-12
window-156dcf712c34a69415b2,96_10748_18781,apple,apple,1.0,True,1.0,7.615872377186861e-09,1.3971117596156546e-09,2.883221306149153e-08,2.587848338397869e-11,6.459559553917416e-10,1.7951889974554547e-10,1.206332811420907e-09,1.40761339216533e-12,2.7049411599477935e-09,6.912903582900753e-11,2.8165830778803524e-11,2.7506235136809387e-11,4.3224690320087245e-12,2.6820615173228646e-11,1.3302376977719632e-09,3.6224927137812335e-12,2.150954553359341e-10,2.374060392718036e-10,1.5063608346799207e-11,6.414647701902254e-10,2.2056283188742754e-10,1.6490706369887143e-11,2.6945059031224794e-11,1.4597761888168748e-10,8.263785489237563e-12
window-56961d0bf1cdbdf03bcd,96_10748_18781,apple,apple,0.9999998807907104,True,0.9999998807907104,4.662179975412073e-09,6.008790354172788e-09,8.28199517854955e-08,8.299107928655403e-11,1.2908361046726213e-09,3.3038546898289667e-10,4.052171931334669e-09,3.2541809958513968e-12,2.8342578062279244e-08,7.23641563338262e-11,1.3748946425806707e-10,1.2584104591706335e-10,3.166720705105597e-11,8.925712946528108e-11,2.4017117183916525e-09,1.3519989815191646e-11,1.4896476274728343e-09,9.136740253268272e-10,4.392826380428261e-11,2.0643324827318565e-09,6.281632436433426e-10,9.457670757662129e-11,3.5801542286328925e-11,6.388785611655123e-10,1.4812399570796053e-11
window-ca6a2836c56f43a0a6a6,96_10748_18781,apple,apple,0.9999996423721313,True,0.9999996423721313,2.227474382721084e-08,2.2227197860047454e-09,2.773629717012227e-07,1.5885842641338854e-10,3.36785377363924e-10,3.0667274275586465e-11,2.83396905942368e-09,7.74204485243235e-13,1.0564824037828657e-07,1.3908005823404235e-11,1.2600963328335268e-10,4.4597815024305376e-11,6.4227191273746875e-12,1.5350982637829524e-11,3.561699157828002e-09,5.925762918551625e-12,1.7232814064627178e-09,1.7766147442088709e-09,1.3634396563155793e-11,2.3076025534862765e-09,1.0281473450390877e-09,2.649100210028177e-11,2.926408768089139e-11,2.4985885582751166e-10,8.128049448774544e-12
window-8d502de56de91c1b832d,96_10748_18781,apple,apple,0.9999998807907104,True,0.9999998807907104,4.915338358557619e-09,5.31834520867136e-10,1.3619950323118246e-07,2.1336975589147933e-11,1.4710653528648976e-10,2.2649410125197278e-11,7.508011989898478e-10,2.2923717503224583e-13,2.748351235482005e-08,6.3365588817698715e-12,2.5840994274939355e-11,1.1404294175676455e-11,1.3686399019316453e-12,9.287094530907591e-12,1.1764028640115498e-09,1.7891434861416755e-12,3.257910885512416e-10,4.580487100724895e-10,4.366102531599969e-12,3.0248620275230564e-10,2.3052483533181345e-10,4.48556079432616e-12,1.2787779515854858e-11,7.371080829043919e-11,3.5579807329544355e-12
window-693a9cc0fabdf476b331,608_95712_192517,apple,apple,0.9999963045120239,True,0.9999963045120239,8.070833246165421e-08,6.819921054557199e-07,7.613382990712125e-07,2.011995547945844e-08,2.968959051941056e-07,1.1768756280616799e-07,7.848583294389755e-08,5.9643738836712146e-09,5.366961772779177e-07,4.514211937589607e-08,1.0818744122786939e-08,2.6271015585166424e-08,1.1862954174546303e-08,2.2526750242946036e-08,2.5945334414245735e-07,5.819745574342505e-09,1.0667204719538859e-07,3.089719413651437e-08,5.4573646934841236e-08,1.7553247744217515e-07,1.308342518768768e-07,1.5210588344416465e-08,9.203228401588603e-09,1.2321770270773413e-07,1.5902298144965243e-08
window-a5c5b97d727fcf4102bd,610_96727_193809,apple,apple,0.9999583959579468,True,0.9999583959579468,1.1421183444326743e-05,1.0082167278824272e-07,2.8707592719001696e-05,1.5474350967270567e-10,7.180618766255975e-09,1.5021911492496542e-09,3.295588157925522e-07,1.3021921319023022e-09,1.1315594861116551e-07,8.016332597726716e-10,7.824125236588486e-10,2.7436792837676194e-09,2.1889699775012872e-10,9.427648706150649e-08,2.4706752199676885e-08,9.552606483609338e-10,2.103548446541481e-08,7.114913955774682e-07,1.8433053972088942e-09,2.1522666315831884e-08,9.73912506196939e-09,6.558035892112457e-09,1.7736871971152368e-09,2.567830614808031e-09,8.391627392967393e-10
window-17207c0ef9aea183b8f7,201_21619_43660,ball,ball,1.0,True,1.0074925338443563e-09,1.0,2.468919513276546e-10,5.551478166054835e-10,3.1934031807789864e-11,1.943283901850723e-11,1.166297947108319e-09,7.054157952213203e-11,9.476531972335556e-13,1.3270597953862762e-09,2.8693333820051237e-10,1.013073912953244e-11,1.3237316624781226e-11,9.084907847713153e-13,2.8753676956788654e-12,3.3065324783754235e-11,1.6144247397265055e-12,9.981959703253551e-11,5.548384668374595e-11,3.3352305292555506e-12,7.39692918028112e-10,1.7956924835971222e-10,6.646223849049449e-11,1.652823277548121e-12,1.2334653264056694e-11,2.810606192227283e-10
window-4ebdbb2b40c5d0033980,201_21619_43660,ball,ball,1.0,True,1.374046743052304e-08,1.0,7.431717463646237e-10,6.852523881661909e-09,1.458412557386879e-10,8.989922001267914e-11,1.035103824875705e-08,3.8230330012822833e-10,4.16983721857056e-12,1.0465864619391141e-08,5.843455719301005e-10,2.937712226258604e-11,8.572861864841741e-11,5.740754226157829e-12,6.176553192516199e-12,2.7747693032154075e-10,5.548265406135622e-12,3.1351229945464354e-10,3.0508842674414893e-10,2.5157783842266745e-12,1.041311836758041e-08,8.350048985583669e-10,3.042789076257435e-10,6.900754273564402e-12,2.792618220004428e-11,4.3034870111924306e-10
window-24e69060602b1b41c882,201_21619_43660,ball,ball,1.0,True,7.571342164336414e-11,1.0,2.1641685665763077e-10,2.3375406055237136e-09,1.0746088914548313e-11,1.5168062986181674e-11,4.3201409116733203e-10,1.702181451346263e-10,2.604673855072237e-12,3.554301575281471e-10,1.9621493319021965e-10,2.2226155377974566e-12,2.0667799069395976e-12,5.763593812282974e-13,1.0785694169387905e-12,2.4295473619040386e-11,2.895735409270961e-13,4.108685960901859e-11,8.787702510115736e-11,3.720823020351982e-13,5.81574677305241e-10,7.629196580039022e-11,1.20447679607949e-10,1.6005441058879882e-13,2.392636869880116e-12,1.2313315644885137e-10
window-35e059666d8d83807200,201_21619_43660,ball,ball,1.0,True,3.148534211128151e-10,1.0,5.003475966880444e-10,1.7718868039473534e-10,2.3689388992109706e-11,2.2720547665500135e-11,1.2031595719719235e-09,4.534751740781218e-11,9.273266833240146e-13,9.007708468011799e-10,4.480913973203826e-10,6.230709958393588e-12,9.786758209395785e-12,1.7030596767900197e-12,1.5259898379638148e-12,3.476928120416112e-11,6.30786872388156e-13,3.939500115013317e-11,5.1461977040867524e-11,1.5835915478240592e-12,2.9060978623540734e-10,1.3371842522147404e-10,1.7068010893517283e-10,6.26609061946809e-13,6.975429348715645e-12,4.964907929227991e-10
window-222d36de5c8a0d6dda44,394_48628_96157,ball,ball,0.9999773502349854,True,6.538968477798335e-07,0.9999773502349854,3.741826404279891e-09,1.510767447143735e-06,6.4662089016565005e-09,1.1502911689831308e-07,9.467936479268246e-07,1.6430416508228518e-05,3.1827215862811897e-10,2.827615919187565e-09,1.909765387608786e-06,1.8676544755180657e-08,1.5086112359341541e-09,2.8522620709736657e-07,1.5067995740025708e-09,1.3065066362116795e-08,1.2413403638333875e-09,3.2879843292477062e-09,1.3507068796769772e-09,1.7925223971815285e-08,3.065125753209941e-08,1.4684294669109477e-08,6.242390213628823e-07,1.0363294222770492e-07,4.793572472294727e-08,6.478937386589223e-09
window-2758fade3a73a599d3a3,394_48628_96157,ball,ball,0.9999582767486572,True,5.496202106769488e-07,0.9999582767486572,6.5069754029423166e-09,1.2240887372172438e-05,8.437258891547117e-09,4.3136001437460436e-08,5.545053909372655e-07,2.6993451683665626e-05,1.2966050455531786e-10,2.8239830474063865e-09,1.3734287485078767e-08,3.390117964130468e-09,3.3985456115992463e-10,6.1945204521407504e-09,3.761603251106749e-10,6.139073693844921e-09,1.1368280761203664e-09,2.355882433580092e-10,9.783336363256012e-10,5.775711908739822e-09,1.1738912952807823e-08,4.672624065449327e-09,1.2752778957292321e-06,8.709288401576032e-09,2.8615650293772887e-08,2.6246165241161634e-09
window-ba9a4f4aae51e53b10df,394_48628_96157,ball,ball,0.9999973773956299,True,8.345433855083684e-08,0.9999973773956299,4.57794274710821e-10,5.2533597028059376e-08,2.3970376794579806e-09,1.0388689908324977e-08,6.456460823756061e-07,1.327487439084507e-06,1.812790022259758e-11,1.0847776843458945e-10,4.206603421152977e-07,1.1681197675805777e-10,4.903690647983794e-11,2.0651609589084075e-10,3.6606655207105376e-11,9.148213742093958e-09,9.406914136533828e-11,4.0389008110208735e-11,5.45843474586416e-11,5.4994200165969787e-11,4.694926669657207e-09,9.171952641828796e-10,2.4855662417166968e-08,2.0367543207555627e-09,2.3581201435973753e-09,1.1813579003927543e-09
window-b9ec458e21d55f86610b,394_48628_96157,ball,ball,0.9903380274772644,True,0.0001875011221272871,0.9903380274772644,9.183057727568666e-07,0.0011584480525925756,9.691113973531174e-07,1.8100474335369654e-05,0.00010580092930467799,0.007987835444509983,1.8016249825336672e-08,9.475335787101358e-07,2.0299252355471253e-05,1.032964405567327e-06,3.406372783842926e-08,2.1445487163873622e-06,2.740022608804793e-08,2.699178185139317e-05,5.369945554889455e-08,9.309100335030962e-08,1.2745333322072838e-07,1.3121034498908557e-06,7.839011232135817e-06,8.462483265248011e-07,0.0001349742233287543,1.8594016637507593e-06,3.561357516446151e-06,2.4172649659703893e-07
window-997aba1bd981d6bfc4bf,372_41041_81726,ball,ball,1.0,True,1.6549298598178552e-09,1.0,1.36550792895207e-09,3.81004117144812e-09,2.4824704791814867e-11,2.701691370621262e-10,6.583776190893786e-09,4.220740978944093e-10,8.889012789725648e-12,1.7493066023499537e-11,2.326979942068874e-09,8.997320111170382e-10,1.372321978276858e-10,2.8766831139392934e-09,1.5594039948219063e-11,3.687221361570181e-10,6.503021038328782e-11,1.4094551914478615e-10,1.5227466509948329e-10,2.0948932866193815e-10,3.0252214067161276e-09,8.372423865310452e-10,1.5123100549629953e-09,4.648634602255619e-11,4.1988285071070663e-10,5.646284551019676e-10
window-d37c6177ba8f0a63cdb7,372_41041_81726,ball,ball,1.0,True,1.607976751749618e-09,1.0,1.7005953312221322e-09,2.345047267482414e-09,1.3111900454276793e-11,1.8141377289282445e-10,6.307613875655704e-10,1.7841021715536698e-10,9.974019006542267e-12,4.0403447948422766e-11,9.737556316835594e-10,3.1849495263358563e-10,3.148004426578588e-11,4.333303715853276e-10,1.0645068160286542e-11,9.659377464554808e-11,1.7810208169377617e-11,8.455598027312661e-11,1.173386110497887e-10,7.54169504624258e-11,2.2912431674182443e-10,8.387768257733796e-10,1.2022992601501414e-09,8.190804978713828e-11,1.2262948989594236e-10,4.3540490657356656e-10
window-9052676ba1a77bd2da9d,372_41041_81726,ball,ball,1.0,True,3.0933480776873523e-10,1.0,7.116719435984464e-10,6.953743691973102e-10,3.3282528209138684e-12,9.887103635808359e-11,5.68946167955886e-10,4.815612839048633e-11,1.3369738259202957e-12,5.473615484474781e-12,4.983379819911704e-10,1.0820362661423388e-10,2.0901069069934053e-11,2.205577942504533e-10,2.3149706977754203e-12,4.044261453506337e-11,8.419126507064334e-12,3.263581418999628e-11,4.2328480998055085e-11,6.926339363166889e-11,1.0255559595995223e-10,1.6616946707515012e-10,6.563598553555039e-10,1.588856823886431e-11,1.3779506702338296e-10,1.7179810352097036e-10
window-8c5ca4bed4244c19d6f0,372_41041_81726,ball,ball,1.0,True,7.776572163997741e-10,1.0,6.802449159515334e-10,4.4997072734531685e-09,1.429821799153741e-11,3.4158181838606083e-10,4.517628493516668e-09,2.020496131516225e-10,7.170764416281061e-12,1.1621220478985617e-11,1.646752623152281e-09,4.799852182379993e-10,1.8282511615730357e-10,1.1514158515524286e-09,1.6285717566177915e-11,1.1616350936716202e-10,5.793678384269363e-11,1.4771639467170417e-10,1.2455586562154508e-10,2.707489787923123e-10,8.987320887499095e-10,8.302184495434517e-10,2.049103997592283e-09,4.022183280882885e-11,2.900394369120818e-10,7.771426835390116e-10
window-a33b0ed12a0bdf4e4649,606_95090_191497,ball,ball,0.9999721050262451,True,3.6218483501215815e-07,0.9999721050262451,8.787856842218389e-08,4.5506094892289184e-08,3.659224390162308e-08,4.7554639337477056e-08,6.4006167121988256e-06,2.5715038987073058e-08,7.80341569139864e-09,1.2714173180938815e-07,1.1932459074159851e-06,1.981059538636032e-09,1.3090390105219285e-08,7.187773931605079e-09,2.1841215502860223e-09,5.88033685744449e-07,2.1272210659617485e-08,5.219814802615019e-09,1.8354474606852023e-09,7.2917663018756684e-09,1.1502867991453058e-08,1.1452424075741874e-07,1.8727503629634157e-05,2.5848203577538698e-08,1.7694581799787557e-08,3.0742373979819604e-08
window-00eb4160fa109d27ad87,251_26912_54706,baseballbat,baseballbat,1.0,True,1.910664335080803e-12,2.586951486360789e-10,1.0,1.46920288435215e-11,1.7687289133316852e-11,2.04865638342433e-11,5.850576099974969e-12,7.279052360864569e-11,6.211365514811884e-13,5.35730848572058e-10,8.296924258743843e-11,4.3245986652840074e-11,2.0987114823789454e-11,3.1517727316909827e-10,2.4254960886982424e-11,1.614586520037875e-10,5.98593494650218e-13,2.2349246064923278e-10,2.08237030049907e-12,6.252653950156173e-11,5.3870415073209443e-11,1.465211415738188e-12,1.305920149796691e-09,6.081861576856529e-12,4.1682650386842823e-11,2.3251775504995464e-10
window-31457de6837cccb212a3,251_26912_54706,baseballbat,baseballbat,1.0,True,1.3840813261126184e-12,1.8181491034940933e-10,1.0,1.6828084065112492e-11,1.8256958445039828e-11,3.4581827419027933e-12,5.589669786060236e-12,4.0224767960950203e-10,2.5948693064062334e-13,2.961290934688776e-10,9.392178874911838e-12,3.8526556944695756e-11,1.725819660791661e-11,7.603208340700718e-11,4.327154086436469e-12,1.2019472223068206e-11,1.0201999835202091e-11,3.4619479505337836e-10,3.919756012826792e-12,3.231927225844089e-11,9.7247392430444e-12,2.2281291395254144e-12,3.257146774515718e-10,4.780423019240532e-12,1.3391105932458736e-11,9.006020235124979e-11
window-38a5b47b592f6ada19c0,251_26912_54706,baseballbat,baseballbat,1.0,True,7.203001758417094e-13,3.705924803143468e-11,1.0,2.0580156502580937e-12,1.2436565666185118e-11,5.023360633710228e-12,8.087253739949563e-13,2.87396162423903e-10,2.0474668781158417e-13,8.799015738247817e-09,3.769357048710731e-11,2.8746125271816858e-11,3.4851327553042655e-12,9.705047182562154e-11,3.873808392118594e-12,4.544074318213465e-12,1.4247466054162494e-12,8.238974502638996e-10,8.422559524823292e-13,4.975247644423142e-11,3.6161555520830557e-12,1.4210908925310628e-12,1.4336107856394165e-09,4.5354067723657465e-12,1.5867973601757512e-11,1.8499245538206033e-11
window-3303115f13d78872409a,251_26912_54706,baseballbat,baseballbat,1.0,True,4.356916574483477e-13,1.6066423191851698e-10,1.0,3.808909351116219e-12,9.006462242666657e-12,3.0336820295434608e-12,7.259648069322944e-13,5.049395623846209e-11,7.607810052507463e-14,2.4066344403439466e-11,1.0683058170729565e-12,5.352747758924359e-12,2.6369505537471305e-12,1.9209139487386118e-12,7.202520914753596e-13,1.64369993310709e-12,1.9315381542470145e-13,4.589212690420119e-11,5.436395691255091e-13,4.328178006968164e-12,1.526094571893677e-12,3.4066000888233194e-13,2.416782052261368e-11,7.682267365652362e-13,6.777460537232827e-12,1.5455872692804462e-11
window-f5a78fb2731ad2136ed2,514_73832_143780,baseballbat,baseballbat,0.9999992847442627,True,8.915736898762461e-11,1.1394151400168084e-08,0.9999992847442627,1.2039328645130354e-08,5.1308731485733006e-08,4.493562855145683e-09,2.4464011261216e-08,1.1845737724058836e-08,5.866389041209175e-10,6.301014821019635e-08,4.1202996570177675e-10,2.323195635867137e-09,2.4884871940855646e-09,4.953185084310974e-10,9.5676766509456e-10,2.3357307199489696e-08,7.028092774419292e-09,4.11262732313844e-07,4.996320024375223e-10,1.6102252864413913e-09,5.082245735366087e-10,2.5063726094565197e-10,2.2743501304489655e-08,1.0479928730378063e-10,1.2889464606757883e-08,2.2720348269444912e-08
window-444b98f6d022ad8a420d,514_73832_143780,baseballbat,baseballbat,0.9999998807907104,True,4.9142832164728034e-11,2.456506820180948e-08,0.9999998807907104,1.6002458025354827e-08,1.225108281488474e-08,1.7245049832581572e-09,1.1745738603963218e-08,1.0050088539159674e-09,1.126935073036961e-10,6.654601314437514e-09,1.1265911814550833e-10,2.0734229611019117e-10,8.439230980705759e-10,4.849541254681178e-11,2.552037470238133e-10,3.3850962033454834e-09,1.470429222827363e-09,3.083730959474451e-08,1.0094192148812908e-10,7.849382255287196e-10,2.6712904110937075e-10,6.072382180422053e-11,2.614283456381372e-09,9.088342925456239e-12,4.633245342944292e-09,2.144519894997643e-09
window-32a19c36accd3ffbf2f5,514_73832_143780,baseballbat,baseballbat,1.0,True,4.423945931808504e-11,4.838183187416689e-09,1.0,1.1779207609308173e-09,3.2146609818539673e-09,9.716776272483685e-10,4.226003547103119e-09,1.5037414646812408e-09,3.468277748330806e-11,8.277317498084358e-09,3.39947181515754e-10,4.6294804101343345e-10,8.455440791976798e-10,1.6871680719177107e-09,3.6073344311660094e-10,4.788204943650953e-09,1.3477060578637179e-09,1.7201468693883726e-08,7.496475662449598e-11,1.4542467230427292e-09,4.196746838935894e-10,8.108499288672633e-11,1.7246137851145704e-09,2.199632143096153e-11,2.719944491857973e-09,4.233837280764874e-09
window-c62c5e55f5b6e2052d2b,514_73832_143780,baseballbat,baseballbat,0.999961256980896,True,1.5651743012767838e-08,1.7244632033452945e-07,0.999961256980896,6.9849124884058256e-06,1.4473316696239635e-06,3.555652483555605e-08,1.8926766642834991e-06,4.424582655815357e-08,7.9610487091486e-09,1.6703140204299416e-07,7.446615324369077e-09,1.423024826863184e-07,5.233667721427082e-08,2.4721060754018254e-08,2.939660134870792e-06,5.3321823543228675e-06,1.7485805074102245e-05,1.362857801723294e-06,2.1682031103864574e-07,9.367074227384364e-08,7.141970570501144e-09,5.361765254008333e-09,3.171438933691206e-08,2.6693636190344705e-10,1.890966316864251e-08,1.2661703863159346e-07
window-51cef5a1f4b1695e42cd,534_77327_149480,baseballbat,baseballbat,1.0,True,5.835661272789172e-13,4.455181449453116e-12,1.0,1.70839609819895e-11,2.2243470954030897e-11,5.572733247083406e-12,5.191020356620779e-12,5.3302855185233255e-11,9.04391104649023e-14,3.22011931008781e-11,1.8296402262175937e-13,3.0029286349209094e-12,2.5839898797064276e-12,6.734469210588345e-13,1.0461652160884127e-12,1.38365371677579e-12,6.765096837758888e-13,4.3296581597740413e-11,3.003007185368306e-13,4.008640641650629e-12,3.2162982130032325e-13,1.3699713021994575e-13,2.2154384229922108e-11,2.4805333568439503e-12,7.293039869932239e-13,5.3574154661173434e-12
window-980f36b21df935abcb57,534_77327_149480,baseballbat,baseballbat,1.0,True,4.4961952184400383e-14,3.093498330761224e-12,1.0,9.623659508184446e-12,1.1455805921933848e-12,7.600474611658969e-13,4.2453678918662197e-13,1.6293290501512292e-12,1.2935785526514004e-14,3.91851481817973e-12,1.5406380056252889e-13,2.1638567673787357e-12,3.6956857929829057e-13,2.471224180150555e-13,2.6844948789947476e-13,3.084764702791093e-13,1.4540385768254532e-13,2.9517142202672986e-11,2.377931564764152e-13,1.8538621159025492e-12,8.543906820099659e-14,5.2916624939313914e-14,3.786244755221713e-12,2.2891560066788663e-13,6.704581551400524e-13,2.211662927451008e-12
window-848f05d1ba72291617c0,534_77327_149480,baseballbat,baseballbat,1.0,True,6.4205135348952e-13,1.576335763309178e-11,1.0,2.00591505211678e-11,1.5925491828050475e-11,4.801651264096929e-12,1.3550551739710537e-12,2.318365464881733e-11,1.4361531712123177e-13,4.6445135931660886e-11,1.0147229194054641e-12,8.251547882476284e-12,2.3848733318038162e-12,1.6199832274244041e-12,1.2095358352046115e-12,1.2762652263145768e-12,9.737373667800808e-13,1.762045787057076e-10,7.04682189336947e-13,9.720789277689601e-12,7.843759279244078e-13,4.4950401365505266e-13,9.201211841058932e-12,5.74127984737105e-12,4.240538909600078e-12,1.1604054522829088e-11
window-9ecf4a8f2d34a7e274be,534_77327_149480,baseballbat,baseballbat,1.0,True,2.4834895899212943e-14,5.218399497242121e-12,1.0,6.042064418232407e-12,8.677067853297971e-13,8.719772950568916e-13,3.960546083800476e-13,2.9322525310626624e-12,7.197267751939997e-15,2.323326643918766e-12,9.181707721602275e-14,2.6238559935887196e-12,4.014155002320108e-13,4.830510449103931e-13,1.8988199142373763e-13,3.601416853540179e-13,1.2856539834474323e-13,1.8523925449098755e-11,1.8008381244549732e-13,1.050684496003984e-12,1.3460283235233739e-13,5.888982335632009e-14,2.4547646901296183e-12,2.742526800277034e-13,6.838578097898007e-13,2.4035367880009817e-12
window-899c4f9382a51e140cf3,417_57601_110929,bench,bench,0.9999737739562988,True,1.922173282764561e-07,1.0260060179234642e-07,7.780761734466068e-06,0.9999737739562988,9.094978281609656e-07,5.3102244379488184e-08,8.354294145362928e-09,9.275771617467399e-08,2.0248151599844277e-07,1.5365570504854986e-07,2.7631385179915924e-08,1.7671433738541964e-07,9.395498778985711e-08,3.1731622129882453e-07,5.216691079112934e-08,1.3224101280684408e-07,4.1526743643771624e-07,2.958355764803855e-07,1.3924157428846229e-05,9.659816058160686e-09,3.361820688496664e-08,7.27878912698543e-08,1.084104837900668e-06,1.9315477217674015e-08,4.9144436076176135e-08,7.414568159447299e-08
window-bc2d80dc5bd05702aebf,417_57601_110929,bench,bench,0.9983857870101929,True,9.85604401648743e-06,1.7246156858163886e-05,0.0006308074807748199,0.9983857870101929,1.619973591004964e-05,2.134989472324378e-06,1.3250846109258418e-07,3.0398716717172647e-06,0.00014531442138832062,9.412436156708281e-06,1.0239763469144236e-05,2.449088788125664e-05,1.4221398487279657e-05,1.0358085091866087e-05,1.0574979569355492e-05,1.2779670441886992e-06,0.00011053040361730382,2.3407979824696667e-05,0.0005344969686120749,1.6848135828695376e-06,2.417341420368757e-06,3.279001248301938e-06,8.145707397488877e-06,3.1771778594702482e-06,4.449539119377732e-06,1.7359454432153143e-05
window-3bef112ff26aebd359ab,417_57601_110929,bench,bench,0.9999933242797852,True,4.1796814898020784e-09,7.523462741687581e-09,4.346834430180024e-06,0.9999933242797852,2.7221972231927793e-07,4.626673444363405e-08,3.915851465308151e-08,1.5920944562708428e-08,1.0493823765500565e-07,2.746162408584496e-09,2.8840201338198312e-09,1.8121987466201972e-07,3.4657521297276617e-09,3.366089273981743e-08,4.908151041149722e-08,1.714112407569246e-08,1.0747268675004307e-07,1.2490035672385602e-08,7.71875988903048e-07,9.238140807887874e-10,2.388648390194703e-09,8.457082145696404e-09,5.628095323118032e-07,1.6274323000331492e-09,2.8562434639667345e-09,3.877730492263254e-08
window-316b8a906a3b9c00285a,417_57601_110929,bench,bench,0.9994619488716125,True,4.462937042148951e-08,3.2394126492363284e-07,4.7807138798816595e-06,0.9994619488716125,0.00016395199054386467,1.8152189085185455e-08,5.9419797970861055e-09,2.565349461747246e-07,6.940696948731784e-06,1.210828770581429e-07,7.638393384468145e-08,1.1534317536643357e-06,5.662822033514203e-08,1.7973985677599558e-06,1.7122681583714439e-07,3.527601393216173e-07,4.872451313531201e-07,8.864719234225049e-07,0.0003540535399224609,8.913544036204257e-08,1.0483528001259401e-07,6.732300761314036e-08,1.4267561709857546e-06,8.015597074972902e-09,2.1717703191370674e-08,7.97400616647792e-07
window-d634e2365ad7a2b91bd3,431_60964_118808,bench,bench,0.9999991655349731,True,3.4451892449993693e-09,3.152499150615995e-09,1.1035572100581703e-07,0.9999991655349731,3.609277712257608e-07,6.13359807388747e-10,7.554462055914257e-10,2.6393778274069746e-09,1.7640267913066054e-08,1.8255230216368545e-08,2.1829895668901145e-09,9.031847270080107e-08,7.224281617368433e-09,4.3245416136983295e-09,3.6652938462111706e-09,2.561859169247782e-09,6.892067716535166e-08,2.1941904293498737e-08,1.0591653420988223e-07,1.344977795803004e-09,1.1753988060636544e-10,2.5062205644132973e-09,9.371190490270465e-10,2.377802843511745e-09,3.791674973996351e-09,8.731233513969983e-09
window-0c56ccaf36d15c5aa1d4,431_60964_118808,bench,bench,1.0,True,4.020329069653883e-10,2.360037720805508e-10,5.2942805695010975e-09,1.0,5.9211311409512746e-09,6.38527425378399e-11,1.4965731431892948e-10,1.0101935954409669e-10,1.2734970022965086e-10,5.179997542015258e-10,1.6483858722438072e-10,1.8664458867334588e-09,6.015484776966673e-10,7.664409107377423e-10,4.418365950886738e-10,1.1601250515802519e-10,4.070018988500124e-09,1.1612724115650508e-09,3.794912384336158e-09,1.1637685259913155e-10,1.685210998525477e-11,1.2659361059430552e-10,1.9499670975142713e-11,4.915971449359624e-11,3.8186093176406644e-10,4.5984588359360146e-10
window-1b7a25eac0bc3642e73e,431_60964_118808,bench,bench,0.9999971389770508,True,9.160189051726775e-09,3.233117329415336e-09,7.047371042290251e-08,0.9999971389770508,2.122443447660771e-06,4.741458337065296e-10,5.306212136346744e-10,1.0845508491286182e-08,1.433095491165659e-07,3.7357978044383344e-08,1.481986200424501e-09,2.4138946841389952e-08,6.376439376509779e-09,1.6480086628689605e-08,1.4969472772463632e-08,2.7682922620897443e-09,7.202738316891555e-08,3.1462715099905836e-08,3.0627538194494264e-07,6.608315228362471e-09,2.2099551355569957e-10,3.0523321647990542e-09,1.6051439066799844e-09,2.231405282770993e-09,6.221130277594966e-09,2.7750498787781908e-08
window-5339d15dbc7a0ea75fdd,431_60964_118808,bench,bench,1.0,True,2.1093866237054115e-11,3.257642072762579e-11,2.2635734953091458e-10,1.0,1.7345798131174206e-09,1.4651654889341614e-10,3.5636488204815464e-10,1.1269093991295165e-10,4.1401704287125085e-10,1.8826558367823765e-10,3.866760731052743e-11,7.279125635584194e-10,7.155698256156029e-11,2.568778800782212e-10,1.7413057662452047e-09,1.2225348511307743e-10,1.0539880079818431e-09,5.155769700060375e-10,1.1502706342980673e-08,1.0406972505982992e-10,1.8785263275478137e-11,9.037268849931834e-11,3.399988970920198e-11,1.743524769004523e-10,2.57299098693764e-10,1.719289821622283e-09
window-10e17b6833fefea77151,188_20287_35716,book,book,0.9999998807907104,True,2.4695773204186366e-11,4.010362875117579e-11,1.477304667485413e-10,5.242429212092004e-13,0.9999998807907104,5.5249476868524106e-12,3.1311470777284356e-11,1.0538974137830337e-09,7.717223561576336e-12,3.1712860115717945e-10,8.285929453677454e-08,1.6943156946891413e-11,1.0816745936448324e-11,2.0064515326989607e-10,7.821915858075013e-13,2.863186597534817e-11,7.273864263733845e-14,3.0049826515998745e-10,1.2674187220562683e-11,1.1411060464594502e-11,1.6008243342024997e-10,5.554522120032601e-12,4.23503232482858e-09,5.857696597742768e-13,2.9414780073483415e-12,5.211090933765483e-11
window-d36ae66105fe68faff64,188_20287_35716,book,book,0.999998927116394,True,3.122134772937102e-10,1.6601492749956925e-11,3.462146125343679e-08,7.939871538020782e-10,0.999998927116394,1.7054770790059237e-11,6.792523765675185e-10,2.8342995506136504e-07,6.429826809872807e-11,5.151630588784428e-08,3.12712757022382e-07,1.7511926353463991e-09,1.6686046988567682e-09,1.033592988974874e-09,1.6155389526151254e-11,3.910792176209377e-11,5.179730342558253e-12,6.633520843735141e-09,2.719127367711849e-09,1.4913795198800983e-10,8.647316196430666e-10,1.490901152534363e-11,3.513775652663753e-07,6.974391619785081e-10,3.006537727112679e-11,2.196349324634639e-09
window-96176962e0336a09c80d,188_20287_35716,book,book,0.9999998807907104,True,1.3921199262800776e-11,2.959640518773732e-11,1.1908642127966829e-10,6.688949741318062e-12,0.9999998807907104,4.189751844074774e-12,1.1116404671773772e-11,3.088030386955154e-10,3.393417274608068e-12,1.232976498677374e-10,8.54090203006308e-08,6.281952735776031e-11,4.8270311359122076e-12,4.4188203096595657e-10,9.463724292071984e-13,1.0959315399627911e-10,5.2333551175346577e-14,3.443363649768827e-10,1.8673633472854334e-10,6.980712449061732e-12,3.4732623027666776e-11,3.276165146462451e-12,7.951522107418896e-09,2.1485399993425441e-13,1.0422077697386234e-12,7.653579853217352e-11
window-f6db40ebbed75a8ade62,188_20287_35716,book,book,0.9999998807907104,True,1.2841167018606825e-10,9.267510370225551e-11,5.636653366281053e-10,9.495262215386546e-12,0.9999998807907104,3.758645131246574e-11,1.9266362116798774e-10,1.7634855797865612e-09,9.000055908869875e-12,5.557601601147155e-10,1.5332801694967202e-07,5.4045469488617215e-11,3.0890009300454935e-11,4.642894402273612e-10,2.8851075174751717e-12,2.71788397343542e-10,2.686738364340163e-13,6.994873569254878e-10,8.247633132008048e-11,1.4080060034560304e-11,2.4094001793706354e-10,1.3666267770218177e-11,1.0894587454401972e-09,7.900966122673103e-13,9.67467512352771e-12,3.499450451638353e-10
window-52ba61a67d45d1eebf39,470_66441_130641,book,book,0.9999816417694092,True,5.915047340820934e-10,4.6540854503618334e-11,9.390041522117087e-11,4.689955090952935e-10,0.9999816417694092,1.0438733211159956e-09,4.370969236333622e-06,3.4730653908354725e-08,3.9550743236027586e-10,3.9628370029909377e-10,1.8099683973815672e-09,9.734026207297575e-08,2.7627742316127524e-09,4.5016761873739597e-07,3.927942693326969e-10,1.1961637902402344e-08,5.034025418737542e-10,3.2053752985206074e-09,1.338125002803281e-05,3.6534392178211306e-10,9.792768818073228e-10,2.556222941652031e-11,2.42153994634009e-08,5.7295439503946e-09,8.73562333580935e-10,3.7385108342391504e-09
window-075aa0d098cb19eb3c7e,470_66441_130641,book,book,0.9979098439216614,True,2.4342499571616827e-08,9.677736834134976e-09,4.9533259272038777e-08,1.3366943107939733e-07,0.9979098439216614,1.6590591656040488e-07,0.0007725790492258966,2.6244947548548225e-06,1.4342988663429423e-07,1.406846017459884e-08,1.3943231635948905e-07,1.1639047443168238e-05,6.899692834849702e-07,5.951600905973464e-05,3.455340333857748e-07,5.890880174774793e-07,9.669305427451036e-07,8.824046204836122e-08,0.0012371813645586371,1.5827923505185026e-07,2.413220379082759e-08,1.2302600715941026e-08,3.5625163263830473e-07,2.177216856580344e-06,8.056635891762198e-08,3.843701392725052e-07
window-167088e9bda5a0c105f6,470_66441_130641,book,book,0.9999567270278931,True,4.026158073600072e-09,2.3812363192377006e-10,8.424119735117586e-10,1.3421281863656986e-08,0.9999567270278931,3.383196300887903e-08,2.047718589892611e-05,9.045272264529558e-08,4.865204905613041e-10,4.216290250269594e-08,6.806103680645492e-09,2.845564495146391e-08,4.3492729417948794e-09,2.7190890250494704e-06,1.9907153259168808e-08,9.740966255833428e-09,1.942223493145434e-09,5.740452024838305e-08,1.965241608559154e-05,5.181238549312184e-09,1.5647076523350734e-08,1.9419409136300914e-10,1.5376610917883227e-07,3.4025569028983682e-09,5.798352908925608e-09,1.3442750912417978e-08
window-7ec4bead3858f43f6cd3,470_66441_130641,book,book,0.9999988079071045,True,8.915397309294804e-10,9.771321772544805e-12,3.852063112930182e-11,1.0876672479342986e-10,0.9999988079071045,2.0918880516695992e-10,1.527197355244425e-07,1.492123580248972e-08,3.5513952889587586e-11,6.414530018261644e-10,8.099528825411539e-10,1.6059489293951401e-09,4.810166154278761e-10,9.109485858971311e-07,1.60871330145973e-10,2.5376829526635447e-09,5.672462152772617e-11,1.974620023048601e-09,9.544478984935267e-08,2.0143332835065308e-10,7.54625084642413e-10,5.230670497430312e-12,1.3122938291587616e-08,1.5135252773301744e-10,5.112948398000583e-10,1.3504491969129617e-10
window-847aa120d83489fcc4be,472_66868_131636,book,book,0.9875434637069702,True,1.931830251322708e-09,4.706210088301077e-09,4.562146216358087e-09,9.444454107665479e-09,0.9875434637069702,3.2680707029442146e-09,2.3074557375935e-08,8.66374261221381e-09,2.412465116563567e-09,2.6428113031329303e-09,0.012456425465643406,4.893693450469527e-09,9.696617953025566e-10,1.491098799988322e-08,2.0952575785493366e-10,2.6447743550761516e-08,1.8371271170991577e-10,2.540875065903947e-08,1.9340983925530963e-08,9.017492863527821e-10,8.398179929258731e-09,7.768761745019503e-10,7.522478751020856e-10,1.3340742399670091e-10,2.2565907475957658e-10,3.916760604738556e-08
window-40642f8f6f46cf015f6e,472_66868_131636,book,book,0.9999361038208008,True,1.284858552885737e-09,1.4861345221106603e-07,3.7240361905332975e-09,6.129662466491936e-08,0.9999361038208008,6.366668525714658e-09,4.0231903142284864e-08,8.371497983716836e-08,2.7171577698936744e-07,2.7297022420214034e-09,6.266720447456464e-05,3.15529149474969e-08,1.0464412669719536e-09,1.3625238182157773e-07,1.4709217177610867e-09,5.338639308405391e-09,7.506975041593478e-10,3.532251753313176e-07,9.117518295909122e-09,8.025240472164796e-10,3.1889371143734024e-08,1.1041186631643995e-08,1.4650866075882618e-09,9.140022072529064e-11,1.1508527464343388e-09,7.039914606821185e-08
window-0d1570ca00ea8e801bbf,472_66868_131636,book,book,0.9999988079071045,True,8.556161890105329e-10,8.998361167300573e-09,7.361438125741415e-10,1.754970835321501e-09,0.9999988079071045,1.1449169390331804e-09,2.4618784788543735e-09,3.3011693378881546e-09,5.265934799325578e-09,6.443911515496836e-10,1.05680453543755e-06,5.911543254910612e-09,3.066925324812786e-10,1.6539031477691424e-08,4.4734771442733745e-11,1.0918373982704566e-09,1.0205412903641076e-11,4.8119051854200734e-08,1.3423273603763164e-09,3.800512404783518e-10,3.4242130908523905e-08,1.1546386069483106e-09,4.3409337235900125e-10,1.5998013460846727e-12,1.62422769678372e-10,3.2532765370518746e-09
window-c265734fd0adbb6cbcd9,472_66868_131636,book,book,0.9999977350234985,True,4.7644940076585485e-11,4.30060514977626e-10,2.638265161891695e-10,7.315627964521454e-11,0.9999977350234985,3.4513631536059464e-11,4.005654419270144e-10,9.143990564730586e-10,6.625202053633927e-10,5.7661046076740163e-11,2.30064028983179e-06,7.238363242123569e-10,1.5679540998903008e-11,6.289438303497263e-09,8.509629632891258e-12,1.3953155297841136e-10,2.0604932690626576e-12,1.7329523371856226e-09,2.106805424562097e-10,3.5473565057619894e-11,6.315243883392441e-10,5.553136422919991e-11,5.3306494635085855e-11,1.316413666442584e-12,2.604619471491265e-11,8.705346665749403e-09
window-c5cc9b213e052cc674b7,209_22182_45212,book,book,1.0,True,1.2018011585901434e-10,2.2154268697338608e-10,1.13688414238311e-09,4.879078474573362e-09,1.0,3.494975142626089e-10,3.975562545832645e-09,1.0703040675963393e-09,7.95641941220282e-10,1.258617099431092e-10,2.364002049670688e-10,1.2009133243395809e-08,3.7299166533166783e-10,1.0239439296455544e-09,1.623391199245816e-09,9.286126034790954e-11,1.769025724518425e-11,9.00619634425226e-10,8.284530839119952e-10,6.2569553982427806e-09,1.3107674667889313e-11,1.339918592746514e-10,1.9388107119766573e-08,6.0464480644562e-11,2.1673327021964894e-10,3.459774480796263e-11
window-591e4890fd29721b5362,209_22182_45212,book,book,1.0,True,2.3867740466324006e-13,9.053856839594254e-13,4.90510410067202e-12,5.59946811140577e-11,1.0,2.0143248505820333e-13,1.5388150823025804e-12,5.3764274282608326e-11,9.18226467083727e-11,4.292448341214339e-12,2.06103467625951e-10,1.7783401140558652e-10,2.839278942165513e-12,1.7957370312959853e-10,1.0098622632570553e-10,7.564333274340251e-13,1.6463409411790475e-13,9.938451103752577e-12,9.896646002705012e-12,7.474602881085701e-11,3.4138330725665134e-13,1.7574658091670803e-12,1.1822659171101257e-11,1.0771138755222287e-12,4.568825786449571e-12,2.960210895852633e-11
window-37c3924692651fc0ac4f,209_22182_45212,book,book,1.0,True,4.7003188084868315e-15,7.22856968509919e-14,4.655924083774021e-13,8.013963299392801e-13,1.0,8.668821479336682e-15,2.450623254671158e-13,2.982056962474999e-11,2.4064841785964575e-10,3.2104648800546087e-12,6.0232400664328445e-12,6.505527366806874e-11,3.1195022693469854e-13,2.3277698670519376e-13,8.141592868632364e-13,3.1980979144216257e-14,1.6634797041898373e-14,1.0923244730606796e-12,2.051079575279835e-12,5.479650479027487e-13,3.338101999745863e-15,2.338401011454244e-13,6.206853607471086e-13,5.135592472116368e-13,1.3889890214564826e-13,5.734994727377152e-13
window-a01f7f56f425f4cbda17,209_22182_45212,book,book,0.9996633529663086,True,9.667965983339855e-09,2.0597928696020062e-08,2.867545561002771e-07,8.413513796767802e-07,0.9996633529663086,2.0566286451639826e-08,1.9003190132593772e-08,3.372306309756823e-06,3.752600241568871e-05,6.588810208540963e-08,5.772258191427682e-07,2.2454498321167193e-05,4.9514600419797716e-08,4.4510326091540264e-08,0.0002498861576896161,8.317823763093202e-09,3.848155216701343e-08,9.90377998277836e-07,5.7729327096467387e-08,6.313921829814717e-08,4.065266345776308e-09,9.262387834496622e-07,3.124777236962473e-08,2.6048965651170874e-07,4.5401719717119704e-08,1.9117538613500074e-05
window-3ea361af8ff3a780a2be,475_67222_131925,book,book,0.9998216032981873,True,2.149978328702673e-08,2.1314889853130126e-09,2.677243315929445e-08,0.0001693040831014514,0.9998216032981873,2.2944574240568727e-08,4.516351026495613e-08,6.256498608081529e-08,6.42452562260587e-07,1.275625161056837e-10,7.396378975954576e-08,3.569977877759811e-07,8.761163883264089e-08,1.451552520848054e-06,2.5119668407569407e-06,2.9190751149599237e-08,5.232477917616052e-08,9.227922532772936e-07,1.4485902966043795e-06,4.390402352782985e-07,6.837750365917827e-09,1.3426015854633988e-09,6.44156330054102e-07,2.2900537999248627e-07,3.719012298120106e-08,1.7289735865233524e-08
window-363f27ab15d63990beff,69_5608_12991,bowl,bowl,0.9999995231628418,True,2.333321091896323e-09,2.470318616332179e-09,2.845645385995965e-10,1.6797459256867597e-10,3.110366478265014e-11,0.9999995231628418,2.6047808354690005e-09,6.708716221437427e-11,4.115036436602715e-11,4.168408396232337e-10,4.4824574274571205e-07,1.2716703558235398e-11,1.2271529625795807e-10,1.8286940850487099e-09,3.634446910094624e-10,5.553678628089642e-10,8.52606960727309e-12,4.1443401488372444e-10,2.0010058054964475e-09,3.028334527588328e-11,1.307654207138853e-09,2.517456243467109e-09,1.6466253360825078e-10,8.155943281851208e-11,5.290681781566775e-10,7.044400174294196e-09
window-6c3608dd77375226fa95,69_5608_12991,bowl,bowl,1.0,True,1.245855640874538e-10,5.646636977441055e-11,2.2752378106560833e-11,1.302303967790075e-12,1.087904072383239e-12,1.0,2.0860096983099652e-10,1.7592399976021356e-12,2.2008102805448626e-12,8.086386560357539e-10,1.8885801811308056e-09,9.431056196412824e-13,2.4429846166851288e-12,7.543531771458944e-12,2.7516466535870698e-11,8.26039757428898e-12,3.76830348609164e-13,2.7839973382182137e-11,1.0528858167269117e-11,8.340103781201424e-13,3.6229505506746307e-11,2.378411356751542e-10,7.72259860226665e-12,3.9009013033664e-12,1.675704366932429e-11,7.079012376287608e-11
window-35168b47cbc04f446d95,69_5608_12991,bowl,bowl,0.9999998807907104,True,2.403153787078338e-10,4.0084299768317067e-10,7.800440154914767e-11,1.7076019764861172e-10,8.335209258913956e-12,0.9999998807907104,2.5915156687261742e-09,1.2697585170806658e-11,3.3538829265905568e-12,8.488241776127836e-10,8.946776830498493e-08,6.844282952889191e-12,1.9929030647958257e-11,1.4670724357568332e-10,1.9301266140914208e-10,5.217973622628769e-11,1.9987568457974225e-12,1.4226624045488023e-10,5.688560733574377e-10,4.852323837872818e-12,8.352703945169182e-11,7.04226288394949e-10,4.787843385645196e-11,3.6123586760750115e-11,9.602393880037141e-11,2.615146321716111e-09
window-50b0fc5c944a45c1601c,69_5608_12991,bowl,bowl,1.0,True,5.8162655247606665e-11,1.3354052585956566e-10,2.0177646012364825e-11,5.649693820414248e-12,1.899882161315869e-12,1.0,6.081995462814405e-10,2.3489877577775875e-12,7.049366299027859e-12,3.8776268307394446e-10,3.15951638185652e-08,9.216734363562407e-13,6.858018059691107e-12,1.1011274357597411e-11,3.752399432843667e-11,1.636905368196384e-11,9.206666462188706e-13,7.618566888467626e-11,8.29800117507773e-11,1.5038711378631553e-12,3.097284234643283e-11,4.0768927123124854e-10,6.293438860327516e-12,1.5046550810859927e-11,4.658486790765082e-11,4.733212710661405e-10
window-b2131a7fed14feb6032b,70_5949_13766,bowl,bowl,1.0,True,4.8315292738854154e-11,2.2839173607902552e-10,1.7910155997169497e-11,3.844204902320181e-12,3.6098431101944106e-12,1.0,1.7637044047447148e-09,6.962313364722306e-11,5.771759806205701e-12,1.5944343068063915e-10,1.2219742551167201e-08,4.402176973644645e-12,1.3757675554337823e-11,1.2008524730156012e-10,4.5573569223966715e-11,1.0715796305849068e-11,3.3179656938608915e-12,4.571591369351147e-11,2.432632151272429e-10,5.1342242089746915e-12,5.100211919462083e-11,4.1644129811224673e-10,9.860944699680019e-11,1.7208397901091743e-11,2.8350594441506338e-11,1.926772352778272e-10
window-3ede63420dc2207a4782,70_5949_13766,bowl,bowl,1.0,True,4.010128062947871e-10,3.676897675219948e-10,6.185645745615531e-11,7.102419347093658e-12,1.6127451804570647e-11,1.0,6.286226650331628e-09,1.490675916038242e-10,1.8734095871830725e-11,2.896614281766574e-09,2.449979774610256e-08,1.4032527743956802e-11,3.973504164589414e-11,3.313668506255141e-10,2.5370652800837945e-10,5.6859440766832137e-11,1.3165855558550099e-11,9.338844281225889e-11,2.5073687570653647e-10,1.486459046129429e-11,1.5362008887187528e-10,1.8860424333411174e-09,2.6142923936767204e-10,4.6512245444052525e-11,7.551007041861624e-11,4.891935190265428e-10
window-1bacce2666bb74bc0c4f,70_5949_13766,bowl,bowl,1.0,True,2.6846257855650535e-11,1.7950246844478102e-10,3.783640761811924e-11,1.6430322814092735e-12,6.185489186821824e-12,1.0,1.3689945843609053e-09,6.03909491858623e-11,4.135052109749404e-12,9.577652004821857e-10,2.165383428121004e-09,4.446445815708966e-12,8.388895481048486e-12,1.6229104171650022e-10,8.760357717019218e-11,6.760933826677196e-12,4.479422475306416e-12,4.732154251785303e-11,1.1104438896181179e-10,7.936888993254065e-12,1.8520462941040705e-11,3.53908763406352e-10,2.050068587111653e-10,1.8266119519716462e-11,3.2650881998108616e-11,1.8970200410528548e-10
window-3fb3a5a51e72a6c85270,70_5949_13766,bowl,bowl,1.0,True,8.58852433616164e-11,1.196668319991545e-10,2.9869412498939596e-11,1.762464198022673e-12,4.5202938614430366e-12,1.0,2.4773219031715144e-09,3.132599041277828e-11,1.0406669449791739e-11,1.7656633932716659e-09,3.475433274502393e-09,7.372202674715833e-12,1.6268457067591946e-11,9.118839017219216e-11,9.310156812158965e-11,1.2512584718349373e-11,5.4914449723608705e-12,6.35767619105998e-11,4.985221610520618e-11,7.594523100673545e-12,5.0788553918046375e-11,1.3179110025518526e-09,6.591798634714152e-11,2.4088663355681383e-11,2.529304370113561e-11,1.1918915854280954e-10
window-0d1afb1f0e342af75818,70_6057_13880,bowl,bowl,1.0,True,6.772062077775587e-11,1.006865771313592e-10,9.410684904953559e-12,6.302733400291582e-13,1.925245986938995e-12,1.0,3.2697142215987185e-10,3.118236571730826e-12,5.297636461454314e-12,5.157104257524914e-11,7.723347295041094e-09,1.0540868308414608e-12,5.049373679594238e-12,6.620325121442505e-11,1.304323142548025e-11,7.913428592964955e-12,8.918081659432808e-13,1.5418596954752672e-11,2.4641854529106055e-11,1.5582762944582607e-12,2.6402383751511493e-11,1.936362320487106e-10,8.129432023384897e-12,3.0884693674043673e-12,1.245417831363671e-11,3.2503621322232945e-11
window-16e3fa32643f0bbe5de6,70_6057_13880,bowl,bowl,1.0,True,2.1101270036849584e-11,1.7026869497671626e-11,5.1395246565555386e-12,2.540736989287834e-13,1.3656127010458485e-12,1.0,5.392019608585485e-10,2.5686683682857314e-12,2.936534262282242e-12,1.192366760882635e-10,2.032219503789179e-09,1.130965004807194e-12,2.8113058755940834e-12,7.75849003098461e-12,1.0986184184602621e-11,4.098837155103174e-12,6.236865407807657e-13,5.625038629331058e-12,1.1593391177622259e-11,5.975178034647866e-13,9.705930503756122e-12,1.8509772881092346e-10,5.431299073682672e-12,3.187267724052978e-12,4.754661508260538e-12,2.8304828966763118e-11
window-4c4224310a1ec9bc77e2,70_6057_13880,bowl,bowl,1.0,True,1.2005868521569596e-10,1.1475762007329138e-10,2.1566720631582825e-11,2.01229050783569e-12,4.959706690482735e-12,1.0,5.723955198710939e-10,9.615880140756428e-12,1.668515672847981e-11,5.361732238751138e-11,3.9514187477607265e-08,2.3990163154630206e-12,1.6468576502504106e-11,1.4639363332680233e-10,4.021853336477754e-11,3.07204400806782e-11,2.7006376735611015e-12,4.28140370378749e-11,7.93445587010666e-11,4.29318516501076e-12,4.6778705908856466e-11,4.4173462110386197e-10,1.9155548675042766e-11,8.317851615813332e-12,3.562920097843758e-11,1.6134413249879742e-10
window-36a1a8a79a25cce0e77c,70_6057_13880,bowl,bowl,0.9999986886978149,True,5.1645643317499434e-09,9.57169099535804e-09,2.1079138434743072e-09,3.433653084083943e-10,5.206746145347552e-10,0.9999986886978149,1.3525849773543541e-08,2.99689106864065e-10,4.207055814831051e-10,3.0924902638673757e-09,9.286425211030291e-07,1.8927021061543314e-10,5.349081733108108e-10,6.644722549964399e-10,8.380289240328409e-10,1.8489115793940414e-09,1.3845871497941697e-11,4.874040282487613e-09,1.1355304474491845e-09,1.4699388928285373e-10,1.4583224627884306e-09,2.5682746240818233e-07,9.799681066624544e-10,2.488104722253581e-10,1.0327612098848249e-09,4.811225196021951e-08
window-9180d574aa34868e0852,70_6228_14105,bowl,bowl,0.9999996423721313,True,3.0950231266757555e-10,1.819255968094069e-09,1.6232629129753207e-10,8.287301400677904e-12,3.4323578701478397e-11,0.9999996423721313,1.3074082261255171e-08,2.0794255206624257e-11,3.338769885563586e-11,2.8338609237010814e-09,3.6090798971599725e-07,1.1958275515644434e-11,5.0095257803084436e-11,6.626440507417897e-10,6.217248937900877e-11,7.727373602106624e-11,2.5141623158364546e-11,2.340425075963992e-10,1.6387675938478452e-10,1.3810331350727623e-11,2.979777535827566e-10,1.206113875440451e-09,5.1585194449366156e-11,3.4782154934021037e-10,1.090821946658771e-10,1.999620052872686e-10
window-400e3c41f04bf41df69e,70_6228_14105,bowl,bowl,0.9999997615814209,True,2.671544929722103e-10,1.1793794829628723e-09,5.3465246119266396e-11,6.578467371537444e-12,2.014007537132212e-11,0.9999997615814209,1.279502015449907e-08,2.103841059697409e-11,2.7855634465723256e-11,7.80830688995593e-09,2.3870541099313414e-07,9.12025836796726e-12,2.8989264114209767e-11,6.177500178061734e-10,1.0862647586984409e-10,7.411398578183181e-11,1.6604514638252077e-11,1.4841335105320042e-10,9.283627339096157e-11,5.451161657482606e-12,2.5462854047475503e-10,2.1207444689252952e-09,6.28202351249385e-11,1.5636156258658218e-10,5.149436432816401e-11,2.88026630324012e-10
window-2c5d5e70bdb2fd605b67,70_6228_14105,bowl,bowl,0.9999994039535522,True,1.9997492550771767e-10,1.1530700838591201e-09,6.435178778740891e-11,6.6628183005568165e-12,2.353813324806886e-11,0.9999994039535522,1.3205906590485483e-08,1.5808935757699594e-11,3.976435847263815e-11,2.2991317738529915e-09,5.855717404301686e-07,7.28654549891905e-12,4.092789995802093e-11,8.513272309329523e-10,9.46802705681371e-11,1.0884649431774918e-10,2.1142672682050723e-11,2.2408520872208015e-10,1.13931850065363e-10,7.287310511971956e-12,2.4391910713461584e-10,1.1859049298124091e-09,4.134594402960268e-11,3.64531849150751e-10,7.753651193320721e-11,4.3362527457624367e-10
window-1160c2e48f7b1eda9194,70_6228_14105,bowl,bowl,0.9999983310699463,True,4.0395078948485263e-10,8.047322808124591e-10,7.072805535690563e-11,4.372295928090075e-12,1.736909227556538e-11,0.9999983310699463,7.110388278164237e-09,7.91722069848344e-12,2.392524720007394e-11,2.0382098231408463e-09,1.6311457784468075e-06,2.818920227451449e-12,2.4548880289687602e-11,1.4316867136265898e-10,9.365352937606986e-11,1.0952737328207007e-10,9.806155887304158e-12,2.681976585261481e-10,7.657422612661335e-11,5.547325186011642e-12,1.4162356010150035e-10,1.2644746361090142e-09,2.182585882859467e-11,2.338601257090289e-10,4.1321931987248206e-11,7.988232297861941e-10
window-352543d2caecf6371a46,70_5747_13382,bowl,cup,0.9991745352745056,False,1.015484585309423e-07,3.974793401084753e-07,3.5723655855690595e-07,6.294259833339311e-07,6.078827254896169e-07,0.00014280281902756542,1.031679289553722e-06,3.9483774116888526e-07,4.053301381645724e-05,0.9991745352745056,4.653126779885497e-06,3.216355892732281e-08,2.732355369516881e-06,1.3681999178061233e-07,1.3315338946995325e-05,1.3812696408876945e-07,1.501107590229367e-06,6.926714377186727e-06,1.6676013103733567e-07,3.2246362025034614e-06,1.6391334156651283e-07,0.0005846322164870799,7.0735104600316845e-06,8.256264663941693e-06,5.759112013947743e-07,5.1989936764584854e-06
window-fc526efaf069b243a8db,70_5747_13382,bowl,cup,0.9999147653579712,False,6.1887832636386975e-09,1.5359455929342403e-08,4.735550263035293e-08,1.3098461693061836e-07,7.102438104311659e-08,5.326333848643117e-06,3.366742618027274e-08,2.0752821683345246e-08,5.766487902292283e-06,0.9999147653579712,1.469659309805138e-07,1.5865737168496707e-08,2.1954004125745996e-07,4.777069850803173e-09,1.541207325317373e-06,1.0855956134037115e-08,7.00277524856574e-08,1.0371489906901843e-06,2.0308693393644717e-08,3.2497504776074493e-07,1.5725762025908807e-08,6.737739022355527e-05,1.1222172133784625e-06,1.7825217355493805e-06,4.3151736406343844e-08,1.6729208596188982e-07
window-3ba9e6de2ef06725900e,70_5747_13382,bowl,cup,0.9998714923858643,False,1.576304065054046e-08,7.87306149163669e-08,1.254282864238121e-07,4.6608613502030494e-07,3.405821757951344e-07,2.5024190108524635e-05,1.0378159487345329e-07,4.765180960930593e-08,5.65965092391707e-06,0.9998714923858643,3.316756931326381e-07,2.834937262718995e-08,4.610978123764653e-07,1.0665359262418406e-08,1.660993348195916e-06,1.1478655359553613e-08,1.569353997865619e-07,1.0424924994367757e-06,3.801743275744229e-08,9.16368662728928e-07,2.9306686855079533e-08,8.688723028171808e-05,1.8057771740132011e-06,2.5364856810483616e-06,1.4747905652257032e-07,4.2221131479891483e-07
window-aca96965e0f096c6e43c,70_5747_13382,bowl,cup,0.9997246861457825,False,1.4285363114652228e-08,5.179347439820958e-08,8.83962201214672e-08,9.340936202306693e-08,9.68733786521625e-08,5.507979039975908e-06,6.257766216322125e-08,2.5671043957231632e-08,1.3364217920752708e-05,0.9997246861457825,3.0713567866769154e-07,4.073450554642477e-08,1.1699482911353698e-06,8.399646311829656e-09,1.1422952184148016e-06,7.4473391897811325e-09,2.537783814204886e-07,1.3211827081249794e-06,1.4547513416118818e-08,7.108599220373435e-07,2.4717003554997063e-08,0.00024762304383330047,1.7476608036304242e-06,1.4587177474822965e-06,1.1964911550421675e-07,9.879760654030179e-08
window-131e408008abb6098b3c,391_46871_93579,cake,cake,0.9999678134918213,True,2.7902167403226485e-06,1.5017312193776888e-07,7.159615478258274e-08,7.759765139780939e-06,5.706314354370079e-08,9.727864380693063e-07,0.9999678134918213,1.1535505706206095e-07,2.8343343672077026e-08,6.283401887685613e-08,2.6625398774626774e-08,2.287306344328499e-09,1.8450115021551028e-05,1.3048025993001033e-09,3.327403774733284e-08,4.808251219401427e-08,7.662843586331292e-07,1.3216987326813978e-07,5.376558078751259e-07,2.767890450172672e-08,1.2194327325687482e-07,2.839604817950203e-08,4.212653337276606e-09,1.4232091061217034e-09,8.123141981286608e-08,6.6066974113709875e-09
window-c7055c160f9acdc28400,391_46871_93579,cake,cake,0.9999951124191284,True,1.9031003262170998e-07,1.6054231721795986e-08,2.8381608174754547e-08,1.4814597761869663e-06,1.2418556849524975e-08,1.72073654880478e-07,0.9999951124191284,1.4855781493849918e-08,2.9161464354388045e-09,1.1809436095688852e-08,5.173376727007906e-10,8.741825041624907e-10,2.8279507660045056e-06,1.0775432629506199e-10,2.0972468206537087e-09,1.2393828185963685e-08,6.850298461813509e-08,4.8119698448090276e-08,1.1457171211759487e-08,1.5298869948665583e-09,1.1035141689319516e-08,3.0825151320357236e-09,7.509766697388898e-10,2.5268487302554377e-10,9.958283975208815e-09,1.0497716029789217e-09
window-7434fa4898152e25c039,391_46871_93579,cake,cake,0.9999943971633911,True,7.308268550332286e-07,2.9748584040589776e-08,2.4426684674949684e-08,1.3434403172141174e-06,1.0596102661963869e-08,3.429114485697937e-07,0.9999943971633911,1.4893220878775537e-08,8.866404499485725e-09,1.9932485884055495e-08,2.727613024333664e-09,5.585498730198424e-10,2.9682048534596106e-06,1.729029835972895e-10,1.0192622745819335e-08,1.693388185231015e-08,7.559665959888662e-08,2.6265004393621894e-08,3.634492484749785e-09,4.2254235665950546e-09,1.1730428184364428e-08,8.834870612872692e-09,1.3937609955050334e-09,2.98006896937153e-10,3.2112065895262276e-08,2.5873923004127164e-09
window-b0a860b31dcd79667b25,391_46871_93579,cake,cake,0.9999979734420776,True,1.0293945962303042e-07,6.098108684682302e-09,6.184648793094993e-09,1.0733219824032858e-06,2.346747463022325e-09,2.7520284717752475e-08,0.9999979734420776,6.763355209216115e-09,1.3238565799156277e-09,3.877280718711518e-09,4.41470110468245e-10,4.481116519516881e-11,8.505174378115044e-07,3.697642192435069e-11,1.1794762944106196e-09,1.9741590584487767e-09,1.777948455128353e-08,3.4815035299118335e-09,5.256808321973949e-09,1.3038243817931061e-09,6.520701312240362e-09,9.950276158576798e-10,3.2467942223668445e-10,2.5674153775190334e-11,2.948965294180539e-09,4.741362302773666e-10
window-65899bca80870d8f3e48,42_2008_6247,cake,cake,0.9999732971191406,True,3.1312404757954937e-07,8.517152139120299e-08,6.18184614609163e-08,1.3300195389476244e-09,5.06796277477406e-06,4.725128803784173e-07,0.9999732971191406,6.958713072435785e-08,1.7201549906697977e-10,1.607460262675886e-07,1.301114860297048e-08,2.1498001601116812e-08,1.1841505198617597e-07,2.0469333321671e-06,1.8375979848883617e-08,2.9354987773899666e-08,5.085229126677859e-09,9.784478152141673e-07,1.6844063793541864e-05,9.491729180410857e-09,1.779433773663186e-07,8.86496653862423e-09,1.921251246983502e-08,3.9323122535961375e-09,4.0179568117082454e-08,1.9983598065209662e-07
window-41ff688cde1003d036ba,42_2008_6247,cake,cake,0.9999912977218628,True,3.488942468266032e-07,1.8584140093480528e-07,1.1785696862887107e-08,3.387568625612403e-08,2.3519847403008498e-08,3.741052623240648e-08,0.9999912977218628,2.3352800582188138e-08,1.4605405773693292e-10,4.5717439434156404e-07,5.054974661078404e-09,5.106382872099857e-09,2.753727024185082e-08,6.529481844097518e-09,3.637386836174983e-09,3.412008808822975e-08,2.3716648644978022e-09,5.227437895882758e-07,6.6178854467580095e-06,2.868489001883745e-09,1.2224840872931964e-07,9.091885466716576e-09,4.551258481200193e-09,1.715000808033551e-09,1.2382061598259497e-08,1.640116664702873e-07
window-83f98551e49926f9fe9a,42_2008_6247,cake,cake,0.9999973773956299,True,6.292502234828135e-07,9.8579441498714e-08,1.0560502694545448e-08,3.113989510694637e-09,2.5611291221139254e-07,2.2682775124849286e-07,0.9999973773956299,5.3417910095276966e-08,4.3921116743561583e-11,7.50717035202797e-08,2.127145215524706e-08,2.2056658721680833e-09,4.495074179544645e-08,8.065789813826996e-09,1.042047670374302e-09,4.4032404389326985e-08,4.045857537882114e-10,1.0181621235005878e-07,8.049108259911009e-07,4.4517509123487287e-10,2.404744918749202e-07,2.7114892553470327e-09,4.1170653553024295e-09,4.3629741486306273e-10,1.3623313144250915e-08,3.3492785433963945e-08
window-6b2c0437c6b5231758a3,42_2008_6247,cake,cake,1.0,True,7.36574845561222e-09,9.83458292580508e-09,5.272008385404092e-10,2.2661049425831692e-10,3.2760332224768263e-09,7.693731207680798e-10,1.0,5.239908507093105e-10,1.277159628054747e-11,1.401641913645335e-08,4.23391599557732e-10,7.341840330132854e-11,2.3406010463133953e-09,7.672405766268042e-11,7.583135508415495e-11,2.5043302986915705e-09,3.119334512913241e-10,7.680305280644006e-09,3.69241917042018e-08,8.204799339939228e-11,1.922012771160553e-09,4.4038525603973255e-10,1.6255002899256965e-10,6.7263375425064e-11,4.2269765465619e-10,5.892443755151078e-10
window-6477aab26f2117ae3626,620_101209_202956,cake,cake,0.999997615814209,True,4.583721402440233e-09,2.1530091487420577e-07,8.736672185705174e-08,6.249399331359484e-10,8.417855212883296e-08,1.3211225002862648e-08,0.999997615814209,7.186325756691758e-09,3.3814944178089945e-09,2.4794337694089563e-09,3.0741134637857215e-10,3.3629973472670827e-08,4.96137261052354e-07,1.44604797469583e-07,1.746404798552703e-08,1.8159978409926225e-08,3.122748921668972e-07,2.561592893357556e-08,3.4398294701531995e-07,3.9102579307837004e-07,7.50436246477193e-09,3.8267558011284564e-08,5.244670830961695e-08,3.3314573322229535e-09,1.0406342454416517e-08,7.353626596540153e-10
window-c12b3dc895267b9a3540,620_101209_202956,cake,cake,0.9999973773956299,True,5.382719159285898e-09,2.5365739020344336e-07,8.010279373138474e-08,6.735181301564808e-10,8.964827458157743e-08,1.5677706244332512e-08,0.9999973773956299,9.926769628521015e-09,3.512912183367689e-09,2.20195839339965e-09,4.801569697399088e-10,3.243731683255646e-08,6.309412015070848e-07,2.5921346491486474e-07,1.7948062591699454e-08,1.9228520997671694e-08,2.8546679686769494e-07,2.8804214124988903e-08,4.331175205152249e-07,4.374701347842347e-07,8.585023358875787e-09,4.161769950883354e-08,5.455091667272427e-08,3.995712205551172e-09,1.1573914271423291e-08,8.546656715680001e-10
window-b42840ab6854b90f1989,620_101209_202956,cake,cake,0.9999982118606567,True,3.805422643665679e-09,1.9052453126278124e-07,6.009975805909562e-08,6.089471149550718e-10,6.523617912534974e-08,1.1320163473271805e-08,0.9999982118606567,6.152236498024877e-09,2.312106284207971e-09,1.6064931607218114e-09,2.9398777856570746e-10,2.353005967847821e-08,4.45410989868833e-07,1.48364662777567e-07,1.3548564936627372e-08,1.6130586644180767e-08,2.100886860034734e-07,2.1746394907040667e-08,3.421163796701876e-07,3.1569101111017517e-07,6.075541403305351e-09,2.8314325106748583e-08,3.643559409738373e-08,3.064568376842658e-09,9.052029348310953e-09,5.44178813122187e-10
window-0339a7c66bebf6d0df78,620_101209_202956,cake,cake,0.9999986886978149,True,2.4416995092479965e-09,1.2358965761904983e-07,4.9968654991516814e-08,4.337267212051188e-10,7.33435356892187e-08,9.449393267857431e-09,0.9999986886978149,3.867460574014103e-09,1.7291668097385582e-09,1.2104430791026743e-09,1.8654992828270878e-10,1.7258068751857536e-08,2.833185703821073e-07,1.31484114263003e-07,1.0726800780958001e-08,1.0089185487061059e-08,1.5655861318464304e-07,1.5981544976284567e-08,2.1856466503322736e-07,2.095109579158816e-07,3.850546104189334e-09,2.092835948985794e-08,2.3242058944106248e-08,1.9794199612732655e-09,6.900097826445517e-09,3.921377111915092e-10
window-c97961b2cf827900ccf1,385_45669_91341,carrot,carrot,1.0,True,1.4181253948919448e-09,3.5155853922441693e-11,2.269367360696606e-09,6.792958417989325e-10,1.4852021834599327e-09,5.466698274614323e-12,1.5853611479155205e-10,1.0,1.6065321295499757e-10,4.7066350816749036e-11,4.430667638333219e-11,1.4551248227190339e-11,2.66293764816794e-10,1.505682904745509e-11,3.47948232726214e-11,4.689597668527945e-12,2.13694076323101e-10,2.529937648265701e-10,3.9634087678486196e-10,2.185877590044072e-10,3.199328996172923e-11,7.340006380474051e-11,1.9448570531821474e-10,1.691375234313952e-10,1.4795260502853402e-11,6.6123083571068e-12
window-6301941785c5831fa008,385_45669_91341,carrot,carrot,0.9999998807907104,True,1.4865999986568568e-08,5.163149352505059e-10,7.647225075402275e-09,1.909706170977188e-08,6.092760962417287e-09,6.677633446194875e-11,6.8562879818045985e-09,0.9999998807907104,4.423747590465155e-09,5.057204655045666e-10,6.75753675238866e-10,1.832838741888665e-10,8.398417072896791e-09,1.6534616731345153e-10,5.952902060180065e-10,1.5817758214353717e-10,2.597800863313182e-09,2.3663038195564923e-09,7.546262281721283e-09,2.779675378761226e-09,5.913001199786549e-10,9.092270825128423e-10,2.459187298242682e-09,9.994042260430547e-10,2.9998628581218156e-10,5.0344024088433414e-11
window-97de4a40ab3b239b56b8,385_45669_91341,carrot,carrot,1.0,True,1.8531507439689676e-09,5.165373684334895e-11,1.8396976164680723e-09,1.8746124652579965e-09,1.7022601106475577e-09,7.93950842570279e-12,6.204744495974523e-10,1.0,4.3796025139819506e-10,6.68234842460258e-11,9.538651812857069e-11,3.097254744344191e-11,5.38481481626718e-10,1.6052202969629725e-11,5.459208779479141e-11,1.4267461344308341e-11,4.1169875841795545e-10,2.31784938464763e-10,8.959422648224802e-10,3.194379483151266e-10,5.056103105638421e-11,1.175314706669539e-10,2.455980141480296e-10,2.7765004184665543e-10,2.3517458813682168e-11,7.925890846416372e-12
window-b483f1cbae1b9a4c04b1,385_45669_91341,carrot,carrot,1.0,True,3.400842052414532e-09,8.626893643892686e-11,1.0087120472235256e-08,2.5761348609876222e-09,3.450479457711708e-09,2.486659662903623e-11,7.64755758719815e-10,1.0,6.277069974913729e-10,7.217353104049806e-11,1.2547268779528054e-10,1.5574420225705765e-11,1.1334004845764412e-09,2.121863448834027e-11,2.259251535852158e-10,2.025190605492444e-11,9.017351865203693e-10,6.379215489182855e-10,1.3536209930720133e-09,9.050227789408893e-10,1.2630153867210225e-10,2.610002491909569e-10,6.612668190797422e-10,2.218602662695801e-10,4.3180049813518195e-11,2.2684952874496567e-11
window-68980e05bc83dcb70fcc,398_50466_99066,carrot,carrot,0.9999994039535522,True,2.7457721429868798e-08,3.864336850512018e-09,6.8010770348792e-08,1.2581898545249715e-07,1.7348973813113844e-08,9.011139612269403e-10,1.9607583112701832e-08,0.9999994039535522,5.852805529116267e-08,7.163699633494502e-10,1.4818877236422168e-09,1.011960071295448e-09,8.714153665323465e-08,1.6636479971410267e-09,7.1016401648194005e-09,7.753581665603804e-10,6.168588306820766e-09,1.5958955046357914e-08,4.203886661002798e-08,1.8405222235173824e-08,6.880783054441508e-09,7.59768870040034e-09,1.2507126712080208e-07,2.755171868429329e-09,1.524094739302484e-09,1.4855441321515173e-09
window-c5ed78970ef5e649c7ac,398_50466_99066,carrot,carrot,0.9999969005584717,True,8.299887355178726e-08,1.4045659213479667e-07,7.052088335512963e-08,2.431957852877531e-07,2.4528418407498975e-07,6.385370898698284e-09,2.1140323269719374e-07,0.9999969005584717,9.734546324580151e-08,8.43840641806537e-09,1.4606338361033977e-08,1.0220973400976163e-08,2.4648809926475224e-07,2.7197881991014583e-07,4.29480273567151e-08,4.667744857300704e-09,2.0261493816065013e-08,9.456395133611295e-08,6.80309639733423e-08,1.928282244989532e-07,6.449820233456194e-08,4.331955949510302e-08,8.623396752227563e-07,3.0669809802930104e-08,8.984761379338124e-09,9.174700110747835e-09
window-b7e1bd686be31479a92d,398_50466_99066,carrot,carrot,1.0,True,2.792003073182059e-09,3.929354064347024e-11,8.864674549968754e-10,4.274611331567257e-09,1.253195058836809e-08,2.945825527955748e-11,2.668668064309543e-10,1.0,7.761442599729662e-10,2.8541358512712556e-11,8.706005361069913e-11,5.5040728919042436e-11,1.6669046143391597e-09,3.838433390579432e-11,4.3877609878784085e-11,1.7356900638976214e-11,4.426596242335101e-11,6.114797002076955e-10,2.2340488570193884e-08,2.2704442492749166e-10,2.2506496666352405e-10,2.0067655870370515e-10,1.3589551706161274e-09,8.497974546273213e-11,2.687018142710773e-11,2.332843640484583e-11
window-ba9c592c496783f86657,398_50466_99066,carrot,carrot,0.9999998807907104,True,1.9639923021230743e-09,5.951732995335135e-10,1.464024190767077e-08,6.093899607151343e-09,2.5884283605392966e-09,3.28386373649181e-10,2.1946860329080664e-08,0.9999998807907104,1.678469585542075e-09,2.0939373499007097e-11,1.9329302047843555e-10,7.826449488490539e-10,4.387463281574355e-09,1.28165089652299e-09,4.455678048742584e-10,1.3726987602158403e-10,1.4406689174961684e-09,1.2219408818125999e-09,8.133599571635841e-09,2.3555817296738724e-09,5.063893748769033e-10,1.3099764606394615e-09,7.785465605536501e-09,6.092769622156879e-10,2.1477443434836374e-10,1.0988912557685637e-10
window-f8b7cb1b9ed754290774,399_51327_100768,carrot,carrot,1.0,True,6.112986505879547e-11,1.5985923522421341e-12,2.2867986670949136e-10,2.2977234698240423e-11,2.2427133761215856e-10,3.685949928524529e-13,7.0728405771047775e-12,1.0,1.1363800525576728e-11,2.2203656014491147e-12,1.2874115835892486e-12,4.554285009013281e-13,6.941085206602082e-11,1.2083598011081165e-12,4.55816287492361e-12,3.3521292295765615e-13,4.181561347182949e-12,1.5691004051632262e-11,6.798706563004853e-12,1.1317554532430663e-11,5.357670904149181e-12,1.873094127718966e-12,4.760846161744325e-10,1.255834086895391e-12,2.7975839418485637e-13,1.978671268715662e-13
window-37ba31d04aae19968210,399_51327_100768,carrot,carrot,1.0,True,2.2855646542030428e-10,2.8032420135160052e-12,5.086875920490286e-10,1.8001539148215784e-10,7.22756410276304e-10,7.577445615414291e-13,8.407011198308112e-12,1.0,3.7543464864731035e-11,8.405247851894782e-12,2.5477456516015407e-12,3.1207772911018283e-12,1.398305360389429e-10,2.674365720198302e-13,8.067999393568392e-12,8.351183243202054e-13,1.7712709771133817e-11,3.95903206051873e-11,3.1127059263447165e-11,2.1453484821964963e-11,6.8492073991566205e-12,5.479653189532918e-12,1.839784435908598e-10,7.024816926076705e-12,5.074541589884796e-13,2.451721822522429e-13
window-c2675a9f4741d8faaf36,399_51327_100768,carrot,carrot,0.9999988079071045,True,9.984548299257767e-09,1.0240306380637776e-09,8.991704589789151e-07,1.1389409415585305e-08,6.249735662322564e-08,4.0918374244469646e-10,4.578824874812426e-09,0.9999988079071045,4.470598558015126e-09,6.377905981125309e-10,4.650804186212554e-10,1.0826418928022719e-10,2.8189097722730594e-09,3.755590283205379e-10,7.309363114771372e-10,5.536052172239181e-11,1.2731657950126873e-09,4.370303230416539e-09,1.4036700690667203e-09,2.04385552926567e-09,3.713273577510279e-10,6.9185052131715e-10,1.5129099040223082e-07,1.016998041336592e-09,1.7393010642852147e-10,2.0776329268112903e-10
window-03bfe5fdaa7687bdfac2,399_51327_100768,carrot,carrot,1.0,True,2.243102786847473e-10,2.911450247555791e-11,1.3586207714411103e-09,5.142030135019127e-10,5.719557050198887e-10,3.765173069159022e-12,1.2016612704890406e-10,1.0,2.1199510202851712e-10,2.3436946827715133e-11,4.353762142472739e-12,9.094967834410994e-12,2.532593024184848e-10,1.2862088781193104e-12,2.9813006230394734e-11,6.726667833856226e-12,1.0406298045495532e-10,1.6734566510301363e-10,5.707131295329404e-11,7.546975544503454e-11,2.7459267498697315e-11,1.8439992588437093e-11,3.812360205301957e-09,1.1375575828531659e-11,2.9079080723221074e-12,1.067820961861421e-12
window-5c9d1f816dfbc3e92447,477_67631_132226,carrot,carrot,0.9999998807907104,True,1.0500269542745855e-09,9.273416756716557e-11,1.0006335315893011e-07,3.787911762032081e-09,2.1236294667215105e-10,1.0134931956173876e-11,7.180457617383951e-11,0.9999998807907104,5.483889731205949e-11,4.379816648247825e-11,1.552675522875635e-11,1.6338546834915313e-11,1.1851065961909768e-10,2.6824603302499916e-11,4.462233013646788e-11,6.273232367598469e-12,9.691135394174211e-11,1.2262853232858362e-10,6.361305371349602e-10,8.739128171120214e-11,6.39191477525003e-11,4.829731753419608e-11,4.0063202755291627e-10,2.673037138856138e-11,6.272741874535637e-12,8.487132871493053e-12
window-91b9114ba2aa07bb5c2e,477_67631_132226,carrot,carrot,1.0,True,2.7130830915211845e-10,5.577496797748438e-12,1.596930088165749e-10,1.4132346681794417e-10,1.9169740794744428e-10,9.685694087047114e-13,7.644811866880374e-11,1.0,3.391180738998578e-11,2.600117170181715e-12,4.13401908191946e-12,2.6196805141820434e-12,4.95569973946175e-11,3.6211663008434147e-12,1.600912111210384e-11,1.842437227089766e-12,3.418051952586154e-11,3.612476290326683e-11,1.3765137640842084e-10,5.59223188589808e-11,2.0861878197164785e-11,1.147021973929574e-11,7.293965431642846e-11,1.1512389999634998e-11,1.2087516317732527e-12,1.2961138239064862e-12
window-0ad2e10fdd82e64e2bd6,477_67631_132226,carrot,carrot,1.0,True,4.836748015990544e-11,1.9483191102120934e-12,2.0271162526341868e-10,5.39408448463341e-11,1.4531424674668614e-10,3.104224505483949e-13,4.480516218458019e-12,1.0,9.669381614840766e-12,8.4365479012527e-13,1.9151156355201593e-12,7.403297809863152e-13,2.1886799664305734e-11,9.4650437661159e-13,3.906731275288289e-12,3.6711877027945095e-13,4.802292244421302e-12,6.729850184072905e-12,1.896704321380227e-11,8.149738696394682e-12,5.652690121538129e-12,2.257487599632846e-12,5.634974431512063e-11,2.345893878458183e-12,2.6683890557224754e-13,2.610735520998386e-13
window-6cd3b617d543d78d327d,477_67631_132226,carrot,carrot,1.0,True,2.5318382806949202e-11,1.1713349908071269e-11,4.866528846569906e-10,1.8818695213251857e-10,5.270590630601646e-10,3.924751149075867e-13,8.858255383555058e-13,1.0,1.1441012720547761e-10,2.646483726609361e-12,4.912557340086554e-12,3.668895395825267e-11,6.0366273611778265e-12,1.245990463583091e-11,4.250466298372224e-12,6.392628397119959e-13,2.1092043042680864e-12,9.546327270348876e-12,6.147560932534546e-11,4.884760131107502e-12,1.67825042057812e-11,4.315680625366358e-12,1.5041021206307903e-10,7.360597374661548e-12,4.122025529067208e-13,3.731919721167154e-12
window-8e0aadd1a161da786a18,506_73066_142318,carrot,carrot,1.0,True,2.5291801986071505e-10,3.071140347241097e-12,1.2431715656902043e-09,1.2592846210246478e-10,8.46384740071926e-10,7.908717084004202e-13,3.019021838079894e-11,1.0,7.685656798483986e-12,8.985353151629016e-13,1.3715513100254206e-12,8.334220358112432e-13,2.1082642576164545e-11,7.433776359234978e-13,2.820005947506976e-12,5.422342804796421e-13,3.817716975884622e-12,1.8973048826476102e-11,3.082221283756681e-11,8.949490454268627e-12,3.918245936040954e-12,4.130377897343385e-12,1.2011686090218632e-10,2.7459254488271245e-12,9.327797865707477e-13,2.6480477966633886e-13
window-224f2d7291c7a504adc0,506_73066_142318,carrot,carrot,1.0,True,7.180968597531034e-10,4.448653945221537e-11,1.5749197501691015e-08,4.1715916831996935e-10,7.790735834234397e-10,8.169160660431718e-12,2.418129585457507e-10,1.0,5.456866555841877e-11,1.0047473270047291e-11,9.392178874911838e-12,3.8373406015257405e-12,2.5055282848462923e-10,4.9094660628523634e-12,3.973079504282495e-11,6.4184595138794265e-12,1.6694523541360695e-10,1.330394405751889e-10,5.340869413394955e-11,1.7475766667107706e-10,4.131774783422415e-11,5.56491831782413e-11,9.331281303204264e-10,1.986792674824045e-11,7.563384814279761e-12,5.5921118430335426e-12
window-92d6f1d2cae9b7eec02d,506_73066_142318,carrot,carrot,1.0,True,4.79339970493875e-11,9.513967304947135e-13,1.0696504793017425e-10,5.1116454818922463e-11,9.10545666643614e-11,1.740568274363405e-13,1.2653561358433318e-11,1.0,6.273616175167529e-12,3.415409231474764e-13,7.255329149968848e-13,1.2677609884190894e-13,9.30188044645508e-12,1.5662045770546695e-13,3.068341587753043e-12,1.7922954244874167e-13,3.728163177479926e-12,1.0709197417746452e-11,6.362221513511734e-12,1.188288530074022e-11,1.951413423212367e-12,1.9749885320913263e-12,6.426842391604737e-11,2.1463091720574923e-12,2.8565293034611694e-13,2.0770062373557524e-13
window-24022b7443c07e5bf38f,506_73066_142318,carrot,carrot,1.0,True,6.454854983850566e-10,2.493132610081883e-11,3.3804898880163137e-09,4.0944497792239076e-10,1.1414469369697144e-09,8.311111347747424e-12,1.447466174697709e-10,1.0,9.314028714957345e-11,3.8015805781110856e-11,1.711435854145904e-11,1.2746262378904305e-11,2.436760515589498e-10,5.331167798883207e-12,9.734078820766712e-11,5.551324590985507e-12,5.581405129739814e-11,1.3638856710684877e-10,3.2689720375067566e-10,1.4024266470347158e-10,3.6083098314820816e-11,3.792838959570943e-11,9.104523801539699e-10,3.6388305563184176e-11,7.818624220279347e-12,3.2161526046514677e-12
window-5b86ff76fdcbf87ce282,216_22847_49082,chair,chair,0.9993808269500732,True,4.94539676765271e-07,1.9728675397345796e-05,1.8908451238530688e-05,5.329806299414486e-05,9.277851859224029e-06,1.0427558549963578e-07,4.838077316549061e-08,4.823744802706642e-06,0.9993808269500732,0.00014665980415884405,0.00012197175237815827,2.194477383454796e-05,7.2466631536372e-05,1.2585127251441008e-07,6.162862860037421e-07,6.22161735464033e-08,2.0180199555852596e-07,2.05355590878753e-05,2.0585885067703202e-06,2.390876385760521e-09,2.6989737307303585e-06,0.0001207029345096089,9.193337291435455e-07,1.2246593996678712e-06,1.0488810708864094e-08,2.79649782441993e-07
window-196b749ca6e18aef06a3,216_22847_49082,chair,chair,0.9999164342880249,True,2.1643377579039225e-07,2.8904853479616577e-06,2.113700020345277e-06,4.420049663167447e-06,1.3001459819861338e-07,5.027717406846932e-07,1.0084379198360693e-07,5.354785344025004e-07,0.9999164342880249,3.201553045073524e-05,1.790567512216512e-05,7.714068033237709e-07,3.759536468805891e-07,1.2560737161493307e-07,1.1777949566749157e-06,2.4565501632878295e-08,1.7192585133329885e-08,4.985112354916055e-06,5.926427206759399e-07,3.847725693617576e-09,2.784990556392586e-06,1.041648556565633e-05,3.0988371690909844e-07,2.8356177494970325e-07,1.344600430996934e-08,8.134107929436141e-07
window-7242998ed24877f46e61,216_22847_49082,chair,chair,0.9997530579566956,True,2.0038073671457823e-06,1.7303751519648358e-05,3.3251731110794935e-06,3.9466303860535845e-05,5.467804840009194e-06,1.4859568864267203e-06,1.092729007723392e-06,3.3791638998081908e-06,0.9997530579566956,5.93194090470206e-06,8.571212674723938e-05,3.3597584661038127e-06,3.714699005286093e-06,3.839424607576802e-06,1.188197529700119e-06,1.480549798316133e-07,1.8338123197736422e-07,1.147181865235325e-05,7.258801815623883e-06,5.032966043927445e-08,2.3158203475759365e-05,1.731089832901489e-05,1.1005917031070567e-06,5.284172743813542e-07,7.359777498550102e-08,8.371004696527962e-06
window-b71c176bd221529ba384,216_22847_49082,chair,chair,0.9988223910331726,True,8.352968507097103e-06,0.000149628147482872,9.819692422752269e-06,0.00018189063121099025,2.150643922504969e-06,8.315675586345606e-06,7.208964802885021e-07,4.120124231121736e-06,0.9988223910331726,3.890068910550326e-05,0.0005050462787039578,1.2989247579753282e-06,2.7833857529913075e-05,9.682426025392488e-06,2.9247305519675137e-06,6.748920213794918e-07,3.010869136232941e-07,3.065885175601579e-05,4.294134214433143e-06,3.06631910973465e-08,0.0001147099828813225,6.374764780048281e-05,7.633848326804582e-06,1.875140014817589e-06,2.1627573687510449e-07,2.659766551005305e-06
window-262b95ea2f2d67590bd0,465_66075_129693,chair,chair,1.0,True,8.437729715502027e-15,1.4531735190170814e-13,9.952776043641379e-15,2.255904664461017e-11,3.361406476515977e-13,2.610204153513651e-12,1.1491596892544264e-14,1.4943231927463246e-13,1.0,8.357971433003986e-13,9.819095271026632e-14,3.8998467649653534e-11,3.7318466459407285e-13,2.78598504536336e-14,6.622780665890837e-13,1.1570471414746458e-13,2.4187360014166215e-12,5.607114707435745e-13,3.357360223166239e-11,4.0678642942439894e-15,6.839194575253282e-12,1.8662162093452395e-11,3.926113991206681e-13,1.1272435892703547e-12,2.764632598371841e-13,8.254183605062651e-14
window-a52462fb8f0ad3fb3dca,465_66075_129693,chair,chair,1.0,True,8.324942298021387e-13,4.528517751761774e-12,1.0808594687675144e-12,1.9790064031965926e-10,8.996538757022332e-12,4.6234799322419917e-10,2.8345481886161983e-13,4.723585238231021e-12,1.0,2.785427444251809e-10,2.4401453080358237e-11,1.6919342593624265e-09,2.112063648973539e-11,1.7054261648719038e-12,1.4430417971666998e-10,4.970986296204405e-12,3.233770889954357e-11,4.15927500774238e-11,8.607010659744674e-10,3.6056986389698675e-13,1.1446469466713793e-10,3.677816384772825e-10,1.659872239656579e-11,7.346266650554156e-11,7.590293844839113e-12,3.464694503518828e-11
window-43a9489039b93db5b02b,465_66075_129693,chair,chair,1.0,True,6.175203577651889e-14,2.8380214302757556e-13,2.636114525451927e-13,1.1863053595018158e-10,9.9080344623248e-12,8.063433948324317e-11,1.6784024257227026e-13,6.521148638444219e-13,1.0,8.893710420898593e-12,7.469536057388981e-13,2.1576687658786398e-10,1.0107539805126464e-11,7.549137774317052e-14,3.696669706454436e-11,1.1969980128617719e-12,5.1358230168663255e-11,7.38675613731754e-12,3.574691098684468e-10,3.140923935870954e-13,1.992500262004704e-11,2.573843568831613e-11,3.790479215226572e-12,3.972910975896804e-12,9.278632549791777e-12,1.7733726813407014e-12
window-6e4519dac82483b6dc59,465_66075_129693,chair,chair,1.0,True,9.56334404028647e-13,7.2428473808783256e-12,2.48680069592222e-12,1.5710726053441704e-09,7.032216822744353e-12,2.1249263459921508e-10,6.356153667633202e-13,7.961739774409171e-12,1.0,2.957169231709855e-11,6.880829239719333e-12,1.723215459215055e-10,4.882387549809408e-11,2.515759302268439e-12,5.964059801577548e-11,3.757554163652532e-12,2.875858717832358e-10,3.3692024864473424e-11,2.800413900772014e-09,1.1394223238536672e-12,9.937261430392752e-11,2.0081708518304708e-10,7.818032332629343e-11,4.273563447565465e-11,3.053892555504589e-11,3.065457826814666e-12
window-01fad0ee21ef2bddebd0,62_4327_11547,chair,chair,1.0,True,5.4773854722689475e-12,1.465561526303727e-11,4.113955703877181e-11,3.2948010986189047e-09,6.410317832106216e-10,1.0557740792727088e-10,4.945159733094062e-12,2.2057702886435493e-11,1.0,2.3381280245260427e-10,4.982396006186773e-12,6.205927993718774e-10,1.2500044055396842e-10,4.6354597244002704e-11,2.3086355743773268e-11,5.665729604226177e-12,1.147427930447975e-09,4.363060468470792e-10,2.30700036851772e-09,1.518523640164915e-10,1.4798937075788388e-10,8.020030750621743e-10,1.1639527536244643e-10,3.4543629068295445e-10,1.3453888003667203e-10,5.11804270839078e-12
window-f85c293d506998366e72,62_4327_11547,chair,chair,0.9999983310699463,True,7.64181873336156e-09,1.2099746093952035e-08,1.1720829462547044e-07,1.8981182847710443e-07,3.6451567098083615e-07,1.106217339952309e-08,1.1420897561009724e-09,5.316767470731065e-09,0.9999983310699463,1.2796081705346296e-07,2.6130329011664344e-09,2.0233147779435967e-07,3.869445563964291e-08,1.1299736257797122e-08,9.371062148488818e-09,2.373573337877133e-09,1.1726486803809166e-07,1.8410477764518873e-07,1.293689564363376e-07,3.0635927128486173e-09,4.2313619275091696e-08,9.813379620027263e-08,6.366020155468277e-09,1.947413252878505e-08,3.707069851088818e-08,5.622334597887857e-09
window-2d9c0c2efbff34ea4db4,62_4327_11547,chair,chair,1.0,True,6.782680970693344e-13,1.3854230263010692e-12,7.823756399683024e-12,3.631759892819275e-10,6.364312549189677e-11,5.974865047164712e-11,1.71848071797015e-12,2.999076247761634e-12,1.0,5.7237669465193264e-11,1.6973910341513965e-12,3.543660365146195e-10,1.0412710971241523e-10,3.918096316141151e-12,3.624338025878804e-12,1.5459638777470808e-12,3.6408318027092434e-10,3.6582181728306296e-11,1.1010172773495697e-09,7.682359089156154e-12,3.891836505842683e-11,3.0574376364000955e-10,1.570729483979516e-11,8.827836378566545e-11,2.0572044068245532e-11,1.6016565244220127e-12
window-40e1d14f35037547dd5a,62_4327_11547,chair,chair,0.9999663829803467,True,1.8978990823370623e-08,1.4123478386807164e-08,8.107944893254171e-08,3.0442268325714394e-05,3.703854076775315e-07,4.1453532162449847e-08,2.4710189450161124e-09,9.282282498190852e-09,0.9999663829803467,2.4525238018213713e-07,2.4039867874137144e-09,1.5965011357366166e-07,1.0032850639163371e-07,2.230427220695219e-08,1.501562252315125e-08,2.4347193150475732e-09,3.9684252328697767e-07,3.7135802699594933e-07,7.69985604165413e-07,1.0386392546024581e-07,4.8454566581312974e-08,1.9418239105561952e-07,4.3510176794825384e-08,7.933338963539427e-08,9.264528699759467e-08,3.341439791526568e-09
window-e6d533fa0b9d42ea6f6b,573_83721_165787,chair,chair,0.9999998807907104,True,2.113211862442288e-11,9.962183300515903e-10,8.203797363659504e-11,1.4390184599477607e-09,9.610846563035125e-10,5.828175275723879e-09,1.0376981912640915e-10,1.3091290551603407e-10,0.9999998807907104,9.797650885046139e-11,3.872247855696287e-09,2.8380606309497125e-08,1.5874828118711548e-09,1.8756483866066986e-10,3.7136174690921564e-10,1.6634353616762354e-10,1.7386861395074504e-10,9.532544753554362e-10,7.101697896416681e-09,1.1200258602517277e-11,4.800485786660147e-09,2.3773012447492192e-09,4.7299879291085034e-11,1.7020318487936947e-10,5.837250127704863e-10,6.638061478270174e-08
window-acd581ccc05ad40b8e9f,38_1705_5096,cup,cup,1.0,True,1.6778454168565882e-13,8.484608848835506e-12,6.151483944623337e-13,3.4774020143436835e-13,8.146366393957383e-12,1.5888325377577672e-11,9.916419356666151e-14,1.8892645694407184e-13,5.095189678158696e-13,1.0,8.520335478823249e-12,3.3637877639575153e-12,1.202148406861947e-12,7.068679680217321e-14,3.135752020457655e-13,6.904746194155145e-15,1.331265555692268e-13,9.848007825885574e-12,2.446517923145042e-13,2.717486337951852e-13,5.109768402671022e-13,1.589460785211827e-10,2.8014741568216373e-11,7.628130765935381e-12,8.625585055238583e-13,2.821808325198516e-12
window-62e27d056ff416bc86f7,38_1705_5096,cup,cup,1.0,True,3.743788048668484e-13,9.92698891838506e-12,4.090712415073111e-13,1.7061223310868567e-12,5.611798803428769e-10,5.747653871943093e-13,3.257570537103238e-13,1.7447530236986558e-13,2.0745238209565753e-13,1.0,1.8882072988501974e-11,3.649059353294515e-12,2.6637069286405968e-12,3.5846247980553594e-14,1.6645723428104775e-13,7.407485235822516e-15,4.923742891269761e-14,3.324397007675728e-11,7.84383408919398e-13,1.553639758077735e-13,8.140320015281866e-13,2.0223805269337092e-11,2.107304469811666e-10,1.1368569280412189e-11,5.086382703911596e-13,6.139718507908176e-12
window-6d524e37f715112e548c,38_1705_5096,cup,cup,1.0,True,2.767699481057151e-12,1.3925854913665603e-10,2.754328449344756e-12,2.2335245632165712e-12,1.2058888332333595e-09,3.501577283335222e-12,1.1724989468914204e-12,3.726002145709728e-12,3.968366867751483e-12,1.0,2.910352514540193e-10,4.722947727353599e-11,9.07959887830323e-11,4.10141755627369e-12,8.705265783399974e-13,8.552385281088495e-14,1.1321434241484685e-12,2.0937947209365149e-10,6.788664248802423e-12,5.9215961127623284e-12,8.07149312664901e-12,6.941962560347292e-10,7.578660365936685e-09,1.1466397970005815e-10,6.718743183337095e-12,4.6748264981300025e-12
window-a3c5218aa85c6757269b,38_1705_5096,cup,cup,1.0,True,1.2005420529231925e-12,1.6097456700947532e-11,1.3234842041742745e-11,4.448736518058993e-12,3.842504625595211e-08,1.483453811179647e-11,7.502078819277003e-12,6.198161341813835e-12,2.946964937702856e-12,1.0,4.091561256469589e-10,4.069246328786136e-11,2.9382333371907876e-11,9.197311965844501e-13,1.4828420609458437e-12,1.3611132349249794e-13,1.0758388537673857e-12,7.381510402915126e-10,2.826496155183822e-11,2.008099849598599e-12,1.948502123538809e-11,2.0840054681947606e-10,4.282910914810145e-09,2.752346128787053e-10,2.1368937435511937e-12,5.2430150498938843e-11
window-5fcaa60141c2036e60b9,405_53913_105048,cup,wineglass,0.7930496335029602,False,1.1344131053192541e-05,0.0001728417119011283,0.0005555781535804272,1.0462000318511855e-05,0.00024830669281072915,0.00017314462456852198,7.75124499341473e-06,5.2438372222241014e-05,2.8921655825797643e-07,0.20514455437660217,0.00014853209722787142,0.00012145100481575355,4.84925476484932e-06,4.828394253308943e-07,5.401032922236482e-06,6.481523541879142e-06,2.6104504513568827e-07,0.00019430632528383285,2.279882573930081e-05,1.6816403558550519e-06,1.5714762412244454e-05,1.4064688912185375e-05,8.16346346255159e-06,5.77363095999317e-07,2.8968888727831654e-05,0.7930496335029602
window-4a85f3544d94a236d54b,405_53913_105048,cup,cup,0.9644834399223328,True,8.262484385568314e-08,7.245157576107886e-07,1.338019615104713e-06,2.5464919417572673e-06,9.91769502434181e-06,2.5266895136155654e-06,5.942388838775514e-07,2.7464790264275507e-07,3.8113544178486336e-06,0.9644834399223328,1.1480187822598964e-07,1.2729401532851625e-05,3.332405356104573e-07,2.6255440044309353e-09,1.2847469577081938e-07,1.091300276812035e-07,4.6413180854187885e-08,2.701693802009686e-06,4.503643253883638e-07,6.013613784716654e-08,1.2835295137847424e-07,6.007724095979938e-07,7.852796102270077e-08,9.487197871749231e-08,3.865003691316815e-06,0.035473328083753586
window-2b183d3945f4c79c5ee9,405_53913_105048,cup,wineglass,0.6910198926925659,False,8.875849016476423e-05,0.0017025596462190151,0.002608313225209713,0.005746840499341488,0.022218698635697365,5.63235480512958e-05,0.00033871940104290843,0.00021814199863001704,0.0900145098567009,0.1660148799419403,0.0002878890954889357,0.002962439553812146,0.0001077587075997144,9.299316729993734e-07,0.00023041748499963433,0.006041716318577528,1.8009352061199024e-05,0.007964170537889004,0.00017054595809895545,0.0002529082412365824,0.00011159117275383323,0.0003879432042594999,0.00036273812293075025,8.418348443228751e-05,0.000989158870652318,0.6910198926925659
window-83eaf4f0b488c2180c1d,405_53913_105048,cup,cup,0.7790743708610535,True,3.92175394381411e-08,3.8375893041120435e-07,1.4236315109883435e-05,1.2322425391175784e-06,9.528886039333884e-06,2.7484613383421674e-05,3.9090923564799596e-06,1.3782369023829233e-07,4.1722836385815754e-07,0.7790743708610535,4.282741201677709e-07,6.917288828844903e-06,2.9306884243851528e-06,8.725899114381264e-09,1.7333858295387472e-06,3.0026706099306466e-07,7.068191365533494e-08,5.311616405379027e-06,1.1521730414187914e-07,3.317452978990332e-07,7.390719503064247e-08,2.1078521967865527e-06,2.2121838583188946e-07,2.9587275207632047e-07,9.846688953984994e-06,0.2208375334739685
window-0dfaadcecc6e27a49e8c,30_1155_3251,cup,cup,1.0,True,8.767507553297804e-12,2.6407708485221004e-12,1.1537069043165982e-12,3.356521657837952e-11,6.848175238688414e-12,6.161527017767288e-12,1.2377681345154823e-12,1.756246081723034e-12,6.006859593066238e-11,1.0,2.58507814763706e-13,7.91832051316721e-12,5.4563877721625076e-11,7.11286823711077e-13,1.0528120042430089e-10,1.9304001485417194e-13,4.1011305462745895e-11,3.151002028745076e-11,3.684316046692615e-11,2.5660218394563117e-10,7.1498007167547506e-12,1.0352040336059076e-09,4.608644299519682e-10,6.908290606233436e-11,2.2759582413156565e-11,8.258483896739222e-10
window-19ff3769a605a1ea0c18,30_1155_3251,cup,cup,1.0,True,3.2447797337908924e-08,6.356611903512999e-10,3.841533480208881e-10,1.0269134875784403e-08,4.2513870202043336e-10,7.836025162077931e-10,5.429295346637275e-10,3.396346398565342e-11,6.182072215255019e-11,1.0,2.3037223170763177e-11,1.3842833823662914e-10,3.1884339612986423e-09,7.727092403431168e-12,4.146091470147439e-09,1.1366537572277124e-10,1.4243214940812265e-10,1.0980895082113307e-09,5.564602667540441e-10,2.89356455462908e-10,1.6045048623070102e-10,7.942943192063012e-09,1.2879962874023931e-08,4.610561099571697e-10,3.303842477375696e-10,3.926164671153032e-10
window-913b87ce26aa3a3d945b,30_1155_3251,cup,cup,0.9999985694885254,True,1.5153924337596436e-08,1.7695539478168598e-10,8.031289411292164e-09,1.1749236250579997e-07,6.9183885287316116e-09,3.116353752830037e-08,5.854405404903673e-09,3.4146341310048456e-10,1.845114638854284e-08,0.9999985694885254,3.301013976053646e-11,2.4827535582971905e-09,1.120573145385606e-08,6.51107986970878e-11,1.6301756389225375e-08,1.5192398727936762e-10,1.3935700371447979e-09,7.384281275335525e-08,1.8689974012886523e-09,1.185567466421844e-08,2.759387163209226e-09,9.430711997993058e-07,4.929932018171712e-09,6.111645944884003e-08,4.7003978487225595e-09,2.405210919320666e-09
window-2eedf815ac9ba513bd25,30_1155_3251,cup,cup,1.0,True,5.44374718913776e-11,3.401279605186325e-11,1.529405595224187e-11,5.4217380585086516e-11,1.513267289254827e-10,5.000477809602444e-11,1.7785054678975953e-11,5.82516630417973e-12,4.1023684449470466e-10,1.0,1.811218883207566e-11,4.037756240471424e-11,1.2347040057036907e-10,9.093355408940074e-12,1.906116375849365e-10,1.2150766504070987e-11,1.3440909496509335e-10,1.487086426221751e-10,4.688672228247981e-10,8.128029360676692e-10,6.55918999670213e-11,1.7214916159247196e-09,4.1949221873949227e-10,2.2022528245457806e-10,2.1701829222564584e-10,2.550171984694316e-08
window-d5674e3ea685f8d37efe,595_90448_180363,cup,cup,0.9992715716362,True,2.329593371541705e-07,1.9723186994724529e-07,1.8815340396827196e-08,3.685962838062551e-06,0.0003297144721727818,1.656889594414679e-07,1.9042040833028295e-07,2.006344857363729e-06,4.367874950617079e-09,0.9992715716362,0.00027118728030472994,1.763553747480273e-08,1.3197447401580575e-07,6.197803603669172e-09,1.528725412924814e-08,5.244330303355582e-09,8.737232604083545e-10,1.956655751200742e-06,3.288911614163226e-07,6.007111892358807e-07,3.619331607751519e-07,3.813263660390476e-08,2.780477871056064e-06,5.672214253849006e-09,4.439683465307098e-08,0.00011468936281744391
window-d91c954a6142ed80a2f9,622_102453_205829,cup,cup,1.0,True,6.7641586776190366e-12,9.665657163537844e-12,2.4215299904151166e-11,5.653960410967329e-09,5.3207271921706933e-11,9.410366236251022e-11,1.3321749302644403e-13,6.599305303611747e-12,1.5623422694455158e-11,1.0,5.167575894103604e-13,3.7328754670662434e-11,2.2695586729404305e-12,2.517313072401828e-13,6.717452288862447e-11,9.025253417879742e-13,2.151351492785114e-11,1.580027081393709e-10,1.3368355311627056e-09,3.663932213182619e-10,3.920354058745135e-12,2.396101095314407e-10,2.7714672570788856e-11,2.610400784419653e-10,8.606082860240782e-12,1.0169900477308147e-08
window-ba4d59d7b3cd8b4e8c6b,219_23096_47262,frisbee,frisbee,1.0,True,2.029029895489476e-11,5.52674572773526e-10,4.43102065456058e-12,6.001022456736393e-10,8.676377324934315e-12,2.1719872428382914e-11,6.768333671303139e-10,3.185881896836107e-12,1.5884704662738613e-09,5.958406077560818e-12,1.0,5.051740818197425e-13,5.714775007381601e-12,3.935857542658461e-11,3.929082319914512e-12,5.467571728701159e-09,1.2470151647403505e-11,7.050199833658066e-12,9.58558343810978e-10,5.994267148617949e-12,7.351449310410985e-12,1.725085699288975e-11,6.817752742568906e-13,5.305791916931923e-10,9.887659267737714e-13,1.9436657144877856e-11
window-4bcbc4a0769de5a5fd7b,219_23096_47262,frisbee,frisbee,1.0,True,2.989753898011843e-13,2.8977828817056128e-11,2.738162615482237e-13,2.376959046257454e-11,4.647849488094435e-13,7.617542122258236e-13,2.363870210686514e-11,1.4469339355144273e-13,8.436825890689725e-12,3.8869807979929893e-13,1.0,1.231026185936207e-14,1.0362963606810535e-13,2.5071273182519782e-12,1.1409200407347386e-13,2.9560598413524986e-10,1.6382717665103241e-13,1.4147049417351232e-13,2.2175681430036676e-12,2.478351996283018e-13,1.1881943725363525e-13,1.3110118459586095e-12,2.8561574898786427e-14,6.931995949477354e-11,3.4272907997951255e-14,3.0582103689724693e-12
window-e9bf24665778ba17cfab,219_23096_47262,frisbee,frisbee,0.9999998807907104,True,2.6040167799834535e-09,4.439251810595124e-08,5.064850205904747e-10,2.2883277495111543e-08,4.733167191517396e-10,3.7181413503617478e-09,5.265119540354135e-08,7.174492111516884e-10,1.1530029375705908e-08,2.8022995035570375e-09,0.9999998807907104,3.855955832410274e-11,1.1182973991274991e-10,1.5312261680833217e-08,1.1256489074185083e-09,5.413613379801063e-08,9.624586683187886e-10,1.0606240885557838e-10,2.5488089416825233e-09,6.990765744063765e-10,2.158994094614286e-10,1.0433649499930198e-09,3.0729949140884116e-10,2.0781842025030528e-08,8.266784479182832e-11,4.6165354872229614e-10
window-5080af7e069d4d562120,219_23096_47262,frisbee,frisbee,1.0,True,2.4556367356209918e-11,5.947727310662287e-10,8.677833625292397e-12,1.6002321689967403e-10,2.391246749222642e-11,2.6637591438172237e-11,7.188272754810043e-10,6.059722168494375e-12,8.365719228464741e-10,5.881086416470449e-12,1.0,6.278556776047328e-13,8.976108051284015e-12,4.794771177318857e-11,2.572738029560373e-12,1.8119807876360028e-09,9.511050801103149e-12,5.341946503201189e-12,5.507517358838143e-11,4.90044723550076e-12,2.364622169945263e-12,5.6279817611804006e-11,1.1488496785838631e-12,1.4581741369923407e-09,1.4364469900010612e-12,1.5183201917956524e-11
window-138ab8098bf0546d44e4,68_5341_12469,frisbee,frisbee,0.9999803304672241,True,2.557247746892699e-08,1.4635181955213739e-08,3.6787120571979415e-10,3.426130559813778e-11,7.051318973161358e-10,4.131813966523623e-06,1.5403700672322884e-05,2.7915459874239268e-11,3.8061997997829167e-11,8.775123405690977e-10,0.9999803304672241,6.246332617809713e-11,1.61680446808532e-10,2.036285629003487e-08,8.477070434498302e-11,3.354687905243736e-08,6.10689901425765e-11,9.135759926337528e-10,1.6522755386105814e-10,1.3037502501200837e-11,3.5431921285855594e-10,2.394399956084925e-10,2.7426692861265423e-11,5.5546582444776504e-08,1.3068257587178778e-10,2.449520408731587e-08
window-fb4193528861d1d30a37,68_5341_12469,frisbee,frisbee,0.9999979734420776,True,2.2688142919946586e-08,1.9658099592589906e-09,5.699529737057674e-10,2.4025201966759724e-11,2.226618750489351e-10,9.355977681479999e-07,1.0979570106428582e-06,3.4150586004921824e-12,3.378949897658856e-12,4.70443795030917e-10,0.9999979734420776,2.4555428870809415e-11,1.4777830001366787e-11,9.273721790492573e-10,4.9399862672716566e-11,2.6494838323287695e-08,5.469210587888407e-12,1.7448022193722323e-10,1.5081515897241715e-11,3.672204467591866e-12,5.681975723259569e-11,7.003134183669601e-11,1.6811391688464905e-12,7.549574299048345e-09,3.977431578539026e-11,1.5080821924584598e-08
window-08982e363c163222cde7,68_5341_12469,frisbee,frisbee,0.9999991655349731,True,5.339586994779211e-09,2.0402532996399714e-09,9.118744648262123e-11,8.159375085303733e-12,3.2033944941112225e-10,6.430843768612249e-08,6.702192649754579e-07,1.9435518732596746e-12,1.5847173833599681e-12,2.287403044753944e-10,0.9999991655349731,7.103984935030727e-12,6.612000010008945e-12,4.228112082671487e-09,7.625491384166683e-12,4.066957881576627e-09,8.883327233533134e-12,4.927400848453445e-11,3.810455770358878e-11,2.274857168957367e-12,5.4578508379421464e-11,4.468242789656962e-11,4.541217933379943e-13,9.051480120980671e-10,1.519854554710154e-11,6.870535806946521e-10
window-b8ffb8cdb629f99c3621,68_5341_12469,frisbee,frisbee,0.9999945163726807,True,1.6770821176237405e-08,1.7765445781137146e-09,1.4108621215758177e-10,4.270004141937456e-11,6.024442056329349e-10,4.465608981263358e-06,9.53632650180225e-07,9.67752093739005e-12,7.472163512933783e-12,8.877925616879168e-10,0.9999945163726807,5.353231399829461e-11,2.3849705196865578e-11,2.3747700694798368e-08,1.525872483920665e-10,2.1357902113550153e-08,1.925574109884476e-11,4.134355635621034e-10,1.641004832020343e-10,7.063109212085417e-12,1.3702064483034349e-10,2.02852845632151e-10,3.4468901257550533e-12,6.1061538048079456e-09,9.443650722529284e-11,2.213790750715816e-08
window-3f4e47d716ae33dc515b,68_5238_12327,frisbee,frisbee,0.9999996423721313,True,2.2788276154983578e-08,1.2948033756288169e-09,6.517621858881384e-11,2.7684101677749595e-09,1.332282018040587e-08,1.341414872513269e-07,6.664421903224138e-08,5.835387034691664e-11,4.183452542716459e-11,3.3015296052596455e-10,0.9999996423721313,2.802743714197531e-12,1.4215831845021398e-09,2.0679209733476256e-10,2.1987683895829946e-10,6.966519094930845e-08,1.2855763328878389e-11,1.5734732961014686e-10,1.0773144598630324e-09,5.601752048334241e-11,4.7936720565244784e-11,3.855934738172806e-10,1.1595134574715615e-11,3.0180105081711872e-09,3.197877518346104e-10,3.481801513771643e-09
window-352d3a4f25e7f610c937,68_5238_12327,frisbee,frisbee,0.9999966621398926,True,1.3827346379002847e-07,1.4701560857588447e-08,2.109377561509973e-09,2.709539437262265e-08,6.892278179293498e-07,9.025474696500169e-07,3.403449113648094e-07,2.1730346411175105e-09,1.6274377401259699e-09,7.074109742433166e-09,0.9999966621398926,1.0423843732620952e-10,4.182736290658795e-08,4.515769980173445e-09,3.5443130652623722e-09,1.0142611017727177e-06,2.2678831035349845e-10,6.509049743641526e-09,1.407394112362681e-08,1.4992087571386037e-09,1.6732188967694128e-09,1.2388931658335878e-08,3.9270056650941854e-10,2.0913153875312673e-08,5.071931763467319e-09,1.1797246912692572e-07
window-9f2482e6c89e8099f6a3,68_5238_12327,frisbee,frisbee,0.9999998807907104,True,4.27806901015515e-09,1.2293561724163737e-09,9.981463572339422e-11,7.3754198304243346e-09,5.894199794909127e-09,2.4350807592554702e-08,1.5569600719800292e-08,8.280229280011042e-11,4.746119122711612e-11,2.708713531252016e-10,0.9999998807907104,7.057073675431624e-12,1.1527495624719108e-09,3.110214863433214e-10,1.1479153738669368e-10,5.3321741688705515e-08,5.616911016165238e-12,2.0248745735695906e-10,7.757667841445937e-10,6.414704878388022e-11,4.5438246915052716e-11,2.8531191298419856e-10,1.904160336352323e-11,1.7026463572378248e-09,1.956326906027428e-10,1.1617911965799976e-08
window-d2a094d2a78d45b9feaf,68_5238_12327,frisbee,frisbee,0.9999990463256836,True,5.7251678953207374e-08,8.396872530624933e-09,2.1605959243942152e-09,5.484950094114538e-08,1.906790174643902e-07,4.6746798432195646e-08,1.733333192532882e-07,9.593275063224382e-10,2.589996439539277e-09,8.37339442227858e-09,0.9999990463256836,1.056683629485633e-10,6.59077130649166e-08,4.21800283589846e-09,1.8879589003262254e-09,2.830999221714592e-07,5.753316711931689e-10,4.478716064681976e-09,1.265750260159848e-08,2.1115200699028946e-09,1.3817214039590908e-09,7.34175653605007e-09,3.0456545618839925e-10,2.7985384676298963e-08,4.4751979899615435e-09,2.3443620378316155e-08
window-4dabdedc8850063b622b,31_1334_4061,handbag,handbag,0.9999042749404907,True,1.9918264371199257e-08,8.407968152823742e-07,7.862379902690009e-08,6.138283424661495e-06,2.6860487878366257e-07,1.7839093757743285e-08,4.267144220193586e-07,5.678779189111083e-07,2.7674441298586316e-05,2.6529482965997886e-07,5.445952577787239e-09,0.9999042749404907,1.6195689340747776e-06,2.7506069955052226e-07,1.8464623963154736e-07,1.5631945643690415e-05,3.4705865914475e-07,1.2331363450357458e-06,2.192507963627577e-06,1.9535393747105445e-08,1.82544653171135e-07,1.1110426356708558e-07,1.2674435083681601e-06,3.528318120515905e-05,1.599768637561283e-07,9.061137120625062e-07
window-57602816b3e5e0382332,31_1334_4061,handbag,handbag,0.9999990463256836,True,3.870361808822054e-09,2.4412313948118936e-08,2.8333566604032967e-09,2.0610691819911153e-07,2.3367727308709618e-08,1.93164728656825e-09,1.7682972952570708e-07,1.0495440072588735e-08,1.5095571015422138e-08,4.802881203858078e-09,5.7213164761371615e-11,0.9999990463256836,4.509314588396762e-10,1.1323292303799803e-10,1.782662573113214e-09,2.644015637542907e-07,8.99407304189026e-09,1.941269722749439e-08,6.43827380297779e-10,1.2237048874208512e-10,1.669247962077236e-09,3.254914393568953e-10,8.745650426078555e-09,2.9544196422648383e-08,9.051242422231098e-09,1.6764117205525508e-08
window-a26bf5e3b9f33c80f797,31_1334_4061,handbag,handbag,1.0,True,8.649918888797847e-13,3.6761260702178333e-10,6.494939308598902e-11,1.8043762040065303e-09,1.1793543919225158e-10,5.063937550536801e-12,1.9135538639747374e-11,6.263656260330208e-12,2.0197138406174986e-10,8.519283195562721e-11,1.2637924561020863e-12,1.0,7.617066699605601e-12,2.457137271427712e-10,3.4699056128406625e-11,2.224261308469977e-08,1.0839387026839731e-10,4.711280809921448e-10,1.5924649099385846e-10,2.254226102657575e-12,1.1367318197841314e-10,9.750481672066158e-12,9.922975635623388e-12,3.330870995688073e-11,2.285480658892336e-11,8.331538584038789e-12
window-943bd986445e75cc39cc,31_1334_4061,handbag,handbag,0.9999998807907104,True,3.730086794995202e-10,7.023580828047216e-09,1.6091915577831628e-09,5.064796937404026e-08,1.3158010236935525e-09,7.355046016677136e-10,1.1938150912271794e-08,1.4263473735454113e-09,1.7911367944378753e-09,1.831015783437806e-09,3.5544570065049186e-10,0.9999998807907104,4.1310826981444393e-10,1.1273629252350759e-10,1.2726742992796858e-09,6.382312989217098e-08,6.705924260330676e-09,1.6288847604073453e-08,1.6909042221957549e-10,3.3290353113057947e-11,6.186533507701597e-10,2.9327476558371757e-10,2.5434121475598204e-10,2.785759356527251e-08,3.878405152590858e-09,2.3141000227155928e-09
window-1031a1b5f7b132f11867,397_50012_98436,handbag,handbag,1.0,True,1.4105207345009585e-13,6.74444788212325e-12,3.5668278226819172e-12,2.856910930049139e-09,2.5936594885700437e-11,1.1175799868867742e-12,3.731165116455104e-12,4.97607760118618e-13,4.010357601558212e-10,2.3407996027624556e-11,2.590196395042821e-13,1.0,8.750912863265958e-13,6.392579608022197e-13,8.709389112682153e-12,5.103357736402359e-10,3.74162723373872e-12,2.450377921403568e-11,2.166182858087673e-11,8.076863830530634e-13,5.717370153701662e-12,6.427399302892656e-13,5.737259625715474e-13,1.0915112563791851e-10,2.42292991226023e-11,4.053085991828631e-12
window-2fb8ca8ecd3a401a3066,397_50012_98436,handbag,handbag,1.0,True,6.632093827027216e-14,2.880137534716498e-12,4.2570604701953896e-13,4.001868281200416e-10,4.9556027684194426e-12,1.2852910467701928e-13,9.584824253727753e-12,2.1240963903133153e-13,7.857400168877204e-13,4.924412657161814e-13,1.3052451101284307e-13,1.0,9.288574141612382e-14,2.3235382259727266e-13,1.1645400355836388e-12,6.0934031258230714e-12,2.6814398683232266e-13,3.456532477776053e-13,7.61476710679776e-13,1.3532200059400597e-14,7.252049980498165e-13,1.5398801483067215e-13,1.446280026079147e-13,1.0619024106220398e-12,2.511002473656876e-13,5.049007652940807e-12
window-c3a037fb1afc1fa643db,397_50012_98436,handbag,handbag,1.0,True,2.67230058611026e-13,6.599481811725427e-12,4.569252528424661e-12,1.1132076371822563e-09,7.676148779112157e-12,5.1265399260772e-13,8.121279690409544e-12,7.042898165707245e-13,1.7313718167488723e-11,2.1166693398022574e-11,8.316241304536648e-14,1.0,5.980103565117467e-13,6.432280381073185e-13,3.965158930363533e-12,9.813960755167273e-11,1.7887854825843208e-12,9.301756413726547e-12,5.116773758168103e-12,5.045327762347174e-13,2.804782231122238e-12,4.641117134704387e-13,1.7792781137337954e-12,2.992124256695483e-11,9.299592346190266e-12,2.1003762964988404e-12
window-f99b5f8bef596a6c5b08,397_50012_98436,handbag,handbag,1.0,True,2.6609040491842872e-12,2.118495934233522e-10,1.2710671924709427e-11,6.39651975831157e-09,2.0845063175567446e-10,4.453855687036601e-12,2.785300046159733e-10,3.5332498645596067e-12,1.8389494094162018e-10,1.3209371096944977e-11,9.936266219534584e-13,1.0,3.60528794318693e-12,6.1591417729878195e-12,1.0583568743616212e-10,6.462883700431021e-11,2.0002607209468337e-11,2.194762427354391e-11,6.3757545250286984e-12,2.2235442653784077e-12,2.8575893387672302e-11,7.414648756087772e-12,5.6505695955610946e-11,5.3246664022399415e-11,2.6018943943828532e-11,8.457941014228254e-10
window-32d7e5e843183968582a,397_50244_98709,handbag,handbag,1.0,True,6.388818849499024e-15,1.4122846772254838e-12,2.7402315442778824e-13,3.5599037606637296e-11,2.4040469268071796e-11,8.874824296680253e-14,1.084808349920141e-12,4.842817227963814e-13,5.59255176890705e-11,5.675763678492096e-13,1.998900854950983e-13,1.0,2.5345367081139325e-13,2.8102256632855926e-10,1.844079142859778e-12,1.8696016956809558e-10,2.0226611184559484e-12,6.87661776480053e-12,2.770947967606352e-12,2.4303652081288096e-13,6.692166352323392e-12,5.246570864390898e-13,1.2346810314596557e-13,1.4985996384803135e-12,1.2291972995015499e-12,2.7869499243105e-12
window-16ce6fe6c0a29e3271c2,397_50244_98709,handbag,handbag,1.0,True,3.5344950165445976e-13,1.4017386210096738e-11,9.886472066358842e-13,3.80030645841245e-10,5.869255775836635e-11,7.26658858953011e-13,3.9870762941207616e-12,1.8575679189281047e-12,1.3012103894372018e-10,3.5386251220903553e-12,2.173813863290408e-12,1.0,1.133439249032496e-13,3.988348540318043e-11,5.672801204475997e-12,1.0233035530049506e-09,5.667426163785683e-12,1.701265170406252e-11,5.981612340860698e-12,2.37433635036019e-14,8.0257918366744e-12,1.6295777661295974e-12,1.3427212900568586e-12,1.6286597070980235e-10,3.654422684601366e-12,6.092046311856336e-11
window-5b6f0c7a8c6082486a8d,397_50244_98709,handbag,handbag,1.0,True,3.3280290415854674e-13,7.276929059329973e-11,2.1372943345698836e-11,7.802171131388036e-10,1.98137076190541e-10,2.35958518349233e-12,2.3591273032308457e-11,2.4546207080811122e-11,3.068695852981307e-10,3.48163815486191e-12,4.618935876138375e-12,1.0,1.5218798443683568e-12,8.69786020984975e-10,2.1369395836190463e-11,1.3488125283345198e-08,8.097526121852994e-11,2.7470319421962763e-11,2.0370646142131577e-11,3.6004757660544617e-13,4.600902124562989e-12,2.3776154656207638e-12,1.1390360876717409e-11,3.9097225457140894e-11,1.1695044238591024e-11,3.9511208194120684e-10
window-d9decc355d8c0b787335,397_50244_98709,handbag,handbag,1.0,True,3.5824940019732465e-13,1.7903564047960785e-11,1.9416341364569822e-12,1.8009688185216532e-09,1.219384038186888e-10,3.2612898926559497e-12,1.161479419586886e-11,1.9782157682779467e-12,7.218513009554783e-10,4.548855042640909e-11,5.445362043221547e-13,1.0,3.72308060032564e-13,2.222772313431598e-12,3.947058999087538e-11,3.753560795516364e-10,1.0444410961096828e-11,4.8397376384290425e-11,7.1967020016938665e-12,2.509580271457118e-13,5.067860193996854e-12,1.972394686813872e-12,2.133395456821452e-12,2.6549093479211194e-10,1.1268787986074003e-11,2.7520469236819167e-10
window-38dbc8e7e31bba7b22d7,401_52084_102154,handbag,handbag,0.9999996423721313,True,5.35017918856795e-10,1.0191859800556813e-08,3.765723288751133e-09,3.830431296591996e-07,1.5926756802286945e-08,9.203599687923614e-11,1.152140383098299e-09,7.805513180247914e-11,7.17119308379921e-10,3.792155922610618e-08,1.5122221530550206e-10,0.9999996423721313,6.066314811592477e-11,1.51067040821129e-11,4.2887110529576944e-10,8.705578480316944e-09,3.535038373136956e-10,2.0094816921556458e-09,1.0042449510860862e-11,7.377886496184871e-11,4.0536993206607974e-10,7.680529129361346e-11,8.208647650498335e-11,7.876646002102916e-10,5.414776182988135e-09,3.2750807621440003e-10
window-f43c1338f98a2123c949,401_52084_102154,handbag,handbag,1.0,True,1.2109623200029507e-12,2.7225161361443817e-11,1.128977467068637e-09,2.4664673081709054e-10,2.943833232738058e-10,7.092371395039931e-13,2.1362569374051843e-13,9.28278721251674e-13,8.936049816776759e-12,5.83513307117478e-11,5.556377406790158e-12,1.0,1.208829450384183e-13,1.3383638641784046e-09,2.6732808675045128e-12,3.3456704073842047e-10,5.021837112817451e-12,4.717948254295834e-12,1.664773245473039e-12,5.3767120963832404e-12,1.1583196424594377e-12,6.53659092998693e-13,2.279101115731236e-13,7.1468967896559654e-12,3.9897255638132734e-11,7.364778275079087e-13
window-bb7a5955623a40265c21,401_52084_102154,handbag,handbag,0.9999984502792358,True,1.2757948864017266e-10,2.7590305151647954e-08,7.372487687007379e-08,7.529387744398264e-07,3.6171144301988534e-07,1.273048194638804e-10,9.048626292695872e-10,2.681517896618857e-09,3.277053073347247e-09,8.868668577299843e-10,1.2598580845235574e-08,0.9999984502792358,2.231802936902838e-10,8.055009459440043e-08,1.7347558944891261e-09,2.0474953998927958e-07,1.1501256613755118e-09,4.0227929321012823e-10,9.591425431665357e-09,3.4621144839874773e-10,7.428011095100828e-09,3.832182071672463e-10,1.8921386679693342e-10,3.642211865440004e-08,4.3016912254500994e-10,1.5657423135806425e-09
window-6425cb07cbebe80a2f5e,401_52084_102154,handbag,handbag,0.9999998807907104,True,1.3128534717687934e-12,1.0751730755709232e-10,4.4587386560657194e-10,5.405036862526913e-09,2.497913875743052e-09,2.859527122468092e-13,3.529152339289132e-13,1.1016146328479692e-11,7.000793174338771e-12,1.1054769946672316e-11,8.694985703661118e-11,0.9999998807907104,5.921716567623692e-13,1.526737349877294e-07,1.7150562220402676e-11,7.179944194746213e-09,1.4348401806973943e-11,6.774680642862574e-12,4.974563816428912e-11,3.7105691783057004e-12,6.0923445108218566e-12,1.2424205544578348e-12,1.6524731886666255e-12,5.394001217906563e-11,3.13065719181882e-11,6.395146218141079e-11
window-2bdee743c61d1861cfd7,250_26807_55293,hydrant,hydrant,1.0,True,6.920427009227126e-10,9.213940721508607e-09,5.280008652519541e-10,1.6738469499344433e-09,3.5593914482490163e-09,2.318300273973506e-10,4.637631167980771e-09,1.0220317925302425e-09,8.091744163607473e-09,4.718864410335755e-09,7.462583884176865e-10,3.1152971868841917e-10,1.0,1.1021533685706686e-10,4.264771313877702e-10,9.993947891473454e-10,2.7966453597372265e-09,1.1500468133363029e-08,1.5573872191865235e-09,4.5924832825505746e-09,4.529949748643958e-09,9.440249693071223e-10,3.24449334065946e-09,2.893119077640449e-09,2.4445452329047157e-09,3.18608583960156e-10
window-6205e20c09dd4e110792,250_26807_55293,hydrant,hydrant,1.0,True,6.525140427982024e-10,4.432751499194865e-09,4.4480280569914044e-10,1.4741305953691608e-09,2.6925719431858397e-09,2.1917138937066483e-10,5.632390553955702e-09,8.554637553892519e-10,1.667834048646455e-08,4.799634467644864e-09,2.1801066507620703e-10,2.9936786383188974e-10,1.0,7.465057044742096e-11,8.952316665755689e-10,1.0008980311226878e-09,5.002848801893833e-09,1.368984836602749e-08,1.2408216676362827e-09,3.0821714069872996e-09,6.367536720119915e-09,6.511862160607507e-10,2.6379707307455647e-09,3.1402953570847103e-09,3.1158811086839933e-09,2.592147607671791e-10
window-6e47a2bf5f35ecfd5241,250_26807_55293,hydrant,hydrant,1.0,True,6.681447062284462e-10,3.565840067665249e-09,4.4529685494509863e-10,1.5790064811227467e-09,2.604752191714965e-09,2.597155823735875e-10,4.0196947992399146e-09,9.661703659347154e-10,2.2129668764137023e-08,3.861082564782237e-09,2.4913227036904573e-10,2.693289480326655e-10,1.0,8.439887677624824e-11,7.956252323637614e-10,1.0606915346045298e-09,4.891928639949583e-09,1.7206325253482646e-08,1.146870043378101e-09,2.3245534386262534e-09,5.055259766351128e-09,6.375943106817772e-10,2.8666542473132495e-09,5.651189738387075e-09,3.127145653536445e-09,2.3700744145038755e-10
window-0686f9c66c975b220c9d,250_26807_55293,hydrant,hydrant,1.0,True,3.592846020694651e-10,3.0969626862997757e-09,2.3960508577225426e-10,9.0595020374451e-10,1.923993409036484e-09,1.6342732722662845e-10,2.364278328670366e-09,5.340882180959738e-10,2.241599439400943e-08,3.786106095304831e-09,1.8036938609355957e-10,2.416004341032618e-10,1.0,4.7658862967203675e-11,6.377974814952836e-10,7.099649756980853e-10,3.846755802783264e-09,1.2894760814674555e-08,1.2328480458734248e-09,1.7791417228352202e-09,4.578899925888891e-09,3.977297380330924e-10,2.0608235118402263e-09,2.6301283373442175e-09,2.604210846968158e-09,1.3979080393244914e-10
window-b1ee4239bd1272db5df2,304_31883_60483,hydrant,hydrant,1.0,True,6.68126526326418e-11,1.099418223127202e-09,1.5820293686186204e-10,1.868215027123199e-10,2.3124178960554076e-10,6.004099301071264e-11,7.069260732350813e-10,1.244820080348319e-10,2.868524973109743e-09,2.1669689653780466e-10,1.0258748711633459e-10,2.179278285607822e-11,1.0,8.950024055209838e-11,7.453163086701409e-11,1.4680999471661238e-10,2.8072844049376044e-10,2.628959716588497e-09,1.0228425051383994e-10,6.650424655418874e-10,1.1116714215830825e-09,9.953252111394306e-11,4.617339843804302e-09,1.1067124994212918e-09,3.861257147352859e-10,3.268278356283183e-11
window-f236d00904981c89c5f1,304_31883_60483,hydrant,hydrant,1.0,True,2.8971211540884667e-10,1.2073986255245472e-09,4.162149791486769e-10,6.275285846513157e-10,6.110156824945534e-10,8.319284150459794e-11,1.7349537362321144e-09,6.041597777617369e-10,7.716323580098106e-09,5.078499842881001e-10,1.0067294220483802e-10,5.2494390778701217e-11,1.0,6.052240653087182e-11,1.1971773572483357e-10,2.1316812204297264e-10,1.7722595613278713e-09,7.263305512594798e-09,3.0241412152243186e-10,1.2179992570082732e-09,1.999248100403861e-09,1.7956308662192555e-10,2.117398256729075e-09,1.6579724260168405e-09,8.280044427877442e-10,3.1576258968657456e-11
window-83b313ec6d810ed6a66c,304_31883_60483,hydrant,hydrant,1.0,True,5.1085167346309746e-11,5.622469712029954e-10,1.0293323138288457e-10,1.561053369902865e-10,1.389081211167209e-10,3.1203740979979244e-11,5.139412229127061e-10,7.491973708084743e-11,1.5210492865236347e-09,1.6672535574357994e-10,5.897309030000741e-11,1.1939864895393892e-11,1.0,2.4552575250691433e-11,4.76912329072654e-11,6.750280889811222e-11,2.670501042523199e-10,1.4731861286421122e-09,8.378538141062819e-11,5.252005497169421e-10,6.827588494573433e-10,5.764589153245403e-11,1.4141332549399976e-09,5.674906655706025e-10,2.2919469100379786e-10,1.4911842594056424e-11
window-c451afe6c66faf201caa,304_31883_60483,hydrant,hydrant,1.0,True,1.3770835860515973e-10,1.292560725119074e-09,2.893095485401176e-10,4.983836121574825e-10,2.838642931823898e-10,1.0531213401332451e-10,8.761381065092166e-10,1.9041250520768216e-10,7.497527043653918e-09,3.909739199059459e-10,1.8792654932209274e-10,4.790602636806085e-11,1.0,6.817266196001981e-11,1.6062104424285906e-10,2.6229479699324543e-10,7.466683937806806e-10,3.716085661409352e-09,1.6992909857016514e-10,1.1588981996268899e-09,1.4888865695894538e-09,1.5648601858764266e-10,3.0367202086267753e-09,2.026653289632918e-09,6.249521455892193e-10,5.2315572013350575e-11
window-a49ecb14fd8df07469e7,429_60367_116963,hydrant,hydrant,1.0,True,5.368004651895575e-11,5.649303691512841e-09,4.827975796928285e-10,7.280361868922114e-10,1.2282593830903465e-09,5.0386875227736994e-11,1.0179423970413382e-09,5.236900912919396e-10,8.908511262006868e-09,2.3533277548892784e-09,3.166106821161918e-10,4.906304529317396e-11,1.0,6.201227031876755e-11,8.369178267075839e-11,1.7213627745427118e-10,5.384588885881669e-10,1.4736703413120722e-08,7.693772008376953e-11,1.7380572536751515e-09,1.3451687541632396e-09,8.460280254141139e-10,2.296079770758297e-08,4.942470432922619e-09,4.182658108753401e-10,4.0135693379905746e-11
window-341e95c178d65f235ca3,429_60367_116963,hydrant,hydrant,1.0,True,1.0336527467291745e-10,5.452491791402281e-09,6.2000005129903e-10,1.2415743988469785e-09,2.71765765447185e-09,7.181923805665846e-11,9.569580683432832e-10,7.523394685016171e-10,1.493275547659323e-08,3.465576936534376e-09,8.119723782229471e-10,5.6479942250886594e-11,1.0,9.181598537022495e-11,8.135407625342594e-11,2.8170682453421136e-10,1.3081113969803937e-09,1.76952781316686e-08,2.2300915281103784e-10,2.454946246288614e-09,2.07802086649167e-09,6.361318138914385e-10,3.725903141571507e-08,3.854305763439925e-09,1.0538854233743677e-09,4.2438018377222164e-11
window-77959f24c0091c6f6190,429_60367_116963,hydrant,hydrant,1.0,True,6.480263547992138e-11,3.729748065950389e-09,4.838245359906068e-10,9.572812542657516e-10,1.723341247483745e-09,5.3604336247570217e-11,6.931298868195768e-10,6.190440937636765e-10,1.1294842394704574e-08,3.1707980685524717e-09,9.029657577208638e-10,4.562662400675599e-11,1.0,1.4870041309400506e-10,1.4153332672517394e-10,3.384481583879051e-10,3.917569879607896e-10,1.3158670597590572e-08,9.634592429419442e-11,2.2832391533000873e-09,2.4853392677215425e-09,9.918406096431909e-10,4.3557975004659966e-08,2.8636157889394553e-09,5.550525594699707e-10,2.511464647358963e-11
window-f6ac84df6f1ec9112fc5,429_60367_116963,hydrant,hydrant,1.0,True,6.231830329550547e-11,3.770604717345805e-09,4.3838147001373784e-10,5.358279375755615e-10,8.360216408043186e-10,7.254838396697494e-11,9.771510267597705e-10,3.14777176546599e-10,8.014071184447857e-09,1.2062707499538305e-09,4.3902742552504037e-10,2.5435032552367787e-11,1.0,7.03611127694792e-11,1.0082340518025035e-10,1.5032015909799412e-10,5.271746927881793e-10,1.1432211621809074e-08,5.4006007998985694e-11,2.09077088975107e-09,2.1095536428816786e-09,7.419438396993883e-10,2.2082488726482552e-08,3.2431568541824163e-09,4.695984712199675e-10,3.007194493420684e-11
window-21db55f61584dc546241,429_60395_117232,hydrant,hydrant,1.0,True,1.1931493293371176e-10,3.727706587852708e-09,1.8328669137979148e-10,4.3097789226287375e-10,7.883081409865156e-10,5.036189520968293e-11,1.3696658252015936e-09,1.8341468621674295e-10,5.5986086877624075e-09,3.071125853626455e-10,2.4144655719204877e-10,2.9844866161754524e-11,1.0,2.5815183324340296e-11,5.840088135311561e-11,1.9840672160764683e-10,4.548952603489198e-10,6.324265555690545e-09,1.9835449949212602e-10,6.886692327512378e-10,9.241621357070073e-10,2.900449602716293e-10,7.60044249759062e-10,4.045420665121924e-10,5.772756161981363e-10,5.3270943212169186e-11
window-02f33ac8296d9a995998,429_60395_117232,hydrant,hydrant,1.0,True,7.27072707595866e-11,2.185274183830188e-09,1.4229772915541616e-10,3.0642977044692543e-10,5.404890424109965e-10,3.319398228507353e-11,1.0117714444035641e-09,1.1848061420849376e-10,2.64241228897788e-09,2.8915178584831835e-10,1.7944495889210543e-10,1.965287134420013e-11,1.0,2.080414139571385e-11,4.592715097118116e-11,1.303199770319452e-10,1.9453616495468395e-10,3.3873119864580303e-09,1.193347365369135e-10,4.907954043176233e-10,5.997383700773185e-10,1.5795359464831904e-10,5.498671518111564e-10,4.218559945812217e-10,4.3480322120537096e-10,3.464694503518828e-11
window-58979a3909beca604c1f,429_60395_117232,hydrant,hydrant,1.0,True,2.387069153453325e-10,5.515586209980938e-09,3.665127368268628e-10,6.015886677701587e-10,7.577803939895489e-10,1.6607534791823753e-10,3.3738680738082394e-09,2.134985244151011e-10,7.043355676472629e-09,5.160669114268046e-10,4.918084273164425e-10,5.6307198487148824e-11,1.0,4.7601447089595794e-11,1.5189959012840148e-10,3.8432115823106017e-10,1.152734241394171e-09,1.1020809154160816e-08,2.5044008533647855e-10,1.3738783444239289e-09,1.6635443023105267e-09,5.824116744435059e-10,1.6372193600844298e-09,1.621738521251359e-09,9.605313211480393e-10,1.1135319749611128e-10
window-c80355bb20145f9d0a2b,429_60395_117232,hydrant,hydrant,1.0,True,8.007706997492647e-11,2.4541597642979696e-09,1.5993351087928431e-10,4.477718751338955e-10,4.3017717166193847e-10,3.516383711987814e-11,8.502907822283134e-10,1.4180490115478506e-10,3.15849657539502e-09,6.359995863292056e-10,1.7223644732666799e-10,2.4604799100935715e-11,1.0,1.777538879976781e-11,6.20375903426229e-11,1.597850185497407e-10,3.9024752873650925e-10,6.000361985059044e-09,1.344590966345649e-10,5.605711450584749e-10,9.56835832788272e-10,2.705941026803771e-10,8.277012963908703e-10,4.871850700638447e-10,4.420253885140113e-10,3.2679667999468975e-11
window-552dc221341991d023f4,411_55970_107894,hydrant,hydrant,1.0,True,2.4519547503487615e-10,7.000817703328721e-09,1.9939155881942838e-10,8.48303149947327e-10,1.614815281492099e-09,5.396945390589991e-11,2.1028567775971396e-09,4.1487552282504225e-10,3.420586036639861e-09,4.286668242592384e-10,2.1021580309810162e-10,3.1237804010153525e-11,1.0,2.984839805875161e-11,8.626267755662553e-11,1.4892209687644709e-10,6.018185061407166e-09,6.362607773979789e-09,1.5730695634985636e-09,5.205792241724794e-09,2.59491894638586e-09,2.0617856033577908e-10,1.2667387139231323e-09,4.192074465336759e-10,1.0570481157046174e-09,1.0533623973074668e-10
window-032857a12aa489022ce5,411_55970_107894,hydrant,hydrant,1.0,True,2.4143551047295375e-10,5.365635047382966e-09,2.7891594589490865e-10,1.8791446176891213e-09,6.481577496941782e-10,6.583794620595995e-11,1.5673941033966798e-09,4.118652641160736e-10,1.1798207966151608e-09,5.055961205258086e-10,2.69079425407881e-10,2.5156836683248862e-11,1.0,3.9742542590204266e-11,1.626815487876243e-10,1.871638954931143e-10,3.4804350512729343e-09,7.48668149697096e-09,1.1454118764575583e-09,3.2396823002045494e-09,2.441665536423443e-09,2.703815504823126e-10,4.526579389096952e-10,5.656190515956894e-10,8.288434938386047e-10,1.0455099980211102e-10
window-59ab82ab96ff94966e14,411_55970_107894,hydrant,hydrant,1.0,True,2.3108483182543438e-10,5.367446931359154e-09,2.604770843461779e-10,4.805247311168159e-10,8.128447914756975e-10,1.092113066647471e-10,1.8233244913901103e-09,3.7997990864901965e-10,4.035912493094429e-09,4.1226530522742166e-10,3.6018754645539275e-10,3.5527681491176466e-11,1.0,7.111220640121374e-11,2.2339230465462379e-10,2.457863912397329e-10,8.285057084833625e-09,1.0689356955140283e-08,7.479170061053253e-10,2.984512637027592e-09,3.0994091737568397e-09,3.531009928892104e-10,2.4766084738558902e-09,9.577140192007505e-10,8.222992842199517e-10,1.5042198042714006e-10
window-f82f2178c5cd139d250b,411_55970_107894,hydrant,hydrant,1.0,True,6.016873110858967e-10,7.341175667363586e-09,4.782644280609816e-10,1.4667040915128382e-09,1.6879986297624328e-09,1.072887056974281e-10,4.855822410831934e-09,9.925862354265291e-10,2.127583664801591e-09,1.4354303301544746e-09,4.689513222189134e-10,3.821441774132239e-11,1.0,6.556200721208327e-11,2.8974636578915636e-10,3.485109978385026e-10,7.358123887968304e-09,1.5693903065994164e-08,1.6909664779518607e-09,6.607741909192555e-09,4.222973526424312e-09,5.513153267244775e-10,2.0767965125401133e-09,1.0457578136779944e-09,1.2623008194267982e-09,1.7017431908072922e-10
window-3a5bafad27c52a5aa216,372_41097_81898,kite,kite,1.0,True,1.893919699888502e-12,1.4948008109083588e-11,2.483826200272432e-10,4.931666376271557e-14,1.0009523591925085e-11,1.1423671036903116e-11,4.424804272984417e-12,6.6038008394997405e-12,4.9678343443061365e-14,5.032379271326451e-14,1.4293472655468875e-11,5.255029050799109e-11,7.763903452431831e-13,1.0,2.946925689584212e-12,1.3889056571514402e-11,9.155956375017649e-12,2.1189352356065783e-11,4.304319921322186e-12,4.74820252560626e-11,7.844769278619879e-11,2.0900299720072457e-12,6.91251786713587e-12,8.824712878843788e-13,2.437866852833537e-10,5.969553844298314e-12
window-0537a14514256f453064,372_41097_81898,kite,kite,1.0,True,1.876347113707183e-13,8.187469799358915e-13,6.914641168670466e-12,4.1680975145408534e-15,4.1355864587901137e-13,6.217591545787382e-12,3.367192795747896e-14,1.0141927445431187e-12,1.228896067480452e-14,8.621003928365335e-15,2.839569942028608e-13,3.878031923365555e-11,4.839287268978108e-14,1.0,3.6324610853954997e-13,1.4488540575618991e-12,8.798830262481128e-13,3.342992386818483e-13,2.0830772003155307e-12,1.5005159658201817e-12,8.587717342800616e-12,2.3040670391570595e-13,2.2883858002975543e-11,6.900299694698533e-14,2.8874916780524673e-12,2.78804892584264e-13
window-e34d4240cacefbbeaafe,372_41097_81898,kite,kite,1.0,True,3.090825121884744e-13,1.558618034983028e-12,1.5565571401254807e-11,2.1738935419856904e-15,8.096406032588599e-13,1.1515304768755508e-12,1.3283638241028822e-13,1.0374558200368367e-12,2.96570925844143e-15,3.2834173409128885e-15,5.093071689214745e-13,1.0875519235176156e-11,4.6475989696299555e-14,1.0,2.330964468753166e-13,6.231003668762114e-13,3.11550644224029e-13,3.787196251048286e-13,7.04146051362653e-13,2.7522120867040645e-12,1.4155296726436895e-11,1.0452930703083382e-13,3.4746723727441253e-12,4.655459774193654e-14,4.7047478760053885e-12,4.139816744616609e-13
window-e2a55c0fc8194f99ddf7,372_41097_81898,kite,kite,1.0,True,2.60141803931635e-11,2.5647629853242648e-11,3.0537136708197465e-10,4.875291793535186e-13,1.880182294577981e-11,2.598597725889107e-10,2.9602206103040984e-12,6.025518278773845e-11,1.1303741146231894e-12,4.3931660609689005e-13,1.876649703691502e-11,7.338329943706867e-10,1.0739777123180971e-11,1.0,2.8354108991268667e-11,1.2523550252385718e-10,5.959829851853726e-11,2.5124277658328253e-11,1.7268708685236334e-10,1.270750310533586e-10,3.3152680600778694e-10,9.775359341435141e-12,1.3744654303593506e-09,4.362140856861707e-12,5.040007300394223e-10,2.3989442377025938e-11
window-efd6b22fec2f7f06c5ee,622_102123_205145,kite,kite,0.9999994039535522,True,1.7452116418681385e-09,1.6970204130828392e-09,1.0556381369042356e-07,1.3829596322290083e-11,7.358778919552833e-09,1.7162549159621676e-09,1.2870985388602207e-09,1.0417765849979332e-07,5.04912257837109e-11,2.301665455450852e-11,2.9087830810681226e-08,4.004351339403911e-08,9.537545864191088e-09,0.9999994039535522,6.237743654935457e-09,1.3512527985426459e-08,6.117911510727936e-09,1.7178334310585797e-09,1.682405503800055e-08,1.954214496890927e-07,4.723733848521761e-09,4.95066376782205e-10,4.022439981099524e-08,1.1814375255880805e-08,8.123456574082866e-09,2.1289179308325856e-09
window-0fdd103aa380c228dbbd,622_102123_205145,kite,kite,0.9999997615814209,True,8.501948589589858e-10,2.2250914444299497e-09,7.056872419752835e-08,1.0425804664038196e-10,3.7033627275917524e-09,2.2768285035112967e-09,2.724606540382979e-09,8.327148748321633e-09,8.713229443513271e-11,2.429434257933405e-12,1.734987442603142e-08,4.085022098365698e-08,5.8292086713152e-09,0.9999997615814209,6.182926171049985e-09,1.871204879932975e-08,6.369369476288966e-09,2.563723011661523e-09,2.6138642361672737e-09,6.852512512978137e-08,3.6113008139437852e-09,5.918167622631643e-10,2.940730547962289e-09,7.906770349563885e-09,3.901190481769845e-08,3.4510314605995518e-09
window-a7747bcabd019ce47e1a,622_102123_205145,kite,kite,1.0,True,5.094235588920526e-10,1.6122899890169684e-11,1.3130008191808429e-09,1.3687542852608425e-13,7.373855415160335e-10,6.413763964374652e-11,2.3303520571560377e-12,3.7745531700217327e-10,3.880810061328288e-13,5.865120130017776e-13,1.2021542095119742e-10,2.706808110986003e-10,3.2310275982494474e-11,1.0,4.788933138932805e-10,3.9500430704109135e-10,9.177414383998439e-11,1.3106625160186347e-11,1.19451393221226e-09,1.3581208380131216e-09,3.284676697301592e-11,1.97012111485817e-11,1.2845878805123334e-09,1.1779426045688268e-10,1.413730660315693e-10,6.558523689415008e-12
window-7deeb564554a12c38646,622_102123_205145,kite,kite,0.9999995231628418,True,3.1192510796529405e-09,2.243077057428877e-09,5.8395926316734403e-08,3.194553302443559e-11,3.534284642725538e-09,2.598974369050211e-09,2.8114896521991284e-10,1.522416326338316e-08,2.7666768875889147e-10,1.0051953193424001e-11,3.277514792898728e-08,5.546475634332637e-08,1.028614438070008e-08,0.9999995231628418,1.533268623177264e-08,1.7518928530080302e-08,9.76450564849074e-09,8.429515752084171e-09,8.978685350768956e-09,1.1826151080640557e-07,3.673413795368674e-09,9.264436995337633e-10,2.432628853910046e-08,6.462668977746944e-08,2.598633841444098e-08,1.9990336053155033e-09
window-47f820b8650b168d0d3e,566_81802_162361,kite,book,0.8318653106689453,False,4.4064479880034924e-05,5.62793275094009e-06,2.377189730395912e-06,1.8016985450231005e-06,0.8318653106689453,4.395600626594387e-06,2.373503230046481e-05,0.00020309328101575375,1.1781749265082908e-07,1.5323500974773197e-06,3.941295744880335e-06,6.0671141000057105e-06,1.0370056770625524e-05,0.1675466150045395,1.2427582078089472e-05,9.872935606836108e-07,1.1312195056234486e-05,1.3367046449275222e-05,1.2134790267737117e-05,0.00010750136425485834,5.1466708100633696e-05,7.252747764141532e-06,2.075597149087116e-05,3.1366296752821654e-05,2.1698710952477995e-06,1.017153772409074e-05
window-e5eedf177d8130ecd77b,566_81802_162361,kite,book,0.9825387001037598,False,1.3686668353329878e-05,4.001417892141035e-06,1.6044358517319779e-06,1.893626233595569e-07,0.9825387001037598,2.992213921970688e-06,1.4965380614739843e-05,2.2869609892950393e-05,7.584974781593701e-08,8.574816092732362e-07,2.406296744084102e-07,1.227822394866962e-05,2.1751575332018547e-06,0.017283136025071144,2.6401010018162197e-06,2.9499608444893965e-07,2.3700798919890076e-05,1.526740197732579e-05,4.186672413197812e-06,1.4256102986109909e-05,1.2341289220785256e-05,2.1019723135395907e-05,1.4035209687790484e-06,3.1986742214940023e-06,1.472852432016225e-06,2.4198111532314215e-06
window-6daace5b7be2801205d4,566_81802_162361,kite,kite,0.7897897362709045,True,1.6446436347905546e-05,7.64643573347712e-06,3.008111661984003e-06,3.7270282859935833e-07,0.2099122703075409,2.746051677604555e-06,9.73682472249493e-06,8.574000821681693e-05,1.510936300519461e-07,3.9235433746398485e-07,2.4959701931948075e-06,1.857693314377684e-05,5.682684786734171e-06,0.7897897362709045,2.638035311974818e-06,4.6321463287313236e-07,9.232347110810224e-06,9.62884041655343e-06,1.0453691174916457e-05,5.7180724979843944e-05,2.9712025934713893e-05,4.6624327296740375e-06,5.831615908391541e-06,1.0661011401680298e-05,1.1748543329304084e-06,3.4309414331801236e-06
window-f19ff6974df9bf2bcd44,566_81802_162361,kite,kite,0.6005403399467468,True,4.866236849920824e-05,1.441300719307037e-05,1.0966165973513853e-05,8.093778092188586e-07,0.39887335896492004,9.813250471779611e-06,3.0947143386583775e-05,0.00018383508722763509,3.022209398295672e-07,1.303746216763102e-06,2.7750536446546903e-06,6.380822014762089e-05,1.1209692274860572e-05,0.6005403399467468,5.4885736062715296e-06,1.0902831490966491e-06,3.204733002348803e-05,2.697034869925119e-05,6.073344593460206e-06,3.825571548077278e-05,3.623643715400249e-05,1.535474439151585e-05,5.6119838518498e-06,3.0448038160102442e-05,3.929598278773483e-06,6.031313205312472e-06
window-0610c66dc36544427618,407_55221_107129,microwave,microwave,0.9999938011169434,True,9.12945985476199e-09,2.2137005117883746e-08,6.2144445145406735e-09,2.4336409296665806e-06,9.194542371915304e-08,2.2849151459780614e-09,1.8525491141119232e-09,1.166544336683728e-07,5.3817167611214245e-08,9.641119014247579e-10,2.4308139945361518e-09,1.637863675796325e-07,9.440834225493688e-11,2.0675875234132945e-08,0.9999938011169434,6.759097281872073e-09,2.7789894829766126e-06,1.847800135124089e-08,1.2933914206314512e-07,5.355428545072982e-09,7.316834693682495e-09,2.5745681142552712e-08,1.4390207914161124e-09,2.4116789631989377e-07,6.301995036928076e-10,5.539539671417515e-08
window-110274842238389bd597,407_55221_107129,microwave,microwave,1.0,True,3.899789102757012e-10,5.216302736976708e-11,2.0275299494887378e-10,1.1771128072268766e-08,5.785782616896107e-11,1.0049394649769283e-10,2.597085047018055e-11,6.959940401785047e-10,3.901662326555311e-11,2.0507207043607423e-11,1.8070848636919656e-11,3.338570531141727e-09,2.5509256165734406e-12,5.8296434346516435e-09,1.0,2.0005211376350474e-10,2.9582045701914694e-09,1.7316609257633786e-09,1.1036974806311051e-10,4.4033904300633253e-10,9.362385866573675e-11,1.0689121809903668e-10,7.221387376965538e-11,2.7394375656797365e-09,1.0616821657927211e-11,2.38372632743733e-09
window-8ee840f8dcb6a7059f2a,407_55221_107129,microwave,microwave,0.9999990463256836,True,2.6615858406131565e-09,8.169348530984166e-10,2.7498630039701766e-09,1.4737244669049687e-07,4.833723643571375e-09,1.031084551073036e-09,6.382638167989896e-11,2.5680929383042894e-08,9.489058427902819e-09,1.8066989015963486e-09,8.8774582129858e-10,3.6124642832646714e-08,4.973005895969607e-10,9.36769666282089e-08,0.9999990463256836,9.118317656486852e-09,4.4294429812907765e-07,3.0328159983383784e-09,1.476262756483493e-08,4.4551669020620466e-09,3.1615672302365283e-09,4.388014218648095e-08,2.4261672670888856e-09,6.045690525979808e-08,1.3780859786649557e-10,6.231985594240541e-09
window-1ef6602462ae644d6035,407_55221_107129,microwave,microwave,0.999998927116394,True,1.1137146316286817e-08,2.9518663069438844e-09,1.7752112002611398e-09,1.7054896161994293e-08,6.732857826818872e-09,1.627776691215388e-09,1.8880116914310463e-10,1.5319601143204409e-09,6.066220858969018e-10,3.12532805191168e-10,7.423659603711386e-11,5.166634764464106e-07,2.4914140195342327e-11,1.7827073151011064e-08,0.999998927116394,5.824893989370139e-08,2.865099020255002e-07,6.71728583867548e-09,4.990739377319642e-09,5.578453809995665e-10,9.516476495718962e-10,4.11512672826575e-08,1.8540431412361613e-09,1.890821188510472e-08,5.902933142287736e-10,8.561309883248214e-09
window-23cf96cd3b0afa826900,48_2772_8326,microwave,microwave,1.0,True,6.259837787014888e-11,2.72585599925268e-12,3.788999322629216e-11,7.885803121610024e-10,6.728159696045566e-11,4.568619094147408e-11,1.3006557636474625e-12,3.3630498559589217e-12,1.7715707373300305e-12,1.2197316724346652e-12,2.3911759074526917e-13,1.488971029806052e-10,1.390552983090293e-13,1.0404128947261171e-11,1.0,6.782559236473418e-11,1.3765373563234817e-10,4.6315204449420833e-10,1.0291118651695186e-11,3.097055389922332e-10,7.286727102782942e-13,8.173318250502548e-13,4.535219075285646e-11,1.1769073215983639e-10,9.143966833713435e-12,1.4216555016544064e-11
window-7c94a106d198fd3830af,48_2772_8326,microwave,microwave,0.9999998807907104,True,2.856697989273016e-09,2.4018295685657165e-10,1.0979993581017311e-09,1.2421883965885172e-08,4.288064001101155e-11,1.9645656212929907e-09,5.599662955546592e-10,8.331514367299064e-10,7.071956353854603e-10,5.419214729740496e-11,3.610581625346221e-11,3.83293530248352e-09,6.38414487941219e-10,7.483789282725084e-11,0.9999998807907104,1.898077472972659e-09,3.390028169292236e-08,2.3121641490320144e-08,4.025338951052504e-10,9.621838437112729e-09,3.284527649860536e-10,3.251473257304127e-10,2.150988276383714e-09,1.0843284492523253e-08,3.464457887236705e-10,5.951744097565381e-10
window-4bb8bf16e299e63ba42a,48_2772_8326,microwave,microwave,1.0,True,2.4615689694917897e-11,3.5023186607807677e-12,6.293154192205108e-11,4.209720572134756e-09,9.603489878329263e-12,1.0227878960433756e-10,8.440672639997704e-12,1.1997575675992689e-11,4.21218789015132e-12,1.132398862180306e-11,7.003942239548755e-13,7.729454576388406e-11,1.2376169967326378e-12,2.445063682771087e-12,1.0,2.657270237182985e-10,2.2421274559203397e-10,6.394735851955602e-10,4.30477962304332e-12,1.4811624149402292e-09,2.635140586640383e-12,4.569985015412392e-12,1.90268023558815e-10,4.4984925506863505e-11,9.021643675166668e-12,2.9317492444141946e-12
window-7f88e7a51b1f62c2d0bd,48_2772_8326,microwave,microwave,1.0,True,7.065606988376771e-10,3.285378566419972e-11,3.6409724124553122e-09,2.3706013152491323e-08,9.213263485463585e-11,8.756436131740486e-10,2.7476673714055266e-10,2.6867016944542854e-10,1.0207382716842517e-09,1.38470519772671e-11,2.516710798095012e-11,3.678828575104376e-09,1.1657412535281964e-10,4.1619752089161466e-10,1.0,2.8167995713701544e-10,6.292548704323053e-09,1.7754882009057837e-08,1.8904930398910835e-10,2.360137862922329e-09,7.619908037881373e-10,7.66772811910954e-10,1.0020913265851306e-10,9.476294193788704e-10,2.313723795888123e-10,3.48109896464166e-09
window-3a06a3f8c35d57527b35,555_80017_155910,microwave,microwave,0.9999997615814209,True,7.078204133925681e-10,2.4687213384666506e-10,2.9152367186924266e-09,1.7883512271055224e-07,1.750498634933706e-10,9.411015300386794e-10,1.5971163280781298e-09,7.230916754252803e-09,1.427155504885036e-09,1.3199628889903892e-10,1.3467543746870092e-10,7.93329668624665e-09,4.5950734883781763e-10,3.121068559153173e-08,0.9999997615814209,1.54453561052037e-10,2.2132029542376586e-08,2.3480287936195054e-08,2.3191046305548468e-10,1.0700063945989768e-08,1.6745458353284448e-09,9.680498624931033e-10,9.612568518946318e-10,4.488339921948636e-09,5.220992527199542e-10,8.256643369008998e-09
window-ab3ce0ce16316c4373f9,555_80017_155910,microwave,microwave,0.9999973773956299,True,4.0848643578783594e-08,8.27680679549303e-09,3.7252305684631892e-09,2.7203538977005337e-08,4.774601269907919e-10,6.256151152683742e-09,1.1907671293442945e-08,1.468372001767193e-08,7.990879957731067e-09,1.3048137015303496e-09,4.648013085528646e-10,2.2238494068460568e-07,1.197785337581081e-08,7.903691034982785e-09,0.9999973773956299,3.0566442710266983e-09,1.2933942343806848e-06,4.956495445185283e-07,2.3165216966880564e-10,1.82746290988689e-07,3.698231409998698e-08,1.0349807233467345e-08,1.6607856423433986e-08,1.8997788231445156e-07,2.175263080772538e-09,4.2533896404961524e-09
window-4e9bf21f470fff91a9ce,555_80017_155910,microwave,microwave,0.9999997615814209,True,8.028278042360171e-10,2.3757948386382566e-10,1.0851299719893959e-10,1.177493658133244e-09,1.2355919065676346e-10,1.029302545973998e-10,2.174021726530917e-11,4.7411605891278796e-11,3.8279115988082424e-11,1.3682202072706762e-11,8.249940661175792e-12,2.7803869429021688e-08,7.347329689100235e-11,3.6470584885428536e-10,0.9999997615814209,1.7619077030683883e-10,1.92062898918266e-07,4.176465395744344e-09,7.437823967837431e-11,1.3201170157017827e-09,3.1380176235273893e-10,1.18779042157513e-10,6.725056622691739e-10,1.6529325685965546e-09,8.25546922489373e-11,1.0328897459555009e-10
window-3e25f2b702900926bbef,555_80017_155910,microwave,microwave,1.0,True,1.1262942835321699e-11,9.029678589046741e-13,3.787272578881229e-11,8.013623653546631e-10,1.6163319597681247e-12,6.003145897048867e-12,2.02314337158227e-12,9.336132561488242e-12,4.707790580982252e-12,2.305948672027408e-13,4.670261031201883e-13,1.1899085883282368e-10,3.454265139982843e-13,1.6639273292540224e-10,1.0,1.2065174163564119e-12,3.282227961642903e-11,2.771933793610515e-10,5.491986531346027e-13,4.678718176776009e-11,6.0908582864838134e-12,7.714339583797525e-12,4.0925405425662476e-12,8.389279722298415e-12,3.0205293561486046e-12,1.5008008724670674e-10
window-8b58c3f1b771ebc58117,618_100747_201834,microwave,microwave,0.9999991655349731,True,1.7898866389032264e-08,2.1621380241754196e-09,9.698054803664036e-09,6.574538247150485e-08,3.398431813739222e-10,2.3255359860030467e-09,8.122075456640232e-09,2.1905890434936737e-09,9.695145797294913e-10,6.096046334391758e-09,9.542305834386866e-10,1.415497496992657e-09,6.845359390439398e-09,5.323887819486117e-08,0.9999991655349731,1.204440369662052e-08,2.3710934726750565e-07,4.245917750722583e-08,1.5916900020229718e-09,3.570489184312464e-07,1.3479909632962972e-08,4.182760360293969e-09,2.1269368488674445e-09,7.58451079718725e-09,3.456159247683388e-10,1.1469330374325182e-08
window-dea44c1a8b57d32c69e9,618_100747_201834,microwave,microwave,0.9999997615814209,True,3.5693368261036085e-09,4.237105943882824e-10,2.2412132150151365e-09,1.9546314788954078e-08,1.0331695221577064e-10,6.458055201719048e-10,1.2057068676796234e-09,6.236730576425487e-10,2.003892746182956e-10,8.034757859043395e-10,2.0060074434891106e-10,6.964945287180058e-10,1.0206406830803871e-09,2.3259067560843505e-08,0.9999997615814209,3.043236773692115e-09,4.532967423642731e-08,1.5186870427896793e-08,1.7303951327374278e-10,1.2314424679971125e-07,3.306282803094973e-09,7.708932936445478e-10,7.506636978682479e-10,1.6094615640227516e-09,9.518494326066218e-11,2.941100918363304e-09
window-82c08c7ef6e6bc0c8dc5,618_100747_201834,microwave,microwave,0.9999983310699463,True,3.394784897636782e-08,8.618845193097968e-09,1.902816748611258e-08,1.2470179910906154e-07,1.3139205279344424e-09,3.61986085550825e-09,1.1107778696839432e-08,3.6096154953924042e-09,1.1441239067266906e-09,2.6114300055724016e-08,2.3826995931841566e-09,3.4021792050253907e-09,6.440766142645771e-09,1.676043694942564e-07,0.9999983310699463,5.9320097278714456e-08,2.93891275759961e-07,6.021702603220547e-08,2.769040108319132e-09,7.947606377456395e-07,2.0632123565178517e-08,5.017958937258982e-09,3.6026548411172143e-09,7.042242788912745e-09,6.662957408032355e-10,1.4805845438559118e-08
window-7312c3636e075e8c7a53,618_100747_201834,microwave,microwave,0.999998927116394,True,8.111762817009094e-09,4.364839156778544e-09,1.4072417009458604e-08,1.0505959124884612e-07,4.207434123326692e-10,1.8572640092529014e-09,5.016220328002419e-09,9.23979615041759e-10,7.288342707134632e-10,9.406130985212258e-09,7.335047569334563e-10,3.276217075409704e-09,2.53440868291932e-09,5.15142417611969e-08,0.999998927116394,2.5038419337874984e-08,1.4953126026284735e-07,5.123292723396844e-08,7.352486397493863e-10,7.360032441283693e-07,1.3802574194698991e-08,2.1896233715068547e-09,1.5346185433529058e-09,3.964827577362939e-09,3.7052513834900935e-10,4.668003761310047e-09
window-481395cd4651690f7ea0,506_72906_141733,microwave,microwave,0.9999974966049194,True,6.777883498898518e-08,2.931819231832833e-09,2.472388871410658e-08,1.2904243362754642e-07,7.478081487377608e-10,3.5138238985155112e-09,7.712945282456474e-10,2.78044831603097e-09,1.603133459315842e-10,1.6224081800242374e-10,1.6836333716074847e-10,1.0014846907324682e-07,9.696775604695063e-10,2.4318863367511767e-08,0.9999974966049194,5.141667092090074e-09,2.0452266653592233e-06,2.9256367994889843e-08,2.3527113590660065e-09,2.164008527927308e-08,5.0914663596302034e-09,3.8368317412107444e-09,1.482414369036178e-08,4.61799753992409e-09,8.0646944677909e-10,7.928797063350146e-10
window-21d3a0ba1656ff973e76,506_72906_141733,microwave,microwave,0.9999997615814209,True,3.985241470161327e-09,1.3289129519034049e-10,1.8581682026397317e-10,5.7163416222749674e-09,1.7136238608661536e-11,4.3619111100845487e-10,2.605818893997025e-10,1.4471408515959183e-09,2.463838300048593e-10,1.3186661831920965e-11,1.039777812461562e-11,7.24885096392569e-10,7.850189942537611e-10,2.8475463653698796e-10,0.9999997615814209,1.6748612219341652e-10,6.823206888384448e-08,8.634127190987329e-09,2.0223106175776273e-11,5.3332822602669694e-08,4.414700272015182e-10,1.464047633126242e-10,3.4022100692254753e-09,1.9940036288801366e-09,7.035465959814857e-11,1.2926781867150794e-10
window-cbf63f5c4fc858f54662,506_72906_141733,microwave,microwave,1.0,True,8.651763194755802e-10,2.8878016297695375e-11,2.6102964234553383e-10,1.357028045489983e-09,9.735335801397405e-12,1.517950348750574e-10,4.069905870651702e-11,1.2239044500095275e-10,7.857528516730383e-11,1.1611687089282952e-12,1.6365058613798666e-11,5.818110437871837e-10,4.108043419326357e-11,4.264667730069505e-09,1.0,4.858902516446939e-11,2.3890289746475446e-09,1.9282548890942053e-09,1.4867624492653775e-11,4.426051969375067e-09,2.0513477028138993e-10,1.0192105492912162e-10,7.327864010031604e-11,2.3071752841552495e-10,6.800487256652943e-11,1.1505223440622103e-09
window-a49a32e12f701de197eb,506_72906_141733,microwave,microwave,0.9999995231628418,True,3.1373918574217896e-08,1.3679211097183952e-09,3.314724272840408e-09,2.6697486887883315e-08,3.42753131432616e-10,2.537960730464306e-09,3.3076616445804063e-10,7.299908455493664e-10,5.948844888914451e-11,6.954466169606377e-11,4.680974358128864e-11,4.867895952997969e-08,1.2625235579211136e-10,2.6072859427017647e-09,0.9999995231628418,1.6890090437371441e-09,3.6111384815740166e-07,6.194515567159442e-09,4.679896470349831e-10,5.744232645099601e-09,1.4001976245126002e-09,1.1352302431433259e-09,5.82515058411559e-09,1.3853980185274395e-09,3.102475776284308e-10,2.8006727492702055e-10
window-4cad43580460ad7de362,117_13754_28208,mouse,mouse,1.0,True,4.834069144976638e-09,6.083364367803767e-10,1.0937849237446784e-10,3.14771497755828e-08,5.389479973416655e-10,2.2150889456007405e-10,6.445972089430541e-10,6.428726908452864e-12,1.1669753705034758e-11,5.2216779511393696e-11,5.351783460838533e-10,3.323084862838499e-11,3.8946432884268134e-11,2.7512044292049564e-12,1.5491806726330992e-09,1.0,1.3940013206259483e-11,2.391208120400279e-09,1.7782935124444066e-09,4.056632252336101e-10,5.7112911622247964e-11,3.0600338929431814e-10,3.898797951151778e-11,3.268446624460353e-11,1.7066936752740958e-10,2.3788424008408526e-10
window-d0138215af07aee3e6ce,117_13754_28208,mouse,mouse,1.0,True,2.459042081071061e-09,1.0133957006885908e-09,3.7174572448117615e-11,5.035313677126396e-08,1.0958418200646136e-10,1.698432366969982e-10,6.539331298682782e-10,2.7295600675547593e-12,3.5614232916925115e-12,1.866693258301133e-11,1.9746929091901677e-10,1.6255987875246625e-11,1.7671641927563542e-11,1.4086635503895995e-12,5.92176030433933e-10,1.0,7.346991938439462e-12,1.1586793746687363e-09,4.148968946182663e-10,9.090012770274214e-11,3.729431000132344e-11,1.027347373838694e-10,5.401823953421481e-12,1.2394957456252076e-11,9.89470658185887e-11,2.5674512516005166e-10
window-41268c81a04d0ce81afe,117_13754_28208,mouse,mouse,1.0,True,1.4327360409183143e-09,3.202829113035932e-10,4.624094857019756e-11,2.2083330719624428e-08,1.2715843655808357e-10,1.325240472915823e-10,3.930855363432073e-10,1.705790456801859e-12,2.4916529343249616e-12,1.812462853412189e-11,2.6491783766680044e-10,1.033764567004436e-11,2.1974012887060468e-11,2.119209105075348e-12,4.3042092112699493e-10,1.0,3.5195488017059073e-12,1.758249768002429e-09,5.260075708335421e-10,1.0409732104088576e-10,2.9249814376131056e-11,1.3349596428291477e-10,7.527764869785791e-12,7.075782234439165e-12,7.159575710069532e-11,1.628964046984649e-10
window-a0a5038ae089a0f84755,117_13754_28208,mouse,mouse,1.0,True,4.485225968409168e-09,8.882327096060294e-10,9.918117716001262e-11,3.6991156804333514e-08,3.0882782442454015e-10,2.6624094595639747e-10,1.039783148470974e-09,4.738917157992573e-12,7.939841492610178e-12,3.579820120891419e-11,3.522420133350579e-10,3.5220555638648676e-11,4.471503375902408e-11,3.965491563590051e-12,1.0385621251884913e-09,1.0,1.021559139363637e-11,3.770345813336462e-09,7.767944620873379e-10,3.2604971500482804e-10,6.649190920082759e-11,2.768298923427892e-10,3.7547690651118515e-11,1.1247142973902502e-11,1.9221767233457143e-10,1.7551193831621958e-10
window-cc4d3d63518c1514b483,14_161_1089,mouse,handbag,0.8625800013542175,False,8.974340016720816e-05,2.3525151846115477e-05,0.019071610644459724,0.0005693407729268074,0.0020439729560166597,0.0004200073890388012,1.8996910000623757e-07,5.7164674217347056e-05,6.080562343413476e-06,0.059305064380168915,4.40152189185028e-06,0.8625800013542175,2.9097793230903335e-05,0.003953327424824238,0.0003705548297148198,0.0018977265572175384,7.938031558296643e-06,0.00013168448640499264,0.002555284183472395,1.5980518583091907e-05,0.00011061663826694712,1.644442272663582e-05,0.04531149938702583,0.0013475208543241024,6.60770310787484e-05,1.5161829651333392e-05
window-834cd9028600a3147aa6,14_161_1089,mouse,mouse,0.38234686851501465,True,0.0015865718014538288,8.824014366837218e-05,0.011145288124680519,0.00765510369092226,0.006130605936050415,0.001888313447125256,0.03494618460536003,0.00011399222421459854,0.0017807320691645145,8.532677384209819e-06,0.0007005609222687781,0.058686211705207825,0.0020010829903185368,0.01452717650681734,0.07519273459911346,0.38234686851501465,0.33218061923980713,0.00020468156435526907,0.022350726649165154,0.0006248037097975612,0.00041400318150408566,0.001726082875393331,0.006513566710054874,0.03701486438512802,0.00013643226702697575,3.6051482311449945e-05
window-35cd8c945d03bee082ac,14_161_1089,mouse,mouse,0.9999761581420898,True,6.51351172109571e-07,7.670829660355594e-08,6.413363706769815e-08,2.543303480706527e-06,3.5135094833549374e-08,1.4381269863861235e-07,1.902601383108049e-07,3.1391724775176044e-09,2.2867899573952855e-08,3.126500303096691e-08,3.9827500586397946e-07,2.4557377287237614e-07,9.650064924926482e-08,3.8483589648308225e-09,7.689176527492236e-06,0.9999761581420898,7.102491483834683e-09,4.1829835595308396e-07,3.9689616926352755e-08,1.2441531360707359e-08,6.03606906679488e-08,8.12625877699702e-09,5.540963599059978e-08,1.071963197318837e-05,1.8985973326834937e-07,1.2425719830844173e-07
window-de59f3a9f45001d86603,14_161_1089,mouse,mouse,0.999742329120636,True,5.809687536384445e-06,2.0179850253043696e-06,3.0922801670385525e-06,8.552691497243359e-07,1.977969441213645e-05,7.410682883346453e-06,9.600875637261197e-05,3.453818564480571e-08,1.15142114509581e-07,1.9320594901728327e-07,1.4383455209099338e-06,5.242507540970109e-06,1.23361814985401e-07,1.0035674335995282e-07,3.261711390223354e-05,0.999742329120636,2.659860001585912e-05,2.316525524292956e-06,1.4959373402234633e-05,1.2556016599774011e-06,1.167730715678772e-06,7.635150041096495e-07,4.710691925424726e-08,1.0307590855518356e-05,2.949491033632512e-07,2.5184057449223474e-05
window-d7105ba4b33c4035852d,465_66131_129808,mouse,mouse,0.9999992847442627,True,1.7111824845983392e-08,6.543663033653502e-08,1.4302804496324484e-09,1.7753184522462107e-07,9.466680772618474e-09,3.61027985285034e-09,2.1051789200754456e-09,4.877435122452312e-10,4.7837876021583625e-11,6.826147980198982e-11,3.343969581237616e-07,2.2220971729325356e-08,2.06896843407689e-11,4.802213293686464e-09,2.4658741715199994e-09,0.9999992847442627,8.112778504543172e-11,6.813927200255421e-09,7.071808028058513e-09,1.3321613812067312e-09,7.932517975817177e-10,8.840759235795304e-10,3.290200334404858e-10,4.940343689696647e-10,2.4769576612015953e-08,1.913685876431259e-09
window-89577104d0474cfca336,465_66131_129808,mouse,mouse,0.9999998807907104,True,3.4444360696994636e-09,3.264102943489888e-08,4.095636607637232e-10,4.786736695905347e-08,1.0065345001919468e-08,3.071789045350215e-09,3.78172515524966e-09,8.376987298275296e-11,3.451001984178248e-11,4.958753199724164e-11,8.537318763046642e-08,6.358106041659539e-09,2.016806339988353e-11,2.4564622558287397e-10,3.5375704587892187e-09,0.9999998807907104,3.545930216120041e-11,4.423156951816054e-09,2.545714083979078e-09,8.269169238239726e-10,2.45128112252857e-10,3.4373989765690283e-10,1.115315270694417e-10,3.6373329348471373e-10,4.732953140518248e-09,5.655628743106433e-10
window-8a676d99acc538701fb1,465_66131_129808,mouse,mouse,0.9999995231628418,True,9.221812646842409e-09,4.157320177000656e-08,1.402822635832024e-09,1.0206682610203188e-08,3.7553103737764104e-08,8.996239309055909e-09,8.746154023242525e-09,7.090038556256673e-10,1.3911539975541842e-10,2.809693588901041e-10,1.4058079500500753e-07,9.684366375495301e-08,2.668171759923066e-11,8.49351866616388e-10,1.2059481191428745e-09,0.9999995231628418,6.463694857128388e-11,5.8297411342778105e-09,2.3889823452805103e-09,3.6593350571934025e-10,1.171147956391394e-09,5.93127547077188e-10,3.582374952237899e-10,2.656403541578811e-09,1.7827593623565008e-08,3.602590226137181e-09
window-2b3507ad326e5829a6ca,465_66131_129808,mouse,mouse,0.9999998807907104,True,2.2639683905367747e-08,3.304431572814792e-08,9.659215649548969e-10,3.339310694627784e-08,5.013527815123098e-09,6.20684170726804e-09,3.1899358710063552e-09,1.0436987385453733e-10,5.857155038757611e-11,1.2218447087430917e-10,4.140474274549888e-08,1.0073449629999232e-08,3.797355138668301e-11,9.750782820061588e-11,2.804727117222683e-09,0.9999998807907104,6.251019840641803e-11,1.2632261459089023e-08,1.001297444958027e-08,1.21848242606859e-09,8.35728153347759e-10,8.651927507763446e-10,2.6044078005327265e-10,5.048992890444026e-10,1.1050761195008363e-08,9.754899110703263e-10
window-5aa7173f8b40accb3cf0,601_92735_185308,mouse,mouse,1.0,True,1.0854185328312838e-09,3.48666739924397e-09,1.5184975499238362e-10,1.2382641578767561e-08,1.0346132978122924e-10,1.308847058512086e-10,1.0612560830125517e-09,1.3997402195653486e-11,4.915631270085985e-12,8.457791411675686e-11,7.798674483971979e-10,2.21696862257037e-11,1.5400198477566462e-11,1.0018787015286801e-11,4.825048138812349e-10,1.0,3.2487612860315762e-12,1.6752395026742306e-09,8.79722822366702e-11,1.9185021626899612e-11,3.542111395860026e-11,3.145892990552568e-10,2.6634328423313924e-12,7.232259496142701e-12,7.834750903601417e-11,2.5699942174384205e-10
window-5bdcd9676f45c1a8e161,601_92735_185308,mouse,mouse,1.0,True,3.6592129326606937e-09,6.56679510768754e-09,7.183845740499351e-10,1.8985820915418117e-08,3.217205113426047e-10,2.1413676387638247e-10,2.9371101106789865e-09,4.344796744604196e-11,1.1520956931521109e-11,1.2270278126891299e-09,1.1348693096380202e-09,8.633263548496473e-11,4.6270064169018355e-11,5.669101906663476e-12,1.8356561826138318e-09,1.0,7.792897403768873e-12,3.41208883369859e-09,2.3617083289018126e-10,3.5336896603288537e-11,8.829571102042522e-11,5.656028423395298e-10,1.2667639506802608e-11,4.6567368017225164e-11,1.288658485476546e-10,2.692673306547988e-10
window-149871cdac8ad5358d6e,601_92735_185308,mouse,mouse,1.0,True,2.585249792019795e-10,7.050570127731248e-10,1.1322396492596809e-10,1.0673093520097154e-09,7.58809820533557e-11,1.1887719975067768e-10,6.357182003036144e-10,3.2500814105967946e-12,2.1206161826547998e-12,3.0010292861870624e-11,1.4862592268016783e-09,7.550427297275952e-12,6.127563300512007e-12,1.872254738397028e-12,4.536839237623269e-10,1.0,1.259953621469967e-12,5.20624654498647e-10,4.5699784234631835e-11,1.3742700553931453e-11,9.371564288485068e-12,1.0153415608282756e-10,2.044467026229846e-12,4.77195973708211e-12,2.7377057218447298e-11,9.806681855462074e-11
window-0bfdb76ce96cff94d8fc,601_92735_185308,mouse,mouse,1.0,True,1.9392155936603928e-10,2.4084770289256596e-10,2.7228849383553744e-11,7.060878548514893e-10,2.7688887641041937e-11,4.51296500170173e-11,3.0745075929594634e-10,1.40873879402037e-12,1.0774097542951e-12,1.1915477285406872e-11,4.866825831228994e-10,7.56680482161265e-12,3.520347858707029e-12,2.7649874577428957e-12,2.2961431367374274e-10,1.0,2.144835958145519e-12,5.267957181587235e-10,6.625162918272309e-11,1.0104532661980858e-11,9.112297721936002e-12,9.644576109968384e-11,7.23604986693771e-13,2.4309831491570177e-12,1.0240288651763851e-11,4.914527812482916e-11
window-324254094bf984a0eb68,269_28600_56284,mouse,mouse,1.0,True,2.2870452198731073e-08,1.020747930624566e-09,1.0578038445174798e-10,1.7536153862351966e-08,8.340514390248188e-10,4.719519219875679e-10,5.547363457480969e-09,1.2208075696185094e-11,4.836526318330314e-11,1.6584428275123742e-10,1.4577903328927277e-09,8.565768927493167e-11,4.9952347813686515e-11,5.180407318394753e-12,2.5849883344974955e-10,1.0,7.162471310495633e-11,4.02333610871608e-10,6.549205067152286e-10,3.4937934489942535e-11,1.2220616185665278e-10,2.2033073976412965e-10,3.306986628981434e-11,8.626749870010997e-10,2.435482648888154e-10,3.093253708730259e-10
window-0eb9cad2dfe4102594d8,269_28600_56284,mouse,mouse,1.0,True,4.5584851449120833e-08,2.383862662824754e-09,1.8144560853805558e-10,4.093017480499839e-08,7.561647419329631e-10,2.500830376117591e-10,5.448084205994519e-09,1.744086125521349e-11,6.566650695427612e-11,2.066127824384978e-10,8.077938873363166e-10,1.8954393610215448e-10,4.253899316131182e-11,4.607778568421761e-12,6.121705364847685e-10,1.0,7.213485364587768e-11,1.5932951624719749e-09,4.205216175279247e-10,1.1419037243554087e-10,1.65057870149532e-10,3.424122096973292e-10,8.192227451964129e-11,3.723576169623044e-10,3.6753411425394233e-10,3.112802515747859e-10
window-be528ae84d05bc7f3ba0,269_28600_56284,mouse,mouse,0.9999992847442627,True,1.688475776973064e-07,2.4542341492406194e-08,1.1257024645772162e-08,2.0826819024932774e-07,1.5380191342728722e-08,1.3051653091622484e-08,5.187276386209305e-08,4.796553709773832e-10,2.9463043116351173e-09,8.253867811447435e-09,2.8445350963579585e-08,4.077910453759159e-09,2.7157696091961725e-09,2.6739241376638745e-10,1.0712372322529973e-08,0.9999992847442627,2.1435166974725917e-09,2.8415852781904505e-08,1.3285664124396135e-08,1.8006548474502893e-09,4.276010656667495e-09,6.507167693570182e-09,1.238993263541488e-08,4.024893751619629e-09,1.2681574901307613e-08,2.1957429208185886e-09
window-d90faedadbc8f578bc7e,269_28600_56284,mouse,mouse,0.9999996423721313,True,1.6927569390645658e-07,9.663493116818245e-09,1.7958014242314135e-10,7.804334245520295e-08,2.9350426533625296e-09,4.445363244176548e-10,1.5672270592403947e-08,4.5676327303789677e-11,7.33089491888883e-11,6.657072115778817e-10,3.549275318093237e-09,3.109472401785496e-10,1.0322948745811189e-10,9.94586184244195e-12,3.138484472309244e-10,0.9999996423721313,1.3764002437799405e-10,1.973251340103843e-09,1.0954552820408026e-09,1.0413302858891527e-10,1.3856413794144373e-09,4.903124573019113e-10,1.3974195411936563e-10,1.1760458162868304e-09,1.1593797033526698e-09,7.821075453939841e-10
window-7008d236bf198aab3b82,193_20812_42179,parkingmeter,parkingmeter,0.999990701675415,True,3.384850970178377e-06,8.53994350791254e-08,1.8544312752055703e-07,5.3509225494963175e-08,5.0071577106791665e-08,6.764921778312782e-08,4.8664702489986666e-08,5.328628205347741e-08,1.8758451858502667e-07,2.35188917230289e-08,8.073954838039299e-09,2.0321900606745658e-08,2.354705884499708e-06,6.851257783324627e-09,3.912079193924001e-08,5.086426213551931e-08,0.999990701675415,2.585150582490314e-07,2.6671600039662735e-08,2.5518428969917295e-07,2.0397791899995354e-07,1.5448371186721488e-06,9.236840270432367e-08,1.504206750269077e-07,9.782171161987208e-08,1.3681968447087911e-08
window-fedd9ba10066f7177bc9,193_20812_42179,parkingmeter,parkingmeter,0.9999960660934448,True,8.433089533355087e-07,5.750617404487457e-08,1.5785292362124892e-07,1.7235358029665804e-08,2.8446779154478463e-08,7.718136885159765e-08,4.049515922588398e-08,2.9708488114010834e-08,1.4355862276715925e-07,6.874620872565629e-09,3.7349088266580566e-09,1.3592098113690554e-08,1.1620850273175165e-06,1.3715505398081973e-09,1.930382609316439e-08,3.0393231043035485e-08,0.9999960660934448,1.1522539011821209e-07,1.308865638094403e-08,6.863252366429151e-08,9.438331716182802e-08,9.490361208008835e-07,5.962100857459518e-08,3.546179172531083e-08,5.8466383734412375e-08,8.07818878456601e-09
window-c1814403cfff70e9b986,193_20812_42179,parkingmeter,parkingmeter,0.9999909400939941,True,2.7788330498879077e-06,8.7002952398052e-08,2.5859034735731257e-07,5.542768732880177e-08,7.819314618018325e-08,1.010584895766442e-07,5.946023406977474e-08,4.281102050640584e-08,7.736328910823431e-08,2.9789761768483913e-08,1.0125157601237333e-08,9.283306567908767e-09,3.3635396903264336e-06,1.0137737760373966e-08,2.6162616961755703e-08,5.298831950995009e-08,0.9999909400939941,2.490665167442785e-07,2.284718014777809e-08,4.7064852992662054e-07,1.82859309916239e-07,8.348425240001234e-07,1.0934596872402835e-07,1.1956143453062396e-07,7.196404538944989e-08,2.003483423607122e-08
window-8863c25c4d451ec78bdf,193_20812_42179,parkingmeter,parkingmeter,0.9999990463256836,True,4.6997013214422623e-07,9.286693192223083e-09,2.495493944820737e-08,3.0138900264375934e-09,3.5793152886043345e-09,1.1804595523301487e-08,5.757897714175897e-09,2.98509594820473e-09,1.580174924242783e-08,2.126194331708575e-09,7.568104476440851e-10,2.1665713667573527e-09,2.1274946959692898e-07,5.72391689601659e-10,4.352959326325845e-09,4.6564974098828316e-09,0.9999990463256836,3.522507796560603e-08,5.496467281318473e-09,1.4694839123308157e-08,1.5263903918594224e-08,1.644903733222236e-07,1.1585175485606669e-08,1.9248624028023187e-08,6.221142268003632e-09,1.128799831384697e-09
window-d1da0d2747423b4c5726,433_61349_119679,parkingmeter,parkingmeter,1.0,True,3.466973552690433e-08,2.546928445923413e-09,3.3135627575120452e-09,1.159758289404067e-09,5.498682065230298e-10,1.6873709096643097e-09,1.2722205511295215e-09,2.744242055818802e-10,4.6900878736266804e-09,4.2681566614355404e-10,3.170516627015729e-11,3.883688926009654e-10,2.8791053097165786e-08,1.8863462875051695e-11,4.800831399087713e-10,4.927426244805133e-10,1.0,3.992393970975172e-09,1.7302809185437695e-09,4.193292379994773e-09,2.441870261549184e-09,3.49962796519776e-08,1.4362930844669108e-09,3.678618076818907e-09,1.1622961482160576e-09,5.604490135868723e-11
window-0fe58fd389f6adee19b6,433_61349_119679,parkingmeter,parkingmeter,0.9999992847442627,True,1.733965149242067e-07,1.211936773160005e-08,2.111960561990145e-08,5.555820248304144e-09,6.019305498483618e-09,1.958679973768085e-08,8.388294503447469e-09,3.035663942441147e-09,1.9736392076197262e-08,2.673813392917168e-09,4.82326012463119e-10,2.9642797105822183e-09,2.3020780304250366e-07,1.0264260275061332e-10,2.761969319919899e-09,3.8050420592128376e-09,0.9999992847442627,2.6346766546225808e-08,9.820198876298036e-09,1.6030096361419055e-08,1.5230462224735675e-08,1.6067372143879766e-07,9.653173371759749e-09,2.7204679398096232e-08,9.302278947131981e-09,8.24816659417138e-10
window-332fab2d24835a723cf7,433_61349_119679,parkingmeter,parkingmeter,1.0,True,3.595200936956644e-08,2.118783815063807e-09,2.73581379772736e-09,9.674169243467645e-10,4.31861657546051e-10,1.2747978228588863e-09,8.467254675181835e-10,2.467008264339654e-10,1.9716266397296067e-09,4.4959300171676375e-10,3.6315849633039576e-11,2.783202279754704e-10,3.958199812359453e-08,1.5264563918426788e-11,3.7101349770196634e-10,5.669897329418916e-10,1.0,2.898675743878698e-09,1.097348323320091e-09,3.295454797935804e-09,1.9943540152667083e-09,2.587748682003621e-08,1.5156857990916706e-09,3.175119056564313e-09,1.0030614117084724e-09,5.541066216974144e-11
window-6321c355d3f74353e89d,375_42777_85636,plant,plant,0.9999306201934814,True,8.935145388022647e-07,5.697024221262836e-07,5.649496515047758e-08,3.43969113600906e-05,1.3102118145980057e-07,3.576129472548928e-07,5.41869042081089e-07,3.124454792668985e-07,2.0044222992510186e-07,1.4360455224959878e-07,3.4490835076894655e-08,1.04879291029647e-06,1.4786930080390448e-07,4.896809713272887e-08,1.906506099658145e-06,4.320988864492392e-07,1.9315169993205927e-05,0.9999306201934814,5.55784799871617e-06,9.475469937569869e-07,2.1516651571573675e-08,7.900284799688961e-07,8.174876597877301e-08,6.822347700108367e-07,5.509184575203108e-07,2.004990165005438e-07
window-a6f3f08b87dd80e9e747,375_42777_85636,plant,plant,0.9998985528945923,True,8.169677130354103e-07,5.77806190449337e-07,6.769990790189695e-08,7.571456080768257e-05,6.019941878321333e-08,2.148980513538845e-07,5.279360379972786e-07,1.339777071507342e-07,1.4886205690345378e-07,9.143092682961651e-08,1.1015493583954594e-07,2.6852728751691757e-07,1.519581473985454e-07,4.293847410963281e-08,1.7063661061911262e-06,6.399050107575022e-07,1.1631341294560116e-05,0.9998985528945923,4.747103503177641e-06,1.753609808474721e-06,1.9845529664053174e-08,8.396637554142217e-07,1.3567235157552204e-07,2.4748584337430657e-07,4.689796071488672e-07,2.595593855403422e-07
window-74ae7dc6df47209557d5,375_42777_85636,plant,plant,0.9999793767929077,True,3.106717088030564e-07,8.029071807413857e-08,1.0824222584915333e-07,1.0547416422923561e-05,2.5282286486572048e-08,8.563905851133313e-08,2.344107059570888e-07,3.4831145967473276e-08,3.978311724495143e-08,3.817645932713276e-08,3.8579791805659625e-08,1.981159130082233e-07,3.699998885053901e-08,5.431301630665075e-08,6.178108833410079e-07,2.1362050972584257e-07,4.377328423288418e-06,0.9999793767929077,1.990954160646652e-06,7.501020604649966e-07,8.876204660168696e-09,3.530781214067247e-07,1.3663141729125527e-08,1.4467568121290242e-07,2.3102930413188005e-07,8.49047410156345e-08
window-9b0e211382e7b4634f27,375_42777_85636,plant,plant,0.9993444085121155,True,9.292097274737898e-06,1.7550057236803696e-05,2.1814875594827754e-07,0.0004813615814782679,1.7552615361182689e-07,1.8391712046650355e-06,1.7235679479199462e-06,2.8436134016374126e-06,3.4599941045598825e-07,5.136727168064681e-07,6.899365985191253e-07,1.4360490467879572e-06,5.016012210035115e-07,3.4588293829074246e-07,4.202547643217258e-06,3.1184908948489465e-06,7.70247497712262e-05,0.9993444085121155,2.5546993128955364e-05,1.551965942780953e-05,1.571122680843473e-07,2.3286713712877827e-06,1.9735669809506362e-07,2.2185570287547307e-06,3.7758800317533314e-06,2.4563887563999742e-06
window-a1bb4e60312a9a42e51b,612_97740_196493,plant,plant,0.9999998807907104,True,3.81540044003259e-09,9.727475491771997e-10,3.1298066360818666e-09,1.2721409703431164e-08,2.072170879330315e-09,1.167174579208563e-09,8.197439171908627e-09,6.990032441756e-10,2.5485838439642805e-10,7.519653344445487e-09,3.4706351681457193e-10,4.531083419578863e-08,2.310896474178037e-10,1.311563968542373e-09,1.2506637503406637e-08,2.4592576863824434e-09,1.5293961652673715e-08,0.9999998807907104,5.311292294862824e-09,1.2100180413199269e-08,1.1591965165536067e-09,9.270243239711817e-09,6.147622411134535e-10,8.133599571635841e-09,3.3744340655061933e-09,1.6454714257818637e-09
window-a6d2b03a3131d9700fdb,612_97740_196493,plant,plant,1.0,True,2.1762761037713574e-10,4.6168088796427753e-10,9.54608281311664e-10,3.29551141931006e-09,1.2213445810260737e-09,2.1511474546098697e-10,1.005632133121992e-09,1.1088063800457348e-09,7.245397060096082e-10,5.032420702377749e-09,1.8486345787493974e-10,2.0910629672243886e-08,1.6583256989832762e-10,7.865084972191738e-11,3.2546458861304473e-09,1.6386211831864728e-10,1.528392412630808e-09,1.0,2.8548341468592753e-10,1.7699455234776451e-09,3.284928995483938e-10,3.3019604828155025e-09,6.155930210027805e-10,2.2844239833119673e-09,6.971113686304875e-10,1.0617434709203621e-10
window-d1783076e83b358ae591,612_97740_196493,plant,plant,0.9999992847442627,True,7.379214572722503e-09,3.798537484556164e-09,8.38005842496159e-09,1.1541425948280448e-07,5.671929592665492e-09,4.561506727895903e-09,1.3416989297354576e-08,4.204509629346376e-09,6.004478692034354e-09,3.4439036511457743e-08,5.315241136116811e-09,1.8224592679416673e-07,1.0692219332142372e-09,1.148189099353658e-09,1.866919063786554e-08,6.502490101922831e-09,2.1195431187948088e-08,0.9999992847442627,5.842919925669321e-09,3.502670509192285e-08,4.9860311435168114e-09,1.385169241530093e-07,9.679700374576328e-10,1.0448369636151256e-07,1.7430499710258118e-08,9.812915813256495e-09
window-df82b505c7ee6092e3f9,612_97740_196493,plant,plant,1.0,True,3.0287938823647664e-10,1.27225632806649e-10,2.2529045295982542e-10,5.018778170828853e-10,1.57017607249621e-10,8.218770802814745e-11,1.468052346353943e-10,4.499496608634246e-11,5.230758881591413e-11,1.476505584463439e-09,1.267303484375759e-10,2.5459230279523126e-09,1.1347858416832501e-11,2.3355728809293375e-11,7.911323818277083e-10,1.8619861208435395e-10,9.351731194984225e-11,1.0,4.3213274625308884e-10,3.1410424261579806e-10,6.116322032179156e-11,6.492787418821422e-10,7.449610373022608e-11,6.695671794787472e-10,2.2292963308689906e-10,1.0737059158438811e-10
window-d7eb36e3aa913cd72b5f,272_29055_55880,sandwich,sandwich,1.0,True,7.866221563013198e-12,3.145933513692967e-11,4.575394577099878e-11,3.4242284563390513e-09,2.5134847536634197e-09,8.952055763344902e-11,3.0398321637647996e-09,1.3040973856348614e-10,5.924302159954209e-10,6.998340795760782e-11,6.107275796196632e-11,5.171458816732866e-10,9.253028898648097e-11,3.2979871611438227e-10,4.7954570869812585e-11,1.7170997956839074e-10,5.203754649407699e-10,5.870853716366531e-12,1.0,6.780152828067543e-11,4.757013533085441e-11,2.5659372196451535e-11,1.460394583041591e-10,8.383397448463725e-11,1.1743101283046009e-11,2.9752085239920234e-09
window-a65c4ca2baeef0ab4f7f,272_29055_55880,sandwich,sandwich,1.0,True,5.677791570235513e-12,1.4171964816955818e-11,1.3174874385901703e-11,4.0014791480302847e-10,2.141179733516907e-10,3.166491721606768e-11,6.662803642143444e-10,2.602380810845517e-11,1.6754517911943267e-11,7.448558436706776e-11,8.694517328322604e-12,2.5320714969190306e-10,2.2413310790669883e-11,3.930703679211334e-11,2.1622943019439234e-11,1.361297047308696e-10,2.452207326086864e-10,3.960767044203228e-12,1.0,3.14851478222522e-11,1.1129942453780295e-11,9.542614094748547e-12,1.9506701809390847e-11,5.2355102891921135e-11,5.601740859367821e-12,2.342873395289047e-10
window-a1d35f7b2789a7deafd6,272_29055_55880,sandwich,sandwich,1.0,True,1.261960067694412e-11,9.216668227229885e-12,7.715207812897251e-12,6.1558980135600905e-09,6.170471356092833e-10,5.857245244378362e-11,2.0510659837214007e-10,1.0556210766621277e-10,5.886229004214982e-11,7.701787818614747e-11,2.8830465792495374e-11,1.2352129041826032e-10,3.894702615969692e-11,7.898082188262379e-11,3.64600016844463e-11,1.683554129439102e-10,1.3695188039175576e-10,3.2896155417738715e-12,1.0,1.2981266062084273e-10,2.2690665318902958e-11,1.653962557190969e-11,2.0144547141498492e-10,7.819627584337852e-11,5.329520678942767e-12,1.246368980245549e-10
window-e1ccbeadc2213a6f2fa4,272_29055_55880,sandwich,sandwich,0.9993651509284973,True,5.6883724397494007e-08,3.984127516787339e-08,6.850684997061762e-08,3.4565748592285672e-06,9.921246601152234e-06,2.091639771606424e-06,4.518989044299815e-06,1.794942079413886e-07,0.0004646789748221636,7.186406492110109e-07,5.709312972612679e-06,6.067162985345931e-07,1.9599654024204938e-06,4.098769750271458e-07,3.3801375138864387e-06,1.3965611742605688e-06,1.9019712453882676e-06,3.395801329020287e-08,0.9993651509284973,4.741090151583194e-07,2.5837897510427865e-07,5.570622647610435e-07,4.2480600370709e-08,5.08054256442847e-07,1.235178359593192e-07,0.0001317144196946174
window-8f95135f01446f5f8635,366_39378_76721,sandwich,sandwich,0.9999998807907104,True,3.0717799831547765e-11,1.893816631293177e-10,4.243785184376847e-11,1.7438472887931766e-10,4.146860277387532e-08,2.915078248233449e-11,9.418369728564358e-08,1.1613691258682834e-10,8.701157155899253e-11,1.1274445960163249e-10,1.1727806226158322e-12,3.0042044407707635e-09,2.131819165640536e-10,8.562374143039619e-10,8.848514802817231e-12,9.050291072121297e-11,2.3954942474091467e-09,4.164331032785462e-11,0.9999998807907104,1.0453423543443918e-10,3.586388963583431e-10,6.1332015854898e-11,6.44549191797239e-10,6.005075325887788e-10,4.975095335701951e-11,5.354128251866541e-11
window-d721347ea879657fa554,366_39378_76721,sandwich,sandwich,0.999998927116394,True,1.585498676792696e-10,5.940363201339949e-10,3.197991316206128e-10,6.746789238398776e-10,1.4223124900070161e-08,2.3570256857397e-10,1.1126954859719262e-06,2.960559297715548e-10,8.303960991051795e-11,6.762506665758394e-10,4.439204212558501e-12,3.1738200956255014e-09,5.599700148017916e-10,1.1398250121530396e-09,7.052602946089337e-11,7.526271272872975e-10,2.1662581062287245e-08,5.37560440605489e-10,0.999998927116394,2.7528418433675483e-10,1.1998673166147e-09,2.4664176256905535e-10,7.6863598819088e-10,2.1265429417383075e-09,1.2343942534798202e-10,1.001081648133173e-10
window-146838074d1bfa16eef5,366_39378_76721,sandwich,sandwich,1.0,True,1.487988621207137e-10,5.752883169840572e-10,1.7802406770961454e-10,3.8398319246457646e-11,2.602631665737931e-09,2.8974084242960885e-10,8.906082094028989e-09,1.1614578743213144e-10,2.235534257710725e-10,3.988746000160859e-10,9.396658798288549e-12,5.267196456770762e-09,1.5415112519789886e-09,1.8945982560580887e-09,1.509709718350294e-10,6.026383281287906e-10,1.0199816991018906e-08,3.183789343275123e-10,1.0,3.791126579333337e-10,7.870521456787571e-10,2.6662308472147345e-10,1.212591360655324e-09,3.664080816534465e-09,2.7657653944856975e-10,9.279079588031536e-11
window-946f440e839395d29886,366_39378_76721,sandwich,sandwich,1.0,True,4.463814734512184e-12,2.54184954334713e-11,1.3413217585245274e-11,2.2451689812852393e-11,3.5676837040199416e-09,1.1618849111993956e-11,1.4561598149498423e-08,1.8700395398862923e-11,1.2923524229935257e-11,1.286977642511733e-11,1.0210111835856628e-12,1.0280451490096709e-10,3.765168038460942e-11,7.422166353743265e-11,3.7104139205546005e-12,2.1461138421940973e-11,6.477708924812475e-10,1.4289411667811613e-11,1.0,5.3962247864580704e-11,5.2535857608670966e-11,1.2404961606538034e-11,6.833787008497794e-11,1.5591608559795134e-10,9.377590717840611e-12,3.3948698019425905e-11
window-e2e9bcc6809a2e4a2ee8,407_55217_107125,sandwich,sandwich,1.0,True,1.0697989369368166e-11,6.913312977641084e-11,3.7451416967648754e-11,1.5202733169572547e-11,2.0640993081411096e-10,4.505593814707609e-11,2.5350385679523413e-10,1.78165277670006e-11,1.3855011582464272e-10,1.238551067261895e-10,3.4755074252573737e-12,2.375062591042365e-09,8.310751392626159e-11,3.878714294192065e-10,1.2003618585221254e-11,1.9210331936303504e-10,2.0966850478032484e-09,1.7508321181747277e-11,1.0,1.1799348997865167e-10,1.1032407626343499e-10,8.569119025469973e-11,4.91966023474788e-10,3.516083535437531e-10,9.498034303501157e-12,1.1468272512193955e-11
window-06ffc06b405d38e8bef3,407_55217_107125,sandwich,sandwich,0.9999998807907104,True,4.865600145009807e-10,7.344391761421321e-10,1.1120955267784893e-09,3.8353170639382483e-10,2.6956252341392428e-08,1.8752308594827127e-09,5.096725708142458e-09,6.125033258363999e-10,4.451212731737542e-09,4.919512353041e-09,5.526942445377436e-11,2.829191458886271e-08,3.2844915676122355e-09,6.903106974931461e-09,3.723021613222244e-10,2.3904918045047907e-09,2.9990534500257127e-08,2.823361267001445e-10,0.9999998807907104,3.907564050109613e-09,3.0236519954485175e-09,2.324965775457599e-09,2.1762573965133925e-08,5.552370563322029e-09,3.3559918732883887e-10,5.630539368084442e-10
window-4a0c81676d353f874029,407_55217_107125,sandwich,sandwich,1.0,True,1.5550200016534177e-11,5.3256718479666176e-11,3.61353724720459e-11,3.4523189862412096e-11,3.656336622359646e-10,1.1344315764549862e-10,7.430239756800461e-11,1.6633680544053675e-11,1.786700509764927e-10,1.0002472183856526e-09,3.333901080551649e-12,1.0478688139414771e-08,8.961947850494312e-11,6.759548476509281e-10,4.664443831181586e-11,2.026049328307522e-10,1.912107361334847e-09,3.043518909118248e-11,1.0,1.3123266362491393e-10,8.60804066915577e-11,1.391446541321173e-10,8.462442968593109e-10,6.01265148780783e-10,1.2175985046603e-11,6.514526331574677e-12
window-e1d31ca04837c8d3161e,407_55217_107125,sandwich,sandwich,1.0,True,4.489917986016945e-12,2.7638709029775832e-11,1.5609751338740985e-11,1.2960057506339329e-11,3.298918360705727e-10,1.4398766033651977e-11,6.559928295013506e-11,1.3868646682457797e-11,5.347178949621778e-11,4.599228636825714e-11,1.0494507823519128e-12,4.0274459323086376e-09,2.817727648429802e-11,1.4215124910510468e-10,7.397838418243818e-12,9.308416537567865e-11,1.5246509610378212e-09,1.3591170723581403e-11,1.0,6.153098169869864e-11,4.613188997470985e-11,3.7860374557663334e-11,3.20661885933049e-10,1.3735894366373458e-10,3.987958401008296e-12,3.754580847614708e-12
window-c7640d03c742cc8aac45,434_61676_121244,sandwich,sandwich,0.9999998807907104,True,1.4150989269268166e-09,4.858684565789417e-09,2.1021306917390348e-09,8.579903898464636e-09,1.2380131364508884e-09,1.8155854597523557e-09,2.2798976928584125e-08,1.4368215506266324e-09,1.3764276385330732e-09,2.1474300115897904e-09,5.620817700169312e-10,5.433257399545255e-08,1.7197880897157347e-09,2.4673576515255036e-09,9.637720621569201e-10,6.8061116742512695e-09,3.312521457132789e-08,6.128106355696161e-10,0.9999998807907104,2.1827204488289453e-09,4.672736086952511e-10,2.0394650412924875e-09,6.279538666831286e-09,4.185293445146954e-09,1.0855218945948764e-09,1.3517168495624787e-09
window-d8c4ae9f70782693fd3e,592_89292_179219,sandwich,sandwich,1.0,True,3.2062641430741223e-10,7.924266243186651e-10,1.5576448464393877e-10,2.041133789765226e-10,3.4284222683034216e-10,3.9584374667001043e-10,3.4069984167217626e-08,1.040947397723535e-10,1.9313090016126466e-10,1.9371464432538232e-09,8.540661233791269e-11,2.4952582222681485e-08,4.723724744692959e-10,8.993030764514742e-10,2.3196759790788946e-10,2.1589872112315334e-09,3.0863540612102724e-09,2.542253352277868e-10,1.0,6.246625439132458e-10,1.796083004546034e-10,5.480735310037232e-10,1.1482971240539541e-09,6.296618337842119e-09,2.29599853018847e-10,2.055028786029922e-10
window-72535c9bce53a60a175a,421_58416_112563,stopsign,stopsign,1.0,True,3.6450287232980827e-10,9.980094528572181e-11,1.68080205309451e-09,1.5830503574676413e-09,1.7620030989817792e-09,4.3717657272068777e-10,2.5320363861158768e-11,2.743619220701987e-10,6.665647200865266e-11,9.58306101139783e-10,6.281893061288457e-11,7.358719883443499e-11,7.407889413002522e-09,7.107115451709944e-10,4.137583164975922e-09,2.044110297694246e-10,1.021432094461261e-08,6.760673354477831e-09,2.9354634278888625e-09,1.0,1.2067148391636806e-09,3.5356467753544507e-10,1.0660541338580742e-09,1.7397711049582654e-10,1.4392464997570187e-09,1.9426660280430497e-10
window-d2a72175ff2abd78a1c9,421_58416_112563,stopsign,stopsign,0.9999995231628418,True,5.2139674799889235e-09,6.239621042070098e-10,1.8036432791745938e-08,1.2120872305843022e-08,3.2748275202720833e-08,5.145002646145258e-09,1.115000647367026e-09,6.083596293393612e-09,2.147769295746116e-09,4.7622112475664835e-08,1.5444387990726227e-09,1.8540478041728647e-09,9.95345246224133e-08,1.568692198361532e-08,1.1633275676103949e-08,2.71830957743191e-09,8.054158939785339e-08,1.083920686539841e-08,4.0252036370702626e-08,0.9999995231628418,1.9204113854698335e-08,4.039268475253266e-09,3.526783087792751e-09,2.934600118464914e-09,1.8193885509276697e-08,1.7090685533460714e-09
window-5d8d6852124158444686,421_58416_112563,stopsign,stopsign,1.0,True,1.4168431705652296e-10,1.3574719473496977e-11,3.0870531131377277e-10,2.130942311495687e-09,1.3551011424084436e-09,9.578578902269541e-11,8.395702882912914e-11,8.44653930132111e-11,4.464276864846184e-11,3.0238644921354307e-10,7.486655392852093e-12,2.492167583412197e-11,3.9201933366150854e-10,9.34481311776203e-11,1.06471897964866e-09,6.765916993334287e-11,1.3510551788442626e-08,5.169584760267298e-10,2.5781490831100484e-10,1.0,5.404199865388648e-10,2.0369957109966919e-10,1.6690312326650414e-11,1.8709242488590405e-11,4.53430459845805e-10,2.958382150364258e-11
window-a4de84f13ddea70902de,613_98287_196294,stopsign,stopsign,0.9999983310699463,True,1.8698358417168492e-08,2.2232766738738974e-09,4.6499017969381384e-08,3.950950233644335e-09,1.4421878802295396e-08,6.602489666107658e-09,2.1573904884775175e-09,2.5208983789326567e-09,5.363945398961789e-10,2.9102090182142604e-10,8.166117781982507e-10,1.7093630955145045e-09,1.6773341826592514e-07,3.12804893098928e-08,4.6126143615765614e-07,8.1013213915071e-09,7.037569957901724e-07,1.1008548028712539e-07,4.3548517680847e-08,0.9999983310699463,6.807866714808597e-09,3.200987030993474e-09,5.610676367950873e-10,2.188411452053174e-09,2.5895662503216954e-08,6.042870204225892e-09
window-615c77fd377696936342,613_98287_196294,stopsign,stopsign,0.9999998807907104,True,2.9644058319178157e-09,4.813536721992584e-11,2.4205486504058626e-09,3.748838184325365e-10,2.395508014174652e-09,5.341431741356928e-10,8.674329310398576e-11,5.307583261782156e-10,1.0826017859955073e-10,2.5255839086746334e-10,9.983119886314284e-11,5.772444328089321e-11,2.672516075108433e-08,1.5823408139326034e-09,1.2987344533144096e-08,3.478176635596242e-10,1.2077636313279072e-07,1.055324094778598e-08,1.6275888414796214e-09,0.9999998807907104,6.560056386994972e-10,6.013614606281692e-10,1.285229145331357e-10,2.0696180880186432e-10,2.146340882802633e-09,2.6385729712252726e-10
window-3897c683fed58aa2e86a,613_98287_196294,stopsign,stopsign,0.9999998807907104,True,1.407926886187738e-09,4.865421260324965e-11,1.4525360914063867e-09,2.5247987034404673e-10,2.674794385981727e-09,4.822379717772662e-10,1.1514656589328709e-10,3.269090276258879e-10,6.606613173198994e-11,2.5862703645351814e-10,1.036962182787704e-10,6.625845011543063e-11,2.5713545070971122e-08,2.2583734882175577e-09,9.93895721279614e-09,2.659074904709513e-10,4.213626070281862e-08,7.400121404543825e-09,1.6164051208633623e-09,0.9999998807907104,6.320367007539573e-10,3.026656980598119e-10,1.1179476788747422e-10,1.5883271087258066e-10,2.5657291846670205e-09,1.9117560312587045e-10
window-41a21ec63a96f2697505,613_98287_196294,stopsign,stopsign,0.9999997615814209,True,2.3238837520977995e-09,6.723899215188567e-11,2.158233147753208e-09,3.868694531394823e-10,2.6149513665529867e-09,4.071770698388377e-10,9.441106924024112e-11,4.1993239441318053e-10,1.0207880374313305e-10,1.4016214577861064e-10,1.0971654140767839e-10,7.25241602883564e-11,1.9458529010307757e-08,2.5153543692368885e-09,1.0142816364577811e-08,5.298964600441991e-10,1.9075064017215482e-07,1.0991311860664155e-08,2.8125806128542763e-09,0.9999997615814209,9.813009294035169e-10,7.311936056630941e-10,4.68548637388988e-11,2.841166468758871e-10,2.7720350459503607e-09,4.068587688976777e-10
window-61b096a51185c5d56d72,491_70260_136776,stopsign,stopsign,0.9999486207962036,True,2.3758899203585315e-07,2.333301374335406e-08,9.933644378179451e-07,5.775574436484021e-07,4.5626373434970446e-07,5.085387755343618e-08,3.323578212643952e-08,4.682690146751156e-08,3.563292949593233e-08,3.9493076542385097e-07,1.9211351798276155e-07,2.4336049619932965e-08,4.429194450494833e-05,1.0283527274168591e-07,1.863093928022863e-07,1.002203831035331e-07,1.1683358707159641e-06,3.704190589814971e-07,5.958609108347446e-07,0.9999486207962036,4.542305873656005e-07,5.57762582786836e-08,2.6525436069846364e-08,1.564635994100172e-07,3.383435114301392e-07,4.5677225557483325e-07
window-9210a1ae84d93e66cf51,605_94657_188742,stopsign,stopsign,0.9999881982803345,True,1.487771896790946e-07,5.740301123324798e-09,6.298192545273196e-08,3.778531976195154e-08,1.4591711305911303e-07,1.3701598966520123e-08,8.779515781043301e-09,2.6902673866402438e-08,3.185126162819074e-09,3.1917384291091366e-08,4.732259029083252e-08,3.63797236779817e-09,1.0459081750013866e-05,9.889680541164125e-08,9.31583414853776e-08,3.998635733637457e-08,1.4256605140872125e-07,7.085098729930905e-08,3.14456940486707e-08,0.9999881982803345,2.1567442942682646e-08,5.609124276162447e-09,3.390499259126045e-08,1.6679130965258082e-08,1.9826622121854598e-07,1.7507840510688766e-08
window-479f2b4678e63295d917,558_80581_158315,teddybear,teddybear,1.0,True,1.5417566529007942e-11,1.0670198058448932e-10,7.293571996358494e-12,1.7434133563892784e-12,1.323571474642904e-09,6.265834379126645e-11,7.020249399164458e-12,2.747227167976263e-10,1.276626859780805e-10,1.304501645593703e-12,8.461627232225766e-12,9.078750251578782e-11,6.714570566224154e-11,7.234336463213253e-10,8.072782351452312e-13,6.587311252026495e-11,3.709635897075625e-12,1.7574768029771093e-11,4.899804867397606e-11,1.100165965273181e-11,1.0,3.3904178076138436e-11,4.491818028640182e-09,6.466588332518231e-13,2.3595727802194766e-11,4.72183490224376e-13
window-f1d1a0430cab269e4cf1,558_80581_158315,teddybear,teddybear,0.9999942779541016,True,3.330097586573544e-10,4.204570558385967e-08,1.8032235704623645e-09,9.394933719875098e-09,2.283552021253854e-06,1.8878778540454277e-09,2.8454294476176756e-10,3.3915288355501616e-08,1.3954292832352166e-08,1.9389789773782695e-10,2.835073065199367e-09,2.736937403824413e-06,1.8427951387067765e-09,1.0501542391239127e-07,6.483057840567241e-11,1.0320487575654624e-07,1.4725533292736515e-10,2.097761075958715e-09,4.7635850819460757e-08,1.2637245694335775e-09,0.9999942779541016,1.0561955754440078e-09,3.91492392282089e-07,9.18356016232913e-11,5.305835326652186e-09,2.147805960861504e-10
window-5796eeca4e9a974fd6ba,558_80581_158315,teddybear,teddybear,1.0,True,1.1972292948692065e-11,8.873449891533269e-11,1.744561786698462e-11,2.104815887554734e-12,3.2811295902490656e-09,2.319617241341998e-11,8.67920752628537e-12,1.0749907214391285e-10,3.888897884274378e-11,1.1086883364500033e-12,5.987890738801127e-12,4.120795718542958e-11,9.307511705802796e-11,2.694008904846612e-10,8.659063592021676e-13,6.711433492290197e-11,1.6089100537963752e-12,5.614833684802756e-12,1.8196086998267802e-11,2.598175147250359e-11,1.0,2.0827048419214123e-11,2.041430802179889e-09,4.660108562058729e-13,2.5127296077176453e-11,4.4349330523101027e-13
window-2d515a566b57b78f9a45,558_80581_158315,teddybear,teddybear,1.0,True,1.2889822889605718e-11,7.697734810685475e-11,1.1303833737097424e-11,1.2797046408663526e-12,2.4922224284296135e-09,2.569159641974128e-11,8.136334488095809e-12,7.808285962251915e-11,5.461198160361391e-11,1.2834494751701175e-12,3.928940072589482e-12,1.7386456857559907e-11,7.972213167395381e-11,1.2717540909257252e-10,7.775284864737497e-13,3.5928236080673415e-11,1.85738013511183e-12,5.751231955952729e-12,2.1001610173154717e-11,2.0287049817824254e-11,1.0,2.0601414671417295e-11,1.4237626633217815e-09,3.50689583709235e-13,2.0862513105956992e-11,2.8891429179611627e-13
window-8e7e40aa7de6bc6319b6,435_61906_121528,toilet,toilet,0.9999992847442627,True,6.12379436049082e-09,3.274682924825356e-08,4.332228353831624e-09,1.448394471026404e-08,1.2883558664356087e-09,1.947534045143584e-08,3.4668901083279025e-09,1.3930721465271745e-08,1.1263806243277941e-07,5.6345355048392776e-09,1.2279031125217443e-08,3.1929230370764117e-09,3.840675333321997e-09,4.248281282315247e-09,5.700431682242879e-09,3.366558587458712e-08,2.0931854294303776e-07,1.0778906300856761e-07,2.653931518992181e-09,5.382914114449022e-09,2.5940080305986157e-08,0.9999992847442627,3.9289207443005125e-09,9.817801682743266e-09,1.0271516970306038e-08,5.549743775645766e-08
window-31cefa545fe332361fa4,435_61906_121528,toilet,toilet,0.9999995231628418,True,5.310510253764278e-09,1.1596610782760308e-08,2.767084783528162e-09,1.167058982787239e-08,6.515138428753176e-10,1.1960985091263865e-08,2.0293677849281266e-09,9.201835737826514e-09,4.715140278221952e-08,4.573128542517679e-09,4.439823175772517e-09,1.6871126717887819e-09,1.688165274238429e-09,2.239520346947188e-09,3.4885683231067333e-09,1.6972382610447312e-08,2.6495575866647414e-07,7.864508688726346e-08,1.8074374219523293e-09,4.43072067923822e-09,1.6075567543794023e-08,0.9999995231628418,2.06869099628193e-09,6.800970897558045e-09,7.3859611759985455e-09,4.2158511348588945e-08
window-1cd01b80a7e59368e72b,435_61906_121528,toilet,toilet,0.9999994039535522,True,5.431065819294645e-09,1.9084090752130578e-08,2.213310645871047e-09,1.8186423034194377e-08,5.612801889931518e-10,1.4324736063997534e-08,2.87611623406292e-09,6.516955863844487e-09,4.775973394544053e-08,5.869907671041119e-09,7.293968096178105e-09,1.802452187504855e-09,2.1274282335781436e-09,2.125193576674178e-09,3.753539257189686e-09,2.4277106547287985e-08,2.1792273230403225e-07,7.318010375456652e-08,8.907176107797454e-10,3.653854552254643e-09,1.3109612062578435e-08,0.9999994039535522,3.368265666381376e-09,6.655461515236993e-09,5.235262445779654e-09,2.7998316554089797e-08
window-66833848b3d189b2a529,435_61906_121528,toilet,toilet,0.9999991655349731,True,1.0569992880959944e-08,2.149199751499964e-08,3.914871982146906e-09,2.0495761532401957e-08,1.415116801517513e-09,2.1605972122529238e-08,4.36547331617021e-09,1.2737157994990866e-08,8.453152844367651e-08,6.775965566419018e-09,9.460722871779126e-09,3.801668313485607e-09,4.075950243986881e-09,2.9261368883481964e-09,9.114788923625383e-09,4.0563772785162655e-08,3.9387907690979773e-07,1.1373430908179216e-07,2.321317138509471e-09,7.533500934187032e-09,2.4826377398312616e-08,0.9999991655349731,7.001519808369494e-09,1.1547628631092266e-08,9.941870438012756e-09,3.1901485897378734e-08
window-7de744cbb6e7605a8ff0,554_79591_157154,toilet,toilet,0.9999929666519165,True,2.5369727651991525e-08,1.2177282826542069e-07,9.784002941159997e-08,1.9635818659935467e-07,2.9013671465349944e-08,6.875901448211152e-08,4.0068318440944495e-08,2.229434983291867e-07,2.0362222130643204e-06,6.000139762818435e-08,5.9079273029283286e-08,8.218365366019498e-08,8.651595351238939e-08,4.1535283656912725e-08,3.8435256755064984e-08,6.963948351312865e-08,2.1745890990132466e-06,7.583342949146754e-07,3.471409115718416e-08,5.348934450921661e-08,1.8292368508809886e-07,0.9999929666519165,2.7923896084303124e-08,1.4512814061617973e-07,1.5977835232661164e-07,2.8627493975363905e-07
window-5936f51f9cf0b2333dea,554_79591_157154,toilet,toilet,0.9999983310699463,True,5.198757868640769e-09,6.124236051618936e-08,9.704670844712382e-09,4.038941625594816e-08,3.7595753177299684e-09,2.4597850867280613e-08,9.172456572059673e-09,3.392396408230525e-08,5.384485461945587e-07,9.646409893093733e-09,1.1473959560248659e-08,1.915247693773381e-08,1.2352191269826562e-08,6.873508873184164e-09,1.0350231782751962e-08,1.623092060754061e-08,4.981321239938552e-07,1.5146574128266366e-07,5.361636468137476e-09,8.912302895680568e-09,5.199346020390294e-08,0.9999983310699463,7.96131338631767e-09,3.444853291512118e-08,4.62104345899661e-08,8.550031793674862e-08
window-fdf578fbb6ecf54faa5c,554_79591_157154,toilet,toilet,0.9999994039535522,True,2.5541899706382765e-09,1.91852578268481e-08,2.869042781128428e-09,1.7873487578867753e-08,9.75381553303123e-10,7.098579501985114e-09,2.122305442497918e-09,1.0888355994609356e-08,1.4255866176426935e-07,7.462825024617814e-09,3.044164476051492e-09,7.879172869706963e-09,2.8841697918835507e-09,1.6491782384164821e-09,4.588225799295742e-09,5.296338034810333e-09,2.9328148798413167e-07,7.940337098943928e-08,1.5956024279617509e-09,2.511384211700829e-09,1.8789151567943918e-08,0.9999994039535522,2.1852311071768327e-09,8.730452805139066e-09,1.2317855180299375e-08,1.7969883359114647e-08
window-2da1a1c3d1ce74d7ea61,554_79591_157154,toilet,toilet,0.9999990463256836,True,6.603703806007388e-09,2.3742417809557992e-08,5.050166063114148e-09,2.8495792392391195e-08,1.7889570935736288e-09,1.3776221940986488e-08,3.400884018844863e-09,1.5928264929243596e-08,1.6288966264710325e-07,1.0872579281340222e-08,7.808495183780906e-09,1.7751037972857375e-08,7.209538743779831e-09,5.1457269556465235e-09,1.2425144468863891e-08,1.4611803322850392e-08,3.328772493205179e-07,1.0965909780225047e-07,3.4470686305354548e-09,5.105536438065883e-09,3.506627166416365e-08,0.9999990463256836,3.82680331867391e-09,1.6568904470659618e-08,2.552831546154266e-08,5.6991719787902184e-08
window-e1bbeb5d18be97abfc02,580_86025_168884,toilet,toilet,0.999998927116394,True,1.5249206342105026e-08,2.3760264866723446e-08,7.078404085092416e-09,2.444082269903447e-08,3.2767544233536228e-09,2.4688063149369555e-08,1.1527776067055129e-08,1.0631984181941334e-08,4.122928132233028e-08,9.267671075008366e-09,6.675660024768604e-09,6.445427302992357e-09,5.978319173038926e-09,4.280472865048068e-09,9.094885733418323e-09,5.159418492439727e-08,6.397978040695307e-07,1.0120648141764832e-07,2.3871222776250534e-09,7.997281059601846e-09,2.4631434669686314e-08,0.999998927116394,8.097834403031356e-09,1.673849148176032e-08,1.2126114334876092e-08,1.6910590261431935e-08
window-2572914c25b8869c4782,377_43572_86795,toyplane,toyplane,1.0,True,4.148576881329857e-12,9.548185159191647e-12,1.6961694548900397e-10,6.60442117661475e-11,1.5815246681705197e-11,2.8843542138057288e-12,3.76762098082406e-13,2.1690024776255257e-11,8.902331996574198e-12,8.573217656626664e-12,6.624682746814159e-11,6.762825976308617e-13,4.024262867385886e-11,5.621461629523594e-10,1.1948664280225785e-10,1.5839963889152653e-12,2.108501567787968e-11,1.8343637719908656e-10,6.9740324626366146e-12,2.322035341784101e-10,1.961522524268622e-12,7.175347989385461e-12,1.0,1.9490336428118482e-11,6.186338767644184e-12,6.74963765434633e-11
window-5d9d6ae77f5ffec61d53,377_43572_86795,toyplane,toyplane,0.9999998807907104,True,6.55374032820788e-10,9.582766802296305e-10,3.0940985329408477e-09,4.711642187515963e-09,2.1595758514791896e-09,1.1690677592657295e-10,3.279843410752825e-11,4.569119749220363e-09,1.2962770412627833e-08,4.3252437742502536e-10,1.3700157674989555e-09,1.1867623550543271e-10,4.573357248460752e-09,4.7908287115205894e-08,4.315472867943981e-09,1.191264170641304e-10,1.2681575789486033e-09,1.4161743777663105e-08,3.434379447497804e-09,5.540436998074938e-09,1.24161458892047e-09,2.0707000003561404e-10,0.9999998807907104,5.751215059746073e-10,4.0667491596479977e-10,1.443190900118907e-09
window-74a26c664303a32301df,377_43572_86795,toyplane,toyplane,1.0,True,2.6616261278311626e-11,9.703011311090748e-11,8.173954291201824e-10,2.870511606190007e-09,7.794952877615557e-11,2.8345511701721726e-11,1.8921216590056522e-12,1.292728479818095e-09,6.375043826167826e-10,1.1101257066381542e-11,1.7238005467490325e-10,1.2929293052854618e-11,1.7626576587215226e-10,1.454105280629392e-09,3.0449851529112948e-09,7.476352870128267e-12,1.436210039784669e-10,4.2590344584425566e-09,2.490876116478802e-10,6.109667216591674e-10,4.718994639496543e-11,1.6045989190138776e-11,1.0,4.072794879128594e-11,1.287154410833935e-11,2.4567906042882726e-10
window-5f893c8b507218ffc30f,377_43572_86795,toyplane,toyplane,0.9999998807907104,True,6.296914656367392e-10,4.800082553657603e-09,2.1480364154058407e-09,4.6712949064442455e-09,1.5538027531292187e-09,3.4816480254384885e-10,4.58602669728414e-11,1.8730896833574207e-09,2.6552651188893606e-09,3.0331234746050484e-10,2.3506672164330666e-09,5.106450678971086e-11,1.0667008387699184e-09,3.274360338423321e-08,1.1129194454895242e-08,9.213771412497351e-11,3.7076390846380036e-09,2.356243555823312e-08,4.565103850495689e-09,3.17025516949343e-08,5.498649868762584e-10,3.3849267833119256e-10,0.9999998807907104,1.314785058603718e-09,2.758579198403055e-10,2.274233246168933e-09
window-f67ba2917e523e50b777,405_54171_105570,toyplane,toyplane,0.9999995231628418,True,2.836981316534093e-09,6.672808972041366e-10,4.699132105656645e-08,1.1245266939852172e-08,1.1565833846205464e-09,9.867022754406207e-10,6.980952621526981e-11,3.037911922021408e-09,1.2742410682164973e-08,1.3116859820527793e-09,1.161292395579494e-08,6.132851448903409e-10,2.051316450035756e-09,3.301381212850174e-08,2.1546030382069148e-07,1.7487428172202613e-10,3.06855127973904e-08,5.7647053353093725e-08,8.052434274929965e-09,4.427023014841325e-08,3.566972550661518e-10,8.387124328379514e-10,0.9999995231628418,5.9201004098952126e-09,3.9996788103735526e-09,4.020866306575499e-09
window-022e7e634502d343b39b,405_54171_105570,toyplane,toyplane,0.9999998807907104,True,7.31804727926999e-10,1.8454671124601418e-10,7.862842821282356e-09,2.6104267636384293e-09,1.6952612647003207e-09,1.708510971587529e-10,1.6436504934880247e-11,1.2132002069620285e-08,3.4183875730064983e-09,9.823716839996166e-11,8.338970625132447e-10,3.072572751783298e-10,2.717652103356727e-09,3.313848395691821e-08,1.2385710235207625e-08,1.1291705764859827e-10,2.5496402766833626e-09,4.853617951994238e-09,4.916266505006206e-09,8.853222155380536e-09,1.8936541223979475e-10,1.6619829124042695e-10,0.9999998807907104,5.614956832822315e-10,3.929805370006534e-10,3.39846012442635e-10
window-ae57245b31743478679e,405_54171_105570,toyplane,toyplane,0.9999990463256836,True,3.2040190500737253e-09,1.1943146471793398e-09,7.216971198431565e-08,1.9785226790247634e-09,1.6320857998408655e-09,9.84566206341242e-10,1.9535585649155252e-10,4.821440136026922e-09,1.324596166085712e-08,2.95273805406282e-10,4.411088827538379e-09,6.781446515446987e-09,2.1906598757226448e-09,4.756070381972677e-07,5.9514725592180184e-08,7.771330801098486e-10,4.6649358154127185e-08,3.742773202475291e-08,2.6526976171226124e-08,2.5656401447804456e-08,1.7223659998233387e-10,7.216661712661221e-10,0.9999990463256836,2.5895272592890706e-09,2.9014608493582728e-09,1.9568682674275806e-08
window-8e2f6f74a6fef722f2c3,405_54171_105570,toyplane,toyplane,0.9999973773956299,True,1.357025247727961e-08,1.0250555959601115e-08,1.2865694998254185e-07,6.277786734898427e-09,2.5898390099143853e-09,5.24033705318061e-09,6.390877826945029e-10,1.6053562035267532e-08,5.077281173271331e-08,1.1680697298288578e-08,1.297380123332914e-07,2.961024980763227e-09,9.745765972013487e-09,6.577185729383928e-08,6.838704393885564e-07,2.861064274384262e-09,4.96010095218935e-08,9.246627428183274e-07,2.37500330513285e-08,6.780973649256339e-08,9.39555100387679e-10,5.080891707365254e-09,0.9999973773956299,3.9489353298449714e-07,2.5411727833102304e-08,3.736397502507316e-08
window-1d97804ba0f5bb87f0d1,414_56924_110362,toyplane,toyplane,0.9999480247497559,True,4.357058713821971e-08,1.0499120435270015e-06,3.206169765235245e-07,1.7436256882774614e-08,8.228362702311642e-08,5.227161370413569e-09,1.3554606539400993e-06,4.6837388367748645e-07,1.7927862927535898e-06,1.2574348602356622e-06,1.6108002398596e-07,3.676324666912478e-08,2.36533855968446e-06,3.514833508688753e-07,8.453466193714121e-07,4.500674943841432e-09,3.54873535002298e-08,1.257309577340493e-05,1.4057079944507223e-08,1.344149382020987e-06,8.417373464908451e-08,9.009757917510797e-08,0.9999480247497559,2.754092747636605e-05,1.2975176844065572e-07,8.073860868762495e-08
window-03a7033dc82da3c92459,414_56924_110362,toyplane,toyplane,0.9999994039535522,True,1.5760960314636918e-09,2.414479283174842e-09,4.391616315047031e-08,1.0761229685130047e-09,5.091544075241927e-09,1.7515666694833953e-10,8.123193673270634e-09,1.6707144112615424e-08,2.0859628691027865e-08,2.5707402429020476e-08,7.394149736938971e-09,7.552245495645593e-10,1.3534949516724737e-07,4.007688847451618e-09,1.2350438005626074e-08,5.260383240113242e-10,1.6050188955674116e-09,3.2920354442467215e-07,4.4313772096238324e-10,6.588586387579198e-08,2.1562656105089673e-09,2.163738965776929e-09,0.9999994039535522,6.0023644721241e-08,2.7883348963086974e-09,3.090505185099346e-09
window-d8a91e49142c173bba07,414_56924_110362,toyplane,toyplane,0.9999290704727173,True,2.9039497917437984e-08,5.419059334599297e-07,2.753741057404113e-07,5.513525280775866e-08,4.458725300082733e-08,7.261307999328892e-09,1.06336062799528e-06,1.7987659362006525e-07,1.5471509868802968e-06,1.307930915572797e-06,1.5600595304476883e-07,2.7554523995831914e-08,2.3257780412677675e-06,3.445225615905656e-08,4.885530415776884e-07,5.938625591284108e-09,6.014135323084702e-08,1.3283358384796884e-05,2.4653120433981712e-08,9.269038514503336e-07,4.454781077356529e-08,1.0069917522059768e-07,0.9999290704727173,4.81753668282181e-05,1.4090254296661442e-07,9.058402383743669e-08
window-fa746bd0524db90fe773,414_56924_110362,toyplane,toyplane,0.9999735355377197,True,8.720312649757034e-08,3.716147034538153e-07,2.8933519047313894e-07,9.259859723442787e-08,1.6644287370581878e-07,6.6829559663972304e-09,1.7204474715981632e-06,3.6260456681702635e-07,1.334524654339475e-06,6.251726176742523e-07,2.618493795125687e-07,3.016787886167549e-08,6.072770702303387e-06,1.4779881496451708e-07,3.0208403245524096e-07,1.5831663091603332e-08,1.5806041631094558e-07,6.867740012239665e-06,1.7659543161130387e-08,1.2360487744444981e-06,3.9769915360921004e-08,1.5480277681945154e-07,0.9999735355377197,5.561617399507668e-06,2.0790363919331867e-07,2.557051175244851e-07
window-f72796ee24cd8056a767,563_81055_159564,toyplane,toyplane,0.999931812286377,True,1.0942888817311314e-09,6.349671899386067e-10,4.053372304468894e-09,3.566993100889704e-08,4.550406274006491e-09,4.941113074252712e-10,1.6106941336246905e-09,4.8220194059922505e-08,6.229941362789759e-08,1.8558008463287479e-09,7.445387861793051e-09,9.724368865704491e-09,2.3226578438340084e-09,1.5642127948467532e-07,2.3300735563225317e-08,7.208912355949337e-10,2.242126484475193e-08,1.467936883159382e-08,8.831095299477454e-10,2.6964753985225798e-08,2.787630570821875e-09,1.0875265132881395e-09,0.999931812286377,6.773817585781217e-05,6.975293120881076e-10,7.508919042109596e-10
window-8d015bc5f63c41ab9278,563_81055_159564,toyplane,toyplane,0.9999998807907104,True,9.014852753175262e-11,7.067503526858587e-11,4.347368298684984e-10,1.4702743189598522e-10,2.1507276862231528e-11,1.1336693736541115e-11,2.8741625399120174e-11,2.384608288608092e-09,2.5876914500067016e-10,2.613009461582827e-11,6.679620745408954e-11,9.339038570255198e-11,1.5668760733333897e-10,2.2756921680411324e-08,6.375869832098147e-10,8.744476497068998e-12,1.97294958148575e-10,1.6987764528408889e-09,2.6040985340314293e-11,5.719469342579941e-10,1.0960674035054296e-10,1.0781707991680545e-11,0.9999998807907104,4.7863533580994044e-08,2.9452017213937864e-11,1.2645989810877722e-10
window-581e6fc71503f048fea3,563_81055_159564,toyplane,toyplane,0.9999996423721313,True,3.627886532853175e-11,1.819341760578297e-10,2.735858206648345e-10,2.1921258211432537e-11,2.2079467421054488e-10,4.0492616204534926e-11,2.045529301497595e-10,7.929665812866915e-09,4.295778843754761e-09,1.0030395264370995e-10,2.1725220233914655e-10,1.0516155307671582e-10,7.382098821118177e-10,7.323509354506541e-09,1.085573408943219e-09,3.644107932077034e-11,8.282411423365943e-10,2.801705756283468e-09,2.960080097702544e-11,1.485570000347991e-09,5.419630300096401e-10,1.7745005465030772e-10,0.9999996423721313,3.6954349980078405e-07,2.556010784970919e-11,3.598679340632849e-11
window-42c0eca1c3bf47c1d084,563_81055_159564,toyplane,toyplane,1.0,True,1.6316748299716188e-11,4.732271519092279e-11,1.6208687170227165e-10,3.1179037216638728e-12,1.0543669236307007e-11,1.4088765744324494e-11,5.234998198822005e-12,3.57286908392318e-11,6.636748095534273e-11,1.83748294357855e-11,3.3286991218961504e-11,1.7153868603347888e-11,3.472646822877401e-11,6.700602850351345e-10,6.080762976479193e-11,1.8587304004974436e-12,3.6263639660583102e-12,5.275196945930816e-10,2.9305360221831833e-12,4.448102303156176e-11,2.8177706695720062e-11,3.6663541126691346e-12,1.0,1.754501099959782e-09,2.8983616721933725e-12,5.001183495112471e-11
window-97845cd8d864c1a05d03,610_96544_193198,toyplane,toyplane,1.0,True,2.679659827364844e-10,6.246598377446233e-11,5.404746095116764e-10,9.036424386543729e-11,7.604194357524463e-11,6.424133447424651e-11,5.303065278572383e-12,2.5452323582086933e-10,2.910430230151917e-10,3.4735939818952843e-11,2.040546065451565e-10,1.5186069415862313e-11,2.5998916908243075e-10,3.114027480322079e-09,4.467030079169376e-10,8.903129969373147e-12,1.3603497495129346e-10,6.89361789873999e-10,1.8576334914754966e-10,2.835266466050257e-10,5.036544792336173e-11,1.2931513498903868e-11,1.0,4.337357584205392e-09,1.2114072245328344e-10,3.847311358384786e-10
window-65b2308abee1b32878a8,610_96544_193198,toyplane,toyplane,1.0,True,5.3354196061228265e-12,2.6895343591126775e-12,2.835854467919674e-11,1.2774788171743268e-11,1.0609494185964685e-11,5.467977958438508e-13,2.737964206484672e-13,3.772543388791405e-11,3.835037842847555e-11,2.110266822397122e-12,1.511881592142217e-11,4.0875693129750756e-13,2.742681429190874e-11,8.403584772498363e-11,3.9041856553234666e-11,6.255474653896198e-13,9.596970787506542e-12,8.648508298403357e-11,2.3120816025623547e-11,7.524567774419566e-11,2.5382196344736485e-12,1.4187535694876185e-12,1.0,3.200433668082425e-11,2.2817292760074492e-12,3.4037245678214534e-12
window-fc28e6c5bd183e69dd2c,610_96544_193198,toyplane,toyplane,0.9999998807907104,True,2.8211448732662348e-09,1.1885956663348907e-09,3.499539102946869e-09,7.346353525505833e-10,2.537530852109171e-09,1.541205274513402e-09,4.6499994826865176e-11,6.9226211429906925e-09,7.604197271859903e-10,4.830959521306966e-10,1.3104837215394127e-09,3.4566163820137774e-10,1.5310385181876995e-09,9.66091988630069e-08,3.2772202729347555e-09,6.827714782442484e-11,9.203606765595396e-10,5.947253356453075e-09,3.672203208182623e-09,5.270009761915162e-09,1.3841704449291115e-09,3.5434707945647403e-10,0.9999998807907104,1.3028083500898902e-08,8.433888587511262e-10,5.630574229087415e-09
window-5c1e029e16f1306c0b5a,610_96544_193198,toyplane,toyplane,1.0,True,5.5561445201635085e-12,7.38289724494523e-12,3.330985487437488e-11,3.036692425295584e-12,3.0804330440614702e-12,4.125724501619077e-12,2.6096152691036656e-13,1.3848240262848144e-11,3.931768105536193e-11,2.136918246520292e-12,3.114047908425732e-11,9.60255095924789e-13,4.981816174864928e-12,6.79553746607553e-10,6.785353529048521e-11,1.8028356585375604e-12,1.2397132799490951e-11,1.236874908050467e-10,4.019782770536828e-11,4.755561916480744e-11,3.3336404383493834e-12,1.2191851261195152e-12,1.0,1.2374389013469766e-10,3.6883430337697476e-12,1.194194326759046e-10
window-f6dd367978e7dc32f5e3,610_97151_194921,toyplane,toyplane,0.9999964237213135,True,4.247872276152975e-09,2.664199527657729e-09,1.011147645613164e-07,1.2594776332974789e-09,4.264319386493298e-07,4.012908672024196e-09,4.673183506831435e-10,8.384003535866213e-08,1.7093013582325511e-07,1.787242212003548e-07,2.5499197420231212e-08,2.7282778813919606e-10,6.038710420597226e-09,2.4948295163085277e-07,1.7962428273676778e-06,1.736139232377809e-09,2.581802105439124e-09,3.3247280839532323e-07,1.3737162518623336e-09,1.5042266454656783e-07,4.48578330036753e-09,3.298700645970598e-09,0.9999964237213135,4.8845731903668366e-09,1.0467119393453572e-09,9.439068193728417e-09
window-4d9b38cd3c5115516010,610_97151_194921,toyplane,toyplane,1.0,True,1.0230571945157863e-10,1.7130565022061006e-10,8.868687118024354e-09,4.894737948291095e-09,2.1515136339189667e-09,1.2414010097661077e-10,9.008438092705795e-12,4.4988207603680053e-10,3.7163834232245563e-09,1.2357359580050797e-10,6.005900221595084e-10,3.913607719147061e-12,2.055326742134156e-10,1.2819340033942694e-10,3.607014775752759e-08,6.036422750543835e-11,1.0699856556328768e-09,7.801059354051176e-09,7.178558303344573e-10,6.936989649375391e-09,4.1916806831077125e-11,7.593512624248788e-11,1.0,2.2156339263279534e-10,5.2171385267474335e-11,1.6042905892632575e-10
window-210425fc059ae25ab208,610_97151_194921,toyplane,toyplane,0.9999995231628418,True,4.75824768475519e-10,1.3534964260486504e-09,5.624757193345431e-08,1.936688498460626e-08,1.5004353315362096e-08,5.30478772020615e-10,3.64138372233036e-11,3.2501901170434166e-09,5.9603248558914856e-08,1.1970724411725087e-09,3.2030735841459546e-09,4.338178427598649e-11,1.904095991989152e-09,1.0687858376101644e-09,1.4528433212035452e-07,2.2237531260849153e-10,2.4499866579930085e-09,8.578317789442735e-08,2.450136316056728e-09,1.834777663134446e-08,4.244319895541082e-10,5.982072059929067e-10,0.9999995231628418,6.859983692208971e-10,2.4554872024573626e-10,1.4509186074818103e-09
window-9363577b4b2797dc69b4,610_97151_194921,toyplane,toyplane,0.9999998807907104,True,1.275266281464127e-10,2.528253995048857e-10,3.765582690107294e-08,7.1049899297292995e-09,5.309286787991141e-09,9.709007903202505e-11,8.862264221087823e-12,5.916464540511868e-10,1.7833315268944716e-08,2.1901550018021965e-10,1.0385124982192906e-09,8.038674760568743e-12,6.191089862994659e-10,1.3936694853722287e-10,7.427402692883334e-08,2.8612828772978105e-10,1.0377383397042195e-09,2.128173015591983e-08,5.905607669554058e-10,7.862587025897483e-09,5.5670409254693354e-11,1.2107602420652341e-10,0.9999998807907104,2.169954910202776e-10,3.9472015933572635e-11,3.0240024373462404e-10
window-fa27113929cb9eb93eb3,392_47497_94469,toyplane,toyplane,0.999966025352478,True,1.4860338524158578e-06,4.1836395325844933e-07,7.498031209252076e-07,3.3935700116671796e-07,1.2589130164997187e-06,2.1885391277010058e-07,1.785210912430557e-08,1.2059889513693633e-06,1.8880327843362466e-06,2.3733768728106952e-07,3.017975416241825e-07,1.9499289294344635e-07,2.798585967411782e-07,8.780012649367563e-06,4.0301852095581125e-06,3.36477086193554e-08,5.560210638577701e-07,3.8424000194936525e-06,1.2537011571112089e-06,2.1443688638100866e-06,9.949499144568108e-07,1.708136494471546e-07,0.999966025352478,7.139859690141748e-07,8.560913329347386e-07,2.0946783934050472e-06
window-98fa7da3995ff426d3c6,392_47497_94469,toyplane,toyplane,0.9999997615814209,True,3.7838726596461925e-10,6.295496901564945e-10,7.108879707118376e-09,3.537516057861012e-09,7.594720408121702e-09,1.4222688304865727e-10,2.201478409291635e-11,1.800526305828498e-08,8.461541689541718e-09,3.799965064832378e-10,1.3974098544977664e-09,8.674001517050556e-10,2.3405468674297936e-09,1.7941328422921288e-08,7.564538151427769e-08,2.348089223058736e-10,1.899609358702037e-09,2.5954593141364057e-08,4.085581206680899e-09,7.541081536999172e-09,8.245417681962408e-10,1.7401589891274938e-10,0.9999997615814209,5.875865904947375e-10,5.541596070912647e-10,1.9958528163499523e-09
window-7d77e0e236ade545cdc0,392_47497_94469,toyplane,toyplane,1.0,True,4.11967196467522e-11,5.145081583002309e-10,4.921771878940717e-10,1.0901442942801154e-10,1.15315212934064e-09,1.553688774857953e-11,1.696523672413408e-12,3.1137645239986966e-10,1.894232271038021e-10,1.4351769772602552e-11,3.528976555422503e-10,1.6277581713075584e-11,7.825625564228389e-11,5.178578010855972e-09,8.342725954513242e-10,2.0227623395707717e-11,5.0498192433190425e-11,1.1270691047116088e-09,6.807147623355547e-10,5.39300715196589e-10,3.277492166553486e-11,4.853972258855865e-12,1.0,4.2811365563721893e-10,1.7850916925188365e-11,2.100346424560584e-10
window-949fe00ef3dac57e0b96,392_47497_94469,toyplane,toyplane,1.0,True,9.782676058112116e-11,3.497369061022937e-10,9.107319898227217e-10,1.245941794181249e-09,3.493215716687814e-10,6.001088515006359e-11,1.1864580498621713e-12,1.4137792325730203e-10,6.501437166406276e-10,6.726629236258885e-12,2.355230455108881e-10,7.073275992697248e-11,4.226015370978331e-11,5.079781040251419e-09,1.4303278561555999e-09,1.9323766545231713e-11,1.5673184972087029e-10,7.426829151668812e-10,1.863880827457365e-09,4.086164462346886e-10,3.6164609501510014e-11,1.4124901769052567e-11,1.0,9.927315913760282e-11,5.0206235002736577e-11,5.268962488536033e-10
window-2172edd3065dfee25f7d,540_78942_152953,toyplane,toyplane,0.9999997615814209,True,1.7817348985094128e-10,2.046454256054986e-10,4.203348780151828e-09,2.1046407672198342e-10,6.262989432626043e-11,2.255844955278974e-10,1.6461201846063034e-10,6.811786246174734e-09,4.951949961196078e-10,5.692554205793954e-10,1.5908594441782498e-09,3.428158451557195e-11,1.8615249341991102e-09,7.447985694852832e-08,3.3494365614394894e-10,8.821762764732455e-10,5.621774157305026e-09,4.5821554883751503e-10,2.3021898276631703e-10,2.2043504799285074e-09,6.219671999652121e-10,1.4236856138438725e-10,0.9999997615814209,1.2470566446154407e-07,3.934857994991603e-11,6.589449541571923e-10
window-d78186365a20c984c672,386_46250_92251,toytruck,toytruck,0.9999850988388062,True,8.961510977734122e-10,2.367912310674569e-09,4.858767832516264e-10,6.26504226275415e-09,3.915235247120563e-09,8.077217783508672e-10,2.432504420113446e-09,3.4294325157446792e-09,1.947371597310621e-09,2.867345649804065e-08,3.188463937320307e-10,1.330598409232664e-09,3.711240481596434e-10,8.967602660447938e-09,1.1865695093149498e-08,4.175254864069444e-10,2.0140991097150618e-09,6.031148913621109e-09,1.1369192254306881e-09,1.0322980248389513e-09,4.889511573402672e-10,3.1291083613105286e-10,1.4930363249732181e-05,0.9999850988388062,8.525369854517351e-10,1.3828489464629001e-09
window-5c69b75f9bfc5dfd4b79,386_46250_92251,toytruck,toytruck,0.9999997615814209,True,1.047257506409105e-11,2.936099696704275e-10,1.3780284205400228e-11,1.500720242519904e-10,5.496455027231839e-11,2.9916199725810166e-12,8.647006027873161e-11,1.0501139020846484e-11,4.941948517078742e-10,4.526655994485651e-10,4.7376529782594545e-11,1.0653758257539447e-11,3.9078705549311366e-12,4.556634583541275e-11,2.0344674556138642e-10,5.299777543904538e-12,6.671140723168989e-11,9.234236708621779e-10,2.0844609024961436e-11,1.7284126907490815e-10,2.1968392382998303e-11,4.2162804497758444e-11,1.9271699613909732e-07,0.9999997615814209,1.2255228776236748e-10,6.546053282763253e-11
window-d1a11101fa3a7b106a86,386_46250_92251,toytruck,toytruck,0.9999997615814209,True,8.832954506710067e-11,1.8278846491970313e-10,1.3148243604987897e-10,1.0553676821345448e-09,1.8211934182943423e-09,7.285120423583535e-11,2.7225274812359146e-10,7.338762375574959e-10,3.678413795782376e-09,1.6369856581377462e-08,1.5029603950278414e-10,2.900747697598405e-10,3.809885740224672e-10,1.9071960677408129e-10,1.0614744638814955e-09,9.899480540864758e-11,8.351432323472352e-10,2.3156760953213507e-09,3.016098759633934e-10,6.269517682788717e-10,4.154487032170806e-10,2.459345227467935e-10,2.62853063759394e-07,0.9999997615814209,7.880749941513443e-10,3.79461989608032e-10
window-57cb602480c6861faa6a,386_46250_92251,toytruck,toytruck,0.9982736110687256,True,3.0431408504227875e-08,5.7361262406629976e-08,1.1764059948404793e-08,8.720528654748705e-08,1.1301331142021809e-06,2.444523516942354e-08,5.901853938894419e-08,2.2949780031922273e-07,2.7038277039537206e-07,7.19751824362902e-07,1.8482488428617216e-08,5.267863301128273e-08,4.509171560584946e-07,9.953497226433683e-08,6.474544989032438e-07,1.1183352022214876e-08,2.526053322071675e-07,5.818707791149791e-07,1.4144343651878444e-07,3.1629224395146593e-07,5.098937094771827e-08,3.9078798863556585e-08,0.0017209514044225216,0.9982736110687256,6.33992200960165e-08,8.271747731214418e-09
window-f270029af6e0be7199ce,403_53193_103795,toytruck,toytruck,0.9999980926513672,True,1.38755786374678e-11,1.360512483922216e-11,7.745256692948121e-12,9.908223547183681e-12,1.0856316956520118e-09,1.1731974766671094e-11,8.714810817433971e-11,2.6623384052903987e-10,1.6870095598253698e-10,1.508163385843808e-11,4.501651135191409e-11,1.0668285699289015e-10,9.35349714348277e-11,1.7288656062319774e-09,1.2423745365808259e-10,1.528020592000967e-11,1.1372544572729737e-10,1.2037023287836401e-11,3.24972340703944e-11,2.106520929912037e-10,2.478515136183912e-11,3.262851577465198e-12,1.9128799522150075e-06,0.9999980926513672,2.9523675171283514e-11,4.6056634200875024e-11
window-b553c5d75b0b197853e2,403_53193_103795,toytruck,toytruck,0.9998956918716431,True,1.0347062584514788e-07,6.665568985653181e-09,1.4899073619289993e-07,5.275527215076181e-08,1.8916385613465536e-07,1.366191959562002e-08,7.453879220520321e-07,2.878412715290324e-06,7.825728403076937e-07,4.020757842226885e-06,3.2909422742477545e-08,6.770201434846967e-05,1.8204840444013826e-06,6.790961833758047e-06,1.7005713743856177e-06,7.293076009773358e-08,4.7649969019403215e-06,5.639343498842209e-07,5.924435697579611e-08,1.3817249566727696e-07,8.274922969064846e-09,7.127013645913394e-08,1.116898511099862e-05,0.9998956918716431,3.2604168609395856e-07,6.902734384084397e-08
window-57586ad4c83f0eb8e946,573_83719_165724,toytruck,toytruck,0.9999998807907104,True,2.943905952346171e-10,5.173421135928891e-10,1.0179617149219666e-09,4.9333341856083734e-09,1.522345721705065e-10,6.531664653586233e-10,4.532836328507983e-09,3.4774069734844204e-10,5.115885670647913e-08,8.910651771998346e-09,3.2230396129762084e-10,1.691950246573981e-09,8.365079740002557e-10,5.436506800293728e-10,2.305205581976111e-09,2.5452756569066537e-10,5.797494706527573e-10,3.475074894510044e-09,9.655015675846812e-10,1.9438861631471127e-09,2.706575519262344e-10,6.873726032807781e-10,2.420545008874342e-08,0.9999998807907104,8.132308160213597e-10,3.616167587594532e-09
window-8b414f33a9e850218b7b,573_83719_165724,toytruck,toytruck,1.0,True,4.6023088118296585e-11,7.535464439933914e-12,1.4045112295413276e-11,7.434695081798282e-10,1.338332500377959e-10,1.828029698100475e-12,4.716292894418883e-12,1.0045964060623191e-10,7.732087858869363e-09,3.205259668792593e-11,6.816849862367746e-11,1.2896130829886943e-09,3.03315872418608e-10,3.008053441749814e-12,4.671283915236302e-10,1.5578869574581211e-12,3.7348732995212686e-09,5.292114663157932e-11,1.81757959377693e-11,7.687229325314959e-11,4.6736230337185436e-12,9.52970480305737e-11,1.92764826323355e-09,1.0,5.910334721637156e-12,8.620786376423162e-12
window-02caae0df423b165e26c,573_83719_165724,toytruck,toytruck,0.9999998807907104,True,8.594656653038157e-10,9.222796415464529e-10,1.400823124164674e-09,1.9342193624538595e-08,4.544063791911412e-09,3.3393585119334546e-10,3.3948840960640325e-10,3.798981573766014e-09,2.6705135880433772e-08,3.0274161844090486e-08,1.819547845727243e-09,2.6312068079903383e-09,6.065452029524465e-10,6.941180963337956e-10,1.4701739825540017e-09,1.704426183524177e-10,6.677945751931702e-09,6.803619889694801e-09,1.4512540058575496e-09,2.125219999982164e-08,5.07140385241911e-10,2.192705794712424e-09,8.322819411432647e-08,0.9999998807907104,4.398028607965898e-09,5.279054082762968e-09
window-e80c1eb4848f570cd923,573_83719_165724,toytruck,toytruck,0.9999847412109375,True,3.6861983687686006e-08,5.4119212222758506e-08,3.069354548301817e-08,3.194603550582542e-07,1.0077977776745684e-06,5.094928035020985e-09,1.963880968958165e-08,4.3325311338549e-08,3.232551989640342e-06,1.3001846355109592e-06,9.59100177055916e-09,1.6479256146340049e-06,1.4382710844529356e-07,7.243272648338461e-09,8.800896580396511e-07,2.3814143546019295e-08,4.705574241370414e-08,2.1047328857548564e-07,1.2536570181964635e-07,7.646744570877217e-09,1.755124401370267e-08,1.1908769970148114e-08,5.993925242364639e-06,0.9999847412109375,4.8300162092118626e-08,1.627899592904214e-09
window-d554bcac3f55cd10d728,339_35091_63095,umbrella,umbrella,0.9940998554229736,True,4.2597250171638734e-07,1.1277566045464482e-06,3.154202431687736e-06,3.363586074556224e-06,2.0068855519639328e-05,3.3423186778236413e-06,4.139224927257601e-07,8.407104701291246e-07,3.1179190500552068e-06,4.7676344649971725e-08,4.396356132474466e-07,2.6423933832120383e-06,2.8644803933275398e-06,0.0057271807454526424,1.1260635801590979e-05,8.57235227158526e-06,1.262687987946265e-06,3.417876359890215e-05,6.786603421460313e-07,3.3714864002831746e-06,1.2136586065025767e-06,1.6587979700943833e-07,5.6212076742667705e-05,1.7598635793092399e-07,0.9940998554229736,1.3966988262836821e-05
window-b288be33e9c12487f75a,339_35091_63095,umbrella,umbrella,0.9999995231628418,True,5.081746135005005e-09,9.065224126914018e-09,6.702379984346862e-09,3.361038114491066e-10,2.1856398912944996e-09,1.5225122496076438e-08,3.1043889681114933e-09,5.856689799799142e-09,4.0776786391916175e-09,4.1728631661186455e-10,2.763343720513234e-10,1.3769942963648418e-09,5.712656125922422e-09,5.594926122398647e-08,8.377504023826532e-09,2.4795200559424302e-08,2.4330777392833625e-09,3.430482991007011e-07,2.0999217920092406e-09,6.689608422760784e-09,4.475191328623396e-09,5.191974072893402e-10,2.2616111650108905e-08,4.6949186760514294e-09,0.9999995231628418,2.3408111005096544e-08
window-79dbeebe1670f79a4a4b,339_35091_63095,umbrella,umbrella,0.9999995231628418,True,2.9045796878790497e-09,6.906779148607711e-09,8.959235131555943e-09,2.7777544153728684e-10,3.980029639194527e-09,1.3668682186107617e-08,2.6262920727049277e-09,3.3449685243880367e-09,5.365765609610662e-09,3.9864547773937886e-10,3.145639582147197e-10,1.5252115126429544e-09,4.1858507771053155e-09,7.084651798550112e-08,8.084983349476715e-09,1.943775274071413e-08,2.0024681912644837e-09,3.502145489164832e-07,2.0093167130141865e-09,1.0757338131384131e-08,4.819943555389727e-09,3.9122588502138456e-10,1.0368144565120474e-08,3.7132641406145694e-09,0.9999995231628418,2.663320053386542e-08
window-039f41ad94e5ade1de1d,339_35091_63095,umbrella,umbrella,0.9999994039535522,True,3.7032270583381433e-09,1.0375008407947917e-08,8.031970644140074e-09,9.84262338299402e-10,1.5018638777064552e-08,3.8137706326324405e-08,4.417337606810179e-09,1.959751694258216e-09,9.743927442684708e-09,2.772693741270871e-10,4.4420736533545835e-10,2.572848378790127e-09,1.7985588129931784e-08,1.2847550578953815e-07,1.242740044204993e-08,2.75953837558518e-08,2.683981703555105e-09,2.9451783234435425e-07,4.756525839866299e-09,9.98655291795103e-09,7.669087587203194e-09,6.726234569320866e-10,1.5364182814892047e-08,5.670155900361351e-09,0.9999994039535522,3.310043794613193e-08
window-aac321e42a4de0ca1aa8,137_15756_31094,wineglass,wineglass,0.9999984502792358,True,1.561813456341099e-10,4.281975307662833e-08,9.010413748455903e-09,1.2668647242364273e-09,9.959660873803955e-10,2.74193858729177e-08,3.0236783743475826e-08,3.055480035651925e-10,2.3776876023617888e-09,1.3076885352347745e-06,1.5920231533073093e-07,5.947990433519124e-10,1.053037879117369e-09,3.1336011563354305e-09,3.233836975979898e-09,2.324885700621948e-10,5.539095293549678e-10,7.411170788174104e-09,7.291426351585528e-10,4.468985626004951e-09,9.106923548607426e-10,2.217851458041764e-09,1.092334889207791e-09,1.110115110947163e-08,7.859352280092935e-09,0.9999984502792358
window-d9c945c533508f1d3feb,137_15756_31094,wineglass,wineglass,0.9999997615814209,True,5.5316667912919115e-11,3.727728881131043e-08,5.5632560780338736e-09,3.4589639485993473e-10,9.665720446250248e-10,8.77812755817331e-09,1.9249702276624703e-08,1.2260910342565268e-10,8.579112975581893e-10,3.078770305364742e-08,2.9767305065320215e-08,9.14273171059854e-11,4.3615783207329173e-10,7.712551153282732e-10,1.429092177929192e-09,1.775093266820349e-10,4.0762074271505355e-10,1.9728714217848164e-09,1.9648453697396207e-10,3.342290666452641e-09,6.651881823138694e-10,9.706437875678375e-10,2.646233510095186e-10,2.472803517505895e-09,3.5215141913624848e-09,0.9999997615814209
window-06dfd8011cb5e4e4d729,137_15756_31094,wineglass,wineglass,0.9999986886978149,True,1.079411338089642e-09,2.207668075016045e-07,1.5924795704336248e-08,1.893963430532608e-09,5.22030489946701e-08,1.36212449319828e-07,2.0693919111636205e-07,5.066090325023254e-10,4.189129931830848e-09,3.8562899362659664e-07,2.523547664168291e-07,7.147480940439266e-10,4.2709298320176e-09,3.28592908438452e-09,1.1338471495037084e-08,2.2247876874104122e-09,2.9420179625816445e-09,4.203851489137378e-08,6.6819132449325025e-09,1.3572599932842877e-08,3.3366944762747153e-09,3.970283213305947e-09,4.772452655288362e-09,4.196335279260666e-09,8.933290551738082e-09,0.9999986886978149
window-3d62e858e5316158d079,137_15756_31094,wineglass,wineglass,0.9999953508377075,True,1.2112195690860972e-09,3.656081162262126e-07,9.455095373311906e-09,2.3850626362786898e-08,2.2896490037283e-08,2.681481703348254e-07,2.686664970497077e-07,1.4353689348212129e-09,1.9735937328846376e-08,2.6934314973914297e-06,6.071151119613205e-07,9.141056245276502e-10,5.106813194544202e-09,2.450734903902685e-08,3.993184805040073e-08,7.711325467063546e-10,5.055457830138721e-09,2.530970988345871e-08,5.8127285207376644e-09,5.0487539482446664e-08,7.739132890094425e-09,1.0708877340448453e-08,3.102387458042699e-09,4.272376230574082e-08,3.21669624270271e-08,0.9999953508377075
window-d9c121189d58cd7a35aa,271_28898_56091,wineglass,wineglass,1.0,True,5.142937291313654e-12,5.164975114269055e-09,8.941036799825497e-10,1.2195531910730306e-11,1.1918386416676086e-11,1.9052195376900727e-09,4.13885176131501e-10,7.287137560041401e-11,4.520391005957691e-11,3.1566536051741423e-09,1.7882525460422016e-09,2.5179447069034744e-11,1.7733972276778864e-11,4.5843134843792654e-11,2.8305113808357873e-10,3.967808720473087e-11,1.6293143917378572e-11,5.124064506034642e-10,1.1200559577040359e-11,2.4524038355622224e-10,7.282760505766817e-11,5.675166447893787e-10,5.761343659094198e-12,1.449961262167676e-10,5.280693660125735e-10,1.0
window-738f592da5db019e0df5,271_28898_56091,wineglass,wineglass,1.0,True,1.9516674734654238e-11,4.612885629029506e-09,3.482560018142067e-09,8.478999447003588e-11,8.52794848626992e-11,3.3004052824026076e-09,1.8049991501456475e-09,1.825543605171731e-10,3.899945366647728e-10,3.6152714155690546e-09,1.8163763826350987e-08,1.3068364446144898e-10,1.4542016202323538e-10,1.478082656269919e-10,1.5628416338842044e-09,3.328821107650981e-10,6.770254495913619e-11,1.3014269661937306e-09,3.9643215793416786e-11,1.2827221507194508e-09,1.9488302638315247e-10,1.5374767015075008e-09,2.0948402734699556e-11,6.533023566568374e-10,7.565340576221047e-10,1.0
window-09efe262883354ff2d7d,271_28898_56091,wineglass,wineglass,1.0,True,4.540628636973132e-11,1.3694627654103897e-08,5.187851037646851e-09,2.6760127447289506e-10,1.0739742428711452e-10,8.035024201547003e-09,3.4118154967899272e-09,2.2569990321130717e-10,2.8863106349419354e-10,2.0351103913185398e-08,1.8786975530815653e-08,1.5071432990509948e-10,9.809095202761853e-11,2.6333696334646106e-10,2.888531636102698e-09,4.518660445818057e-10,1.1366667329593128e-10,2.0721513394050817e-09,1.3874501547661566e-10,1.3774362761509451e-09,2.7296045979063877e-10,1.5211449877483574e-09,3.0099832348806643e-11,4.3066072930031396e-10,1.1985030745620406e-09,1.0
window-2b6f9db0f87a543647fb,271_28898_56091,wineglass,wineglass,0.9999998807907104,True,1.671235545785965e-11,7.561304471437325e-09,6.350470371785377e-09,1.8238832666384042e-10,3.7455701734634417e-11,5.806516156781072e-09,9.59421542212624e-10,9.067119971506443e-11,1.0241561765322871e-10,5.405194158925042e-08,8.525891104227412e-09,1.08426531642003e-10,9.061985190017552e-11,2.1210791456560685e-10,1.6655314905023033e-09,8.266689416336348e-11,4.229119485166244e-11,9.860008365336626e-10,3.073720097890309e-11,9.973989412159767e-10,8.321759253915317e-11,7.895554765546819e-10,2.4135892937038328e-11,3.7913067130190825e-10,8.213618118979582e-10,0.9999998807907104
window-fe6575060ea782560fca,391_47065_93709,wineglass,cup,0.8411875367164612,False,2.3798321535650757e-07,4.449564983133314e-07,3.1993572520150337e-06,5.492061518452829e-06,9.924690402840497e-07,5.764758316217922e-05,1.371814448702935e-07,5.1262915690131194e-08,3.0997893141204713e-09,0.8411875367164612,8.588268656239961e-07,3.559420918008982e-07,1.0092803925942917e-08,1.9425799635541807e-08,9.06112376242163e-08,9.350074492431304e-08,5.870575137123524e-09,1.0401645766933143e-07,4.832811129062975e-08,9.73310534391203e-08,8.666654061073586e-09,2.0653205012877152e-07,2.601784565570142e-09,7.650618982779633e-08,4.352887117420323e-07,0.15874193608760834
window-b8b370bf7bdba6b43d55,391_47065_93709,wineglass,cup,0.998668909072876,False,1.4349585963913114e-09,1.4976816231637713e-08,2.3119381964420427e-08,3.0963582808851697e-09,2.631732387570196e-09,1.7852091787062818e-06,2.0563742708645805e-08,3.239641610530697e-10,2.7954436543353722e-09,0.998668909072876,1.350026490598566e-08,4.157380661951038e-09,1.1529952548272604e-09,6.152472281639731e-11,8.318525424044765e-09,5.23008969466332e-10,2.480411431804441e-10,3.201582776668488e-09,9.798449551734478e-11,1.778933556018103e-09,1.0733120642258953e-10,1.3584988245440854e-08,8.653309180317592e-10,1.2301488716559561e-08,6.591863943583576e-09,0.0013292087242007256
window-911d4629cef86f1ab5b4,391_47065_93709,wineglass,cup,0.9558081030845642,False,6.575925226570689e-08,1.309164048279854e-07,2.166584494034396e-07,1.1874468555106432e-06,1.577029706822941e-07,4.028536295663798e-06,1.299805717280833e-06,4.804243225464688e-09,9.706893067118472e-09,0.9558081030845642,1.1785336795355761e-07,3.8789582390563737e-07,1.2247046043967202e-08,7.521775979846268e-10,1.463544663238281e-08,3.870176712439388e-08,2.6088302629290183e-09,7.433286697278163e-08,3.968215089855676e-09,3.70744279720725e-09,2.483397265606868e-09,1.8879397600812808e-07,6.069134084185634e-10,8.346142976733972e-08,6.757971959814313e-08,0.044183727353811264
window-00f113b8518d96697791,391_47065_93709,wineglass,cup,0.9777371287345886,False,9.70409359979385e-07,1.3241522538010031e-05,6.609868705709232e-06,2.2634773699792277e-07,3.664727330487949e-07,0.006020168773829937,2.1498073692782782e-05,1.6315409823164373e-07,1.4489246495941188e-06,0.9777371287345886,3.2904599720495753e-06,6.280114348555799e-07,1.41686211918568e-06,2.4547132326802057e-08,6.339283231682202e-07,1.9332098588620283e-07,2.1300097330367862e-07,2.3840141238906654e-06,9.717249582763543e-08,3.7860013435420115e-07,1.879296860352042e-07,9.413575753569603e-06,2.6406564757053275e-07,1.0156292091778596e-06,1.7617334151509567e-06,0.016176199540495872
window-2a02d5827ca36b58ce80,475_67235_131970,wineglass,bench,0.9991949200630188,False,6.307323019427713e-06,8.321502491526189e-07,8.645429625175893e-05,0.9991949200630188,6.1772520894010086e-06,1.4292854189079662e-07,1.2183227227069438e-07,3.692778409458697e-05,8.48805793793872e-05,5.245028660283424e-05,1.7499617399607814e-07,9.174278261525615e-07,1.6193238479900174e-05,5.712227912901824e-10,1.9686141968122683e-05,1.72858051428193e-06,8.616550985607319e-06,3.248139182687737e-05,0.00024603703059256077,2.8048416425008327e-05,2.3292059836421686e-07,6.603814313166367e-07,7.201014682323148e-07,6.529150414280593e-05,5.740777169194189e-07,0.00010943282541120425
window-8cdb10bc20f1afc5f2bc,475_67235_131970,wineglass,bench,0.9980005621910095,False,3.880924850818701e-06,1.8082364476867951e-06,0.0004031652060803026,0.9980005621910095,9.02409192349296e-06,1.881562639027834e-07,1.1676895184109526e-07,0.0001305674813920632,0.00021901981381233782,0.0001247840846190229,8.523906558366434e-08,1.2031674714307883e-06,4.7326215280918404e-05,4.753911153621004e-10,3.24594770972908e-06,1.0417174962640274e-06,5.116493412060663e-06,0.00015723031538072973,0.0005566850886680186,2.9749004170298576e-05,3.0757979629925103e-07,1.2659886579058366e-06,1.5934484736135346e-06,0.00018248814740218222,3.264781582856813e-07,0.00011927836749237031
window-e1edbfe040dcbf2dec79,290_30764_58570,apple,apple,0.9999998807907104,True,0.9999998807907104,5.228407151669501e-10,1.407923500007513e-10,8.254837524646064e-08,7.197058053687311e-12,8.861422706729627e-11,2.945870283821428e-11,7.266099388836267e-10,1.262158509218042e-13,2.564598977627952e-09,7.426395436105349e-12,6.577235501029066e-13,5.96969279564874e-11,1.72818926053378e-13,8.693969155704195e-12,2.5653754121002237e-10,5.786835854254546e-13,2.0021087565602613e-10,5.091029264825409e-10,1.6939593174350454e-12,3.2895372537034007e-10,3.657569039305919e-11,1.3361534101363759e-11,1.885266031828592e-12,3.2067758171105964e-11,1.0783538992309438e-11
window-ae68d79847b040fb5717,290_30764_58570,apple,apple,0.9999996423721313,True,0.9999996423721313,4.948675247362644e-09,4.5527031033998355e-09,3.5998263570036215e-07,2.7009934219779375e-11,7.44279360365141e-10,4.04736411052653e-10,1.2941373306318837e-08,4.6832052125189705e-12,2.0522216814811145e-08,2.5774929066080254e-11,2.302811934196125e-11,1.7645641892105601e-10,4.39283115091782e-12,1.0066311673107009e-10,2.275213129010467e-09,1.0013988770152249e-11,3.526209879645137e-10,1.9906782888767793e-09,3.507199045071907e-11,1.7325952894609031e-09,3.948979754309079e-10,2.471199078701858e-10,8.162356207597199e-11,2.9974311921421304e-10,1.6787012752095265e-11
window-501907bd0e667a2054d4,290_30764_58570,apple,apple,0.9999998807907104,True,0.9999998807907104,1.21006371589516e-09,4.0236580733932215e-10,5.54483783332671e-08,2.652259488422626e-12,8.321377614750602e-11,2.0885007265269984e-11,4.1911227266488993e-10,3.033981215132958e-13,5.528224100714851e-09,1.1676141824235042e-11,1.118379477568765e-12,2.617404036564519e-11,3.078574992588373e-13,9.935099964941685e-11,3.3650293662645936e-10,1.5113646011782889e-12,1.7241556793390345e-10,5.355203502865891e-10,2.338428712819751e-12,8.20293694081542e-11,6.352184750424428e-11,1.3631253244217323e-11,1.8214454250431444e-11,2.800063479690973e-11,4.687343829051782e-12
window-95e7dc4645083785d668,290_30764_58570,apple,apple,0.9999995231628418,True,0.9999995231628418,2.253103303928583e-08,6.814643516150909e-09,4.0469913642482425e-07,5.190944341038062e-10,9.392846500588803e-10,1.8799108936207176e-09,7.882992036911673e-09,1.5481445986287312e-11,3.2993543896964184e-08,2.1462366606161964e-10,4.801925870823176e-11,5.071363329278711e-10,1.0104046072045847e-11,1.2170395802257872e-09,6.035632438283756e-09,3.7451399620413994e-11,2.5652255430941295e-08,1.4759537592112792e-08,4.5533840586919894e-11,3.550981286792876e-09,1.2388322589984568e-09,2.644355845404789e-10,4.066414427406073e-10,5.87360104997714e-10,2.029515000501192e-09
window-584f77e403055e2362e3,351_37090_68533,apple,apple,1.0,True,1.0,7.84601550396502e-10,4.08703160204027e-09,2.184219916046004e-09,8.25984593222362e-12,3.492457878451205e-09,6.84784229321167e-10,1.5605926551032212e-09,1.7611176406084894e-11,7.695775572358343e-09,5.946079739693744e-11,7.29882196348619e-11,1.345168143540576e-10,2.8314400823958863e-10,1.016097650463621e-09,1.4816569082753972e-09,4.3840632513170164e-11,1.4832459704905432e-09,1.3616814620309725e-10,7.14014264380225e-11,2.519662256617039e-09,7.263897261466923e-10,8.590625988347256e-10,1.1174809688707654e-10,1.0098223368615322e-09,1.759059738148938e-11
window-4bdcb0edbca0e6fc71db,351_37090_68533,apple,apple,0.9895496368408203,True,0.9895496368408203,0.009483757428824902,3.407515032449737e-05,7.856591764721088e-06,3.171925655465202e-08,2.1533239760174183e-06,8.987097680801526e-05,2.63272686424898e-05,5.013417592181213e-08,3.2983800224428705e-07,6.787758479731565e-07,1.341557833711704e-07,1.8122744904758292e-06,9.34271974983858e-06,9.442514055990614e-06,1.4027463294041809e-05,4.568742895116884e-07,3.781252871704055e-06,0.00074612139724195,1.447936256226967e-06,5.648411161018885e-07,5.672504244103038e-07,1.3639506505569443e-05,3.003204938067938e-06,9.445399768992502e-07,4.1334615730193036e-08
window-f97d733801dd12ac99fd,39_1806_5235,apple,apple,0.9998756647109985,True,0.9998756647109985,5.188232989894459e-06,1.1334515193084371e-06,2.9019165026511473e-07,3.4311543117837573e-07,8.673363538491685e-08,8.427785360254347e-06,4.016057175704191e-07,4.66794214393218e-10,9.103180491365492e-05,1.712058178782172e-06,3.354278987899306e-08,1.5217750615192926e-08,1.261715567579813e-07,4.705345446609499e-09,5.69974099562387e-06,3.1227040953041296e-09,4.290808419682435e-07,3.3336826277263754e-07,2.685699307392042e-08,8.758688636589795e-06,4.8235150984510256e-08,3.30197345022043e-08,7.681035363305e-09,1.8789576472499903e-07,1.2582962227725147e-08
window-f3814da9dc9a6fea338c,39_1806_5235,apple,apple,0.999997615814209,True,0.999997615814209,4.7028106564539485e-07,2.1919868586905977e-08,1.3684594790674964e-08,6.4354561679635935e-09,3.2861762200298017e-09,3.512410842176905e-07,2.4669956744105548e-08,4.1582952359231484e-12,7.830818731235922e-07,4.2429078916939034e-08,1.897189072508354e-10,5.066113639706771e-10,1.465347931883798e-08,2.0214009632812946e-10,3.295462818186934e-07,2.1643367653645385e-10,1.653806513957079e-08,1.5464086899896756e-08,1.1161560564687534e-09,2.895870068186923e-07,2.445849967003255e-09,1.940070326611476e-09,3.089808409129091e-10,2.857803327316333e-09,8.207801105442059e-11
window-9b943bc1d438533357c9,39_1806_5235,apple,apple,0.9999978542327881,True,0.9999978542327881,3.222678515157895e-07,2.605940707667287e-08,4.260301000869049e-09,4.8844310818196846e-09,6.617325798430329e-09,5.963251510365808e-07,1.6615437914424547e-08,3.68868694269886e-12,2.435030808101146e-07,2.0459208371903514e-07,1.3007955823596262e-10,6.648139816434195e-10,4.318216184628909e-08,4.0068548479155197e-10,1.9014073870948778e-07,8.733311990249959e-11,1.3501531448412152e-08,4.4455528147580026e-09,8.57096782436173e-10,4.3371417746129737e-07,1.04007646939408e-09,1.097124169291419e-09,1.5902062999728628e-10,3.62425978117642e-09,1.946222211168802e-10
window-56b2402cdebc97a0c721,39_1806_5235,apple,apple,0.9999967813491821,True,0.9999967813491821,9.48355989294214e-08,1.547068251284145e-08,1.940402682976128e-08,1.0233404168502602e-07,6.576375000122425e-09,2.9946900781396835e-07,3.399918213631281e-08,9.321618130164744e-12,1.946255451912293e-06,2.4239703577677574e-08,4.83752815583216e-10,1.245550551587371e-09,4.784784124467478e-09,2.1652020454343557e-10,3.207301801921858e-07,1.0278496803683979e-10,3.514674418170216e-08,1.5799994201870504e-08,4.674299280971184e-10,2.7430078830548155e-07,1.9959496277976996e-09,1.450236819522388e-09,1.1010976574965525e-09,5.8972737804197095e-09,1.430273399716242e-10
window-e6ea0ba0440129f37c52,41_1939_6047,apple,apple,1.0,True,1.0,1.0154801444173245e-08,5.885333886901378e-10,1.5729555435939346e-09,2.7422328296999865e-10,9.885482710192406e-11,3.8231955379330884e-09,1.174324859576359e-09,1.6729880555985815e-13,1.210565336862146e-08,3.530781222949031e-10,2.3108031113605598e-11,4.2014378087706916e-11,2.296909606958053e-10,5.1776812004522554e-12,2.362569917480073e-09,3.116351794674177e-12,4.449071666634552e-10,3.783635349474679e-10,1.4267978291904182e-11,6.107666372656695e-09,8.325935080266689e-11,1.249291121940832e-11,1.3254446151744759e-11,7.371025317892688e-11,4.258313320015805e-12
window-3ff96c6d3b329358b890,41_1939_6047,apple,apple,1.0,True,1.0,1.0439865860689679e-08,1.4530960879000077e-09,8.248770555496776e-10,4.73346584151102e-10,4.243140283577418e-10,1.3400912379779584e-08,1.2877990895887592e-09,1.4563644615359778e-13,2.0031270864251383e-08,2.207989763247653e-10,3.4407560134397386e-11,8.191930467305042e-11,2.5946950144017933e-10,8.992798693208126e-12,3.1772819930608875e-09,5.151763564359424e-12,5.514236844916809e-10,6.390931117650211e-10,4.735142833389716e-11,1.7797502138705568e-08,1.2621965972403615e-10,2.5487287627634636e-11,1.5343639553355715e-11,8.979228471872602e-11,4.875312827057332e-12
window-29f78458d908f1cad3e0,41_1939_6047,apple,apple,0.9999998807907104,True,0.9999998807907104,1.3760948824881325e-08,1.4360052036366255e-09,2.806139764999216e-09,2.820885469656531e-10,1.6194100227462371e-10,4.466733649621801e-09,1.9633668024710005e-09,3.919887960231183e-13,3.955558014467897e-08,1.578824987413796e-10,6.099475091669859e-11,5.3243610909081696e-11,3.1126420885208006e-10,1.0474535301618904e-11,3.913777302244625e-09,5.472247221333104e-12,1.0970280239774866e-09,5.745919295918611e-10,2.5794262559220016e-11,1.520139214505889e-08,1.7415438535728356e-10,3.02274386076995e-11,3.9506661830834844e-11,1.5222412219628723e-10,9.861615864192874e-12
window-7913ab814ec2be3b5d4d,41_1939_6047,apple,apple,0.9999996423721313,True,0.9999996423721313,5.7772839845426915e-09,3.0293143549187107e-09,5.124925372967937e-09,3.487983013528151e-09,1.4334489151224261e-09,2.4635962603269945e-08,2.0658601496137408e-09,1.0505319487583153e-12,1.557502571358782e-07,1.1433792801440745e-09,5.268596323104724e-11,1.5365665684274887e-10,7.447110705882665e-10,9.876074263948098e-11,8.146749053139501e-09,2.458443171260427e-11,5.703423955338849e-09,1.799773108324132e-09,7.61963964146517e-11,8.760401470908619e-08,6.125580598315139e-10,5.053045135094969e-11,6.97368759960959e-11,6.379042849502525e-10,1.9241962190275075e-11
window-bb57e2db4a5c5341d083,41_1941_5802,apple,apple,0.9999998807907104,True,0.9999998807907104,6.61008248137307e-10,2.7487523368563416e-10,1.290817692733981e-07,3.438859613735801e-11,1.7033212340589188e-10,8.81324874191236e-11,1.1156221502162111e-09,8.681934294749172e-13,1.33022493020718e-09,4.053443344864682e-11,1.8680064006043606e-12,2.3483210168095958e-11,9.001270323723276e-13,8.900022212265934e-12,2.5413754434211455e-10,1.1935691150710692e-12,7.890330611104446e-10,8.594980976939226e-11,2.9139815560519366e-12,4.970961975381272e-10,6.30700838777365e-11,2.0068410475082565e-11,2.6004653291833435e-11,7.409873409303103e-11,6.066636776269618e-12
window-b928aefdae70cffa0c9e,41_1941_5802,apple,apple,0.9999997615814209,True,0.9999997615814209,6.448060974051373e-10,1.8824048986232356e-09,1.6690310644662532e-07,3.6665649683076396e-11,1.425933704446436e-09,4.17435253030618e-10,3.4251550484754034e-09,7.521447874248022e-12,3.33699090582229e-09,2.0001468536978706e-10,8.550532677731315e-12,1.0306030334694682e-10,7.672794691271356e-12,6.891404114028887e-11,2.156603784442268e-09,6.162101644918705e-12,1.4260915781605377e-09,3.7550493270366303e-10,2.6569387315267257e-11,9.967845437941492e-10,2.700907830721633e-10,1.0949911810609336e-10,8.972755177749647e-11,2.779748098369339e-10,3.154302513630469e-11
window-0dfcf5649dae02beffae,41_1941_5802,apple,apple,1.0,True,1.0,7.306235616511003e-10,1.8531709500280158e-10,2.5486304622290845e-08,3.547621918453814e-11,3.3292657519723434e-10,1.0554238039084396e-10,9.442752135768728e-10,3.8314365785954707e-13,3.5065733650085917e-10,3.345821536493432e-11,7.399217957088089e-13,2.2294907239817086e-11,3.188737522728108e-13,5.2785735851768045e-12,1.6421097814856012e-10,5.899170583446856e-13,6.887979075997919e-10,1.1482571143917042e-10,5.480541367952618e-12,3.06669467597942e-10,3.0344646934077346e-11,1.1647405262493749e-11,2.7246967702898583e-12,7.102694127292253e-11,1.1634394836423922e-11
window-9a0251237919c7a11df1,41_1941_5802,apple,apple,0.9999998807907104,True,0.9999998807907104,1.8615632646490354e-10,1.0257128479906896e-09,5.985378948025755e-08,8.318807448448595e-11,2.4196841752477383e-10,1.311298153394702e-10,9.431933012393756e-10,1.9065432826231854e-12,1.1160350421590692e-09,6.064673763184203e-11,6.71196691975906e-12,2.3787003616826397e-11,2.399546924006235e-12,1.9657629690694733e-11,4.6541545617451163e-10,3.874059059660873e-12,9.987525251275997e-10,2.872728166458671e-10,2.617683500516499e-11,3.4506089652275307e-10,8.514019350647217e-11,2.2619534717494005e-11,3.784593125000235e-11,1.1541526068192809e-10,7.315333235002885e-12
window-e9ec061f9b17ec78e89a,442_63337_125204,apple,apple,0.9999995231628418,True,0.9999995231628418,2.248714325858714e-09,1.117195336242105e-09,4.926970973428979e-07,1.7569004584494508e-10,1.0025540397862187e-09,1.6749575060259758e-09,2.1436274977304492e-09,6.2931721465930845e-12,5.293046001497714e-09,3.0313990206920494e-10,2.5719579244132262e-11,1.369727109512553e-10,5.222200710058855e-12,4.173449780209282e-11,3.7840397482113985e-09,1.0619348282669971e-11,8.353087666002068e-10,2.3564694640043626e-10,4.0787165311861884e-11,1.5505752237743309e-09,1.0898215663246447e-10,1.6166781802162689e-10,1.0846414044696218e-10,3.3920477537918714e-10,1.55979076876811e-10
window-e028fe2496aa2139b8c4,442_63337_125204,apple,apple,0.9999985694885254,True,0.9999985694885254,6.839717237028253e-09,2.2375040487077058e-08,1.352854496872169e-06,5.997306540272973e-10,9.352173258037055e-09,1.3219328742763992e-08,1.735931931534651e-08,1.7596185619694893e-10,1.9035470089079354e-08,1.4922619806512216e-09,2.0864045213730975e-10,6.094214022311917e-10,1.65278471464525e-10,9.350599183832742e-10,2.4380240049026725e-08,3.158056594010361e-10,1.6435254934776822e-08,1.3580153668257822e-09,1.136934546508428e-09,1.1197698768228292e-08,2.8525672934875956e-09,1.2512818559073935e-09,1.12059406198739e-09,4.057611135976913e-09,5.480413900471603e-10
window-af6dce32703ba4ff90ee,442_63337_125204,apple,apple,0.9999998807907104,True,0.9999998807907104,9.390002109199713e-10,1.1542323763436002e-09,7.716223393572363e-08,5.3233861763146706e-11,1.1564912361095026e-09,6.413179431952187e-10,1.076417066592228e-09,1.7583239551866026e-12,4.01345845446599e-09,1.2751326383675377e-10,1.7372001406834592e-11,5.870822578080137e-11,6.56325297929139e-12,6.979704314513668e-11,2.875437443705664e-09,8.861689160255537e-12,5.530805258224802e-10,1.0352349533171434e-10,2.3623283884610657e-11,7.884990438355999e-10,1.415829953277381e-10,8.392452011118934e-11,3.7636095628901245e-11,2.737341464609244e-10,4.3487016071486195e-11
window-4e2843242aaacc1a4433,442_63337_125204,apple,apple,0.9999983310699463,True,0.9999983310699463,7.050118266960226e-09,1.7068098046024716e-08,1.576967292749032e-06,1.5584871171370196e-09,9.087943730889947e-09,7.72395214454491e-09,1.5526309127267268e-08,6.537882735191403e-11,4.003888776082931e-08,2.4052240199523567e-09,5.731451424573208e-10,1.0997959210001795e-09,8.327270817343191e-11,7.917047017969026e-10,3.886480115511404e-08,1.3187304026551772e-10,1.3561494149882947e-08,4.606591552658301e-09,5.380063061721785e-10,1.7358587456328678e-08,1.6254582124730632e-09,1.144010441933574e-09,9.515436216744888e-10,5.114597190214454e-09,1.193726117953986e-09
window-516f86a0db2e60b2e20d,223_23556_48787,ball,ball,1.0,True,3.4692539951919343e-09,1.0,7.845940563910858e-10,1.1613565664703174e-09,3.3221803086291857e-10,1.665673848849636e-10,1.6106871392196354e-09,1.1965525237300767e-09,6.387101958438279e-11,1.6511684242104252e-09,2.888327799155377e-09,1.414398893145874e-11,4.842009432293182e-11,4.634113839191434e-12,7.75715776335506e-12,1.3370280577129634e-11,5.412694598083689e-12,2.735723592106609e-10,1.5497858552038224e-10,1.3783810030865151e-11,6.9324128659786766e-09,1.5108050366308134e-09,7.770997179079586e-10,1.0425438724120939e-12,2.2592675993915456e-11,9.498551944986389e-10
window-259d93f0dee17f61e059,223_23556_48787,ball,ball,0.9999773502349854,True,1.1187005810597839e-07,0.9999773502349854,1.7385004014158767e-07,2.3199189058686898e-07,3.3293733281425375e-07,1.7084343539863767e-07,3.759363664812554e-07,9.072581974578497e-07,2.762354256446997e-07,1.689026612439193e-05,9.422538482795062e-07,5.6436402218196235e-09,2.823392186712681e-08,7.295027915077412e-10,1.2651936165397615e-09,6.8039760492411e-08,1.2976645313855784e-09,1.560743498885131e-07,7.227811238408322e-07,4.086087579402431e-10,2.2480108441413904e-07,2.0584394633260672e-07,5.6437290396615936e-08,1.2487715750353345e-08,6.259702534094913e-09,7.987634944583988e-07
window-c8144b4db1921ae17e3a,223_23556_48787,ball,ball,0.9993160963058472,True,5.331664851837559e-06,0.9993160963058472,2.7709343157766853e-06,6.880181899759918e-07,3.6132453260506736e-06,2.524218189137173e-06,3.5385974115342833e-06,2.7715803298633546e-05,2.2324626115732826e-05,0.00015367736341431737,0.0003981361223850399,6.267700314310787e-08,2.3743621113681002e-07,2.9326015393849048e-08,1.8008986302220364e-08,6.27402769737273e-08,4.507930473351962e-09,1.8262345520270173e-06,2.584426965768216e-07,1.2535663174162437e-08,2.3724904167465866e-05,1.3730174032389186e-05,3.5090010896965396e-06,4.647731444151759e-08,2.9090196917991307e-08,2.0030396626680158e-05
window-d7006ad30f7927e4bf8b,223_23556_48787,ball,ball,1.0,True,5.1386601640501794e-09,1.0,2.4980475465952168e-09,1.6345514941562556e-09,9.615100937665488e-10,3.1083055573866147e-10,3.12058556772854e-09,2.939833931847602e-09,1.284067852047599e-10,2.5900051880967112e-08,2.3781055347171787e-08,3.7972326671908974e-11,5.569537192551266e-11,8.569637187372248e-12,9.893211250222578e-12,5.25534962769747e-11,2.3819910887484808e-12,5.87824344755461e-10,1.0358790214493041e-10,9.891381116955422e-12,1.2903740298497723e-08,3.76670872270779e-09,7.453763717357731e-10,4.537622014244569e-12,1.552121972614451e-11,1.9878636514647496e-09
window-3479f45ec68fdb956b10,333_33894_61781,ball,ball,0.9999818801879883,True,7.104635812993365e-08,0.9999818801879883,8.628894079265592e-07,2.661420808180992e-07,4.598309999437333e-08,1.0486016890354222e-06,4.497307145356899e-06,1.3741615134676977e-07,7.893693236837862e-07,2.1125526927789906e-06,1.7193555379435566e-07,5.093504285014205e-09,3.688943479573936e-07,1.2996205001059025e-08,2.3910166646601283e-07,1.245655596449069e-07,1.5609649040015938e-07,1.782429848162792e-07,3.514878699206747e-07,3.349761641402438e-07,6.941976238294956e-08,4.981648089597002e-07,4.710108896688325e-06,3.508070562929788e-07,8.108918336802162e-07,2.8852431555037583e-08
window-6185c68745db89aec067,333_33894_61781,ball,ball,0.9999594688415527,True,7.818665892500576e-08,0.9999594688415527,2.6487555260246154e-06,2.534632699280337e-07,7.718458050476329e-08,1.8751006791717373e-06,5.4455608733405825e-06,3.7110163475517766e-07,8.020260793273337e-07,2.2988285763858585e-06,8.25507470381126e-07,4.5051926633732364e-09,2.0376166958158137e-06,2.226781603553718e-08,1.970077079249677e-07,3.432763833188801e-07,1.7808810071073822e-07,5.68659288546769e-07,4.7288503424169903e-07,5.355985877031344e-07,8.673892892829826e-08,8.938608289099648e-07,1.878991497505922e-05,4.4227337525626353e-07,1.2783649481207249e-06,1.1038859781820065e-07
window-a5ae887d50200f4e8537,333_33894_61781,ball,ball,0.9999932050704956,True,1.2639696400640332e-08,0.9999932050704956,2.887787786676199e-07,5.40301421381173e-08,8.918056515483386e-09,3.205592804533808e-07,9.159289220406208e-07,4.961707844586272e-08,3.291867471943988e-07,8.596907719038427e-07,7.686337966106294e-08,8.772642612342452e-10,1.828384625923718e-07,4.586517388105449e-09,4.6092946348608166e-08,4.6502773187739876e-08,7.170032745307253e-08,4.92117102623979e-08,2.0167142622540268e-07,6.421025489089516e-08,3.819745586497447e-08,1.5811944820143253e-07,2.7528608370630536e-06,1.1783409092913644e-07,1.836980061398208e-07,2.5301643447050992e-08
window-f394785745f9f7e408f6,333_33894_61781,ball,ball,0.9998672008514404,True,2.0632772645967634e-07,0.9998672008514404,4.4674898163066246e-06,4.020439973828616e-06,9.342410578483396e-08,2.6250122573401313e-06,1.6024417845983407e-06,5.202157922212791e-07,2.345180064367014e-06,4.866572635364719e-05,5.338755499906256e-07,1.3589101399702486e-08,1.1467346894278307e-06,4.310115286898508e-08,9.690239721749094e-07,1.0109152981385705e-06,2.3338425592100975e-07,7.430153914356197e-07,2.7254009182797745e-06,9.004971275317075e-07,3.4483866784285055e-07,1.2007366194666247e-06,5.397773566073738e-05,1.0634834097800194e-06,3.222630766686052e-06,2.872351387850358e-07
window-83b65786029a9ca788b7,372_41204_82153,ball,ball,0.9999980926513672,True,1.7626418014060619e-07,0.9999980926513672,3.3356664652650636e-10,1.3459715546559892e-06,3.5679830201473806e-09,1.248032566181223e-09,4.0259269695752664e-08,4.0103767418031566e-08,3.936024561834728e-10,2.3174152374849655e-07,8.186408884114371e-09,7.078364283596983e-11,1.9504776960221903e-10,1.670822230570579e-10,4.011306009576998e-10,2.2910868757719527e-09,6.288585763236654e-10,5.447104434175287e-10,5.006502434845572e-10,8.442689602983222e-11,4.0881488416744105e-08,9.838053927069268e-09,2.2332606874897465e-08,2.6443269796061486e-10,7.778648836165303e-10,3.38252620357693e-10
window-a4a97c4814e2e4d6d8ee,372_41204_82153,ball,ball,0.9999717473983765,True,2.7036488603471298e-08,0.9999717473983765,3.3230007634443837e-09,2.725312879192643e-05,2.36180603963021e-08,1.602038390835503e-09,2.9504084508857886e-08,8.756949654298296e-08,7.085866893241644e-10,3.5006925713787496e-07,3.5298583611620415e-07,1.3738571391641585e-10,1.0181583354196277e-09,1.0510553538622958e-09,1.2067613575084124e-09,8.840806309251548e-09,2.950883981611696e-10,2.983580049686907e-09,2.3363925905073302e-08,2.807231946899691e-10,1.8534032975026093e-08,2.2835882074190295e-09,1.0750419932037403e-07,5.810878514478368e-11,1.1155014689734344e-09,5.8148344805886154e-08
window-f6674eb9ca32da37ffd2,372_41204_82153,ball,ball,0.9999982118606567,True,7.903113186102928e-08,0.9999982118606567,7.412465641287724e-10,1.3975151205158909e-06,7.884815467207318e-09,1.7112712358269278e-09,1.219264422758215e-08,1.0399865857380064e-07,1.1421963375113364e-09,5.761696897366164e-08,5.3566505897606476e-08,4.705307324326391e-11,3.5754074700911076e-10,2.6556340460004435e-10,1.9238495518880683e-10,1.7614891767436802e-09,3.1738223160715506e-10,4.708398115838008e-10,1.658155945882811e-09,1.4567279327248883e-10,2.8046065025932876e-08,4.51451098726352e-09,3.530926306893889e-08,2.59746307795794e-10,1.453789422178886e-09,2.0563122316019644e-09
window-23e0ccc78f5a3ca47973,372_41204_82153,ball,ball,0.9990267753601074,True,1.7041396858985536e-05,0.9990267753601074,1.6664628788021218e-07,8.044770947890356e-05,2.930335540440865e-06,7.278852649506007e-07,4.359827289590612e-05,1.565029037919885e-06,1.1983643162238877e-06,3.8700225559296086e-05,0.0006572268903255463,1.0964335217522603e-08,9.118914334749206e-08,7.881969565914915e-08,4.300182752103865e-07,0.00011398595961509272,6.332404609565856e-06,7.339100704939483e-08,1.8972779969317344e-07,1.5049954527057707e-07,2.6402829007565742e-06,2.2093190636951476e-06,2.67057021119399e-06,2.761344433110935e-07,2.708315207655687e-07,2.9104484156050603e-07
window-18309abe358953d27f0a,385_45446_90913,ball,ball,0.9993869066238403,True,9.003196055346052e-07,0.9993869066238403,1.2976767038708203e-07,1.185923093061092e-08,4.245358198318172e-08,1.0683303344194428e-06,2.6220988047498395e-07,2.0710213277652656e-07,1.2199777188470762e-07,5.547908354941455e-09,1.611555489944294e-05,1.497424761964794e-07,7.637368071300443e-08,2.318258339073509e-06,1.3008827792759803e-08,1.1053054294052345e-07,2.0384764098935193e-08,7.410150715259078e-07,4.414783632000763e-07,2.7837211291625863e-07,3.0023704766790615e-06,7.099240519892192e-07,4.115756837563822e-07,1.6179529893634026e-06,8.886186719792022e-07,0.0005835801712237298
window-2a92a8e0b0002e9f01aa,385_45446_90913,ball,ball,0.9946289658546448,True,0.00041045251418836415,0.9946289658546448,1.2646552931983024e-05,9.012185728352051e-06,1.8345054968449404e-06,0.00013224882422946393,3.84924214813509e-06,3.71038076991681e-05,6.29789792583324e-05,4.0933255149866454e-06,0.00010437467426527292,2.7108305857836967e-06,5.772591521235881e-06,0.00010894626029767096,4.215728495182702e-06,2.321236252100789e-06,1.3084040801913943e-06,4.039844134240411e-05,3.228224886697717e-05,8.779962809057906e-05,0.00014562890282832086,2.6974681532010436e-05,0.0005307219689711928,2.44221264438238e-05,0.00016078441694844514,0.003417938482016325
window-8d3d3d90dc1356c052d0,385_45446_90913,ball,umbrella,0.9423191547393799,False,0.00016883229545783252,0.04719845578074455,1.774645716068335e-05,3.149229451082647e-05,1.1811434887931682e-05,0.0009120709728449583,1.4769097106182016e-05,8.627460920251906e-05,5.936979505349882e-05,2.7121232051285915e-06,0.0007402345072478056,3.259952791268006e-06,3.7841746234335005e-05,0.0025159718934446573,1.2430304195731878e-05,0.00019497968605719507,3.575546315914835e-06,0.0010451491689309478,0.00016971143486443907,5.4599327995674685e-05,0.0008872548933140934,2.9282187824719585e-05,5.4141735745361075e-05,0.0002336730103706941,0.9423191547393799,0.003195208264514804
window-21b1f789d60c9f197bbd,385_45446_90913,ball,umbrella,0.4662506878376007,False,0.01181232649832964,0.3491894006729126,0.0001262622099602595,0.0003250349254813045,0.00017009899602271616,0.009793933480978012,0.00033026226446963847,0.002094400580972433,0.0012142026098445058,0.00014895296772010624,0.021477648988366127,5.614870315184817e-05,0.0006557869492098689,0.0868302434682846,8.570469071855769e-05,0.0007573781767860055,5.84481967962347e-05,0.011137575842440128,0.0012861707946285605,0.0009098676382564008,0.026537403464317322,0.0004897160106338561,0.004291567951440811,0.00040595399332232773,0.4662506878376007,0.0035648620687425137
window-88889cb9f5969b8c07d8,395_48973_96915,ball,ball,0.9999926090240479,True,1.706891161745716e-08,0.9999926090240479,4.6693148192389344e-07,2.245918295784577e-08,1.0494316882159183e-07,6.391606799382998e-09,3.004852032972849e-06,1.5564825872615984e-08,2.00351624179973e-09,1.8545549540505135e-09,6.595708867962458e-08,1.7606759001864702e-06,1.3785095731577712e-08,8.581155697129361e-08,1.301958540977921e-09,2.525776210404729e-07,1.037929209246613e-08,5.141104963968246e-08,2.8680018360205395e-08,9.900476882762632e-09,1.3897536064177984e-06,1.8664579215510457e-08,2.715732172475782e-08,2.4854582836297823e-09,6.890050485708343e-08,1.4685694438298924e-08
window-69744d9131ab87912b45,395_48973_96915,ball,ball,0.9999617338180542,True,6.780344108392455e-08,0.9999617338180542,2.921548002632335e-06,5.8020688697979494e-08,5.882805567125615e-07,4.198311742698024e-08,1.5312738469219767e-05,6.852709333315943e-08,5.733102881322338e-09,3.278595617217661e-09,6.824532761129376e-07,3.831647518381942e-06,1.1042106251579753e-07,1.6646638414385961e-06,1.0410931672311108e-08,5.935816261626314e-06,2.7970784799435933e-08,1.4394646541404654e-07,1.9257123895499717e-08,2.339164950626582e-08,5.797494850412477e-06,6.56836363077673e-08,9.598215910955332e-08,7.79109488036056e-09,8.745532227294461e-07,5.432842797858939e-08
window-7eb75cae0a91e8ef94f1,395_48973_96915,ball,ball,0.9999995231628418,True,5.2690429797053184e-09,0.9999995231628418,1.177671471452868e-08,4.884076254541014e-09,6.49011333564431e-09,2.3280742611486716e-10,3.097076444191771e-07,8.431441100853476e-10,4.182271196029319e-11,4.6341869230914767e-10,1.7853217570973356e-08,1.4593872776913486e-08,8.119487859836738e-10,8.937780293649666e-09,1.9922714519782225e-11,3.2503513214265922e-09,1.1225411572501898e-10,2.1221275847693732e-09,4.5262835146608893e-10,5.186748253116491e-10,9.87861241696919e-08,2.0155386248887908e-09,5.892789589623249e-10,1.7015256981167681e-09,1.4257356184543823e-08,1.4963335015494295e-09
window-0581496b953a0b6a85b5,395_48973_96915,ball,ball,0.999964714050293,True,4.6778286133530855e-08,0.999964714050293,5.288152806315338e-06,1.7413480435379824e-08,2.0517792620466935e-07,1.2072876032220847e-08,1.1734103281924035e-05,5.766374044924305e-08,2.1568571373364875e-09,1.0110224657466915e-08,8.472675290249754e-06,2.5805848054005764e-06,1.5398002872757388e-08,2.8657484563154867e-06,2.3438200269509935e-09,8.712202088645427e-07,2.315052682888563e-08,1.214687443962248e-07,2.5392779434696422e-08,1.4073366116917896e-07,2.448643954267027e-06,2.1396937555095974e-08,2.9472831286625478e-08,1.2175829233740387e-08,3.243475816816499e-07,3.848728269417734e-08
window-1c150c0c0a54e45ed013,558_80541_158012,ball,ball,0.9769315123558044,True,5.655317727359943e-05,0.9769315123558044,0.020564420148730278,1.5129501662158873e-05,2.1629537513945252e-05,6.987062806729227e-05,0.00017999955161940306,2.875342488550814e-06,2.3445534225174924e-06,2.040106846834533e-05,1.0230847692582756e-05,0.00013212361955083907,0.00024019437842071056,2.1781846953672357e-05,4.218182584736496e-05,3.5481185477692634e-05,0.00019202267867513,4.712297595688142e-05,0.0008028929005376995,0.00013962315279059112,5.092783976579085e-05,0.00014469455345533788,0.00016679672989994287,7.057500624796376e-05,3.210156864952296e-05,6.551864316861611e-06
window-2ce4be79598968f6a9b2,595_90445_180229,ball,ball,0.9998981952667236,True,7.775506816187772e-08,0.9998981952667236,3.576035467744987e-08,1.317946043855045e-06,3.797044900721858e-09,8.51021226822013e-08,8.803534728940576e-05,1.923882138044064e-07,1.2170602303740452e-09,8.157038600131727e-09,4.013863730278899e-08,4.018921515580587e-07,3.718935204233276e-08,1.3637853157888458e-07,6.235232330453755e-09,9.411378698587214e-08,6.510721561880928e-08,8.122153616341166e-09,1.8745325292002235e-07,3.075932397678116e-09,1.091828744392842e-05,3.124891279071562e-08,5.307268846621582e-09,7.727619077968484e-08,1.2237086899347105e-08,2.7879263342356353e-08
window-2a5115304b98e4a61b48,595_90445_180229,ball,ball,0.9998980760574341,True,2.9184631600287503e-08,0.9998980760574341,2.217194250420107e-08,7.523252776309164e-08,6.058489709914738e-09,2.001422316766366e-08,0.00010024539369624108,9.573612125279851e-09,2.0072042639096566e-10,3.2891096513054663e-09,7.793364176222894e-09,3.254036329281007e-08,3.2267124083773524e-08,1.747537048402137e-08,2.650607733301058e-09,8.63343387891291e-08,1.661000936792334e-08,8.654401639773823e-09,1.9677415252772334e-08,1.0793851368262608e-09,1.2805719507014146e-06,1.5109312911931738e-08,2.1905428582158493e-09,2.3406942162296218e-08,1.0501909564197831e-08,4.93307661386666e-09
window-37465e47fb58af845070,595_90445_180229,ball,ball,0.9998125433921814,True,1.0499994829160642e-07,0.9998125433921814,1.6695263838073515e-08,5.647162311106513e-07,3.770487477794404e-09,3.4181205421646155e-08,0.0001828667300287634,4.531381936345724e-09,2.0596500893699243e-10,1.68175109394042e-08,2.3418682548737024e-09,5.410916514847486e-08,3.706048445906163e-08,7.174095983941697e-09,4.842925616088678e-09,5.1852197202606476e-08,3.070207910127465e-08,2.243788443934136e-08,1.6611599207294603e-08,6.957879272739831e-10,3.6128692499914905e-06,5.044931139508435e-09,3.401417592030498e-09,1.3776385365815713e-08,2.053552705660877e-08,2.2215622674792712e-09
window-166bbe270b22b32554a8,595_90445_180229,ball,ball,0.9999465942382812,True,4.994861058094102e-08,0.9999465942382812,1.0989302801078793e-08,9.379487408978093e-08,4.297935785047002e-09,1.1826241319567998e-08,5.228301233728416e-05,4.987433133152308e-09,1.3428480549748656e-10,8.907848680905772e-09,1.6771768418522015e-09,1.1932961285765487e-08,2.1505629277385196e-08,4.304079759265278e-09,1.8730541562206326e-09,2.0807981115922303e-08,1.8773256726944965e-08,8.009822138888012e-09,1.007108707540283e-08,8.441695120708914e-10,8.736330414649274e-07,7.598794482532867e-09,1.331362242673606e-09,2.897665751788736e-08,1.2194061760339991e-08,1.0463144795025414e-09
window-ee6e0f1154a08e0bd3e9,168_18361_34847,baseballbat,baseballbat,0.9999997615814209,True,7.97992893986077e-10,8.385243610575799e-09,0.9999997615814209,9.489771635173838e-09,5.733955088516041e-09,6.970317656396219e-09,1.910265945426204e-09,2.0768435859963574e-09,7.740887097984483e-11,3.3238688246228776e-08,1.3121492781209554e-09,1.852311776184834e-10,4.65888412293225e-08,1.3375826002359759e-09,9.48869871564284e-10,1.4262602210379782e-09,1.4202073295166429e-08,4.8377138739397196e-08,2.3943189098041273e-10,1.222694390179413e-08,8.582042299032366e-10,2.3644661228949815e-10,7.269082669125737e-09,6.471569391486298e-10,1.4854567575994793e-09,4.118920760021183e-09
window-b8f15f6f28dc081688d2,168_18361_34847,baseballbat,baseballbat,1.0,True,1.0795346821329543e-12,2.977915136703757e-10,1.0,3.338970211430592e-10,7.099023452417086e-11,1.6167182176340944e-11,1.7366372229155047e-11,3.525348762911662e-11,1.5454686141946894e-12,2.7391852674973904e-10,3.15545853335486e-11,6.499781615709743e-12,6.787774509131594e-11,1.1560380257236158e-11,7.006591487557223e-12,3.621548200216651e-11,5.013886528182354e-11,1.0195065902607325e-09,6.613405569705355e-12,3.173499310560324e-11,7.424682396672821e-12,2.4117613288410222e-12,7.433174215032423e-11,1.6747297992836252e-11,4.553965711473484e-12,2.2452344150547532e-10
window-c37a5eadb0a1733166c5,168_18361_34847,baseballbat,baseballbat,1.0,True,1.9433682094116556e-12,1.468085930600438e-10,1.0,1.5934037422837832e-10,2.930448245175299e-11,4.952940488300861e-11,1.9181142785207328e-11,3.030173334472863e-11,2.4990765208100785e-13,8.706719373252625e-11,1.6707576294683335e-11,3.4436626727279984e-12,9.447630178183175e-11,1.9448153157353154e-11,3.2424408210468547e-12,2.4988551158844352e-11,1.2086952272394313e-10,4.032886247173906e-10,9.909338974378734e-12,2.1508766989697392e-10,9.507405279718384e-12,9.853471120632729e-13,4.528511593493434e-11,3.949248046641873e-12,5.5923464643836684e-12,8.180781746469634e-11
window-d43de7cb59b15135f022,168_18361_34847,baseballbat,baseballbat,1.0,True,7.557973344396451e-13,4.360265204450542e-10,1.0,1.0446388892804137e-10,6.062615687252304e-11,1.684773848209531e-11,9.294768947565313e-12,9.782428339599747e-12,6.826402507500995e-14,2.1189109494779146e-11,3.782809135377541e-12,7.833954838998292e-12,2.6131643723892317e-11,4.858955685721478e-12,8.559019812337532e-12,6.835204277577667e-12,3.674343815318615e-11,1.2207646005180095e-09,4.220511093389057e-12,2.2400030441627194e-10,3.5429135753634045e-12,7.311661584345763e-13,2.7453978326819062e-11,6.579921069810313e-13,3.272137769072536e-12,1.4684631982619933e-11
window-914c951443259f053dfc,186_20091_37188,baseballbat,baseballbat,1.0,True,4.043887078496178e-13,4.9559145849642494e-12,1.0,4.226329702872178e-11,7.340562185875754e-12,8.552096205684256e-13,1.607887542727504e-13,1.1634188621170716e-12,8.62801143193797e-15,1.6826703225225614e-11,1.1022258409806862e-12,1.1689529552660893e-12,5.57636619172297e-13,2.0847337528148713e-13,1.6761692402979256e-13,2.465292510064887e-13,7.075127295011821e-14,3.6431638955614076e-11,2.529779500031609e-13,2.520485339538303e-12,6.053339253464518e-14,8.950471792759998e-14,4.6775200900073255e-12,8.087484675012302e-13,1.2472119691187e-12,3.056746696039614e-12
window-86e277dac67d9bf1ba7b,186_20091_37188,baseballbat,baseballbat,1.0,True,1.10056359641994e-13,7.575136698467766e-12,1.0,1.3780813296060401e-11,2.8452910600523795e-12,4.2620651474235827e-13,5.806535536678065e-14,3.3065038337540265e-13,1.5652630152305017e-14,1.2216997379022043e-11,5.407687101929848e-13,3.3877009270738556e-12,1.7573911618475047e-13,1.2362504141043285e-13,1.125812022274332e-13,2.3307731070697224e-13,1.0099834515811881e-14,8.025106967846085e-11,1.140052136895664e-13,3.622900373798088e-12,1.1014392929621294e-13,7.519491621163152e-14,2.234747543267135e-12,2.8591021152164775e-13,7.400459910676671e-13,4.377393413024233e-12
window-5393ee450dadd7d2b07a,186_20091_37188,baseballbat,baseballbat,1.0,True,2.797598714103164e-14,4.730058358881628e-12,1.0,9.042695411909385e-12,5.910884303718389e-13,8.227337404019194e-14,3.300340212166082e-14,2.640381674152287e-13,6.962906758566296e-16,7.489593797579963e-13,7.334187239731865e-14,2.423708477840292e-13,8.160867001703181e-14,9.201816283770092e-14,3.969286515139239e-14,9.101501155387229e-14,2.590728535021604e-14,6.651470606938714e-12,7.99859649542635e-14,1.0144888401564245e-12,1.9578163688773603e-14,1.154388169527943e-14,2.872429724631864e-12,1.3438318315658719e-14,6.752369795031896e-14,2.4022613325652697e-13
window-978b67275dda9f7e6996,186_20091_37188,baseballbat,baseballbat,1.0,True,2.2105892962497042e-14,4.293324376569707e-12,1.0,2.156925896570905e-12,7.275658482804037e-13,1.4483366220750804e-13,5.0649656452468605e-14,5.974479808448785e-14,2.9247020641242445e-15,2.817554349554552e-12,2.738287840833159e-13,1.0447832919993627e-12,6.108524466417672e-14,5.715543191725861e-14,9.251020088862916e-14,7.491090267628536e-14,9.487446635605967e-15,2.727136572122646e-11,2.3773770292342435e-14,2.8750441697505957e-12,3.931199848072539e-14,3.0040599456777894e-14,7.023339700616693e-13,2.099889543933503e-14,2.421033208979684e-13,4.298836948305601e-13
window-8e863ae24f96b9082b30,207_21922_46427,baseballbat,baseballbat,0.9999990463256836,True,1.1799991539440668e-10,7.710685423489849e-08,0.9999990463256836,2.4411730970008705e-10,1.432168411641399e-10,1.520085746165023e-08,9.189899397021861e-10,5.111382428424349e-09,2.1236915004330115e-11,2.2461083659663927e-08,6.321868029068867e-10,3.7633660632252486e-09,9.349676588499278e-10,7.304254836526525e-07,6.895330834089108e-11,2.537586807349612e-09,5.635175659435276e-10,1.3261773623707285e-10,2.5764198066657862e-11,5.871794717116074e-10,1.386756265375766e-09,2.0588480920125107e-10,1.021051758698377e-07,2.943698618196322e-08,2.5594595887135085e-10,6.347664616157545e-10
window-6755aa61523a6ad6f5f5,207_21922_46427,baseballbat,baseballbat,0.9999805688858032,True,2.4367769954625196e-11,1.4264886885939632e-05,0.9999805688858032,1.3092985029494741e-10,6.166598343071428e-10,1.349238498704608e-09,3.7111402839684615e-09,2.4965463030213186e-09,1.9701729830901016e-11,9.836249148520437e-09,2.265021770142539e-08,1.05611569267694e-07,1.4858703156761521e-09,1.0671041081877775e-06,5.794806301473443e-10,1.191162724012429e-08,1.025804094445526e-10,4.042474799348383e-09,1.5532121422356937e-10,2.150618572116514e-09,2.6591921997720647e-09,2.246545394157806e-09,3.880111762555316e-06,9.6335321941865e-09,9.555497504365462e-10,2.4593367342617967e-09
window-e5bc5c2b14f606d587c2,207_21922_46427,baseballbat,baseballbat,0.9999996423721313,True,1.3411242602567874e-11,1.6486048082242633e-07,0.9999996423721313,1.5732835173531967e-11,7.278230795826346e-11,7.21685822213658e-10,3.2499286595211174e-10,1.0937871719463033e-09,5.381224545825125e-12,2.4595980807617934e-10,2.6861832203017855e-10,3.7095269078690762e-09,1.3622705741234142e-10,1.1827449952761526e-07,2.9438701476536266e-11,2.5759755439835885e-10,1.625105258695747e-11,1.8665768930503646e-09,1.0468300705446243e-11,2.0246308796156853e-10,1.6050284434854234e-09,1.366580182349253e-10,9.459018457391721e-08,1.190362697300884e-09,1.5279072451690467e-10,1.9595689515483627e-09
window-7dfa3cba1c470c9e35b8,394_48666_96323,baseballbat,baseballbat,1.0,True,5.234496646897013e-13,3.5738320636191645e-10,1.0,3.13650910799268e-11,9.320474947394075e-12,1.1332782802464525e-11,1.0405498511445455e-11,9.301844884623822e-12,1.1165481923368012e-13,2.2010632899638338e-11,1.388201185947846e-11,4.925779575892797e-11,4.981892502697871e-12,1.7127322129995015e-11,7.414563754637449e-12,4.0369936560313846e-11,1.181827964484572e-12,2.1637928948603502e-10,2.7037508516791764e-12,9.483557689149436e-11,3.093622146649322e-12,7.871875894183145e-13,1.07218740830195e-10,1.914231793909149e-12,2.684758838855661e-11,1.3811680098230195e-11
window-e78e9af3dfa2630229c0,394_48666_96323,baseballbat,baseballbat,1.0,True,1.1424630338985331e-11,2.521667319399512e-09,1.0,7.073387431333344e-10,1.7236395644104618e-10,8.934094436474638e-11,2.688444467047191e-10,3.0725202937453844e-10,3.932358778879763e-12,6.37714769879949e-10,1.1520325665648201e-10,2.0439193393340105e-10,7.379662853024271e-11,6.935818586129017e-11,5.151176360462806e-11,2.560438527865472e-10,2.6325899793455676e-11,3.3524749643021323e-09,1.5610793907550047e-11,2.736861293151094e-10,2.3660490233723408e-11,9.501514158793967e-12,3.9913791716195135e-10,4.5075193577659434e-11,1.0448680809460598e-10,2.1764214042097052e-10
window-a5ed4a4d624dabfe665d,394_48666_96323,baseballbat,baseballbat,1.0,True,7.316729687401047e-12,1.3436660672994094e-09,1.0,3.967918882352706e-09,5.981136419475064e-11,3.1669264433098476e-11,2.1729692697980418e-11,8.181561678144433e-11,6.739069480406201e-13,9.445562110244055e-10,9.404319684103157e-11,6.388978235349896e-11,1.5195369268417025e-11,3.5558981974215254e-12,1.1241009859053186e-11,1.4983611573704536e-10,5.443308564306859e-12,3.266285852898676e-10,7.102189062552222e-12,9.361149008735303e-12,1.6979091743696273e-12,3.4539903489422263e-12,2.5290947114342544e-09,6.048801043379015e-11,1.552101155932739e-11,2.0624335572705377e-11
window-6d777b1f1db63e333e2a,394_48666_96323,baseballbat,baseballbat,1.0,True,1.0389217264261674e-11,4.262659114573353e-09,1.0,3.634164358334857e-10,1.5320428259357755e-10,1.4316699215033424e-10,1.66567065695844e-10,5.843352191003959e-11,1.8887393819083664e-12,3.8454700534984454e-10,3.573089046859934e-10,1.7534530771801116e-10,1.2394703319262845e-10,1.375385222379677e-10,5.820915277565675e-11,6.106847805220639e-10,9.295052574853635e-12,1.40000600001855e-09,1.697029322622612e-11,1.1914920161615328e-09,3.9105878257839066e-11,1.206959965999177e-11,1.3617262872855918e-09,4.0785552019029225e-11,3.7533889885033034e-10,3.573900064779423e-10
window-231e5b39a3c777b69244,399_51041_100090,baseballbat,baseballbat,1.0,True,1.1252679343876082e-11,2.78607581449819e-10,1.0,9.980893889149911e-11,2.4075264004608243e-10,7.021337677937112e-11,6.973450983327467e-11,5.801222835444264e-10,1.734583830736991e-12,4.7283559012623044e-11,9.06687398771755e-12,1.1078571393596803e-09,4.0701001596810116e-11,4.1944900330825874e-10,6.9224266076306495e-12,2.2757802586870213e-11,1.2466275407796434e-11,1.3098215845275263e-09,1.6661051011057637e-11,6.146904513171236e-11,3.876892903931228e-11,7.277799890514913e-12,3.619573044066904e-11,8.64959770474627e-11,2.6846922254741834e-11,6.209026348624747e-11
window-03243b07a9f167440ade,399_51041_100090,baseballbat,baseballbat,1.0,True,2.1222721496849672e-11,6.220159942671444e-10,1.0,6.789004081131367e-11,3.7805478192431963e-10,2.2912344244119254e-10,1.4795269176470782e-10,7.680623359540562e-10,9.093320714470554e-12,5.2017570806306423e-11,1.8876131560596754e-11,5.041007056227897e-10,1.4805770498504955e-10,1.304726882089824e-10,2.6465506869355337e-11,2.4476453849842095e-11,1.1513795125650539e-11,5.929324586873008e-09,2.027408969873523e-11,2.096400136819554e-10,1.4790640934236876e-10,3.6016127580307256e-11,1.0926110016740154e-10,1.0199981831382487e-10,1.3469061976856267e-10,1.6163244354050477e-10
window-622975df20f235e33bf2,399_51041_100090,baseballbat,baseballbat,1.0,True,1.8270187879948496e-12,4.975247644423142e-11,1.0,4.431124217552096e-11,4.509669027097374e-11,1.1561968396578415e-11,1.4526263004965845e-11,3.729651656958488e-11,2.2139324336485633e-13,1.6887213849514637e-11,2.1831586018150606e-12,2.6249549756052204e-10,2.659224620019107e-12,6.537195784694916e-11,1.924438256320493e-12,1.0317317312991126e-11,1.2128902483060644e-12,3.5501415696082006e-10,1.3387932255859436e-12,7.206344895815953e-12,8.502201546967125e-12,6.106081352347248e-13,1.1692992060718943e-11,3.901250850146809e-12,5.4373627995929485e-12,7.681993062502723e-12
window-b29c9a6624d8038a89c4,399_51041_100090,baseballbat,baseballbat,1.0,True,5.673204614420335e-11,2.1558216323214197e-10,1.0,2.5428351091427714e-10,3.2147146056260567e-10,1.9307382082001112e-10,8.38605226927136e-11,4.042553403138527e-09,1.4446300926340694e-11,1.1531009480592047e-10,3.026967218544563e-11,6.409486830172284e-10,8.933412343203884e-11,2.837609036632216e-10,8.250587713032331e-12,4.607868600570164e-11,1.4691832819768713e-11,3.579550655885555e-09,4.210912868396477e-11,5.916055839660928e-11,7.341965924112515e-11,2.0659533112032946e-11,2.055365877495774e-10,4.1695952246456613e-10,7.26902149583708e-11,1.765874668713252e-10
window-ce6a097aa2666532a157,407_55027_106548,baseballbat,baseballbat,0.9999964237213135,True,1.5040881040651044e-10,2.575640678514901e-08,0.9999964237213135,3.2414002362202154e-06,3.7315756040712245e-10,4.0136260981427085e-10,1.0910863358637446e-11,1.967853364703842e-07,5.972610600535333e-11,1.0185821075481272e-08,2.8074031988012393e-10,9.530467082186078e-08,2.717165825671941e-09,7.16723236315886e-10,1.9610955082072223e-09,6.782590045162351e-10,3.889746580387765e-10,4.142805920537285e-08,8.545985252794708e-09,6.043654021681277e-09,3.0563498398805677e-09,6.006657948809391e-10,2.713473001847433e-09,2.619628680644581e-10,5.797187174749752e-10,3.1537880640364335e-10
window-5c0ca6ea16fb7579c7d2,407_55027_106548,baseballbat,baseballbat,1.0,True,5.306978272633101e-13,4.034430428623281e-11,1.0,3.7185157730768026e-10,5.478419801141499e-12,7.591959179376051e-12,3.9342547232187886e-13,6.539515456926992e-11,3.6696316693890854e-14,1.2194415616173515e-11,4.661637287121934e-13,8.587656974423652e-11,4.871139516055001e-12,9.199698294826142e-13,1.7836546042232504e-12,1.5196637351277964e-12,3.6347964568750335e-13,6.124879076141454e-11,8.0586286341916e-13,1.3768543596914817e-11,1.1394418394927719e-12,2.6136750641385376e-13,3.090456709986533e-11,4.4300462820681674e-13,1.964176868027301e-12,2.1566296925373818e-12
window-ad740dc9e132c424ca90,407_55027_106548,baseballbat,baseballbat,0.9999998807907104,True,7.28855083925728e-12,3.4012437311048416e-09,0.9999998807907104,4.537985276442669e-08,4.5490104738643566e-11,4.5305495466330115e-11,3.539758763881906e-12,2.810907506756166e-09,1.8819895728633407e-12,1.456181175640836e-09,9.701858240396266e-12,3.794383474087226e-09,3.661275449484691e-11,2.213305233533802e-11,3.826364572412366e-11,5.286474730192836e-11,3.034782841693229e-11,2.7138864489018033e-09,4.3417894279862423e-11,3.5694580624578975e-10,5.0340280555172257e-11,4.97702920543297e-12,2.2245005837362442e-10,1.82535809384321e-11,4.662370836627794e-11,3.499388626093669e-11
window-393490a3841598613c8b,407_55027_106548,baseballbat,baseballbat,1.0,True,2.984304470210475e-11,2.0816268708756525e-09,1.0,2.0083145813032388e-08,1.00679659054137e-10,1.247972281070986e-10,1.1585544155978678e-11,8.615802293832076e-09,4.463099594759212e-12,2.481984062718823e-10,2.020425667048631e-11,2.54760368356699e-09,8.818429320101018e-11,7.716168676230595e-11,4.639422526708792e-11,3.0459405830907116e-11,7.055275114131732e-11,2.6849460432742944e-09,7.294897325094141e-11,8.078477886641622e-10,1.7316040268333666e-10,3.953531252376408e-11,1.1554698864379986e-10,9.727614547205832e-12,4.460489269608736e-11,5.056353946653047e-11
window-3be161e11903ebdf8ad9,436_62184_122673,baseballbat,baseballbat,0.9955211877822876,True,6.30530578860089e-08,2.144716688690096e-07,0.9955211877822876,0.001531299902126193,0.0005672186962328851,8.056367306608081e-08,1.1562836021994372e-08,1.612942651263438e-05,4.297442401934859e-08,6.581495199498022e-06,4.379697566037066e-05,0.00026640508440323174,4.1443249187977926e-07,1.8827468011295423e-05,1.4588483736588387e-06,1.6206604414037429e-06,1.318864860877511e-06,4.614331828634022e-06,4.307819835958071e-06,5.549025559048459e-07,5.099235522720846e-07,3.496250826628966e-07,0.0019987013656646013,9.430686077394057e-06,6.464037483056018e-07,4.228674697515089e-06
window-301e0d5d2a227dce7ce8,436_62184_122673,baseballbat,baseballbat,0.9290252923965454,True,1.910113724079565e-06,7.994256520760246e-06,0.9290252923965454,0.0038696371484547853,0.0059229000471532345,2.871571496143588e-06,3.493717713354272e-06,0.00043163736700080335,1.5542419760095072e-06,0.04142053425312042,0.0010095712495967746,0.0012063763570040464,9.454297833144665e-05,0.0004263188748154789,4.601585715136025e-06,1.4557464055542368e-05,0.0002907089365180582,3.417692641960457e-05,5.358035195968114e-05,1.5396846720250323e-05,2.1492191990546416e-06,1.6040492482716218e-05,0.007833968847990036,0.008175628259778023,1.5347586668212898e-05,0.00011905415885848925
window-5a80a1af089ea252eb5f,436_62184_122673,baseballbat,baseballbat,0.9999265670776367,True,1.2828389905905624e-08,3.462918840568818e-08,0.9999265670776367,6.626450158364605e-06,2.0971162939531496e-06,9.12074042958011e-08,3.5015407462424264e-08,2.7023580173590744e-07,4.825975619127121e-09,3.733951245976641e-07,4.1274037698713073e-07,1.0026760719483718e-05,1.6561298821216042e-07,5.980213018119684e-07,1.0200648858926797e-07,3.618401578364683e-08,2.015353288697952e-07,1.1393823342586984e-06,3.093354195016218e-08,3.7104889827332954e-08,1.0263171645874536e-08,5.8418848425390024e-08,4.8923953727353364e-05,1.4684333109471481e-06,1.133803806396827e-07,5.969079666101607e-07
window-bc2335e0e067bff8b630,436_62184_122673,baseballbat,cup,0.8659539818763733,False,3.124763452433399e-06,2.192327428929275e-06,0.0934666320681572,0.0019519551424309611,0.02654099278151989,4.4131391518931196e-07,2.453308809435839e-07,0.00046856794506311417,4.649600668926723e-06,0.8659539818763733,0.0003861711884383112,0.00016427526134066284,9.241810403182171e-06,4.920293008581211e-07,1.9764552234846633e-06,5.353165875021659e-07,8.57263614761905e-07,4.25398611696437e-05,4.607877144735539e-06,2.458507196934079e-06,2.027320078923367e-06,2.8431331884348765e-06,0.010104909539222717,0.0008769009145908058,2.29962188313948e-06,5.064644483354641e-06
window-ac260277c96210030123,74_6869_14767,baseballbat,baseballbat,1.0,True,1.3706261819956822e-11,2.705431434435468e-09,1.0,1.0430287744611633e-09,2.013386818378038e-10,3.02034647292615e-11,7.983028300906359e-12,2.483357408600284e-10,7.015172947752446e-13,1.2667628057627667e-09,1.0550891757499237e-11,3.4172520368969117e-10,2.5041033482886554e-11,5.332014343939484e-11,2.3801665499645352e-11,1.120746204175127e-11,5.3185936557675895e-12,1.1158436397096239e-09,8.465437552340749e-12,1.884175315769454e-10,2.3246488067840687e-11,2.0374531922717765e-11,4.806448017369291e-10,4.436805089991225e-12,4.496811256693434e-11,8.662326411723598e-11
window-df21bbf850e86afb8734,74_6869_14767,baseballbat,baseballbat,1.0,True,8.290461958430917e-13,4.629595040661627e-10,1.0,5.2307092685e-11,3.635313577943222e-11,5.817959829179653e-12,5.15213414466198e-13,1.198614540953713e-10,9.994975902699946e-14,9.501047171234234e-11,5.292980463644792e-12,6.434581339975765e-11,7.526487245945734e-12,2.704066658087978e-11,1.6468380478751321e-12,1.515689266803899e-12,5.303527799219165e-13,1.4716941554304697e-10,2.4680695855094914e-12,3.198663903192234e-11,3.947621309702276e-12,2.235271863437749e-12,1.5875549486121798e-10,3.374364806671415e-12,1.311717921781419e-11,2.1592280047277868e-11
window-7598ddaed8c02e62fe6c,74_6869_14767,baseballbat,baseballbat,1.0,True,1.8051995445342306e-12,8.774475590556108e-10,1.0,1.41513897822243e-10,5.273845943287725e-11,1.028097572353115e-11,1.288087041542707e-12,1.7851666325729987e-11,1.3670531720522128e-13,2.9450294980470915e-10,3.1091917235270827e-12,3.95500923677794e-11,1.0768904865066098e-11,4.525797705351442e-12,4.078148409247806e-12,1.3987093818237928e-12,5.592460630872431e-13,3.4128422310431006e-10,4.171269232799979e-12,4.862147143236406e-11,4.0194661835024625e-12,3.446205560503346e-12,1.573365882023836e-10,4.092228292340572e-12,1.106434908970666e-11,4.4246380864754187e-11
window-721bff73a50512dee089,74_6869_14767,baseballbat,baseballbat,1.0,True,2.8172854674157755e-12,4.2105374742362756e-10,1.0,6.20674137086219e-11,5.5851323566002975e-11,1.0162226095344895e-11,1.1190709817143762e-12,7.497076570661676e-11,2.118949276024712e-13,1.0271886119461726e-10,8.859763617197203e-12,8.601180878642367e-11,7.2189186052507015e-12,2.566167243978068e-11,2.9653744737512255e-12,2.807378027963603e-12,7.984074556002807e-13,1.9706783427331231e-10,1.5039198185406999e-12,3.981613996839606e-11,9.38204548772692e-12,2.73613315164567e-12,2.0142741641304696e-10,1.2653337579104917e-12,2.640923243979465e-11,6.213564385237902e-11
window-2df8d78d0afe554f0f09,206_21812_45932,bench,bench,0.9999939203262329,True,1.444022945662482e-08,7.813878433182708e-09,5.4047362141318445e-09,0.9999939203262329,6.604290092582232e-08,1.4036158013652766e-08,1.667273785699308e-08,5.50642864638462e-09,5.104802312416723e-06,1.7402526086840453e-09,5.768497679525808e-09,3.285438765487925e-08,3.8436488125626056e-07,4.1856853982835673e-08,1.922815018318147e-09,2.2298038970802736e-08,6.504988903088815e-08,1.1626882923110315e-07,7.070828900168635e-08,1.6148741011079437e-08,1.3768612916464917e-08,7.188959205706169e-09,1.6325756302393302e-09,2.631999063140711e-09,5.074959119610867e-08,2.7321897633214576e-08
window-bc974326f13890abc2cd,206_21812_45932,bench,bench,0.9996428489685059,True,1.389809312968282e-06,5.092382707516663e-06,1.470848928875057e-06,0.9996428489685059,7.021512374194572e-06,8.746096114009561e-07,7.858199637666985e-07,6.383104391716188e-07,0.00026552705094218254,9.042157245175986e-08,1.3819454807162401e-06,1.4290060789790004e-05,6.201393262017518e-06,4.6872463599356706e-07,6.407913133443799e-08,7.83574876095372e-07,7.005974566709483e-06,1.1906169675057754e-05,1.4047833474251092e-06,8.242295734817162e-06,1.9430560769251315e-06,1.968621603509746e-07,3.261189007730536e-08,3.6328165720078687e-07,1.3576346646004822e-05,6.420453246391844e-06
window-3debc719bd916cb4a3d5,206_21812_45932,bench,bench,0.654783308506012,True,9.265012579362519e-08,2.497455682259897e-07,5.5728055059489634e-08,0.654783308506012,6.528421181428712e-07,1.1702633173626964e-06,2.218230434891666e-07,5.8881894915430166e-08,0.3451765775680542,2.9044164762126456e-07,3.127855663365153e-08,1.1628018228293513e-06,4.694393737736391e-06,3.705983715462935e-07,1.9665162653836887e-07,2.443329947254824e-07,2.1202587959123775e-05,1.9941110167565057e-06,2.696550154723809e-06,1.9555011476768414e-07,6.479989451690926e-07,1.47959690366406e-06,5.1627100816631355e-08,1.8337081542085798e-07,1.9455223991826642e-06,2.2882497319187678e-07
window-ef36ff4fce9047715189,206_21812_45932,bench,bench,0.9999978542327881,True,4.74494896707256e-08,6.1243929927456975e-09,3.126150716070697e-08,0.9999978542327881,1.968639828930918e-08,1.767830681842497e-08,7.393193168780954e-09,1.564297491540856e-08,1.4110621577856364e-06,3.0490119318216102e-09,2.8655875450311896e-09,1.756466971869486e-08,2.0066497086190793e-07,1.8877919671922427e-08,8.042152721543516e-09,6.138520358689448e-09,9.164149616935902e-08,7.9395675811611e-08,8.079702240593178e-08,3.779245716373225e-08,7.568821125403247e-09,8.883397129011428e-09,4.945571507875002e-09,2.3992447140130935e-08,1.391466923905682e-07,1.6115789591708563e-08
window-1cf0937527cf1bb5b7b3,421_58394_112538,bench,bench,0.9998074173927307,True,2.0027920299980906e-07,3.574074526113691e-06,4.131176467581099e-07,0.9998074173927307,1.5941487845338997e-06,9.597246730663755e-08,6.043676421541022e-07,2.1189579513247736e-07,0.00012462527956813574,8.64242153397754e-08,7.954955805189456e-08,2.6107138182851486e-05,3.6533258480631048e-06,6.489587889291215e-08,9.138825163290676e-08,4.881354698227369e-07,7.874058610468637e-06,5.101587248645956e-06,3.167461670727789e-07,4.90232480387931e-07,1.5589135671234544e-07,5.445970714390569e-07,3.6304271588960546e-08,1.8801763417286566e-06,1.2422450708982069e-05,1.8896064375439892e-06
window-cc832c8ab3321703c1be,421_58394_112538,bench,bench,1.0,True,2.930984968618766e-11,7.7078135540809e-11,5.895560928337318e-09,1.0,1.5929373375911382e-08,1.0473522049636586e-10,3.1406591216587287e-10,1.5156792487758253e-10,1.9163991574200345e-11,1.905192149875834e-11,2.3608153626453188e-11,2.9651964217336513e-10,1.524211867831582e-09,4.8796598706157823e-11,8.32812291351459e-12,1.3027424972111845e-10,2.2648096731359146e-09,2.372096130631718e-10,6.25520968355886e-10,4.026307065529977e-10,6.980486935009855e-12,2.9058469172560386e-11,6.728746466261315e-12,7.19652740177601e-11,2.432948953412506e-09,3.330243858457038e-10
window-b48e9cf8a1b9c17d8a9a,421_58394_112538,bench,bench,0.9999998807907104,True,2.2703487700947989e-10,1.688822748313612e-09,6.4400142996134946e-09,0.9999998807907104,4.489522087425257e-09,4.400258490910858e-10,3.911961587999002e-10,1.3077414151574374e-10,3.183118479910263e-08,2.2534628330017625e-10,1.185762321664896e-10,2.2281365641418915e-09,4.3481915845688945e-09,1.1703645830252185e-09,9.996667382772273e-11,3.0122246363895044e-10,4.306633716311126e-09,1.6423703508294807e-09,8.104888316040615e-09,1.5619593396465348e-09,3.6602784692085777e-10,9.094091590888809e-10,8.443349491793484e-11,3.111454704995964e-10,3.815860694089679e-08,2.7187876394663135e-09
window-d5270078e520aaa32eb0,421_58394_112538,bench,bench,1.0,True,8.426585818011034e-11,4.193705938071446e-10,8.142448493231313e-09,1.0,1.2188597686701996e-08,5.845462447418015e-10,2.3270376736661547e-09,1.4724296781842838e-10,6.540713110014806e-11,5.672576991466727e-11,7.86933157526093e-11,5.478854037122005e-10,5.113981238480392e-09,3.216947264128578e-10,9.275641886519193e-12,2.5466889708170015e-10,7.350815511841802e-09,1.0427204655272249e-09,1.484287470709944e-09,4.196930858402226e-10,4.5217621313931033e-11,1.6887513609731286e-10,1.2953137694393657e-11,1.7625130521725652e-10,2.03394225906095e-08,2.3247252733948898e-10
window-40f48a83af006b93911c,429_60409_117276,bench,bench,1.0,True,7.182906613251161e-12,1.785313043234371e-11,1.6906173683217673e-10,1.0,2.203368509867687e-08,5.766194813294767e-11,6.481833819682592e-11,1.948115800620709e-11,1.5838115263733243e-09,9.566327591192803e-11,1.1938356119650662e-12,2.3148008509998874e-10,7.839369431383858e-11,4.2832092039812864e-11,2.3586987397961057e-12,3.2197508548215126e-11,9.639665454752588e-11,8.487235220178135e-11,8.988944311116853e-11,1.611393102285419e-10,2.607752035144184e-11,3.059483916212358e-11,6.552996860420546e-12,5.898566357576129e-12,2.82051437761055e-10,1.9469530154747616e-11
window-8d5daff682378519ac47,429_60409_117276,bench,bench,0.9999997615814209,True,7.215782138469962e-11,3.6833595201679614e-11,3.9562304821050276e-11,0.9999997615814209,2.0409133938414925e-08,8.617320051973465e-11,1.1339321703829341e-09,2.0321792859601118e-10,1.7399840146481438e-07,9.6372787528054e-10,4.214935692137267e-12,2.972557200386916e-10,3.4977817864323413e-10,3.312901342145125e-11,6.428876181407972e-11,1.6586922113592806e-10,7.23163029459073e-10,2.1874869970961441e-10,4.0225450748110347e-10,1.0318979004608764e-09,5.509799283487382e-10,1.644199776329458e-10,1.4628662864391018e-11,4.032898667793994e-11,1.0121611326852076e-09,2.109632468716427e-10
window-725594b59f02fbbc47a2,429_60409_117276,bench,bench,1.0,True,2.2138724187215075e-10,4.5042535673500694e-11,4.686884214066822e-10,1.0,4.336313252917279e-10,1.5254472685022336e-10,1.3141902843738507e-10,1.840446892109604e-11,1.7049554476566975e-11,4.723551411123239e-11,1.4176344993732659e-11,5.6366727257950444e-11,1.2179318664706784e-09,5.087620255639358e-11,5.873552946095151e-12,3.26829084629221e-11,6.057217921684455e-11,5.015706183719715e-10,8.951116930999703e-11,1.1187626519637561e-10,2.5535946621135786e-11,2.9074824145491895e-11,6.8540685280171765e-12,5.123163004938647e-11,2.1658379534272854e-09,4.4230178547488563e-11
window-8640de36be7c6dec1fb0,429_60409_117276,bench,bench,0.997995138168335,True,5.454771212498599e-08,1.0528107274865306e-08,1.3546990373924928e-07,0.997995138168335,4.123471910588705e-07,2.7410570169195125e-07,6.78614764382246e-09,3.438031015434717e-08,0.00199895235709846,1.5000527753272763e-07,5.092303023701561e-09,1.9885287372289895e-07,4.2350558260295657e-07,5.454531759596648e-08,4.030773936847254e-08,1.2828691886568322e-08,5.092677497486875e-07,6.917089763192052e-07,1.0585301879473263e-06,5.067056818575111e-08,1.6144099390658084e-07,5.463937213789904e-07,2.783729868838236e-08,1.706674481738446e-07,8.803335731499828e-07,4.814504794836694e-09
window-80cfd424c9df37bd6ee3,437_62527_123384,bench,bench,0.9970429539680481,True,7.890338565630373e-06,0.00045159031287766993,1.0345356713514775e-05,0.9970429539680481,0.00124975701328367,3.6181561426928965e-06,2.2499302758660633e-06,4.331417221692391e-05,0.0008132533403113484,6.3923262132448144e-06,1.5073371741891606e-06,1.2725297892757226e-05,7.861926860641688e-07,5.703790156985633e-05,2.9907349016866647e-05,0.00010053429286926985,2.932015945589228e-07,2.208417936344631e-05,3.774990182137117e-05,2.203749431828328e-07,2.6534562493907288e-06,1.7390733773936518e-05,1.0478692274773493e-05,8.129690627356467e-07,7.932586640890804e-07,7.357287540799007e-05
window-bce0b3e4e74ef094e059,437_62527_123384,bench,bench,0.9698384404182434,True,3.991385256085778e-06,0.00012063733447575942,2.2454767531598918e-05,0.9698384404182434,0.0009332240442745388,1.3524901987693738e-05,1.2672390994339366e-06,3.717810977832414e-05,0.028324875980615616,0.00010371251846663654,1.402407519890403e-06,0.0001342152536381036,4.992199365005945e-07,1.8611644918564707e-05,0.00016626674914732575,0.00011678997543640435,1.3231766615717788e-06,4.679564881371334e-05,3.1923820642987266e-05,2.1773558955828776e-07,4.326113412389532e-06,3.1729843612993136e-05,2.810206069625565e-06,2.908539727286552e-06,1.7560647620484815e-06,3.9113776438171044e-05
window-08a7237bc824a262f34d,437_62527_123384,bench,bench,0.9999910593032837,True,7.362118736864431e-08,1.956068302888525e-07,1.425446924940843e-07,0.9999910593032837,3.775052846322069e-06,2.7289738468994074e-08,2.7622786280545597e-09,2.1903896652020194e-07,1.8970213204738684e-06,5.586156248682528e-08,5.1705471015850435e-09,2.3836437890167872e-07,7.07865899229887e-09,6.679138664367201e-08,4.171958778442786e-07,8.243267757279682e-07,8.622071057118319e-09,6.589549883528889e-08,4.2709754666248045e-07,2.6258240026777457e-09,3.234715606481586e-08,9.011091606225818e-08,9.548483603794011e-08,1.05996251775764e-08,5.092647636928405e-09,1.9113264215775416e-07
window-f93668c01f871e316bca,437_62527_123384,bench,bench,0.7221555113792419,True,8.12539947219193e-05,0.21583403646945953,0.00020408869022503495,0.7221555113792419,9.325220162281767e-05,0.00024283654056489468,0.0007998660439625382,7.77151362854056e-05,0.010381678119301796,8.778498886385933e-05,5.213981057750061e-05,0.0003879588039126247,0.0008619723957963288,1.3087480510876048e-05,0.03407691419124603,9.482529276283458e-05,5.0031401769956574e-05,0.007613150868564844,0.0001634236250538379,2.4316236704180483e-06,0.0005914035718888044,0.005384562071412802,4.104116669623181e-05,0.0006601862842217088,3.057885987800546e-05,1.8197322788182646e-05
window-f4df28dbc88245119422,471_66547_130935,bench,bench,0.9999996423721313,True,1.2279754990629499e-09,1.139117244974841e-09,9.045983517808054e-09,0.9999996423721313,2.438837043428066e-07,4.2729608740188496e-10,5.7883910997702515e-09,7.156900072580186e-10,8.282142749393984e-10,3.5919264784745053e-10,1.5975845646387654e-10,3.6941627534758936e-09,1.3042725122147658e-08,1.763995477466196e-10,7.310299587892644e-11,3.7995895318942985e-09,3.930370695570673e-08,2.3551542938093917e-09,1.6639626343462055e-09,3.2048339537738e-09,2.64620797496562e-10,5.043861439624209e-10,2.6197322089416275e-10,1.2363963186601268e-09,2.7184357875853493e-08,3.3512399522095393e-09
window-bf7c326bb93de2fcc4fe,471_66547_130935,bench,bench,0.9999873638153076,True,5.768328037447645e-09,2.0400192646263804e-09,7.049600725395067e-08,0.9999873638153076,7.417661436193157e-06,1.7359424120400035e-08,9.36242443572155e-08,1.912729885589215e-08,6.219735269041848e-07,2.589834302568761e-08,2.052051684131584e-08,5.805303544548224e-07,7.838804805260224e-08,1.4789002911186344e-08,3.194823605667807e-08,1.2393526560572354e-07,1.6062101622082992e-06,6.59478160969229e-08,5.571449150920671e-07,8.664076744935301e-07,5.086464582859662e-09,2.801207976688147e-08,8.709507781645698e-09,1.4206524667770282e-07,2.460294297179644e-07,3.2934039495557954e-08
window-a5b7912db7e94bfd224f,471_66547_130935,bench,bench,0.9999973773956299,True,4.2994989790656746e-09,4.032870037917746e-09,1.1816408118647814e-07,0.9999973773956299,2.658493940543849e-07,6.008294306525386e-09,2.5073743969983298e-08,4.0908738618838925e-09,1.9074797297236046e-09,7.707885441021745e-10,1.2167259422213306e-09,1.1890445072992861e-08,6.570903110514337e-08,1.630632961990841e-09,6.997898926996982e-10,6.6580381208325434e-09,1.891377223728341e-06,9.659306243747778e-09,2.8968733190026796e-08,3.0567445463702825e-08,6.229262106138833e-10,3.651659419290354e-09,3.1440028358531436e-09,3.2589546616890175e-09,4.561578137440847e-08,4.366100370134518e-08
window-9524d443d1650d32ea07,471_66547_130935,bench,bench,1.0,True,1.3134660026281608e-10,9.681548618356572e-11,6.575640587591636e-10,1.0,8.268985496329151e-09,5.464657545917184e-11,7.020886094721845e-10,8.336359380578529e-11,1.4362648570465097e-10,1.0648951859204558e-10,6.744618752385634e-11,6.267463215081648e-10,1.466866295096736e-09,4.9356636833142176e-11,2.1162009644637436e-11,3.7403680153147434e-10,3.786142510620039e-09,2.9627655884212345e-10,2.675910881766441e-10,4.198964509427583e-10,1.9938842243938382e-11,9.45300157595419e-11,1.1364948912517825e-11,2.6895113913738555e-10,1.8084866937329025e-09,2.1007430517361314e-10
window-7b016325495ec0556781,503_72336_140773,bench,bench,0.9829264879226685,True,0.00012764659186359495,8.376674668397754e-05,0.00012613250873982906,0.9829264879226685,0.0013347913045436144,1.7054817362804897e-05,8.892406185623258e-05,6.41264850855805e-05,0.0016468449030071497,3.147619281662628e-05,0.002665488049387932,2.1182013369980268e-05,8.955477824201807e-05,0.00012073216930730268,0.007634602952748537,2.4028680854826234e-05,8.748199616093189e-05,0.00033983204048126936,0.0001060617869370617,0.0011942351702600718,0.0001074569154297933,5.441996836452745e-05,0.0003917617432307452,7.436277519445866e-05,6.423960439860821e-05,0.0005773567245341837
window-16f1aeb2f686b6c5797c,503_72336_140773,bench,mouse,0.4041275978088379,False,7.671472849324346e-05,0.0025939715560525656,0.00010776683484436944,0.020561831071972847,0.17021730542182922,3.361009248692426e-06,0.007327322848141193,0.00011868921865243465,0.0018913712119683623,8.742405043449253e-06,7.973403262440115e-05,0.3599154055118561,2.9846887628082186e-06,0.0004784977645613253,0.011654451489448547,0.4041275978088379,0.00014899532834533602,0.0014422893291339278,8.615666592959315e-05,3.154163641738705e-05,2.590219992271159e-05,2.0318211682024412e-05,0.00012153351417509839,0.018381522968411446,0.00015234504826366901,0.00042370808660052717
window-bcb299452dfb8b94b16c,503_72336_140773,bench,bench,0.8324373960494995,True,0.0020475240889936686,0.00017330383707303554,0.001940819201990962,0.8324373960494995,0.006262156181037426,0.0002570940996520221,0.0007143321563489735,0.0011456295615062118,0.0139467129483819,0.0006471622036769986,0.009458857588469982,0.0005093935178592801,0.0007220269762910903,0.002040347084403038,0.0808018147945404,0.00032099729287438095,0.0013111642329022288,0.0035175855737179518,0.00020485134155023843,0.011092502623796463,0.0011515622027218342,0.0009337061201222241,0.008172338828444481,0.0008795690373517573,0.00033948817872442305,0.018971744924783707
window-128d8d167042a08a13fe,503_72336_140773,bench,bench,0.538520097732544,True,0.00048531233915127814,0.00012722557585220784,0.00022263836581259966,0.538520097732544,0.003477185731753707,3.360542905284092e-05,0.001178087666630745,0.0010224943980574608,0.006018371786922216,4.45955156465061e-05,0.001155724050477147,1.947866076079663e-05,9.460717410547659e-05,0.0002209410595241934,0.4278104901313782,2.917257916124072e-05,0.0004395959840621799,0.0043272292241454124,0.00021167138766031712,0.007698106579482555,0.00040745161822997034,0.00016812414105515927,0.001978668849915266,0.00025093904696404934,0.00024287217820528895,0.003815400879830122
window-809d663919d3f7e6a6a5,519_74529_145173,bench,bench,0.3521016538143158,True,0.0008219734882004559,0.0008033568155951798,0.003833836643025279,0.3521016538143158,0.001393968821503222,0.0053466870449483395,0.024785947054624557,0.0008788285776972771,0.001727496855892241,0.012293048202991486,0.001773638534359634,0.05370461568236351,0.08866913616657257,0.0035770507529377937,0.022119153290987015,0.1897972673177719,0.0057454765774309635,0.001194204669445753,0.011918392963707447,0.007775493431836367,0.0012342544505372643,0.005470735486596823,0.029422279447317123,0.16359156370162964,0.0033057460095733404,0.00671415263786912
window-af336489cddeae681c7c,519_74529_145173,bench,bench,0.9480040073394775,True,3.936727807740681e-05,1.6670268450980075e-05,0.00025062114582397044,0.9480040073394775,0.0002741926582530141,0.00022541334328707308,0.000243407761445269,5.577057527261786e-05,7.498441118514165e-05,0.000990436295978725,4.844682916882448e-05,0.0015744682168588042,0.0004009389376733452,1.4836277841823176e-05,0.0001598063245182857,0.045215632766485214,0.0001292656088480726,0.00011926418665098026,0.00033574432018212974,0.00010833950364030898,1.2120627616241109e-05,0.000141465847264044,3.6134642869001254e-05,0.0010142048122361302,4.172448461758904e-05,0.00047264888416975737
window-5c4e846aceeaa8e5bc49,519_74529_145173,bench,bench,0.6196439862251282,True,0.0002897503727581352,0.0004055421450175345,0.0008868834702298045,0.6196439862251282,0.00424442533403635,0.001505377353169024,0.0006476775743067265,0.0006342805572785437,0.004124706145375967,0.004042004235088825,0.0015601724153384566,0.07537395507097244,0.00896160677075386,0.0010803891345858574,0.0061814626678824425,0.1819128841161728,0.008250104263424873,0.0003004124737344682,0.017895404249429703,0.0012057601707056165,0.00023258030705619603,0.0026678130961954594,0.001203316729515791,0.054535843431949615,0.0007329476065933704,0.0014807741390541196
window-7cb704e5b32dc752c6f8,519_74529_145173,bench,bench,0.8629316687583923,True,0.00017892928735818714,0.00029350194381549954,0.0020591719076037407,0.8629316687583923,0.002340684412047267,0.001320046721957624,0.005817493889480829,0.000463816337287426,0.0032477944623678923,0.00812440924346447,0.000108609143353533,0.033617015928030014,0.01898117922246456,0.00011075675138272345,0.0006956671713851392,0.014139954932034016,0.014251814223825932,0.0014246630016714334,0.0007166084833443165,0.0016728101763874292,0.00019882083870470524,0.003434412181377411,0.002605503425002098,0.019543083384633064,0.000988699495792389,0.000732933811377734
window-87b77ca360831103ba06,580_86066_169648,bench,cup,0.9985120892524719,False,1.1590133226491162e-06,2.44920215664024e-07,1.0576169415799086e-06,0.0009588480461388826,3.0276595452960464e-07,0.0002246632648166269,1.4367371932166861e-06,1.1273186828475446e-06,8.906283710530261e-07,0.9985120892524719,1.1789078371293726e-06,5.4734627497055044e-08,3.3413442679375294e-07,6.588481937797042e-08,0.00022308144252747297,2.9927985423228165e-08,2.2894496396475006e-06,7.431294193338545e-07,2.0408833734109066e-05,5.030752163293073e-06,2.932576762759709e-06,7.460226697730832e-06,1.851652268669568e-05,8.0934451034409e-06,7.281262526248611e-08,7.843059393053409e-06
window-aa1b4fdc5be6de01bdaa,580_86066_169648,bench,cup,0.9998247027397156,False,1.4227804001620825e-07,1.292754632231663e-07,8.299221576635318e-07,9.970043174689636e-05,2.602205597668217e-07,7.429303423123201e-06,5.720938744957493e-08,4.1007911022461485e-07,4.778111133418861e-07,0.9998247027397156,5.529599178544231e-08,4.244537166187001e-08,9.263692390959477e-08,1.0729415578225598e-08,4.8475667426828295e-06,3.63711394335553e-09,1.1277224984951317e-06,8.774222806096077e-07,2.9033079044893384e-05,5.165825768926879e-06,2.7094392862636596e-07,1.7549458561916254e-06,1.1838877071568277e-05,9.792820492293686e-06,5.441597394906239e-08,9.832119758357294e-07
window-40e207d7eeec4c41b28a,580_86066_169648,bench,cup,0.8163511157035828,False,7.354720582952723e-05,3.0253710065153427e-05,0.00013459238107316196,0.012969893403351307,8.914875070331618e-05,0.16416697204113007,0.00016438064631074667,7.825318607501686e-05,2.905263272623415e-06,0.8163511157035828,0.0002145686885342002,1.1278456213403842e-06,2.474522261763923e-06,8.423073154517624e-07,0.001294715330004692,4.009909389424138e-06,0.00014201668091118336,3.8563015550607815e-05,0.0029092920012772083,9.639545169193298e-05,3.5609900805866346e-05,0.00013825917267240584,0.00028311210917308927,0.00030890729976817966,1.9688932297867723e-06,0.00046699895756319165
window-362f6f76a3b3360f4c0b,599_92255_182422,bench,bench,0.9999996423721313,True,9.950829493732272e-09,4.5600638820531e-09,3.2946445571724325e-08,0.9999996423721313,5.448955509024245e-09,1.3390687669811996e-08,2.8203694935058365e-09,4.65291083440178e-10,4.96942542671519e-10,2.4958748401360253e-09,3.6122560498341727e-10,9.452245652852298e-10,5.457404128605958e-08,3.3888554185068642e-09,3.236054479938133e-10,2.1652837300933925e-09,4.41885745772197e-08,3.655042135619624e-08,6.133873409197577e-09,5.403850256158194e-09,1.35528943623342e-09,5.24015941749667e-09,6.253251250143421e-10,2.1757242674169675e-09,1.13432683690462e-07,3.0165947517701852e-09
window-4646fe243b6d29b515d3,599_92255_182422,bench,bench,0.9999992847442627,True,6.743076763626732e-09,4.446881973763084e-09,9.038219950241455e-09,0.9999992847442627,6.495201709810772e-09,2.0161735392321134e-08,2.364628493012333e-09,6.720693446204962e-10,4.995664770746089e-09,5.981640072150185e-09,2.9304028648091673e-10,4.8103174776770175e-09,2.1488309798201044e-08,5.631116128945735e-10,1.183818709726836e-09,3.726673192261387e-09,4.946468123989689e-08,2.9153133596082625e-07,2.1336219901968434e-08,4.02995592452271e-09,1.4396078773515342e-09,5.447862161389594e-09,5.456490814736981e-10,2.5601010200659857e-09,1.735987069650946e-07,5.748692188944915e-09
window-02becb314f5058d3add7,599_92255_182422,bench,bench,0.9999996423721313,True,8.566689579936337e-09,5.709889450145056e-09,1.2706880880841709e-08,0.9999996423721313,9.28492749352472e-09,1.0213245360546352e-08,2.0780082099491892e-09,5.910846256895752e-10,1.0565402774886934e-08,1.4385296287500182e-09,2.644492680392574e-10,3.3251097431019616e-09,4.402083675358881e-08,2.587702052636587e-09,8.328890910291875e-10,4.884747273337098e-09,5.403894220989969e-08,3.9367403559253944e-08,1.5681987264315467e-08,3.402826465048747e-09,2.835266688094862e-09,7.018543968229096e-09,9.435350278863552e-10,2.6127424668231924e-09,1.0668644279121509e-07,1.6125186741433595e-09
window-399730f4cd09c7df432a,599_92255_182422,bench,bench,0.9999997615814209,True,8.381118021816292e-09,8.17634226990549e-09,1.3539207976975831e-08,0.9999997615814209,4.898528249697165e-09,7.71802888266393e-09,2.8177244981719696e-09,5.103366618186556e-10,7.396758205935328e-10,1.0272908079755894e-09,5.404229286298801e-10,1.666246252085557e-09,4.89172471418442e-08,2.243377261734736e-09,3.3011834932317186e-10,3.6591840668620534e-09,3.871495835028327e-08,2.1679959161247098e-08,1.1730625359973601e-08,3.6736249597879578e-09,1.2656298231661367e-09,4.200848557900372e-09,6.762732041032393e-10,2.2865289661666566e-09,1.1314023851127786e-07,1.613349565054989e-09
window-f674723f7d320ec32172,457_64633_127319,book,book,1.0,True,1.992811081083512e-12,4.546499624263206e-13,1.0770821040617662e-10,1.0161993642399114e-11,1.0,3.5749173261413747e-13,4.076437538219624e-12,9.501301134751117e-11,2.8133413296476534e-14,1.6758929313742676e-11,1.9755546157296244e-11,5.55068924851243e-12,3.744009496962214e-13,9.694570667073688e-12,6.539898830815183e-12,2.3304289054060234e-11,9.638841916466412e-14,8.414242609958156e-13,7.021548273367095e-12,1.8247072255950236e-11,1.1262802620875742e-13,7.245962998451289e-14,7.748211794389448e-12,3.0075026670461913e-12,4.092072167227734e-12,2.0609696674972477e-12
window-5279048c8aaef2af933a,457_64633_127319,book,book,1.0,True,8.015996178466211e-13,1.0023173290700862e-13,2.8337549320966993e-12,6.712552605772637e-13,1.0,1.181268489058515e-13,2.372247580664788e-12,2.426227101171019e-11,2.2592857286071223e-14,2.7397415933161362e-12,4.66356077019614e-12,1.0752834386784649e-11,1.512526134070727e-13,1.1247234393829686e-10,1.6210774042568765e-12,2.5642444764772954e-11,8.415265554707896e-14,7.717146691642307e-13,1.4911216358881596e-11,3.6671794073628305e-12,4.4464350821074583e-13,3.587908236572096e-14,8.144874531768043e-12,5.479870029967415e-13,9.885076698162854e-13,1.1598937955936695e-12
window-4e9c5fc4de8fd160408f,457_64633_127319,book,book,1.0,True,3.95042748513319e-10,2.1828860941042194e-10,3.6694940419579325e-09,4.800154163042691e-10,1.0,1.236896141065813e-10,5.103428346586725e-09,1.5664138874882383e-09,2.9267838153046455e-11,2.6193496260873417e-09,8.059040657037997e-10,2.0332742156625727e-09,1.4095108760714403e-11,3.3510556551874515e-09,1.97191263318075e-09,7.541500757213271e-09,6.315399592171644e-11,1.4023123773299062e-09,4.092968630686755e-09,7.0781553951349e-09,7.250051947682579e-11,1.932774773560908e-11,1.3561612943746582e-09,5.5683004873685604e-09,5.887849097163667e-10,2.4778026852523283e-10
window-8f9dcbd84a05b8ca8a58,457_64633_127319,book,book,0.9999840259552002,True,1.1986971415467451e-08,2.431666645819064e-09,2.767961682081932e-08,3.551529070833226e-09,0.9999840259552002,9.426716296445647e-09,2.0390322674757044e-07,4.61279455521435e-07,1.4890055410887726e-08,1.796936643927438e-08,1.5058786440036442e-09,5.9782278185593896e-06,9.609434137303197e-09,2.0074096482858295e-06,2.3716953023722454e-07,1.5704573286257073e-07,5.405830094673547e-08,5.016552222514292e-07,7.085924949024047e-07,5.332613909558859e-06,8.58851123552995e-09,6.628261939312097e-09,1.0096839986317718e-07,3.458490738239561e-08,3.07256833309566e-08,2.2702100199722963e-09
window-8634b50a2f76eb766b8e,463_65654_128621,book,book,1.0,True,1.1739327771594782e-13,8.686067070142779e-15,5.212398438217414e-13,4.3084738793157384e-13,1.0,8.157630658218312e-14,1.9052103644723317e-11,4.3088540548075205e-12,1.0828723307583152e-14,2.783723772326052e-13,2.426266110765185e-13,1.8991530353548725e-13,5.0422949778201887e-14,4.799123771992431e-12,2.361106752821196e-12,1.59029229672078e-13,1.8834888889426166e-14,1.4049579642044785e-12,2.183336654916837e-13,1.2831680162861403e-12,1.7783365248045732e-14,5.081965596498254e-15,1.0048401997628242e-13,3.4232531631421537e-14,2.748701060598796e-13,4.75248312925558e-13
window-942bdc80416b9c1851ad,463_65654_128621,book,book,1.0,True,1.1191350580627701e-12,1.644646197658181e-13,1.0336950479611362e-12,6.401938441175092e-13,1.0,5.63478571528192e-13,5.678466030722973e-11,9.670345774148714e-11,3.26215915174774e-13,1.8753176095342994e-12,4.7074406005209735e-12,1.479830147310679e-12,9.794111051689147e-13,1.299498980644742e-10,1.0118805099379458e-11,2.593836170156072e-12,4.856886919556158e-13,1.8945529173253206e-11,4.099642500476897e-12,6.622266537220645e-12,1.6560505137347414e-13,1.428054180983851e-13,1.2409381248273954e-12,1.6831317155990844e-12,2.9430329701041202e-12,9.12751319838423e-13
window-dbfdf4087cd4ff38683a,463_65654_128621,book,book,1.0,True,1.264881889550054e-13,8.309074728176519e-14,1.0441941582228775e-11,8.138406398447429e-14,1.0,2.3629617143181014e-13,1.1635998414805115e-10,2.2539605598614898e-11,1.8984504723471018e-13,1.1804711938859236e-13,1.074012081526965e-12,9.674418384453265e-12,2.164092039250165e-12,1.1590037263253805e-10,4.99497491979195e-12,1.0898901572908848e-11,7.028994899148377e-13,4.881873117562607e-12,1.846539414429582e-12,2.6051010307281963e-12,7.602384975886889e-14,1.5308633809392458e-13,6.849742995029828e-12,2.0274958740986587e-13,7.415267401847392e-13,5.705188383352267e-13
window-bab7381039de346c6909,463_65654_128621,book,book,1.0,True,1.772965997105802e-13,4.0253851684227127e-14,2.5192645278920844e-12,2.902769712966047e-13,1.0,6.953122973218928e-13,5.992669555032748e-11,1.5513050913296134e-11,2.8112654213005225e-14,2.580079812991576e-12,7.366941800514282e-13,1.3896468611246382e-12,1.7730775344042965e-13,3.3635070423310154e-11,1.2615485045497365e-11,4.5152160547783093e-13,6.016057606510888e-14,1.1589588663762918e-11,6.711298183859071e-13,3.858374557352828e-12,3.1347340901429627e-14,2.8408143350720783e-14,2.728184702888853e-13,3.878523478946516e-13,1.993807029199157e-12,1.4158421613938432e-12
window-55815bacd36203a91743,517_74144_144536,book,book,1.0,True,1.0390360447032343e-12,1.0378516622500111e-12,1.919270645189819e-11,3.6618624799089616e-11,1.0,1.5452858177084083e-12,2.0431543609755742e-11,1.3169278167968201e-10,6.6943750889891795e-12,1.527871253993729e-12,1.171395272447917e-11,5.1215243157543e-10,1.806051141972631e-11,8.787501282192522e-11,1.142866773440332e-10,8.150235694670549e-12,1.619675053798897e-11,4.995854077649575e-11,1.2709774205310609e-11,2.794976250442005e-09,1.4902841330780014e-13,1.6158850516326262e-12,3.836881506957823e-11,7.663085443976314e-12,1.1736703275921911e-10,3.857999423401148e-12
window-dd4285067a521ebf7a92,517_74144_144536,book,book,1.0,True,1.7835738094773568e-11,4.08996534556616e-12,6.55969983193172e-12,2.3837704032914075e-10,1.0,4.926610877066528e-13,1.9376598307634108e-13,7.327001227963592e-10,3.640728940112331e-13,4.6044772161746295e-11,2.3274437932485625e-11,2.854884773029198e-09,5.5094925149878904e-11,1.1900452845381437e-09,3.3745550798158774e-10,2.6486968868200123e-11,1.146877081151243e-12,6.835872840005308e-11,8.177770960404729e-11,1.5433609945603166e-10,1.3331007304995257e-12,5.088003586159462e-13,4.525420316259243e-11,3.107740800811776e-11,1.6519511453205737e-11,1.760286252698584e-13
window-365e2730151e40c0c72b,517_74144_144536,book,book,1.0,True,1.0696769126928088e-14,1.2478674032132854e-14,3.697608828823716e-14,8.472895779085277e-13,1.0,6.586192772802327e-15,8.862251617237568e-15,5.336047901281782e-13,5.870679647707738e-14,6.26671240941401e-13,1.9730747526265635e-13,3.6309943766965613e-12,6.730536673783469e-14,2.13553285298429e-12,2.8015636685529977e-12,1.6818922014653903e-13,6.8701177932054946e-15,1.2214095837168037e-13,2.677092488662103e-12,3.87641004365169e-12,1.3303961102532295e-15,9.590753314951943e-15,3.9680243682851946e-13,1.2431903922104082e-13,1.4655349145614033e-13,1.829791912877788e-15
window-34dc1f36211d5765c8e2,517_74144_144536,book,book,1.0,True,8.825318947858207e-13,2.0821558453093525e-12,7.032126964068297e-11,8.771040838073674e-11,1.0,4.49222256615478e-12,7.586564015893416e-11,1.0617576956528652e-10,2.2342202740666117e-11,1.7881782209475117e-12,1.905148608316587e-11,3.968151363054062e-10,2.8789581829613553e-11,1.291549783788426e-10,2.379668406771174e-10,1.8178222815912193e-11,1.4527814715115106e-11,1.0545162659747476e-10,1.7146475211893275e-11,4.435821931991768e-09,2.324961241324114e-13,4.412356764682546e-12,6.16978551581937e-11,1.1084458004240183e-11,2.657478126444346e-10,9.572419246151043e-12
window-cba9165fe77381a82fc4,569_82799_163723,book,book,0.9938645958900452,True,1.8346880096942186e-05,1.3286717148730531e-05,0.0002922389830928296,1.6244564903900027e-05,0.9938645958900452,2.0958902950951597e-06,0.0004408604872878641,2.0779216356459074e-05,1.440431901755801e-06,3.469823059276678e-05,3.8161462725838646e-05,0.00025018988526426256,0.0007448597461916506,5.332949513103813e-05,4.288183117751032e-05,7.550733425887302e-05,0.00012604981020558625,0.0034153165761381388,6.881714398332406e-06,0.00019373319810256362,2.419704742351314e-06,6.742209279764211e-06,1.6710793715901673e-05,0.0002509349724277854,1.2711852832580917e-06,7.03530604369007e-05
window-ec49b07becf3ac407ebf,569_82799_163723,book,book,0.9998254179954529,True,1.5515878715177678e-07,1.0325064891958391e-07,7.4059362304979e-06,1.3200965653936692e-08,0.9998254179954529,6.108945171945379e-08,6.718461918353569e-06,3.5410864711593604e-06,7.230045895312287e-08,1.754610707394022e-06,1.7350397740756307e-07,8.487956802127883e-05,5.10859024416277e-07,1.3981461052026134e-05,1.5935322153382003e-05,7.840928617497411e-08,7.34000948909852e-08,3.4223739930894226e-05,4.802727460173628e-08,1.5419634564750595e-06,1.1376921804640006e-07,1.1828061730057016e-07,1.5002170812294935e-06,1.3743743920713314e-06,4.6054893232394534e-08,1.4169708606459608e-07
window-40130d43d49bd8b47ea7,569_82799_163723,book,book,0.9934426546096802,True,6.724506533828389e-07,1.0537478374317288e-06,0.00026145507581532,1.867037866531973e-07,0.9934426546096802,5.7305951486341655e-06,4.606324728229083e-05,5.692222202924313e-06,3.180592500484636e-08,0.00025371034280397,2.419818520138506e-05,0.002251109341159463,1.0900019731252542e-07,0.003205631859600544,2.981257057399489e-05,4.509106929617701e-06,6.450193978935204e-08,0.0003663943207357079,2.8448005195969017e-07,6.171999302750919e-06,7.170218623286928e-07,5.858259441993141e-07,2.98849590762984e-05,5.50407130504027e-05,6.716361440339824e-07,7.669055776204914e-06
window-5282039d4c5ed4ebb3fd,569_82799_163723,book,book,0.9999970197677612,True,8.067325474314657e-09,4.789351137901576e-09,1.7117426409640757e-07,4.5544714666334585e-09,0.9999970197677612,2.8797269013836058e-09,2.0254185528756352e-07,8.978929031400185e-07,3.2634364655059755e-10,5.438760126708075e-07,4.167692413403756e-09,6.501176841311462e-08,3.194172037979115e-08,9.97954714421212e-08,2.3890470401966013e-07,2.578078639459136e-09,5.7162168332069996e-09,6.479441481133108e-07,1.8018121439311585e-09,9.779621024108565e-08,1.3686120015066194e-09,3.423251682121986e-09,2.1696944685345443e-08,3.561329897650012e-09,1.0576544973162072e-08,3.6136423631205616e-08
window-6eae3d21bfcb3d23f4bf,575_84776_167754,book,book,0.9999961853027344,True,4.859859736860983e-10,2.1444055420261066e-09,9.286454272228184e-09,6.345043934707917e-10,0.9999961853027344,1.627234319512283e-10,3.300961225249921e-06,7.619247099910353e-08,1.494433743420842e-10,9.52086676164754e-09,1.8556947978254357e-08,1.7317212552825367e-08,7.069880791910066e-10,6.445917222208664e-08,6.70938291591483e-08,2.9540675683392692e-08,1.9083654656526505e-09,1.2199203425211635e-08,1.7496020188190187e-09,1.7608002833569003e-09,1.6533940438989703e-08,2.2961343937311085e-10,5.114732637423458e-09,3.53623015314497e-08,3.73150371713038e-10,8.738226142668282e-08
window-0f6270d82190b6bc546b,575_84776_167754,book,book,1.0,True,8.615456438543223e-13,4.3056194026780403e-11,4.682327303662248e-10,1.1100679837144911e-12,1.0,7.984881744520222e-13,2.02808392302245e-09,8.18248691025758e-10,8.941863742506495e-12,8.373138293826798e-11,1.7984826128358833e-10,3.501066658806451e-10,5.49593218157618e-11,3.702245732206677e-10,3.643768620165133e-11,5.333695152209827e-10,5.940083147581987e-11,3.8181871553355506e-10,3.7006835096331514e-11,2.6531477015367955e-10,9.57662421585681e-11,2.5068990286425397e-11,3.4896878720047653e-09,1.9483879787340896e-10,5.4796219645103506e-12,3.069250409382107e-11
window-a15bf11a9416293d0098,575_84776_167754,book,book,0.9999996423721313,True,1.2098250179448655e-10,9.817707757875382e-10,2.0587680449324353e-09,1.4690677493933713e-11,0.9999996423721313,9.852932358889177e-11,1.6913563172238355e-07,1.1420830503539037e-08,2.332683768369037e-10,9.876178985734896e-09,1.848546649085847e-09,6.397933294266522e-09,5.489353416265885e-10,2.4174473534088747e-09,1.0987531995354516e-09,9.533001943395902e-09,5.857569984613065e-10,1.3675385268641094e-08,5.5289817169068556e-09,3.692739669602929e-09,8.381820570946275e-09,3.8690334269730897e-10,1.0327044774882665e-10,2.438513613256532e-09,2.395460496629198e-10,9.242217546834297e-10
window-17eacce66909a15b8acb,575_84776_167754,book,book,0.9999998807907104,True,6.213323258674741e-12,2.7469387875456164e-10,1.1391962928541943e-08,7.0429278728467715e-12,0.9999998807907104,9.502672954075919e-12,1.2029855334105832e-08,3.133995818416224e-08,4.153075452983934e-11,1.2811156580028182e-09,2.0451758064865544e-09,3.822985661372513e-08,3.3142308342171134e-10,2.0362595165579478e-08,1.484275924390488e-09,1.6302825756042694e-09,1.4239145418315502e-09,3.225201083978391e-08,4.923395580114232e-10,4.6054540736584215e-10,8.32703406228319e-10,2.4793389563626533e-10,1.1213828088330047e-08,4.560499977657173e-09,5.2264300526294605e-11,6.698915311353915e-10
window-d2a12a5cd988ce0636b6,589_88155_174470,book,book,0.9999934434890747,True,1.1311712455608358e-08,3.320014485552747e-08,1.6126872992572316e-07,1.435606356015029e-10,0.9999934434890747,6.72531230705431e-09,4.754658220917918e-06,3.620673538762276e-08,7.024151926771083e-09,9.685521717983647e-07,7.989294559251903e-09,1.8756454167601078e-08,1.1543659361734626e-09,2.9338785623167496e-08,1.8960978565019104e-08,7.203711405168178e-09,2.711209479144827e-09,2.41970894876431e-07,5.0797694939319626e-08,7.467080287426597e-09,1.6607911845767376e-07,7.63154162086721e-09,3.1475486661491914e-09,7.009727909235153e-08,9.808255541088329e-09,7.673621738035763e-09
window-1fecb0cf5dd4290524f0,589_88155_174470,book,book,0.9999911785125732,True,1.5468028635723385e-08,6.033432242702474e-08,1.2786621539362386e-07,6.610639119442041e-11,0.9999911785125732,3.8388132672650954e-09,7.484577963623451e-06,5.3434796143392305e-08,1.1162126778430093e-09,2.3361272383226606e-07,2.3334139953590238e-08,2.834800660878045e-08,1.4045913321325543e-09,1.258972872619779e-07,1.191618537177419e-08,5.871250507993864e-08,2.0980708281825855e-09,1.9157319286478014e-07,1.6146756820489827e-08,1.4131023462482517e-08,3.497339946534339e-07,9.326221572791837e-09,1.0138120343228252e-09,5.782163192691314e-09,3.813824367426832e-09,7.420211556308232e-09
window-85f102b506fbae45bd89,589_88155_174470,book,book,0.9999079704284668,True,1.3796982045732875e-07,2.6910535666502255e-07,2.178085878767888e-06,5.094419996964916e-09,0.9999079704284668,2.892447525937314e-07,4.17595510953106e-05,9.77380409494799e-07,2.4442479684694263e-07,1.2740541706079966e-06,1.200577230520139e-06,8.429227023043495e-07,1.0545958417651491e-07,1.1544435437826905e-05,2.4366945581277832e-06,4.128073214815231e-06,1.745336817293719e-07,2.261731879116269e-06,1.5495577372348635e-06,1.439847892470425e-06,1.4407305570784956e-05,3.346216033150995e-07,9.684993784730977e-08,1.679805450294225e-06,9.786026566871442e-08,2.5945159904949833e-06
window-5dd3e0230ed08e32e7a2,589_88155_174470,book,book,0.9999961853027344,True,2.6196544933299037e-09,8.114278138293685e-09,1.213382603282298e-07,6.26612428611395e-10,0.9999961853027344,4.478729387358271e-09,1.80125846327428e-06,3.866050946044197e-08,2.302059876058138e-09,2.928110518496396e-07,3.5575522527864223e-09,3.494678679771823e-08,3.2874880595556988e-09,3.411042825973709e-08,6.779633565656695e-08,4.0160642811315483e-08,3.795715741716776e-09,6.629202857766359e-07,3.63931498270631e-08,1.4341812004659005e-07,4.6013875021344575e-07,1.101469404574118e-08,4.422878951970688e-09,2.4566841894113622e-09,3.9637284565685604e-09,8.76882477740537e-09
window-b67f84b54be24984a63e,69_5418_12829,bowl,bowl,0.9999344348907471,True,1.3434827224045875e-06,2.453523961776227e-07,1.8122354106253624e-07,1.2941061413584976e-06,2.246110000214685e-07,0.9999344348907471,1.2199112688904279e-06,9.805717837707562e-08,1.1259091792226172e-07,6.68114012114529e-07,4.97291111969389e-05,6.422714591280965e-07,1.6971092975381907e-07,7.883564734356696e-08,6.943928383407183e-07,1.2549893426694325e-06,7.464582836291811e-07,3.065204737140448e-06,1.4346501302497927e-06,1.7611702674003027e-07,1.5099153927167208e-07,1.0150060916203074e-06,8.51165680160193e-08,2.738162230286889e-08,4.945414389112557e-07,3.0904342906978854e-07
window-7a95dcb5d475abbbd60c,69_5418_12829,bowl,bowl,0.9999747276306152,True,3.4421037753418204e-07,1.3238549456673354e-07,6.947742292595649e-08,5.626638426292629e-07,4.699176869848998e-08,0.9999747276306152,8.899684758034709e-07,4.788588725546106e-08,1.2668481019773026e-07,2.3941893800838443e-07,1.7982290955842473e-05,2.0787256005405652e-07,9.450072724348502e-08,1.5878979908734436e-08,7.332531595238834e-07,2.8809705554522225e-07,2.938627687854023e-07,9.958708915291936e-07,1.0231700571239344e-06,7.036508264945951e-08,7.442260852030813e-08,4.640779422970809e-07,4.697796640584784e-08,1.4908218659570593e-08,1.878760258477996e-07,3.454023840276932e-07
window-37d37fc5ba0e28c3d6fe,69_5418_12829,bowl,bowl,0.9998319149017334,True,5.432562829810195e-06,2.1660123366018524e-06,1.3049718745605787e-06,3.90920031350106e-05,5.214362204242207e-07,0.9998319149017334,1.327677455265075e-05,6.254913387238048e-07,9.408444725522713e-07,2.2703832200932084e-06,4.076657205587253e-05,4.026602255180478e-06,1.369253482152999e-06,1.5271550068973738e-07,5.610192602034658e-06,4.356536010163836e-06,3.330065737827681e-06,1.210710070154164e-05,1.1075538168370258e-05,8.891330480764736e-07,1.8944344901683507e-06,9.424165000382345e-06,1.460493194826995e-06,1.702115355328715e-07,4.543896466202568e-06,1.393673414895602e-06
window-4e6a4888947cd79fca01,69_5418_12829,bowl,bowl,0.9996668100357056,True,1.6415369827882387e-05,3.846052095468622e-06,1.5499700793952798e-06,1.0308011042070575e-05,2.0050988496223e-06,0.9996668100357056,2.618292455736082e-05,1.2142463674535975e-06,2.492484100002912e-06,8.415801858063787e-06,0.00013913387374486774,8.239521775976755e-06,4.24257223130553e-06,3.5382211649448436e-07,9.19228023121832e-06,1.0121939340024255e-05,6.402300641639158e-06,1.5340270692831837e-05,2.7083993700216524e-05,2.0127279185544467e-06,2.5114102299994556e-06,1.65094588737702e-05,1.5736191016912926e-06,3.65760683962435e-07,9.563957974023651e-06,8.005004929145798e-06
window-0fc4ad383dc42fc31036,70_5861_13666,bowl,bowl,0.9996823072433472,True,1.326339088336681e-06,8.4013487366974e-07,5.2190710420063624e-08,7.037751714733531e-08,3.268490047503292e-07,0.9996823072433472,1.6744359527365305e-05,1.4780149548698773e-08,4.506469863940765e-09,0.000137974027893506,9.950272215064615e-05,1.5158727606490174e-08,4.649470142226164e-08,7.487433606456761e-08,3.5925322094954026e-07,5.52098981643212e-07,2.2679889077892312e-09,2.3856296138546895e-07,3.1723070037514844e-07,3.1751883344810494e-09,7.98276232671924e-06,4.382127656299417e-07,2.5127894787146943e-07,4.630577166153671e-07,8.658085448587372e-08,4.991506284568459e-05
window-2ba6981884f2e6229e3b,70_5861_13666,bowl,bowl,0.9999997615814209,True,1.911865249448752e-10,2.2596001458818904e-10,8.282565605588488e-11,1.5972334566072277e-11,5.86439785621451e-11,0.9999997615814209,1.8639410015452995e-09,7.882620771393345e-12,4.568432004220524e-12,2.4653346031300316e-07,1.8596203688048263e-08,6.787885791642578e-12,1.6938502683805368e-11,3.6804451847283204e-11,3.7161254629047846e-10,3.547059521102902e-11,3.534118527340202e-12,1.2758159806391944e-10,2.263888104758749e-10,8.73415749447215e-12,6.069234559369363e-10,8.797012562844486e-10,1.517026643194086e-10,1.2961123840860012e-10,1.188733139700915e-10,2.0385741983375283e-09
window-4dbf86b8af0c3e52a239,70_5861_13666,bowl,bowl,0.9999977350234985,True,2.6546262965609912e-09,6.9789374279594085e-09,4.589408408861573e-09,4.694140187666562e-09,9.77808833901861e-10,0.9999977350234985,3.4022569650460355e-08,3.0481553392469607e-10,5.302246489091722e-11,1.9002742135398876e-07,1.5717504311396624e-06,1.5085950544335702e-10,9.639041786968505e-10,2.8658988515672945e-09,3.01961700088782e-09,9.01494101590572e-10,3.217030461466486e-11,2.773441476477956e-09,3.764626654856329e-08,3.065629416987292e-10,4.948165877038946e-09,5.531228808308697e-09,3.4543436999712185e-09,4.394151709163907e-10,2.515968322569506e-09,3.6787889712286415e-07
window-ea14e4c2cab2a286bbb5,70_5861_13666,bowl,bowl,0.99998939037323,True,6.313764799870114e-08,2.3332408005671823e-08,3.488732414069773e-09,1.6369708921715187e-09,1.4690234584335826e-09,0.99998939037323,1.9199242728973331e-07,8.037923659998114e-10,1.2928773607256971e-09,1.8202447549242606e-08,1.0172349902859423e-05,8.365227260886954e-11,2.342268823340987e-09,3.2597426979918964e-09,4.725704716435075e-09,9.255410660102825e-09,1.301452279278692e-10,1.6889122989027783e-08,3.950884952530487e-09,2.3132933069103245e-10,1.6502511357430194e-08,2.416428124263348e-08,6.958635889731113e-09,9.954822521862638e-10,5.141732817293132e-09,1.190651417459776e-07
window-af56b19241c441441cf5,70_5950_13767,bowl,bowl,0.9999998807907104,True,1.2911800795212258e-10,7.439332483372141e-10,6.41734790307602e-11,1.327601982341331e-12,8.91582294104687e-12,0.9999998807907104,1.658835735440789e-09,1.3896368430965644e-11,1.0013837849209839e-11,4.164634748171636e-10,1.2512751368376485e-07,9.629327500301765e-13,1.7906568589021177e-11,2.4533999831710673e-10,3.654340371972431e-11,6.122880674697129e-11,2.421958033432814e-12,8.950569452270685e-11,5.931195118380472e-11,5.189832071039735e-12,5.516410939154781e-11,1.2223161371949232e-09,2.7070026775710687e-11,1.1529857797676346e-11,5.47795177274768e-11,4.1588085752941595e-10
window-4f69edfaf8a2d0cba6a1,70_5950_13767,bowl,bowl,0.9999998807907104,True,1.030637131194112e-09,5.664891888912393e-10,9.32520866081532e-11,4.068995140826814e-12,1.4338935420965537e-11,0.9999998807907104,3.860816999434746e-09,1.995139470301055e-11,2.1863514471087697e-11,2.0485333429576258e-09,8.599405276754624e-08,1.9398718742458243e-12,5.0737813256374054e-11,8.346381918933332e-11,1.4627750399842654e-10,1.684173772664721e-10,5.404390043123319e-12,1.3940869292294877e-10,5.630450619631411e-11,6.8272943722080814e-12,1.7959866926986479e-10,3.968266604204018e-09,2.655986541810762e-11,1.1458891127635873e-11,7.688050196463792e-11,3.5552027988217105e-10
window-01ad874ab84eead3688b,70_5950_13767,bowl,bowl,0.9999996423721313,True,1.970170276921479e-10,1.4320442609516704e-09,1.0885190665499422e-10,4.844138978832291e-12,1.694370165006287e-11,0.9999996423721313,4.303537082250841e-09,1.9384927690824227e-11,3.694469036252812e-11,1.0945092610015195e-09,3.4895441558546736e-07,1.6517669393714685e-12,6.268462138248054e-11,3.1115074405896337e-10,1.2926114345557238e-10,1.7021385689819368e-10,1.0796769728260713e-11,3.1978836245727393e-10,1.3349769900639075e-10,9.214854573835751e-12,1.1226804902397802e-10,2.34283792366341e-09,3.419028601903129e-11,3.0140841211778735e-11,1.3080579674973336e-10,1.9848283017154245e-09
window-009473dd0d990d595515,70_5950_13767,bowl,bowl,0.9999998807907104,True,1.4846121554334957e-10,7.377132238417516e-10,7.071387225776604e-11,2.485420506556646e-12,1.1732040686163181e-11,0.9999998807907104,3.026259909333362e-09,1.276733233024352e-11,2.2198964888531236e-11,1.0295585495256887e-09,6.76352627237975e-08,1.510658460303349e-12,3.824314476208457e-11,1.8420164699106678e-11,6.649088224452981e-11,1.8054147066237647e-10,1.4064270581481964e-12,1.6515516731985258e-10,3.211917884438087e-11,2.7216785682820932e-12,5.169571715146759e-11,6.688079423611271e-09,1.2468699683854112e-11,6.990025312042514e-12,4.36661262703808e-11,1.0097355174210065e-09
window-0429cb8ef1b756078c43,70_5965_13782,bowl,bowl,1.0,True,2.6175891315594058e-11,1.8956735486908016e-11,3.408363001555781e-12,7.561044889151103e-13,6.174712434067753e-13,1.0,5.0083071023721e-10,2.0086170140348747e-12,6.789709853377568e-13,5.5465541881627445e-11,3.481298138652278e-09,4.704700713210885e-13,1.3571580925048066e-12,2.0872982162134512e-11,6.8617733023357275e-12,2.4111359610279326e-12,4.697455532193251e-13,4.586033809650392e-12,1.8102309581879972e-11,4.1467076625743837e-13,1.1050428801173684e-11,6.504485144942507e-11,3.423321955769998e-12,1.7569965664668286e-12,3.4529891966561532e-12,1.275993286725674e-11
window-f335a4ed2d8472254c71,70_5965_13782,bowl,bowl,1.0,True,6.789228068626585e-10,4.936238223729461e-11,2.9714002092173786e-11,3.450730803530866e-12,5.133499528242602e-12,1.0,2.704172441525543e-09,1.1278743564102633e-11,4.74605424405361e-12,6.605407332216373e-10,2.4520600661048775e-08,1.3073262090934623e-12,1.4344216786588149e-11,7.261802270619455e-11,3.340509813209991e-11,3.6983340001572884e-11,2.3714285743436925e-12,3.1600659589070546e-11,4.411828888328806e-11,2.4962479999723897e-12,6.759648396581497e-11,3.459255104587555e-10,1.5344342116363485e-11,4.647656825368385e-12,1.3868091570945484e-11,1.0625011981346688e-10
window-7a4854f3d030f708658c,70_5965_13782,bowl,bowl,1.0,True,1.8833408790830397e-11,1.1463658147747857e-11,9.91690687901503e-11,2.00916887294067e-12,4.254043298179688e-12,1.0,5.626106247547114e-10,8.079718318010354e-12,2.6890675016572052e-12,2.1937727190390888e-09,3.027130490718122e-10,2.7636322050272888e-12,7.1085992994768255e-12,2.86259713849768e-11,2.8838055207702773e-11,1.9487762098480133e-12,2.965985313255204e-12,2.8745795674356422e-11,2.3300644400037207e-11,4.148149705673898e-12,9.865963081223672e-12,1.9071527690428525e-10,1.7809257540912782e-11,5.041232622321479e-12,1.3115552914555462e-11,4.656638963318471e-11
window-176255c3454f100e5e4a,70_5965_13782,bowl,bowl,1.0,True,2.351989436544244e-10,2.210926997037177e-10,5.24995984185761e-11,5.625768080552707e-12,5.835697810402385e-12,1.0,1.775819269411727e-09,2.7325306947711958e-11,2.2127442239616713e-11,1.1615802764097793e-09,1.4671020842627058e-08,2.662934976693787e-12,1.722974714291059e-11,8.629279235616849e-11,4.501951589297448e-11,3.97468655211064e-11,1.809239498669346e-12,1.0803390820823822e-10,5.654019266665422e-11,4.5036153625832576e-12,5.5862512532423025e-11,1.7783139405480597e-09,3.335219600497652e-11,6.126359402419679e-12,3.433014289511149e-11,7.9627349158784e-10
window-f7d8b654ba216a097450,70_6096_13923,bowl,bowl,1.0,True,2.1674557981743447e-11,1.9284148930487355e-11,6.153176926315673e-12,7.032575476823011e-13,9.036863054742716e-13,1.0,2.211791721995482e-10,1.9585728438381578e-12,1.5517008251225706e-12,2.737303786415346e-11,3.246641400167505e-09,9.128835925034662e-13,2.3768445978761266e-12,3.8979874883438015e-11,1.0676015627097968e-11,8.216916730363621e-12,4.50728267643169e-13,1.4462511917223697e-11,1.3337830839788012e-11,5.950929853060227e-13,1.2396683506110673e-11,1.706765284659184e-10,7.207485476501407e-12,2.2044063623105625e-12,8.581643208549483e-12,2.6566202362965363e-11
window-7986141cbec85046083a,70_6096_13923,bowl,bowl,1.0,True,7.510959909584614e-11,1.909852831438741e-11,1.0419758805779722e-11,4.144398854048076e-13,1.3533659869863213e-12,1.0,5.971222405420917e-10,1.781380056485593e-12,2.9061226081844582e-12,1.4942000414741585e-10,4.981006718196568e-09,5.639494947418111e-13,3.990796408614994e-12,1.444506059905537e-11,1.2552719280689573e-11,1.298960591866738e-11,4.80011917800699e-13,1.2139068396310737e-11,8.239673700283223e-12,6.08608215907358e-13,2.1730190563618024e-11,3.927647651558175e-10,3.0765108342822867e-12,1.9961016346770055e-12,7.263668399398737e-12,3.503556472717051e-11
window-558ce3190703a0f30738,70_6096_13923,bowl,bowl,1.0,True,7.993221536051198e-12,8.057910241832111e-12,9.703968531504792e-12,5.39003683266287e-13,1.6183001119718377e-12,1.0,1.6061368901532092e-10,1.6429163801970348e-12,5.042470347521588e-13,1.1785898645921833e-10,1.7615158220962712e-09,5.30619927337217e-13,1.0520702148006378e-12,1.8705960391773857e-11,9.639697894081589e-12,2.4011769135523497e-12,3.4265082091144983e-13,5.830056923339377e-12,1.4314808019499914e-11,5.198855668880897e-13,3.634237008554031e-12,4.871337014322741e-11,3.4826742184579373e-12,1.4378203488929486e-12,5.823033461666016e-12,3.108149848607411e-11
window-3f5f1bab6aa0c60e54de,70_6096_13923,bowl,bowl,0.9999998807907104,True,4.2655601273366983e-10,3.4456040798325205e-10,4.7642133294001354e-11,1.6986159007137402e-11,1.0197290928326552e-11,0.9999998807907104,1.8997798889586193e-09,1.8901746487443027e-11,3.508371024252277e-11,8.011223351367391e-10,1.5803955477622367e-07,6.907271629663647e-12,2.3837098961365655e-11,3.0801815958936274e-11,6.179831646413447e-11,4.461041605563487e-11,1.4083141120294074e-12,1.0038780223764476e-10,1.6468522379131656e-10,3.3533711831651436e-12,1.694607371094392e-10,2.6457407376057063e-09,2.2226375254175146e-11,1.1571320290837406e-11,5.440767281150727e-11,5.173352302101364e-10
window-33da32b4ea5e6a0eb6f2,70_6255_14132,bowl,bowl,1.0,True,8.670206913530265e-12,1.0157013251299585e-11,2.7502863268052957e-12,4.3728264282130724e-13,4.094552930218598e-13,1.0,3.9637337856390786e-10,9.331569805065554e-13,7.971718988045162e-13,1.5429783839504552e-10,7.252974332239148e-10,2.853556150053671e-13,1.5050734096522245e-12,1.3036963869561546e-11,1.0007213807616822e-11,1.8632595466527846e-12,4.808705517111989e-13,3.4480135760461827e-12,3.3823568945656746e-11,4.2741949302788074e-13,6.664652336951793e-12,6.482019088149826e-11,3.7881230270653266e-12,3.0723589904829707e-12,3.0566998585057625e-12,9.648011556340208e-12
window-0394344a3626ff7c9e0b,70_6255_14132,bowl,bowl,1.0,True,2.0674000705822593e-11,1.815130164228851e-11,6.883336348822988e-12,1.145864653162576e-12,1.729255519160311e-12,1.0,4.900760908199686e-10,1.6504857376642423e-12,1.948423193620652e-12,8.362113779192271e-10,1.7604645519142537e-09,1.022896177482746e-12,4.831259524384901e-12,1.2612983574245007e-11,1.821734083029547e-11,4.243119744451462e-12,6.53596751373775e-13,1.493298887322858e-11,5.7534730452113436e-11,6.944494892330288e-13,1.7510291827615987e-11,1.816519989983334e-10,7.54754765630583e-12,3.730887560698948e-12,5.864653380982521e-12,4.195448155552839e-11
window-6ba8da912999e9cbc94d,70_6255_14132,bowl,bowl,1.0,True,2.075368869813854e-11,3.641323007008701e-11,7.64321852336769e-12,9.632120405098088e-13,2.2834227998008716e-12,1.0,1.0963775443073587e-09,2.816447379136444e-12,1.6934781485108963e-12,1.8733747886301444e-10,8.965952980055647e-10,7.931694038544601e-13,5.20918117669078e-12,2.4724809005727266e-11,1.628245628604308e-11,3.3536019013874485e-12,9.132911441001035e-13,1.423685214857473e-11,2.334388238267593e-11,6.021019728803811e-13,1.2719620495760253e-11,1.529479320971916e-10,1.1504465782796736e-11,4.826046680339591e-12,8.170142513919121e-12,2.2297247381786178e-11
window-50e2806236ac0bf32868,70_6255_14132,bowl,bowl,1.0,True,1.2778126647072785e-11,2.5938919415158246e-11,3.972713651101412e-12,7.127983641698477e-13,2.2274280944006852e-12,1.0,4.1179143428493603e-10,4.880225130260429e-12,1.4393156805292406e-12,1.3398292197930317e-10,3.3684026679026147e-09,2.8073604638884087e-13,2.9452961337189665e-12,5.774159796134715e-12,1.1951850099889416e-11,5.378712232551042e-12,5.462067430295203e-13,8.070831329642925e-12,8.121826128304477e-11,3.535964923639945e-13,1.547669978285704e-11,2.4743315729658377e-10,6.494886226060537e-12,2.122951337293899e-12,3.5050317682971954e-12,5.258708746236351e-11
window-216e8463cddeda710e6b,387_46579_92829,cake,cake,0.9999998807907104,True,9.371103198985153e-11,1.3112038121931846e-09,1.7248800165958755e-09,3.856268637747462e-09,3.906349466120673e-09,1.3652401875674514e-08,0.9999998807907104,3.391654457285398e-10,2.7865522389536324e-11,1.90651605613823e-10,2.0494848873564564e-11,3.5651868124375596e-09,5.2428923424940876e-08,1.22334302687932e-08,2.5503829603756856e-10,1.133676486020363e-10,7.945276436771564e-09,3.3217697481546793e-09,4.136736231341587e-10,1.484184719569015e-10,3.639463452831393e-10,6.886376469061872e-10,1.9920147475982475e-10,6.383304440582549e-10,1.5853882096017458e-10,8.699937659173429e-09
window-14fa9280b60c7b944fa3,387_46579_92829,cake,cake,0.9999933242797852,True,1.2064353427376773e-07,9.779957821365315e-08,1.961487150481389e-08,3.6029391026204394e-07,1.705366159399091e-08,3.420904477025033e-06,0.9999933242797852,2.093647033518664e-08,1.7373173122336993e-08,8.559437247868118e-08,2.3814790139908837e-09,2.0547751944377524e-07,1.249239517164824e-06,1.894236056898535e-08,3.079455268562015e-08,2.8384372185996654e-08,1.3106313190291985e-07,5.437552772491472e-07,2.4974983858783162e-08,5.6280464733049484e-09,1.1049718473543635e-08,1.2318503195274388e-07,5.1594164496293615e-09,2.0688439406058023e-07,4.852487123230276e-08,4.544391529748282e-08
window-8163df5ea9a72c453ad4,387_46579_92829,cake,cake,0.9999958276748657,True,3.1218601037608096e-08,4.1880596768351097e-07,9.803341249892128e-09,6.428822985071747e-08,7.341687258133334e-10,2.6776485029245123e-08,0.9999958276748657,1.5867930969193367e-08,4.665171721152106e-11,5.62519808511297e-08,7.039306915146426e-10,3.0706477360809004e-08,6.032171739889236e-08,3.146729454783781e-08,1.084979328602742e-09,3.4899844125746426e-10,6.351749681776653e-10,3.6168032124805904e-08,1.0260099436720793e-09,6.46633691037124e-10,2.604711557552264e-09,6.081880332686751e-09,6.59734600283457e-10,4.778021978069091e-09,1.6615436138067707e-08,3.4062372833432164e-06
window-1f579ff4b919ca284937,387_46579_92829,cake,cake,0.9999995231628418,True,3.6763365685033023e-09,6.245219896783283e-09,3.710333151829559e-09,4.485337257165156e-08,4.534460362748405e-09,5.501559741105666e-08,0.9999995231628418,5.536674230199878e-09,6.158299981073867e-10,2.9151192570964213e-09,1.0076106615741764e-10,1.5211275794513313e-08,1.2552368389151525e-07,7.508643484754884e-09,1.5131980113380905e-09,2.8637658910923847e-10,8.66421512313309e-09,7.162392900994519e-09,2.519324970862158e-09,1.4647547619262014e-09,1.7044686773104445e-09,1.7635487514766623e-09,4.1033682007807215e-10,1.732644694385499e-09,5.506217704009941e-09,2.443677260544064e-07
window-a6177eda9bfce5bfd2e9,398_50637_99372,cake,cake,0.9999997615814209,True,2.500371854008421e-10,2.116977704247347e-09,1.3749449356836863e-09,1.4771798367840816e-11,5.96859406343242e-09,9.656787369749509e-09,0.9999997615814209,3.141970572606567e-10,6.472405944535353e-11,1.0093575281144851e-10,3.6946545822758026e-10,5.485691345619159e-10,8.850000909887967e-08,1.4792833269439143e-07,3.5419434052386123e-10,4.060695391050473e-10,1.0064398203724068e-09,2.571592105926612e-10,2.6614250803191908e-09,4.0858982863767324e-10,3.5313862944974517e-10,3.029139716836937e-10,3.758886890636859e-08,6.152615222854152e-11,8.313559840544826e-10,4.1648645643377336e-10
window-2d233cb57b9189a93b73,398_50637_99372,cake,cake,0.9999986886978149,True,1.2557223705300657e-08,1.710848529512532e-08,2.826081590967533e-08,7.266631740776575e-10,4.258746599816732e-08,2.0784305831966776e-07,0.9999986886978149,1.935302051947474e-08,8.53608590062338e-12,2.6178103088025928e-11,1.5156189192566671e-07,6.488576076435493e-08,3.9162071630016726e-07,1.1886498185731398e-07,8.931940187473231e-10,1.0512540837837037e-09,8.768579640161533e-09,9.219549013117501e-10,7.510814192812632e-09,4.537430431383882e-10,7.856906791836593e-10,1.1501148922121729e-09,1.1363964630417556e-10,2.360049045080359e-09,1.2449923314505895e-09,1.4408584547709324e-07
window-b8f520b5b73ca1fa4348,398_50637_99372,cake,cake,0.9998483657836914,True,3.271697934792428e-08,3.3243784969272383e-07,3.884224213379639e-07,1.782261227489812e-09,1.2205557595734717e-06,4.225800239510136e-06,0.9998483657836914,7.971225457481523e-09,7.735453944057724e-10,1.067813926169947e-08,9.763673733687028e-05,9.995315686239792e-09,4.394918562411476e-07,4.677407559938729e-05,6.980464206662873e-09,1.2066757903994585e-07,2.4110143215239077e-08,1.2929522341664779e-08,8.698686215780072e-09,4.43132073257857e-08,6.325517176719586e-08,3.3808429833470655e-08,5.77142422741872e-08,4.053668067882654e-09,5.1642238929616724e-08,2.6183008117186546e-07
window-78d484a267ff6f4cd24b,398_50637_99372,cake,cake,0.9999957084655762,True,5.247206558145479e-10,7.225159492918465e-07,1.74314997991587e-08,2.740433158177069e-10,3.679790339106148e-08,3.6517946000458323e-08,0.9999957084655762,2.337918525441296e-09,1.3488901662306318e-10,2.4586397154302553e-11,2.5283748428250874e-09,2.006512955787798e-09,2.120729760690665e-07,3.3381857065251097e-06,1.9440477005971957e-10,7.195278262095428e-10,7.693981451950549e-09,9.51528300596749e-10,6.370494687324424e-10,3.16573856018465e-09,1.9691830388524068e-09,1.1125872445560958e-09,3.0256184224697336e-09,3.645819757203128e-10,9.631142994237507e-09,1.641589086887052e-10
window-c7fe2be5cd354c2ec0cc,400_51530_101489,cake,cake,1.0,True,3.893245101305176e-12,1.7958971115783484e-11,9.659938864439721e-13,1.0634987335222945e-10,3.2019833895446936e-08,6.561291787665624e-11,1.0,1.1639660763007598e-10,8.143643094940534e-13,3.044637892496427e-12,3.221904080336069e-13,7.824480507956366e-10,1.4029035710905191e-09,3.996313349685643e-11,9.243979193218621e-11,8.552296024144646e-12,2.7259901003162668e-09,3.81753384459671e-09,1.671800024805048e-11,1.233310675807786e-10,3.7941828498477825e-12,9.121044197701877e-12,6.008552596442618e-12,4.8446142930647085e-11,4.226015370978331e-11,6.789285713487692e-12
window-e6179ec3dd8ce84ac6e2,400_51530_101489,cake,cake,1.0,True,5.822575494668358e-13,1.2114943596930328e-11,1.276416255677204e-12,6.004614860888324e-11,3.027744055472681e-09,4.021552188482325e-12,1.0,5.856284207572671e-11,5.295936215607422e-13,4.502651235801375e-13,2.303072927408844e-14,5.505224748292292e-12,3.487576893945743e-10,2.3927842346394e-11,1.6370731810086414e-12,1.1129427457748364e-12,2.802357512710074e-10,7.878252217263793e-11,1.1367051397370709e-11,6.3667010032075755e-12,2.4889834117358678e-12,4.7238914169245305e-12,4.6864951155911605e-12,1.840831957353184e-12,1.8141438004604105e-11,2.215813470207717e-12
window-5cc7a45ab13b03f5c262,400_51530_101489,cake,cake,1.0,True,2.0740914614589788e-14,3.756677857246621e-13,5.635320362478227e-14,1.689632374984873e-12,5.7829995132874235e-12,4.218674021227997e-13,1.0,2.2074094668030758e-13,1.3880401751489684e-14,1.4098825290565203e-14,7.034372384164019e-17,1.7517889536970005e-13,6.117893518176043e-12,1.6561540550422138e-14,1.9606900128542153e-14,4.239200001232221e-14,2.0341788149746964e-12,9.369133940895225e-12,3.929483081695044e-14,4.861388730264225e-14,3.9754007377657e-14,1.4902955172008125e-13,4.155430814441023e-14,2.6926420145759362e-14,3.3965240559333254e-13,2.8038701460446347e-14
window-10fdaac424ab0241edd0,400_51530_101489,cake,cake,1.0,True,3.223342274517871e-13,9.503489141471366e-12,1.4819260185303107e-12,1.0500660237167114e-11,1.7655791273440968e-09,1.7002498367557628e-11,1.0,1.1315655010224468e-11,4.289033592261987e-13,2.1000788727378733e-13,9.221811682336156e-14,1.4519781210697857e-11,1.0803850036822382e-09,3.358327504976444e-11,1.787318990725817e-12,3.1173744141632653e-12,1.6740631103573378e-10,1.3794443365355846e-10,6.787451156675672e-11,8.094773115696619e-12,7.453468181192746e-13,2.875296355175916e-12,6.550585161108069e-12,1.3716402146035644e-12,1.4150599962625687e-11,4.495951354266392e-12
window-2673afd5bf0fcdba61ae,402_52404_102594,cake,cake,0.9993083477020264,True,0.00014608036144636571,7.085331890266389e-05,2.655736579981749e-06,0.00019535691535566002,1.190034026876674e-06,1.2654172678594477e-05,0.9993083477020264,5.867398613190744e-06,1.2605216852534795e-06,9.262706157642242e-08,5.03886622027494e-06,2.5906958853738615e-06,0.0001687256881268695,2.5071446430047217e-07,6.40880625724094e-06,2.3235132175614126e-05,1.3084179045108613e-05,4.491398613026831e-06,1.065108608599985e-05,4.661029379349202e-06,4.200468993076356e-06,1.4195544508766034e-06,4.136295217449515e-07,9.819068509386852e-07,4.7977405301935505e-06,4.622556843969505e-06
window-3557c60fd64762f23851,402_52404_102594,cake,cake,0.9999232292175293,True,1.576240720169153e-05,8.063162226790155e-07,3.792110589984077e-07,7.892414032539818e-06,1.2700228353423881e-06,2.774802624117001e-06,0.9999232292175293,6.396621188287099e-07,8.651932859038425e-08,1.5395485775115958e-08,7.843233333915123e-07,3.1200798389363626e-08,1.4812198969593737e-05,2.101309348745417e-08,1.4408266224563704e-07,6.737855983374175e-06,4.284988790459465e-07,4.401396722641948e-07,2.050286093435716e-05,3.657945057966572e-07,1.6288601045744144e-07,2.835039367710124e-07,3.934508718828056e-09,1.078826183942283e-08,1.9731439238057646e-07,2.228574885521084e-06
window-4572c746b0b93e14b212,402_52404_102594,cake,cake,0.9998743534088135,True,9.135289474215824e-06,4.232754690747242e-06,3.356689433076099e-07,3.582820136216469e-05,1.5844450729218806e-07,1.6990080666801077e-06,0.9998743534088135,1.0988770782205393e-06,2.45190761916092e-07,6.342471436937558e-09,2.816894493662403e-06,2.868408159883984e-07,3.6666162486653775e-05,7.57972102860549e-08,2.2153885481657198e-07,4.191124844510341e-06,1.9538535980245797e-06,4.106607036646892e-07,1.9876975784427486e-05,1.2122003454351216e-06,3.9083184333321697e-07,1.6661502399983874e-07,3.2098416369308325e-08,4.084478533172842e-08,7.944165645312751e-07,3.8310968193400186e-06
window-fff4f1e7622892d7028c,402_52404_102594,cake,cake,0.999972939491272,True,3.732253617272363e-06,1.7486850083514582e-06,9.350583241030108e-08,8.916205842979252e-06,5.384048407108821e-08,5.337451511877589e-07,0.999972939491272,1.1618303830118748e-07,4.418646781800817e-08,1.6082798426353406e-09,8.835528575446006e-08,9.870835526726296e-08,9.147795026365202e-06,4.777557460755588e-09,1.1339742655991358e-07,6.432592272176407e-07,7.378880013675371e-07,1.6685996229170996e-07,2.2983584813118796e-07,6.417883469111985e-08,1.138431997560474e-07,4.289623589670555e-08,6.414061282100647e-09,1.4171684270536389e-08,1.844908297243819e-07,1.2753142186738842e-07
window-18bb64c6970a1d27c83a,404_53804_104946,cake,cake,0.8238736391067505,True,0.010168379172682762,0.005037432070821524,0.0035451496951282024,0.00018079012806992978,0.00018603265925776213,0.0027638357132673264,0.8238736391067505,0.0004455453890841454,9.379818038723897e-06,8.948296454036608e-06,0.00877569429576397,0.003940150607377291,0.0008089907933026552,0.13047651946544647,1.2754677300108597e-05,0.008020306937396526,6.810274499002844e-05,7.419671419484075e-06,0.00013099297939334065,0.00021560891764238477,9.087343642022461e-05,7.642399577889591e-05,0.00045566295739263296,1.9347480701981112e-05,0.00029585586162284017,0.00038616755045950413
window-eabdc27d1c41752536a4,404_53804_104946,cake,kite,0.625566303730011,False,0.004690644331276417,0.002386729698628187,0.0015626127133145928,0.0003008677449543029,0.0007057154434733093,0.0022439584136009216,0.3371296226978302,0.0003849336935672909,1.5523652109550312e-05,4.423759492055979e-06,0.009425683878362179,0.0035228615161031485,0.001834773924201727,0.625566303730011,1.602212432771921e-05,0.0073814005590975285,4.307423660065979e-05,5.305980721459491e-06,5.892504486837424e-05,0.0002634739794302732,0.00010782499157357961,3.551881673047319e-05,0.0008753608562983572,2.13619860005565e-05,0.00027308566495776176,0.0011439794907346368
window-b851c95266ef23110fd1,404_53804_104946,cake,kite,0.6198421716690063,False,0.003369105514138937,0.006954253651201725,0.009332246147096157,0.0015311246970668435,0.002161044627428055,0.00212537101469934,0.250812828540802,0.0011728232493624091,5.1177201385144144e-05,1.1270725735812448e-05,0.044077638536691666,0.02601957693696022,0.0037101097404956818,0.6198421716690063,2.749549094005488e-05,0.020549962297081947,7.305196777451783e-05,3.0326924388646148e-05,0.00017439645307604223,0.0007960137445479631,0.00018586035002954304,0.00011094926594523713,0.004244244657456875,4.787558282259852e-05,0.00046000219299457967,0.002129094675183296
window-7de3902fbc576f5a42b8,404_53804_104946,cake,kite,0.6182687878608704,False,0.004169606603682041,0.009568599052727222,0.020057715475559235,0.004994045477360487,0.0061163268983364105,0.004574054852128029,0.18427620828151703,0.002342285355553031,9.870741632767022e-05,2.62187204498332e-05,0.01803380623459816,0.06561143696308136,0.011857256293296814,0.6182687878608704,6.601614586543292e-05,0.02154242992401123,0.00021256809122860432,7.903758523752913e-05,0.00011534663644852117,0.001657303306274116,0.00030167479417286813,0.00020432006567716599,0.020758941769599915,7.057719631120563e-05,0.0010889014229178429,0.0039078956469893456
window-cd9931466f4a47ae07b1,407_54915_106133,cake,cake,1.0,True,1.2302839302869018e-11,5.504369737785453e-10,3.696944486653031e-11,5.826033232236849e-12,5.238799394291505e-10,1.518546816070554e-10,1.0,1.4639690501527802e-11,9.320435048754128e-13,4.416196141415751e-12,3.326366417553961e-13,2.4615958143375805e-12,2.6200042135826607e-09,1.2421582859523106e-11,1.7004378807805587e-11,3.3493188691252618e-12,1.244236103037366e-10,9.127017891463751e-11,1.260688081705652e-10,1.1634888885669881e-10,5.603065754422598e-12,2.5407540654720506e-11,3.366234721524641e-11,2.313091732042416e-11,8.31622201658e-11,1.0906886505068769e-11
window-697d84d04c81f130a28e,407_54915_106133,cake,cake,1.0,True,5.179063775062609e-12,2.1251329862526092e-10,2.5703848771652105e-11,6.526341099488686e-12,3.025433514824982e-10,6.614733760734737e-11,1.0,4.273276177357843e-12,3.8621352210083115e-13,2.992710679966537e-12,6.276123148745913e-14,2.9272179298545087e-12,4.923950136515032e-10,2.9305026287562708e-12,7.241383274264601e-12,3.5681069644050156e-12,1.2004174043678262e-10,6.872490770915007e-11,3.948783314222659e-11,2.313788917407411e-11,3.318136564123275e-12,9.217705591868519e-12,2.5927395647107332e-11,4.6463982834865636e-12,2.2363050647400406e-11,2.5269740727001944e-12
window-a6f3a80075525aae657a,407_54915_106133,cake,cake,1.0,True,8.359861414231062e-11,3.5001401776924013e-09,4.184788904293413e-10,5.391409887978149e-11,1.3691799916060177e-09,1.055291409812753e-09,1.0,1.1536729210837038e-10,7.284590465561624e-12,2.0903660746807162e-11,3.310563411948464e-12,2.8599502974180346e-11,8.896387626577962e-09,1.9625648328691625e-10,1.1286001300181425e-10,4.8293362364670855e-11,1.1059991811279701e-09,1.3463238301980596e-09,8.213399960155243e-10,1.0568202979399643e-09,4.498561245735999e-11,1.7055092060846988e-10,2.2398065346873608e-10,2.5469659714616455e-10,4.0013722890641645e-10,5.3862192483933313e-11
window-96ae57d4630e84eb258d,407_54915_106133,cake,cake,1.0,True,2.6731852842409864e-11,1.0114897808222167e-09,3.7120723161976343e-11,8.830110254098855e-11,6.820390918704788e-10,2.420298406136112e-10,1.0,2.588045749929435e-11,3.0238843113511438e-12,5.708064663295653e-12,5.403542197024436e-13,3.620462003112168e-12,2.2046999781366594e-09,1.1760674899219392e-11,2.804040159787302e-11,1.5931141822411732e-11,5.87143111907551e-10,2.0369218811655543e-10,5.435024652555853e-10,1.1044386932779204e-10,1.9487437705190125e-11,4.1274816897640676e-11,6.084011072715612e-11,1.3053766401149858e-10,1.11291621751608e-10,1.384195535969468e-11
window-ef6aef36f77acf37de99,410_55724_107428,cake,cake,0.9999825954437256,True,9.59070689532382e-09,1.59119181830647e-07,8.47839132234185e-09,2.210408966973887e-09,3.225070486223558e-07,1.372740001670536e-07,0.9999825954437256,1.9306328979951104e-08,1.1308678438126663e-08,3.381348179232191e-08,5.447272855008123e-09,4.239381468096326e-08,2.4765182615738013e-07,4.354972418241232e-07,1.636763968804189e-08,3.565813599948342e-08,1.7615019487493555e-07,3.3654174558250816e-08,1.5559395251329988e-05,2.764691764411964e-08,4.607259285194232e-08,3.595495101649249e-08,2.0563831526487775e-08,1.1871279070874152e-08,1.2819374894945668e-08,1.612664135564046e-08
window-3f3053f6f1276e4b2ffa,410_55724_107428,cake,cake,0.9999995231628418,True,6.178819123014989e-10,5.521372692385285e-09,5.981889983353028e-10,7.212041519544243e-10,2.0356063501481003e-08,8.283994823443663e-09,0.9999995231628418,3.0305389309148723e-09,1.4815177973304117e-09,3.311177443343638e-10,3.0457385502558054e-09,2.893454364993886e-09,5.783769552181184e-08,3.2149738871112277e-08,1.8264527668065966e-09,8.604516210652946e-09,3.133289538936879e-08,1.6363506105676606e-09,2.1796059002099355e-07,1.9665893358222775e-09,1.838163954381855e-09,2.500424978180149e-09,9.574213644114593e-10,1.6867321428470916e-10,6.946104802452169e-10,1.8500773135698978e-09
window-b20d5e16aad0f915f464,410_55724_107428,cake,cake,0.999932050704956,True,1.4036467099742822e-08,3.097905576510129e-08,1.2952129146981406e-08,1.1541805289283502e-09,4.2878718886640854e-07,6.538367074426787e-07,0.999932050704956,3.773161552089732e-07,2.0379628651312487e-08,3.4386362646188218e-09,3.242711272832821e-07,1.718197779609909e-07,7.116483971003618e-07,1.69938248291146e-05,1.781588743199336e-08,1.4974216355767567e-07,5.536987259802117e-07,1.461874177266509e-08,4.728698331746273e-05,1.3796781495045707e-08,2.3306784058263474e-08,4.1761207825175006e-08,5.4558274342753066e-08,2.7442297323432285e-09,9.362420172465136e-09,1.337903476894553e-08
window-049ed2fa37620eaf677e,410_55724_107428,cake,cake,0.9999995231628418,True,4.817416243696471e-09,1.5600660319137205e-08,1.738593602418348e-09,6.93554103037286e-10,3.2881906975035236e-08,1.6544944969609787e-08,0.9999995231628418,5.6959224004060616e-09,2.781212371516517e-09,3.6724610019689408e-09,3.0118112448462853e-09,2.814275479323669e-09,3.873511644769678e-08,7.897996923134087e-09,5.3633710805911505e-09,1.3007371180151495e-08,4.436955691744515e-08,5.416325166152092e-09,2.570092476616992e-07,4.1850687360067695e-09,7.0010148789378945e-09,6.976235145117471e-09,1.1990947124118634e-09,1.3598023818062188e-09,2.5117583568601276e-09,2.943378651920625e-09
window-6b78634bcb0411731413,589_88625_178057,cake,cake,0.8814165592193604,True,8.352806162292836e-07,1.655443884374108e-05,1.1266522506048204e-06,8.190467633539811e-05,0.021324830129742622,5.4308755352394655e-05,0.8814165592193604,4.3332136556273326e-05,3.367650060681626e-05,5.351840286493825e-07,6.47690058031003e-07,8.554166561225429e-05,0.00015106484352145344,0.012812493368983269,0.0017348938854411244,2.490755468897987e-05,0.00011729270772775635,0.07990099489688873,0.0016923623625189066,8.671069372212514e-05,6.485213816631585e-05,1.1194587386853527e-05,0.0001732397940941155,0.00011499313404783607,7.675451342947781e-06,4.75492597615812e-05
window-80d15bcf5663fdaaa6ed,589_88625_178057,cake,cake,0.9999860525131226,True,1.3807260890175144e-09,2.00619609813657e-08,1.1339252870001815e-09,6.970970645170382e-08,6.667789875791641e-06,5.055510143847641e-08,0.9999860525131226,6.389130646766716e-08,5.3412104961125806e-08,8.237618365214416e-10,2.791819275760332e-10,1.7254725648285785e-08,1.1746243444576976e-07,1.28333454085805e-07,5.953316986051505e-07,4.322244251397933e-08,2.853884097930859e-07,5.568714186665602e-06,1.1751492223766036e-08,1.462393015572161e-07,3.55411984287457e-08,9.897660646629447e-08,2.2970201740690754e-08,3.009486704286246e-08,5.0455494005063883e-08,1.4118180402533653e-08
window-c9b6c820b0d29b01dd99,589_88625_178057,cake,cake,0.9996532201766968,True,4.2022470836400316e-08,1.2676304095293744e-06,9.97645841493977e-08,2.753154717538564e-07,4.890358468401246e-05,5.15851616000873e-06,0.9996532201766968,6.05208185788797e-07,1.0171897883992642e-05,2.1521609028241073e-07,2.0559097535510773e-08,5.4992401601339225e-06,4.989069111616118e-06,9.626271094020922e-06,9.012721420731395e-06,2.630469225550769e-06,2.6420000722282566e-05,0.00020017605856992304,4.662491392082302e-06,3.487791218503844e-06,8.375689617423632e-07,5.2060549933230504e-06,1.268905180040747e-06,1.6967785541055491e-06,4.288133823138196e-06,9.89753772273616e-08
window-9cad490c7f3c82e1001d,589_88625_178057,cake,cake,0.999996542930603,True,1.895213319613731e-09,2.6799291674706183e-08,4.139266263081254e-09,4.0148787405769326e-08,1.863647156596926e-07,1.8887899955188914e-07,0.999996542930603,9.873647854874434e-08,1.0935429628489146e-07,2.2769601759620173e-09,3.0997396316401193e-10,5.1891593244590695e-09,9.018413749117826e-08,2.689410916190127e-09,6.727800183625732e-08,3.7600937474735474e-08,1.361513852771168e-07,2.0722222870972473e-06,3.0964144581702158e-09,1.5690046595295826e-08,1.3222151373781799e-08,1.339356430207772e-07,6.646613037730731e-09,1.0525589999588192e-07,6.492647486311398e-08,1.2972787288845211e-09
window-8793571987f220dc502b,113_13372_23309,carrot,carrot,0.9990192651748657,True,2.9942175387986936e-05,5.818583304062486e-06,9.963887350750156e-06,0.0007449875120073557,5.011282269151707e-07,3.312672447464138e-07,1.1870271009684075e-05,0.9990192651748657,5.209438427300483e-07,1.0744134669948835e-05,1.6289038740069373e-06,1.1861269513246953e-06,2.4035041860770434e-05,3.835362349491334e-06,3.8453317756648175e-06,1.601260635197832e-07,2.304705230926629e-05,3.475017820164794e-06,2.9567414458142594e-05,6.60101341054542e-06,1.3720083416046691e-06,1.4202350939740427e-06,6.392435898305848e-05,1.3489517414200236e-06,3.7827865639883385e-07,3.5707614642888075e-07
window-5789161d0c6bf5436c69,113_13372_23309,carrot,carrot,0.999782145023346,True,3.7628296922775917e-07,9.823653357443618e-08,0.00017688692605588585,3.5154975194018334e-05,3.1941880251906696e-07,2.9566761483579285e-08,5.83216035465739e-07,0.999782145023346,5.229118826832746e-08,1.6280776549137954e-07,7.299706794583471e-08,1.6132391422729597e-08,1.0374481007602299e-07,4.476482828863482e-08,2.360166178050349e-07,2.186103920109872e-08,1.541038869845579e-07,1.8721264893883927e-07,2.448382190323173e-07,3.4550518535070296e-07,5.9574610133950046e-08,8.234486159608423e-08,2.670107960511814e-06,1.7252917317023275e-08,2.014732558563992e-08,1.52890287097307e-08
window-8faf6637ebc720914556,113_13372_23309,carrot,carrot,0.9998337030410767,True,4.5160380977904424e-05,1.406240585311025e-06,4.6316076804941986e-06,6.578320608241484e-05,1.39342353122629e-06,7.051273342995046e-08,4.96710890729446e-06,0.9998337030410767,1.3607612459054508e-07,1.702340887277387e-05,2.4726041374378838e-06,4.994042797079601e-07,1.7737140751705738e-06,3.679476492379763e-07,5.817307169309061e-07,8.827476705164372e-08,6.167822448333027e-06,9.723164566821652e-07,5.852115464222152e-06,1.1934949952774332e-06,2.3104146862351627e-07,6.920263331267051e-07,3.4007648537226487e-06,1.1234195653742063e-06,1.965104843293375e-07,1.0124922056320429e-07
window-0c101015c10090e1e67a,113_13372_23309,carrot,carrot,0.9999817609786987,True,5.519489718608384e-07,8.18343863784321e-08,1.1414306754886638e-05,1.904757027659798e-06,7.566223985122633e-07,1.1560364221452346e-08,4.214062414575892e-07,0.9999817609786987,4.400443032182011e-08,7.015076164407219e-08,9.230205932908575e-08,4.278956566849956e-08,7.316572805393662e-07,1.300178809060526e-07,2.6909160055765824e-07,1.0851632481490014e-08,4.1528736005602696e-07,3.128141941033391e-07,1.132604054987496e-07,2.129028899844343e-07,9.325089678213772e-08,1.0386829529807073e-07,4.5796159042765794e-07,5.494572263842201e-08,1.679701888690488e-08,1.531172166835404e-08
window-42c7b457230f7784af4a,398_50405_98934,carrot,carrot,1.0,True,3.702982143138911e-09,3.684465510467305e-10,2.226998141452441e-09,3.423157535209498e-09,1.201098220882102e-09,3.768300255169166e-11,3.6852685347810166e-09,1.0,4.279805954077176e-10,3.5101515444280196e-11,1.2937539928259412e-10,1.1171244485019827e-11,1.1770695529378372e-09,1.8825829783963854e-11,3.6353479254680465e-11,4.176597262484094e-11,2.7367255683863334e-10,4.2089795537769703e-10,6.68217370325408e-10,3.6177805196047075e-10,1.0566041097614942e-10,1.2751984190817467e-10,3.4310603247433846e-09,8.078951396761624e-11,3.7924770962538545e-11,4.8652618392375224e-12
window-46033fe111ed1366731e,398_50405_98934,carrot,carrot,1.0,True,4.706664502585056e-10,1.8068686824523894e-10,1.2498952983719391e-09,3.2298647090200916e-10,1.0166016917168008e-09,1.830148185777425e-11,1.0066243394390995e-09,1.0,2.220871958558135e-10,9.157353694777548e-12,1.9123206490556655e-11,6.798136272662125e-12,2.8616434222250575e-10,3.762992695222067e-11,1.9573414070106487e-11,4.685708418494805e-12,4.5183048275054816e-11,1.2879851352121108e-10,3.912064769351353e-11,2.486162942183512e-10,1.7088589224223405e-11,7.523433959155668e-11,1.8828649750446402e-09,1.0244494141886662e-10,1.6449647199934248e-11,4.056388037965153e-12
window-e090515831b2afd6aa3f,398_50405_98934,carrot,carrot,1.0,True,1.1415601797182262e-09,1.44411843594483e-10,8.006687535200285e-10,1.8566639337080915e-09,7.076667030148087e-10,9.09214110250689e-12,6.297155574763735e-10,1.0,1.606305366497196e-10,1.9465224571080242e-11,2.5896505426170613e-11,3.8144561294306545e-12,4.92614837810379e-10,4.56761451578247e-12,1.557002443641764e-11,1.0061703206720729e-11,7.180773337056578e-11,1.619626377458161e-10,8.046933258620825e-11,1.7893161952109438e-10,2.9957904212896125e-11,2.7600989202514192e-11,4.430021682821916e-09,1.4542813134288401e-11,8.101445729546963e-12,7.234173112977138e-13
window-7d9a93c1515605405f3d,398_50405_98934,carrot,carrot,1.0,True,5.643000511312835e-10,3.7852866674459307e-11,7.947758562387719e-10,2.490729011928039e-10,2.1865113886132548e-10,3.6159417474146416e-12,1.6143464343088e-10,1.0,5.211966622176156e-11,6.584067492598766e-12,1.5549636231404484e-11,2.8284794211658193e-12,1.4629454592185454e-10,5.8470173147640025e-12,5.4429763647612095e-12,4.789084059875215e-12,3.3021460565940686e-11,8.657635719444556e-11,5.4921702602461764e-11,5.119910051476495e-11,1.369011501384243e-11,1.4864023206717647e-11,1.4430507899731992e-09,1.2467654512959836e-11,4.546319917753117e-12,6.117540285108247e-13
window-1ec8139b8888c1dec553,492_70423_135993,carrot,carrot,1.0,True,3.4620686317765603e-09,4.918569371237247e-11,1.838028063083641e-09,1.299060303772137e-10,1.4115543178760959e-09,8.20435733239755e-12,6.743773317552382e-10,1.0,3.022449998613119e-11,1.4966580058617396e-11,4.701339144375094e-12,1.172403406995981e-11,8.157721026469389e-11,7.0739603411085206e-12,6.747600308359969e-12,1.6795432232485918e-12,2.1964919466599397e-11,1.8149719227533723e-10,1.5901430172604591e-10,2.8035856622365962e-11,3.353245459081222e-11,6.3790056570312e-11,1.10248976614713e-10,3.0632500008787034e-11,7.910229762875254e-12,9.451044547664766e-13
window-c51de736cd822b0293d1,492_70423_135993,carrot,carrot,1.0,True,9.13040487660055e-09,1.64004393399253e-10,6.126672946749068e-09,2.0835523584228355e-10,1.0019064466959549e-09,4.000775058465855e-11,3.2530136362396433e-09,1.0,5.877702491385861e-11,3.68253136318053e-11,6.041661095024242e-12,2.738259272105914e-11,1.0962620394794342e-10,1.265339222289441e-11,1.1091520930872623e-11,2.4732626970752625e-12,4.2850722969944854e-11,4.558906863127987e-10,1.0573843189920495e-10,3.777317000852598e-11,1.1565326474283211e-10,1.54707163746437e-10,2.73693956387433e-10,8.345936441944701e-11,1.5789416649147903e-11,2.4745084453714483e-12
window-c44a8ad126eff858cb4b,492_70423_135993,carrot,carrot,0.9998855590820312,True,8.314288425026461e-05,1.4236005654311157e-06,7.190408837232098e-07,3.7054356027965696e-08,3.874202434417384e-07,4.290034283371824e-08,2.1899290004512295e-05,0.9998855590820312,5.1291937808173316e-08,2.491169937002269e-07,2.0582189286244557e-09,4.223308280870697e-07,5.812027126239627e-08,4.972485001530913e-08,3.471438470015187e-09,8.582277999380494e-09,1.299589502679055e-08,1.1301458471280057e-06,4.275934273323401e-08,6.781530892396859e-09,4.142027137277182e-06,2.9800418133163475e-07,2.8167366394882265e-07,4.5837168727302924e-08,1.7086463799387275e-08,7.031030202497845e-10
window-3c2b6cedf3895546b090,492_70423_135993,carrot,carrot,0.999998927116394,True,6.986984431023302e-07,1.815279837558137e-08,8.328797207468597e-08,3.003032933435179e-09,2.519185215987818e-08,2.727464032403759e-09,2.4854244884409127e-07,0.999998927116394,2.0771271369568467e-09,2.9949105417870214e-09,5.707280759104094e-10,2.1258372839838557e-09,1.9022545760805087e-09,2.071042670692691e-09,2.577521807101135e-10,2.63112753806638e-10,6.186963719123639e-10,1.1878993788627668e-08,1.7720075407012814e-09,1.1032232904994999e-09,1.8280767122291763e-08,7.522027445361346e-09,2.8472209478991317e-08,1.6636598765273902e-09,4.5137285575869157e-10,4.130643396771383e-11
window-ee9e9c508061b94fe1b7,523_75420_147248,carrot,carrot,0.9999995231628418,True,1.1853781289872245e-09,5.6890873956216836e-11,4.4959045908399276e-07,2.658168973823649e-08,1.779711045202248e-09,5.229010974217019e-11,9.700864556094757e-10,0.9999995231628418,1.321426024158967e-10,1.452939435431233e-10,6.258640827816464e-11,2.4086998021144446e-11,1.2040795027701279e-09,3.811394602704077e-11,8.662884298793472e-11,1.1327871800304035e-11,3.1908034547889486e-10,1.4770316081325063e-09,2.067681137418731e-09,5.165827210440455e-10,8.256065969769466e-11,6.856487599904426e-11,6.9565966320794814e-09,9.749719087626119e-11,2.331757183171579e-11,5.960994718667845e-12
window-9fbd3fbbce1fdc9a7739,523_75420_147248,carrot,carrot,0.999990701675415,True,2.3179186570132515e-08,1.4148970883809397e-09,7.278420525835827e-06,1.445714701731049e-06,2.6625803783986157e-08,5.58410317985647e-10,6.684893527619806e-09,0.999990701675415,4.51208403973169e-09,1.2520747993960413e-08,3.16525028409842e-10,9.692678881734196e-10,2.775016305633926e-08,5.747751719020755e-10,4.591056868008536e-09,2.4915183804985475e-10,8.604981616144869e-09,8.014042762738427e-09,3.060570463730983e-07,1.0384400894736245e-08,1.8364095799583424e-09,1.9960060271273505e-09,1.7429228194032476e-07,8.061287193328326e-10,1.19808690746126e-10,7.651567573985218e-11
window-0fc18f46f68ac388e897,523_75420_147248,carrot,carrot,0.9999998807907104,True,2.819450450886052e-09,1.3652466657188e-10,5.623697418855045e-08,2.989162339872564e-08,2.4845001611595308e-09,2.7673573502196014e-11,5.06690800428089e-10,0.9999998807907104,5.001986602692909e-10,3.2684729922571876e-10,1.0431136510113959e-10,1.605158887751923e-11,2.177103164413552e-09,2.710159180407956e-11,7.18381687470071e-10,2.234965684744239e-11,5.768309163656227e-10,7.005675484172968e-10,1.7090396875474312e-09,8.570445464428644e-10,2.5297733352580565e-10,1.6358293886131747e-10,4.663273767135934e-09,1.0199766031782076e-10,1.8615374866581824e-11,1.080196262298605e-11
window-ec14cae16ac321d548cc,523_75420_147248,carrot,carrot,0.9999991655349731,True,5.613014497640734e-10,5.639205769014666e-11,7.986689070094144e-07,2.720566349978526e-08,3.2265878857629104e-09,6.343120473317754e-12,8.118768157761025e-11,0.9999991655349731,6.85690393353866e-11,8.66646754360545e-11,6.6641635786124365e-12,4.498391676516222e-12,5.150300186329559e-10,5.934356738651614e-12,5.22718396345212e-11,2.7776234003823452e-12,1.2386894288063388e-10,2.3708593421822854e-10,4.477117288015364e-10,8.684951369186678e-11,2.89180623891383e-11,4.947979179159567e-11,7.357093156912242e-09,1.3828775798085946e-11,2.919526382802462e-12,2.9694699390375723e-12
window-af6aa78468d4e09a0a2e,579_85648_169171,carrot,carrot,0.9999995231628418,True,2.433639565424528e-07,1.102480814973994e-10,1.4676730586415943e-07,1.2272243665734095e-08,4.046879720220886e-09,1.6993906282181115e-10,2.4874484694237253e-09,0.9999995231628418,8.340367285697425e-10,2.6449069601142128e-09,1.8881507468648806e-09,4.1552866703042923e-10,1.2432119333993796e-08,2.728458015077706e-10,3.7644357075983237e-10,1.3670675702570634e-10,1.7384708117518244e-09,9.077663953860338e-09,2.2294790458232683e-09,1.133760973992537e-09,4.491068350542804e-10,6.965062970820668e-10,1.4981846874206894e-08,1.0025100749544436e-09,1.5483846149688674e-10,2.106261692835787e-11
window-3a44fbd5120dbc0fec77,579_85648_169171,carrot,carrot,0.9999980926513672,True,1.7508165228719008e-06,2.9770688692032365e-10,6.143562103488875e-08,2.5601481823400718e-08,1.2039881314152012e-09,4.690756671976715e-10,8.613371349497356e-09,0.9999980926513672,8.376991877945272e-10,1.8049475247750024e-09,5.555050641703474e-09,3.484850741308776e-10,1.8684023217474532e-08,1.7730440449170715e-09,5.423944071658582e-10,4.0573361337337133e-10,3.087007538482567e-09,3.9686303132668854e-09,1.1176760850162282e-08,3.57066554101948e-09,6.100305260936523e-10,1.9593715538945844e-09,1.341001443222467e-08,2.4478579163655922e-09,3.2463984278585656e-10,3.943529530703316e-11
window-cf6f05f0f06f0e1b11b4,579_85648_169171,carrot,carrot,0.9999997615814209,True,1.011191557154234e-07,8.470010109951076e-11,1.0631167413066578e-07,5.549320558628779e-09,6.234173732799775e-10,5.6631054012878934e-11,8.293540298964786e-10,0.9999997615814209,2.262877940584218e-10,7.900028409224547e-10,5.345497933184618e-10,1.942220967388053e-10,3.1327389571345066e-09,1.956401429747956e-10,1.6065561381228832e-10,6.926866719103586e-11,7.390567602350018e-10,1.5463551550354282e-09,6.312618761050715e-10,4.504048523035209e-10,1.1334579802513289e-10,2.9696273218249303e-10,7.0502492732771316e-09,3.6639172251717866e-10,3.6333925451659255e-11,8.580512168843146e-12
window-f5ea0b7cd30098513e3a,579_85648_169171,carrot,carrot,0.9999997615814209,True,1.920945891242809e-07,2.5536864289854577e-11,1.3429336753745247e-08,6.903422278270455e-09,1.021384532506886e-09,3.871032314139988e-11,4.710318246559098e-10,0.9999997615814209,1.5656001495223393e-10,8.769788784057653e-10,3.539356863146992e-10,4.479731516293661e-11,2.578843139033893e-09,5.522368673460676e-11,1.0722505522364756e-10,4.133223971414246e-11,3.633061629315648e-10,1.44021272685535e-09,6.082933601270213e-10,4.09469874673718e-10,1.17345522188117e-10,2.25452018165484e-10,1.8202176432779993e-09,3.228151634893095e-10,3.563442596554722e-11,3.558753985943852e-12
window-f1a0ac0a033e29c003ef,610_96645_193673,carrot,carrot,1.0,True,4.667973119154567e-09,3.798471259752745e-11,9.601452966023771e-09,6.834272037181677e-10,7.301879101362374e-09,2.5248313856307547e-11,5.078044651440905e-10,1.0,1.6413277403870552e-09,9.736975115082203e-11,1.7845275257499793e-10,7.881754277017095e-11,7.397384482743519e-09,9.588175392538645e-11,5.117706258772614e-10,4.062677624872002e-11,1.0241978376512861e-09,2.9969651205163927e-09,7.340457686133561e-10,1.4589141006382533e-09,3.742944287843386e-10,3.492316436037868e-10,2.348574668076253e-09,8.939263773655171e-10,6.312472766722976e-11,2.0905135261761743e-11
window-8a8a7780ca778336c2ad,610_96645_193673,carrot,carrot,1.0,True,5.450308648846658e-09,5.643385411757684e-11,1.2316640152221225e-08,1.0293347285639243e-09,6.158317411575354e-09,2.793385314725505e-11,1.4622376642847712e-09,1.0,1.663449045175014e-09,1.0079398427009778e-10,2.0113256893328213e-10,5.5688682831789293e-11,9.084978103146568e-09,7.192273165923524e-11,6.833933419159166e-10,5.1709629633744925e-11,1.5440566603075467e-09,4.961114186130544e-09,8.727856215529073e-10,1.8760433206921334e-09,4.1363185099285715e-10,4.0374886767224893e-10,2.0062040917423474e-09,7.577485860998934e-10,6.865952945078746e-11,2.96606593452875e-11
window-1c8c8ef296124c28038e,610_96645_193673,carrot,carrot,0.9999998807907104,True,8.604174261961361e-09,1.0010291207063204e-10,1.5655244212098296e-08,1.9523691552336686e-09,8.60302584726469e-09,5.853000722977342e-11,1.3939388532335784e-09,0.9999998807907104,2.601311388517047e-09,1.452809816893108e-10,4.836417932807535e-10,1.4744896970064758e-10,1.445012376422028e-08,2.1325227694823923e-10,8.575171128732961e-10,9.304669534859755e-11,2.3029642637339975e-09,4.959032740003977e-09,1.5436470990337625e-09,3.221652056240032e-09,9.279631507652653e-10,7.153981296248446e-10,3.1215794393801843e-09,1.5392958019333491e-09,1.259858606328379e-10,4.9718604233639496e-11
window-1af059e562645dc0f4ee,610_96645_193673,carrot,carrot,0.9999998807907104,True,8.272644791418315e-09,6.799254215206219e-11,1.5565712274678845e-08,2.0513248877307433e-09,1.1381776410246403e-08,4.593249045004022e-11,1.0851244347520606e-09,0.9999998807907104,2.6537512187729817e-09,1.2234444013436985e-10,2.5102397938070453e-10,1.256613979538912e-10,1.7428881449177425e-08,1.6104588496101968e-10,6.86319279186165e-10,6.80584547052554e-11,1.833462048850265e-09,3.4843798957240324e-09,1.168854346644821e-09,2.0895905006312887e-09,7.448177630209329e-10,4.857857449636072e-10,4.119282692727211e-09,1.191162501967824e-09,1.0992098897766311e-10,3.259444450454119e-11
window-bb3056700db54235a0c7,108_12859_23648,chair,chair,0.9999758005142212,True,7.137352753261439e-08,4.495939549542527e-07,1.695742781748777e-07,1.116947956347758e-08,5.943048563494813e-06,1.3168842372124345e-07,9.872294981505547e-08,3.184989907367708e-07,0.9999758005142212,1.3990413663123036e-06,3.322001873584668e-08,1.1369592129994999e-06,1.8798000667175074e-07,1.2276184691017988e-07,2.4811043886074913e-07,2.7822620651818397e-08,6.275652708609414e-07,1.8851509366868413e-06,7.19569197826786e-06,3.8971651861174905e-07,5.457370093608915e-07,8.572541219109553e-07,3.725322628156391e-08,9.959483548982462e-08,1.0447008946812275e-07,2.1095981992402812e-06
window-71fb294901496c3cca15,108_12859_23648,chair,chair,0.9999940395355225,True,3.9839873622327104e-09,2.2575948221970066e-08,7.575786042934851e-08,2.4053937508483614e-08,1.6145247627719073e-06,5.722409568420517e-08,7.745074803722218e-09,2.7627148568853954e-08,0.9999940395355225,1.8673099475563504e-06,5.192839047651887e-09,1.514002434532813e-07,6.010065334294268e-08,7.79668809514078e-08,1.5169211664556315e-08,2.7465310026286716e-09,1.6409408942763548e-07,1.3736460857671773e-07,1.1064732916565845e-06,9.263282407800943e-08,9.397033551294953e-08,4.125584496250667e-07,4.029014277762144e-08,2.9729628536756536e-08,2.988386782476482e-08,4.960895250150088e-09
window-6958e09767a061024c4c,108_12859_23648,chair,chair,0.7080740332603455,True,0.00031718044192530215,0.0004551946185529232,0.0003740535175893456,0.2844584286212921,0.0007057155016809702,2.7567666620598175e-06,4.374277705210261e-05,4.5958517148392275e-05,0.7080740332603455,0.0004757631686516106,5.49454489373602e-06,0.0006588328396901488,7.336614089581417e-06,1.3274355296744034e-05,1.8582259144750424e-05,3.235358963138424e-05,0.00019292176875751466,0.0008147142361849546,0.0028147369157522917,3.110948819085024e-05,0.0001349915110040456,7.624954741913825e-05,7.57275556679815e-05,9.13567200768739e-05,9.104981472773943e-06,7.0362446422223e-05
window-debedbcf3b3e4ac4829e,108_12859_23648,chair,chair,0.9999945163726807,True,7.523515144214343e-09,9.509331277968158e-08,3.486450594891721e-08,4.854332491532887e-09,8.2564349668246e-07,8.77321468806258e-08,4.577471202082961e-08,3.411030746747201e-08,0.9999945163726807,1.0033387525254511e-06,5.2292417507260325e-08,2.0860771599018335e-07,6.925137086000177e-08,1.9400866335672617e-07,3.693539696314474e-08,8.367464943148661e-09,5.2856879761975506e-08,1.239677658304572e-06,4.747062973819993e-07,1.9442957466253574e-08,2.3027500617445185e-07,6.200774009812449e-07,3.6669409730905045e-09,4.364636652098852e-09,1.6854905027230416e-08,2.3972847884579096e-07
window-6500454e5349d15bf087,372_41140_82042,chair,chair,0.9997938275337219,True,7.295223092285141e-09,6.413609980882029e-07,5.151578648110444e-07,4.3954942157142796e-06,2.2925969744846952e-07,1.28830137668956e-07,1.0650306592197012e-07,3.2030899888013664e-07,0.9997938275337219,5.283720128090863e-08,1.6672525759986456e-07,5.173261524760164e-05,7.561120440868763e-08,8.804773824522272e-05,1.4586731822419097e-07,6.474684344226489e-09,4.4101771123905564e-08,4.804793206858449e-06,1.4173586350807454e-05,3.625029165732485e-08,3.049317740533297e-07,9.525283672928708e-08,1.0535577530390583e-05,6.355359687404416e-07,6.105793204369547e-08,2.8920236218255013e-05
window-e92819c6ce28a4353fec,372_41140_82042,chair,chair,0.9999991655349731,True,7.575929467096287e-11,4.633445183088725e-09,1.0109217907228185e-09,3.1034307568234e-08,2.046219860218912e-09,7.089296261142408e-09,3.3626610385084632e-09,3.633911782596755e-10,0.9999991655349731,1.3710506507891296e-08,9.25255339012665e-09,2.2212590522485698e-07,1.2725599241036889e-08,9.060324157594835e-10,1.7977720423445476e-09,1.0165910335757644e-09,6.124412532670931e-09,1.7312013156356443e-08,2.5851798568510276e-07,2.4465385273231277e-10,2.4941795295774227e-09,3.246671198553486e-08,3.959234606831785e-10,2.748291727527885e-08,4.96165908359103e-09,1.9584751953516388e-07
window-da45d70d78d439a9828c,372_41140_82042,chair,chair,0.9999998807907104,True,2.200941165431125e-11,7.182090477897418e-10,7.065026896846405e-10,1.9462985889617812e-08,1.1970476831990595e-09,9.097648190348195e-10,2.0663008803989413e-10,1.1411894346169404e-10,0.9999998807907104,2.3117749936574228e-09,4.061542213662506e-09,9.163744429940834e-09,1.0580404330440274e-09,2.7442889627415923e-10,1.7402985996728404e-10,4.818487969737717e-11,9.050278304556514e-10,1.6923569212679013e-09,5.016246618083642e-08,2.3851345898329157e-10,3.226804101696956e-10,3.5385894214812197e-09,1.068215627064717e-09,1.1817490985777113e-08,3.127072212283366e-10,1.281394901297972e-08
window-733e2215bfef58fa2a9e,372_41140_82042,chair,chair,0.9999587535858154,True,3.296393824570032e-09,2.965666965337732e-07,1.195719505631132e-07,8.268720193882473e-06,2.3473951671348914e-08,1.0590013488354089e-07,2.3923618641674693e-07,2.3638529356162508e-08,0.9999587535858154,4.306581757873573e-08,3.2704949148865126e-07,1.9091162357653957e-06,2.2704406887896766e-07,1.0540454731255977e-08,1.254062169664394e-07,7.968898430021909e-09,1.6048909401433775e-07,5.986996711726533e-07,8.606783694631304e-07,6.473150193642141e-08,2.5564609984485287e-08,1.3188511616135656e-07,1.5069080916418898e-07,1.2802819355783868e-06,6.918485695450727e-08,2.6238847567583434e-05
window-8adbaf1c23c2a0e9d8dd,372_41169_81981,chair,chair,0.9999964237213135,True,3.3399902288344663e-10,3.3357643314246843e-09,5.975713257555526e-10,2.903340901028173e-09,1.1011797695914538e-08,8.607903723145682e-09,3.677910420663011e-09,6.173003774812003e-10,0.9999964237213135,4.041767809326302e-09,4.228019712115838e-09,1.3490721073594614e-07,1.1087796458753019e-08,1.2360050483106733e-10,2.6119629126242216e-08,8.315597987973433e-09,9.092889996509257e-08,7.128397783162654e-08,1.9066833090164437e-07,4.760949856574825e-09,3.630363787365809e-09,2.5039216922095875e-08,4.2461020810513617e-11,1.8188380579431396e-08,7.276868441152828e-09,2.9447751330735628e-06
window-18f7a64871cf80dc676b,372_41169_81981,chair,chair,0.9930906295776367,True,4.918578611068369e-07,3.735439895535819e-05,1.53365590449539e-07,3.311259933980182e-05,1.6153851902345195e-05,1.7221549342139042e-07,2.993647285620682e-06,1.029437271427014e-06,0.9930906295776367,5.451134938994073e-07,1.5387814755740692e-06,0.0020453769247978926,3.32641275235801e-06,3.360004185992693e-08,8.492125402881356e-07,1.1431748134782538e-05,2.6588318178255577e-06,0.00018360282410867512,0.00024010329798329622,4.1657850147203135e-07,6.548399142047856e-06,1.853178105193365e-06,6.236356853150937e-08,8.675608114572242e-06,9.637101356929634e-07,0.004310071002691984
window-e458126fd8bfc637bf38,372_41169_81981,chair,chair,0.9999942779541016,True,8.793793471184586e-10,9.589392391262663e-09,1.1804915933666393e-09,1.59042077285676e-08,2.6197892744050932e-09,3.197654585562759e-09,4.22549550904705e-09,5.197597019446221e-09,0.9999942779541016,2.8196711632233473e-09,1.2268973392792759e-08,2.935186671493284e-07,5.815960602006953e-09,9.989064436721762e-11,3.6044909279553394e-08,9.638737807904363e-09,5.243373379926197e-08,1.1036591018864783e-07,1.448684429306013e-06,5.6892259792107325e-09,9.519959043302606e-09,1.5281134579936406e-08,9.431965625195105e-11,3.147540539316651e-08,7.947353886095243e-09,3.6446813282964285e-06
window-719fe19cc9dbb990b9f6,372_41169_81981,chair,chair,0.9712715148925781,True,9.563394996803254e-06,0.0001544391707284376,1.1735422049241606e-05,0.0010558889480307698,0.00017161322466563433,0.00011540955165401101,8.340048952959478e-05,1.631411760172341e-05,0.9712715148925781,0.000626822526101023,0.0007116413908079267,0.0006377211539074779,5.122312722960487e-05,2.178179238399025e-05,0.005219823680818081,0.00011971533967880532,0.0005053885979577899,0.0002733796136453748,0.007772298064082861,2.735565612965729e-05,3.8779835449531674e-05,9.243856038665399e-05,7.98326027506846e-07,6.153110007289797e-05,5.1424591219983995e-05,0.010897884145379066
window-262528ffa91a43efdc8b,391_46976_93669,chair,chair,0.9995136260986328,True,3.3840086643976974e-07,5.588873364104074e-07,8.049980237956333e-07,0.0003508624213282019,1.0926027016466833e-06,8.059794708970003e-06,1.5849991541472264e-07,1.7087252501823968e-07,0.9995136260986328,2.7667945232678903e-06,3.627327487265575e-07,9.532277545076795e-07,4.406255357025657e-06,1.6552044712625502e-07,6.541944941318434e-08,2.0224267416324437e-07,9.045559636433609e-06,3.457653861005383e-07,8.996818360174075e-05,6.7127999159311e-08,1.5030825579742668e-06,2.117522171829478e-06,8.604040885984432e-06,2.937680164905032e-06,5.616786324935674e-07,1.0409726769466943e-07
window-dce8d124e62151bed20f,391_46976_93669,chair,chair,0.9999879598617554,True,1.60728208520311e-10,9.065148631748343e-10,1.1164384694506424e-10,2.2801437182806694e-07,7.491733455822214e-09,1.123004800263061e-08,7.945093367933698e-12,3.873797282949454e-09,0.9999879598617554,1.4582234086901735e-07,1.629098456135125e-08,1.4139692439130158e-07,9.620750418548596e-09,2.169698420928512e-09,3.3165914459232226e-08,3.717761931643082e-10,2.306638435811692e-07,1.353393752623333e-08,2.0536074316623854e-06,4.7243915446415485e-09,3.5488433525188157e-08,1.1694157819874818e-07,4.830234345831741e-08,8.965135748439934e-06,1.6410106606912223e-09,4.348411075660863e-10
window-23c087376a7aceb1e102,391_46976_93669,chair,chair,0.9999909400939941,True,4.026126987355383e-09,4.7878991438210505e-08,7.141460311999026e-09,5.322643801264348e-07,2.1878829414845313e-08,2.620929308250197e-06,5.93553961536486e-09,9.606623052604846e-09,0.9999909400939941,4.302301306324807e-07,6.732216206728481e-08,2.849832014817366e-07,2.929639606463752e-07,1.3331117543202708e-08,4.009338638866211e-08,3.1029376401647824e-08,1.191401338473952e-06,5.962502314105222e-08,1.6244816833932418e-06,3.973873674567585e-09,2.972206800677668e-07,9.674023431216483e-07,1.1138698852164453e-07,3.309859835098905e-07,5.6793329150650607e-08,1.109018921141569e-08
window-ffba9630d1348126e1f8,391_46976_93669,chair,chair,0.976093590259552,True,2.711546358113992e-06,2.6351521228207275e-05,6.367426976794377e-05,0.022177407518029213,2.584760295576416e-05,2.960174242616631e-05,4.182885277259629e-06,1.181116999759979e-06,0.976093590259552,7.520783128711628e-06,8.36027174955234e-06,5.479253741214052e-05,5.680188405676745e-05,5.103761395730544e-06,8.775031119512278e-07,1.8486423869035207e-05,0.0001186939116450958,2.4185481379390694e-05,0.0010234948713332415,2.0150291675236076e-06,2.0134280930506065e-05,1.3718959962716326e-05,3.6000572436023504e-05,0.00016189005691558123,2.1070321963634342e-05,2.380626256126561e-06
window-f9de7346eb0c19eacb02,392_47518_94512,chair,chair,1.0,True,1.5133868550704088e-12,2.2010801167815508e-11,4.6660787213215205e-12,4.616512061517142e-09,8.09567274329126e-11,2.1731226193533182e-11,1.3723107719632033e-11,6.76741440663875e-11,1.0,1.3083546399061952e-11,5.175936068635423e-11,1.14160814135289e-09,1.7031816235135722e-10,6.09837961379478e-12,1.5980597053988355e-11,1.3087714939574724e-11,2.7554940551510754e-09,3.989451477504069e-11,1.1472900407483166e-09,2.1216165976833956e-11,4.772247041984201e-10,2.147250155459801e-09,2.7554333814627796e-11,3.5115748087122256e-09,3.0424971569908976e-11,2.043988416022824e-11
window-1fb32c2f9bbbe2600ed6,392_47518_94512,chair,chair,1.0,True,1.28682242812872e-12,8.594026532082744e-12,2.697091031414467e-12,8.703668341603077e-10,2.356052575258616e-10,8.16663750513591e-12,2.425244900738921e-12,3.160759154408055e-11,1.0,8.544143691169293e-12,3.151067948237163e-11,1.9779932358687802e-08,1.0759527990789053e-10,9.293487203757e-13,4.125797620213589e-11,1.12423230447245e-10,3.5206420001543393e-09,1.9688373154025385e-10,3.403871073892617e-10,5.9467231486309835e-12,3.797835657071147e-10,1.2178505981452759e-09,1.98431115289166e-12,9.005801659967005e-10,8.408299057016677e-11,1.7326842738363268e-10
window-32e3bc6f7fd1ab90a572,392_47518_94512,chair,chair,1.0,True,2.804679231915852e-13,2.0487609005137575e-12,7.241089238635423e-13,2.4738125437018255e-10,6.28118668188904e-11,2.5055209643132237e-12,1.2133159060789822e-12,7.461722212331878e-12,1.0,4.0982273998013685e-12,1.0129000069247773e-11,3.651646207636361e-10,2.0441093262490995e-11,8.151661854208236e-13,2.1950544680515716e-12,3.0658145293294137e-12,2.5359572775052186e-10,1.3783888960783308e-11,4.0096462261551835e-10,5.644448450303763e-12,1.3021139722013686e-10,4.2654790810559007e-10,2.1337862032844157e-12,8.439956511452351e-10,1.7444653360731976e-11,1.380575341547452e-11
window-db0a570483afc201e612,392_47518_94512,chair,chair,1.0,True,5.485739466848383e-12,1.2282277625508264e-11,2.138795043848951e-11,1.5175197765060489e-09,2.6130972941018626e-09,2.0418959925661007e-11,1.5335068284660913e-11,2.2882559735926122e-10,1.0,3.517644855954849e-11,2.5079990167986566e-11,2.8703417420672395e-09,1.547369732346482e-10,5.060461598371813e-12,4.117228780131654e-11,1.0037359832182347e-11,8.09093791964699e-10,1.1522874321379106e-10,1.411750938373757e-09,5.261417690416437e-11,8.12009570694272e-10,1.2699415963268734e-09,1.4533967779284396e-11,4.7246642154163965e-09,1.6441312200576874e-10,1.0786301712917279e-10
window-5b43611a806b5b67771f,395_49193_97277,chair,chair,0.8044612407684326,True,1.148925150573632e-07,5.3138886869419366e-05,1.6178702253455413e-06,0.19528470933437347,6.835575163677277e-07,5.199440238357056e-06,5.473680175782647e-06,5.770385996584082e-06,0.8044612407684326,4.3060970256192377e-07,6.0501828556880355e-05,8.09158038350688e-08,1.519615852885181e-05,2.70180436245937e-07,8.085382887657033e-07,5.039849781951489e-08,4.806889592146035e-06,1.5077893067427794e-06,1.3771858903055545e-05,3.994592532308161e-07,3.62242353730835e-05,4.662057472160086e-05,1.1874886922669248e-06,1.4029561157258286e-07,5.814289849581655e-08,1.0685909757057743e-07
window-5ea3d4aeda3894e48c2f,395_49193_97277,chair,chair,0.6577130556106567,True,1.6670882132530096e-06,5.0667033065110445e-05,3.368784746271558e-05,0.340406596660614,6.462320015998557e-06,4.815594365936704e-05,4.882723078480922e-05,0.0001705278264125809,0.6577130556106567,4.264519247954013e-06,0.00048532825894653797,6.432954933188739e-07,0.0003724027192220092,1.0836570254468825e-05,1.2137494195485488e-05,5.941890321992105e-07,6.60563018755056e-05,7.188296149251983e-05,7.495375029975548e-05,1.8864604953705566e-06,0.00024601467885077,0.0001574954076204449,1.4211918824003078e-05,7.898187277532998e-07,7.466131251021579e-07,1.7041863031863613e-07
window-0997e00766ec391c1ec1,395_49193_97277,chair,chair,0.8728473782539368,True,1.0739757954070228e-06,0.00010579940862953663,5.415909072326031e-06,0.12640519440174103,4.4375101424520835e-06,1.3115084584569559e-05,1.1209905096620787e-05,1.410751610819716e-05,0.8728473782539368,2.2707679363520583e-06,0.00023163678997661918,2.2710410121362656e-06,3.381381611688994e-05,5.564310185945942e-07,4.294903646950843e-06,5.788230055259191e-07,4.3678901420207694e-05,1.0913836376857944e-06,7.034075679257512e-05,4.325289637563401e-07,0.00011829280265374109,7.912117143860087e-05,8.035257792471384e-07,2.5817894311330747e-06,2.447812050831999e-07,3.7047922774036124e-07
window-3f865ddfb613fd29a6d4,395_49193_97277,chair,chair,0.939950704574585,True,1.088413128513821e-07,7.29189341655001e-05,1.4862303032714408e-06,0.05980804190039635,1.2159653124399483e-06,3.833372375083854e-06,6.8186877797415946e-06,4.974529474566225e-06,0.939950704574585,6.180917466735991e-07,7.496298348996788e-05,1.0656180648993541e-07,8.093878932413645e-06,1.360429564556398e-07,2.097141020840354e-07,2.3634589396692718e-08,2.541785534049268e-06,4.556748649520159e-07,1.4391422155313194e-05,1.023605236127878e-07,1.5534253179794177e-05,3.2090865715872496e-05,2.8747334113177203e-07,1.691016393579048e-07,4.9494818910034155e-08,1.356377339334358e-07
window-ee0d22e6e282b507dba1,455_64092_126267,chair,chair,1.0,True,1.1434499180840163e-12,5.3741719407973676e-11,1.6012999953796125e-11,7.232918708410807e-09,3.6257365165770494e-11,3.669784268134357e-11,3.808211558598007e-12,9.699102632154677e-12,1.0,1.1004561151217729e-10,2.500293591958802e-12,2.919203212492505e-10,1.0858647314648806e-11,1.710658199295667e-12,2.6278892256703656e-11,4.55161028225376e-13,1.3041895341459053e-10,9.348182644641767e-11,3.4857877695415596e-10,1.924780647366564e-11,4.4287098988071705e-10,1.8818946401211178e-10,5.044300914469613e-12,2.646531882533054e-10,2.3867002818533933e-10,7.337034625687355e-12
window-f61961c9e35df9d936f6,455_64092_126267,chair,chair,0.9999899864196777,True,3.9277731067599575e-10,1.3359671413581964e-07,3.706155027316527e-08,3.7261449392644863e-07,8.070843193763722e-08,4.652841667507346e-09,1.9277208718193606e-09,3.0865587863360133e-09,0.9999899864196777,4.5755303546002324e-08,4.067478798219781e-09,8.763952791923657e-06,1.1782078646049854e-09,1.0641789671694823e-08,3.1531815380958506e-08,7.703507276524135e-10,1.6950156833672736e-08,6.579859501698593e-08,1.5444609857695468e-07,2.5023572103322067e-09,1.536413520852875e-07,7.709394367338973e-08,6.742557900896173e-11,2.1544993344946306e-08,2.4294015688042236e-08,6.629758786402817e-08
window-0c96796ee6a8f1635b5a,455_64092_126267,chair,chair,0.9999947547912598,True,5.010707959662852e-10,4.4716145453094214e-08,7.421030456811195e-09,4.644815362553345e-06,2.1855639076306943e-08,3.8694443205145035e-09,1.711739550103175e-08,1.6742691677507082e-09,0.9999947547912598,4.497069028275291e-08,3.2785710257776657e-10,1.3890694106066803e-07,8.444376753402594e-09,3.7683975384616986e-10,6.968196242240765e-09,4.796468222600936e-10,5.8021164761612454e-08,1.3554178224239877e-08,2.0237852282889435e-08,5.555222948316896e-09,8.482445679192097e-08,3.3399878418549633e-08,1.9522623517786997e-09,2.987323100001049e-08,8.538886930864464e-08,6.414079045669041e-09
window-df0344260d23f4b04e2e,455_64092_126267,chair,chair,0.9999790191650391,True,8.910545634677192e-10,1.9698759956554568e-08,8.16224243749275e-09,2.0703639165731147e-05,1.0138371031587212e-08,3.2430889085333092e-09,1.2252877601426349e-09,1.6002879021925764e-09,0.9999790191650391,1.1547247424914531e-07,4.0181902249969426e-10,2.1582636122730037e-08,2.616623362428072e-09,3.345708432522798e-10,1.7780706684789038e-08,6.838950239451691e-11,1.9672027562478434e-08,2.796945608452006e-08,2.401813858909918e-08,4.324644642395015e-09,2.490997630388847e-08,1.489407086552319e-08,2.214691763313681e-10,2.4655385288951948e-08,2.529993281541465e-08,2.3512236602130088e-09
window-3d164445c635de6387e6,34_1485_4730,cup,cup,0.9999997615814209,True,9.299161440878834e-09,1.1443749947659398e-08,5.503402733531004e-10,2.6370383654494844e-10,1.7297855370301818e-09,1.8941337032174488e-07,2.1649854131666757e-10,8.860023825718599e-10,1.8000677337592919e-10,0.9999997615814209,4.003954057196779e-09,7.607856566949067e-09,3.6725351926225613e-11,6.316810408080187e-10,6.382597228515863e-10,7.820659120305606e-10,4.9232517368436035e-11,4.3726902654306343e-10,3.87870596751938e-10,1.6275654435293774e-11,2.1732661892315264e-08,2.3414143512923147e-08,8.841340992660207e-09,5.671399461171234e-10,1.1468057059538239e-10,5.531886060339275e-08
window-5eb940676498733a4b4d,34_1485_4730,cup,cup,0.9999970197677612,True,1.102029898447654e-07,4.60939126867288e-08,1.0101024461306451e-09,1.4288001004558737e-08,2.9138444990195467e-09,2.4488560939062154e-06,1.2830144724418346e-09,3.164891460016861e-09,1.440609159741868e-10,0.9999970197677612,9.696535130387929e-09,1.4490592059601681e-09,8.484296598609831e-11,8.420165953371139e-11,5.483720144638937e-10,9.869105532800404e-10,5.008404455053572e-11,4.355381333365216e-10,9.096581266021531e-10,3.164266418331785e-11,4.213003634845336e-08,1.588154496801053e-08,8.924130767695715e-09,1.4096990241796448e-09,2.7025390259005633e-10,3.3424538514736923e-07
window-b2515c3838dcd7b61544,34_1485_4730,cup,cup,0.9999997615814209,True,5.136728375987332e-09,3.6084366605848572e-09,1.757259476820039e-10,2.7187352369395512e-09,7.736153384563238e-10,1.4194634445630072e-07,1.5767211147821314e-10,5.785310008832312e-10,5.2144708689860764e-11,0.9999997615814209,1.932982662822269e-09,1.3484565686283645e-09,2.000863016937693e-11,2.5342583934162555e-11,3.3305289082186107e-10,2.3063916054777422e-10,1.4229328652859419e-11,5.193590002505744e-10,3.4438688012450314e-10,1.0770730661524563e-11,4.111722962107933e-09,5.550230497419761e-09,9.892803243261028e-10,6.094499904740758e-10,7.559392001255105e-11,1.6695118176812684e-07
window-f7e0ffb48cec418d7dcc,34_1485_4730,cup,cup,0.9999971389770508,True,2.0371055597934173e-07,3.787101476859789e-08,5.405681680059615e-09,5.0892150937897895e-08,2.3591466558059437e-08,7.31911370621674e-07,6.282864450923853e-09,7.493021314530779e-08,1.3475581761568378e-09,0.9999971389770508,6.861292867199609e-09,9.880091411673675e-09,1.0548678597288585e-09,5.065879382648575e-10,5.543614012282205e-09,4.854095347894827e-09,2.456947700846257e-10,1.0480836643012026e-08,3.5674625475934363e-09,1.0092469915345958e-10,4.0104097820403695e-07,6.298237309465549e-08,9.934462497085406e-08,1.4366348999317324e-08,8.224710357218612e-10,1.236437583429506e-06
window-ebdcaf51014f8eb6af28,46_2543_7478,cup,cup,0.9998486042022705,True,6.610753644054057e-06,2.9642885124303575e-07,7.295000159501797e-08,2.213335932310656e-07,1.1277129488007631e-06,1.6418597397205303e-06,0.00012134670396335423,1.7304223831615673e-08,2.8733893042698355e-10,0.9998486042022705,2.4051669811342435e-07,5.1661956490534067e-08,8.09969478154926e-08,9.075347406906076e-08,1.229032520200235e-08,2.0092222996481723e-07,1.3357258632495927e-09,3.6300714327808237e-06,3.475831817922881e-07,9.697870062552738e-09,2.319550503671053e-06,5.0753154567928505e-08,3.0715972343386966e-07,8.668709305936773e-09,1.9209797130770312e-07,1.2598010471265297e-05
window-682c2071b470703f84c8,46_2543_7478,cup,cup,0.9999752044677734,True,2.7726176199394104e-07,7.547448177547267e-08,1.5202090253296774e-08,1.0030408503780563e-08,7.434217081936367e-07,2.731100892106042e-07,1.4259138879424427e-05,4.022931321401302e-09,9.746618789829853e-11,0.9999752044677734,5.0663146566876094e-08,3.567576811747131e-08,1.7977059840745824e-08,4.950074572462881e-09,1.0045356768628722e-09,1.3197026582645321e-08,1.8924628530925247e-10,4.1083964674726303e-07,1.1496219798345919e-07,3.777191004417091e-09,9.516991212876746e-07,1.6694604809686098e-08,4.112878926321173e-08,8.868750178692153e-10,2.187877790049697e-08,7.495715635741362e-06
window-aa7d87ed4ab88eeb0621,46_2543_7478,cup,cup,0.9998308420181274,True,1.7274231140618213e-05,4.878383492723515e-07,3.9230516790667025e-07,8.817351044854149e-07,4.505384822550695e-06,1.781094283614948e-06,0.00010029105033027008,9.145630741613786e-08,8.286795694090188e-10,0.9998308420181274,4.44403497112944e-07,1.1667135879633861e-07,5.84495069233526e-07,9.176948765343695e-07,3.359827260851489e-08,3.2004237482397e-07,9.424391933521292e-09,4.690876266977284e-06,1.0177024705626536e-05,1.1516680586964867e-07,9.21976152312709e-06,7.973446258802142e-08,4.560777426831919e-07,1.045914554964611e-08,2.8942662311237655e-07,1.6049918485805392e-05
window-191a4ca97781e0c950f9,46_2543_7478,cup,cup,0.9999459981918335,True,3.2929101507761516e-06,1.792864026128882e-07,1.4371705958637904e-07,3.026485373425203e-08,3.161392442052602e-06,3.181691852205404e-07,1.0743327948148362e-05,1.5734325842231556e-08,3.976187434862055e-10,0.9999459981918335,6.373535370585159e-07,3.5546491972127114e-08,3.974561479935801e-08,8.09382338928799e-09,5.110399659002951e-09,1.9654885363706853e-07,1.2542912264379424e-09,3.676538199215429e-06,1.9289583974568814e-07,1.2633966761654847e-08,1.2811755141228787e-06,4.134789932663807e-08,1.108204230604315e-07,2.192637849063317e-09,1.3657781039455585e-07,2.973119444504846e-05
window-4347655143c93065ad53,589_88288_175265,cup,cup,1.0,True,8.6358611234294e-12,1.3754868771753692e-11,3.5232046446953547e-11,4.5669310000384655e-10,2.92932095247167e-10,5.548599357751982e-10,4.394224133869029e-12,2.8459912378153707e-12,6.383237688423193e-12,1.0,3.92589329101245e-11,3.0864099470617745e-11,3.231797815472781e-11,2.439855392374901e-12,6.06839134498216e-10,2.843337978258864e-12,2.8578509350674075e-11,4.3151418549491893e-10,3.9310055210961536e-10,7.542000357574352e-10,1.7232999749428046e-11,5.283091186747413e-10,4.675482223603922e-10,3.436276610480071e-11,5.308289571792635e-11,2.097577223025837e-09
window-71d5169dc65e250cd9b7,589_88288_175265,cup,cup,1.0,True,4.9137683505451335e-11,2.5356852034752464e-11,6.211454961491114e-11,3.45961148617846e-10,1.6127652546771287e-09,1.238730645836128e-10,8.84274597989787e-12,3.677721321926342e-12,1.323668518543597e-11,1.0,2.7152922271733715e-11,8.893346059579699e-10,2.0161719516131882e-11,4.209946627420358e-12,6.694880205770914e-10,3.255435634605397e-12,1.1455118104075623e-10,3.213704635740555e-09,8.371034421195134e-10,2.049717728880296e-09,3.851230098717018e-11,2.3691026918015723e-10,1.2589627951253846e-10,3.8651311318194104e-11,1.7216320036261834e-10,4.9277510072442965e-08
window-13d85ad0f1d4ccccfc7b,589_88288_175265,cup,cup,0.9997639060020447,True,1.352380873953507e-08,1.3961139799789635e-08,4.339612047488117e-08,6.626490630878834e-06,3.4283240779586777e-07,5.014632620259363e-08,2.1941919392531872e-09,2.2941795130293485e-09,2.156040485035149e-10,0.9997639060020447,3.7691126664185504e-08,8.188946054588087e-08,8.98880259114776e-09,2.086150807656395e-09,6.831652967775881e-07,5.115915246989289e-09,1.2831001150459542e-08,1.4579072740161791e-06,1.682658421486849e-07,3.1517367915512295e-07,2.7491076082242216e-08,2.09072084089712e-08,6.305625532831982e-08,3.4055882558448047e-09,2.9638266951792502e-08,0.00022613351757172495
window-4fd077101ab0625cc133,589_88288_175265,cup,cup,0.9999998807907104,True,4.0000744383483777e-10,1.343065658687692e-10,3.054761998910749e-10,3.3234476282117953e-10,2.3769566315223756e-09,9.08741637495325e-10,7.993697370700659e-11,1.8818899563677327e-11,5.020230064989306e-11,0.9999998807907104,1.1225030627226573e-10,2.1528476779053562e-09,8.375437149377163e-11,9.231622410954543e-12,2.4296886724783917e-09,1.3509112231635534e-11,3.161056139067142e-10,4.436921496875357e-09,7.560968517950073e-10,7.891358677625249e-09,1.5731166369548077e-10,8.733750389566808e-10,3.5255381947152387e-10,8.134693613159882e-11,1.2016824202376597e-09,8.003076601426073e-08
window-64e0de49b22c8a22a19d,595_90563_180752,cup,cup,1.0,True,1.440528096384886e-14,3.348537809880203e-13,2.7706293205878585e-13,5.400245138217907e-13,1.262907557393958e-13,1.051280416886069e-11,2.4404579445085235e-14,6.146270541536282e-15,3.7518444839616805e-13,1.0,4.094798671417255e-15,1.3386017554822827e-12,3.611342453378741e-13,1.5215793238549345e-14,4.794711177570632e-13,2.540328550000668e-14,1.0754771910276989e-13,9.07945593708881e-12,1.885574487346664e-13,7.527875892088254e-13,9.756107868189728e-14,2.5109905474329786e-11,7.509251033488429e-12,7.226560929524117e-13,6.772391349975371e-13,2.8717503635505848e-12
window-814ed3120d4c6ce281b4,595_90563_180752,cup,cup,1.0,True,2.7184089940006373e-13,1.3493739979553165e-11,8.423909356528037e-13,3.401809866784844e-12,2.5838324535509827e-12,2.119009134826655e-10,1.4116302527941715e-12,8.17138105227086e-14,2.482118894100993e-12,1.0,6.570991580717722e-13,2.698397928713181e-12,3.272406000690009e-12,4.0315187711630063e-13,1.0363685604142248e-11,7.050232657878838e-14,1.2673022353748564e-12,2.451046310358862e-11,1.2915213603442721e-12,4.949727260006309e-12,1.4304239216722525e-12,1.342102956547464e-10,7.596352019634267e-11,1.2256090239914919e-11,9.632915992652258e-12,1.2546981509320432e-10
window-2a8b238964d9162bf9dd,595_90563_180752,cup,cup,1.0,True,1.916719821054569e-12,1.7514868028145614e-11,3.646972047272046e-12,2.2168291508029014e-11,8.217825725465033e-12,1.0924881138629772e-10,1.1008958501756982e-12,4.690579522015348e-13,8.552769603653587e-12,1.0,3.862474034187213e-13,6.251863610140518e-12,1.09912981494098e-11,1.3695906388166978e-12,8.958542241366274e-12,2.9073851616143176e-13,9.770536463227231e-11,1.0966274763268835e-11,2.614889381413743e-11,1.6146381107140506e-11,2.974023805002446e-12,2.7470281604990987e-10,9.99537785872917e-10,1.7211887470836018e-10,4.8059688173562876e-11,3.9001238349989364e-10
window-b345e6be4d08de51340f,598_92112_184082,cup,cup,0.9999982118606567,True,5.620060861133425e-09,4.349160753758241e-10,3.3597984394617697e-09,9.138525456364732e-07,3.8226801279961364e-08,4.912218969366222e-07,6.623600556920906e-10,9.553570157194713e-10,6.127570117975267e-10,0.9999982118606567,1.496748169849127e-09,5.887358156542177e-09,2.191932635398075e-09,4.043667831132858e-11,1.8849574345836118e-08,1.8170617233081998e-09,1.8671866275354887e-09,2.3589961983816465e-08,6.9626002741074444e-09,6.571156507817477e-09,5.168500627483752e-10,5.893495824693673e-08,2.56931431685814e-09,2.681994359932105e-08,1.4417717020265286e-09,1.45982880894735e-07
window-294bd9ac3b066a8e4859,598_92112_184082,cup,cup,0.9999998807907104,True,3.275350268783228e-10,4.504897149759657e-11,2.8987845457351114e-10,6.842678601515217e-08,1.1891421181076112e-09,2.612056704265342e-08,2.2308868641296442e-10,8.049987759717325e-11,7.312072475285092e-11,0.9999998807907104,3.2642267795007784e-12,5.292291493930179e-09,3.8013209247012014e-10,2.9354867061431866e-12,6.375058259067146e-09,1.9122556316197858e-10,6.926382245531215e-10,2.1280706086201917e-09,3.989363950296365e-09,6.037830235783304e-10,8.037744081423881e-11,2.6701570732257096e-08,5.443541728489265e-10,2.1132624539177414e-09,1.5056920987799316e-10,3.916385438174075e-08
window-0e1d785313ffae703c13,598_92112_184082,cup,cup,0.9999998807907104,True,2.9861776246198346e-11,2.3809516858097624e-11,3.5894669181413263e-11,4.560769983896762e-09,3.4052423103503315e-09,4.5350327937399015e-09,1.8133270926479206e-11,3.742328322231536e-11,6.217653475415474e-11,0.9999998807907104,5.332397717827675e-12,3.850548491168837e-10,1.2296674789524786e-10,2.8270495753407454e-12,1.563467577625488e-09,7.205894214656894e-11,2.910302276948329e-10,3.1949093370897685e-10,1.6624434051593084e-09,1.8111399879838785e-10,3.2031141627975046e-11,2.5074224918597565e-09,7.914809363462894e-10,3.6515153123417576e-09,1.0904269848177606e-10,1.663417350528107e-07
window-e818a6c632e6a8915d37,598_92112_184082,cup,cup,0.9999998807907104,True,8.900620518392799e-11,7.040406452274439e-11,6.388502227228088e-11,9.43067934855435e-09,3.1331455208061243e-09,1.4651472035609459e-08,3.681316362857956e-11,4.460998931365978e-11,1.1995977822198967e-10,0.9999998807907104,1.8154382511181844e-11,9.487252095041754e-10,4.960080124405408e-10,2.859954027073508e-12,9.790108723706226e-10,9.859908722820165e-11,3.1253133414566037e-10,8.890715941234362e-10,5.180827433726165e-10,4.520953056363908e-10,9.608293327634243e-11,1.526537118934357e-08,7.405722701747663e-10,2.104798779711814e-09,2.4173085755307966e-10,9.049942661931709e-08
window-5a96ab6d465543704fe7,606_94988_191151,cup,cup,1.0,True,3.474571162471324e-13,1.2317578597723089e-12,2.317275603173907e-13,1.2342319007097036e-12,5.107381531588295e-13,1.7963140740498429e-12,2.0944854737300206e-14,1.2047829368259239e-13,4.0019615225872496e-13,1.0,8.726162153971373e-13,3.122270237493341e-13,3.553042192058764e-13,4.5842276914613567e-14,1.8555281009607905e-12,1.2358395353622743e-14,1.7050381560194255e-13,1.7786876572306598e-12,2.397711207097891e-13,3.16832064056749e-12,8.364633313252823e-14,1.962320583803745e-11,2.85292059074016e-12,2.4644649927567375e-13,5.039422655214731e-13,4.757503418995057e-11
window-48e5b23dfedd246f01aa,606_94988_191151,cup,cup,1.0,True,1.900291772896634e-12,5.852283935237068e-12,1.8395053275749307e-12,4.795747566427311e-12,2.5210718929136178e-12,7.70525223486862e-12,1.2165989786774856e-13,1.040106802768781e-12,3.40516612302999e-12,1.0,7.720522138265906e-12,2.208686575647101e-12,4.6362267323851736e-12,3.0978659307928647e-13,1.2121808765086506e-11,1.0297666853346238e-13,7.279420122241476e-13,1.1476784800290574e-11,7.859004245991397e-13,2.1310337175450833e-11,5.416058226903608e-13,7.037789101493885e-11,2.282078692683598e-11,1.3426675136291033e-12,4.071285843176842e-12,1.129029092439282e-09
window-deaa311f65b9d65947fb,606_94988_191151,cup,cup,1.0,True,4.1559006127948883e-13,3.759597234226364e-12,5.826485669803427e-13,3.836726075734376e-12,1.1646311085661276e-12,2.220950203260519e-12,2.2907884085748148e-14,2.8349862062938824e-13,1.1294991634699936e-12,1.0,2.187660426075655e-12,8.075892927485173e-13,9.87220721837545e-13,2.488341292999213e-13,4.157036260360458e-12,3.448286374865307e-14,4.623746047496824e-13,7.774695817697186e-12,6.462606057938691e-13,1.2345503959398929e-11,2.0286641019395119e-13,3.020323574576267e-11,9.774651574256943e-12,5.2354350238773e-13,2.4289669667970637e-12,2.4195781489488866e-10
window-458159f75c694f11b35c,606_94988_191151,cup,cup,1.0,True,3.841388470336715e-13,9.1322153832063e-13,3.76440279772558e-13,6.1334064997004e-13,6.778452582220651e-13,8.528460056222986e-13,9.523924956512421e-15,1.5811793064104962e-13,4.783941255290247e-13,1.0,6.654944065438706e-13,3.9362664603498354e-13,7.411590872280494e-13,5.469664773730988e-14,2.347352997741914e-12,1.4421391530505638e-14,1.8782555805813006e-13,6.273316935367923e-12,3.33865286762311e-13,5.187784229976344e-12,1.365815148696506e-13,2.07184096268076e-11,3.5465846839194404e-12,1.2974216427770469e-13,9.97448976712556e-13,5.5020678985107097e-11
window-c86290eb89273f8ad893,394_48845_96618,frisbee,frisbee,0.9996933937072754,True,3.2114376153913327e-06,2.2996846382739022e-05,8.369203897018451e-06,6.489745373983169e-06,9.380726595509259e-08,3.4866809528466547e-06,1.0259296686854213e-05,1.111412871068751e-06,1.8672418491405551e-06,8.242433295890805e-07,0.9996933937072754,9.41647249419475e-06,1.2943427464051638e-05,0.00013507531548384577,3.6828461702498316e-07,1.0830141036421992e-05,7.33018907794758e-07,1.0000227121054195e-05,3.917110404927371e-07,4.949779395246878e-07,4.7387460654135793e-05,3.3880164664878976e-06,6.415073130483506e-06,4.857045041717356e-06,2.7802539079857524e-06,2.943711251646164e-06
window-69b2f01e3e44bc0707c2,394_48845_96618,frisbee,frisbee,0.9998427629470825,True,5.138099822943332e-06,8.093448741419706e-06,1.0561555427557323e-05,4.100284968444612e-06,1.7270944852043613e-07,1.8947188209494925e-06,6.698208835587138e-06,1.3535832295019645e-06,9.223085157827882e-07,2.4256619326479267e-06,0.9998427629470825,2.572039647930069e-06,1.68882506841328e-05,1.1817274753411766e-05,1.7027703336225386e-07,1.173282271338394e-06,2.7649048206512816e-07,4.335154517320916e-05,1.303352377135525e-07,7.760456242067448e-07,2.219507769041229e-05,5.762141881859861e-06,1.861991790974571e-06,5.230792794463923e-06,1.9408128082432086e-06,1.6674176777087268e-06
window-d22ceddbf42b1eb62e39,394_48845_96618,frisbee,frisbee,0.9999470710754395,True,2.3180650714493822e-06,1.1215076938242419e-06,1.9287463146611117e-06,1.7977214383790852e-07,1.1050857295913374e-07,5.312357188813621e-06,2.8995109460083768e-06,1.7479685254784272e-07,8.162200515471341e-07,4.435022304960512e-08,0.9999470710754395,1.854574946946741e-07,3.788360345424735e-06,5.265128038445255e-06,4.35573319634841e-08,7.59652323267801e-07,6.949669995037766e-08,1.565904653944017e-06,1.706692103198293e-07,1.4458795760674548e-07,2.4383414711337537e-05,5.782675316368113e-07,1.380515755045053e-07,1.4424861660700117e-07,2.5998102159974223e-07,5.859270686414675e-07
window-1a1f0b8fbb2da84055a6,394_48845_96618,frisbee,frisbee,0.9999889135360718,True,2.0675597625086084e-06,4.43045024667299e-07,1.7496579118869704e-07,2.3277955563116848e-07,3.040188545355704e-08,1.0555470453255111e-06,1.1491373470562394e-06,8.550996000167288e-08,1.4412511006867135e-07,5.3651692866196754e-08,0.9999889135360718,4.0978463289320644e-08,4.165068503425573e-07,1.0494063644728158e-06,3.916820645599728e-08,1.1868937832559823e-07,2.4459090752770862e-08,1.570400058881205e-06,3.7399733088250287e-08,4.786447149740525e-08,1.3099602256261278e-06,4.181764836630464e-07,3.0324279975957324e-08,2.951535691408935e-07,8.584397903632635e-08,3.6106109746469883e-07
window-4b5fc300f30ddb748287,416_57524_111894,frisbee,frisbee,0.9999997615814209,True,4.440241143516266e-12,4.483503290853008e-10,5.738175490321851e-10,2.021819867081831e-08,1.2043381049375856e-11,3.0402413919716764e-10,1.2611213184854364e-09,1.3358406047991878e-10,1.4164996953169862e-10,8.577075681637236e-12,0.9999997615814209,5.6583765450923806e-11,1.1103059444073082e-10,7.813077473883823e-08,6.241139549612029e-12,1.8334302964717608e-09,4.968961353490897e-10,1.8876631160957835e-11,2.3503923807233207e-10,3.2376290537428076e-10,7.130535606414412e-10,4.627596569828363e-11,2.7067079480525003e-11,6.075967728946807e-09,6.391435124208922e-12,7.423124515071322e-08
window-1cf67e5e5c62e1793530,416_57524_111894,frisbee,frisbee,0.9999997615814209,True,6.560352261431035e-11,1.6123559154479494e-09,6.745147773656868e-10,2.0135342282401325e-08,2.2695129109351342e-10,1.8605265938997917e-10,8.71714931349743e-08,7.0117273098802e-11,2.6818665344041648e-11,1.4610139270274103e-12,0.9999997615814209,7.72875600324463e-12,1.9911067239419822e-10,2.2522306242223067e-09,4.283205734534334e-12,1.3930595343936147e-08,1.77047188021362e-09,3.308336243845744e-11,1.467805460508842e-10,8.353583380582563e-10,4.824798893743321e-10,9.211258145125356e-11,4.6873967381177994e-12,2.0811181666857692e-09,1.7393550141853176e-11,4.4451056169236836e-08
window-95f6ff1a5df2ddaff134,416_57524_111894,frisbee,frisbee,0.9999988079071045,True,4.1013151208524334e-10,6.394121676578379e-09,4.244399942621158e-09,1.8621642539073946e-07,4.5093823120012644e-10,4.328278180310008e-09,3.236444001686323e-08,1.9542858442633815e-09,1.166398755358955e-09,2.037914142993813e-10,0.9999988079071045,6.766812110647891e-11,1.2737517707250845e-08,5.6359219513524295e-08,1.1483674428047763e-10,1.677419732004637e-07,2.3411899974234984e-07,5.362249533291674e-10,4.2771346464576254e-09,6.3742975342506725e-09,2.1782232906275567e-08,3.787271829480687e-09,4.2310208114848535e-10,1.3208072857651132e-07,8.40666980472804e-11,4.0781773691378476e-07
window-2171a442e2a179597ca0,416_57524_111894,frisbee,frisbee,1.0,True,1.3880158307444379e-11,1.0245827519739237e-09,3.067900100628407e-10,9.472612028105232e-09,2.0097829650511656e-11,3.0040200882375245e-10,5.044645146057292e-09,5.839976419119708e-11,4.961005217740677e-11,3.5431163211696592e-12,1.0,4.324299598956749e-12,1.8601686857522282e-10,8.219720015745224e-09,3.709720464845079e-12,4.7170107819738405e-09,5.990730134186606e-10,1.75766450005721e-11,3.0220423385962647e-10,2.0307616699355435e-10,3.2957864215532595e-10,1.2068408772325512e-10,2.9030089963855144e-12,1.5954877419233071e-09,3.5694819496001617e-12,3.109992974259512e-08
window-59b89b3988576c19a10d,422_58685_113855,frisbee,frisbee,0.9999957084655762,True,1.3045489168084234e-11,1.633299398506871e-11,2.2061184476451778e-11,2.357097676763953e-11,4.346674813859863e-06,4.552548008712742e-12,7.074189845024392e-11,7.139662472344099e-11,2.541862900717895e-11,1.979136646235169e-11,0.9999957084655762,2.646184920490624e-12,5.270052796935154e-11,5.018526705313775e-10,1.1814397116866049e-12,1.747070155211361e-09,9.654666389274924e-13,1.5840439853906374e-12,2.7888056447489262e-11,7.397990206547966e-12,1.9540169829412868e-11,2.3420846859134592e-11,2.913048621766556e-11,1.1385642428862752e-11,4.494371888541515e-12,6.867734714255391e-10
window-dba281ee2e444c2ab8fa,422_58685_113855,frisbee,frisbee,0.9999991655349731,True,7.437318989833575e-12,8.443869735363929e-12,1.1958634603403961e-11,3.13617909419861e-10,7.854914656491019e-07,9.279031536191251e-12,2.7674978628211555e-11,7.741370045000195e-11,9.670780148907099e-11,3.925932495763007e-12,0.9999991655349731,6.292029397503285e-12,9.200396521025223e-12,5.336985020587548e-11,2.151947890716155e-12,1.4470654674525463e-09,5.49232805503036e-13,3.2669277439528743e-12,3.490906522185533e-11,5.071065962980459e-12,1.709111845105138e-11,3.393203079626872e-11,1.2883151143117111e-11,1.7791755915763652e-11,2.344075888255359e-12,5.524686264024581e-10
window-4c6c5d823609976a6800,422_58685_113855,frisbee,frisbee,0.9999994039535522,True,3.474141807568998e-11,1.0128651389829102e-10,4.4228547907421145e-11,2.572369747766423e-11,5.485901510837721e-07,7.003086478774012e-12,3.107904905652603e-11,4.986626042646769e-11,3.6639701689322735e-11,4.1775589931791757e-11,0.9999994039535522,6.982516236216096e-13,3.102296197710075e-11,6.2598225214483e-11,1.3257516829137672e-12,1.289437778773106e-09,1.5269584641847134e-12,4.2701853338045215e-12,2.8893314824030014e-11,5.544823714759284e-12,1.3004818576189958e-11,4.3690179946098695e-11,1.1003484234883842e-10,4.6206007769944435e-11,1.7103178682337239e-12,1.1538681121692207e-10
window-d2e8673808626ee0d782,422_58685_113855,frisbee,frisbee,0.9999992847442627,True,5.113033694353897e-12,2.956484709826235e-11,2.6533707956494235e-12,4.9534352314362096e-12,6.77889431699441e-07,5.883277805901477e-13,1.4417800286992133e-11,3.8889176601220043e-11,3.0651006038828754e-11,1.6653541393130133e-11,0.9999992847442627,1.4142184060102203e-13,9.988270627259155e-12,1.207366585181946e-11,4.968494013565458e-14,5.947595194122357e-11,4.0828522203731343e-13,2.24571880189095e-12,6.4539081544301435e-12,1.5930119636603512e-12,5.031488680556917e-12,1.1607079013209454e-11,2.838746382058388e-12,3.4708744125339086e-12,3.318284503509711e-13,4.338351206056856e-11
window-4c05ae2627cfe9455c8f,426_59777_116430,frisbee,frisbee,0.999991774559021,True,1.0687561768918385e-07,6.782862271847989e-08,9.436072367918769e-09,5.294351012707921e-06,1.274145566831919e-09,5.7421424060066784e-08,8.028723641473334e-07,1.0042156439737937e-08,4.5257262826226e-08,5.850060347256658e-08,0.999991774559021,6.864678964157989e-11,1.2669011084653903e-07,4.062555181150174e-09,6.785508266382578e-10,1.4335293485601142e-07,1.3053223391068514e-08,1.8365385656693434e-08,5.817124915097338e-08,2.4487996075350793e-09,1.0568700359314676e-09,6.592068757527159e-08,1.4786281574141746e-11,1.3733418313677248e-07,5.372859379626505e-10,1.325421862929943e-06
window-d22360f88c5652557df7,426_59777_116430,frisbee,frisbee,0.9787930846214294,True,3.264263068558648e-05,3.312829358037561e-05,0.00034559014602564275,0.018532035872340202,9.69120947047486e-07,1.9658175006043166e-05,7.636453665327281e-05,0.00025782128795981407,3.959379318985157e-05,0.0012705248082056642,0.9787930846214294,2.1937745486866334e-07,3.0924700695322827e-05,9.30178339331178e-06,1.3605143749373383e-06,7.549145266239066e-06,1.0717482837208081e-05,2.033460077655036e-05,0.00016514305025339127,1.5896857803454623e-05,1.1659924439300084e-06,0.00015611441631335765,1.4624549748987192e-07,8.602931302448269e-06,6.749810950168467e-07,0.00017047024448402226
window-3765a01046420b417e88,426_59777_116430,frisbee,frisbee,0.9997996687889099,True,8.763174150772102e-07,3.9707106225250755e-06,2.7796596668849816e-07,0.0001748343784129247,2.178317259904361e-08,2.4698721290405956e-07,9.629279702494387e-06,1.027141706799739e-06,1.2782447811332531e-06,5.68243137877289e-07,0.9997996687889099,3.8394820656151296e-10,3.2262889249068394e-07,2.755126047304657e-07,8.901597681187923e-09,1.5723429669378675e-06,2.46300146500289e-07,8.397352644351486e-07,2.1590478809230262e-06,3.333553308948467e-07,2.1598655308707748e-08,7.416704193019541e-07,2.610063498664772e-09,1.2951977623743005e-07,1.0651683979290283e-08,9.993257208407158e-07
window-0b37c96312d5822fa8c7,426_59777_116430,frisbee,frisbee,0.9999992847442627,True,2.0803472278174695e-09,1.7982695332818821e-09,3.2767855095983123e-10,6.207992555573583e-07,9.735742767524869e-11,4.344624215946169e-09,3.255315661476743e-08,4.124380281744777e-10,2.8585114275614387e-09,2.7207300301590465e-10,0.9999992847442627,7.836774632008492e-12,1.1120248055718207e-09,7.608922381052707e-10,6.517979905806826e-11,2.4502210038690464e-08,1.2373177482594144e-10,1.0344493039937674e-09,6.192187207432198e-09,7.846873845140934e-11,3.83287047933667e-11,1.7444392597099068e-09,2.6533492742362996e-13,1.439849572903995e-09,1.5349220158777932e-11,1.0804965455690763e-07
window-b16b2685af1130ae398a,68_5333_12478,frisbee,frisbee,0.9999915361404419,True,6.04714145424623e-09,4.421812693777838e-09,6.701057486679929e-10,9.939964129568324e-11,1.2924660230950735e-09,1.1209020840396988e-06,7.0922551458352245e-06,1.3285008509944518e-11,1.655902324981806e-11,2.0788663845916489e-10,0.9999915361404419,6.250788775474803e-11,1.0469419081671205e-10,2.757997208391316e-07,4.221838503792874e-11,6.319774925600541e-09,8.89968029826882e-11,1.9489634350833285e-09,3.4175162699767725e-10,2.2913318811768058e-11,1.6291654691968915e-09,1.6443713057867626e-10,7.947773515704082e-12,5.453215656814336e-09,1.8993390193955406e-10,6.589260248546225e-09
window-9b5b680a15305f147327,68_5333_12478,frisbee,frisbee,0.999997615814209,True,6.839932176205821e-09,1.6647971889938162e-09,3.145903537671302e-10,1.1247953089765783e-11,9.532686862101514e-10,3.035514453131327e-07,1.9918338693969417e-06,5.549066848381523e-12,5.418765696568739e-12,6.244999656290773e-11,0.999997615814209,6.931526533304755e-12,2.3310412627930432e-11,3.2633170832241376e-08,3.240703538853751e-11,1.029861085299899e-08,1.1136922981047626e-11,1.6180239370555682e-09,3.0499734682276625e-11,3.893473651123136e-12,9.742789908173677e-10,6.651051931427787e-11,1.9858398779548647e-12,8.314651744889545e-10,7.526358009046774e-11,2.8914242111710564e-09
window-e66fb0615e9b3c021719,68_5333_12478,frisbee,frisbee,0.9999994039535522,True,1.0113367920894234e-09,5.114044188125888e-10,8.766570108731386e-11,1.1108875104526295e-11,9.70850344561569e-11,8.820943975251794e-08,4.1908273828994425e-07,4.719257211578676e-13,1.2300127279554762e-12,2.2138107319547018e-11,0.9999994039535522,5.61662999096213e-12,5.587545183483034e-12,9.368267051002022e-09,2.620598616581704e-12,1.5349530535502254e-09,4.6072924121676184e-12,2.460437686924166e-10,7.786147594723847e-12,1.0841127258062744e-12,1.1170902397550364e-10,9.231406437881784e-12,4.743044607243008e-13,1.0348401024984355e-09,1.8072975407901204e-11,1.388543391378505e-09
window-6fc29fcb353757443d80,68_5333_12478,frisbee,frisbee,0.9999961853027344,True,4.446437884553234e-08,4.968794264925691e-09,9.870452233329274e-10,5.5805218085458463e-11,1.6993989548907962e-09,1.770991730154492e-06,1.9263684407633264e-06,2.3540839416691384e-11,1.3566126520758726e-11,3.8130565371830016e-10,0.9999961853027344,1.891086939820319e-11,4.3322102849518984e-11,1.1288999957059787e-07,1.0757024437868523e-10,2.1322037468962662e-08,2.553385280990028e-11,5.395520474849036e-09,1.5207554660001676e-10,1.803348963214102e-11,2.619209960030844e-09,3.382036040111558e-10,7.347481997821426e-12,7.461217754745064e-10,2.68488814514356e-10,9.415259683009936e-09
window-962ad405594b951fe83a,68_5364_12501,frisbee,frisbee,0.9999853372573853,True,1.694803444252102e-07,4.672102349445595e-08,7.899285670021072e-09,8.444792642947618e-10,7.423320846910997e-10,9.162864444078878e-06,4.964059371559415e-06,1.0313629811298242e-10,3.170695372922694e-10,1.5535431829860613e-09,0.9999853372573853,9.340332951524033e-10,7.396807055748411e-10,2.285499789422829e-07,6.783265060761323e-10,9.110270582368685e-08,2.8866264933924413e-10,7.068378327090841e-09,2.1237618330616215e-09,2.4018403932402066e-10,2.9675308876875306e-09,3.84356768634575e-09,4.9102485966123766e-11,1.6529694946143536e-08,1.05663344740492e-09,7.515271072122687e-09
window-e61caed2362677a546b4,68_5364_12501,frisbee,frisbee,0.9999963045120239,True,1.7000450824866675e-08,2.6638703687353882e-08,1.648349123861692e-09,2.852630076599638e-10,2.7389570611546787e-09,1.084894023506422e-07,2.5920394364220556e-06,8.718618882408435e-11,8.415985269794035e-11,3.4177280450187197e-10,0.9999963045120239,3.0956268104453954e-10,5.731832786182167e-10,8.886976274879999e-07,1.8490932396364457e-10,1.1184780213113754e-08,4.626435345933544e-10,4.251122120990658e-09,5.249993217937288e-10,8.377292609607068e-11,3.827610228768208e-09,9.166976067120913e-10,1.642196795215156e-11,5.641303868486602e-09,2.1798490790203573e-10,2.2226330997909827e-08
window-e884a16e2b2981ed76d2,68_5364_12501,frisbee,frisbee,0.9999982118606567,True,4.656149599213677e-08,1.8472865903618185e-08,1.1283705081410744e-09,1.9185947275346393e-10,1.132480109689027e-09,2.140272812312105e-07,1.1964506256845198e-06,7.735546925236036e-11,8.293587344665454e-11,1.6468305885641854e-10,0.9999982118606567,3.2079955358810253e-10,3.5055638947234513e-10,2.509897001345962e-07,1.7853789280319887e-10,2.5070322706710613e-08,1.693593043583519e-10,4.613581072732131e-09,8.090599301624479e-10,5.030516281312458e-11,2.004961086043977e-09,8.134249385172154e-10,1.516887483676843e-11,9.332515205073832e-09,3.130331271972153e-10,2.1039493702801337e-08
window-c519d5f5ed2c40645803,68_5364_12501,frisbee,frisbee,0.9999979734420776,True,5.068546826692e-08,3.604895937314723e-08,9.51710266150485e-10,5.252896451146682e-10,1.5826788768436018e-09,4.1358984503858665e-07,6.298726589193393e-07,1.398990784329257e-10,1.0939391753561623e-10,1.0108319736801263e-09,0.9999979734420776,7.683201297403741e-10,2.471176041574097e-10,9.252843256035703e-07,4.384023144510252e-10,3.048455710086273e-08,3.3818289835174653e-10,7.215831487883406e-09,1.9151000785200267e-09,1.564015583710443e-10,5.672776914877886e-09,1.1868240834544963e-09,2.7744287769970732e-11,5.796933599810927e-09,5.62960511540922e-10,2.4142190468978697e-08
window-337a8796ee3fe5953476,68_5366_12503,frisbee,frisbee,0.9999994039535522,True,7.028964965627438e-09,4.547867860082988e-09,8.928812134101349e-10,3.967231404500282e-11,2.38877584379793e-10,3.0148891028147773e-07,1.9583039545523206e-07,1.477252521697725e-11,3.6430716082724857e-11,1.5712087186869894e-10,0.9999994039535522,7.928944306678787e-11,2.6549621875981977e-11,2.2458005233261247e-08,8.643012694431462e-11,2.627931650067694e-08,2.5271135878357498e-11,1.976030450379085e-09,1.5401194208841673e-10,2.8942404028953206e-11,7.439570071099411e-10,2.0434386127643478e-10,3.249100207630695e-12,1.2560149587059755e-09,9.861428340585121e-11,3.895246791785212e-09
window-7e057c62317e54b4a997,68_5366_12503,frisbee,frisbee,0.9999785423278809,True,5.222772188062663e-07,7.667322421411882e-08,1.3986235281038262e-08,2.1377559722424166e-09,3.280358429336161e-09,1.0336420018575154e-05,9.070582564163487e-06,6.736442514920782e-10,1.2990777342736237e-09,5.023528704128921e-09,0.9999785423278809,5.860321117268086e-09,1.2214138589428103e-09,8.538052611584135e-07,2.122694464645747e-09,2.301161288187359e-07,8.171066601114774e-10,3.395261671812477e-08,7.239263855041145e-09,6.561767795787432e-10,7.843920180050645e-09,7.2707728726584264e-09,1.374655389518864e-10,1.5629572658326651e-07,4.670669184747567e-09,1.0864940946930801e-07
window-59689ce27e2108719568,68_5366_12503,frisbee,frisbee,0.9999960660934448,True,7.02170908084554e-08,2.4049766622624702e-08,2.310761137991335e-09,7.243641797494149e-10,1.711669028736651e-09,8.759338356867374e-07,6.999682682362618e-07,1.3963967482322204e-10,1.9155996233699568e-10,9.791004673687098e-10,0.9999960660934448,1.0052120247294738e-09,4.2191466986807313e-10,2.141968252544757e-06,4.578207257743827e-10,4.0275700996517116e-08,7.57758578107115e-10,7.716145944414166e-09,2.2680299860411424e-09,2.8675109509102015e-10,6.105091543417984e-09,1.4169734274815937e-09,4.8030635024787216e-11,1.0822498452967011e-08,9.586916815962354e-10,1.9505092652138956e-08
window-2c4a6f077d5d98be1db8,68_5369_12506,frisbee,frisbee,0.9932981133460999,True,1.0764110811578576e-05,1.5181821026999387e-06,7.819456300239835e-07,2.9311804095044636e-09,5.0914184868133816e-08,0.006241464056074619,0.0004040169878862798,2.744444893565401e-09,1.4070055343040622e-08,1.164057721325662e-07,0.9932981133460999,6.857318624042819e-08,2.7117689427313962e-08,1.5006421563157346e-06,7.867054563348574e-08,3.869645661325194e-05,2.4196185055558317e-09,4.733842615678441e-07,2.1554720674998862e-08,3.5004237286528905e-09,7.711626182071996e-08,6.129837260004933e-08,6.039877931129922e-09,1.1455107369329198e-06,5.121797741480805e-08,9.13051792394981e-07
window-f31b729ae60c799bbd99,68_5369_12506,frisbee,frisbee,0.9999985694885254,True,6.289995635455625e-09,2.622260186768699e-09,5.021662530246829e-10,1.1548138834083232e-10,3.52447154794433e-10,6.160211682981753e-07,5.603905606221815e-07,1.8523864733777096e-11,2.0091055555337967e-11,8.876230306320565e-11,0.9999985694885254,3.09459458058825e-10,3.945728466181464e-11,1.9493805325510039e-07,1.6966135440998897e-10,2.2790295872709976e-08,2.9602348350366015e-11,1.9665085115860848e-09,3.8077960229365715e-10,2.683940916736738e-11,4.7246012657709e-10,1.41920225571468e-10,2.3091420268961382e-12,2.950289124115102e-09,1.412631539521314e-10,1.9204023260499525e-08
window-11137407a3428af633bb,68_5369_12506,frisbee,frisbee,0.9999897480010986,True,5.2566772268392015e-08,1.9731047018467507e-08,2.3456943054611656e-09,4.290035271470316e-10,2.8114244265964317e-10,7.586831088701729e-06,2.087383563775802e-06,6.858513756924367e-11,1.1472536809442602e-10,9.462958194816906e-10,0.9999897480010986,2.3646511415620353e-09,1.9240387061358888e-10,2.587323706393363e-07,4.823876298409857e-10,1.464793513150653e-07,6.747007119667359e-11,6.084314829735149e-09,1.4833553274584688e-09,9.095903197309241e-11,1.2824840078806687e-09,9.936861333770253e-10,3.148278165943097e-11,1.4424038852212107e-08,6.69749311565937e-10,1.0937206695871282e-08
window-e7b19b92c5209a35812e,68_5369_12506,frisbee,frisbee,0.9999871253967285,True,3.387814615507523e-07,3.5357466288132855e-08,3.3575336289004554e-08,2.094583839706843e-09,3.6668930114558407e-09,5.389082161855185e-06,7.215278969852079e-07,8.090632608315218e-10,8.372396109734837e-10,1.0820523144161598e-08,0.9999871253967285,6.184003975562291e-09,1.1514272868495823e-09,5.816238626721315e-06,3.3982110458907755e-09,2.4357200345548335e-07,1.548670303108679e-09,1.3474780757860572e-07,1.1965583190942652e-08,1.8458916617447585e-09,1.590263742912157e-08,5.804504876749661e-09,2.1025078900116512e-10,4.24688693101416e-08,4.351554228065879e-09,6.79036489259488e-08
window-de4515413702fc77ddd4,396_49550_97694,handbag,handbag,1.0,True,2.213831060745436e-13,1.2413505987018958e-11,3.577613465893803e-12,2.65014343803216e-10,7.377491846594086e-12,4.3971480644978966e-13,2.42651732040855e-12,1.1970801953864463e-12,5.141691759857903e-12,2.3331406251436704e-12,4.6226152246309216e-14,1.0,2.6010916443180813e-14,6.685490377446313e-13,6.743595482375242e-13,5.886430926027586e-11,8.518462085889411e-13,2.085756914405046e-12,3.427253056006996e-13,1.1065772592949025e-13,9.49877221149975e-13,1.461766092284572e-13,1.8062017810224762e-12,6.916774011184179e-13,6.850709669686816e-12,6.209589049552267e-13
window-872a7963339879b97dfe,396_49550_97694,handbag,handbag,1.0,True,2.7177648423849093e-14,2.633331920576243e-12,1.2821918006500344e-12,2.2996361759286543e-10,4.2910566593057364e-12,2.6680583740598673e-13,5.52488230946141e-13,6.201091072924325e-13,1.3813734878187489e-11,3.0495720965834083e-12,9.265217716311613e-14,1.0,9.602564511775047e-14,6.154115845397046e-12,9.692273025829756e-13,8.781402688340378e-11,1.6129259386432615e-12,1.401681830499879e-12,8.152828455745831e-13,1.512275276793068e-13,6.650820302475657e-13,2.0940111352795582e-13,8.246803576399814e-14,2.423293770509316e-12,3.903200679333807e-12,1.843508527256399e-13
window-a4adbdb7c1750cbe28a7,396_49550_97694,handbag,handbag,0.9999997615814209,True,1.3887940276957611e-11,2.4166996182017897e-10,2.7052746154332397e-10,2.0970806247078144e-07,2.833293821780103e-09,1.9972636391973886e-11,8.522856725923234e-11,9.97853119577563e-11,4.544225273850344e-10,1.6056914478590478e-11,2.0236803552342586e-11,0.9999997615814209,4.3657690310117125e-12,8.688091912567586e-10,1.0358589680459218e-10,3.4500988732588667e-08,4.04020733535404e-10,1.7956337805546951e-10,1.352487677408476e-09,5.504572925946194e-12,2.792628107928241e-11,1.0873400270450251e-11,4.289216898323289e-11,5.308095976652716e-11,4.6087486604839967e-10,1.695632106946121e-10
window-fd9926db608fb3bff380,396_49550_97694,handbag,handbag,1.0,True,2.450900159906011e-12,1.4831377792567935e-10,3.9074635888036724e-11,1.255546866474333e-08,2.047634950486099e-09,1.3034700922787135e-11,9.852879623295507e-11,8.432760045806731e-11,1.2737508825466648e-08,1.0636493907867361e-09,3.209554497174416e-11,1.0,4.412434653766617e-11,7.036718985276025e-10,2.1923410309376834e-10,4.419699717317371e-09,1.8104528987095136e-10,3.8697506310469976e-10,8.066530221562118e-10,5.098899080735464e-11,2.533013521155425e-10,6.300276272908079e-11,1.5541215883652093e-11,2.633681051023018e-10,2.970461099316424e-10,6.506743754908229e-11
window-7b24cbce415bcf9d1aaf,396_49773_98019,handbag,handbag,0.9999984502792358,True,2.129037834919245e-09,1.7784747896598674e-08,6.969262500433615e-08,1.3688985234239226e-07,1.9160919961791478e-08,2.5697659555845576e-09,2.913393082337734e-09,4.9082327535643344e-08,3.328438324956551e-08,1.0200462696730028e-08,9.768215125660618e-10,0.9999984502792358,3.890028854591776e-10,7.351935726873648e-10,9.42300637518656e-09,1.1697710533553618e-06,1.1897354212919709e-08,1.896895973629853e-08,3.364174361308869e-08,9.366788455977826e-10,1.172908881130752e-08,1.4094589939617208e-09,2.936902387951079e-10,3.650229007945427e-09,1.7307444366565505e-08,1.4781488255621866e-09
window-fd4c62743fbf1e84be0e,396_49773_98019,handbag,handbag,0.9999992847442627,True,1.9329569056480977e-08,5.377847145382475e-08,3.679796378719402e-08,1.4443951101839048e-07,2.658933873078695e-08,7.712551486349639e-09,8.425595865446667e-08,2.855646563659775e-08,2.7466413143883983e-08,3.0986281984723973e-08,9.740534767654907e-11,0.9999992847442627,2.3805474258509207e-10,5.177966388991706e-11,2.0028124936288805e-08,4.4543970290078505e-08,2.92351671760116e-08,2.808731558445743e-08,1.4720691332570368e-10,1.71898040246532e-09,8.651464433739875e-09,2.7002380331708764e-09,6.51191056633138e-09,2.4855994595895936e-08,6.423979925784806e-08,8.932649286919059e-09
window-d15d8d245c2895ad3cdc,396_49773_98019,handbag,handbag,0.9999996423721313,True,6.363767290906708e-10,3.0046967136598823e-09,9.2127772077788e-09,8.558282615922508e-08,3.0376112736263394e-09,7.119839162683661e-10,2.1444621634003624e-09,5.49656498094464e-09,1.0844998676873274e-08,1.5146129905829753e-09,2.8445697186629815e-11,0.9999996423721313,1.121216730570751e-10,5.1551752450196275e-11,3.752902877351971e-09,2.2669699717425829e-07,5.1209778639815795e-09,7.126092604892165e-09,2.8592905820801207e-10,7.858904499391528e-11,3.4583385044584247e-09,2.6140173359223695e-10,4.860757352176392e-10,1.1102851971145355e-09,4.164382172433534e-09,3.819431160234643e-10
window-90e6ca35d5cd7e19525e,396_49773_98019,handbag,handbag,0.9999949932098389,True,5.1448325599778855e-09,5.197583519134241e-08,9.751642693345275e-08,2.1475302958151588e-07,7.835186721649734e-08,6.985776845880309e-09,6.216799519620508e-09,5.57412995760842e-08,9.190292615812723e-08,8.618092905976482e-09,1.4606998943733629e-09,0.9999949932098389,1.0684263473947908e-09,4.034530043384166e-09,4.1099099234997993e-08,4.086062745045638e-06,6.203678282190594e-08,2.572534008038474e-08,2.3281014449594295e-08,5.488022480903965e-09,3.800878545234809e-08,3.6561251803846062e-09,4.898449201817812e-09,4.95932050981196e-09,4.994540958591642e-08,3.51646356477886e-09
window-75cf6ddb4d2ffe8866a5,398_50613_99289,handbag,handbag,0.999998927116394,True,2.941890437854755e-12,1.50782025754026e-10,5.860521269662744e-12,1.1135000477224821e-06,4.581314883012055e-09,3.478058466233058e-11,2.970066970142682e-10,1.6637478894576674e-10,2.544979693652749e-08,3.6220693111488345e-11,3.319424596304188e-12,0.999998927116394,1.1523647487632349e-11,7.53069384629157e-10,4.758970995055734e-10,3.0712221654738414e-10,1.178921404942912e-10,2.7328261875680937e-10,6.564167542855159e-10,2.336905842448278e-12,1.805642788066386e-11,5.64556214277534e-12,1.5652555640510712e-10,1.4080463461851878e-09,2.103694822508384e-11,7.793150014201444e-10
window-3ced881a9eebb50f3e8b,398_50613_99289,handbag,handbag,0.9999998807907104,True,6.88135728954542e-11,4.530252173395866e-09,5.577584227811627e-11,1.2001282811979763e-07,2.451114200496818e-09,9.666140110553556e-11,2.1660897520092703e-09,3.028834127949409e-10,2.3250765757154568e-09,1.839889351984425e-10,1.16911393760466e-11,0.9999998807907104,4.50552442576857e-11,1.117648595200249e-11,3.522251657006592e-10,4.354939520112566e-09,1.4300138850842359e-09,7.539884827600929e-10,2.3231767204423548e-11,8.417970313867595e-12,1.3271628240829614e-10,3.8462746876355425e-11,1.4928609737285825e-10,3.830187278452968e-09,3.201045539746872e-10,6.578989575345418e-10
window-255c3bb4936de0e51554,398_50613_99289,handbag,handbag,0.9999998807907104,True,4.0063087396180475e-12,1.605092447842793e-10,1.374650046570558e-11,9.856614724412793e-08,9.025558633801722e-10,3.8486082376554265e-11,3.908915147121661e-08,8.3826771912765e-11,1.295848761628804e-09,1.4271459881920467e-11,1.4386904861884986e-11,0.9999998807907104,1.2295307133536326e-11,2.8517030750685457e-11,1.0083228696444735e-09,1.852093922671827e-09,1.0946682449386458e-09,6.550454068054989e-10,7.729807766088115e-11,2.9994934487576064e-12,1.0073953823908077e-11,7.74537378678275e-12,5.256973328870984e-11,4.957488308754421e-10,4.8821821585498526e-11,4.283602916821394e-10
window-91cac7cd250ef374bdcd,398_50613_99289,handbag,handbag,0.9999998807907104,True,2.0884967366630036e-11,1.4670256121007696e-09,6.629890386689041e-11,1.6983197781428316e-07,9.75840297456898e-09,5.013464990377692e-11,3.847848706328705e-09,2.3006449523244044e-10,2.1690302887122925e-08,3.783454383121665e-10,1.2747646688238135e-11,0.9999998807907104,3.9561257048070786e-11,1.498100948849057e-10,1.1443941350108844e-09,2.361646211923585e-09,3.046383423299659e-10,1.4323150443473764e-09,1.3675661991729982e-10,1.925948289738244e-11,6.147361092390113e-11,8.103458182251444e-11,8.241610172099456e-11,4.50547776864596e-09,1.2095069390483104e-10,1.0060944299894459e-09
window-e62b236acc41ed629e93,399_50881_99810,handbag,handbag,1.0,True,8.86032919126048e-14,2.0780030474121247e-11,1.1664924234877638e-11,4.3146668460281035e-09,4.620063880078629e-12,2.2443672354627298e-12,1.931523517517686e-13,1.2465484373891389e-12,3.3308092395323285e-10,7.867362143698653e-12,7.286893527816418e-13,1.0,2.061794203249423e-13,5.336002473210755e-11,1.0401172978458106e-11,3.1880187378874325e-10,7.541547247802427e-12,2.1216437894738815e-12,4.647375539956755e-11,1.1314591841574129e-12,3.693172070245998e-12,1.2110317089419897e-12,6.062473439927274e-12,7.809413705983648e-12,4.596726645156313e-12,1.3080595634429315e-12
window-8552ed9c612696cf66c3,399_50881_99810,handbag,handbag,1.0,True,2.3218558152515723e-12,1.314597097845649e-09,8.308738419504635e-11,1.2908122570820524e-08,3.256294192621745e-11,5.32303888467478e-12,5.849527459633741e-12,1.2938667498518797e-11,1.1742805838821369e-08,6.161682969407778e-11,1.737067781282242e-11,1.0,1.6620574274511801e-12,6.103436089865966e-10,1.3854026433002264e-11,1.5417318532939817e-09,1.5073121570341463e-11,9.484317498031913e-11,4.189371072271797e-11,6.1317604639621326e-12,1.5036452985506266e-11,1.4094034099521036e-11,1.6246471182257416e-11,1.4806073034279166e-11,7.250965106120333e-11,5.2087563429115136e-11
window-bc7bbdb9877af12f07a5,399_50881_99810,handbag,handbag,1.0,True,1.956425906696202e-12,2.6816332487911154e-10,4.409549114736677e-11,7.909562782515422e-09,1.861836032568398e-11,1.023874561523197e-11,1.1449433415244847e-11,3.553669511435764e-11,3.6368341671533244e-10,2.076723168431549e-11,1.4938224268679079e-12,1.0,1.047964666434087e-12,4.834847799894959e-11,3.044767216131561e-11,8.809569740364509e-11,3.6297912592297976e-11,1.9075119955802577e-11,3.818605587985191e-12,2.389376240266583e-12,1.398226586596385e-12,5.784168716910232e-12,8.127730433127311e-11,1.910289981754687e-11,3.7142820069613336e-11,1.562387025311196e-11
window-dd92902345f6e3aee0ba,399_50881_99810,handbag,handbag,1.0,True,2.351654895121902e-12,9.037980364112741e-10,1.4936871184367817e-10,5.910637312922518e-09,2.3423181796933257e-11,3.9529711969021886e-12,7.476078133297759e-13,1.4127110939399223e-11,1.5395279495677983e-09,1.763830401180222e-11,2.9697949828488834e-12,1.0,3.1268546779594786e-12,2.0588708515845155e-09,3.29359768624915e-11,1.3840570911582972e-09,5.145245340898441e-11,2.642722152224053e-11,1.0466452704527285e-10,6.570393534799379e-12,1.6510698364058385e-10,4.656521262330626e-12,3.716259244779252e-11,3.213388929945715e-11,3.8402492991140846e-11,2.841402460540543e-12
window-a907cc823e4ddcde9142,401_51889_101876,handbag,handbag,1.0,True,1.612010001259814e-15,2.2377321621126073e-13,1.7720700395355143e-13,1.4706671991326914e-10,5.837178396889131e-12,3.511974443356179e-14,2.3489462328343813e-13,5.2614898250974776e-14,2.5303452909353208e-12,2.4194315713203796e-13,1.1307660130509614e-13,1.0,1.8676117222144557e-15,6.845709691797415e-15,1.7376360495879178e-13,2.0423789395818126e-11,4.291142433250107e-14,9.846106135275035e-13,5.1696335065390744e-14,2.1757434619424938e-15,2.579260217135549e-14,1.6056680114738368e-14,3.5076146800733666e-15,4.670234468248657e-13,5.5589901578429954e-14,6.766503590077688e-13
window-eaedc692ed00cd90f285,401_51889_101876,handbag,handbag,1.0,True,1.0918245474389465e-12,1.4699876732526818e-11,3.651525956605006e-11,9.86695614102473e-09,8.212130975238097e-10,3.507566416136032e-12,2.582135338879965e-10,6.623908886671526e-12,6.434504838670474e-12,3.0630512015683564e-11,7.425943540639857e-12,1.0,2.442606121706714e-13,5.225266630514737e-14,7.293029027910514e-12,1.6632768773394702e-10,2.4306585390265756e-12,7.000463403405988e-11,2.6578693130933917e-13,3.114579449382815e-13,1.2284613430668667e-12,1.3331516880016325e-12,3.2364456709239875e-13,1.1492885636232852e-11,5.168830641277822e-12,8.017024544226814e-12
window-9d4f30a88344df5a9ec4,401_51889_101876,handbag,handbag,1.0,True,5.237479829174607e-14,3.585230202995948e-12,1.904152183151986e-12,2.7554991621769886e-09,2.6236335326501603e-10,1.3893659443417472e-12,2.3571526674981413e-11,1.2008788061179665e-12,7.433656468158745e-11,2.603625648411878e-12,1.9830786318619786e-11,1.0,3.7211564125200214e-13,7.194255499491653e-13,1.460193251034969e-11,1.5663899066709064e-09,1.122909491085844e-11,4.286461810498743e-11,4.788855510057255e-12,1.988565020115407e-13,1.3071666145336724e-12,1.3300302699470468e-12,2.6605017559681865e-13,1.187115683531914e-10,2.2001009954836226e-12,5.968896904517962e-11
window-342c5e111be9e9d57fd0,401_51889_101876,handbag,handbag,1.0,True,3.674384147639431e-12,1.5401321884489505e-10,2.794292575103441e-10,2.3165567242244833e-08,1.3925676167758638e-09,8.907109078082343e-11,3.9878256252734445e-10,1.0905643749170579e-10,1.6627441090655282e-10,1.986945330489931e-10,9.824917268641542e-11,1.0,5.642209355977146e-12,1.349051729701567e-12,6.345549086184121e-11,9.211340135095725e-09,5.178128065219667e-11,5.944359449117087e-10,1.6066875260789537e-11,1.4898301776283818e-12,8.221133843133721e-12,2.8534445639660788e-11,1.149503409125785e-11,3.1696595348407186e-10,4.4657926662194924e-11,1.2015261008357925e-10
window-a1697d7650437ee9c753,403_53184_103786,handbag,handbag,0.9999996423721313,True,4.0309908189151145e-11,1.7763944759607853e-09,1.3693093880995377e-10,5.595595986562785e-09,4.5604986453895435e-09,3.2849906128618045e-10,4.914887163920412e-09,4.970098221868113e-10,3.6511036416442266e-09,4.4426848311296396e-10,1.3753880256928142e-09,0.9999996423721313,1.0288687263271257e-10,8.368844506279061e-10,4.0411315960220406e-10,3.770384182644193e-07,3.1745488460188653e-09,5.467535313385952e-10,1.0696894481299069e-09,3.540488735520597e-11,5.564738669860958e-10,5.036651651302293e-10,4.134154130142065e-11,3.576914986425095e-09,4.032261746722554e-10,5.954025050769474e-10
window-51058d3739dc58aec97f,403_53184_103786,handbag,handbag,0.9985450506210327,True,1.5997879643236956e-07,1.0012138318415964e-06,1.483281266700942e-06,7.424427508340159e-07,2.634737256812514e-06,3.351344446400617e-07,8.691537004779093e-06,1.127785509424939e-07,6.8077508785791e-07,1.2555562989291502e-07,3.766703002838767e-07,0.9985450506210327,6.186063927771102e-08,1.6646970379952108e-07,1.587671363267873e-07,0.0014342110371217132,1.032244426824036e-06,4.6853551793901715e-07,6.261120688577648e-08,3.3380352704170946e-08,2.3622868638994987e-07,7.689772729690958e-08,1.3133518450558768e-07,4.0257882005789725e-07,1.1138807849420118e-06,5.441781922854716e-07
window-b87ba22232f3b12b485a,403_53184_103786,handbag,handbag,0.9999995231628418,True,4.53859172466764e-11,1.1979380820648089e-09,4.1466330369388515e-10,3.719227237297673e-08,1.0885464751808627e-09,3.1366167996260685e-10,1.6106104894220152e-08,2.641880603171387e-10,2.301887569444716e-09,8.653669447689083e-11,5.31550303772832e-10,0.9999995231628418,4.490280369751076e-10,9.268824818775556e-09,1.4326042574452913e-09,5.050208073953399e-07,2.3170859009269407e-08,3.2329647847717524e-09,1.6367189825672313e-09,3.3835054202846493e-10,1.1476332106852283e-09,4.68238781081709e-10,4.9710149191417585e-11,1.6944299296994814e-09,2.605560878166102e-09,4.010166421153372e-09
window-d69a45659166ab9fccdb,403_53184_103786,handbag,handbag,1.0,True,3.5002549903656588e-12,4.343713722043674e-10,1.2844279806412118e-10,4.337622261374463e-09,1.0434406672032992e-09,9.103199444249199e-11,1.04745867535172e-09,7.514857486290438e-11,3.6444586237749377e-10,1.4807238768455022e-10,8.918907279387156e-11,1.0,1.4190574063044359e-11,5.5493689504748644e-11,4.6283830934523706e-11,2.62192525468663e-08,1.5424604649094675e-10,6.46176237517615e-11,3.814465410201251e-11,1.0904265337896568e-11,4.096298994449299e-11,4.466661762680957e-11,2.2773999699965408e-11,1.5732758151809634e-10,1.0315571313812555e-10,4.044693399651855e-11
window-d5209a6481636f38c836,404_53488_104285,handbag,handbag,1.0,True,6.21309237782211e-14,9.044989583706364e-12,1.558478389743212e-12,3.550531246787614e-08,7.046590533299479e-10,8.091496765151585e-13,4.1109392908030007e-13,1.5071130107791042e-12,1.2006653449248006e-09,3.664599439873184e-12,1.3682172799248105e-12,1.0,2.4851350361246305e-13,1.0569355720496665e-12,7.06617320211933e-10,5.051208895601178e-10,9.780791454527815e-11,3.1718913606759713e-10,1.1207981071015283e-10,9.287143536845788e-13,9.513554874440722e-12,2.0434845222211395e-12,3.510281800477022e-13,2.618722599878609e-11,1.052355771968827e-11,6.1901039849487915e-12
window-1dd215adff1fab0a6c49,404_53488_104285,handbag,handbag,0.9999967813491821,True,1.4701491413138257e-10,3.771880141556494e-09,2.364794138287607e-09,2.801720711431699e-06,2.040097868416524e-08,7.374014177052857e-10,3.5357902716803835e-10,8.768942794112888e-10,4.888517590728725e-09,2.730272674611456e-10,6.224540327615102e-11,0.9999967813491821,2.9130628464990593e-11,8.832838974126567e-12,2.3091349987680587e-07,4.2531699051551186e-08,1.4491286393081282e-08,7.801127566153809e-08,3.5940563858360974e-09,5.801834568330833e-10,3.54465651275504e-10,2.081166489142916e-10,9.359700792188619e-10,2.4647723861903614e-09,1.4066099396359277e-09,9.587842519920287e-09
window-a39e8778a3ce9147f720,404_53488_104285,handbag,handbag,0.9999456405639648,True,1.5622619864430476e-09,8.63779359150385e-09,2.5823803095903486e-09,8.153370799846016e-06,7.083689723685893e-08,5.170834871393026e-09,9.725611427313652e-10,4.3366585877890884e-09,7.17652312687278e-07,3.1477223050302428e-09,2.603532944789322e-09,0.9999456405639648,1.6370990119085604e-09,2.8415843900120308e-08,1.0335912520531565e-05,1.1398921060390421e-06,2.562506722370017e-07,3.246425330871716e-05,4.746964776813911e-08,1.4077437882065169e-08,5.012945507587574e-07,4.837996314677184e-08,1.4504260903436261e-08,2.2571747138044884e-07,9.007485601841836e-08,3.150836960230663e-07
window-4ccb420b403c8e3e0e08,404_53488_104285,handbag,handbag,0.9999994039535522,True,5.815056214331094e-10,3.119661418082842e-09,1.2460819931447986e-08,1.326421426028901e-07,8.111348925865514e-09,1.3035054147181313e-09,8.405908746844659e-10,1.5771064454384032e-09,1.889725043113799e-09,1.929644666276431e-09,5.021769458601888e-11,0.9999994039535522,5.7143387244273924e-11,3.7837392941053594e-11,1.9976232579210773e-07,1.8455878603163e-08,7.296681481250289e-09,2.645103620579903e-07,9.907296510958119e-11,2.772055252009409e-09,1.3805813159351032e-09,4.530394115409564e-10,4.890701177373558e-10,4.318630730804074e-10,6.567329791096199e-09,1.0229634916925079e-09
window-0ad57808b9d0e0cdef8b,194_20930_42343,hydrant,hydrant,0.9999997615814209,True,1.2962019235729372e-09,2.7844506700347438e-09,1.1554922574319448e-09,3.989446994978607e-09,2.3486770306391236e-09,4.5101605783415266e-10,5.8884683795668025e-09,1.2160560336482718e-09,5.115651191545112e-08,3.8556065007355755e-09,1.6877148567573386e-09,2.9709701365732144e-10,0.9999997615814209,5.722786133866009e-10,8.88156270750784e-10,1.671052074492252e-09,4.9723296591253074e-09,2.0330148231550993e-08,1.307143393525223e-09,5.113755641161788e-09,7.252187739226201e-09,1.333193999641935e-09,2.5180440843541874e-08,3.3477473238008315e-08,2.6519595408558416e-09,1.4935272463212357e-10
window-6a1bb88fa4a2ab93478b,194_20930_42343,hydrant,hydrant,1.0,True,5.506427536161596e-10,1.987924269641894e-09,7.353644360108547e-10,1.896087731267926e-09,2.8825324349668335e-09,2.0544997647586882e-10,2.9142366297918443e-09,1.193416254707813e-09,2.1892677892765278e-08,2.0330608307972398e-09,1.0137862771486539e-09,1.2708423202667518e-10,1.0,6.631373783427819e-10,2.35496983025385e-10,9.102005815719849e-10,2.711123769927326e-09,1.471588984003347e-08,8.802670814489488e-10,2.13755324551812e-09,4.1028869190995465e-09,7.635416743312362e-10,1.7820021014358645e-08,9.772074704983424e-09,1.2340430899371313e-09,5.942519393231649e-11
window-5802b6b80651971cbd70,194_20930_42343,hydrant,hydrant,1.0,True,7.490619791106212e-10,2.7379121192439015e-09,7.935156420835199e-10,1.9861583488989254e-09,4.8610950820204835e-09,2.2888670125897903e-10,5.949012837902501e-09,1.1746473793650125e-09,1.809916128081568e-08,2.381921992977709e-09,7.613835117936674e-10,2.7518318179708956e-10,1.0,2.0617463292182947e-10,2.731338766270852e-10,1.0696347141347928e-09,4.409755227641199e-09,2.9691610947679692e-08,9.303753323308683e-10,2.2221358086937926e-09,3.941443171839865e-09,6.687146392181376e-10,6.5485212807914195e-09,5.552942550224316e-09,2.43438780245242e-09,7.229670334618632e-11
window-6a80ee6c3555ce65520d,194_20930_42343,hydrant,hydrant,1.0,True,2.018604727815898e-10,1.386646575340933e-09,2.2050605785750577e-10,7.466641194220358e-10,1.3193370840269836e-09,7.695753062586519e-11,1.533935423125854e-09,2.8935923102046957e-10,5.100577293859487e-09,6.659042761647527e-10,2.9403429691043925e-10,8.556412522953138e-11,1.0,7.372473465050433e-11,1.0631377028724742e-10,3.142648641318857e-10,7.998902651351614e-10,8.5683424799754e-09,5.381201040322026e-10,1.0782686965526977e-09,1.4328207509350932e-09,2.0504870024140587e-10,1.8066318441256612e-09,1.74095704519317e-09,8.651482863442084e-10,3.33972641208824e-11
window-ce98691e40701a7b44f9,194_20938_42675,hydrant,hydrant,1.0,True,3.736301892875993e-11,1.4554537575151016e-09,6.089699577938035e-11,1.2598563858823297e-10,2.673956611687345e-10,2.581183530803166e-11,5.568191463467542e-10,8.170131238216527e-11,1.1736061011902166e-09,4.613243953510704e-10,1.225509138613745e-10,1.840527556751237e-11,1.0,1.384813444471611e-11,2.7026486951187145e-11,1.1278383782453716e-10,1.5083453930309076e-10,1.9000228057564073e-09,1.0160176866502724e-10,4.074716120072708e-10,5.659945845337688e-10,1.3571724299943355e-10,9.741066842039459e-10,3.3741753835414556e-10,2.9559638070608685e-10,1.701248864005578e-11
window-df9556fa6c9597141964,194_20938_42675,hydrant,hydrant,1.0,True,4.2169327058028117e-11,1.5061066838129022e-09,7.255087502988644e-11,1.211649808263715e-10,2.3016591410573994e-10,2.8115378081228215e-11,4.3192016629944874e-10,6.98267416110454e-11,8.700398734795556e-10,4.0152176028485087e-10,1.494268458968051e-10,1.6209792189081362e-11,1.0,1.1719025923284665e-11,2.6640691389023807e-11,1.2996204112880605e-10,1.4234904921472946e-10,3.0606832623902847e-09,1.0024067687020022e-10,4.3396641835613536e-10,6.021637632969146e-10,1.6472040398340937e-10,8.746103841161812e-10,2.781339603075139e-10,2.668729126575897e-10,1.7319862558040633e-11
window-8f7f632cd8b77a768c81,194_20938_42675,hydrant,hydrant,1.0,True,5.36961239361311e-11,2.081237848727824e-09,9.779597964776343e-11,2.0600246508628572e-10,2.354915984437156e-10,3.358327504976444e-11,5.005747483188827e-10,1.1017498025012173e-10,1.2302594498692088e-09,6.161874344101648e-10,1.8795021095030506e-10,1.739262553424048e-11,1.0,1.4811920787116684e-11,3.4883734789659115e-11,1.602645238740763e-10,1.4545123439013707e-10,3.1274678402581912e-09,1.0564992630746062e-10,5.594539276287946e-10,7.757520736895174e-10,2.375904195606182e-10,1.3826824130092064e-09,4.8334858337995e-10,3.5923800045800647e-10,2.6941410907754815e-11
window-0d62e491e3054ef178bf,194_20938_42675,hydrant,hydrant,1.0,True,1.2945808314235308e-10,5.611116904447044e-09,2.1853564791118885e-10,3.544647353415087e-10,2.7445823391758495e-10,8.557114045126823e-11,1.373744673571764e-09,1.7934607965397475e-10,1.5528756058813542e-09,1.4229564193612987e-09,3.681472904304428e-10,4.240192919002794e-11,1.0,2.5179015122889226e-11,7.688021053109395e-11,3.1727565019679105e-10,2.175939983750652e-10,5.592600160753136e-09,1.8466644879922e-10,9.986154125840585e-10,1.7117705031211017e-09,6.267367180790018e-10,2.7524631462938487e-09,1.2016618811117041e-09,7.150490199947512e-10,6.275917285858412e-11
window-564163d00c8eb06650c3,481_68723_133699,hydrant,hydrant,1.0,True,2.2345793271316694e-10,4.898510930217981e-09,8.461055189812328e-10,1.4010638205164128e-09,5.996663166030203e-10,1.7510466687742365e-10,1.613180589110641e-09,3.9832187548327624e-10,4.329852476558926e-09,1.3437763124457547e-09,4.505682216215945e-10,4.776333148437395e-11,1.0,1.0246897774734975e-10,2.4231067152769015e-10,5.092720134491913e-10,2.005618782163765e-09,5.433379524077964e-09,4.115189577991174e-10,3.205850029885937e-09,4.2513161879753625e-09,7.496208098700663e-10,3.6576637274521318e-09,3.032159412441615e-09,1.1779701658554131e-09,2.969152423926147e-10
window-6ddc41ba5865284690b4,481_68723_133699,hydrant,hydrant,1.0,True,4.730568159416748e-10,8.627856651344246e-09,1.2594245646369018e-09,2.7949282888073412e-09,1.023323092930184e-09,3.3592517656444443e-10,3.0614482060542514e-09,4.1025954855555824e-10,3.877651089112533e-09,1.0878891121279821e-09,1.7029713195171325e-09,6.623141618478101e-11,1.0,1.4737305820133884e-10,3.5667974129793834e-10,1.119514592140547e-09,2.1704198438499134e-09,5.354062970752693e-09,3.648854274285185e-10,6.1739120482684484e-09,3.0796152294954027e-09,6.639524485763104e-10,1.4188024977102032e-08,6.557657972194875e-09,1.5204256742507027e-09,9.37484534446753e-10
window-1e5d6fa165c9d07d725b,481_68723_133699,hydrant,hydrant,0.9999998807907104,True,9.965527292266074e-10,1.998048126949925e-08,3.753555244401241e-09,3.704670126225551e-09,3.030089290589899e-09,5.132887448411338e-10,3.6717340279324162e-09,1.5132533004447168e-09,5.901680477649052e-09,3.8108476374532074e-09,3.143716842402e-09,1.6719951811960954e-10,0.9999998807907104,3.423573369243371e-10,1.0825569329853124e-09,1.903853519280574e-09,6.0252132172422534e-09,1.54230885840434e-08,1.5914178863596362e-09,5.411362735685543e-08,7.327060291828502e-09,1.1510555841809378e-09,2.2744337968561013e-08,1.1242611286377269e-08,4.4262202791856e-09,2.7232509580699116e-09
window-5950ff65df0246ad45a4,481_68723_133699,hydrant,hydrant,1.0,True,2.0842479131477631e-10,8.99111451957424e-09,7.703452320484416e-10,7.514259214858043e-10,8.37747149429191e-10,3.0203423095898074e-10,4.235509276639959e-09,6.022545240291777e-10,5.8695865945423975e-09,6.958255083233666e-10,4.453418744887472e-10,8.682440877372244e-11,1.0,8.254542882557558e-11,4.2885001105830156e-10,4.5534231940536074e-10,1.2772949364858732e-09,7.657530609606056e-09,6.302490751508572e-10,3.2058316001837284e-09,2.8914088900933166e-09,9.155424751661201e-10,2.9036115734015766e-09,1.8786607824949897e-09,1.4492984590219748e-09,3.779415946869591e-10
window-536ea36899f95fb85477,587_87863_173253,hydrant,hydrant,0.9999853372573853,True,7.531432544283234e-08,7.559972203807774e-08,4.030939493304686e-08,2.667871967787505e-07,2.7697609539245605e-08,4.563418087855098e-09,7.17399828431553e-08,4.29995772321945e-08,6.893892390280598e-08,4.218856375359792e-08,2.7380131495391424e-09,6.265207797007122e-10,0.9999853372573853,6.734252044893196e-10,3.627923206295236e-08,1.6893791254801727e-08,1.2049218639731407e-05,2.6845893330573745e-07,6.320583167962468e-08,1.0793245337481494e-06,3.7928776919216034e-07,2.9321261862946812e-08,1.8151098402086063e-08,1.1072161854031037e-08,8.537617901538397e-08,4.737788383835095e-09
window-cf50dd1f4ee1e01c363c,587_87863_173253,hydrant,hydrant,0.9999986886978149,True,7.338758045705163e-09,6.585651579626983e-09,6.807090446869779e-09,4.2104556285949e-08,3.548182414547796e-09,4.203823400494855e-10,4.366253580911916e-09,8.056421307855999e-09,1.7842888055952244e-08,2.3612436450548557e-08,1.5076768722366296e-09,1.2559750461882402e-10,0.9999986886978149,3.3587538306179e-10,9.826750968500164e-09,3.963042338739342e-09,1.0825118579305126e-06,7.904217369514299e-08,1.0363846669747545e-08,5.132455527245838e-08,5.1587978333600404e-08,4.411398357717644e-09,7.811083335695912e-09,5.370327738063452e-09,1.0114233894853442e-08,5.139915160157216e-10
window-7e51b8c3e69d3997bbe4,587_87863_173253,hydrant,hydrant,0.9999994039535522,True,4.008583243120256e-09,8.289161357311059e-09,2.8740105850744158e-09,1.139665162241954e-08,2.3878978794300565e-09,5.285274995436851e-10,6.9271881564247906e-09,3.0316660293294717e-09,1.3440709878409507e-08,1.655355852392404e-08,9.66169810823203e-10,1.8333587425978237e-10,0.9999994039535522,2.324231779260444e-10,7.328356144142845e-09,2.541574284364856e-09,3.227053468890517e-07,7.174057969905334e-08,6.386848383499455e-09,6.715549716318492e-08,3.7227184890298304e-08,2.627384088071949e-09,1.6536738201011758e-08,5.958991522447832e-09,1.0978967956987162e-08,3.4582900432234e-10
window-f498d3d6847c9ae6aa70,587_87863_173253,hydrant,hydrant,0.9999997615814209,True,1.769502877557727e-09,7.939881641050306e-09,2.4064572556881103e-09,5.208074860263423e-09,1.6308483452576183e-09,2.085615291580467e-10,4.343996717892651e-09,2.1082660062177183e-09,9.521118116140315e-09,6.557481224689354e-09,4.5565062833929915e-10,1.0895661456400418e-10,0.9999997615814209,1.2317705189168748e-10,7.60186580350819e-09,1.082686940101496e-09,1.156998550300159e-07,7.552716141390192e-08,3.8874845564862426e-09,4.381936946629139e-08,4.3863938259391944e-08,1.2708475383149676e-09,4.326689673206374e-09,9.674813172821928e-10,4.675973830359226e-09,4.2682612999556113e-10
window-bc9a4f1ef286cb449aa6,599_92297_183310,hydrant,hydrant,1.0,True,4.727727098696732e-10,2.5871995656956415e-09,8.040033083744902e-10,2.267307896985926e-09,1.2315882758073826e-09,9.80933875793788e-11,9.245641474642241e-10,1.1953183998159034e-09,3.9535277274183045e-09,2.317629421710876e-09,4.227299066350554e-10,8.424656805505748e-11,1.0,4.493904554037087e-11,2.606346249933722e-10,3.9301956133996896e-10,1.6325698570796021e-09,1.4934608216776724e-08,9.166520320569305e-10,1.7223816817235615e-09,1.693881368503014e-09,3.711769780423424e-10,7.798496293176527e-10,1.6441351613494248e-09,1.1831379209681359e-09,8.063495704480061e-11
window-539a79d333c4326b6900,599_92297_183310,hydrant,hydrant,0.9999980926513672,True,4.307432988071014e-08,2.8182586930824982e-08,2.0850213999779044e-08,2.830407765941345e-07,6.704249599920331e-09,5.9214246839189855e-09,2.5560497718402075e-08,2.5083137344950046e-08,1.6882852094113332e-07,4.321554669672878e-08,1.095086510360943e-08,3.6247238544007132e-09,0.9999980926513672,7.202270446704517e-10,2.492336559356545e-09,4.832188427172923e-09,1.177943289576433e-07,9.213001135321974e-07,1.7239207394936784e-08,8.949043284189884e-09,3.8322792050848875e-08,1.536606930585549e-08,3.3743894345406034e-09,7.604975138519876e-08,2.656472197770654e-08,9.236546527624512e-10
window-bf9db59c358085ec1ecd,599_92297_183310,hydrant,hydrant,1.0,True,4.178264678689203e-10,3.0313382914926024e-09,2.3434587603787804e-10,1.492306722639114e-09,2.392561704311902e-10,1.071375835270949e-10,6.983277289762668e-10,3.5374950191346954e-10,2.5692896699069934e-09,6.543698360950145e-10,3.270718418324492e-10,8.778555660171605e-11,1.0,5.206581346617334e-11,1.222644485654456e-10,3.2576252806393313e-10,2.4600694814580493e-09,1.3989897240662685e-08,6.435419419581478e-10,6.156199994222789e-10,1.8470635021472503e-09,2.862205472631274e-10,5.96948046549528e-10,7.628516707214317e-10,8.057934319793958e-10,4.465775665929428e-11
window-c3e737245ad874aa6f8f,599_92297_183310,hydrant,hydrant,1.0,True,7.741380314563173e-10,3.4690157413308498e-09,4.1002798378819705e-10,2.066889548402173e-09,8.211817892345152e-10,2.7048005502017247e-10,9.28356280738285e-10,6.650449635436928e-10,2.4125945685682382e-08,1.4561674088753307e-09,7.967428938826515e-10,1.9105861337465058e-10,1.0,7.357470882540795e-11,3.8582462225100755e-10,7.300162696566304e-10,1.1917403952566019e-08,1.9677919738114724e-08,3.0730669120515586e-09,1.6710843819822685e-09,3.6681784276737517e-09,5.500108701816941e-10,1.1906968744312962e-09,4.2528651711393195e-09,2.259071818500047e-09,7.434379500903532e-11
window-7728e6911a8df985edd1,79_8251_17496,hydrant,hydrant,1.0,True,7.48719142240617e-10,3.7405838426707305e-09,8.537962004062649e-10,5.215011755765886e-10,4.210898851830791e-10,1.2449910546941112e-10,1.641534352891938e-09,1.6577763606306917e-09,3.492624411904899e-09,1.208967925769855e-09,1.7834693444296335e-10,7.54860202123453e-11,1.0,1.9501726622461746e-10,5.136981950926156e-10,4.796328334499833e-10,1.3138926613365243e-09,1.9766355663364266e-08,9.358641639423126e-10,3.741376097821103e-09,6.220068460294215e-09,5.058941598967692e-10,7.54342899256244e-09,9.649531174105164e-10,9.766945030520446e-10,1.611288602543226e-10
window-a150c73971f64321c21a,79_8251_17496,hydrant,hydrant,0.9999998807907104,True,2.2704496061010104e-09,8.565874232147053e-09,5.100888156306382e-09,1.4030130390807471e-09,2.7944482283714933e-09,4.406742470930425e-10,8.400211193304585e-09,8.528200368118632e-09,7.245109845399611e-09,7.334148843796129e-09,1.6105947686639865e-09,3.4584365926626504e-10,0.9999998807907104,1.906433455545198e-09,2.299479273659699e-09,2.135091881072526e-09,4.770601691461707e-09,6.296836829733365e-08,2.184773917335292e-09,2.0947393153392113e-08,1.2615142708227722e-08,3.2879328148993636e-09,2.7920256329139193e-08,5.531145763626455e-09,3.1512510378917113e-09,7.651802524932805e-10
window-d3d9b8b9f5c432913612,79_8251_17496,hydrant,hydrant,0.9999998807907104,True,2.5747397547348783e-09,8.964349262896576e-09,4.052836288792605e-09,1.7633308146969284e-09,2.463130366336941e-09,5.123311774823947e-10,7.535705393024728e-09,6.055744350419445e-09,4.192556080084842e-09,6.463185542315841e-09,2.2747972394654425e-09,2.3094380574573137e-10,0.9999998807907104,1.4153176408626678e-09,1.4827705729913987e-09,2.4319140035089504e-09,5.3972692981574255e-09,4.437761802478235e-08,3.5048162150275175e-09,3.711242513304569e-08,1.1175033343135965e-08,2.9242028798392994e-09,1.3745498073092222e-08,4.384970164750257e-09,3.3186349224223477e-09,1.0213476731024684e-09
window-22a655c121096b458c8c,79_8251_17496,hydrant,hydrant,0.9999929666519165,True,6.534192920071291e-08,9.925292232537686e-08,1.6351435760952882e-07,4.879735016061204e-08,9.044284432491168e-09,8.822952146658736e-09,2.625109374321255e-08,2.2718484160577646e-07,4.403599263014257e-08,4.684657284315108e-08,7.719787475934936e-09,3.325266462184118e-08,0.9999929666519165,8.1119353012582e-08,5.549094694856649e-08,2.7043045136565524e-08,9.859630267783359e-08,2.289585836479091e-07,3.129995462813895e-08,2.2552578684553737e-06,2.8825991194025846e-06,4.360155969607149e-08,4.3444021002869704e-07,9.751473584174164e-08,6.45631814677472e-08,2.0744392870142292e-08
window-13f7a5f52368c9aed1b9,398_50755_99575,kite,kite,0.999995231628418,True,3.6029334897491605e-12,2.188173947592631e-10,3.182389907152583e-10,7.072655178533283e-13,1.361297706503617e-11,1.065068259281654e-11,6.399652509314624e-12,1.164486840288248e-10,4.4167052827559505e-12,6.232626177313239e-13,1.3621372085825811e-10,4.794879714609124e-06,2.1286824299776574e-12,0.999995231628418,2.044792503722026e-12,2.279742616906333e-09,1.470586499796589e-11,1.4747737536388583e-12,3.6479375076226006e-11,6.844107745818118e-12,2.4894014627463434e-10,3.015570215411656e-12,8.351793145955355e-10,1.730254307885648e-11,4.948816530181421e-12,5.413319098535041e-12
window-a520f4858aafed2329ba,398_50755_99575,kite,kite,1.0,True,9.695540946702899e-14,1.1186932456774823e-12,1.6322093416426542e-12,9.21397781342018e-16,1.4088555863112692e-14,4.368314249821731e-14,8.882524503797153e-15,1.5779435050267132e-13,2.4086684168332434e-15,3.2172335745462265e-15,1.1151887789953574e-12,8.270306106616943e-10,2.1968112889230763e-14,1.0,1.8591787045432392e-14,2.648873828614562e-11,1.257285833604349e-13,7.123576901968409e-14,1.9789505863003487e-13,1.8180041619266646e-13,2.741785531251706e-12,3.4790191018839456e-14,2.096877792928664e-12,9.475763510164489e-15,1.7944435000416536e-13,6.058002508652332e-15
window-47db81d012882bbe2584,398_50755_99575,kite,kite,0.9999949932098389,True,1.0863735605548541e-10,2.6560673660469547e-09,4.023632982352865e-09,4.5137598519984223e-11,2.6692691459939688e-11,4.40338286666897e-11,9.819921958920119e-11,1.4123228142537414e-09,3.7076383629930376e-11,2.250916293633498e-11,1.0840455200167298e-09,5.026911367167486e-06,9.084472757381334e-11,0.9999949932098389,2.2315729125699235e-11,3.066150355834907e-08,7.893589115681721e-10,7.449089262090425e-11,8.936388851132904e-10,1.5074175241380772e-10,4.657970453791904e-09,3.0071223289240834e-11,2.9907958776220767e-08,3.8557990134080455e-10,5.504318528748442e-11,9.712715874632405e-12
window-71f90d61d1a16ba0aee1,398_50755_99575,kite,kite,1.0,True,3.833274707853648e-15,1.8675210303967932e-13,2.4870174821466084e-13,1.312956125385737e-16,3.49470784613299e-14,6.8521628123060715e-15,2.4404008121362312e-15,1.6133465006659686e-13,1.3044747844848797e-15,1.0817482253930801e-16,1.535931890570344e-13,4.1069463802001493e-11,6.522187575176003e-15,1.0,4.914105265692607e-15,4.1620087367841285e-13,1.2711452238565492e-14,1.4211327359586572e-14,1.7362073082938072e-14,1.2072626427196698e-13,1.2228857249746428e-12,3.2050087715349788e-15,1.1497380304759108e-11,8.292383096917925e-15,1.8638406044783375e-14,1.8221864040443916e-14
window-1d0004d1dc21c47b6727,400_51402_101011,kite,kite,0.9963265061378479,True,2.857255543275983e-10,3.704534634607626e-08,3.190853803403115e-08,1.2789898307108416e-10,3.683487070915703e-09,4.5427248629437145e-09,1.384316994368362e-09,9.538542400377992e-09,1.3382202013190181e-08,4.082716942299669e-10,2.6746593828619325e-09,3.189309722984035e-07,4.6014814181205566e-10,0.9963265061378479,1.55503858678685e-08,4.890356564146714e-09,1.7940586793940838e-09,3.663221264105232e-07,8.242460936003226e-09,1.771326019195385e-08,1.4219410537918975e-08,1.3586816116628597e-09,2.6945331299543795e-08,2.628361706058513e-08,0.003672488033771515,1.24325694628169e-07
window-b9503e2023ad3e3d3b63,400_51402_101011,kite,kite,0.9982671737670898,True,2.126599590868139e-10,8.000336393365615e-09,2.6022345167575622e-08,4.017689791968593e-10,4.022822075455679e-09,6.4088383489036005e-09,7.006528135455881e-10,7.700778681396514e-09,1.7185642908756904e-09,4.2661821991751836e-11,2.479192406923403e-09,2.482259908731521e-08,4.987980029014238e-10,0.9982671737670898,1.5917125395503717e-08,2.008275146181404e-08,3.02044611544261e-09,8.873983148305342e-08,2.9380049504368344e-09,2.9271106427586346e-08,2.8447688649180236e-08,2.46329262543199e-10,1.0383922699475079e-07,1.6978622952024125e-09,0.0017323524225503206,8.333278955774404e-09
window-57ceec14a9a9780e653a,400_51402_101011,kite,kite,0.9953069090843201,True,1.0199494582252555e-09,1.2899556622869568e-07,1.1338961058982022e-07,6.473023783648557e-10,7.543226843154116e-08,3.611404864045653e-08,1.3077969818198198e-08,3.467791742650661e-08,3.186791985854143e-08,1.1541899658240595e-09,1.2778917479749907e-08,3.6286959925746487e-07,1.6488385101709468e-09,0.9953069090843201,5.957232573905458e-08,9.727165206641075e-08,5.451004270184967e-08,2.3962782051967224e-06,1.9546495977351697e-08,1.8364063691933552e-07,1.591579774640195e-07,5.1399604572566204e-09,4.731219860332203e-08,1.902354362925962e-08,0.0046891202218830585,1.189283409530617e-07
window-b2ed640cdb4d5d26330f,400_51402_101011,kite,kite,0.9999954700469971,True,6.091321891332768e-11,6.531838181444982e-09,3.2234632740824054e-09,1.1950497015578154e-11,1.6445345085713825e-10,1.2675492599978355e-10,5.988323725780731e-11,1.8179545646646034e-09,1.0501579467137034e-10,6.852508144250535e-12,3.3404135013626046e-10,1.3823893141307053e-08,1.5088845103927717e-11,0.9999954700469971,1.0425565966087902e-09,5.819282833385842e-10,2.8173241517492897e-10,7.748823804831773e-09,1.1259230214832883e-09,2.430048606782975e-09,1.6615009368337041e-09,7.389559103510024e-11,1.7846190081272084e-09,4.0831618641767875e-10,4.577209438139107e-06,9.684112400876188e-10
window-0e10b394e939f9092991,401_52206_102304,kite,kite,0.9999984502792358,True,4.932663305590168e-11,5.066845165657696e-09,9.769152597982611e-09,1.479936589943165e-10,6.756622497050557e-07,1.7316111045051485e-10,1.3075756033487096e-09,1.579375386029369e-08,2.5713273524297087e-11,4.846672108788086e-13,4.414267618102485e-09,7.605460154991306e-07,1.2503029167554303e-10,0.9999984502792358,4.1471109879509527e-10,1.639466673530876e-09,3.0311470000654595e-10,5.6573763035361324e-11,3.4276584348624795e-10,1.6694752524859524e-10,7.989196859625736e-09,4.234369521682879e-10,2.8937989782207296e-09,1.8315928773660062e-09,8.394200612382718e-11,2.8251108119548007e-08
window-9e91023a3dd9c5fdfbc8,401_52206_102304,kite,kite,0.978465735912323,True,1.9382043192628373e-10,3.370916878964181e-10,4.907661832476151e-09,3.590956698662495e-11,0.02153395488858223,9.814456886081402e-11,6.11845407672007e-10,1.7476176594755088e-07,8.921084357349507e-13,3.1904457374609674e-12,1.4827722383259356e-09,6.591437795577804e-08,4.874696826751013e-11,0.978465735912323,9.350032970090183e-10,9.11699160610624e-10,3.8301969929044333e-10,5.239713662952283e-10,2.64569671726278e-10,9.067048223343477e-10,1.998167187267086e-09,1.7603511703878638e-10,3.0181641630377953e-09,2.6268959230080213e-10,1.597077747828024e-10,6.548040776266362e-09
window-4506661605918c375235,404_53795_104925,kite,kite,0.5508016347885132,True,3.0765133942622924e-06,1.1079753676312976e-05,8.671404430060647e-06,0.005215310025960207,0.016199879348278046,2.1600698119073058e-07,4.025784164696233e-06,1.0173113878408913e-05,4.424166945682373e-06,6.613590244342049e-07,2.654844502103515e-05,0.42732393741607666,8.968490874394774e-06,0.5508016347885132,7.663899168619537e-07,6.025577476975741e-06,4.2029600422210933e-07,9.4638471637154e-06,6.913602555869147e-05,7.996395652298816e-07,2.1923199255979853e-06,4.956336852046661e-07,5.393260653363541e-05,4.13110428780783e-05,2.1977709820930613e-06,0.0001946951961144805
window-ebdccb014c845c62ad65,404_53795_104925,kite,kite,0.9999072551727295,True,2.4336596626817197e-10,8.534113860036996e-09,4.2897978502765e-09,2.4659152497719106e-09,6.851248599559767e-07,7.775090987705013e-11,9.263835032413681e-09,1.0336782096942443e-08,1.3533023443187964e-12,1.0100156266901195e-09,2.1206492117897824e-09,9.20184756978415e-05,2.6128935126656927e-10,0.9999072551727295,3.0018745822424364e-10,1.4270634673962945e-10,3.7974834388165846e-10,7.715206806757635e-10,8.032018800063767e-11,1.8383694566637132e-09,6.013713971242396e-09,3.1028937752530794e-10,6.613417036227531e-10,2.8054104816988e-08,1.5621058613302097e-10,3.2380229608719446e-09
window-d591bcb78c7f40616491,404_53795_104925,kite,kite,1.0,True,3.5088360168800126e-13,1.4388333406667453e-11,8.055727959699333e-12,6.9022283548381136e-12,5.723180263039751e-10,2.3379995855998814e-13,8.71731593160563e-12,9.515355864353481e-11,4.416452826280087e-14,2.363235475366654e-14,4.068770494136675e-12,1.7287172804358875e-09,9.44684543265073e-13,1.0,2.299309397393867e-12,6.766993649459652e-13,1.609892340964647e-12,2.5894416819105537e-12,5.6813447175951826e-12,2.7973947810955302e-11,4.9158122017445294e-11,5.562143085523219e-13,8.553242315800791e-12,1.4511578787582136e-12,1.3821898270025001e-12,4.226448184485587e-12
window-918d9eded2850f5a5122,404_53795_104925,kite,kite,1.0,True,3.031736916635913e-13,4.073709251872781e-12,8.470972946532374e-13,7.127199004586249e-12,9.350821505993423e-11,1.1005348108522606e-12,2.710270430392875e-13,1.029429926718839e-11,3.272671033911073e-14,6.873682954880488e-15,2.0570826292365396e-11,4.5504584988975694e-08,5.574654236492615e-13,1.0,4.385190127687011e-12,1.238849843022971e-12,5.579824254552113e-13,2.390893201736216e-13,1.2196415752341316e-11,1.990778418850536e-12,1.8759268444190624e-11,1.7791006840482682e-13,1.7691091647176194e-12,3.2987009391388655e-12,1.4170958243658882e-12,1.0918000878379353e-11
window-678b43fef8c5dfea6a11,409_55524_107245,kite,kite,0.999991774559021,True,9.491342822798288e-09,2.2943009270193215e-08,2.2046114267482153e-08,9.563458358563537e-11,1.5578090142298606e-06,1.6320240714406964e-09,1.2247152625377566e-08,6.339700320268093e-08,1.7197644419653102e-09,1.2557964390591536e-10,1.231517643418556e-08,7.863918654038571e-07,1.6464918317637967e-08,0.999991774559021,4.111572415865794e-09,1.134578724304447e-07,9.105096232531196e-09,3.835975981303363e-09,1.7965188447988112e-08,4.5771706425057346e-08,5.326413884176873e-06,2.629344297844227e-09,1.9599630718403205e-07,9.610402473825275e-10,2.7093751686635414e-09,4.577624679313885e-08
window-aebf0c46e00065861245,409_55524_107245,kite,kite,0.9999867677688599,True,1.1316034687069987e-07,3.2383732673224586e-07,1.7885479053347808e-07,1.820569828225871e-08,3.410521287605661e-07,7.904134236014215e-09,1.2767185353368404e-06,1.4357358679717436e-07,2.6586710610843056e-09,2.1507344794002847e-09,6.127354623686188e-08,1.7038789792422904e-06,8.988994437686415e-08,0.9999867677688599,2.473267990410477e-08,6.08835421189724e-07,8.067170398362578e-08,7.016254799374622e-10,3.658138894024887e-07,1.0636783898121394e-08,7.569319222966442e-06,1.5988183221793406e-08,2.667222247509926e-07,6.029778454319512e-09,1.391758708280122e-08,4.3443151298561133e-08
window-2fac67cb7835a53e52ed,422_58671_113667,kite,kite,0.9999997615814209,True,1.1141924882718257e-10,1.1307421665662787e-09,3.091581035619129e-08,1.1671376538846534e-11,9.064425876559312e-10,6.968772225945941e-10,3.3710545466192343e-10,1.0525432747598984e-09,8.213973251569584e-11,2.821805289432433e-10,2.0958199065113092e-10,1.558951012725629e-08,5.430865479549851e-11,0.9999997615814209,2.1183296783355843e-10,1.4959057326180414e-09,6.9394889834484275e-09,2.507077878632913e-09,3.812437310291017e-10,1.3294053635704017e-09,1.1545163713932993e-09,1.6936345381690643e-10,1.324409470981891e-09,7.988898986788229e-10,1.4268928794081148e-07,5.405693670468281e-10
window-8fdd5dbda6143e85ab32,422_58671_113667,kite,kite,1.0,True,2.544511259680582e-12,1.2776859431573584e-11,1.8579630889359322e-10,1.8499261909658837e-13,5.982114543306993e-12,2.596362014273268e-11,1.728454185334627e-12,2.0957353907835596e-11,8.14643979444446e-13,5.914312550987788e-13,3.426117679491969e-12,5.329373609086474e-10,1.385904086805001e-12,1.0,1.0422282828437268e-11,6.51028120302044e-11,1.7716098033027095e-10,1.4881582077741484e-11,2.481410042720622e-11,3.562410436086516e-11,3.427668565647579e-11,3.6470696254675694e-12,3.627481648393882e-10,3.973676422630579e-12,4.2220293927641706e-10,9.286050227375053e-12
window-f756071c969ab523b944,422_58671_113667,kite,kite,1.0,True,1.1366916522620452e-12,7.570706561654816e-11,5.93148197225446e-10,5.2042700390050184e-14,1.3509417109286437e-12,1.0528737603987537e-11,2.0966418705359313e-12,2.880501566437932e-11,1.315545030767043e-13,6.79086236028692e-13,7.3594455182735e-12,1.5737590397524315e-10,6.02920220259956e-13,1.0,5.181395677095191e-12,1.6428042953764432e-11,1.650322933866022e-11,1.657306757107957e-11,2.2076548488597636e-12,1.6225878279874095e-11,6.863124651923513e-11,1.7710842558152362e-12,5.982482564892422e-11,6.7919797390458836e-12,1.9614196378192617e-10,5.187358355362992e-12
window-8e891256ed90316c8df2,422_58671_113667,kite,kite,0.9999980926513672,True,5.879690068155696e-10,3.2636906510674635e-09,1.8365327036917733e-08,1.2312370741007772e-11,6.459424106708411e-10,8.959341712966307e-09,5.819653092764554e-10,2.647512653553008e-09,1.2215418954131252e-10,1.0701831781867455e-10,1.5648490281350291e-09,1.1094880569828547e-08,8.514511873336517e-10,0.9999980926513672,5.958935012095878e-10,8.735888457067631e-09,9.504591780284954e-09,3.1180154014265327e-09,1.7267071106275012e-09,2.1845949493837225e-09,1.2842332530738076e-08,3.321337649353495e-10,2.7132928792639177e-08,3.565153283702216e-09,1.8120147160516353e-06,2.715139668652e-09
window-646f4411c738a28166a1,432_61230_120293,kite,kite,0.9999980926513672,True,8.197397249887217e-08,3.284498450994988e-09,5.059567342868831e-07,7.15194903300187e-10,8.268322915228055e-09,8.641851123591948e-10,2.321797420989924e-09,4.714737755762144e-08,1.3970782863914621e-11,1.339500386166037e-07,9.859300007519778e-07,7.036054938680536e-08,2.818954791816708e-10,0.9999980926513672,1.559462003974943e-09,3.833900752425734e-09,2.8063491530616602e-09,1.8315050587247583e-09,1.267402710558585e-10,6.567033139504019e-09,1.76836731924368e-08,2.466492121655506e-09,7.09945080501484e-09,5.4402131688391364e-09,7.011826119729392e-10,2.1712893705228e-09
window-a71a5cfbeab76e7b6d05,432_61230_120293,kite,kite,0.999977707862854,True,8.113641456475307e-07,1.0972224373517747e-07,7.378380360023584e-07,9.879937756807067e-09,7.47507034049022e-09,2.124313702722702e-08,2.2714830905101735e-08,4.1025728592103405e-07,6.049454270851129e-10,1.4514025679090992e-06,1.5397903553093784e-05,2.721291593843489e-06,3.4964524608938063e-09,0.999977707862854,1.446673625338235e-08,1.4431900119404872e-08,2.472868132485928e-08,1.7373027105804795e-07,4.36647873414131e-09,1.5846140399844444e-08,2.0334636019470054e-07,3.818040283931623e-08,2.2899493856698427e-08,1.618489520183175e-08,8.10226641334566e-09,1.6968257909866225e-08
window-f9db7f7222e046be0546,432_61230_120293,kite,kite,0.9999996423721313,True,1.8446792982018678e-09,5.541468395264815e-10,1.3698802092676488e-08,7.734348578258832e-11,1.154522172308603e-10,6.571772986907476e-11,5.420736082228927e-10,1.2366752066839126e-08,1.162191978938687e-12,3.489125932620851e-10,3.5615332194538496e-07,3.0617758994822e-08,1.6827757937099008e-11,0.9999996423721313,1.9139702323034413e-10,4.661562802432684e-10,5.726563112595784e-10,4.0803999068472763e-10,2.2023599957621265e-11,6.827729492897561e-10,2.01074290551162e-09,1.8934766254918856e-10,1.6618810494417602e-10,1.0635165664796276e-10,8.394739070549662e-11,6.746253555789394e-10
window-bf5881d1b6388039a3bf,432_61230_120293,kite,kite,0.999500036239624,True,8.82398398971418e-06,2.342777918329375e-07,4.865912706009112e-05,5.471150998914709e-08,3.4728577702480834e-07,6.835058741216926e-08,7.184785317804199e-07,5.57965540792793e-06,3.0237146120271063e-09,2.242912887595594e-05,0.0004027602553833276,6.137668606243096e-06,2.4569795087359125e-08,0.999500036239624,8.079099700353254e-08,2.5397045533281926e-07,3.2664891591593914e-07,1.1129828862976865e-06,1.2212352018536876e-08,1.6528899493550853e-07,7.945009770082834e-07,4.696097448686487e-07,3.32721612039677e-07,2.8780681304851896e-07,8.047556576684656e-08,1.0205948086650096e-07
window-e07bac41464966cbde0c,618_100139_200140,kite,kite,0.9999998807907104,True,6.971986876713743e-11,2.84400902827997e-09,2.416350897149755e-09,1.9411869681129623e-11,1.5571404166081493e-09,5.821484405643673e-10,1.983045394560179e-10,1.2796479431642638e-09,1.703430625721314e-11,3.424470993232398e-12,2.0624050023343443e-08,2.0117704724320618e-10,1.3257636655161775e-10,0.9999998807907104,1.3708496560127514e-09,5.541398895303473e-09,2.0469893835528552e-10,1.2100606627818422e-10,2.1065327260316735e-10,1.6585889328624148e-09,2.295579060174191e-09,1.8543411250959707e-10,8.704522969082973e-08,1.112175490591838e-10,1.2153420492211353e-09,8.005796720000902e-11
window-9ba9f586960776a7fba6,618_100139_200140,kite,kite,1.0,True,4.6066383346810014e-11,3.3414118139063476e-09,1.6269093849885508e-09,1.4591909278105497e-11,5.837663130670023e-10,3.9848296884414935e-10,3.002273152308277e-10,1.1859259130275746e-09,1.0077894248283759e-11,2.2835362073481136e-12,5.805421032789582e-09,3.2748320721864843e-10,1.3930105680071136e-10,1.0,3.8207442765170185e-10,3.6873004649606855e-09,2.5747043386203927e-10,1.0431674968280902e-10,1.7356115156186291e-10,7.45528527801298e-10,2.607187798986388e-09,1.850296027505749e-10,2.046886393713976e-08,5.1449705606998464e-11,1.9502406356508573e-09,5.4005390437428247e-11
window-f1f5431146a514710e82,618_100139_200140,kite,kite,1.0,True,2.5628509731090432e-11,1.4245694623937766e-09,2.098593521182579e-09,6.5578731681115165e-12,5.939859715198281e-10,2.5334048747716054e-10,1.3321616032513361e-10,7.085756426050693e-10,6.6527139699901205e-12,1.4343799585592176e-12,8.472121670877186e-09,1.604364141538639e-10,8.614462615463836e-11,1.0,6.067674140908252e-10,4.791055552288981e-09,1.876185318216983e-10,9.33335908559485e-11,7.806692792211578e-11,5.25448018429131e-10,1.034599961258209e-09,9.40837407981121e-11,3.33971854615811e-08,4.48889293791499e-11,7.360983489412831e-10,3.329080067171475e-11
window-4f61b493bc94073b78c8,618_100139_200140,kite,kite,1.0,True,3.045132895840297e-11,1.5748228276990517e-09,1.706854102501154e-09,3.882714896125128e-12,3.955192284799125e-10,1.9739135326268809e-10,8.339492291176143e-11,8.799246331570032e-10,5.523030817411456e-12,2.099815547135231e-12,4.709971523908507e-09,1.4795438485482038e-10,5.782980344593014e-11,1.0,5.657754820198591e-10,2.653806951968818e-09,1.1337891042684234e-10,4.9920914624301815e-11,1.1064565236251767e-10,6.316017153729092e-10,1.1919898401657747e-09,1.0853103138419584e-10,2.5187938845760982e-08,3.9796704126571214e-11,4.144697640651174e-10,3.30844414364595e-11
window-b756b49f0bfd0c36f222,428_60233_117662,microwave,microwave,1.0,True,2.4962029665509533e-10,3.3602114146713546e-11,1.908692981444915e-09,1.1037954550374707e-08,8.538588239237477e-12,1.9825616148771985e-10,4.003446879563555e-11,1.0939643635410334e-10,1.4108457457862045e-10,4.614781820566627e-11,1.0710693443272135e-10,7.250494649113648e-11,3.05859122751162e-11,4.8616558695480094e-11,1.0,7.573580651509815e-11,4.784195262175217e-10,1.5872803071914632e-09,1.3190840780774593e-11,9.127509859041538e-10,1.2392174786324262e-10,2.4062501990940177e-10,2.589409797693065e-10,2.0378389253838947e-10,7.533715318253087e-11,7.783676481132318e-11
window-66e81a01e4d8104f6110,428_60233_117662,microwave,microwave,1.0,True,1.268532084930385e-10,1.2133813918902003e-11,3.069187681781216e-10,1.808800553781964e-09,3.2982731129616027e-12,5.801164409957593e-11,2.064511755994758e-11,2.985989927539734e-11,8.636327070155048e-11,8.519961645914176e-12,2.666626294778318e-11,2.8725187159461818e-11,1.405304431850718e-11,2.951494951219935e-11,1.0,6.90138918235661e-11,7.222424325270538e-10,2.053458736384073e-09,2.924416351440806e-12,2.2502086860498594e-09,7.366134091579823e-11,1.8376275501275074e-10,1.7896711890230677e-10,8.435188658673098e-11,2.3853884145719206e-11,1.877086507062753e-11
window-d7e3fc1f9aad7392a3f7,428_60233_117662,microwave,microwave,1.0,True,6.009670538986711e-10,8.732997658356112e-11,3.0296736230894794e-09,1.922299652790116e-08,9.127065422886993e-12,2.2163905433192355e-10,1.0590878174454588e-10,1.8501583598506954e-10,2.729896031450352e-10,7.13000353202986e-11,1.3557571731936946e-10,3.0991059718488145e-10,1.2723921916091285e-10,5.990352658358233e-10,1.0,2.317858127653949e-10,2.2917294728586057e-09,4.098647643502318e-09,4.050560928336999e-11,2.891668238191869e-09,1.2582960229323703e-09,7.896293618969707e-10,5.46425349412516e-10,4.1382755555652295e-10,1.6066975527806449e-10,4.297859845792118e-10
window-17d857a2f3565b5372e0,428_60233_117662,microwave,microwave,1.0,True,3.462481343308177e-11,1.7586192918583876e-12,3.6968459543595955e-11,1.764457191466562e-10,7.120646303496181e-13,3.101351467305058e-11,1.70963395350332e-12,6.486554782886289e-12,3.3617351524045658e-12,6.321036142425962e-12,4.733036445409011e-12,4.519810740954977e-12,7.089977476643083e-13,3.876506320804607e-12,1.0,1.5348469023512834e-11,1.5507645168000295e-10,1.7650866879215243e-10,1.5836390900893227e-13,5.960071325361582e-10,3.0511372508396084e-12,1.6541171210526784e-11,7.356488335164002e-11,2.383582914378124e-11,2.7944070668528553e-12,8.500348862294782e-13
window-366803412e2f39830177,432_61232_120283,microwave,microwave,1.0,True,5.0472868939888116e-11,3.779412113130709e-12,7.083330449964009e-12,1.9487410296559204e-10,9.070381164905106e-13,1.1580661776755541e-11,7.620273769631813e-13,1.5010856056416055e-12,2.5575135759181578e-11,2.685283636075231e-13,6.945183360709817e-13,8.33391133880923e-11,2.390774481598329e-13,5.209720155274766e-11,1.0,6.501719301832409e-11,1.0460445704074672e-10,1.8174070581800095e-10,1.8725084417053894e-12,2.9731989092951494e-10,8.141566414099355e-12,2.733285169378985e-12,4.6857444140069315e-12,4.7377716333452113e-11,6.4008061004261485e-12,3.614466148257889e-12
window-1d5c3dd976c76ed7d746,432_61232_120283,microwave,microwave,0.9999954700469971,True,1.2268584725916298e-07,2.613634997317149e-08,2.289365497176732e-08,2.597146675498152e-08,5.323020357828057e-10,1.8111409261223343e-08,1.5759733074105498e-08,8.737653445223259e-08,2.4610827153992432e-08,2.4640265383624183e-09,1.4004803983169722e-09,5.054728546838305e-08,1.6399818392187626e-08,1.4543296344982082e-08,0.9999954700469971,5.301673766666681e-09,9.552146593705402e-07,1.7538884549139766e-06,9.489381502802985e-10,1.169836764347565e-06,2.35819790361802e-08,1.1538756616857881e-08,1.2591696574304478e-08,1.239138214259583e-07,1.1032284419343341e-08,2.095501372423314e-08
window-f052e5be086f5910e796,432_61232_120283,microwave,microwave,1.0,True,8.751844249310636e-10,3.2594664745033697e-09,1.2185656650398613e-10,9.420288549222278e-09,8.344917812319608e-11,2.085499481441211e-11,3.1754230321590082e-12,7.781880695389987e-11,2.0573456133154977e-11,5.193919838490657e-13,1.9874938500530348e-11,3.3157692147511852e-09,1.4768244136278974e-12,2.8209892199981823e-09,1.0,1.9724230582163216e-10,5.115324830384793e-10,3.98197519402288e-09,1.7697007054229275e-11,1.816017614064691e-10,1.0128425875777225e-10,9.746172618951832e-11,1.8486556729868653e-10,2.1291009233426195e-10,1.1024119811464672e-10,2.2551831235784192e-10
window-8eb42e68813b818e83e5,432_61232_120283,microwave,microwave,1.0,True,8.637385806586906e-10,9.181669313740315e-11,7.71189057058308e-10,2.656359576747036e-09,2.3027163509325987e-11,3.528397851670917e-10,2.5093879751914017e-10,7.309870070359992e-11,5.886445220149028e-10,5.2762581630172445e-12,8.315159671923311e-11,7.516051114819788e-10,9.638066039707738e-11,2.0862853666869796e-09,1.0,2.546368393918641e-10,1.886704348308399e-09,8.686342312103079e-09,1.5459057645106355e-11,1.5021819343985499e-09,9.407445933362624e-10,4.725878577360731e-10,1.4059781117126136e-10,4.85927575955003e-10,3.4960684347495885e-10,1.554342432541489e-09
window-2aa4d564a35d12986b7e,455_64107_126277,microwave,microwave,0.9999743700027466,True,1.1842743106171838e-06,6.927400875156309e-08,1.7377799395035254e-06,5.954255357210059e-06,1.2516388814276524e-08,3.2665434446244035e-07,1.630014168085836e-07,2.0042280084453523e-06,4.1168883058162464e-07,1.0907092473644298e-06,2.773630853880604e-07,4.277733367530345e-08,2.6529739898251137e-06,4.82475684293604e-07,0.9999743700027466,7.197503464340116e-07,1.2582596582433325e-06,1.7595156123206834e-06,8.678717904331279e-07,1.8751823063212214e-06,3.1688063018009416e-07,1.3254215218694299e-06,1.554704596173906e-07,1.5131672626012005e-07,1.2047419772898138e-07,7.967571491462877e-07
window-3578b7e6d77d144999ce,455_64107_126277,microwave,microwave,0.9999889135360718,True,4.7109031697800674e-07,4.1401762018722366e-08,7.877737857597822e-07,3.61849828323102e-07,1.1762514517954514e-08,1.7458458501096175e-07,8.581008614783059e-08,3.0631028380412317e-07,3.127179866169172e-07,7.081996500346577e-08,2.5073472897929605e-07,7.3844496739639e-08,8.419521009273012e-07,3.6971121630813286e-07,0.9999889135360718,7.255935088323895e-07,9.945865713234525e-07,1.1124467391709913e-06,3.2393040783063043e-07,2.096827074637986e-06,2.7635110200208146e-07,5.889196472708136e-07,5.1379494436787354e-08,2.9014398705839994e-07,4.141226739307058e-08,4.821901598006662e-07
window-2efa58ef01811ae5aff6,455_64107_126277,microwave,microwave,0.9999934434890747,True,1.9089446823272738e-07,2.1466268762537766e-08,9.88956799119478e-07,1.3731090575674898e-06,5.505901068403318e-09,8.571658582923192e-08,4.95028054103841e-08,7.348671715590172e-07,1.2794249926173507e-07,3.762343965263426e-07,3.1832861679959024e-08,2.5331395647754107e-08,2.7428416160546476e-07,8.951634811182885e-08,0.9999934434890747,9.676238477140942e-08,3.3577518365746073e-07,3.273469815212593e-07,1.1803150101741267e-07,5.899386223973124e-07,7.706966442810881e-08,2.1702692265535006e-07,1.420858808387493e-07,5.294248595077988e-08,2.507885810132393e-08,1.76932474005298e-07
window-1543f592532b41963827,455_64107_126277,microwave,microwave,0.9999997615814209,True,7.283877501151892e-09,2.4843990753531386e-10,5.290049731598856e-09,5.147791970472326e-09,2.692883138699642e-10,1.3019156863691705e-09,1.841856445139456e-09,8.982439680949028e-09,2.5776039080938062e-09,1.2961228756935839e-09,5.821472193190402e-10,2.377201102632398e-09,3.837162587672083e-09,9.334096162660899e-09,0.9999997615814209,1.8502964715949588e-09,6.41199875417442e-08,2.9371165055636084e-08,1.4677027371234885e-09,3.460736053284563e-08,3.507189649809561e-09,6.093004323304285e-09,4.0099285003591945e-10,2.608520288660543e-09,1.1801040145087427e-09,2.882978655804891e-08
window-c06cadaa4ddbadcb6699,606_95089_191495,microwave,microwave,0.9999936819076538,True,2.2943414990095334e-07,2.294589762641408e-08,2.1505370568775106e-06,4.45349513711335e-07,1.3759656525280661e-08,3.456407426938313e-08,2.0516653265190143e-08,7.340373713304871e-07,3.1483659768127836e-07,7.826423598089605e-08,9.425549230002161e-09,2.451782776802247e-08,8.074999868767918e-08,1.0943097805693469e-07,0.9999936819076538,4.669520023981022e-07,2.858435550479044e-07,3.2582684639237414e-07,3.5145984611517633e-07,2.0042791959440365e-07,3.8832755677731257e-08,8.768557080429673e-08,2.2406918986916935e-08,9.525860633630145e-08,2.1553949736130562e-08,2.7314507633491303e-07
window-3b67efc2b9d48c153be2,606_95089_191495,microwave,microwave,0.9999985694885254,True,5.588201545947413e-08,9.87095205573496e-09,2.4504495854671404e-07,1.8273379964739433e-07,2.900319540088958e-09,1.5721441926075386e-08,5.51176038143808e-09,6.680247111034987e-08,1.5130147801301064e-07,1.0570551545185936e-08,4.828661914757504e-09,2.1570505381873772e-08,3.06926857263079e-08,7.96909773725929e-08,0.9999985694885254,7.42990025059953e-08,6.405182517710273e-08,1.048589624019769e-07,3.5236887185874366e-08,5.984172446460434e-08,1.4240845835900018e-08,2.991091818671521e-08,5.268756542164965e-09,3.304710816109946e-08,6.3963154772750386e-09,1.6733737595586717e-07
window-f0d12a7f048d4fd08bf0,606_95089_191495,microwave,microwave,0.9999728202819824,True,5.094702260066697e-07,7.539271962286875e-08,1.3663659956364427e-05,7.247060239023995e-06,1.5636407724173296e-08,5.385331292018236e-08,2.990124770008151e-08,1.4260416492106742e-06,1.6093767385427782e-07,3.361614062669105e-07,1.872614774356407e-08,3.723706143432537e-08,1.0450285969909601e-07,3.452581438523339e-07,0.9999728202819824,3.9503336779489473e-07,2.753191949977918e-07,2.983438491810375e-07,6.173704036882555e-07,2.8554225650623266e-07,4.723160174080476e-08,1.231304622706375e-07,3.395093273184102e-08,2.1852295617463824e-07,3.9044056876491595e-08,8.600332535024791e-07
window-3dbdef75ab0d3789692b,606_95089_191495,microwave,microwave,0.9999991655349731,True,3.858776764786853e-08,4.74203964984099e-09,4.962172539535459e-08,6.589703360759813e-08,1.4002824455516816e-09,8.83910988846992e-09,1.7818468922570219e-09,7.06265836925013e-08,1.5755382776205806e-07,5.130830427191313e-09,1.294163221032818e-09,6.45332676185717e-09,7.172178406733565e-09,9.286339697212043e-09,0.9999991655349731,2.4289699140922494e-08,6.480551917320554e-08,7.574582383540474e-08,2.889897210422987e-08,7.424846870662805e-08,6.8833148070268635e-09,1.3177773539041482e-08,4.766350425455812e-09,1.1290631540816776e-08,5.03656538697328e-09,1.5078660453582415e-07
window-2ec5c5c201f9dd7d440c,610_96684_193735,microwave,microwave,1.0,True,6.484223158409463e-10,1.083661198969521e-11,2.6144469922328994e-10,5.636084376980932e-10,3.7096640863321095e-12,2.745759175581952e-11,1.759886125718424e-10,8.098036130554931e-11,3.017502220314938e-11,3.5383011624812166e-12,3.2562925880025295e-12,2.930683126733946e-11,5.56154393371866e-11,6.54277521050517e-10,1.0,1.1976226954590885e-10,9.475787932089474e-10,5.487565957196239e-10,7.984566133267812e-12,3.696065120628589e-10,6.674068936396438e-11,1.5089611504759404e-10,7.654861119976708e-12,3.0901106673475454e-10,1.302394043306565e-11,3.435373929772112e-10
window-39dfdff10c7a5fe63f7a,610_96684_193735,microwave,microwave,1.0,True,1.4770745737635593e-09,5.797138463714546e-11,5.724020701869392e-10,2.2808277488906015e-09,2.1684480600026035e-11,3.2847457392959356e-11,2.656322661831467e-10,4.2907910557943296e-10,1.1112384623590543e-10,4.663872153060078e-12,8.807128637489114e-12,3.476450724515523e-11,1.3032147583302844e-10,5.256374779882833e-10,1.0,2.1723405019269393e-10,1.6526334745137206e-09,6.181780642933177e-10,1.1871422248010965e-11,1.4515115775992626e-09,7.586389849656427e-11,2.383602204503177e-10,1.0780151771250246e-10,4.060169700448313e-10,5.4326279586014437e-11,2.8109975458434633e-10
window-72fd4bf2d1ae835f12d0,610_96684_193735,microwave,microwave,1.0,True,6.020067555567721e-09,1.5679195441986593e-10,3.005494519925378e-09,1.786511383272682e-08,1.1370765440332775e-10,1.6396467517054703e-10,4.6545483023408e-09,5.608484343611053e-09,1.1342915495760053e-09,5.020776849828934e-11,1.1349769735158333e-10,3.669583248377961e-10,1.606352162397684e-09,4.38164349247927e-09,1.0,1.1937508759274351e-09,9.894301378210457e-09,5.548982606740083e-09,9.219099095236771e-11,8.04394861830815e-09,1.3718489677572165e-09,2.7706668070948126e-09,4.858256019701912e-10,1.1889245143947846e-09,2.9040256310786106e-10,2.286839162479737e-09
window-8f705cb28f2ea40f3628,610_96684_193735,microwave,microwave,1.0,True,3.91820709211288e-09,8.841890414279518e-11,2.0675992029595136e-09,9.19476939031938e-09,8.98226076850861e-11,1.2956800909957877e-10,2.612613680952336e-09,4.21859436272598e-09,8.699452824778575e-10,2.8459980899731008e-11,3.703204409788441e-11,3.638429835195467e-10,7.686984382360151e-10,1.939564286956852e-09,1.0,6.838836164035911e-10,7.671901336436804e-09,3.2274707351120924e-09,7.132207324733741e-11,6.127993223969952e-09,7.068869378734632e-10,1.4073739951214748e-09,2.4014634725233464e-10,6.634195415244903e-10,1.2925083225923117e-10,1.1873427796516012e-09
window-e630d1c79b5bdfa2f796,610_96685_193736,microwave,microwave,1.0,True,4.29083435449229e-09,4.464889916122594e-11,1.5810106557268e-09,1.6792383039643255e-09,2.188037251382724e-11,8.841637144652026e-11,4.4656331410486416e-10,4.721842361554707e-10,5.551115470070478e-11,1.3064943224505576e-11,1.3266004614265192e-11,5.9009658270881e-11,7.397997492386565e-11,9.049364591007247e-10,1.0,4.914529894151087e-10,1.2223768663943702e-09,1.1437331082220226e-09,1.1123406015722814e-11,1.6946698488951029e-09,1.4838451301013578e-10,5.654712253999605e-10,7.547291958065472e-11,5.275870851306763e-10,6.133214075498827e-11,3.298188389067036e-10
window-0733944c9e54c64b4842,610_96685_193736,microwave,microwave,1.0,True,1.4115173918582968e-08,1.4139518722533495e-10,3.900118450417267e-09,1.713430819449968e-08,1.2568993068562406e-10,2.776918694991082e-10,3.944255588805845e-09,3.6301550654371795e-09,8.80727268892656e-10,3.2367514918307805e-11,9.092111091790755e-11,5.370782707458943e-10,1.5647922957384708e-09,3.7004685982111596e-09,1.0,1.1511545050524319e-09,8.635478998542112e-09,6.741692981648839e-09,1.1562988760926984e-10,6.004712282958735e-09,1.274569227938116e-09,2.6362656502243453e-09,2.7362923038509734e-10,1.4996484054563552e-09,4.0058778516538496e-10,2.3022004302930554e-09
window-c41251ba97cca8e721ee,610_96685_193736,microwave,microwave,1.0,True,3.275752114006991e-09,1.2293743800739776e-10,1.9761483560643e-09,8.767470305315328e-09,9.074266338338077e-11,1.1247106024292464e-10,2.659943820759736e-09,3.632800948949466e-09,9.046586257888123e-10,2.31754754276281e-11,7.21146337090417e-11,2.2480797778889894e-10,1.1669253341395347e-09,3.04366709613646e-09,1.0,8.984389898714085e-10,7.056964346219274e-09,3.2170655028807005e-09,7.572179688830616e-11,5.062380736831074e-09,8.083317903917475e-10,1.902916935137e-09,2.1120688531439669e-10,9.517103771727875e-10,1.7749006431255765e-10,1.4956207383676201e-09
window-85ed4b0d6c7d984ac89a,610_96685_193736,microwave,microwave,1.0,True,4.915954865403194e-10,2.106572034865639e-11,3.044565433096835e-10,8.27528809366207e-11,2.6107119938112433e-12,3.24892404646171e-11,1.2099939106224866e-10,5.513992040739879e-11,1.1082385877048129e-11,3.735131128002056e-12,5.7682600015929175e-12,4.218863453031574e-11,2.1452298271107395e-11,5.785399381785794e-10,1.0,7.797975598577978e-10,4.2369452391000095e-10,4.3234710256356834e-10,5.235887244603443e-12,9.05774011350502e-10,3.6220731275404816e-11,5.5787978403554206e-11,8.152024194574281e-12,2.8332713952750055e-10,4.28249623263266e-12,1.5883272475036847e-10
window-48e68cbb61c85f350d2d,251_26910_54530,mouse,mouse,0.9999934434890747,True,4.467602110480584e-08,1.2053159359481924e-08,2.2893498208276242e-10,3.769222800542593e-08,3.0563873654188e-09,3.4698732775950702e-09,8.299525688926224e-08,3.242538876291334e-11,1.7168134969214321e-10,7.897330789319312e-09,1.239105928974027e-09,7.375171584556028e-10,6.325050205813199e-11,1.6274898095858248e-11,1.9575853826836465e-08,0.9999934434890747,1.672756239079476e-10,2.1843722386449826e-09,3.86083609527077e-09,4.5415107785551356e-10,1.819137174230434e-09,8.02369559682603e-10,1.3065500681364028e-08,6.393694548023632e-06,2.4601611858798833e-09,2.4404029019819973e-08
window-8e048cd59fbc797e595d,251_26910_54530,mouse,mouse,0.9998798370361328,True,3.2799082418932812e-06,1.0359927955505555e-06,1.7205709923473478e-07,7.03141704434529e-05,1.1241917263760115e-06,1.8772989278659225e-06,8.297436579596251e-06,1.415672201687812e-08,8.368233039846018e-08,2.01337442717886e-07,1.1798107379945577e-07,6.051052423572401e-07,4.77601247439452e-08,5.766739530344012e-09,1.478171611779544e-06,0.9998798370361328,1.1757625628661117e-07,6.598009605340849e-08,5.615651161861024e-07,2.209057647917234e-08,8.574723153742525e-08,4.071845793873763e-08,3.1681594236943056e-07,2.6393097869004123e-05,1.6006954695058084e-07,3.846043000521604e-06
window-c14c8ac836e60423dae9,251_26910_54530,mouse,mouse,0.9937177896499634,True,2.657804998307256e-06,8.049219673011976e-07,1.613596545269047e-08,6.849684268672718e-06,1.998299694605521e-06,1.6024839055717166e-07,2.793161547742784e-05,1.2648583513907852e-08,2.4971004819462905e-08,5.114568921271712e-06,3.3992087367096246e-08,6.51811831176019e-08,1.1322492277088259e-08,1.3890817385231458e-09,5.006647825211985e-07,0.9937177896499634,4.3196749288654246e-08,1.5665901287320594e-07,4.988293653696019e-07,3.8966547322161205e-08,3.392280518710322e-07,7.037140647980777e-08,1.3013363059144467e-05,0.006221192888915539,1.2360311529846513e-07,5.510144092113478e-07
window-163f065c01eb3d13e576,251_26910_54530,mouse,mouse,0.999981164932251,True,7.178537089203019e-07,1.8770369081266836e-07,2.766634388251532e-08,5.727656571252737e-07,3.827298655778577e-08,4.112795579658268e-07,2.1435066344110965e-07,2.853203229236101e-09,3.931347691832343e-08,5.70627065599183e-08,1.2526456316663825e-08,5.1135462086904226e-08,1.1621551720963907e-08,5.248895096343631e-09,1.4222018762666266e-06,0.999981164932251,4.370978956558247e-08,8.796941841637818e-08,2.5996757813118165e-07,1.7660992668311337e-08,2.6485652782071156e-08,5.2811532924579296e-08,8.935268880350122e-08,1.4047730473976117e-05,1.01368890170761e-07,3.8668727597723773e-07
window-fd3fd9431d2a53bed992,269_28620_57203,mouse,microwave,0.8651256561279297,False,0.0036560383159667253,0.0015461718430742621,0.0006991986883804202,0.05248427018523216,0.0009921466698870063,0.001827153842896223,0.0010167529108002782,0.0008197763818316162,0.0001496249169576913,0.005894694942981005,0.004203686490654945,4.9435635446570814e-05,9.977496665669605e-05,2.109868319166708e-06,0.8651256561279297,0.05349321290850639,6.590811244677752e-05,0.0014710156247019768,0.0004227101744618267,0.00022041205374989659,2.735563066380564e-05,0.00025353647652082145,0.0001276858092751354,0.00016321346629410982,0.00034934221184812486,0.00483904592692852
window-e0ae2f0bda1130657bcc,269_28620_57203,mouse,mouse,0.978165328502655,True,0.0006313621415756643,0.0003360430127941072,3.44719887834799e-06,0.005808847490698099,0.006913502234965563,8.980412530945614e-05,0.00015665582031942904,1.1598331184359267e-06,0.000180837232619524,0.003563194302842021,0.0002400861558271572,4.156872819294222e-05,2.453223032716778e-06,3.476837662219623e-08,0.0007270978530868888,0.978165328502655,1.6137539660121547e-06,0.001541654928587377,0.00024249729176517576,5.334730985850911e-07,1.3006863810005598e-05,1.2789369975507725e-05,4.41829688497819e-05,0.0011702756164595485,1.3792609934171196e-05,9.823645086726174e-05
window-0921ccc2b1699f992e8a,269_28620_57203,mouse,mouse,0.9999997615814209,True,3.023739836294226e-08,3.5311881418920166e-08,5.13490416853557e-10,1.3654561925591224e-08,8.485801394897408e-09,1.9278867391392396e-09,6.099774907397659e-08,3.901943698703114e-11,8.503562437534029e-12,2.021680156616412e-09,1.3547662547352957e-07,5.85294382404733e-11,2.0216085749868995e-11,4.056990854373055e-12,6.210378322712984e-10,0.9999997615814209,4.730914011236154e-12,2.452123615270807e-09,7.011730640549274e-10,1.210888854463743e-11,1.016386197427721e-09,6.108008543392884e-11,3.953994021088647e-09,9.152454349958816e-10,4.4607370575100447e-10,1.1952360212674762e-09
window-d6267af99d59c06c1f14,269_28620_57203,mouse,mouse,0.999889612197876,True,5.360706722967734e-07,4.388526576803997e-06,1.860782106177794e-07,3.0779042958783975e-07,5.544747523344995e-07,5.700431984223542e-07,4.4072172045162006e-07,1.0129288519067359e-08,6.303640986971004e-08,2.6000188668717783e-08,0.00010191623732680455,1.3536451959339502e-08,3.546185123326495e-09,1.169247809684748e-08,1.4770088796467462e-07,0.999889612197876,2.191944403762136e-10,2.1303924313542666e-07,1.0619154977575818e-07,7.333591955926977e-09,3.07062606452746e-08,8.859137423655739e-09,2.4145802512975933e-07,3.1152340707052417e-09,7.898849929688367e-08,4.973883278580615e-07
window-414f044196be8cb9daf4,373_41590_83041,mouse,mouse,1.0,True,9.230505804147526e-10,1.60071456090094e-10,1.0272135572697572e-11,4.191179070467399e-10,9.408104850727739e-11,4.9080732533735016e-11,8.396700001966906e-10,1.7860069976768922e-12,2.3575967567079914e-12,2.0339691302745377e-12,6.585669232173075e-10,7.361064535693629e-11,3.5587004263565314e-12,9.560066280278612e-12,4.2193243343646714e-10,1.0,1.2030022811249097e-11,2.5170865391999087e-10,2.3924384695561685e-10,1.6233708821644655e-11,1.0523878643531326e-11,6.085543180489594e-11,7.231965677353958e-13,1.8763740561311693e-11,2.0532842787135408e-11,9.936882566785599e-11
window-18514abd842b52e35d79,373_41590_83041,mouse,mouse,1.0,True,9.947221935036055e-10,4.1845413245589214e-10,2.851915578694353e-11,4.220324534287556e-09,1.323679360565322e-10,3.473342446991268e-11,1.992322695709703e-10,2.9597294667199625e-12,1.1656889646258217e-12,3.944385183057841e-12,3.729425934739794e-10,2.8015342823373146e-10,2.927731408003398e-12,1.193094789631033e-10,1.7761841997199213e-10,1.0,4.619860917431939e-12,1.4435648509891763e-10,7.976704852197258e-10,5.541951446363935e-12,5.868472374714884e-11,2.0943698164632707e-10,3.985319886601335e-12,9.79237871345795e-12,2.2056398374381558e-11,9.927921679198093e-11
window-b41839a8cddc0443da1a,373_41590_83041,mouse,mouse,1.0,True,3.771293277665677e-10,6.879769670620206e-11,4.863860616349802e-12,5.267736247205335e-10,4.717878865356795e-11,2.6729507496270344e-11,1.167839852600494e-10,5.035098856950859e-13,3.8098880604173213e-13,2.2295704778935166e-12,3.9726041900500775e-10,7.0250446085329266e-12,1.2302762975036075e-12,2.0156094675261027e-12,1.9105897419713358e-10,1.0,1.109367372270631e-12,1.1925191389927647e-10,4.683620158374424e-11,5.577624299923922e-12,8.611385909906843e-12,4.440625644974716e-11,3.222641337813359e-13,1.6035128086455686e-11,6.703024853921269e-12,9.727452870977871e-11
window-e842d1eff2a1afa53f61,373_41590_83041,mouse,mouse,1.0,True,1.851550246456668e-09,9.342603080053635e-11,7.335131634034209e-12,2.801530563090182e-09,1.9473848922313408e-10,7.883559083321501e-11,1.0152529927864862e-09,2.05800003774681e-12,2.862912381121352e-12,3.4337589195632123e-12,3.772797074752532e-10,1.1257815513143754e-10,1.7292101778254576e-11,1.484325683198673e-11,3.137725357316157e-10,1.0,1.2503543339592582e-11,4.0284195423900826e-10,2.0200259520652963e-10,1.0532855837519506e-11,2.4127748410318617e-11,7.194152912282092e-11,7.227125798855982e-13,4.606576925469952e-11,3.8165977322979217e-11,2.6830043742265275e-10
window-4f96528298d7db716caa,374_41907_84025,mouse,mouse,1.0,True,4.487517024642784e-10,1.7897086590501488e-10,1.7753703021594625e-11,7.18144765876616e-10,3.756332467297341e-10,2.0493950286804008e-11,5.155845542170745e-11,1.4294392492592012e-12,2.7696586343828322e-12,5.72819786395784e-12,7.822436032256519e-10,7.261469203712068e-11,2.316406181451791e-12,2.4009950277958936e-11,7.38619651552419e-11,1.0,2.2870930409951695e-12,4.3237927127570686e-10,2.700552836909509e-10,1.261180482964308e-11,2.3013198985344374e-11,1.2998187248758342e-10,4.1763164107533335e-12,1.2873680420300015e-11,1.9054138475360638e-11,8.341337343065192e-11
window-49efd91e5739a00a2ee1,374_41907_84025,mouse,mouse,1.0,True,7.349862052308254e-09,1.640510838285536e-09,7.195803397586076e-10,3.15325365818353e-09,2.5160509231625383e-09,4.244014306653554e-10,1.1927153709123672e-09,3.786774019354233e-11,4.19276835472715e-11,8.762179176668994e-11,4.864805003279571e-09,7.358709197546887e-10,5.063833727336764e-11,1.3384371388980298e-10,1.6621803933247747e-09,1.0,3.8173113975359385e-11,3.059574371633289e-09,1.7967657361950273e-09,2.0810025924689057e-10,3.759694222615906e-10,1.2495068313356228e-09,8.239159354772596e-11,2.4132501552642793e-10,5.743103770328162e-10,8.966568598722802e-10
window-cc700b68bbbcb5825451,374_41907_84025,mouse,mouse,1.0,True,4.799900032992355e-09,3.9153735809094314e-10,3.6257226387892416e-11,1.5263036390322782e-09,3.8340158825533877e-10,7.16083164986614e-11,3.834900730304014e-10,3.968026428269322e-12,5.747569087333204e-12,3.479661697669556e-11,3.7618461123933855e-10,4.7746664261216765e-11,1.0192197780201084e-11,1.0700907174254759e-11,1.3494595718643865e-10,1.0,7.1347749756867085e-12,5.505073064071553e-10,6.6168059920102e-10,2.356667291869563e-11,8.588656175145815e-11,3.3628161366650033e-10,7.927372300264857e-12,9.38729441402053e-11,5.414876186327078e-11,1.0166515546083943e-10
window-ef306fe7fcb5c236bb28,374_41907_84025,mouse,mouse,1.0,True,2.623002925972173e-10,1.4433253203716134e-10,4.5444408652839385e-11,2.445066371592475e-10,1.7374399141623087e-10,2.5931253672117904e-11,7.704462068325313e-11,1.2925736869728865e-12,3.1047235095338355e-12,5.771198189480353e-12,6.972962207640876e-10,3.6470087366735626e-11,1.8432527639639096e-12,1.6812556555279023e-11,6.981462630228918e-11,1.0,1.6148128841042553e-12,2.4960791766837076e-10,2.031458889995008e-10,1.5869697916892633e-11,2.1916584866388256e-11,1.4687692728720947e-10,4.448583428712238e-12,1.2424047034220731e-11,1.6858282131382296e-11,5.7098315658921095e-11
window-33684eedd96601e00c2a,537_78163_151221,mouse,mouse,1.0,True,1.0724114041238408e-08,5.541629377603385e-10,1.931025478407733e-10,5.2799332905806295e-08,9.110829313208058e-10,3.151165717252269e-10,4.5298378381630755e-09,1.8756440844924782e-11,6.8536894909376755e-12,7.464800999557042e-11,1.1650282960573577e-09,4.2142310474613254e-11,6.203818014860474e-11,1.1717416967260696e-11,3.65484448261455e-10,1.0,5.682799716910658e-11,3.5500011819067367e-09,1.2843942576168388e-09,3.6293917871077497e-10,1.6732300267552347e-10,7.839687787836169e-10,7.116956329822344e-12,9.103234138718719e-11,1.8534219992094592e-10,4.5909395729459845e-10
window-bc9e2450fb529b38ff88,537_78163_151221,mouse,mouse,1.0,True,8.273288165661086e-10,1.342392308423257e-10,2.9937056306161836e-11,1.7334784718769924e-09,9.034235859406436e-11,9.550029517191305e-11,4.034586553736119e-10,2.047159317064562e-12,1.2454837508557581e-12,6.212731284288564e-12,1.2585577024992745e-09,1.3653763883403336e-11,5.587996211586788e-12,5.475484649020146e-12,1.103969068938504e-10,1.0,3.2864923889958098e-12,7.793068967920647e-10,4.658045060779159e-10,2.7778232838948647e-11,2.6577301123764663e-11,1.1201761740409211e-10,1.235998716569986e-12,5.023188028724368e-12,3.453649519147284e-11,1.3441781021583665e-10
window-e2a86141853dc6f3d56d,537_78163_151221,mouse,mouse,1.0,True,2.9480657914859876e-09,4.4692544109992127e-10,1.3876486071318084e-10,1.7421005082951524e-08,4.761972483002808e-10,2.728974546339913e-10,1.3953220800999588e-09,1.4092877906324297e-11,9.28854822918046e-12,4.337998710246538e-11,1.0382690263099903e-09,1.4426812522394528e-10,2.944904389790004e-11,1.162337066873409e-11,4.622448257496359e-10,1.0,2.9448537358645055e-11,1.0190094101858449e-08,2.53180232334671e-09,3.7095829186206686e-10,1.3673942533820593e-10,7.777877786274701e-10,5.315835445440786e-12,3.572671672391614e-11,1.4062194464425914e-10,4.186225810443034e-10
window-9f55e42e8f27d2d30a70,537_78163_151221,mouse,mouse,1.0,True,5.733726826662178e-09,3.3402502985779847e-10,1.7856374712188483e-10,3.3076350547389666e-08,3.8561936976933e-10,3.7060185476001095e-10,3.714200946802748e-09,1.4050578409086079e-11,6.708755079243289e-12,4.7204622155572196e-11,1.3830331324626854e-09,5.367554317681211e-11,5.158363666768473e-11,1.3651055112695598e-11,2.695813017261628e-10,1.0,4.313864196414663e-11,6.342119274194147e-09,1.188772635885016e-09,2.507244689642363e-10,1.6156617710372245e-10,7.540676971728999e-10,3.960329026525544e-12,5.519189966163296e-11,1.552720868547297e-10,4.195386260619216e-10
window-10e82e26752a6cb4b2e1,616_99441_199619,mouse,mouse,0.9999998807907104,True,1.3453719915901274e-08,7.704763049787289e-09,6.175733813229556e-10,1.014599160242824e-08,7.697697590458574e-09,4.0259687250632226e-10,4.1530103800369034e-08,1.3527039210980973e-10,1.077381933667354e-10,1.430498913768119e-10,1.860133824749255e-09,2.382979369386362e-10,8.323314953928573e-11,3.903001533078765e-11,3.178461938091459e-10,0.9999998807907104,7.265527762756463e-11,1.9204442480713624e-09,5.590378715503164e-10,1.1240413461122145e-10,7.435998483629191e-10,7.018488012988655e-10,1.3211215454944636e-10,1.6370278743682576e-10,1.0788033799613572e-09,1.5870159353337243e-10
window-231aa478fc602e49d9f9,616_99441_199619,mouse,mouse,1.0,True,1.634362156721636e-08,4.017272736689392e-09,3.838069306816294e-10,4.401444542168065e-09,4.215947591035274e-09,5.809937531076059e-10,4.569782774410669e-09,5.325042143344838e-11,4.637352307712561e-11,2.5455865193535487e-10,6.545998854079471e-09,9.52581555302423e-11,9.780735943376584e-11,8.703232579065912e-11,2.231593521084818e-10,1.0,3.5620433685989994e-11,2.036557811280204e-09,1.453633879933136e-09,1.6532632207688636e-10,6.00312910492562e-10,1.1167463620509466e-09,1.055037307517992e-10,6.324322732176313e-10,8.597986211889008e-10,2.735765503025789e-10
window-53ccf9cb5ed26cef113a,616_99441_199619,mouse,mouse,0.9999991655349731,True,2.75595169796361e-07,2.0355270180516527e-07,7.73197772474532e-09,3.381327218221486e-08,3.8237995880763265e-08,1.5582624079968355e-09,1.9074178680966725e-07,3.7758769444451445e-09,5.808115099981137e-10,3.275630655608097e-09,1.8087334963112767e-09,3.6403167147369686e-09,3.9451986122429616e-10,1.2172893248951766e-10,8.666967699078043e-10,0.9999991655349731,4.385868335177179e-10,1.533004834186613e-08,2.5462218999905417e-09,6.742468805498447e-10,8.4171096759178e-09,3.586443364511638e-09,2.020930978119395e-09,1.4627189459659462e-09,8.268584039683446e-09,5.63115831742067e-10
window-a8293d1ce0e82e2598ff,616_99441_199619,mouse,mouse,0.9999998807907104,True,8.479933200078449e-08,2.338576088334321e-08,9.785068311174427e-10,2.136099119809387e-08,3.5025773392760584e-09,1.0596924449046696e-09,4.517328733300019e-08,9.34967936405684e-11,9.191953448395296e-11,4.5104106560778234e-10,1.4340809650903452e-09,1.2480935729364262e-10,2.6560284527299416e-10,9.99426513770274e-11,1.0655741844445288e-09,0.9999998807907104,1.679176381275127e-10,3.0484366142502495e-09,1.7809137498048244e-09,5.494435462161107e-10,1.0679548356762325e-09,2.0948220935679274e-09,3.448398511185502e-10,2.0356953900346753e-09,1.5481229631575388e-09,2.661784681556867e-10
window-f1d11cd11fde183c47d4,105_12597_24882,parkingmeter,parkingmeter,0.9999997615814209,True,2.377823626886766e-08,1.582720954296235e-09,3.052398556135927e-09,1.875520405647535e-09,9.164997094579519e-10,1.5685271970156123e-09,2.101741669591206e-09,5.664037572294944e-10,1.4849192986332582e-08,1.5525487839784802e-10,1.1560141038868821e-10,3.421170569062326e-10,1.5986996970696055e-07,8.037141265015979e-12,2.6123128660238137e-10,4.4597248116673427e-10,0.9999997615814209,3.6689753457608276e-09,1.5975458733663572e-09,5.113150791657972e-09,2.2963890788929575e-09,8.305849519274489e-08,6.616779346657609e-10,4.2058991844839966e-09,1.436363916695882e-09,9.567475284244509e-11
window-000abbd73704e3d2a0bc,105_12597_24882,parkingmeter,parkingmeter,0.9999984502792358,True,1.4835309514182882e-07,5.089869414831583e-09,6.699254484487938e-09,4.486604865405752e-09,4.988234270086878e-09,4.252250107583677e-09,6.28230933941154e-09,2.1520110138339987e-09,2.5701005768041796e-08,9.157820612948342e-10,7.934311541113459e-10,9.768439390711592e-10,9.099401836465404e-07,9.33142244030627e-11,2.3404278515215537e-09,2.6332063196576883e-09,0.9999984502792358,1.0435529773644703e-08,4.857658275625454e-09,2.4251062313851435e-07,1.2033785523613005e-08,1.4487117994121945e-07,2.6859969803894046e-09,5.169029648754986e-08,6.96033186642353e-09,5.964713722939052e-10
window-8983f24504dc4e7d655f,105_12597_24882,parkingmeter,parkingmeter,0.9999996423721313,True,5.796249524792074e-08,4.421696342404857e-09,6.8910157580148734e-09,1.052244069654762e-09,2.0177313153624254e-09,7.84357823135906e-09,3.262033976270118e-09,1.0130088989868113e-09,6.526386098215653e-09,3.7265801555719236e-10,4.135622955203644e-10,1.0854016574413095e-09,1.6015333414998167e-07,8.614377960958208e-11,1.7439175659106354e-09,1.5856184143459018e-09,0.9999996423721313,1.159645623971528e-08,2.6931050722822647e-09,9.665114930612617e-09,5.137305691960137e-09,3.929013914216739e-08,4.053477109522419e-09,1.16301039909672e-08,2.7809157199243373e-09,4.633886885319072e-10
window-6d7f2b19975cca3c301a,105_12597_24882,parkingmeter,parkingmeter,0.9999996423721313,True,6.143746844600173e-08,2.436375101666499e-09,4.672621400914068e-09,1.3101635332191108e-09,1.8281050007118438e-09,3.4317069186329263e-09,2.3141213389976656e-09,6.243812133988058e-10,6.6644059160125835e-09,3.029711481694619e-10,1.421818357494331e-10,1.0192943156184242e-09,7.663536649715752e-08,5.644406123050949e-11,1.520306214253253e-09,1.0081072643330913e-09,0.9999996423721313,1.6882243158988786e-08,2.3291772954792123e-09,1.2280675143472308e-08,3.816855276284059e-09,6.252554385355324e-08,2.7765696408721396e-09,7.54588658224975e-09,2.5728343899800166e-09,1.6927365065200206e-10
window-1b9aad6f9c00dcbe0f20,429_60447_117580,parkingmeter,parkingmeter,0.9999997615814209,True,4.4879396199348776e-08,2.9182909422331704e-09,5.85435655509059e-09,3.2112836834130576e-09,9.406080359042335e-10,2.017773947926571e-09,1.2069286681182234e-09,3.9042760691110345e-10,3.936633685697188e-09,9.34691879450611e-10,1.0685083373651594e-10,4.2517508958006545e-10,1.6457585161333554e-07,3.165174719543806e-11,5.978788020222225e-10,1.4464978104200554e-09,0.9999997615814209,7.418902381317594e-09,3.125433689632473e-09,2.087599426658926e-08,5.2985220655443754e-09,2.432815016106815e-08,1.4295066241842846e-09,6.278017661287549e-09,3.796199798955513e-09,1.7227878845726963e-10
window-23c6cd24270c7aee4df6,429_60447_117580,parkingmeter,parkingmeter,0.9999997615814209,True,2.5023018324077384e-08,2.3212212152401435e-09,2.9467159823326483e-09,3.6587932683573854e-09,1.1606786642914813e-09,1.3711448643149993e-09,1.5042345147264768e-09,3.4963543171784295e-10,4.062184810749159e-09,3.7063005442483643e-10,1.434548035916805e-10,3.619712307667555e-10,2.190091095144453e-07,2.7789513745712924e-11,4.295908073714827e-10,1.0164211694529968e-09,0.9999997615814209,4.09212441709883e-09,1.7933038387596412e-09,1.343566502498561e-08,2.9567597259472223e-09,1.7532638452166793e-08,1.2609409072439348e-09,7.483638597705067e-09,2.725604408837512e-09,1.1114247022714352e-10
window-30620ec6f1436f3dad2f,429_60447_117580,parkingmeter,parkingmeter,0.9999998807907104,True,2.678461186178538e-08,1.5049377299902744e-09,2.1345341050249544e-09,1.5464644009810513e-09,1.2572883845152205e-09,9.73571667728379e-10,1.50812728971772e-09,3.0945457307751667e-10,3.0164746256389208e-09,2.898132289708144e-10,7.833644150023744e-11,2.8941549157224244e-10,7.584910832747482e-08,1.0977950319623897e-11,3.566082706907281e-10,7.282277003639592e-10,0.9999998807907104,3.580827190319269e-09,1.3826954026185945e-09,1.0072835010532799e-08,2.034197033040641e-09,1.8279459723657965e-08,8.747954582943862e-10,4.143189791250279e-09,1.4604535358841986e-09,6.635064025983795e-11
window-bf7f6774961e56c65295,429_60447_117580,parkingmeter,parkingmeter,0.9999995231628418,True,1.0643318404390811e-07,7.634717746896058e-09,7.2868910905299344e-09,5.9259415152723705e-09,1.7203518609676394e-09,1.825195550253511e-09,3.5539831078068573e-09,1.1268234123562593e-09,4.664570951717906e-09,1.7839932864305297e-09,1.2644538194273025e-10,4.614773008171369e-10,1.8250443645229097e-07,3.22759527437988e-11,8.091319836367461e-10,2.315286629084312e-09,0.9999995231628418,6.912090455557518e-09,3.6029201844200998e-09,3.961415728781503e-08,1.2025630269363319e-08,9.441011172839353e-08,1.1251526377265009e-09,7.692514181201204e-09,5.898977750717904e-09,3.0421667962521326e-10
window-15af39c11478ab7c8bf4,602_93529_187049,parkingmeter,baseballbat,0.34223222732543945,False,7.084124808898196e-05,0.0044897752813994884,0.34223222732543945,0.00515772495418787,0.002670393092557788,7.740915862086695e-06,0.0001430327247362584,0.004209951497614384,0.00012356878141872585,0.003725542686879635,0.0005172016099095345,0.004106283187866211,0.001000249176286161,0.3361838757991791,0.001620141789317131,7.242875653901137e-06,0.25574418902397156,0.008258452638983727,4.8731028073234484e-05,0.006788126192986965,0.016135476529598236,0.0003354629152454436,0.004458308219909668,0.0007941251387819648,6.992510316194966e-05,0.001101433183066547
window-3584954c12c83992f583,602_93529_187049,parkingmeter,kite,0.6080089807510376,False,5.098762267152779e-05,0.002469694009050727,0.35172489285469055,0.0033344398252665997,9.964134369511157e-05,2.902645974245388e-06,0.0005038257222622633,0.0008028511656448245,1.0598181461318745e-06,6.121140904724598e-05,1.5822697605472058e-05,8.610732766101137e-05,3.548352106008679e-05,0.6080089807510376,0.0001030915736919269,2.8727249627991114e-06,0.029746688902378082,0.00033313280437141657,1.6783420733190724e-06,0.0009045911720022559,0.0015116854337975383,4.461764910956845e-05,9.491455421084538e-05,7.653225111425854e-06,9.652363587520085e-06,4.154437920078635e-05
window-abc0b06f5a1478fbe3df,197_21223_42168,plant,plant,0.9999898672103882,True,2.0907906517209085e-08,2.397990250813109e-08,1.012074903883331e-07,7.735376073014777e-08,1.854164537462566e-07,5.141679437770108e-08,7.103838584043842e-08,7.47642019405248e-08,4.89371541334549e-06,1.0436958319814948e-07,2.6510812745073054e-07,4.041055774450797e-07,3.621116562158022e-08,1.3388079089793337e-08,3.956748528821663e-08,5.982351325428681e-08,7.558791708106583e-07,0.9999898672103882,5.352941911951348e-07,8.460639122631619e-08,1.8823972425252578e-07,1.7932341052073753e-06,1.4024647221333453e-08,2.400400660462765e-07,6.188955836705645e-08,4.562892996773371e-08
window-080762098ea107819154,197_21223_42168,plant,plant,0.9999995231628418,True,4.861183122706336e-10,5.899762345329407e-10,5.491492593989733e-09,2.830284895338764e-09,1.2982436459196833e-08,6.190332135780352e-10,9.14034514742923e-10,1.976057095731676e-09,2.7309900474392634e-07,3.777585355635438e-09,4.703954115115039e-09,1.4052690744392748e-07,5.403228420242101e-10,5.507674871729762e-10,2.3544939331543446e-09,2.287042999427058e-09,7.464178608529437e-09,0.9999995231628418,1.7191126744364738e-08,3.6003853232102756e-09,1.4067567555287042e-08,5.5982564362011544e-08,3.0128555206232477e-10,2.6209225900686306e-09,1.6302136307544401e-09,2.1441917130715638e-09
window-f4c1801c99cea4cffdc4,197_21223_42168,plant,plant,0.9999972581863403,True,4.250047869192031e-09,5.2780229076176965e-09,1.8485431851900103e-08,4.690757648972976e-08,2.9086271169376232e-08,2.1258548699165658e-08,5.744033249044378e-09,1.098380231212559e-08,9.263351898880501e-07,2.5718136953400972e-08,2.8823668785094014e-08,5.306928869686089e-07,2.718033798032593e-09,2.296186130124056e-09,2.7992488327299725e-08,2.3894019207659767e-08,8.978172871820789e-08,0.9999972581863403,1.9982132926088525e-07,2.8282560293746428e-08,7.658564982193639e-08,4.570454734675877e-07,2.856102243598002e-09,8.706575727046584e-08,1.3758787886786195e-08,7.176505789630028e-08
window-142223aa8689427bc764,197_21223_42168,plant,plant,0.9999935626983643,True,2.1465410782184335e-08,1.590452747279869e-08,1.2084173306448065e-07,1.189039409155157e-07,7.81070497168912e-08,4.7221409005260284e-08,3.392975855831537e-08,5.890052179324812e-08,2.2803835690865526e-06,1.3140959254087647e-07,1.2214229627716122e-07,4.2127820165660523e-07,1.7100242999390503e-08,9.168774184331596e-09,7.070759266980531e-08,4.632537908833001e-08,6.115431574471586e-07,0.9999935626983643,3.4486350841689273e-07,2.144735589126867e-07,9.917860666064371e-08,1.4248463457988692e-06,1.044149122719773e-08,1.427139864063065e-07,6.373586103336493e-08,3.112839408458967e-08
window-1b719d36517d7763b1a9,346_36039_66047,plant,plant,1.0,True,7.76034375649104e-11,2.6993825577581454e-11,1.2087719714060086e-09,1.216412942595113e-10,2.454177139288305e-10,5.330112740065118e-11,5.742534225916529e-10,1.3907514029298795e-10,1.433727719879485e-10,1.096707447079126e-10,6.279823883126312e-10,3.4533038650863546e-09,4.622655123270869e-12,1.4610353205046778e-10,7.798109380452445e-10,1.859054854502773e-10,1.4030367145867473e-10,1.0,2.372213814272328e-10,3.213145305380749e-10,9.210188861574764e-11,6.079652337120933e-10,2.074340005320252e-11,2.7318611817150895e-09,1.498921264886377e-10,3.706720264062824e-09
window-1c13b12de3c6f04f90af,346_36039_66047,plant,plant,1.0,True,1.0859289162334917e-11,3.097123252304712e-12,9.28328768023956e-12,3.278949334273307e-11,3.615577975901729e-11,1.0523231591674787e-12,1.2819357554649802e-11,3.410548102614208e-12,1.7873300062198894e-11,1.2001770410829948e-10,4.008604212457634e-11,1.522984793833615e-10,5.482951332541619e-14,2.0676986598605618e-12,4.629469030348332e-11,1.575133599940326e-11,3.035522571151472e-12,1.0,2.2868443250168013e-12,8.499846334587835e-13,1.2899088264531344e-12,2.007021111805063e-11,6.25443368428534e-14,2.1848646503119795e-10,4.865243190960156e-12,6.044718892095347e-11
window-a46aca6fa984b4b3467a,346_36039_66047,plant,plant,1.0,True,1.7710827249217687e-10,1.728821079349796e-11,2.4198459902535774e-10,8.20425616332443e-10,1.3059724413011509e-09,3.916492130606741e-11,2.073432314730894e-09,1.4369253009682836e-10,9.411892099020491e-11,3.0955554786160633e-10,3.4149127969840265e-10,6.202011126887896e-10,5.9770847125883986e-12,3.826751762692204e-11,3.599320841374265e-10,6.088111681457065e-10,2.235805984796002e-11,1.0,1.3102882667759275e-10,2.299978402175995e-10,5.3008833433842995e-11,2.737200743840873e-10,2.1324853341497807e-11,9.106451148710448e-10,1.4807605142053148e-10,2.1169459518688427e-09
window-1bcc1f02349f3eacb6a7,346_36039_66047,plant,plant,1.0,True,2.6318043300221916e-09,1.2892263645536417e-10,5.766890853742268e-10,2.8748621261343033e-09,3.4299088014222434e-09,3.198153131211967e-10,3.121008340656317e-09,2.1459674315327248e-10,5.462565400016217e-10,1.041301378457149e-09,1.2539738136752021e-09,4.676436460293587e-10,2.151991779220097e-11,4.629539807066152e-11,1.5769628936013191e-09,2.7457200957314853e-09,1.7681293928983877e-10,1.0,3.460112751874078e-10,1.629933688018781e-10,2.2961037238200532e-10,1.5826036037225322e-09,1.5186879531725594e-11,1.207689503956999e-08,3.6785038903808243e-10,2.3988002695318755e-09
window-82a0b061f38c9777cd3d,374_42124_84248,plant,bench,0.9271479249000549,False,0.019843410700559616,0.0076055885292589664,0.00042815558845177293,0.9271479249000549,0.0006619234336540103,0.0004391944094095379,0.002625043038278818,0.021209195256233215,3.551829877324053e-06,9.184196824207902e-05,0.0016797742573544383,0.007066673599183559,3.255498086218722e-05,4.508154233917594e-05,1.3564789696829394e-05,0.00027569980011321604,1.6115100152092054e-05,0.0009671333828009665,0.0011501138797029853,2.9841101422789507e-05,5.235927892499603e-05,2.3237502318806946e-05,0.0006347674643620849,7.535185432061553e-05,3.165095768054016e-05,0.007850144058465958
window-1a7ce30e511d5ac07a1d,374_42124_84248,plant,bench,0.47166094183921814,False,0.016731418669223785,0.00792080070823431,0.030840670689940453,0.47166094183921814,0.0021110381931066513,0.006046614143997431,0.0013897400349378586,0.02746277116239071,8.354766032425687e-05,0.023418787866830826,2.7812100597657263e-05,0.16756132245063782,9.911675442708656e-05,0.0003662344824988395,0.0009635128080844879,0.0012019147397950292,0.0003458597348071635,0.1906764805316925,0.008808842860162258,0.00043180183274671435,0.000827465089969337,0.0027604589704424143,0.014871875755488873,0.009441538713872433,0.00429130345582962,0.009658067487180233
window-67517d56d08f5dd4d00c,374_42124_84248,plant,plant,0.49885085225105286,True,0.0789923444390297,0.007910226471722126,0.0030455340165644884,0.15371853113174438,0.0019516564207151532,0.1196785643696785,0.015210714191198349,0.02755577489733696,1.3874599972041324e-05,0.00823543593287468,0.03449016809463501,0.0043570208363235,5.133017111802474e-05,0.00022436739527620375,0.0002794673782773316,0.008313875645399094,2.276909253851045e-05,0.49885085225105286,0.005597047507762909,0.00020315615984145552,0.0011236980790272355,0.00018020314746536314,0.003172234632074833,0.008297325111925602,0.0003369988116901368,0.018186863511800766
window-5349774507c85fe5f31a,374_42124_84248,plant,apple,0.7925118803977966,False,0.7925118803977966,0.0023945218417793512,0.00025045013171620667,0.14766114950180054,2.0526824755506823e-06,0.0007564573315903544,2.368074274272658e-05,0.025235816836357117,9.211138376485906e-07,0.005963990464806557,0.0001654536317801103,0.0007923504454083741,1.1234741577936802e-05,8.925128349801525e-05,2.112694528477732e-05,4.502398951444775e-05,1.8338741938350722e-06,0.00022981326037552208,0.0229671411216259,8.215657544496935e-06,0.00011505800648592412,1.671986683504656e-05,0.0006337894010357559,3.3604745112825185e-05,4.15423528465908e-06,6.426739128073677e-05
window-973b8d2514fa9f09e54a,38_1678_5044,plant,plant,0.999998927116394,True,1.7945479546810361e-09,1.9958788399776495e-08,1.1912301367544842e-08,3.26100071390556e-08,2.003163146468978e-08,2.355004635745672e-09,6.434976995706165e-08,5.422914339803242e-10,1.0558747653988121e-08,1.1363518837015363e-07,2.1145939166355987e-10,6.280695288296556e-07,3.7338776515127847e-10,4.087957350407123e-08,3.157892081162572e-08,2.4038186552388652e-08,7.089821618677661e-09,0.999998927116394,1.4173647144843926e-08,3.759403344183454e-10,1.9206300549967636e-08,2.45658760000822e-09,2.772736040768109e-09,4.73285810542734e-09,8.905579385043438e-09,6.893285053877207e-09
window-92d9cd0e5717fbb96436,38_1678_5044,plant,plant,0.9999672174453735,True,1.1492877760588271e-08,9.82027813734021e-07,4.2798271238098096e-07,7.600045819344814e-07,1.048510682721826e-07,7.420447900585714e-08,6.384987045748858e-07,5.705396688426845e-08,3.8358543008598645e-08,4.0340256646231865e-07,2.3061428322534994e-08,7.454153546859743e-06,1.3843661328394319e-08,1.5229677956085652e-05,1.288545036004507e-06,1.65365065640799e-06,2.0506693942934362e-07,0.9999672174453735,3.1933598165778676e-07,2.9187818384457387e-08,1.4979035540818586e-06,3.802650994089163e-08,7.480091994693794e-07,5.353808418817607e-08,8.744125779003298e-08,6.29234875759721e-07
window-9df30bcae1ebe64a7a32,38_1678_5044,plant,plant,0.9999669790267944,True,1.101170443718047e-08,2.1472428102242702e-07,8.088869662969955e-07,1.0143960338382385e-07,4.4095932594245824e-07,2.9949937641049473e-08,2.744789071584819e-07,4.172094492105316e-08,9.19458820192176e-09,2.992886294350683e-08,1.1124157595077122e-08,4.175677531748079e-06,7.201281349011879e-09,2.5052249839063734e-05,8.905401216452447e-08,1.430580880423804e-07,1.503354241094712e-08,0.9999669790267944,2.546506721046171e-07,1.4202773179761152e-08,1.0404417025711155e-06,9.942004552954131e-09,6.862581614086594e-08,1.1164076774150544e-08,1.831815588104746e-08,6.036992772351368e-08
window-a5f524c53d0b248f9a33,38_1678_5044,plant,plant,0.9999992847442627,True,7.857912237563269e-11,8.262388995206038e-09,8.318191468958958e-09,1.694258955353689e-08,8.515923077823118e-09,2.2498594098863123e-09,2.3868967247153705e-08,8.041561305738298e-10,7.137149093949802e-09,1.157841911236801e-08,5.344516496030849e-10,5.33356740106683e-07,1.4363105149683975e-10,3.5674176501743204e-08,7.297519744042802e-08,1.649310910067925e-08,4.3538488370131745e-09,0.9999992847442627,3.3506377672409826e-09,2.3805848403668506e-09,1.2252220571440375e-08,1.5591872237763482e-09,2.1595167876142796e-09,4.343389647942786e-09,2.162942491779063e-09,4.278876630792183e-08
window-8053bb8c6fee3b795551,40_1901_5812,plant,plant,0.9999995231628418,True,2.8619449921052365e-08,5.544608105978455e-10,4.709962553306468e-08,1.3274261689844025e-09,8.590048672374451e-10,6.440754873882071e-11,9.710751092129044e-10,2.731269654887569e-10,5.010101222779895e-10,2.7675279845595924e-09,4.9324575535081294e-09,1.4059165209800994e-07,3.8263503476798633e-10,1.9374410964445588e-09,7.72072539234614e-08,3.7417898113289993e-08,3.334930553933191e-08,0.9999995231628418,1.3864667636198647e-08,7.49467865546194e-09,5.865540275706849e-10,3.230191225611634e-09,2.610190674712243e-10,1.3337030146942652e-08,1.939001181838762e-09,7.097686882673315e-09
window-b0e280d25d341d499398,40_1901_5812,plant,plant,0.9999997615814209,True,4.106440520956767e-09,2.9538946288987233e-10,7.908837140746527e-09,3.258649738935304e-10,9.136512657548224e-10,2.921830138946646e-11,1.490676360127452e-09,5.73819429472433e-11,2.130806642242078e-10,9.170068038244494e-10,1.3782558427877234e-09,5.4640285185314497e-08,1.5475699888245487e-10,8.417720409603646e-10,1.7433832155688833e-08,1.0949964490691855e-08,1.9552430785552133e-08,0.9999997615814209,6.8869696612239295e-09,1.0617179135863353e-08,2.9465904716197144e-10,1.0470848632593288e-09,4.8645115713341625e-11,7.670523771707849e-09,3.506659407293e-10,4.231713202074161e-09
window-fef2328c462294a24a92,40_1901_5812,plant,plant,0.9999997615814209,True,1.7017866227320155e-08,2.860218450972951e-10,7.409262536839378e-08,1.374092950534589e-09,2.1116626225392565e-09,4.740491332810848e-11,1.0716397769172659e-09,1.5374666817447036e-10,5.926900081831832e-10,3.426030570352623e-09,3.4501297374589512e-09,8.004982987586118e-08,1.512819453042269e-10,1.8911752164285645e-09,2.5397739022992027e-08,3.2085058165876035e-08,1.3620747196796401e-08,0.9999997615814209,5.8975166972174975e-09,1.5473709424895787e-08,6.799424911996255e-10,2.726243897299696e-09,6.93948232211028e-11,7.135995350182611e-09,2.008527788532888e-09,4.038976264553185e-09
window-e6257c0d8a6b5fd3ee9f,40_1901_5812,plant,plant,0.9999954700469971,True,2.8132097895650077e-07,7.504503685140662e-09,3.011695639543177e-07,2.2696266199773163e-08,1.405755956085386e-08,8.196226475298829e-10,2.31737260492082e-08,5.508002054455119e-09,1.4053108898792743e-08,3.482785260189303e-08,6.43944915168504e-08,1.1152530987601494e-06,5.815424142241454e-09,3.832876060982926e-08,5.763156423199689e-07,2.2956216128022788e-07,1.1438910405559e-06,0.9999954700469971,1.603496571078722e-07,2.0498767128174222e-07,8.0003808022866e-09,6.919096051660745e-08,4.064167224981929e-09,1.685584436472709e-07,2.6470727831906515e-08,4.0600856010541975e-08
window-ac5a922d263d86d3f08d,480_68442_132810,plant,plant,0.9999996423721313,True,3.5412064947060173e-10,2.810240651296425e-10,1.3217124283926296e-08,2.185023273426623e-09,2.2489945905590503e-08,1.4763642530724042e-09,8.73831762504551e-09,6.5999299359020824e-09,7.944440660878627e-09,5.26260313105098e-10,1.5880406323276475e-08,1.3977096102735231e-07,4.086459226559924e-10,8.0638585586712e-08,1.1170661728954201e-08,8.162053255489354e-09,1.2735463350566079e-08,0.9999996423721313,2.696708412130988e-09,7.073604368912356e-09,4.882009019269162e-09,5.42151434856919e-09,2.9326852057920405e-10,8.992495637016873e-10,5.723093554621528e-09,4.4391406106569775e-08
window-9959ab77c5afc1dc1873,480_68442_132810,plant,plant,0.9999368190765381,True,1.3829253298069943e-08,6.344730962837275e-09,7.368880687863566e-07,5.7897089789094025e-08,6.839924537871411e-08,4.491356619951148e-08,3.694564876255413e-09,3.51184525015924e-07,2.6099090177922335e-07,2.4554162791901035e-07,1.7355045201838948e-05,1.7273080743507307e-07,7.121463596604372e-08,3.93754307879135e-05,1.2686861339261668e-07,1.2774365565348944e-08,1.9153199914967445e-08,0.9999368190765381,9.268757317215659e-09,2.6507320853852434e-06,1.2658411208121834e-07,2.2847306979656423e-07,1.9759452740686356e-08,2.9697648784576813e-09,4.631232286556042e-08,1.1867227840411942e-06
window-81213e69848fc5ea10db,480_68442_132810,plant,plant,0.9999957084655762,True,6.487300696633724e-10,1.3159712208832275e-09,4.9086683162613554e-08,4.402469144793031e-08,2.2188491044516923e-08,2.770820017872211e-08,3.1898435004507064e-09,9.380126897440277e-08,8.527774753019912e-07,4.545580978287944e-08,5.018156343794544e-07,4.5040027885079326e-07,1.8292661829732992e-09,5.141201881997404e-07,1.840256516061345e-07,1.4122329972110492e-08,1.4031391160074236e-08,0.9999957084655762,4.3853036757468544e-09,2.8371519533720857e-07,5.775182287948155e-08,5.603245512020294e-08,2.668633847235924e-08,3.090723676990592e-09,1.0997501931342413e-07,1.1213878678972833e-06
window-9f5b3b5adda9280d3376,480_68442_132810,plant,plant,0.9999324083328247,True,2.161612258078094e-07,1.309841906049769e-07,3.96466475649504e-06,3.90127979699173e-07,6.034841248947487e-07,2.8646189775827224e-07,2.9134005785635964e-07,9.625870234231115e-07,8.01174905973312e-07,3.6640676626120694e-07,3.6858052681054687e-06,1.9168273865943775e-05,2.0197036576519167e-07,6.8134490902593825e-06,1.374391672470665e-06,2.7210594453208614e-06,1.7616665672903764e-06,0.9999324083328247,6.5443678067822475e-06,4.1999387576652225e-06,7.689445737923961e-07,1.6232917232628097e-06,1.7645763250584423e-07,1.8121885148048023e-07,8.484995532853645e-07,9.493816833128221e-06
window-d08aa31c74fa9359f378,492_70632_136944,plant,plant,1.0,True,3.862993952497007e-11,2.5091760266771068e-11,1.7481025307852782e-11,9.436167403009676e-09,7.993560674490752e-11,3.094355674471139e-11,5.36471145284878e-10,1.2430423010356684e-11,2.4223428818359594e-11,6.993240188324368e-12,1.876528099575836e-11,3.2652641701602647e-10,5.483040670800632e-12,3.095996722879413e-11,2.3610866040080225e-10,2.4465110493032682e-11,1.2878935765070487e-11,1.0,7.632962838177715e-12,5.22527472679446e-11,1.1051103608605839e-11,8.789211025650445e-11,2.2225435467732035e-12,5.416102462352246e-12,1.2936644810945808e-11,1.3269706167218231e-10
window-2e032f4fa37d531026b8,492_70632_136944,plant,plant,1.0,True,7.650277980553177e-12,3.2927291535728154e-12,3.5009026927435016e-12,1.3047325442272495e-09,1.4275408979913529e-11,7.294072464081314e-12,7.052422534847835e-11,5.176002855489248e-12,3.162659023558945e-11,8.224459308037169e-12,3.950152271253726e-12,1.20923257518335e-10,1.9940353621766826e-12,4.254578894052896e-12,2.2327217852335934e-10,1.1257788104512834e-11,3.5027546835264545e-11,1.0,2.9216286508149114e-12,2.2036088231924822e-11,2.688821387764051e-12,1.038413105503011e-10,2.7649911982403907e-13,2.062153182588733e-12,7.814092255198357e-12,1.9604387557770053e-11
window-a16446a777a00cb6b482,492_70632_136944,plant,plant,1.0,True,1.0724000854001048e-10,7.881979791068972e-11,5.1751363611129975e-11,1.1644003095057087e-08,2.547213828751893e-10,1.4790782487672516e-10,3.2419571471820063e-09,5.7459498964407274e-11,9.56683898767352e-11,1.8278073499189418e-11,3.2505309555119766e-10,9.40800215509796e-10,3.1601565114725005e-11,1.3149198396789075e-10,1.6156593840577216e-09,1.3455402070317035e-10,1.1928194543209258e-10,1.0,3.854125352198423e-11,2.238247781560787e-10,7.221566400428259e-11,3.0997918121222767e-10,7.369587579075798e-12,4.2116435339245584e-11,1.0596434840692837e-10,1.8455739159151108e-09
window-4fc7db143808aee18b4d,492_70632_136944,plant,plant,1.0,True,1.84165725204688e-12,4.9808850620391976e-12,3.2865676326265802e-12,4.246210494329716e-09,1.8870443402319026e-11,6.134801867896389e-12,6.25012611110698e-11,1.9708115348016086e-12,1.385370897860616e-11,3.5619872936626384e-12,8.14776458107902e-12,8.519153438246718e-11,1.1345753980415707e-12,1.7414326274403646e-12,1.1565635255061935e-10,1.480011599386266e-11,3.266319940214979e-12,1.0,3.1754898190128333e-12,2.6219162257978823e-11,1.6309614249421234e-12,1.2339171351349876e-11,2.048608461688306e-12,1.0556904742747841e-12,3.2820072614486717e-12,9.06018871038583e-11
window-fdba8157f743e01e1c6d,537_78170_151231,plant,plant,0.9409855008125305,True,0.0001659197296248749,0.000527622236404568,0.009814738295972347,0.008166017942130566,0.0003148170653730631,0.0017262065084651113,0.0014794175513088703,0.00012881889415439218,0.0002928301109932363,0.001748344162479043,0.00010663137072697282,0.010038154199719429,0.006726427003741264,0.0028476661536842585,0.0004537669592536986,0.0001816776057239622,0.0006373373907990754,0.9409855008125305,0.0007781011518090963,0.0009518912993371487,0.00030890406924299896,0.0009943413315340877,0.0003396528773009777,0.0037683520931750536,0.002953086979687214,0.0035637591499835253
window-7a6ca9e6fd9baf9a00fa,537_78170_151231,plant,plant,0.9845317006111145,True,0.00011317848111502826,0.00024904171004891396,0.0017485248390585184,0.003222742583602667,6.904817564645782e-05,0.00036532789818011224,0.0008088182075880468,2.2984067982179113e-05,7.847259257687256e-05,0.0002675269788596779,2.2102907678345218e-05,0.0021580345928668976,0.001540038618259132,0.0002870501484721899,0.00014695101708639413,8.72175078256987e-05,0.00018619553884491324,0.9845317006111145,0.00021746946731582284,0.00028965098317712545,4.789030208485201e-05,0.0003126389055978507,4.206825542496517e-05,0.0017035792116075754,0.0002813866885844618,0.0012005390599370003
window-1bbbd3f842b220e3a14d,537_78170_151231,plant,plant,0.8656745553016663,True,0.0007226710440590978,0.0013095256872475147,0.022616738453507423,0.049165137112140656,0.0006411675713025033,0.004178348928689957,0.00741169136017561,0.00010463858779985458,0.00031113260774873197,0.001282094861380756,0.00024249815032817423,0.004144194070249796,0.0172219667583704,0.0022656123619526625,0.0006467252969741821,0.0004253351944498718,0.0014799729688093066,0.8656745553016663,0.0007244001608341932,0.0034565513487905264,0.00039576791459694505,0.0013518898049369454,0.0002754341985564679,0.003893547924235463,0.002231864957138896,0.007826481014490128
window-6220b48d9ab67ad8774d,537_78170_151231,plant,plant,0.9836640357971191,True,8.744300430407748e-05,0.0002659402962308377,0.004943567793816328,0.0011053589405491948,6.358393147820607e-05,0.0003211056755390018,0.0010282474104315042,2.48068172368221e-05,0.00011171967344125733,0.0003736272337846458,1.9362916646059602e-05,0.0021344716660678387,0.0009241059888154268,0.0002707084931898862,0.00017651644884608686,6.820740236435086e-05,0.00022205674031283706,0.9836640357971191,9.481706365477294e-05,0.0003011668159160763,4.042368891532533e-05,0.00022558029741048813,6.88571817590855e-05,0.0010632019257172942,0.00021702040976379067,0.0021841642446815968
window-45d27599584904d24532,612_97575_195854,plant,plant,0.9999992847442627,True,1.0520549986736683e-09,4.27369306610359e-10,3.3158491508089583e-09,3.49294538182221e-07,4.807682585372675e-10,1.4274481596743271e-10,4.7765118249554206e-11,8.33416335943582e-10,8.258509431868788e-10,8.742966350894221e-09,3.851574614799347e-10,3.659318679183343e-07,5.208087086594482e-11,2.7471401889411773e-11,1.3417680300165102e-08,4.512441087456409e-09,5.359072630106709e-10,0.9999992847442627,1.8749730656963948e-08,2.1672703631736567e-09,2.3025181761227032e-10,1.806779614810239e-08,1.4360056546647293e-11,1.611681788027397e-09,1.9223843350513192e-10,1.4006494630791622e-08
window-a1222bb5f0b3de0ee288,612_97575_195854,plant,plant,0.9999991655349731,True,2.929295972453616e-10,2.9189237693572068e-09,1.7234514926300903e-09,1.058363086059444e-08,2.5207322895681727e-09,7.150729453009319e-10,2.4850907998086313e-09,1.213687150780629e-09,1.7442502553421946e-08,1.1552145018356441e-08,1.6296566318629857e-09,7.755299975542584e-07,1.8640562704508312e-10,1.3451156855026625e-10,9.793039268402026e-09,2.176424818145506e-09,2.4137880583197102e-09,0.9999991655349731,6.783293926559963e-10,7.627128373322023e-10,2.9935178780249316e-09,4.104435191720768e-08,1.998138807191019e-11,3.97815336228291e-09,7.367494947452258e-10,3.994903963189245e-09
window-f8c6fc1e384ee19ee024,612_97575_195854,plant,plant,1.0,True,6.653970343467597e-12,9.064505222811103e-12,3.841487544731237e-11,6.424109161295988e-11,9.089418454011344e-12,1.4407584500442105e-11,2.943309485026191e-11,3.1920557776871084e-12,1.7707169064351547e-11,7.160995407762272e-11,5.711026703630884e-12,1.1709637703916087e-08,7.077506441154069e-13,8.420813525644721e-12,5.66847013772076e-10,6.068134189574081e-11,7.477440194803009e-11,1.0,1.5959974661305942e-11,8.81773959404697e-11,1.1650049848432875e-11,1.9542015228246612e-10,1.4865623380704018e-13,1.2236376842333918e-11,1.2081506801930875e-11,6.398514357242036e-11
window-baf444687a292c2a62c1,612_97575_195854,plant,plant,1.0,True,1.9432456945661647e-12,1.4976394690363604e-12,6.224545184840835e-12,1.5610703701929296e-11,3.236768492120845e-12,4.598199859068286e-12,1.5056197608109834e-11,4.509339950053981e-12,8.721274570577808e-12,1.7335957322450746e-11,3.109405094514628e-12,1.8621316988376435e-10,4.056734332139045e-13,2.420046585002722e-12,6.740516478309644e-11,5.121929356338706e-12,1.2783270102179056e-11,1.0,1.8180848536733518e-12,1.3441363473642998e-11,8.650286216493885e-12,1.6716382444936784e-10,4.3825430480828875e-14,2.1781634655659854e-12,1.8232661474354428e-12,1.2440336955021891e-11
window-9ae2a9d82123ec2c0aef,272_29076_57620,sandwich,sandwich,1.0,True,3.005738019590254e-11,5.591506424540427e-11,5.4193600995677826e-11,2.1568705155239343e-10,8.008500806955254e-11,8.195008560640815e-11,3.7310196598916434e-10,3.396644424058515e-11,2.285720397676716e-11,2.056707026909521e-10,1.6797939775270443e-11,8.392441186444444e-10,4.0410459700712664e-11,8.383845007120527e-11,1.1037537203661962e-11,1.8377817323500523e-10,4.4557552092427954e-10,5.1667507078301256e-12,1.0,9.258819405610907e-11,2.1043793443920045e-11,5.037198436141921e-11,2.7498589516561367e-10,9.865647881968087e-11,1.747602410007154e-11,1.3279117389020101e-11
window-39ed7eeadbbf091ef08d,272_29076_57620,sandwich,sandwich,1.0,True,4.797286873303719e-11,7.003441576669545e-11,6.34863620008197e-11,7.070743990311712e-10,7.788922840035184e-10,1.0681886625230064e-10,3.5797418362903954e-09,8.139862395228903e-11,3.758552497012957e-11,3.261977632451618e-10,1.2875399531264708e-11,2.006651955710481e-09,8.40297623150299e-11,2.1445395459451788e-10,1.2266731901078298e-11,3.822311356316277e-10,1.8546075786218807e-09,6.473626322500703e-12,1.0,2.099088958207318e-10,4.919601531705453e-11,1.080837849776195e-10,8.567243581225625e-10,1.2195212895083074e-10,1.7643620939256088e-11,3.5570126705186667e-11
window-919dc3eb02a5017366b7,272_29076_57620,sandwich,sandwich,1.0,True,5.148924689390988e-12,1.6934145058433714e-11,5.817305404748341e-12,6.864132873207751e-11,1.1155275488061722e-11,1.1354462509105545e-11,5.691629806348075e-11,9.330222358605589e-12,2.73735981798362e-12,1.4514686327848914e-11,3.299298768216774e-12,1.0827030938465043e-10,4.63783655577088e-12,1.2878985204689553e-11,1.4379684509097101e-12,2.1735040850456855e-11,7.904487481225075e-11,1.1449733305565757e-12,1.0,3.62808186271657e-11,2.8359990137533098e-12,3.4406952113819056e-12,7.884716490824673e-11,1.1160425882061897e-11,1.566856670451311e-12,2.1854709882085377e-12
window-fe72a63dee45518c8572,272_29076_57620,sandwich,sandwich,1.0,True,2.009467679059407e-12,9.800544056859373e-12,2.5761948997671258e-12,4.7596725172294185e-11,4.332431548931259e-12,4.4118432865336565e-12,7.847822391937598e-11,3.2338372431273132e-12,1.158262179744296e-12,7.297286906682299e-12,2.681850401475838e-12,7.684194947010781e-11,2.640025567948734e-12,7.748226539538994e-12,3.4327879080975343e-13,1.1500231322791876e-11,2.2463170212816408e-11,3.0694582075704857e-13,1.0,1.203029776492004e-11,1.244842445270733e-12,1.6795592694407446e-12,1.809813236774982e-11,4.099087388964584e-12,6.363565273684313e-13,9.80274455358865e-13
window-be54e2efdba79409cb1c,368_39852_77846,sandwich,sandwich,1.0,True,1.7955512077172386e-11,1.345686478915198e-10,2.9035034793123415e-11,2.560692491382355e-10,6.570672478334316e-11,1.1327083715428898e-10,4.9598603002465325e-11,4.9863248946513394e-11,1.928908838211285e-10,1.197426324761608e-10,1.4509039802934609e-11,1.9802082196207493e-09,3.5302136214276914e-11,7.491229858658244e-11,2.4539746970586584e-11,1.5758735982807082e-10,5.377024936414898e-10,6.939493250868178e-12,1.0,1.0306052539155175e-10,2.2754242934297508e-11,1.0064855893165969e-10,3.1050642612662216e-10,3.5014671717625845e-10,2.277108883397272e-11,1.1812156287815956e-11
window-1f4111c99650a554f928,368_39852_77846,sandwich,sandwich,0.9999992847442627,True,3.5206730863990288e-09,5.2962767504993735e-09,3.372231383025337e-09,7.47365334063943e-08,2.2033110891328533e-09,1.2395747539528656e-08,1.663788218309037e-08,2.269049836911563e-09,1.6136420200041357e-08,1.965678464443954e-08,2.926907605171891e-09,3.365247494002688e-07,5.528315139002871e-09,2.3816930649900314e-09,9.433533065816846e-09,3.968213135863152e-08,7.56896554321429e-08,3.921815761032121e-09,0.9999992847442627,4.139737441732905e-08,5.208589115568429e-09,1.571962648938552e-08,1.6964385451956332e-08,7.266283574836052e-08,4.883655702059286e-09,2.249280317556668e-09
window-831399a16d2534d9d09a,368_39852_77846,sandwich,sandwich,1.0,True,2.114818042908695e-10,1.330747734229476e-09,5.495736088434455e-10,1.4422445460127165e-09,7.641214883058467e-10,7.775237675922142e-10,8.531829465141527e-09,5.113052203853385e-10,8.174437793329048e-10,1.578925212797344e-09,7.550301356351596e-11,1.0333521593963724e-08,3.3114444519810604e-10,4.5550824223639097e-10,3.965321682120049e-10,2.0936161693185795e-09,6.553069198389494e-09,9.061226075024464e-11,1.0,9.684212320948404e-10,3.099578926857305e-10,1.2619975064964706e-09,2.5038240369923415e-09,1.995948517574675e-09,2.9518848476683957e-10,1.6068385511047723e-10
window-285b0eda3eb0ed8aa766,368_39852_77846,sandwich,sandwich,1.0,True,3.557448502444771e-10,7.287683234658004e-10,6.552541287341285e-10,1.5326837576878916e-09,1.2306912156034855e-09,1.0001670602832746e-09,3.832869577280462e-09,5.114544343598482e-10,1.3942473842121217e-09,1.0353501389559483e-09,1.3850387503566708e-10,1.442938746265554e-08,4.748548776412065e-10,5.39424116485776e-10,3.638415957407659e-10,2.125365217153785e-09,9.680320545157883e-09,9.39734470795095e-11,1.0,1.2996086429239995e-09,6.033651911430127e-10,1.939619798108083e-09,5.285663906562377e-09,5.658232549166087e-09,4.2729625393533865e-10,1.7698637000407302e-10
window-47e75dbc2e981158f2a6,422_58620_113279,sandwich,sandwich,1.0,True,1.2891101380807513e-11,5.2351605689393566e-11,2.0148493984351035e-11,1.7622330678035425e-11,3.006800364246942e-10,6.43965228364074e-11,4.0895872799318056e-10,2.4181837088299574e-11,1.5013333631852532e-10,1.7543352187621153e-11,5.3391657414691984e-12,1.287703277341734e-09,4.671495482111432e-11,5.317105436497549e-11,2.3800803342077792e-11,8.547929725155612e-11,2.470572912915969e-10,1.0133212845209183e-11,1.0,2.5752382865062984e-11,1.2154313146217621e-11,4.92245480487874e-11,4.493887206802327e-11,3.9802722229254073e-10,2.4050053615276568e-11,8.482703428569494e-11
window-bf6df4e2d8a38a87b8c3,422_58620_113279,sandwich,sandwich,1.0,True,8.777654709850313e-14,3.562175511159782e-13,3.101537581449987e-13,9.336180916905135e-13,4.065871250791275e-11,4.0972561172851474e-13,8.677999291384353e-12,4.3959822761119316e-13,7.568893970778812e-13,2.5067673089206044e-13,1.3808531683541514e-13,9.49375994485635e-12,1.7535707044422089e-13,1.1299624430582966e-12,1.124129814841085e-13,9.568745535509793e-13,1.765727971822506e-12,4.971976674231389e-14,1.0,5.69174373431236e-13,4.652967464449653e-13,2.2175500097223327e-13,1.0522307851423829e-12,5.922372509938045e-13,7.608695032530755e-14,1.9761039592863794e-12
window-a299687d87a2a1e094c9,422_58620_113279,sandwich,sandwich,1.0,True,2.8791308529993453e-13,5.710348643592211e-13,4.3959486658445845e-13,2.159729426548518e-12,9.380828579208522e-12,1.187970728733223e-12,1.403313663189687e-12,4.3595102571306055e-13,1.1231937688954696e-12,5.837052846277557e-13,1.602606122894784e-13,9.47478380475264e-12,2.953366988901057e-13,9.027319365119413e-13,1.8884323087480642e-13,4.559502081447064e-12,5.136026152985362e-12,1.3003126678699795e-13,1.0,8.955855263122203e-13,3.00891852666324e-13,6.543226789383627e-13,1.2393816441885752e-12,2.502130447279427e-12,3.084364632189446e-13,1.1854831352686723e-12
window-0b3a877d56842a6da7a7,422_58620_113279,sandwich,sandwich,1.0,True,1.2412464285571634e-11,2.5452504687217825e-11,1.8002663595972912e-11,5.550268578069506e-11,2.3366747425868084e-10,4.8841573146996e-11,4.5892062372487885e-10,2.701391194070979e-11,1.006299349404216e-10,2.3003238203145315e-11,1.2128816180567714e-11,1.856213238671245e-10,2.4741320103771614e-11,4.418077015344579e-11,2.4995320049847614e-11,9.281380525250071e-11,1.831018531239792e-10,7.809860397278712e-12,1.0,2.41356205854526e-11,1.1780903509672758e-11,2.4885290009213357e-11,2.8163790743995776e-11,9.120543903451406e-11,1.2817670536069414e-11,7.804935864275109e-11
window-5fe237155da07fb3ac41,618_100645_201517,sandwich,sandwich,1.0,True,1.0373559650167508e-10,1.0738841066393334e-10,8.339508250632122e-11,4.2783915299438036e-11,1.858151854605694e-09,3.258445457898773e-10,1.8207345353626891e-10,1.0778609949024798e-10,4.827736543866479e-10,3.9863654044403063e-10,6.676535626443103e-12,1.0382477100279175e-08,8.753876790112969e-11,4.884013193873216e-09,2.0721739601992084e-10,2.6375165940173417e-10,3.976161622176733e-09,4.5310255547548195e-11,1.0,2.7647701905664235e-09,7.448330840986728e-11,3.264822301396464e-10,3.445505825094841e-10,8.921208771717204e-10,9.676656004264927e-11,4.875120099279151e-11
window-d329d15b47f99247105c,618_100645_201517,sandwich,sandwich,1.0,True,1.1330432425626924e-10,1.2324852249889773e-10,9.486633006927647e-11,5.2213990076044325e-11,1.1936962529546236e-09,2.7207994190980855e-10,2.036980167874347e-10,9.84515802215924e-11,4.508106388190214e-10,3.824929262208343e-10,6.336124333539139e-12,1.2663117665567825e-08,8.836714693316594e-11,3.1266089717263412e-09,1.8218078434717455e-10,3.1137645239986966e-10,5.222938526117105e-09,3.998547326578006e-11,1.0,2.4146555865911523e-09,5.674459860327552e-11,2.8535385165895377e-10,2.625320516536078e-10,1.1457571558182167e-09,1.0282805162908915e-10,6.171221866857479e-11
window-bec646631cbc1ca7045c,618_100645_201517,sandwich,sandwich,1.0,True,2.2645624264683306e-10,1.7689322229230697e-10,1.249508552181311e-10,7.641823285275962e-11,3.3235130203479457e-09,4.2203707195653806e-10,4.3490688828029533e-10,2.1240915970555108e-10,1.1618839224070143e-09,7.397733536862461e-10,1.3225808469241596e-11,1.9926439165374177e-08,1.6075711595231468e-10,8.532643036573972e-09,3.482020227707494e-10,5.670762748266611e-10,8.328850498173779e-09,8.487283792435463e-11,1.0,5.166344685392232e-09,1.5242285211769513e-10,5.582803108694634e-10,5.168480643469309e-10,1.4768041234347606e-09,1.5840645462006364e-10,1.1254509130198542e-10
window-d1f6415e5692af7b05ee,618_100645_201517,sandwich,sandwich,1.0,True,3.19290538453032e-10,2.4011473365170843e-10,2.0765697494873336e-10,9.852992033376751e-11,6.991103695952461e-09,7.469105334223514e-10,5.19077836269588e-10,2.8178742672579915e-10,1.9341817036888642e-09,8.631802494996066e-10,1.6211709058522317e-11,3.428647943337637e-08,3.231565293138061e-10,8.40529246204369e-09,6.164554422483093e-10,9.17987019732891e-10,9.580762849736857e-09,1.2328427168029066e-10,1.0,7.942489332890545e-09,1.8989604333441434e-10,1.0727259081022567e-09,8.089950376266586e-10,2.7655611134491664e-09,3.0153057828385954e-10,1.876421518165472e-10
window-d0487444f7f4900083c7,620_101121_202636,sandwich,sandwich,0.9999998807907104,True,3.2030852969988644e-10,3.909574886051814e-10,2.891909212099364e-10,6.748619718610627e-11,6.468241942059194e-09,1.191162501967824e-09,1.501228030775792e-09,9.024904712440218e-10,2.757144512699483e-09,3.4255590031229133e-10,8.252700606226071e-11,4.1312997467457535e-08,9.343159579344729e-10,3.9173045252027805e-08,3.633942036174176e-10,8.987696697992931e-10,3.7948776565599474e-08,8.010978547190462e-10,0.9999998807907104,1.1604092797767862e-08,9.292401847993403e-10,9.264917721907295e-10,4.5910204526933285e-09,5.05593433786089e-09,3.648116253529565e-10,1.6301636429627564e-10
window-d1f8d00ed382bedeb7a1,620_101121_202636,sandwich,sandwich,0.9999998807907104,True,1.9300457065885013e-10,2.353685302214359e-10,1.8272433566224322e-10,3.417849683828855e-11,6.7262280190050205e-09,7.804163981717238e-10,8.044511168314727e-10,5.688983728546759e-10,1.7879487890226642e-09,2.5643628887017655e-10,6.161646887159478e-11,2.7486397158327236e-08,5.477369668938081e-10,2.5863419850225e-08,2.2116648790149185e-10,5.378152923007917e-10,2.6183018420056214e-08,5.700421246146448e-10,0.9999998807907104,1.0684830797913492e-08,6.017974452099395e-10,6.392296136858988e-10,2.8769844284681767e-09,3.4856761921275847e-09,2.2863491655478185e-10,1.0136599198906637e-10
window-4d4b8047f1511a132372,620_101121_202636,sandwich,sandwich,1.0,True,1.598688542658877e-10,2.1884639933578143e-10,1.3102083307181545e-10,2.904672162518107e-11,3.5264284825586856e-09,5.808674097274036e-10,5.917323298021415e-10,5.31450217167162e-10,1.3316110436534245e-09,2.1293324048432538e-10,6.121748941101401e-11,2.1857797349866814e-08,5.194898400340264e-10,1.8833508974580582e-08,2.164453338782124e-10,4.0448575044926827e-10,2.0364616659662715e-08,4.4332737481056483e-10,1.0,6.99442459506372e-09,3.0121960481466203e-10,5.029395788724855e-10,1.847310193703322e-09,3.3404559118821453e-09,1.8361770437458347e-10,1.1880806061181914e-10
window-ad7a1d4df117ca13aeab,620_101121_202636,sandwich,sandwich,1.0,True,1.68063771233129e-10,2.5079333054733866e-10,1.2782544467349055e-10,4.425549510189697e-11,2.6424071819519668e-09,5.236261979568724e-10,4.677328524493873e-10,3.7302583244525067e-10,1.5556178567521783e-09,4.606605374934958e-10,4.6895824029613564e-11,2.439162472001044e-08,4.039260315114035e-10,1.6055533791359267e-08,2.2594885684679156e-10,3.8227704335369594e-10,2.5092804278870062e-08,3.741045806471277e-10,1.0,4.930484465148766e-09,2.732292447849005e-10,6.216898662536607e-10,1.2678360583606718e-09,4.4347303607139565e-09,2.116391784046101e-10,7.769303950189155e-11
window-9a5e19dfa6f9c90afe15,70_6182_14057,sandwich,sandwich,0.9999986886978149,True,1.1447316872192914e-08,2.1891938928320087e-08,1.4161267714030146e-08,1.8845053517679844e-08,1.2118505310354521e-08,8.324158784489555e-08,2.599485640075727e-07,3.445299379123412e-09,1.678958483353199e-08,8.055902611658894e-08,2.8624926873277445e-09,1.8861443606965622e-07,2.6074792103258915e-08,1.3257785980158587e-08,1.0886852308544803e-08,4.917848173136008e-08,2.2365924223777256e-07,8.697056408379922e-09,0.9999986886978149,1.1311276360004285e-08,9.3500878151076e-09,5.498932509340193e-08,2.2209984962273666e-08,1.8867164897073962e-07,1.3936692688787389e-08,6.3264047334143925e-09
window-41f661de64f65f3e6828,70_6182_14057,sandwich,sandwich,0.9999983310699463,True,2.6928974605766598e-08,7.912873201121329e-08,2.294613565823056e-08,2.6617781756499426e-08,3.4265763559915285e-08,9.258111788312817e-08,4.5692087269344484e-07,7.986742822652104e-09,4.271810638556417e-08,9.404515566302507e-08,9.903895481500058e-09,2.545795041442034e-07,4.254856378338445e-08,1.802753857305106e-08,1.1205216310372634e-08,7.847043548281363e-08,2.0309511228333577e-07,8.741258383793138e-09,0.9999983310699463,1.0592063226511073e-08,1.1827755663773587e-08,6.051027412468102e-08,3.427923189747162e-08,1.362351440548082e-07,1.985318753838783e-08,6.148600739663834e-09
window-ccd489727011b6305241,70_6182_14057,sandwich,sandwich,0.9999998807907104,True,3.3452884906637337e-09,9.568782211033522e-09,4.28132596042019e-09,9.544338652744955e-09,3.517500291039255e-09,2.118049380328557e-08,3.04802547645977e-08,1.317079112439501e-09,4.211181625635163e-09,1.901495672029796e-08,1.4110964619007405e-09,2.757340311632106e-08,5.811480185968776e-09,2.525931908081702e-09,2.8061772905374482e-09,2.1137955386052454e-08,2.5757085353461662e-08,1.889257417175827e-09,0.9999998807907104,3.1214424378589456e-09,1.822302087006733e-09,9.391243338541244e-09,5.844851269642959e-09,2.2356129392164803e-08,4.41582326260459e-09,1.3377027263672403e-09
window-571b6dc8e3894495ffea,70_6182_14057,sandwich,sandwich,0.9999980926513672,True,1.2301544671800002e-08,2.9329019213264473e-08,1.3554430466911072e-08,1.1816072564840852e-08,4.338940229331456e-08,6.864798507422165e-08,8.791023446974577e-07,4.706505407625627e-09,2.1470301092563204e-08,9.200932282737995e-08,2.9380009536339458e-09,1.5419186638609972e-07,4.365812245055167e-08,6.815010777927455e-09,6.308928934828373e-09,8.135513240858927e-08,2.4450258706565364e-07,5.091353116881692e-09,0.9999980926513672,1.0328477628718247e-08,1.5583388801587716e-08,5.154771542947856e-08,2.9169575199716746e-08,6.275448072301515e-08,7.519037836800635e-09,4.070127790356537e-09
window-eca3eaecd788ce4dceb8,146_16270_32238,stopsign,stopsign,0.9999997615814209,True,6.1288685238025664e-09,3.4616765010042627e-10,8.098073323026256e-09,1.340062816268528e-08,1.970687257824011e-08,2.4232089668174694e-09,5.312099649046331e-10,6.279870512493346e-10,7.044519412247041e-10,7.956315606350017e-09,8.595458789173449e-10,4.2049022597190344e-10,1.1350714856916966e-07,1.7594881995819378e-08,2.3023503104013798e-08,6.713636868660444e-10,4.5871967557786775e-08,2.5923176494302425e-08,1.378224312453824e-09,0.9999997615814209,2.4074349180835952e-09,1.3766742190668424e-09,9.935013700612672e-09,1.4731071917850613e-09,1.0997896815467811e-08,1.793145631978632e-10
window-9baea53d55dc48200608,146_16270_32238,stopsign,stopsign,0.9999269247055054,True,3.3053646575353923e-07,4.0613024054891866e-08,1.6592353802025173e-07,2.3575023533339845e-07,1.1492205658214516e-06,1.748123423794823e-07,4.352846971755753e-08,4.060001046468642e-08,5.760000476584537e-08,1.1835491875444859e-07,1.1791227194635212e-07,1.4605789466770602e-08,6.710694287903607e-05,1.006716502160998e-06,4.489704394927685e-07,5.499785871165841e-08,5.892325134482235e-07,3.116500693067792e-07,8.397792328196374e-08,0.9999269247055054,1.0946374828790795e-07,4.012624188476366e-08,3.8693630699526693e-07,1.1874134742129172e-07,3.790085258970066e-07,2.4466812575951735e-08
window-8d840f79e35eea67311c,146_16270_32238,stopsign,stopsign,0.9999949932098389,True,3.662792380509927e-08,2.756380368396094e-08,1.6336380781467597e-07,4.130730246743042e-07,1.4910654044797411e-06,2.0259793842569707e-08,1.1362937257786143e-08,1.3750963923087056e-08,2.2471018823466693e-08,6.217902193128566e-09,1.0437882558278488e-08,1.7056812851024006e-08,1.4412763960081065e-07,2.7057973284172476e-07,5.737078367928916e-07,1.0937227301610619e-07,3.840142710487271e-07,8.496296004523174e-07,8.816800800559577e-08,0.9999949932098389,9.930406008606951e-08,4.007321408039388e-08,2.1747695200247108e-08,1.193215215522514e-08,5.978355233082766e-08,5.907601163812615e-08
window-d5eadcb40085a5a1ff01,146_16270_32238,stopsign,stopsign,0.9999953508377075,True,4.91961422710574e-08,5.1643893606012625e-09,6.499355009736973e-08,4.3499159829707423e-08,2.098930167448998e-07,3.611479826304276e-08,1.3281659327901707e-08,7.242728194967185e-09,1.676808558670473e-08,6.184199463632467e-08,1.6068602448626734e-08,6.597220991721997e-09,3.2930317956925137e-06,6.818154929533193e-08,9.594566563464468e-08,6.3215708223651745e-09,2.81408688351803e-07,1.1922482201498497e-07,2.18100968396584e-08,0.9999953508377075,4.4520774622469617e-08,1.7637576732454363e-08,8.197608991622474e-08,2.403415955143373e-08,1.1616879902476285e-07,3.4357527933792653e-09
window-7b23b9f848b36e48dbe1,249_26599_53534,stopsign,stopsign,1.0,True,3.525014447003372e-10,2.702488927086577e-11,2.852455771584772e-10,4.845162049349483e-10,2.1074864076098265e-09,1.9631113401530342e-10,4.9633998300269155e-11,3.916292290462309e-10,1.286700346964098e-11,7.455523004518128e-11,1.7496011583961746e-10,2.4616066129912184e-11,4.742622294884313e-09,6.790435769232772e-09,5.075161624290558e-09,4.501576056359369e-10,1.3694627654103897e-08,1.984492126183568e-09,5.879984943391037e-09,1.0,2.4936569475997317e-10,8.322949968109228e-11,2.0868801478557408e-11,2.3328761145080534e-10,5.335547004214902e-10,7.004059554560627e-10
window-756c05901a8327958558,249_26599_53534,stopsign,stopsign,0.9999926090240479,True,7.765020626493424e-08,5.253973700547476e-09,3.913429935664681e-08,3.506263368535656e-08,1.0386347781832228e-07,2.3953592886982733e-08,1.7087176118479874e-09,2.8582048727798792e-08,2.281080657695611e-09,8.745956181499537e-10,2.068729010318293e-08,6.331074331455966e-09,2.0160600797680672e-06,3.924646080122329e-06,1.1689628820477083e-07,4.1435171738157806e-08,3.2087660883917124e-07,2.66285098859953e-07,1.358381496174843e-07,0.9999926090240479,1.8670418100441566e-08,6.393399143433953e-09,1.9373104009901e-08,1.4749894639010108e-08,6.534003915703579e-08,1.6901260835311405e-08
window-348dc704e674a3302609,249_26599_53534,stopsign,stopsign,0.9998323917388916,True,1.4923733715477283e-06,2.50992854944343e-07,1.66969186921051e-06,1.9313382892960362e-07,1.1890740552189527e-06,2.0096284458759328e-07,1.109184722736245e-06,2.7863890750268183e-07,2.4449772695334104e-07,1.6184203843749856e-07,1.641906806071347e-06,9.179023408023568e-08,0.0001345684431726113,4.037449627958267e-07,9.971525969376671e-07,1.2395630619721487e-06,9.476279046793934e-06,1.1475459587018122e-06,9.36944559271069e-07,0.9998323917388916,4.409445466535544e-07,4.490594278649951e-07,2.3278232674783794e-06,3.4556489936221624e-06,2.739779347393778e-06,8.103786512947408e-07
window-091490720158bedb0e6d,249_26599_53534,stopsign,stopsign,1.0,True,1.2406512484020027e-09,2.1118190529634262e-10,1.5894676685945797e-09,1.7735615198688492e-09,4.2320125182016e-09,8.218743463572764e-10,1.7957060838291738e-10,4.854217583449838e-10,1.9202896217596077e-10,2.5442530304786715e-09,2.850187863501219e-10,9.613629337046348e-11,1.870416888039017e-08,4.08300371290693e-09,4.3659595938549955e-09,2.2423583823094617e-10,1.1358096685398777e-08,4.5080743582559535e-09,2.695310641342985e-09,1.0,1.4856866847878791e-09,2.9806823675926353e-10,3.318089414339198e-10,3.634247625061704e-10,2.9063267348306e-09,1.246466541093838e-10
window-46b0ec3222c876fcb1b1,437_62330_122209,stopsign,stopsign,1.0,True,2.976154878098214e-10,8.212753394021277e-11,4.4147013822382064e-10,1.6883495712605168e-09,5.6579843032977806e-09,1.4428133687793832e-10,5.831250066146154e-11,1.1609838784787385e-10,6.373350458499516e-11,1.6541810976544724e-10,1.1874140559697821e-11,8.311226706858577e-11,5.26078847151723e-10,9.530746192254469e-10,2.142962252094094e-09,1.4568529715930367e-10,6.912554972871021e-09,2.606233229229815e-09,7.011892733110869e-10,1.0,6.233723537363289e-10,9.756197238974806e-11,7.85716838813677e-11,2.8135547711083397e-11,6.378363948122967e-10,2.677871258072173e-10
window-4abe4ab6bb8e810a4671,437_62330_122209,stopsign,stopsign,0.9999998807907104,True,1.39086864248128e-09,4.371831785476843e-10,6.961974552410766e-09,8.29134805258036e-09,2.23754526018638e-08,6.161803289828072e-10,5.565599647816555e-10,1.291005968795389e-09,3.4493194411844286e-10,5.783037937412416e-10,1.3760988182287548e-10,7.506307797555678e-10,4.3886769773848755e-09,5.757616605706062e-09,1.0502798630795951e-08,1.0714130693756374e-09,2.2851393666201147e-08,1.6199461327914833e-08,2.6637059225009807e-09,0.9999998807907104,1.6431286331552997e-09,4.555272825612633e-10,1.3547307720074286e-10,1.6822988835318853e-10,5.548474124594804e-09,4.400957376304859e-09
window-c1da6427c33c96668325,437_62330_122209,stopsign,stopsign,0.9999997615814209,True,4.244476770054462e-09,7.445123406668586e-10,5.410389025684026e-09,1.875348765167928e-09,5.300839589494899e-08,2.9558349101677095e-09,1.641151992082257e-09,2.054504344428665e-09,8.288812414214419e-10,2.4643189711071045e-09,3.159867922875037e-10,1.4903437373092743e-09,1.1725139614782165e-07,1.0572903441641301e-08,7.3807098210920685e-09,9.526454070041268e-10,2.3591528730548816e-08,6.897380888659654e-09,5.375980549615633e-09,0.9999997615814209,1.0114687754025908e-08,9.512890475349423e-10,1.672467830893254e-09,5.709245298746168e-10,8.952780738979982e-09,3.4556091321746862e-09
window-2d328df07584d6fd174e,437_62330_122209,stopsign,stopsign,0.9999984502792358,True,9.866771399913432e-09,2.8275082275541763e-09,1.3882911709117707e-08,9.238250697762851e-08,1.1728613458217296e-07,9.729729910645801e-09,1.4515841861850731e-09,2.679234079039361e-08,8.468133749772733e-09,8.96555008012001e-09,1.3190581960031977e-09,7.3222992114097e-09,4.102979005438101e-07,2.031278683034543e-07,6.22142621864441e-08,7.490683628930128e-09,3.770131513647357e-07,4.9442189009596405e-08,4.4169564006324435e-08,0.9999984502792358,2.3518129665944798e-08,5.359970689511329e-09,5.787755164021746e-09,1.9539534434898087e-09,2.8943082597265857e-08,1.8815779156966528e-08
window-3a832983939c9178253b,443_63537_125922,stopsign,stopsign,0.9980024695396423,True,4.390789172248333e-07,3.7397132501837405e-08,3.10645930312603e-07,2.1574155084636004e-07,1.9247127056587487e-06,1.2030257323658589e-07,5.8592615204133836e-08,1.1183369963418954e-07,1.0093086189044698e-07,4.256157524196169e-07,1.690751076921515e-07,2.2606014837833754e-08,0.0019876218866556883,1.5705257965237251e-06,1.834883391893527e-07,8.776688531497712e-08,1.0639445235938183e-06,1.9783742288836947e-07,1.519842101060931e-07,0.9980024695396423,2.8391110618031234e-07,5.926338886297344e-08,6.976587201279472e-07,2.9830425773980096e-07,1.3520636912289774e-06,6.698625298895422e-08
window-c438711336b61359c841,443_63537_125922,stopsign,hydrant,0.9592350125312805,False,6.008426134940237e-05,1.4774207102163928e-06,9.403294825460762e-06,5.724808488594135e-06,8.395737677346915e-05,2.052301169896964e-06,2.578041630840744e-06,4.31965381721966e-05,6.714044047839707e-06,1.0295799484083545e-06,1.219383739226032e-05,2.007139528359403e-06,0.9592350125312805,0.00024323799880221486,2.6657103262550663e-06,2.6545392756816e-05,0.0001723875175230205,1.173682449007174e-05,1.0348420801165048e-05,0.03966686874628067,2.1829180241184076e-06,5.769295967184007e-06,0.00036396284122020006,1.0228911378362682e-05,1.6422582120867446e-05,2.242773916805163e-06
window-b5cd36caccfd8259eb16,443_63537_125922,stopsign,stopsign,0.9978742599487305,True,9.686566045274958e-06,2.3173581666924292e-06,1.949668330780696e-06,2.5622444809414446e-05,5.062224590801634e-05,3.007781685937516e-07,4.140887995163212e-06,3.495157670840854e-06,9.791605179998442e-07,7.794301382091362e-06,6.401928658306133e-06,1.6227197647822322e-06,0.0017817545449361205,2.0788113033631817e-05,1.2383234206936322e-05,2.1241185095277615e-05,5.6120359658962116e-05,1.2329171113378834e-05,1.9473371139611118e-05,0.9978742599487305,1.3834377568855416e-05,1.7318405298283324e-05,6.753641059731308e-07,2.9481509500328684e-06,1.6104717360576615e-05,3.586691673262976e-05
window-41d62797d87428bd4c29,443_63537_125922,stopsign,stopsign,0.8298667073249817,True,2.2334705136017874e-05,1.3208156133259763e-06,9.962744115910027e-06,1.0943134839180857e-05,2.7591597245191224e-05,4.896901828033151e-06,1.438030153622094e-06,3.842551905108849e-06,3.720846279975376e-06,9.519472769170534e-06,7.383517186099198e-06,1.2350679980954737e-06,0.16986683011054993,5.6764849432511255e-05,2.3453035282727797e-06,5.648837486660341e-06,1.4242230463423766e-05,5.5167670325317886e-06,7.161730536608957e-06,0.8298667073249817,9.253165444533806e-06,2.4257956283690874e-06,1.946979136846494e-05,4.432449259184068e-06,3.315753201604821e-05,1.8559956060926197e-06
window-e27c73856d1c498d005f,587_87885_173344,stopsign,stopsign,0.552094578742981,True,0.0014143590815365314,6.20331775280647e-05,0.0005780967185273767,5.952936044195667e-05,0.027700839564204216,5.369875725591555e-05,0.0005009231390431523,0.001221792888827622,5.461168984766118e-05,1.59627652465133e-05,0.10812399536371231,7.880527846282348e-06,0.005725502502173185,0.28752636909484863,0.009285425767302513,0.0017774684820324183,0.00015116306894924492,0.001353939063847065,3.709076554514468e-05,0.552094578742981,0.0001456904865335673,0.00023884397523943335,0.0009330154862254858,0.0006182130891829729,0.00012340677494648844,0.00019559435895644128
window-ce6c903e5a8b3487fd91,587_87885_173344,stopsign,kite,0.691943347454071,False,0.0004580259555950761,1.2258508832019288e-05,0.0003503045008983463,2.688395170480362e-06,0.006340703461319208,1.4675669262942392e-05,7.281710713868961e-05,0.0011935076909139752,8.015013008844107e-06,5.375485670811031e-06,0.001829048851504922,1.8383703945801244e-06,0.002957986667752266,0.691943347454071,0.0005533042130991817,0.00021588621893897653,6.834717351011932e-05,0.0007480652420781553,2.0409961507539265e-05,0.2914656102657318,3.510736860334873e-05,5.852715185028501e-05,0.0014946196461096406,9.108026279136539e-05,4.8455978685524315e-05,9.842232429946307e-06
window-54b9272283b0be56adf3,587_87885_173344,stopsign,kite,0.8958961367607117,False,0.00010445437510497868,4.532434104476124e-06,6.322814442683011e-05,5.816225367993866e-08,0.0019012107513844967,1.3851388757757377e-05,8.05486342869699e-06,0.00011727825039997697,3.1817401691114355e-07,1.823405796130828e-06,0.0005750515847466886,5.2641075853898656e-06,0.00027029760531149805,0.8958961367607117,0.00037336762761697173,7.312769412237685e-06,9.338651580037549e-05,0.00014185458712745458,0.00011084890138590708,0.10012569278478622,1.5922908005450154e-06,1.4874578482704237e-05,9.27802175283432e-05,6.0331905842758715e-05,1.5986761354724877e-05,4.6494074013025966e-07
window-07562ddfcc9d85eb6c4a,619_100875_200297,stopsign,stopsign,0.999998927116394,True,3.1498373687099956e-08,1.8112462640829108e-09,1.973672425492623e-08,2.5226471578321252e-08,1.2295333817746723e-07,1.3282239308409771e-08,5.890047560797029e-09,6.0075810992543666e-09,4.663553987427349e-09,9.468032580173258e-09,9.164452308141335e-09,2.7028084215174886e-09,4.282870236238523e-07,4.5408469873109425e-08,2.9823997493849674e-08,1.9819705876500393e-09,1.8173039961766335e-07,8.978547327842534e-08,1.6884644793435655e-08,0.999998927116394,1.0432609443000729e-08,6.555987752676629e-09,1.5717912305035497e-08,5.707283534661656e-09,4.3061962884394234e-08,6.616003855874908e-10
window-6c9102e7ed7d4b8acb06,619_100875_200297,stopsign,stopsign,0.999998927116394,True,3.096884171327474e-08,1.6912259370727156e-09,2.3121796033365172e-08,2.0158806179892963e-08,1.2808810367914703e-07,1.295620677410625e-08,5.419670046080682e-09,6.717349787521698e-09,5.060338370554973e-09,9.525324529136014e-09,9.088746644181356e-09,2.8301965215860037e-09,5.153814868208428e-07,5.797793178885513e-08,2.928164377635767e-08,2.1794150928400313e-09,1.5222450144847244e-07,7.712286986816252e-08,2.0664035815798343e-08,0.999998927116394,1.1629341045704678e-08,6.266312357894321e-09,1.3609828819483027e-08,6.026264820491178e-09,4.045204349267806e-08,6.918334238825707e-10
window-5ecfd4dc71fd8b47d159,619_100875_200297,stopsign,stopsign,0.9999990463256836,True,2.6826464605278488e-08,1.7237274940740122e-09,1.9013452146054988e-08,1.9669869288918562e-08,1.0864334853977198e-07,1.365546342668722e-08,6.011330100363921e-09,6.159239784864212e-09,5.375484057879021e-09,1.0230689184709263e-08,9.038268800054539e-09,2.8569573373715684e-09,4.340763268828596e-07,5.4668600313334537e-08,2.996226555751491e-08,2.0013826151910052e-09,1.4163683204060362e-07,7.870371376839103e-08,1.6577439865272936e-08,0.9999990463256836,1.0302515285331992e-08,6.458682033638752e-09,1.5835750488690792e-08,5.709243744433934e-09,4.020436605856048e-08,5.611279219053245e-10
window-7deb2becb9a3c9575e6b,619_100875_200297,stopsign,stopsign,0.9999985694885254,True,3.889729072170667e-08,2.770049745137726e-09,2.5147292248561826e-08,3.0295726816120805e-08,1.4733092257301905e-07,1.5796979724314042e-08,7.848537819654666e-09,9.159975000727627e-09,7.216510056196057e-09,1.2803841542563532e-08,1.4236445800008823e-08,3.720605157297996e-09,6.531516874019871e-07,5.962093041489425e-08,3.7556215914946733e-08,2.552556388479843e-09,1.9440338405729563e-07,1.2132503002248995e-07,2.21586979876065e-08,0.9999985694885254,1.4081244614772004e-08,8.010483831810689e-09,2.232405726942943e-08,8.571616305630414e-09,5.583567386224786e-08,9.307395965052478e-10
window-07b4a8cc15fc2cb61c74,619_100981_200584,stopsign,stopsign,0.9990578293800354,True,3.0239241368690273e-06,1.2043381047988078e-07,5.247999069979414e-06,1.1148465972610211e-07,0.0007245865999720991,4.6957390509305696e-07,4.2389874010950734e-07,3.355415174155496e-06,2.357835597877056e-07,1.4624847608502023e-06,3.9952417864697054e-05,2.987874836435367e-07,3.0907478503650054e-05,5.907321974518709e-05,7.528703918069368e-06,2.4515893528587185e-06,1.0011296581069473e-05,1.8769733287626877e-05,1.7445147193484445e-07,0.9990578293800354,2.891248129799351e-07,5.528702899937343e-07,3.0150362363201566e-05,1.6061761698438204e-06,1.353497282252647e-06,1.1165170832327931e-07
window-f46505043d59985b1980,619_100981_200584,stopsign,stopsign,0.9996247291564941,True,5.864288141310681e-06,1.2892952838683414e-07,5.18108754476998e-06,2.7020161041946267e-07,6.528726225951687e-05,8.192918699023721e-07,1.0976486919389572e-06,1.8600063640406006e-06,5.776975058324751e-07,5.138886081113014e-06,5.354801032808609e-05,1.535695588472663e-07,5.9296045947121456e-05,1.4487506632576697e-05,3.524012936395593e-05,1.488977432018146e-06,1.4902795555826742e-05,3.3589221857255325e-05,2.0322184468568594e-07,0.9996247291564941,3.127913714706665e-07,9.700129339762498e-07,6.830650090705603e-05,4.646405614039395e-06,1.5930095287330914e-06,2.2966337098750955e-07
window-1f30e54066a6bab7d7fb,619_100981_200584,stopsign,stopsign,0.9988013505935669,True,2.3936459911055863e-05,5.141270094100037e-07,1.21728453450487e-05,2.3246498415119277e-07,0.00023485635756514966,1.8349036281506415e-06,1.5395161199194263e-06,7.605471182614565e-06,9.947582384484122e-07,6.786322046536952e-05,0.00013708903861697763,4.5718897467850184e-07,8.800589421298355e-05,8.362249354831874e-05,9.681571827968583e-05,5.39043867320288e-06,3.741320688277483e-05,0.0002485756413079798,5.638868856294721e-07,0.9988013505935669,9.108014751291194e-07,2.178557224397082e-06,0.0001369091187370941,4.3970685510430485e-06,4.265871666575549e-06,5.015682518205722e-07
window-edce53f52679c6454387,619_100981_200584,stopsign,stopsign,0.9984588623046875,True,1.9916624296456575e-05,4.3628290313790785e-07,9.252599738829304e-06,1.5164677336088062e-07,0.00029452849412336946,2.0800121092179324e-06,4.429951331985649e-06,1.2904385584988631e-05,1.005145463750523e-06,7.4924264481524006e-06,0.00010417000885354355,3.4365547207926284e-07,0.00045621360186487436,0.00013790614320896566,0.00011247899237787351,1.0243892575090285e-05,4.3884385377168655e-05,0.00010804183693835512,4.841892859985819e-07,0.9984588623046875,8.235246014010045e-07,1.112932068281225e-06,0.00020006544946227223,8.167011401383206e-06,4.621663265425013e-06,3.530890069214365e-07
window-29fff7f472fbb35bf080,387_46702_92994,teddybear,teddybear,1.0,True,3.0349972535148595e-11,8.539932649931359e-10,2.662245597584434e-11,2.0437924356381254e-12,2.0831321112524392e-09,1.9203508574983097e-11,8.817533508898023e-12,5.726030205543964e-10,1.6711463809993e-11,1.623029618688654e-12,3.760170994016043e-12,1.9817817525913384e-11,7.087581077591665e-10,3.6294212080179022e-09,3.4608288457249614e-12,7.258866424608712e-11,6.911568539713642e-12,3.38166473989876e-12,9.866339516217959e-12,5.0826932940228886e-11,1.0,5.6545476634362046e-11,1.5470554615149013e-08,1.6283776085347645e-13,1.776874480885482e-11,9.101440955061602e-12
window-57fc0de95641bd4abe94,387_46702_92994,teddybear,teddybear,1.0,True,2.484502534261246e-11,3.9407571650329487e-10,2.5543350420931255e-11,2.484487008486136e-12,5.148615422889691e-10,8.652183136614866e-12,1.1678097724954206e-12,4.791884666843771e-10,7.566953313942193e-11,2.342558222054314e-12,1.038493770144644e-11,1.6388423604296598e-11,1.6484927312099273e-10,1.7425981768681709e-09,2.8764646914369862e-12,8.094684644799344e-11,1.3752690826429603e-11,5.274104937502688e-12,6.287095150048216e-11,3.039301449403453e-11,1.0,4.71231179077769e-11,3.637586942772941e-08,9.024478755427501e-13,1.1633329716209673e-11,5.458217211540273e-12
window-0d911d305a9f0721bfd8,387_46702_92994,teddybear,teddybear,1.0,True,3.095469627151237e-12,9.581356541499275e-11,2.3821092667852817e-12,2.4004246940850793e-13,5.073484410367257e-10,2.3074942564343948e-12,4.682891986511339e-13,2.3867493051388244e-11,1.4437018421020742e-11,3.936987183743995e-13,8.172133217528021e-13,6.168473392666185e-13,3.1526069949050495e-11,1.8908418233931634e-11,2.2162392092957978e-13,5.611879017042298e-12,8.373943899409042e-13,1.6847441410700048e-12,3.0750909631171996e-12,5.458040269745723e-12,1.0,5.9479257456807044e-12,3.27620652829097e-10,9.734801432027904e-15,4.9608420669977615e-12,9.423176486073742e-14
window-b5b58a93ea1bf04ec8fe,387_46702_92994,teddybear,teddybear,1.0,True,1.5213582130191305e-11,2.6232732652786694e-10,9.448310189785758e-12,7.675661863916494e-13,5.753771903371785e-10,7.209314308725956e-12,1.0228181149263271e-12,6.6579471103001e-11,3.368669232450827e-11,9.5989253871831e-13,2.569065186280861e-12,1.0699534791144827e-12,8.747100266326413e-11,2.077460078964144e-11,6.614777085453549e-13,7.519413043610701e-12,2.2718845034408464e-12,4.443732708192538e-12,4.56452280486741e-12,1.3487950339952093e-11,1.0,1.556690713833131e-11,3.4808117499451896e-10,3.250642078645241e-14,1.6606417629905224e-11,3.6164777769687184e-13
window-5c9274c16f9bc0ba8903,387_46713_93018,teddybear,teddybear,0.9977129697799683,True,6.548106767922945e-08,9.753070116857998e-06,8.98320529074681e-09,3.992741403635591e-05,1.667579090280924e-05,4.141191993767279e-07,4.879111337174891e-09,1.1202581845282111e-05,4.661668299377197e-06,1.090045245177862e-07,1.931191384585418e-08,5.380794050324766e-07,1.6228528920692042e-07,1.3783445865556132e-05,1.5280305021292406e-08,1.3910229768043791e-07,1.2386788483809141e-08,1.8488826469820197e-07,6.791278792661615e-07,2.2477854599856073e-07,0.9977129697799683,3.930743730506947e-08,0.002188232960179448,2.4061634462668735e-08,7.845463301237032e-08,1.9948497020916278e-10
window-aa9126f1d8664594ac2f,387_46713_93018,teddybear,teddybear,1.0,True,2.0889987656369513e-11,3.8714340067080855e-10,2.066355420105026e-11,4.48046960643822e-10,6.135361552139784e-09,4.87428326867434e-11,1.190667790057498e-12,5.369226174778419e-10,2.3101520696400257e-10,2.112245101049126e-11,3.3909461610165392e-12,4.3708400787600965e-10,1.1145434575254853e-10,6.142044095547305e-10,4.96317960688164e-12,2.200988835632245e-10,1.9034886514224247e-11,2.4984023530572053e-11,2.211750560476844e-09,3.5361119588017687e-10,1.0,4.3878442546052554e-11,4.8370387695229056e-09,3.709032321726202e-13,1.1470307342831276e-11,1.743213863189541e-12
window-5489ad103235e6924652,387_46713_93018,teddybear,teddybear,1.0,True,2.6956830864732773e-11,3.106574719691224e-10,5.7188203825275785e-12,1.1943651623269602e-10,4.664066022286306e-09,3.9977084143050234e-11,2.024189409838284e-12,2.536302057265516e-09,8.547505758738083e-11,3.859134886652349e-11,1.7870666968802795e-12,1.3479566421392697e-11,1.1189333487537922e-10,4.1364447977976226e-10,2.7405621175202732e-12,3.215908789266919e-11,1.5851518014864396e-11,5.91728610555009e-11,1.0103458347732186e-10,1.2458389875291687e-10,1.0,4.804612610542769e-11,1.0580611942145879e-08,1.2745447058870596e-13,1.707418928464932e-11,4.81968794301818e-13
window-fad3cd070aaa8f37fb53,387_46713_93018,teddybear,teddybear,1.0,True,5.479642781192062e-12,1.2386196235336655e-10,3.5012299049591578e-12,4.42995358278242e-13,3.413200277968542e-10,1.0760467170078947e-11,2.4962575409515075e-12,1.3679074366279576e-11,2.2866229743012667e-11,1.192536087241125e-12,1.298233574678967e-13,1.6659580616071312e-12,2.2953932157787627e-11,9.79400414935494e-12,2.621708731186112e-13,4.0426550995675825e-12,6.125374730006627e-13,3.7365921988496975e-12,1.3264385249900368e-11,6.334445121214394e-12,1.0,1.1703479331492961e-11,3.4437713791746205e-10,2.848991591144871e-14,3.3001923676473366e-12,4.247163805002306e-14
window-eb8a788039472a1df587,442_63250_125013,teddybear,teddybear,0.9999862909317017,True,7.4417472184507005e-09,1.9109008917439496e-06,3.5291589650654487e-09,2.312539777449274e-07,2.5132467840194295e-07,4.976759893082772e-09,1.5997603242112746e-08,6.639548246312188e-06,3.7566235278063687e-07,1.522686510213589e-08,1.0651390880411782e-09,1.5485288429317734e-07,9.246375043403532e-07,2.6664093866202165e-07,1.4526031044681531e-08,7.518949018958665e-09,2.1021382412556022e-09,5.236125488750076e-08,6.614056928810896e-07,2.709785462684522e-08,0.9999862909317017,1.1791263432314736e-07,2.01605894289969e-06,6.732948643062286e-10,1.112505199074576e-08,6.240633565468556e-10
window-a2fa0d554f47fe5d1d1f,442_63250_125013,teddybear,teddybear,1.0,True,2.9082269925595483e-10,1.0812802209159145e-08,5.308879447163406e-10,2.8118074535399273e-10,5.352385756829392e-10,2.0196137817674042e-10,4.0896400849144143e-11,1.3764941186877877e-08,1.3118625297181552e-08,5.243292345441519e-12,5.078739512276442e-11,3.909448598182763e-10,1.3939954079944528e-08,1.961559137342306e-09,3.1846747461372615e-11,6.468325874919856e-10,3.343678112166515e-11,1.0320909682448587e-09,5.2689448359899416e-09,1.618021716609519e-09,1.0,2.43714293191033e-09,2.6049821855167465e-08,6.4330446351845705e-12,2.6761354243731716e-10,7.50528875159695e-11
window-c7b764d0340dd49198bb,442_63250_125013,teddybear,teddybear,1.0,True,1.5190935315212428e-11,2.627950634881415e-10,9.38442552833596e-12,5.7370795614186676e-11,1.3881317428854345e-08,1.5295778532653515e-11,2.089859535425731e-11,1.645449665410581e-09,5.35849420391088e-10,2.7342197950197544e-11,3.551052247391384e-12,7.622898146042445e-11,1.2053577025383788e-09,1.939633592629164e-10,1.0015635022730951e-11,3.578345605936839e-11,1.9479177385678392e-12,9.740244721889724e-11,5.548204604077789e-11,1.1270082783676472e-10,1.0,1.3580916946587251e-10,1.6754256648709998e-08,1.930393778853956e-12,4.9882178249083253e-11,3.0794930407779253e-12
window-fd884d69327d7a97ca03,442_63250_125013,teddybear,teddybear,1.0,True,4.0124422881482324e-12,2.0199324851644107e-11,2.440060306585501e-12,1.5657961038861856e-12,3.395575487452618e-11,5.528205497540295e-12,6.368009418389331e-13,8.831962938771198e-11,1.2090457801594567e-10,4.113231456825961e-12,2.8201873887405415e-13,3.142441602071999e-12,8.032074311214998e-11,6.132251824386703e-12,1.42842541180771e-12,2.4001970116288573e-12,3.4201287635315936e-13,1.0291805602191673e-11,4.427058546141449e-12,1.2814933142424323e-11,1.0,9.531886391300759e-11,2.063961501708178e-10,9.555298718065541e-14,4.402882138737629e-12,6.532598626537295e-14
window-45e315233efb2e6d45b0,463_65700_128783,teddybear,teddybear,1.0,True,6.480334498182305e-12,1.7377835281884302e-11,4.490440571464083e-12,2.6939600723807633e-12,6.309863742615107e-10,2.617967257909082e-12,3.381830948091802e-13,3.164088782647845e-11,2.5319977017823625e-11,4.458079738700604e-12,3.86131014315505e-13,6.325411115032376e-13,2.8013993902398227e-11,3.080632754101642e-12,3.4796910361803435e-13,2.4452829084503636e-12,1.1256622804017846e-12,3.0965681407923995e-12,2.4411228247145367e-11,1.1185124874912855e-11,1.0,1.1040801085882013e-11,2.0418151891465897e-10,5.2609179084514915e-14,3.998293883478166e-12,8.284040500013828e-14
window-9da0b4022af8d4259116,463_65700_128783,teddybear,teddybear,1.0,True,1.8980097441639865e-12,2.5613688687392555e-12,2.1441242878394995e-12,6.417966743992032e-13,6.80936862451631e-10,3.5261453045637436e-13,4.576434988346617e-14,7.676588531513318e-12,1.874828764458769e-11,8.633930159360204e-13,8.450183640925507e-14,5.36769196798903e-13,6.45352243866526e-11,3.76407455551786e-12,2.8943384147717133e-13,2.054411328555883e-12,7.177643895905916e-13,1.832106515109455e-12,2.3653135006185266e-11,2.4103646162343395e-11,1.0,4.602297709599412e-12,3.0004165818553474e-11,8.807081820284054e-15,2.1891338568280627e-12,3.456332849051044e-14
window-9e24f7defc5ff751c6c4,463_65700_128783,teddybear,teddybear,1.0,True,1.2317413798992871e-12,8.759668337909865e-12,1.0344130066397561e-12,8.374155535673111e-12,4.333444159065891e-10,2.2341667632683887e-13,2.5193915896104362e-14,5.856392627789919e-12,2.1995974919947203e-12,3.3651096232462097e-12,2.20424983062191e-13,5.68989842221479e-13,1.3174295855622464e-11,9.23637360171481e-13,1.5216496953521924e-13,4.371444178863371e-12,1.8709294909765445e-13,1.6377977533205135e-12,4.935993280774653e-11,1.0189942639682315e-11,1.0,3.784627559261233e-12,5.528630331319562e-11,8.249253026276684e-15,1.5567998279397699e-12,3.1834188334457086e-14
window-b08be3ddab6d50657f4d,463_65700_128783,teddybear,teddybear,1.0,True,1.1376031193444103e-11,1.886810499507341e-11,4.287097152971819e-12,1.2956738546648916e-12,4.852995783011238e-10,3.916803947151548e-12,3.4536460605423536e-13,2.255151794472443e-11,6.321458113911493e-12,1.896909495799348e-12,8.989154093395207e-14,2.321050036196981e-12,2.0578439993701458e-11,3.9903020124243405e-12,3.855158108977824e-13,2.606408144867345e-12,3.831341710905378e-13,4.180412960241853e-12,9.238757328611236e-12,8.769999483571045e-12,1.0,1.6345560321928687e-11,3.4128207204719985e-11,1.418811696276591e-14,3.5692779027513e-12,4.750423348415765e-14
window-3d90ae1c4c610fd2fb10,472_66886_131679,teddybear,teddybear,0.9999966621398926,True,5.194787533469025e-08,6.495658055882814e-08,9.845961379539858e-09,4.3999756615953345e-10,6.05022364652541e-07,2.3666856918680423e-08,1.2454963282948484e-08,3.761034150784326e-08,9.932676192647705e-08,4.2605336147971684e-08,4.018276544837107e-10,1.871666732711219e-08,1.1365123064877025e-08,7.244257638205909e-09,3.710207141516264e-10,1.938527027789405e-08,4.663169850260829e-09,2.4535676601544765e-08,1.6517765288881492e-06,1.5510766004922516e-09,0.9999966621398926,8.92454039558288e-08,6.13246356806485e-07,2.7877899988482113e-09,3.3483420480706627e-09,9.327420086302496e-11
window-6d400a7ff86188a113d4,472_66886_131679,teddybear,teddybear,0.9999899864196777,True,1.5232092920314244e-08,5.4259750470464496e-08,7.466869789141128e-09,5.590952145695383e-10,1.581897663527343e-06,1.3929050801664289e-08,5.430258909200347e-09,5.0045571242662845e-08,1.2067822297012754e-07,3.788206868193811e-07,8.653360250576725e-10,1.3358084416381644e-08,3.732822406732339e-08,5.10596009917208e-08,9.409863999110257e-10,1.2184129261072485e-08,1.2956190786894695e-08,2.091899631295746e-08,1.1628295624177554e-06,7.899111587050811e-09,0.9999899864196777,8.791484162884444e-08,6.279348781390581e-06,1.2575612773346734e-09,6.442223643432499e-09,7.107203020551012e-11
window-5b6c0fa9aef015fd3392,472_66886_131679,teddybear,teddybear,0.9999994039535522,True,1.8368879750596534e-09,1.9527965910981493e-09,5.207971276455226e-10,1.6318137813220446e-11,2.7104618993689655e-08,9.958321944836257e-10,1.4517231861077562e-10,3.0866997846601407e-09,1.378334224533262e-09,7.613743524537142e-10,2.0424946456376603e-11,1.1720500958656288e-10,2.1656010318338303e-09,2.2522554932180583e-09,2.7824506587670328e-11,6.972878385802517e-10,1.6130988211848774e-10,2.1349798318137658e-10,7.887518194138465e-09,1.27967594854006e-10,0.9999994039535522,8.875039592126654e-10,6.067234608053695e-07,8.801129096347449e-12,3.579478380366652e-10,4.718414027549134e-12
window-4a13ec1f76fff55695a2,472_66886_131679,teddybear,teddybear,0.9999994039535522,True,3.588818353605916e-09,1.1322870419050446e-09,9.097904096755371e-10,4.317014454247037e-11,2.271459891289851e-07,3.4944149795990143e-09,8.624737590778864e-10,5.82331649567891e-09,2.2893482665153897e-08,2.7479292175058845e-09,6.557496906589577e-11,6.848125955194462e-10,5.5208664306860555e-09,3.393407999041642e-09,1.2382835035129602e-10,2.0974157965980567e-09,6.74335753902966e-10,1.0465712740881372e-09,1.9711575305336737e-07,7.864814910440998e-10,0.9999994039535522,7.838954374506102e-09,1.6867296892542072e-07,1.0242299369744856e-10,8.169756537945716e-10,3.914092314150075e-11
window-3f8d05751bf64dcdfcd9,514_73815_143655,teddybear,teddybear,1.0,True,2.585756261885841e-11,1.671120880564203e-11,9.61716383612865e-12,4.7755951970707144e-11,2.6331248292876808e-09,6.037793182089857e-11,2.6735410760259093e-12,7.84684955901227e-11,4.004548359581861e-10,2.1936324284821396e-11,3.767824160311184e-12,8.338183442313518e-12,4.6545903242822817e-10,5.8064782149092053e-11,9.692869770705492e-12,2.8184586609025786e-11,1.917371643400667e-11,1.2830585552348062e-11,4.3812650729613267e-10,1.807346806936838e-11,1.0,8.929255945755443e-11,4.697776057049907e-10,7.957378245909696e-13,1.8169347970609095e-11,1.0696738633741987e-12
window-240eacd8187a04d4dad2,514_73815_143655,teddybear,teddybear,1.0,True,8.642843927521293e-13,1.3323890601935062e-12,7.968374766444131e-13,8.020400749791934e-13,1.6093873456135555e-10,1.7476215787015636e-12,5.3489862956697734e-14,9.052480119675632e-12,4.569479343519145e-12,1.2281333719096899e-12,1.0919822717499889e-13,2.3917049981128646e-13,2.2338110527986288e-11,3.979493817807267e-12,1.0254590145780673e-12,8.117063336580965e-13,2.588452997949464e-13,9.384474534274156e-13,9.401391123931013e-12,2.6644947099391247e-12,1.0,4.857343260250557e-12,7.532307416679984e-11,4.776123175068408e-15,9.252842632714864e-13,1.7025846065030908e-13
window-7c228eae7c3eb693e55b,514_73815_143655,teddybear,teddybear,1.0,True,7.310629423877557e-13,2.954726307374811e-12,8.81791547332339e-13,2.800409643760604e-12,1.1802163413232591e-10,4.925683125267533e-12,1.4506921868200767e-13,5.717152012224558e-12,5.313108460136551e-12,3.113249133317175e-13,2.377659430018858e-13,4.4231147065289245e-13,7.448995413550374e-12,2.5758374599949008e-11,2.029652054064135e-12,1.1138580292488487e-12,3.0642345215034505e-13,7.582751158745349e-13,6.660827271687264e-12,7.753179175062908e-12,1.0,3.6184115599635636e-12,3.735696127438182e-11,2.319423373796283e-14,1.370045244787621e-12,4.1898938745593695e-13
window-0d3bbe9490e130efc4ad,514_73815_143655,teddybear,teddybear,1.0,True,1.0611032018326139e-11,1.6930979188090056e-11,3.179380586929015e-12,7.69596886218693e-12,9.431359027090025e-10,1.688183620673911e-11,1.8225323594051046e-12,1.9301516981928835e-11,2.7327340043625803e-11,7.347580009697818e-12,1.1014041241541594e-12,2.1295170488100368e-12,4.991444063628947e-11,9.791799315816974e-12,2.6316396978254275e-12,5.261204232692718e-12,3.977095996282598e-12,4.280617960789046e-12,2.8625317394226357e-11,2.75181995246232e-11,1.0,2.520265419969636e-11,1.9614458668382184e-10,1.18734490013421e-13,8.136971131611492e-12,3.5075379558290043e-13
window-f0cc151613732c7794a6,529_76909_148725,teddybear,teddybear,1.0,True,1.0238511427562713e-11,6.049286072062898e-11,1.3763942242894789e-12,9.517142933110345e-13,1.0606322764505904e-10,9.883894050433106e-12,1.0696942463750414e-12,1.3577315660651124e-10,2.7842561155927426e-12,1.6868373017842053e-12,6.904384290858101e-13,7.920189569292357e-13,1.5382796425544853e-10,8.428900633017378e-11,6.569550676030489e-13,2.574146625022866e-12,7.03013439563166e-13,1.033769966331255e-12,2.674601859431469e-12,2.921422652402139e-12,1.0,2.7194683137332643e-12,9.147783863738823e-09,2.6267540659957733e-13,2.0018587482129035e-12,2.3070794948933104e-13
window-49723db7e80528af77dc,529_76909_148725,teddybear,teddybear,1.0,True,2.9874880347335875e-11,7.025289378015387e-11,5.369650904474277e-12,2.5544618503792194e-11,3.0974631193281255e-10,1.927708860594013e-11,3.70940951566201e-12,3.0729307987087395e-10,2.0721096713471887e-11,3.4464586740057257e-10,5.746283440397071e-13,1.0370770214818137e-10,2.1495806523663674e-10,1.0731408123243469e-10,2.9095003316326196e-12,9.525615712879798e-11,1.1794910534379532e-11,4.184050241690107e-12,3.649536506333817e-10,1.0277564389815641e-11,1.0,2.882700154971385e-11,3.839074391720487e-09,5.8760405395597015e-12,7.89194924688541e-12,2.1813523209956998e-12
window-b02ef93dd4915fcb10ec,529_76909_148725,teddybear,teddybear,1.0,True,3.517470342773166e-11,2.2944400546176524e-10,8.771287515751958e-12,3.843581702911436e-12,5.19204568227849e-10,2.828966401413613e-11,2.955989186065322e-12,1.9095525161105797e-09,3.5006841175855286e-11,9.890003746515497e-12,3.176998161075195e-12,1.0956844806453425e-11,1.3255216924079605e-09,7.677855018428659e-10,3.974434496789581e-12,1.8369993026734477e-11,8.389199057656782e-12,7.03284739472787e-12,1.9264233264149055e-10,1.5931932856316777e-11,1.0,1.5444734033365215e-11,1.1510826070093572e-08,1.7161288666175945e-12,8.437517177994902e-12,9.055048919882902e-13
window-795877036249d09ef239,529_76909_148725,teddybear,teddybear,1.0,True,7.3597126656888e-12,1.304622382347631e-10,2.1340915146161876e-12,6.765509918786605e-13,2.8736163448783714e-10,7.394015955064503e-12,2.3361954731848655e-12,1.819560127569453e-11,1.099710166679868e-12,2.795190728183128e-12,3.259640279050513e-13,9.237184584939828e-13,6.613888603457241e-11,1.8150782959969192e-11,7.488094345975416e-13,2.8525289769154583e-12,1.0503579343096314e-12,1.2131955596378363e-12,3.642745393522828e-12,5.435817594656722e-12,1.0,7.64482227522123e-12,8.547037522177447e-10,4.855106117487851e-14,2.591077092467531e-12,8.994916627941968e-14
window-81fb8346cd086ff49d3f,534_77577_150665,teddybear,teddybear,1.0,True,2.6963964915027727e-12,1.4154702583646372e-11,9.46547636278272e-13,1.4385170572089878e-12,1.08557796085762e-09,1.1686920962233893e-12,3.9792943788176383e-13,4.954837321685668e-12,1.1653115972176664e-11,8.129695701353246e-12,2.1016977221066657e-13,9.132040826656529e-13,1.8356437897493194e-11,6.987320444462597e-12,5.797176974575713e-13,5.4216527101136336e-12,1.9670974918395423e-12,1.0844670430762426e-12,3.8832277671208004e-11,6.133994787799191e-12,1.0,1.3482112128093693e-11,5.969161831487213e-10,8.187278166624928e-14,1.932666917128789e-12,2.6487585928314065e-14
window-03fb8d85cbb1c38429de,534_77577_150665,teddybear,teddybear,0.9999874830245972,True,9.436306669385885e-08,2.733094817131132e-08,1.2261047288575355e-07,1.3037193546949766e-08,2.6705570235208143e-06,2.742599036764659e-08,1.2689675976673698e-08,4.4738365545526904e-07,1.3813931332151697e-07,7.610034344907035e-07,2.410805777230962e-09,2.744030325629865e-06,1.6100175059818866e-07,2.4946416488091927e-08,8.948286733811983e-08,3.7386291751317913e-07,2.0651692977935454e-07,2.271138299647646e-07,2.2483004613604862e-06,1.5663682688682457e-06,0.9999874830245972,5.920822587768271e-08,3.6125899782746274e-07,1.7954003839193433e-09,6.466166269092355e-08,9.781518706120096e-09
window-916b059b988923448200,534_77577_150665,teddybear,teddybear,1.0,True,1.1810150947477727e-11,6.901362814559775e-11,1.902819698682001e-12,3.098239980542372e-12,8.676286911146747e-10,4.1238835263301965e-12,1.663557529577031e-12,8.349375357763478e-11,3.0033999592893323e-11,1.3564477319150114e-10,7.035593895671211e-13,2.4463838073363053e-12,2.1300514130295767e-10,2.1093262553284475e-11,5.708892126393694e-12,6.59053801116416e-12,3.2106118978691978e-12,8.525195306641198e-12,4.2483856710351375e-11,1.3844147182806577e-11,1.0,3.763954425917149e-11,3.2557758711249107e-09,4.618915926818401e-13,1.1645294971385223e-11,2.0101758799184744e-13
window-df0c1b2b86a991853d6c,534_77577_150665,teddybear,teddybear,1.0,True,1.2669958832089989e-11,4.466414738057978e-11,5.6159048765491715e-12,1.0926829102989033e-12,6.277393049813895e-10,3.796738097527896e-12,2.8036377473089624e-12,2.2068433885857885e-11,2.2410745134648913e-11,7.1456972283723275e-12,2.9811439775095927e-13,1.4478125729550095e-12,9.28908477915158e-11,6.657969314760592e-12,1.9915798610964375e-12,5.047939063279605e-12,3.658460687172571e-12,5.248164750004669e-12,1.241547142871724e-11,1.2223826985346964e-11,1.0,2.0344630494162352e-11,2.739571902665716e-10,5.39906830452231e-14,3.249213615177937e-12,8.503263468784966e-14
window-9c417b7bf214982c3ce5,616_99423_199584,teddybear,teddybear,1.0,True,7.348582853339281e-10,1.9588410893334185e-09,1.1757501638953727e-09,1.3546688770738058e-10,1.7404465424419868e-08,8.960533426360939e-10,5.548725923176789e-10,2.0164778735676236e-09,1.3183458769105982e-09,7.619627845345534e-11,1.3033589485456076e-10,1.1460756649261938e-10,2.639139751181574e-08,1.4715376694951487e-09,2.6353996762651377e-10,9.797712641201883e-10,1.7761231374535669e-10,6.028326171581e-10,1.79050851922824e-09,4.671508957443393e-09,1.0,2.1880268707974437e-09,5.541050729362951e-09,1.5246057888385067e-11,7.579755156861268e-10,1.26482588291843e-10
window-356a4849952325e63d3a,616_99423_199584,teddybear,teddybear,1.0,True,2.4171520340843244e-10,1.655033998737565e-09,8.838185738824222e-10,1.071416705356043e-10,8.338545853803225e-09,7.469247997882178e-10,1.4721321384136843e-10,1.2539522753485244e-09,7.445550842533066e-10,8.10410835661024e-11,8.312225907580739e-11,4.4916678015871625e-11,1.6502561095421697e-08,6.733721913398938e-10,4.190140179272106e-10,2.865105930283107e-10,2.2111379394118558e-10,3.847348273300355e-10,7.804478174833207e-10,4.6285113519672905e-09,1.0,1.4603005471514052e-09,1.2584016051420122e-09,1.4540788711991937e-11,3.4346203658941477e-10,4.26755228377651e-11
window-9ef8a5d1258bffe2a5a8,616_99423_199584,teddybear,teddybear,1.0,True,7.268633611667852e-11,2.5419139015880887e-10,1.6848969441873862e-10,1.2397179637024802e-11,4.0077292595697145e-09,1.1026621976606421e-10,3.5059229824829785e-11,2.10193751293275e-10,1.519514514214393e-10,2.4746416721344033e-11,1.7930322157577727e-11,1.1928324647469957e-11,2.911669794158911e-09,1.5153872601203489e-10,4.0234877929368196e-11,6.795767421019505e-11,2.6137824543637223e-11,1.0218636353753752e-10,4.666172448430927e-10,4.244111451168209e-10,1.0,4.10458361743693e-10,1.0594823907084105e-09,1.5937972512938825e-12,5.1005623336042305e-11,6.222076239653651e-12
window-a07db3b766d399b7676e,616_99423_199584,teddybear,teddybear,0.9999998807907104,True,6.736791680062026e-10,2.254220587971645e-09,2.0403443379279906e-09,8.656941136164775e-11,9.72499414331196e-09,1.3579600777191558e-09,1.8297997839145097e-10,2.751019634317231e-09,3.266635850707189e-09,1.695131118806259e-10,1.2370304780517927e-10,7.563460274750966e-11,5.861220486735874e-08,1.511277547550094e-09,1.5014340881691624e-09,7.056273343408748e-10,6.486882697664953e-10,1.011589922939038e-09,2.5234905276505515e-09,1.6677798697628532e-08,0.9999998807907104,2.138180965616243e-09,2.775559115875126e-09,3.3703460161627063e-11,8.832521936064097e-10,7.048078093374599e-11
window-eef52b2b8e15a36ba055,622_102226_205337,teddybear,teddybear,0.9998819828033447,True,1.3733377102198574e-07,5.076990419183858e-06,1.4545086024497778e-08,7.578116623108144e-08,1.9865140075125964e-06,4.1447105303404896e-08,3.0303809239740076e-08,3.3575392990314867e-06,2.12709949209966e-07,9.831190972420245e-09,1.7845220856571586e-09,5.674705789715517e-07,4.5314766339288326e-07,1.5701887150498806e-06,9.024947011937456e-09,1.818044808032937e-07,2.633693041431684e-09,2.0020427982103683e-08,7.490554594369314e-07,1.9999131239956114e-08,0.9998819828033447,4.563183964023665e-08,0.00010345496411900967,1.3441079360632102e-08,4.821217913786313e-08,9.832278102805958e-09
window-e3e8b1f9835a3d6bc78b,622_102226_205337,teddybear,teddybear,0.9958013892173767,True,1.7051290797098773e-06,6.288674921961501e-05,3.003366373377503e-07,0.0006346002337522805,1.0068108167615719e-05,9.49064485666895e-07,2.447159275220656e-08,0.00012438473640941083,5.080637492937967e-06,5.2145860536256805e-06,6.783143362554256e-07,6.750663305865601e-05,1.214971007357235e-06,1.3574038348451722e-05,2.636835915836855e-06,1.3137802852725144e-05,1.632209176705146e-07,9.263962397199066e-07,0.0002016477519646287,1.9678093394759344e-06,0.9958013892173767,1.6497986052854685e-06,0.0028876319993287325,0.00015561413601972163,3.417596587951266e-07,4.736754362966167e-06
window-79741da3fe89bcac66b0,622_102226_205337,teddybear,teddybear,0.9999661445617676,True,2.1539834804684688e-08,2.6767941108118976e-07,2.4223709260695614e-08,1.5263779573615466e-08,5.092584842714132e-07,8.44196090810101e-09,3.727004926901145e-09,3.253710190165293e-07,2.47452987878205e-07,2.678410382372931e-09,1.680482308863418e-09,1.2231834034537314e-07,1.738832509090571e-07,1.5455927382390655e-07,2.4233274942275784e-08,4.882080872903316e-08,1.279668149223312e-09,7.214504194053006e-08,1.5214840232147253e-07,2.2251917641824548e-08,0.9999661445617676,9.26378405097239e-08,3.14541939587798e-05,1.048737097164576e-08,1.602030330616344e-08,1.892547674131606e-09
window-0170c538150d065b3dcc,622_102226_205337,teddybear,teddybear,0.9999995231628418,True,1.9296522157929985e-09,2.848260116650181e-08,1.7666049179076992e-10,9.497102659850043e-09,7.42589847391173e-08,5.106763345530396e-10,1.0179821569034075e-10,1.4691875271921617e-08,2.924982922536401e-09,1.9744585133540937e-10,7.192832440772179e-11,8.46409449195562e-08,5.053550911071625e-09,1.491069134829104e-08,1.5229202621203086e-10,4.2571479674791135e-09,3.25383435473281e-11,6.636355909250824e-10,2.9616018526468224e-09,7.234360333008283e-10,0.9999995231628418,6.850386924384111e-10,2.5655032231952646e-07,3.285364341687469e-11,6.765078497394938e-10,1.87072354135287e-11
window-aa390eb8fddc12f15c3d,124_14451_29937,toilet,toilet,0.9999990463256836,True,6.271753338893404e-09,3.792255043322257e-08,4.665022590444323e-09,4.0753302954499304e-08,2.0166257552745037e-09,3.6170078487884894e-08,8.789564631683788e-09,2.0150773494265195e-08,1.7443856847876305e-07,7.748512054206458e-09,1.2069721222474072e-08,8.230347958715356e-09,4.4836303558781765e-09,6.127391483090605e-09,6.1055289712896865e-09,3.928427005917001e-08,2.1002094285904604e-07,2.0386622168189206e-07,3.4234937107413543e-09,1.3057626091494967e-08,3.878633236809037e-08,0.9999990463256836,5.145226023017813e-09,2.1375280212510006e-08,2.0805700273740513e-08,5.021047755349173e-08
window-47122011417fad5b16fa,124_14451_29937,toilet,toilet,0.9999996423721313,True,1.9555441710394916e-09,1.1607322214501892e-08,1.3175259772069126e-09,1.2664949089469246e-08,9.56694945486447e-10,1.62181610363632e-08,4.589574498226057e-09,6.584992107150356e-09,7.827784287428585e-08,3.430993489317302e-09,2.1327146715321987e-09,2.2764981011391683e-09,1.6877115260882647e-09,1.773324043163882e-09,2.2341577476936436e-09,9.766611519523849e-09,9.940666245711327e-08,8.230419723531668e-08,1.1416425582666534e-09,4.119502072796877e-09,1.6072625896867976e-08,0.9999996423721313,1.3705538925989913e-09,8.089998004834342e-09,7.727307682614537e-09,2.038948387905748e-08
window-27b6a1b3e821b0724e70,124_14451_29937,toilet,toilet,0.9999996423721313,True,1.881281352922315e-09,1.52760577520894e-08,1.471217259130242e-09,1.682592198903876e-08,9.678281509550857e-10,1.608004573938615e-08,2.6261772756441815e-09,6.229742943730798e-09,1.6827455340262532e-07,3.4741727272802336e-09,5.535671920853247e-09,3.2138935956993464e-09,2.359232365023445e-09,3.32455152296518e-09,1.5751827620036352e-09,1.6683300074760155e-08,6.641999306111757e-08,7.000511459409609e-08,1.4145670190757187e-09,2.9366329368230026e-09,1.7322459910928956e-08,0.9999996423721313,1.688786999132219e-09,8.296914266736621e-09,6.022925269633106e-09,1.610629141168829e-08
window-98e07052cbe93982ce45,124_14451_29937,toilet,toilet,0.9999998807907104,True,1.319928388809899e-09,9.370416442777696e-09,4.597055236477132e-10,5.930024915556942e-09,4.928854546726313e-10,8.225349290569284e-09,8.812278684544594e-10,2.0245320975220693e-09,4.4813109667529716e-08,2.53448351195118e-09,3.1536320221903225e-09,1.1017250445277682e-09,8.824490027592446e-10,8.088051339782965e-10,9.143068524508635e-10,5.908821432143441e-09,6.171948285782491e-08,2.3123007508729643e-08,3.0268301753899607e-10,5.580353956702311e-10,5.032612548916404e-09,0.9999998807907104,7.005261370984783e-10,2.778435037598115e-09,1.918478265139356e-09,6.046418921101804e-09
window-a81258d44c6dd240c358,423_58823_113344,toilet,toilet,0.9999996423721313,True,3.694416328414718e-09,8.198250966984233e-09,2.3665784887327845e-09,8.23060464227865e-09,8.01287203255896e-10,8.214184887833653e-09,1.787392567287327e-09,6.442506972348383e-09,8.909379545229967e-08,2.7719555539817975e-09,3.149676075508978e-09,2.9008095925320276e-09,1.6887805598386763e-09,1.4420542537862957e-09,3.8072283103929294e-09,1.1714257119876947e-08,1.2077380517894198e-07,6.719421463685649e-08,1.2644401081729484e-09,6.107338190730616e-09,1.1782647746372277e-08,0.9999996423721313,2.142156452222821e-09,7.264646662008545e-09,6.845257694010343e-09,2.0738042394441436e-08
window-33a53c95af0857a7db8f,423_58823_113344,toilet,toilet,0.9999996423721313,True,2.003098797942471e-09,1.108690206308438e-08,1.70072778082897e-09,1.1475331795907096e-08,8.188932310027042e-10,9.298414482827866e-09,1.7914507655092393e-09,6.805772834184154e-09,1.387263921515114e-07,2.3151103256680017e-09,3.954386151860945e-09,2.733272719268598e-09,2.5251221114075406e-09,1.755755762999911e-09,2.0347166174161657e-09,1.216515865820611e-08,9.77653158429348e-08,6.215361025851962e-08,1.5758618854277984e-09,4.35614255778205e-09,1.228866519653593e-08,0.9999996423721313,1.6444984263230822e-09,9.976370840547588e-09,6.058250345830629e-09,3.070723764153627e-08
window-5010b5774ee2daf41c3a,423_58823_113344,toilet,toilet,0.9999990463256836,True,5.624537280368713e-09,3.508018764364351e-08,5.490473853342337e-09,2.967924039865011e-08,2.49201081992112e-09,2.554005185118058e-08,5.767493149733127e-09,1.647314107344755e-08,2.3058238696194167e-07,4.477409110137387e-09,6.702312926876175e-09,7.3819155232968114e-09,7.29004323574145e-09,3.232432987942957e-09,6.996966561700901e-09,2.0293406066684838e-08,2.62693987451712e-07,1.3960702460735774e-07,3.679056614913634e-09,1.579361352810338e-08,2.1115775794555702e-08,0.9999990463256836,4.699019839904395e-09,2.3767791290651985e-08,1.9488416214130666e-08,7.570768900677649e-08
window-14f91cda735cbe6a7f90,423_58823_113344,toilet,toilet,0.9999995231628418,True,5.523226320747199e-09,1.3168581780576005e-08,2.4797648379148995e-09,1.3944947419020082e-08,7.758020337256255e-10,1.0469372924148956e-08,3.0815174856257954e-09,8.200595758012241e-09,7.290162074014006e-08,2.9028570658340414e-09,4.635497763416652e-09,4.211107462737118e-09,2.4294606326691337e-09,1.8838808291121723e-09,5.732597951890739e-09,1.801649140986683e-08,1.4647855550720124e-07,9.081392704501923e-08,1.1321921178364391e-09,6.450252332257378e-09,1.2538949434315327e-08,0.9999995231628418,2.900825801788187e-09,9.632392661274025e-09,7.417768621564846e-09,2.3804142657013472e-08
window-735463d42f1d36d0b8d9,429_60377_117017,toilet,toilet,0.9999991655349731,True,5.642266653893557e-09,1.929612025719507e-08,5.110603051861062e-09,3.7475381020612986e-08,1.5000763964323482e-09,2.554176070646008e-08,3.3863725157345925e-09,2.021579703637144e-08,2.1409688599760557e-07,7.531504309099546e-09,1.2130768389795321e-08,1.3026086875811416e-08,5.760699028911631e-09,6.018420872777597e-09,7.686439040810455e-09,2.1158713892077685e-08,1.722464162412507e-07,1.7274240349252068e-07,3.2353695278430905e-09,1.1988136705554098e-08,2.75391673909553e-08,0.9999991655349731,4.582146218012895e-09,1.6385371282012784e-08,1.570466956479777e-08,3.550501048721344e-08
window-6bb7d897729e5874ff90,429_60377_117017,toilet,toilet,0.9999994039535522,True,1.6409072989276297e-09,1.3936995557628507e-08,2.037061630488779e-09,2.2510498354222364e-08,9.61001722643573e-10,1.102668978347765e-08,3.302411899497315e-09,1.0500029290483326e-08,1.9607051626735483e-07,5.952152992705351e-09,3.163655781790453e-09,7.544128877157164e-09,3.8899310439433066e-09,2.3310477992311007e-09,2.2937178822957094e-09,7.847287264439728e-09,1.3947612842457602e-07,8.73035830295521e-08,1.5724627155933035e-09,5.83178660917838e-09,1.4852700402911978e-08,0.9999994039535522,2.677886579149913e-09,1.2406748517435062e-08,1.0563183217016103e-08,3.667821246722269e-08
window-d1b88caead14e69f10c6,429_60377_117017,toilet,toilet,0.9999995231628418,True,2.9445352822676796e-09,9.710829473874583e-09,2.3847575025826018e-09,2.188177106177136e-08,1.047763764638887e-09,1.476626731999886e-08,3.381042779082577e-09,9.063010786292125e-09,7.123717438162203e-08,4.557950461503424e-09,3.1378808440507555e-09,5.129178859419881e-09,3.055904418403088e-09,1.4761669664409283e-09,4.276215381793236e-09,1.295179252736034e-08,1.2621522671452112e-07,7.816847613639766e-08,1.1654633924607083e-09,6.101573468697552e-09,1.4664495395777521e-08,0.9999995231628418,2.5391471147884204e-09,1.0126693261724995e-08,7.646318245235761e-09,2.3190800391148514e-08
window-06b2d0156a18cac33cf0,429_60377_117017,toilet,toilet,0.9999996423721313,True,2.508570018378009e-09,3.4226990131003276e-09,1.7769603566364367e-09,1.9468364698127516e-08,6.368551241919818e-10,8.492827774375655e-09,2.6169417743915346e-09,7.588913497613703e-09,5.14009208529842e-08,4.389336893950713e-09,1.1658704002215359e-09,4.677748410841787e-09,2.0371631048732297e-09,8.007707830159916e-10,3.2213072209685834e-09,5.392781332602681e-09,1.7322071244052495e-07,6.971011856649056e-08,5.029394123390318e-10,5.316074691563699e-09,8.677761620390356e-09,0.9999996423721313,1.9362369485520503e-09,8.523596051190907e-09,6.891922588181387e-09,1.3866123360628535e-08
window-6495dc9a780f1d445af1,431_60914_118495,toilet,toilet,0.9999994039535522,True,3.814205395968884e-09,4.21049080046032e-08,2.2631156948449416e-09,8.838640042085899e-09,8.221043290568275e-10,3.061582276586705e-08,6.55210330435807e-09,6.4023990553607746e-09,1.415357644418691e-07,6.409595965095605e-09,9.521587962524336e-09,2.303134571945975e-09,7.192523465704426e-09,2.6768396388376914e-09,5.3640256680864695e-09,1.7622582504372986e-08,8.712758159390432e-08,4.87596167886295e-08,8.418536423526746e-10,3.367270018372892e-09,2.783638919368059e-08,0.9999994039535522,5.183081075443852e-09,6.7186340935165845e-09,8.67544258653652e-09,1.0765778313270857e-07
window-19e6c19f6e6e7fd61d4e,431_60914_118495,toilet,toilet,0.9999995231628418,True,5.573068229125511e-09,5.377951239893264e-08,3.1971285618936918e-09,1.5265657182794712e-08,1.2124103943023101e-09,1.920356496043496e-08,8.932139472506151e-09,6.179717626508818e-09,4.4325741299644505e-08,4.446755852427486e-09,1.2176252894846584e-08,1.6052089657492274e-09,4.326432545553871e-09,4.081919247056476e-09,5.170916139718429e-09,2.5257540059442363e-08,9.560227454130654e-08,3.324533892623549e-08,9.61616009043098e-10,4.052085333938749e-09,1.541434890839355e-08,0.9999995231628418,2.8213915648223065e-09,4.806420594860583e-09,6.7881926746338195e-09,8.827845476844232e-08
window-3fdd4070850d0268ce47,431_60914_118495,toilet,toilet,0.9999992847442627,True,1.394930659870397e-08,1.7384248707230654e-08,1.0492280821949862e-08,2.293591983004717e-08,1.1103399311096496e-09,3.67135548628994e-08,4.6831836186811415e-09,8.314701815947956e-09,7.395055234837855e-08,7.860487016841944e-08,5.985543172215557e-09,7.094545395602836e-09,4.028442024406331e-09,9.020842739460022e-09,1.6161120441893218e-08,3.2626566337512486e-08,1.5060956570778217e-07,7.073605701179986e-08,7.099905996454936e-09,1.3542740262550979e-08,5.11638056366337e-08,0.9999992847442627,6.505442851079124e-09,1.522535164610872e-08,1.4224866617951193e-08,2.0049299109814456e-08
window-d992e2866fb011e47e70,431_60914_118495,toilet,toilet,0.9999998807907104,True,7.920034628128292e-10,6.670269669939444e-09,3.3200769911090333e-10,3.3513045671895725e-09,8.311511895398027e-11,4.6358001881685595e-09,4.1866404787427314e-10,6.450571743421563e-10,4.3099309010585785e-08,2.709092283836867e-09,3.402560899701257e-09,3.6024383476274124e-10,9.489369290349714e-10,4.052061464143719e-10,1.4708387841011472e-09,1.7078796155090004e-09,2.2595552096049687e-08,1.2823019091001697e-08,2.091543327420453e-10,7.310834715390513e-10,9.323884775369606e-09,0.9999998807907104,7.185104733409275e-10,2.5892430421947665e-09,1.2791452341787135e-09,5.599675834133677e-09
window-71ba524e0df5f45505d4,564_81534_160286,toilet,toilet,1.0,True,4.110898566000998e-10,3.3957796574668464e-09,1.780172675935887e-10,9.888561081083935e-10,2.1001089756111924e-11,1.6005595737667022e-09,1.665086124535975e-10,6.425251997121961e-10,2.0875800643693765e-08,1.6228958177322284e-09,2.0351405005669676e-09,1.426172790974789e-10,1.9610867096897522e-10,1.6463247431985906e-10,1.0344026746267332e-09,1.4707632889354727e-09,6.30363627962538e-09,4.221403226978282e-09,3.6112293710921506e-11,1.7585172207290611e-10,3.2923135329099296e-09,1.0,8.21391288319262e-11,2.2345847394689144e-09,2.968155998761546e-10,3.1240396936027537e-09
window-a5d32c22a807c05ea5a3,564_81534_160286,toilet,toilet,0.9999998807907104,True,1.0834493302525061e-09,3.1761120400375376e-09,3.5353764360479545e-10,3.6403680070407063e-09,3.058118341892069e-11,1.8685970548659725e-09,2.4896409933639063e-10,2.1183512721734132e-09,3.224690559022747e-08,2.2105737240707413e-09,3.768756418054409e-09,2.285329009366066e-10,7.91873566718948e-10,3.4280492333671475e-10,1.7887162861995876e-09,9.958706082002777e-10,2.7876675190441347e-08,1.4532379744025548e-08,6.262296931014433e-11,3.238136148109305e-10,7.498456078280924e-09,0.9999998807907104,3.153245720088904e-10,1.7277874686527639e-09,7.674925694978185e-10,6.441461253281489e-10
window-93ba6f81e14b6e55e84d,564_81534_160286,toilet,toilet,0.9999997615814209,True,4.0573993054238144e-09,6.2780292076070054e-09,9.536834655321513e-10,9.117768762223477e-09,6.828274057291139e-11,2.6695290422651397e-09,3.9304196008949077e-10,6.320357126554654e-09,6.41400461631747e-08,6.172898192602361e-09,9.702888270624044e-09,4.79296213828917e-10,4.6745025628069925e-09,6.911534677911391e-10,3.234698953136217e-09,2.366677964715791e-09,1.4484071186871006e-07,4.409209708455819e-08,1.333992083463187e-10,5.324596874523024e-10,2.1892629931130614e-08,0.9999997615814209,1.16713205766672e-09,2.3008170924043725e-09,1.0412356532540912e-09,4.846112955370074e-10
window-6523510c7ccf5f2c49ee,564_81534_160286,toilet,toilet,0.9999998807907104,True,1.2659994164110344e-09,4.515818829986529e-09,4.716054213815823e-10,1.978731622997998e-09,4.1265293265757563e-11,3.5764724515274793e-09,2.1250354254043202e-10,1.3178957924964152e-09,3.2758219248307796e-08,1.913968095124119e-09,3.741154053216178e-09,5.453300033764208e-10,6.761172177682795e-10,8.959968322841405e-10,1.5858879764962808e-09,4.8522479367818505e-09,4.162947675467876e-08,1.6013327552855117e-08,1.3115032670985016e-10,3.327031150579529e-10,7.261628187649194e-09,0.9999998807907104,8.24301293889107e-10,2.100154938844412e-09,9.358961383654218e-10,9.5053287463287e-10
window-b45cd18c8ab01c2a9a0e,590_88813_174935,toilet,toilet,0.9999994039535522,True,2.9825417691142775e-09,2.1813347572674502e-08,3.024412054131176e-09,3.204364418252226e-08,7.436732896159981e-10,1.6681289238817953e-08,2.909691598773634e-09,1.1425163037870334e-08,2.3682308381012263e-07,4.8249191308968875e-09,1.270634442107621e-08,5.2348632095799985e-09,3.5995126879129202e-09,4.741118608819761e-09,3.0493365610340106e-09,1.704092156273873e-08,5.8283198711706063e-08,7.22840809430636e-08,1.5165697586638771e-09,6.376903449734073e-09,1.8827931214104865e-08,0.9999994039535522,2.8186479816838528e-09,1.4460318276121598e-08,7.81333930888195e-09,4.3419841944114523e-08
window-ba16854977f8c700c0ff,590_88813_174935,toilet,toilet,0.9999998807907104,True,8.662742745357832e-10,3.6359546484732164e-09,4.336080938749376e-10,2.1030732710869415e-09,8.031705855948701e-11,3.19273585347446e-09,4.900143069086482e-10,1.7060759471831943e-09,3.683464200321396e-08,6.235150173949933e-10,3.4500313716989695e-09,3.6911329548416916e-10,3.046946861484656e-10,3.401028070282308e-10,1.1668895849581418e-09,1.8145952518366926e-09,4.0291610048370785e-08,1.0083619272904798e-08,3.552125538153206e-10,9.736867978560326e-10,8.148164809540503e-09,0.9999998807907104,2.429047796237427e-10,2.3034298912705253e-09,1.425289442025246e-09,1.335060062501725e-08
window-a58e230934259a62d592,590_88813_174935,toilet,toilet,0.9999979734420776,True,1.668432147994281e-08,2.8150886066669045e-08,1.2592112241804898e-08,5.18556788620117e-08,4.62484006646946e-09,4.998519997911899e-08,5.76967629228875e-09,3.931406311608043e-08,4.69241882683491e-07,5.072144304563153e-08,1.7231808868700682e-08,2.5205958209539858e-08,8.109805271772075e-09,3.5661049668789246e-09,2.4996451131187314e-08,1.6570751881772594e-08,5.298593919178529e-07,3.013257696693472e-07,1.2577086927478831e-08,4.0497013742424315e-08,6.394265739118055e-08,0.9999979734420776,6.479218939148268e-09,5.463456176357795e-08,4.7678206271939416e-08,1.6523543422408693e-07
window-39f6fbeabf25798812f7,590_88813_174935,toilet,toilet,0.9999998807907104,True,1.3500909279429152e-09,3.802802517327564e-09,7.375556276834061e-10,4.634739259046228e-09,1.5805061426288347e-10,5.1016373348033994e-09,6.582516753894652e-10,3.0133175954460967e-09,4.34887397204875e-08,1.1981579062236847e-09,2.7229913879267542e-09,9.96706717160123e-10,6.509936478771294e-10,6.979627986680725e-10,1.626049850322886e-09,3.9939243023923154e-09,4.705564293772113e-08,2.8608763358306533e-08,4.122959196273257e-10,1.8474367591281293e-09,8.450188104802692e-09,0.9999998807907104,5.787948453850333e-10,4.040317413966932e-09,2.7198145957640918e-09,1.740768418301286e-08
window-d8e9434fba792d0a41ea,605_94531_187737,toilet,toilet,0.999998927116394,True,5.608809861001873e-09,7.031110271782381e-08,5.757797794103681e-09,2.436574497721722e-08,1.3113306884804388e-08,2.704279467025117e-08,7.70787167425624e-09,1.5466614655679223e-08,4.776497348757403e-07,2.007167410056354e-08,1.0685350382289016e-08,1.4182300667187064e-08,1.0902149405467298e-08,2.6062700886342327e-09,8.799307948947899e-09,2.301250745517791e-08,1.0810342132572259e-07,7.319611938783055e-08,1.2328137399819639e-09,8.357150527160684e-09,2.196111914543053e-08,0.999998927116394,3.201204279434933e-08,1.8232190868161524e-08,1.8651638455935426e-08,3.628374045661076e-08
window-6fddb2454feeb8426dc1,605_94531_187737,toilet,toilet,0.9999996423721313,True,2.3882944510944526e-09,1.2083341438540174e-08,1.6822992998655195e-09,1.0279948448044252e-08,2.401701948429036e-09,1.656436587893495e-08,1.1610903349890123e-09,4.275082954308118e-09,1.2834780704906734e-07,1.0913954184843533e-08,2.964410938943729e-09,5.862624607999578e-09,1.9191694899944878e-09,1.4150393079503942e-09,2.9113298438687707e-09,5.855316231873076e-09,8.730842893100998e-08,3.2122283499802506e-08,5.446427198130266e-10,1.4032456308044061e-09,6.63396848565867e-09,0.9999996423721313,2.224942452500045e-09,1.2046935893295085e-08,5.494039001519013e-09,1.332998778025285e-08
window-3d7af661ff81ba71795f,605_94531_187737,toilet,toilet,0.9999998807907104,True,8.959216701853734e-10,7.304092886073477e-09,1.4896959221744055e-09,1.1298675772764e-08,9.099505038356881e-10,9.429222735946041e-09,5.087137378012585e-10,2.626187933785218e-09,6.311374534107017e-08,5.1314610338693e-09,2.546617361431913e-09,5.755486309766411e-09,1.2169610874579462e-09,1.4416310367693086e-09,1.5269527864347765e-09,5.7346336568286915e-09,1.890761502920668e-08,2.3999726650458797e-08,4.2674480615900734e-10,9.989773452900863e-10,4.5984869245785376e-09,0.9999998807907104,1.338304911335797e-09,4.209101955865435e-09,3.477800047946289e-09,4.6726138513975e-09
window-e1303be33427dc406352,605_94531_187737,toilet,toilet,0.999966025352478,True,3.381757096576621e-08,6.101244309775211e-08,6.06106596023892e-08,7.699173693254124e-06,2.388571829214925e-07,2.4035301748881466e-07,5.435084204918894e-08,1.0996986077316251e-07,1.3945725186204072e-05,3.8210996535781305e-06,4.5011702809460985e-08,7.942799129523337e-08,1.66200209150702e-07,1.3185885272548603e-08,5.834201033394493e-07,7.243072275286977e-08,3.838184511550935e-06,1.7013820752254105e-06,2.2921424758237663e-08,2.3309968355533783e-07,1.6902802713048004e-07,0.999966025352478,1.4435579487326322e-07,4.849123342864914e-07,1.6014030279620783e-07,2.724864245351455e-08
window-bd53011994515c982f5b,621_101751_202372,toilet,toilet,0.999998927116394,True,5.515464529537439e-09,2.0614042028910262e-08,8.496273018465672e-09,1.4367230960488087e-07,1.9423795905026964e-09,2.0747087603467662e-08,2.2697687285244683e-08,1.200202159878927e-08,2.0613795470580953e-07,1.6886739118149308e-08,8.927041328377072e-09,8.654367000815455e-09,1.0122515270438726e-08,5.384288126464298e-09,8.446071397827382e-09,2.549926136907743e-08,2.8646562100220763e-07,1.5678469367230718e-07,1.8305530424811423e-09,1.1660214127573454e-08,3.550364624516078e-08,0.999998927116394,5.659132717994453e-09,3.6005015857654143e-08,1.726617249175888e-08,7.180776151471946e-08
window-ee74ed483284b3571090,621_101751_202372,toilet,toilet,0.9999983310699463,True,1.1741331462644666e-08,6.04752017352439e-08,1.0881223033720744e-08,1.1337791505638961e-07,4.1124623706423336e-09,4.648234863680045e-08,3.340025145348591e-08,3.471672727073383e-08,2.1738384248237708e-07,1.0409605621930496e-08,1.3009539223673983e-08,1.8080017483157462e-08,1.744385258461989e-08,8.490808056649257e-09,1.2403753579803833e-08,4.375700157766005e-08,5.580114361691813e-07,2.753409091837966e-07,4.8932458085459984e-09,1.845001662559298e-08,4.8424979581795924e-08,0.9999983310699463,1.0002956685184472e-08,4.356338934030646e-08,4.0993622718588085e-08,1.2172111496511206e-07
window-48bc557c93dfebccbc98,621_101751_202372,toilet,toilet,0.9999984502792358,True,8.851555044486759e-09,8.035337373257789e-08,8.261894279826265e-09,1.1531965782296538e-07,4.229238292907667e-09,4.9559357506723245e-08,2.9604253271031666e-08,2.8446574873441932e-08,2.0094446995244652e-07,1.0395421412567885e-08,2.812744526181632e-08,1.996129306292005e-08,1.3443004931446012e-08,1.4988176033625678e-08,1.5726989488484833e-08,8.580600052709997e-08,2.5249337909372116e-07,2.4722913849473116e-07,4.2526964172395765e-09,1.6139175329499267e-08,5.292064386708262e-08,0.9999984502792358,7.464568518855685e-09,2.6413715659145964e-08,3.8289563519811054e-08,1.8102301169165003e-07
window-dab83ef597b0a15d94d6,621_101751_202372,toilet,toilet,0.999997615814209,True,1.6825758564209536e-08,1.0924308924131765e-07,4.1554000240751066e-09,2.3434121487753146e-07,2.5757602717391137e-09,5.784906065287032e-08,2.759138695296315e-08,1.8337001250756657e-08,4.249093024100148e-07,5.417991388867449e-08,2.0113075649419443e-08,1.6075475173238374e-08,2.518418007468881e-08,1.1719239800811465e-08,4.636295969362436e-08,6.56291376799345e-08,5.156074394108145e-07,3.2687637485651067e-07,2.1240631475905047e-09,8.429660525166582e-09,5.4568307206182e-08,0.999997615814209,4.475891657307329e-09,3.2765893109854005e-08,2.130792076115995e-08,2.472477547144081e-07
window-322bc4a8640480222ff0,104_12353_22041,toyplane,toyplane,0.999998927116394,True,6.723951173626119e-09,5.024486426918884e-08,2.3075196509125817e-07,1.7310829036887299e-07,5.1482591523210885e-09,7.72463515374966e-09,4.710125622864325e-10,3.895668676534569e-09,1.2492392009733067e-08,2.754425665330018e-08,2.8013365849233196e-08,3.4539573978698e-10,2.9533151035820993e-08,4.575789347427417e-08,4.0238653298274585e-08,2.020498657273606e-09,1.2309159025392091e-08,1.6185988727102085e-07,3.001854764761447e-08,9.8648051505279e-08,2.469850546304997e-09,5.5435185331020875e-09,0.999998927116394,6.901458959873707e-08,2.5713213780420574e-09,5.5127955533862405e-08
window-0c75d5777eab3799596f,104_12353_22041,toyplane,toyplane,0.9999973773956299,True,3.608629484119774e-08,6.328789936560497e-08,5.812098038404656e-07,3.716253331731423e-07,6.467796964670924e-08,1.4484580646012546e-08,3.176279683714256e-09,2.1050112763987272e-08,4.9400568968849257e-08,4.268540365615081e-08,5.454363360968273e-08,2.2002401289800133e-10,1.2149266126471048e-07,1.31411113102331e-07,1.013486965462107e-07,5.433013150479837e-09,9.276910617472822e-08,1.3072624938104127e-07,5.975029893079409e-08,3.86999374768493e-07,8.742299328901026e-09,1.5312778600673482e-08,0.9999973773956299,1.9065979017796053e-07,1.3267001719441396e-08,6.242684946755617e-08
window-55eaacad7e650e88b120,104_12353_22041,toyplane,toyplane,1.0,True,4.613177895240739e-12,2.4730785995463744e-12,6.851785111505748e-11,2.3680083935384566e-11,7.28642493563747e-12,2.0103263671800153e-12,3.0620902406568173e-13,1.8021877046248136e-10,2.3031247048388437e-11,5.644836161000644e-12,5.710289185945072e-11,5.677875162223012e-13,1.0974608027902732e-10,3.869472298134724e-09,4.0273111234778725e-11,6.207543160052786e-12,1.737415766811523e-11,1.660705253869743e-11,5.048680223884716e-12,3.3945783683986264e-11,2.5585479915268827e-11,1.5649750375809623e-12,1.0,4.413545917625328e-11,2.3477378895131462e-12,2.567531907568532e-12
window-4de7f3b076f72935a14f,104_12353_22041,toyplane,toyplane,0.9999966621398926,True,2.0582524129508784e-08,8.886186719792022e-08,2.923619319972204e-07,1.6692878261892474e-06,1.6320919726808825e-08,2.1694122054327636e-08,2.015901889862448e-09,1.0616822976317053e-08,4.2090981366982305e-08,3.7686888276766695e-08,5.6072597232059707e-08,1.849884134763613e-10,1.0005197026430324e-07,2.6036074629587347e-08,6.05944876497233e-08,1.5674576081536884e-09,5.8763806265460516e-08,3.0145068308229384e-07,5.850736073398366e-08,1.6020921123072185e-07,2.7443600725263195e-09,9.874642437068815e-09,0.9999966621398926,2.907101475102536e-07,8.674160945076892e-09,2.3332043852519746e-08
window-f4f0eb6c15514fa2b3a9,399_51164_100417,toyplane,toyplane,0.9999998807907104,True,1.2608394883706353e-10,4.458883262614677e-10,6.957169063070978e-09,3.0877669310314104e-09,4.2787359766371935e-10,2.331691090207144e-11,4.0445927856902486e-11,2.4444424262526354e-09,2.1735888644514034e-09,1.702898794198049e-10,1.8367206644498424e-09,1.3351664218674841e-09,1.3922388575338118e-08,9.514897669760103e-08,6.507217542583987e-10,1.1205014693871362e-09,1.130781135394443e-09,3.5226499495166763e-09,4.180123802655089e-09,5.962302207507264e-09,1.5767701588842442e-09,2.5910101841830624e-10,0.9999998807907104,2.7802162794188234e-09,2.617016048311882e-10,2.6220622895145596e-10
window-0db6b9e781e144e2fd84,399_51164_100417,toyplane,toyplane,1.0,True,5.715208037729291e-13,9.682443648934003e-13,8.773194844213794e-12,1.9840160330603096e-12,9.225175961677379e-13,1.3679451993896252e-13,6.660150404270981e-13,4.150779372991131e-11,1.0578250515119736e-12,2.1928270831084173e-13,8.938419449044943e-12,3.1243193795993385e-13,6.1875777938869e-12,6.213733416693401e-10,5.3088644591525735e-12,6.565554306822707e-13,2.6971218227561655e-12,2.2807124244739185e-11,1.0410912583413978e-12,5.548847405861812e-12,1.227568936258694e-12,7.923857696292419e-14,1.0,9.860192523580835e-11,1.5880340391207642e-13,4.594883501463087e-13
window-537c5b8f22ed9c5ad645,399_51164_100417,toyplane,toyplane,0.9999998807907104,True,1.2258590843805539e-11,7.915137989478183e-11,1.6921826162530351e-09,6.014041709079265e-09,1.4336783149548893e-10,2.342066644789309e-12,1.2023798840257727e-12,2.121408160249416e-09,1.7801078666668246e-10,6.647816845617438e-12,2.3455917763648415e-10,2.2939497523744024e-10,7.031525361966828e-10,4.980704559898186e-08,6.705355021230375e-11,3.016432936764346e-10,7.417339659143707e-11,1.9455728694772745e-10,2.134701082567858e-09,9.420085822497981e-10,2.2087434659034955e-10,7.022792937461109e-12,0.9999998807907104,2.7192167961764824e-10,1.6755060880391248e-11,5.448722376066861e-11
window-548d10577f710b26a9c2,399_51164_100417,toyplane,toyplane,0.9999998807907104,True,3.460784089859281e-11,1.2783445135777782e-10,2.9110196475556904e-09,1.396048721069576e-09,1.0450054710453571e-10,7.100562759293494e-12,1.0457507255978715e-11,3.629282208095219e-09,2.629404471932162e-10,5.334699001990906e-11,7.191960360586336e-10,2.4561952471913173e-10,2.4698154632574187e-09,8.932045858500715e-08,9.419613006267369e-11,2.36141967091541e-10,9.649744892037404e-11,7.027154413918879e-10,2.163925927334276e-09,1.3114839214622975e-09,1.302407626191382e-09,2.9076595298160868e-11,0.9999998807907104,1.2913581315388e-09,9.266697131860013e-11,1.6885989134740598e-11
window-2f35dd8684349dd9e1fc,614_98688_198492,toyplane,toytruck,0.9987050294876099,False,7.995866440069221e-07,1.0478855983819813e-05,5.471571967063937e-06,4.049017297802493e-05,0.0002065917942672968,1.3191362313591526e-07,8.634654477646109e-06,1.6120254713314353e-06,4.077699031768134e-06,1.8792661649058573e-06,2.2669672034680843e-05,8.350047551175521e-07,3.746715447050519e-05,8.727330396141042e-07,1.926163122334401e-06,2.5120382929344487e-07,3.9274491427931935e-05,9.92014156508958e-06,1.025511437546811e-06,3.740774263860658e-05,1.0213077530352166e-06,7.707665645284578e-06,0.0008407937712036073,0.9987050294876099,2.9665720830962528e-06,1.0676039892132394e-05
window-25ed845a16b7cf0dd3e2,614_98688_198492,toyplane,toytruck,0.9989064931869507,False,5.640123958983168e-07,1.0674477380234748e-05,3.81140898753074e-06,1.1235821148147807e-05,0.00013796717394143343,8.223885572533618e-08,5.992266324028606e-06,9.597332564226235e-07,2.685407935132389e-06,1.2950611107953591e-06,8.861774404067546e-06,8.362276275875047e-07,1.4972674762248062e-05,1.1938674333578092e-06,2.195380830016802e-06,2.432048518130614e-07,1.3694175322598312e-05,9.02981173567241e-06,8.11426104974089e-07,2.3631555450265296e-05,1.1611519994403352e-06,3.7286536098690704e-06,0.00082976563135162,0.9989064931869507,2.0705122096842388e-06,6.071615189284785e-06
window-929afe18f1b189f89d30,614_98688_198492,toyplane,toytruck,0.9979127049446106,False,8.167055511876242e-07,1.9239771063439548e-05,6.516193025163375e-06,2.5111394279520027e-05,0.0001651807251619175,1.3040659041507752e-07,9.041525117936544e-06,1.1920225233552628e-06,3.0573128242394887e-06,1.9322212665429106e-06,2.469366336299572e-05,9.370132261210529e-07,2.0405122995725833e-05,1.5529254824286909e-06,3.2315904263668926e-06,4.755902978104132e-07,1.9465820514597e-05,1.0779839612951037e-05,1.4076755405767472e-06,2.923121974163223e-05,1.6564372344873846e-06,4.556599378702231e-06,0.0017170117935165763,0.9979127049446106,2.8897459287691163e-06,1.674904160609003e-05
window-b9efb91f0eb09438d663,614_98688_198492,toyplane,toytruck,0.999388575553894,False,1.718330508992949e-07,3.5558232411858626e-06,1.855462528510543e-06,7.140764409996336e-06,4.7411838750122115e-05,2.2485250994463968e-08,1.038944787978835e-06,3.117149560694088e-07,5.836322998220567e-07,4.1434302033849235e-07,3.6256512885302072e-06,2.2694187862271065e-07,3.821799964498496e-06,2.7529139856596885e-07,6.261281555453024e-07,7.911201294064085e-08,7.698141416767612e-06,3.1501285775448196e-06,2.711542208544415e-07,1.0932189979939722e-05,1.8340371354952367e-07,9.430695513401588e-07,0.0005146273178979754,0.999388575553894,8.80404172676208e-07,1.528471557321609e-06
window-0b24ca0c1bba683f6e55,372_40936_81490,toytruck,toytruck,1.0,True,5.1806770678952674e-11,1.295605983608894e-10,3.197893772705074e-12,2.854236846872027e-09,2.098729634525398e-09,3.987494362478472e-12,1.09986852958599e-10,2.900663910454515e-11,1.0166972153058396e-08,1.2819174610712025e-09,7.469985047192651e-11,7.76943717695211e-11,4.521061042900287e-12,5.126989869978782e-13,2.371711438353685e-10,3.4606373756213005e-12,4.1570485942443725e-10,6.35031405238351e-09,1.6161826044136518e-10,5.732094798815979e-10,3.1624900614923845e-11,5.606607192398805e-11,3.130782033622381e-08,1.0,3.747028382017348e-11,8.797765294055182e-11
window-97bb6630579a4ec62ca8,372_40936_81490,toytruck,toytruck,0.9999973773956299,True,7.533382806457212e-10,1.6488163057104543e-09,1.7735862778422984e-10,3.9457976441781284e-08,2.1804483552045895e-08,1.5958936949722613e-10,6.698515075953537e-10,2.647655983345487e-10,1.8471979501555325e-07,4.358653526992384e-08,4.796428143549747e-09,1.587145137538215e-10,1.6890012999315474e-10,4.993209404974275e-12,4.362759931098026e-09,8.474175527961592e-11,7.927969392085288e-09,9.936738365468045e-08,3.269014836604356e-09,3.498230682907888e-08,1.3933079134886839e-09,3.4426146378052636e-09,2.134931037289789e-06,0.9999973773956299,4.0389589450740004e-09,2.63693267221754e-09
window-cd296299fc7e0c80718e,372_40936_81490,toytruck,toytruck,0.999985933303833,True,1.921245385005932e-09,3.6783909251880686e-09,4.630598404720132e-10,5.354446663830004e-09,3.4839942486541986e-08,4.1563794073162796e-10,2.338350402197875e-09,4.486110372070584e-10,2.747916028056352e-07,9.581839321981533e-08,1.6362479371423433e-08,2.2529028642637172e-10,5.217697385262454e-09,3.299983897253611e-11,5.832653471316007e-09,5.570811034694145e-10,1.989159503779092e-09,7.169269622409047e-08,2.23175500302375e-09,4.829365352065906e-09,4.848035750626423e-09,3.0283020535648575e-09,1.3610502719529904e-05,0.999985933303833,7.675671653828431e-09,1.431639695681497e-09
window-aac758fe63b6a027de35,372_40936_81490,toytruck,toytruck,0.9999226331710815,True,1.2654139958101496e-09,1.0792902127576554e-09,8.60812948699774e-11,8.3018951713143e-09,1.307021477714443e-07,3.104148882382418e-10,7.389070688645916e-09,4.877256376545347e-10,6.4591034742989e-08,1.1919238573909752e-07,2.347846583816704e-09,7.884050634565654e-10,4.644991502544826e-09,1.4729132843949166e-11,2.5105894252419603e-08,7.215751884892541e-10,1.3541049392884474e-09,1.45748160207404e-07,3.2327718280100726e-09,3.141687798802195e-09,4.285055421604511e-09,1.161120533055282e-09,7.684232696192339e-05,0.9999226331710815,1.3911166663049812e-09,5.7145377319045565e-09
window-6d80d3ade9b762bbed50,375_42459_85038,toytruck,toytruck,0.9999216794967651,True,9.551044399813691e-08,7.696894499531481e-08,5.423470117449369e-09,4.24852082403504e-08,5.567800442918269e-09,2.8596106815825806e-08,5.339002839832574e-08,1.4477711474114585e-08,6.629094855270523e-07,2.5780234835792726e-08,6.108574535090838e-09,2.088741837269481e-07,1.1253961318402617e-08,1.9124281891436112e-07,7.699433979269088e-08,1.4109136081685847e-09,6.730774515517624e-08,1.8476739569450729e-06,8.647976557085713e-08,1.4434450079647831e-08,7.386513178886389e-09,1.4644376378214474e-08,7.474831363651901e-05,0.9999216794967651,8.535913309515308e-09,4.7769049160706345e-08
window-44cc5c1b719d0c151930,375_42459_85038,toytruck,toytruck,0.9990018010139465,True,8.248396170529304e-07,5.731325813940202e-07,1.2429201490249397e-07,4.191732614344801e-07,4.416000081164384e-07,2.463708312916424e-07,6.060112127670436e-07,2.721018290685606e-07,0.00023135561787057668,1.117963734031946e-06,4.133788422677753e-07,1.8210104144600336e-06,7.233931569317065e-07,4.3593189502644236e-07,1.2356840670690872e-06,3.0971730069495607e-08,2.8639719857892487e-06,1.91461258509662e-05,2.62825619756768e-06,7.40906784812978e-07,1.0330662689739256e-06,1.0080339052365161e-06,0.0007294010720215738,0.9990018010139465,4.3143904804310296e-07,1.6411586045705917e-07
window-8f3674ccdd85312e153c,375_42459_85038,toytruck,toytruck,0.9993003606796265,True,1.296599378974861e-07,5.305362904550748e-08,6.215657766261984e-09,6.191864798665847e-08,3.9065977119889794e-08,1.384910852664234e-08,1.9288190600263988e-08,1.2637397794890148e-08,4.146470018895343e-06,5.190496921159138e-08,1.9196289002820777e-08,3.2724429388508725e-07,7.870965390566198e-08,5.741018682670074e-08,2.1203123878876795e-07,3.578970675377491e-09,4.409404397165417e-08,2.116129962814739e-06,1.6762848531470809e-07,1.7347463909800354e-08,1.7499635518447576e-08,1.6206264774609735e-08,0.0006919722654856741,0.9993003606796265,1.3590259584361775e-08,4.7775802869409745e-08
window-9e44c8097045c4603668,375_42459_85038,toytruck,toytruck,0.9978294968605042,True,1.440804737740109e-07,1.0592102483997223e-07,8.17956991028268e-09,6.675490027419073e-08,2.6220842386237564e-08,2.3868338416832557e-08,1.622197345341192e-07,2.4811905419142022e-08,6.148943612060975e-07,1.915616536507514e-07,9.107859355594883e-09,1.898113310971894e-07,7.430517712236906e-08,9.981876303299941e-08,2.544099402257416e-07,2.108954255675144e-08,5.184715945460994e-08,1.0883603636102634e-06,4.0465884865170665e-08,4.848187984407559e-08,1.0718527398978495e-08,3.211137666880859e-08,0.0021672083530575037,0.9978294968605042,1.5784285878339688e-08,3.743817700296859e-08
window-0b225b826870238bc685,380_45013_90081,toytruck,toytruck,1.0,True,7.76895908716213e-12,2.3104693158693124e-10,2.6483887999306788e-11,4.4175191504791655e-08,3.3262999993288744e-11,2.276211163998454e-10,8.124626839356441e-12,4.8354382997661816e-11,8.010536678426661e-10,1.1022442958363854e-09,2.458698522556091e-10,2.113067013032044e-11,9.527713904292079e-13,1.779061793716341e-11,4.769890038502922e-10,1.5651182606879477e-12,4.228436212283526e-10,1.6791998902476735e-09,6.285440917741525e-11,8.397761597223052e-09,4.030413589678483e-12,3.3531255549945627e-10,9.892697327984479e-09,1.0,1.5706702605200462e-10,1.1472223171438145e-09
window-980e54b66a6ab059ff69,380_45013_90081,toytruck,toytruck,1.0,True,2.3102641761446607e-12,6.463500568099079e-11,2.3597348033921328e-11,1.3413103960857597e-09,2.5251842283857684e-10,2.8573168137091542e-11,4.359370937151441e-12,4.672707359931749e-11,3.872482612354844e-10,9.776940146366542e-09,1.1505261326982819e-10,2.6951690879073453e-11,4.2873100902784955e-12,1.5722430302123058e-11,4.526421598649577e-11,2.454249477257253e-12,1.1726410120704855e-10,2.528172116100791e-10,1.1699863300407287e-11,2.3368273982526944e-09,2.4427751488254046e-12,1.1944244204808996e-10,1.4577521412206806e-08,1.0,1.4710795082084616e-10,5.76698966359146e-10
window-3ea7a6019e82a540b49a,380_45013_90081,toytruck,toytruck,1.0,True,1.0880291459458569e-11,1.1372197628034542e-10,1.625592542520149e-11,3.9692868436524975e-10,4.256628660659345e-10,1.2477788767506492e-11,3.0218216817701204e-11,3.334608977834108e-11,1.2558742934487555e-09,1.95162486171796e-09,2.1972264285796683e-10,1.969884325103699e-11,1.6641740069323063e-11,9.345324861187443e-12,6.691570214600873e-11,2.882247825825024e-12,1.1196613775021902e-10,8.152110098080811e-10,2.0367887931804773e-11,8.065930146017308e-10,7.248292244188548e-12,1.4282279525712482e-10,7.1828627490333474e-09,1.0,1.545187172657947e-10,2.342355198692303e-10
window-e582905ca769f51e865e,380_45013_90081,toytruck,toytruck,1.0,True,2.881857513042929e-12,9.442838178053137e-11,7.478491784174146e-12,1.575372610140846e-09,3.312460028492836e-11,2.6467021282949865e-11,3.6155002602900055e-12,1.2397487550441788e-11,3.4879826804612435e-10,3.493284106426131e-09,1.5333906366876704e-10,2.1792771580375625e-12,9.03962126506952e-13,1.1512537884811325e-12,3.801551434756689e-11,8.43760987728065e-13,2.2571269506221903e-11,3.355889455214367e-10,7.560947527796014e-12,1.4475000087443846e-09,2.7652827944146807e-12,1.9484475144437852e-10,8.593433520331928e-09,1.0,6.995111434537904e-11,4.333566144820722e-11
window-aa5fc13102f643fcfd0f,385_45397_90766,toytruck,toytruck,0.9999920129776001,True,7.138826418895405e-09,1.1848482728282761e-07,5.6504436685145265e-09,6.007127808516088e-07,9.706872816650503e-08,3.0365004732857415e-08,1.4480554000328993e-06,7.735639684369744e-09,9.836197278900727e-08,2.0690711153292796e-06,9.236993037120556e-08,5.1732278905092244e-08,2.6691417964741504e-09,4.0475690354924154e-08,1.3212258842543179e-08,2.9617504893053592e-08,3.953369898113124e-08,1.828738049880485e-07,5.7778052564572135e-08,1.0186247578758412e-07,2.1305524455783598e-08,4.2620172280294355e-08,2.8817994461860508e-06,0.9999920129776001,8.042595922574947e-09,4.082147597728181e-08
window-4d8ed42a3d5a14d6c361,385_45397_90766,toytruck,toytruck,0.9999955892562866,True,2.3870099230549613e-09,4.285980903517839e-09,5.947962122831996e-10,1.4737894238336935e-09,9.335357376016873e-09,8.904343928861636e-09,2.2192966753209475e-07,1.276444172582103e-09,3.702155737528301e-08,5.582504680745615e-09,1.8344380237067526e-08,4.34997898812739e-10,1.7133373608757552e-09,5.728279628414157e-09,5.7064371006276815e-09,6.968866372858429e-09,2.8227098436417464e-09,2.4474607229763023e-08,2.0900796648959385e-09,3.0923037463992387e-09,6.927673434908854e-10,8.208727586556108e-10,4.1198686631105375e-06,0.9999955892562866,8.762629510883357e-10,1.1158174384462427e-09
window-afd4c288c406c81f74f1,385_45397_90766,toytruck,toytruck,0.9999432563781738,True,6.280683351178595e-08,6.199853146426904e-07,8.982638632915041e-08,2.0404986571520567e-06,7.378041004812985e-07,3.578866483167076e-07,2.6090137907885946e-06,1.91690659789856e-07,3.320997620903654e-06,9.45363353821449e-06,6.844500717306801e-07,2.768485273918486e-06,1.3972297097097908e-07,2.610168621686171e-06,4.87830391193711e-07,2.871889037692199e-08,1.221115098815062e-06,1.2882174814876635e-05,6.865446380288631e-07,4.987838110537268e-06,2.2156510226523096e-07,1.7596589714230504e-06,7.4176032285322435e-06,0.9999432563781738,6.494187800853979e-07,6.794734872528352e-07
window-4665c62586acd1104255,387_46845_93204,toytruck,toytruck,0.9999634027481079,True,3.847396783385193e-07,7.641919097522987e-08,3.583451757549483e-08,3.860760955376463e-07,3.7643411587851006e-07,6.107293870627473e-08,8.850459494169627e-07,2.8398090989867342e-08,6.382049832609482e-06,2.3675741545048368e-07,1.6486329457165994e-07,7.180274508300499e-08,3.496682836612308e-07,4.356818195105916e-08,3.1814408885111334e-07,8.096465720086599e-09,1.9972979714566463e-07,2.4276280328194844e-06,2.0189594351904816e-07,1.5559557198230323e-07,7.365890297705846e-08,3.4075580401804473e-07,2.3237593268277124e-05,0.9999634027481079,1.1982363901097415e-07,2.022421341507652e-08
window-e1184b1216914bcd8e56,387_46845_93204,toytruck,toytruck,1.0,True,1.2579953745373018e-10,5.213596915298879e-11,8.826468202161042e-12,1.3389893638304784e-09,6.7861855024276e-10,2.952688440971407e-11,9.13250308709479e-11,6.820062570245256e-11,8.002610796253862e-10,2.452548719666936e-10,9.91921475512747e-11,1.2210696898051765e-09,3.2083301293450717e-11,4.5611483340257664e-11,1.9198098666350916e-10,4.100901476039587e-12,3.67973901349572e-10,5.19069898174962e-10,1.539348093437809e-10,2.634620577257607e-10,1.0336995148740868e-11,5.217148241198899e-11,5.0298421427896756e-08,1.0,1.3639975260382187e-10,4.548117438218924e-11
window-4a51b0892e19dd118ef8,387_46845_93204,toytruck,toytruck,0.9999909400939941,True,7.245477462447525e-08,1.3842537782693398e-08,1.6723424423048527e-08,1.751691627305263e-07,4.11184544191201e-08,4.0774896348239054e-08,1.1311928460600029e-07,1.062429788589725e-08,3.4955371575051686e-06,6.322233048194903e-08,6.743577074530549e-08,5.3611291406241435e-08,3.2535318439386174e-08,1.1421341206130364e-08,1.307601991129559e-07,1.4725997088405052e-09,9.912294274272426e-08,1.178866000373091e-06,1.3128337172929605e-07,1.1676451094899676e-07,1.725263665264265e-08,9.033202985619937e-08,3.0037410851946333e-06,0.9999909400939941,4.9578936511807115e-08,4.656672825120722e-09
window-b48753e0a5d12bdbc773,387_46845_93204,toytruck,toytruck,0.9999500513076782,True,5.205909037186984e-09,5.149362714007566e-09,1.1791364551427819e-09,1.5962946520176047e-08,2.7139683833610206e-09,4.214105064903606e-09,1.875721622468518e-08,1.4770458189872215e-09,7.752848141251434e-09,3.7997075708062766e-08,9.67230295856325e-10,6.320826528849466e-09,3.1109452791611147e-09,8.406588314358032e-09,8.692935260512513e-09,2.680394795007146e-10,1.8599534357122138e-08,6.136357200148268e-08,4.8401194163716355e-09,1.552183093167514e-08,6.943032815343031e-10,4.3991263964926475e-09,4.974843614036217e-05,0.9999500513076782,5.417689852293961e-09,1.2602771048975114e-09
window-57e3dfc905797a087030,399_51165_100420,toytruck,toytruck,0.9999983310699463,True,1.8115700051168915e-09,3.809629589568431e-08,6.817219011523434e-10,4.062008542859985e-07,1.3281047017699166e-07,8.016637353946976e-10,1.650542991171733e-08,2.5341206910667324e-10,6.03149942435266e-07,2.9767392106805346e-07,2.914904317918854e-09,6.1219318503447084e-09,6.9205774444469625e-09,2.8455768297241946e-10,4.911101525451045e-10,1.4907026724131356e-09,3.938560055871676e-08,3.679533122635803e-08,3.509080315211577e-08,1.1476388728226539e-08,1.7631632820425125e-09,1.0453915955110915e-08,4.244586193635769e-08,0.9999983310699463,4.07944744651445e-09,4.787813701057075e-09
window-a9919644921744937964,399_51165_100420,toytruck,toytruck,0.9999998807907104,True,4.035392159318363e-11,9.024990754724627e-10,1.4840989548403627e-11,5.736811026224586e-09,1.4027561334728489e-09,2.0234336775559747e-11,1.6387092793834768e-09,8.658720442034085e-12,5.781231493529049e-09,6.366953186898172e-09,3.5667696574037677e-10,1.634242047243717e-10,1.0210549766798138e-10,2.7968396695832176e-11,2.631526663243733e-10,2.883354145721828e-11,5.174032868815459e-10,3.1282549883826505e-09,7.03671496071756e-11,1.3237076990080254e-09,7.397517320928415e-11,2.2781089514811725e-10,7.596725026814966e-08,0.9999998807907104,2.2538325372689627e-10,1.5525282448525246e-10
window-40234a50edd7c182b028,399_51165_100420,toytruck,toytruck,1.0,True,4.173656645983792e-12,3.0810576312489957e-11,4.795223463097131e-13,6.115893347313772e-10,3.468272891105073e-10,1.5539696265887137e-12,2.984703109665254e-11,2.7106958171152495e-12,5.135250447096951e-09,1.049498488114864e-09,8.501261326843146e-12,8.601430678822908e-10,2.3482452093936956e-11,5.593583755902909e-12,3.4197342874131564e-11,5.9402955644716204e-12,1.114667247392731e-09,2.7057964202548135e-10,4.506453543662303e-11,2.26479571208138e-10,1.5812894396671773e-11,2.1026140897828505e-11,1.2849652453184035e-09,1.0,2.355319064784034e-11,1.0721766356691642e-11
window-f3e5ff0c44334fcc0549,399_51165_100420,toytruck,toytruck,0.9999997615814209,True,1.3816900401586452e-10,5.327108087982424e-09,8.953556646096317e-11,2.6200648761687262e-08,5.935025804149063e-09,8.291638903257237e-11,2.5747783904961352e-09,3.81591980236351e-11,2.470155635592164e-08,1.3486804562035104e-07,5.914917999838565e-10,3.0198288314409183e-10,2.0267407196961074e-10,3.7308243300282484e-11,9.777208209715837e-11,9.216390151056686e-11,2.673875787451152e-09,1.1053942650107729e-08,3.6589118401764154e-09,2.9633824283337162e-09,2.3958446337957184e-10,1.1040599545708574e-09,4.0870173023677125e-08,0.9999997615814209,9.088680363866786e-10,1.576114572188203e-09
window-b49bcc75f62e892a24be,416_57430_111052,toytruck,toytruck,0.9999992847442627,True,1.8383633504370778e-09,6.78539113785348e-10,1.2404705040935937e-09,1.571461893945525e-08,3.966487582829359e-08,1.720974057706215e-10,1.8091814157905617e-10,1.8997678985499533e-09,1.110118716951547e-07,1.3860963044010077e-08,1.0261256733201662e-08,5.806897740434636e-10,3.5973524603605256e-08,4.799931008214742e-10,6.515774586546286e-09,4.270091502611706e-10,6.075087100043675e-08,1.6467710750589504e-08,1.2607967114774965e-08,1.6748933262533683e-07,4.1120953864215437e-10,2.205068572180835e-09,2.1918286563504807e-07,0.9999992847442627,3.035601991996373e-08,1.0812128969917012e-09
window-231293fe2fd785d1f6d9,416_57430_111052,toytruck,toytruck,0.9999995231628418,True,1.679563432777087e-10,3.208379117936033e-10,1.9580508048289147e-10,1.6585387285772413e-08,1.2690578365948113e-08,1.4620772648132885e-10,8.570928689000112e-11,1.0630120117482988e-09,8.618333424692537e-08,9.140872947455136e-09,3.6413942972046698e-09,1.9471610435140008e-10,3.0086706459542256e-09,5.052844809227963e-10,6.681485587023417e-09,4.2205999112310266e-11,3.338526255447505e-08,6.2086273899808475e-09,2.9291924441565698e-09,1.5994756097370555e-07,2.1799186067372744e-10,2.0021320157326272e-09,1.6228642607529764e-07,0.9999995231628418,1.5725147406442375e-08,7.474660335127226e-10
window-77ffc6abd32d07a1978a,416_57430_111052,toytruck,toytruck,1.0,True,1.582989295201287e-10,1.3814348276408595e-10,4.133847777976207e-11,2.9856570549213757e-09,6.310486855287678e-11,1.1106339806166154e-11,1.476667399469278e-11,1.2337977861598404e-10,6.0738138962790345e-09,1.8501699061701515e-09,2.2461338344825776e-10,1.085197043337871e-09,2.8902236159922268e-09,5.092338703494015e-11,7.78585196314907e-09,1.344479909348717e-11,7.099179910596831e-09,1.5733696567821198e-09,1.8598528273017223e-10,9.688351232384207e-10,2.1113468612332653e-11,2.2263429988456096e-10,1.6220951692957897e-08,1.0,1.361948887002029e-10,2.0639604608740925e-11
window-854f8472331603bbca9f,416_57430_111052,toytruck,toytruck,0.9999963045120239,True,1.5820272869504493e-09,2.0459487437562984e-09,1.5303469602656605e-09,2.1876245170915354e-07,7.645582655868566e-08,4.005198395162779e-10,3.133174553138218e-10,6.5790191072778725e-09,3.030893651612132e-07,6.43383160081612e-08,2.2691784451467356e-08,4.0938721856953464e-10,2.593906245351718e-08,1.6563858062923487e-09,4.99520496077821e-08,4.222512894891395e-10,2.2041768943381612e-07,1.0720582821477365e-07,4.7455483098701734e-08,1.0848863212231663e-06,1.9894457192748405e-09,1.0265591043889799e-08,1.2990966524739633e-06,0.9999963045120239,7.069214547072988e-08,1.793195036903228e-09
window-7659ba2c37e17312e370,601_92870_186087,toytruck,toytruck,0.640528678894043,True,0.03572306036949158,0.004869117401540279,0.05297963321208954,0.003377071348950267,0.0016327934572473168,0.0043370542116463184,0.0006087470683269203,0.0002450186584610492,4.1086373130383436e-06,0.0008550694910809398,0.011820146813988686,0.0008009800803847611,0.002877620281651616,0.0014522226992994547,0.025511834770441055,0.17907409369945526,2.6054603949887678e-05,0.003612481988966465,0.0027526337653398514,0.0024306473787873983,0.0011766129173338413,0.00025600139633752406,0.01996436156332493,0.640528678894043,0.0002969532215502113,0.002787059172987938
window-463ed90b247f870778b5,601_92870_186087,toytruck,wineglass,0.4833284616470337,False,0.0012993963900953531,0.00045073486398905516,0.08740556985139847,0.012921332381665707,0.26347747445106506,0.0022456140723079443,6.61247395328246e-05,0.0008781958022154868,0.000146467617014423,0.040396008640527725,5.439114829641767e-06,0.015028986148536205,4.4591655750991777e-05,0.0011461415560916066,0.06950057297945023,0.0014547943137586117,4.0619946958031505e-05,0.004454707261174917,0.0029564357828348875,0.0018640244379639626,0.0002360683138249442,7.38035814720206e-05,0.0026469212025403976,0.007352896500378847,0.0005785900284536183,0.4833284616470337
window-4bf70f2e7c934b4622d9,222_23411_48627,umbrella,umbrella,0.9999998807907104,True,1.2105830782260796e-09,3.0703422027045235e-09,1.0396065119877562e-09,1.8859799832959823e-10,6.75347777701063e-10,7.556359093996434e-09,1.8311030469675416e-09,1.2229784962514145e-09,1.0024459484725412e-08,1.1175767256066393e-10,5.559846333325069e-11,6.21425411129195e-10,2.874406490604997e-09,5.054439977669745e-09,1.9465908884797045e-09,6.23139584376986e-09,1.308146257983367e-09,7.196194218295204e-08,7.491047226970693e-10,4.033603229203209e-09,1.9312067500720786e-09,4.3313530539990097e-10,5.12823206122448e-09,3.190179231893353e-09,0.9999998807907104,1.0608335543338399e-08
window-1772af76315875ae0013,222_23411_48627,umbrella,umbrella,0.9999992847442627,True,8.266061612971498e-09,4.436049394485053e-08,2.2636648111529212e-08,1.331125099035546e-09,1.2125210835378653e-09,7.722461248249601e-08,1.5699550104386617e-08,5.958274318373924e-09,8.828176412123412e-09,8.8412144272354e-10,1.3999329473435296e-09,3.3127198761917498e-09,2.382707542381013e-08,5.43657137086484e-08,1.629045343065627e-08,3.099461665101444e-08,6.952164177675968e-09,2.0995990723804425e-07,3.732563591540838e-09,5.9581072520131784e-08,1.6776628086745404e-08,2.2551396305914295e-09,2.8876716129389024e-08,2.375859509129441e-08,0.9999992847442627,5.911368461397615e-08
window-0de76f7089941167f366,222_23411_48627,umbrella,umbrella,0.9999997615814209,True,3.702084416801199e-09,1.4719451435496467e-08,5.674225977969627e-09,6.206671843145273e-10,1.3208776294959534e-09,1.411753913771463e-08,6.773785532487864e-09,3.6141192261140986e-09,3.229737899346219e-08,3.3471567184584217e-10,1.8232675091933714e-10,2.659851894293297e-09,1.1918492859308571e-08,1.885762301867544e-08,6.198276114588452e-09,1.624801093669248e-08,6.4444987124545605e-09,1.2126155013447715e-07,2.3309416619099466e-09,9.658076116636494e-09,5.476326947473353e-09,1.2748678779317402e-09,1.081154099580317e-08,1.3565548684368878e-08,0.9999997615814209,1.758069245738625e-08
window-3f4879e001adfe52eb4d,222_23411_48627,umbrella,umbrella,0.9999980926513672,True,2.4923709318613874e-08,4.0592055938759586e-08,2.9511502575019222e-08,1.6105673461552783e-09,9.115074917076527e-09,1.0583544707287729e-07,2.7072550423667963e-08,2.5571909034738383e-08,7.72330608356242e-08,3.4676133076061433e-09,2.4228952177907104e-09,1.0319695320504252e-08,8.726217970433936e-08,1.721665796594607e-07,1.8764986009500717e-08,1.0106056436143263e-07,2.446552294088633e-08,6.296475021372316e-07,1.4472108844643117e-08,6.059411106207335e-08,4.9337607777033554e-08,5.576366923776277e-09,9.020664037961978e-08,7.815523872523045e-08,0.9999980926513672,1.8547615354691516e-07
window-e288281e2a2c476c4eca,373_41364_82715,umbrella,umbrella,0.9999995231628418,True,6.0234301990647054e-09,1.253203940621006e-08,1.4539999426688155e-08,9.737830541922676e-10,2.1848562958837192e-09,2.900971196595492e-08,9.917252796753928e-09,5.156674198758537e-09,1.2025470397247773e-08,6.893535742236168e-10,9.485547902698954e-10,2.5468058773014945e-09,2.32983587977742e-08,1.778073155378479e-08,6.282076192576369e-09,2.2490244333539522e-08,4.5275809767986175e-09,2.433644112898037e-07,2.5222961497206597e-09,2.991425773757328e-08,1.2353053691072091e-08,9.166690739803585e-10,2.1256489901588793e-08,1.6319503970407823e-08,0.9999995231628418,3.855621955040078e-08
window-9a615c62030b005e70d8,373_41364_82715,umbrella,umbrella,0.9999997615814209,True,3.4358464962025437e-09,1.6844932559934023e-08,5.212805742615956e-09,8.368110648859783e-10,1.6327096341584024e-09,9.465204620084933e-09,5.364457322798444e-09,5.089749510744923e-09,1.1023685964062224e-08,6.400176499887777e-10,2.445634805781083e-10,1.6252837964358946e-09,6.208179303968109e-09,1.0114649562353861e-08,2.38885067282979e-09,7.42474881576527e-09,2.7941922109420148e-09,1.282077448649943e-07,1.6455935503145724e-09,1.3412262411804932e-08,7.86582621259413e-09,7.030613313752099e-10,1.0135699390900754e-08,1.1918538156407976e-08,0.9999997615814209,8.59692317334293e-09
window-c9de653fa93907858476,373_41364_82715,umbrella,umbrella,0.9999997615814209,True,1.0634325420255664e-08,2.4650677943327537e-08,1.7262664187001064e-08,8.748587965179411e-10,1.168470764589813e-09,1.3007077193094574e-08,1.217514178364354e-08,8.321417332979308e-09,1.3420963007604314e-08,1.1165055546769054e-09,6.002841002050729e-10,1.7720258593811877e-09,1.2204064425702654e-08,8.668729734040426e-09,2.78355871685676e-09,1.2512720637403163e-08,4.0212353447088844e-09,1.2626497891687904e-07,3.243731727664567e-09,2.0471395245635904e-08,1.2229416590514575e-08,1.0347182000103317e-09,1.804297511398545e-08,2.4139703569403537e-08,0.9999997615814209,1.2274822047686484e-08
window-372b6a4b5396844a7deb,373_41364_82715,umbrella,umbrella,0.9999986886978149,True,1.3392870812367619e-08,2.8467859181091626e-08,3.75217830139718e-08,2.0190729088653825e-09,9.811132350989737e-09,4.685792376335485e-08,1.9078180812925893e-08,1.7815343866800504e-08,2.8452877387508124e-08,5.014095361133286e-09,2.002141785695244e-09,8.24387225151213e-09,1.0511428882864493e-07,9.223234798128033e-08,1.2031172502702248e-08,3.247028956820941e-08,1.8576825411287246e-08,5.527790563064627e-07,8.031167730848665e-09,6.059114099343788e-08,3.511123125576887e-08,2.682572386447646e-09,7.830973203226677e-08,3.0125743677444916e-08,0.9999986886978149,9.463557404387757e-08
window-8a1a710bc32b3ae761d6,378_44135_87968,umbrella,umbrella,0.9999995231628418,True,4.457982427652496e-09,8.943646712111786e-09,1.0473947043010412e-08,3.7412989373208916e-11,1.6764788446366197e-09,1.9749689883497012e-08,5.49440493102793e-09,2.6547728460002418e-09,5.344540809915088e-09,3.07013015010682e-09,5.600664376714803e-10,6.681409203679323e-09,2.9850064642289453e-09,2.9216611352467226e-08,9.631836439538688e-10,5.639611444507864e-09,7.848181549086064e-10,3.216190123112028e-07,3.4856153519058353e-09,5.158277360806096e-09,1.7706614841017654e-08,7.659202716503444e-10,3.732941511458421e-09,1.0008350592727311e-08,0.9999995231628418,1.2286203165956522e-08
window-1bac2af62af9879fecd8,378_44135_87968,umbrella,umbrella,0.999998927116394,True,1.5600701841478326e-09,7.4091670576592605e-09,1.0118673898773523e-08,5.6351510263619176e-11,4.12559275630997e-09,2.4591486180725042e-08,1.2728897935687655e-08,6.506345684442749e-09,3.332421449897538e-09,1.8532441137253386e-09,3.523551728168428e-10,4.5824073424682865e-09,3.440368434581842e-09,2.0924849408743285e-08,1.0000458239289856e-09,2.590989200967897e-09,8.731376732740159e-10,9.386067745253968e-07,2.812685417907801e-09,6.332539381759261e-09,2.232764373388818e-08,5.975283601244996e-10,2.1681749728941213e-09,6.2575451487134615e-09,0.999998927116394,2.1775548475488904e-08
window-f14c980b07ff66852f38,378_44135_87968,umbrella,umbrella,0.9999995231628418,True,1.875587907207432e-09,6.804084851097514e-09,6.712205014025585e-09,4.327748576171686e-11,1.4382359747600049e-09,1.7304657262684486e-08,3.771984058431599e-09,2.9172606552663183e-09,2.9742426299605995e-09,1.2802968685221572e-09,2.2333553062470202e-10,2.4532413878119996e-09,2.3622488409813513e-09,1.089047607649718e-08,8.557930475383557e-10,2.9111963950612108e-09,4.948578213870292e-10,3.605006781981501e-07,1.7171358779322077e-09,3.121941594130817e-09,1.1078720163482103e-08,4.672627285096098e-10,2.760953465852367e-09,6.829633747429398e-09,0.9999995231628418,8.558636466204916e-09
window-8c1f3e8d4016d98a9d94,378_44135_87968,umbrella,umbrella,0.9999995231628418,True,4.570843703533001e-09,8.244319893435659e-09,7.526150369585594e-09,1.9627801120525312e-11,1.2570432472713833e-09,1.2946013150383351e-08,4.802855890773117e-09,3.309840845844292e-09,2.4729822634128595e-09,2.1241564063245733e-09,5.390248247749696e-10,3.3496163620583275e-09,2.150991607052788e-09,6.910643435276143e-08,1.5797407826312337e-09,2.5821549343163497e-09,1.1089961171606433e-09,2.858408549855085e-07,2.7604847296913704e-09,4.148422938499152e-09,8.66380123198951e-09,8.087462366468401e-10,4.774996842371593e-09,1.3061518977508513e-08,0.9999995231628418,1.4073363807654005e-08
window-84eb5e6ac255d21d9cf6,379_44414_88476,umbrella,umbrella,0.9999990463256836,True,7.565957638178133e-09,2.7865807439297896e-08,1.5723490065511214e-08,2.9779931853823882e-09,1.201860744259875e-08,6.066066049470464e-08,1.670057692138016e-08,7.710343474798265e-09,5.108285705546223e-08,1.0891025858938974e-09,1.0802562178113817e-09,6.1952931673658895e-09,1.1047722381363201e-07,1.4400524150914862e-07,9.654478994036708e-09,5.324273644191635e-08,1.1540339350801787e-08,2.3963676198945905e-07,9.87871562330156e-09,2.667452037030671e-08,1.7393631424056366e-08,1.8424980430253868e-09,2.4431132672475542e-08,1.7608197566687522e-08,0.9999990463256836,2.9555243585832613e-08
window-31e5776c7589fd76e811,379_44414_88476,umbrella,umbrella,0.9999998807907104,True,2.3950510463777164e-09,1.6488055365471155e-08,2.5056536845369237e-09,1.3184003888611073e-10,4.746492643370459e-10,1.0536024497298513e-08,2.3636379520297623e-09,8.68691674149602e-10,5.235535116554502e-09,3.6059030761315114e-10,9.812967799449623e-11,7.027798343273162e-10,5.036088435161901e-09,2.423121481243129e-09,2.3890149858374343e-09,5.708225003786538e-09,8.971494103171551e-10,5.691268611940359e-08,1.0850872422807356e-09,5.198449226639923e-09,3.3298195312170265e-09,3.0278865525978915e-10,4.444773438194716e-09,9.840023906804163e-09,0.9999998807907104,3.726320141339556e-09
window-bf50ebfd53629cc03fd7,379_44414_88476,umbrella,umbrella,0.9999986886978149,True,1.8435141413419842e-08,3.971095452470763e-08,1.2443948094187363e-08,1.7059991197498903e-09,3.7923890694457896e-09,1.5857274604513805e-07,2.146924771295744e-08,9.606917927840186e-09,3.791928193663807e-08,1.0940761629996132e-09,1.3073988558431893e-09,3.991710961770423e-09,7.36397254286203e-08,3.6905412059695664e-08,2.372068053091425e-08,4.033877232245686e-08,1.0844822817546174e-08,4.913017619401217e-07,1.161772189561816e-08,5.396936231250038e-08,1.694238527250036e-08,3.88592358291362e-09,3.415699723063881e-08,5.549730275333786e-08,0.9999986886978149,2.6755833104630256e-08
window-68003b73b54f7b0749a7,379_44414_88476,umbrella,umbrella,0.9999997615814209,True,3.778602319925994e-09,1.0232257707798453e-08,3.89412635470876e-09,4.432232636464306e-10,1.3305850865563684e-09,3.714952967470708e-08,7.752937847271824e-09,2.109975749675641e-09,2.1562181373724343e-08,4.4443126956394963e-10,2.394606457567505e-10,1.3573150381418486e-09,1.9880385337955886e-08,5.682880388491185e-09,7.528090151254219e-09,1.4418241711666724e-08,2.505591067958335e-09,1.559832014663698e-07,2.0735504424607143e-09,1.8490451836328248e-08,6.0094085263528996e-09,8.236505921743742e-10,1.0401483230282338e-08,1.5434741484909864e-08,0.9999997615814209,1.1391700915908132e-08
window-f784ae584907257cc4e8,398_50430_98975,umbrella,umbrella,0.9999995231628418,True,9.733968076020005e-10,9.49358902602171e-09,1.021642059839678e-08,8.209021656879756e-11,2.1927133442289914e-09,7.164620008381917e-09,1.9380583804462503e-09,1.294299334375637e-09,2.108921925980667e-08,5.133600211593148e-10,6.796087997917866e-11,6.043592293281108e-09,1.8680190727593526e-09,2.6988666945726436e-07,4.747942039529107e-09,1.4117939706181915e-08,2.8165847432148894e-09,1.8805367574259435e-07,1.423037132575189e-09,6.7657657254471815e-09,4.226130112527926e-09,3.812639925993011e-10,3.797944625461014e-09,4.318698731964332e-09,0.9999995231628418,3.1229121510989444e-09
window-d2340f1fe4a10501df3c,398_50430_98975,umbrella,umbrella,0.9999995231628418,True,2.3835386997461683e-09,2.0973770276100367e-08,1.9972967280068588e-08,3.421561367566994e-10,2.1734345434509805e-09,2.2241414043833174e-08,4.642248807584792e-09,2.2788524400851884e-09,2.6774694461551007e-08,2.6891009419216516e-09,2.2150159484368714e-10,9.339757411908067e-09,4.593392333163138e-09,5.879794429120011e-08,8.225911507508954e-09,5.381981083019127e-09,2.792598374767863e-09,2.639295928474894e-07,1.613484457152481e-09,2.3891248090990302e-08,4.791583130270283e-09,1.5436937284007968e-09,5.15604448025897e-09,9.297473901881403e-09,0.9999995231628418,3.742394838468499e-09
window-8b0ef65a3451b6e0fed5,398_50430_98975,umbrella,umbrella,0.9999996423721313,True,1.2329063325822176e-09,1.2169636853798238e-08,1.912001001969088e-09,2.3751467459476316e-10,1.5045039658545534e-09,1.7131492668909232e-08,4.514405294031576e-09,1.997471299475251e-09,2.5364331079913427e-08,3.0250629778905136e-10,2.0608255379972462e-10,3.463355380262101e-09,5.9103530958282136e-09,4.459465330342027e-08,1.868565568940994e-08,1.88305566695135e-08,2.5322166585795003e-09,2.1494929569598753e-07,6.653683159996149e-10,5.978152195496023e-09,1.514223946230686e-08,7.519461164839925e-10,8.366024317751908e-09,1.0542555273218568e-08,0.9999996423721313,3.9278901908801345e-08
window-51737cfe95c57fdab63c,398_50430_98975,umbrella,umbrella,0.9999954700469971,True,8.594573941422823e-09,2.607266935683583e-08,1.4282229621187525e-08,9.833351910515375e-10,1.4577177687158382e-08,8.991421651671772e-08,2.2069631455678973e-08,1.4594788488864197e-08,6.372322047809575e-08,1.2655543280004622e-09,9.118193977641909e-10,1.1339883698724407e-08,5.7961479171808605e-08,3.3537983199494192e-06,3.105852641738238e-08,8.556124697634004e-08,2.0234006470332133e-08,5.133998115525173e-07,7.639741284037882e-09,1.6336878516653996e-08,4.30218314306785e-08,3.018274297161838e-09,4.006895082397932e-08,2.4216657124043195e-08,0.9999954700469971,6.65057910964606e-08
window-a318d7badcfbc49eb59b,430_60670_118462,umbrella,umbrella,0.9999998807907104,True,4.810923326381555e-10,3.4492353417903132e-09,1.5070604764133577e-09,7.548169728144316e-11,1.8242764243669995e-10,1.989616027486818e-09,3.70317054798619e-10,5.915720135973856e-10,6.240768790632956e-09,1.3379571062177575e-10,3.805294621073152e-11,7.082350261811143e-10,1.0690247576050638e-09,3.9128145168376705e-09,2.1321171495003455e-09,1.394970694512665e-09,4.390726116021426e-10,1.0393854665835534e-07,4.810382092657051e-10,1.8925141453962624e-09,1.566404672637134e-09,1.4727358221833242e-10,1.5747324555448472e-09,4.880781556693137e-09,0.9999998807907104,3.279677640577461e-09
window-73759f47ef7b1f85e899,430_60670_118462,umbrella,umbrella,0.9999998807907104,True,2.561669210088269e-10,2.2548916067677283e-09,5.970128835741662e-10,5.459958180020763e-11,8.817956781426162e-11,1.6140021541488636e-09,5.074858311360231e-10,5.458086760334879e-10,3.739912823874647e-09,7.76032779703506e-11,3.5561845135312353e-11,3.359546252301726e-10,4.694775124214345e-10,1.1025911295092783e-09,1.6612768938273348e-09,5.618277509888969e-10,2.0174958925700537e-10,5.163509086969498e-08,2.3987165032046676e-10,9.168110159940568e-10,7.333655349661683e-10,1.2622639045112294e-10,1.1329399640658266e-09,2.5823678750924728e-09,0.9999998807907104,2.287982026061286e-09
window-3f4505e5f8a456d5a9a1,430_60670_118462,umbrella,umbrella,0.9999997615814209,True,1.9604580459020582e-10,2.625666573052854e-09,2.8411881181078513e-10,3.9452590500088647e-11,2.2438124969159645e-10,2.1215575962685307e-09,4.777719331272579e-10,7.510947974687099e-10,3.6812914938622043e-09,6.132417490478659e-11,7.305979432548071e-11,4.939215703103628e-10,8.50128412110962e-10,7.302322746483014e-09,1.7464475421391512e-09,1.7243929617549725e-09,2.887995398381804e-10,1.7389454853855568e-07,2.2198676230544834e-10,8.783079818996953e-10,1.5073450265745691e-09,1.8004454871434206e-10,7.447054639619921e-10,3.57510776538561e-09,0.9999997615814209,1.0222426460870793e-08
window-158ef3ca185b6ec6a310,430_60670_118462,umbrella,handbag,0.8702570796012878,False,8.530214472557418e-06,5.745939415646717e-05,2.2354715838446282e-05,0.02064613625407219,0.00016424919886048883,5.4914976317377295e-06,1.3026941587668261e-06,0.002645792905241251,0.002963174367323518,0.030875645577907562,0.0006828862824477255,0.8702570796012878,0.0001295098481932655,0.006797745358198881,0.000641685735899955,0.001725579728372395,0.0005756948376074433,0.0019343046005815268,0.007624419406056404,4.0668957808520645e-05,0.030574778094887733,0.008205316960811615,0.0008204116020351648,0.006367871537804604,4.2765423131641e-06,0.006227619014680386
window-0a5fdbe8d550daf1fbbf,430_60746_119186,umbrella,umbrella,0.9999997615814209,True,1.4497626432685706e-09,6.386716933093339e-09,3.319913455257506e-09,6.433049093423904e-10,6.70927202683913e-10,1.202139099376609e-08,3.264779335765411e-09,2.2357182771770567e-09,9.85226655814131e-09,1.6601608976429816e-10,1.8937874879387806e-10,1.5268099007315072e-09,5.830731897304986e-09,8.895248981843906e-09,6.4581082703796255e-09,1.126366644399468e-08,1.3970687939846016e-09,1.6073417441475613e-07,7.315465455626224e-10,9.15116782351788e-09,3.873259490916325e-09,5.066221331340159e-10,8.832913067635673e-09,9.886262475333751e-09,0.9999997615814209,3.73047441826202e-08
window-b45a42bbca9031ded9e8,430_60746_119186,umbrella,umbrella,0.9999997615814209,True,7.578885852232986e-10,3.91891630258101e-09,1.243185443478012e-09,1.247722203334689e-10,9.3136232059976e-10,3.2874181155051474e-09,1.1843613867412728e-09,8.133175799507342e-10,1.5036098588439017e-08,1.3533153764289096e-10,3.67653719968164e-11,1.0017993101740785e-09,2.455802450285205e-09,1.5482950033174347e-08,3.3497575824270598e-09,8.787642613583557e-09,1.5876735481867854e-09,1.4607989839987567e-07,8.813437757382303e-10,2.1988999510114127e-09,1.5123616803336404e-09,3.117466007562797e-10,2.3953978800506093e-09,4.658552210656808e-09,0.9999997615814209,6.3664544747155105e-09
window-a6bb1514ac6b53dfe42f,430_60746_119186,umbrella,umbrella,0.9999995231628418,True,7.352662922954778e-09,6.85058978433517e-08,8.422524011564292e-09,5.977874861784471e-10,4.6290632438328316e-10,2.0394148592117745e-08,5.627780907957458e-09,3.530983061494908e-09,3.4410810201279673e-08,1.3615957250578958e-09,2.2778952335489322e-10,2.10817274748365e-09,7.258011525124175e-09,2.6278503817422916e-09,1.3705256485252448e-08,2.6970129241021823e-08,2.0200299211126094e-09,3.484797730379796e-07,1.73288594584875e-09,6.677026487267312e-09,1.1170361524648342e-08,1.0880296663628997e-09,1.4327306452344146e-08,1.6452803563993257e-08,0.9999995231628418,9.948665002923462e-09
window-dfc8c7c69d00611cade9,430_60746_119186,umbrella,umbrella,0.9999992847442627,True,3.766124301307627e-09,9.852017868183793e-09,1.0026901087201168e-08,1.4325137742687843e-09,2.872366122730341e-09,2.4271500365102838e-08,9.660909405795337e-09,5.198733887823437e-09,2.8125484163865622e-08,1.2939931348654454e-09,4.217189097932561e-10,3.1382692000647694e-09,9.635789943729378e-09,2.548653021960945e-08,2.004899357643808e-08,2.959665579282955e-08,3.5935578956980407e-09,4.126196699871798e-07,1.82827164518784e-09,2.5760215294212685e-08,7.629170184486611e-09,1.3694297917865583e-09,2.5377968171369503e-08,3.999382158781373e-08,0.9999992847442627,5.838755967602083e-08
window-f9f53490ededea74c8b3,436_62230_123014,umbrella,umbrella,0.9999998807907104,True,1.2250089831411515e-10,7.844024318970355e-10,5.48737666417054e-10,9.39031578189864e-12,6.81731754381687e-11,9.075585283291332e-10,2.3109361646511672e-10,1.60514754266039e-10,1.0613268042192203e-09,4.8041626232731005e-11,6.974457469888229e-12,1.129123183840619e-10,2.415206923345181e-10,4.138961950950204e-10,2.929398668083394e-10,3.523998870491596e-10,1.203888794210073e-10,9.072704187929048e-08,1.4072173981638514e-10,9.468451578342751e-10,3.047946617318331e-10,3.694857614311431e-11,3.2081112766313424e-10,8.83264017481622e-10,0.9999998807907104,6.732115975793818e-10
window-abd1f54d40f401dcecb0,436_62230_123014,umbrella,umbrella,0.9999998807907104,True,2.036109753023041e-10,9.276021617488084e-10,1.1740425298611967e-09,1.558609838414604e-11,1.2573932173243207e-10,1.4838852369081224e-09,2.667624454666395e-10,2.4294927181145454e-10,1.1093922447358295e-09,9.652414284522237e-11,1.1857344967003414e-11,7.911681726424646e-11,3.9633779591596863e-10,5.122471335994305e-10,4.807721998290049e-10,4.2451714366009696e-10,1.6626043597423035e-10,1.0717145926264493e-07,2.1202459232760873e-10,1.6000862856913045e-09,5.211083786704762e-10,5.559464347215659e-11,7.002923241294923e-10,1.2554335349079793e-09,0.9999998807907104,1.0168904607255058e-09
window-9b273c8c2c4bb7b09481,436_62230_123014,umbrella,umbrella,0.9999992847442627,True,6.29161667209388e-10,2.2434789581637915e-09,6.331080104615694e-09,4.1185221899553426e-11,5.052573359698442e-10,9.156418734335148e-09,5.270335279305982e-10,9.431243563895464e-10,2.945096388984325e-09,7.587010464327193e-10,3.267035600384993e-11,6.357007698021278e-10,1.2003873450794345e-09,6.0733578166605184e-09,1.7013890296624368e-09,1.4382987023608962e-09,3.9497694004353434e-10,6.930233666935237e-07,6.771311844566696e-10,4.0696819247898475e-09,2.008894606220224e-09,2.3905577517524534e-10,2.0782096044058562e-09,1.6606518382644708e-09,0.9999992847442627,6.337012248280871e-09
window-5c46ef1fe845d2d43c3f,436_62230_123014,umbrella,umbrella,0.9999996423721313,True,1.3698867040723428e-10,9.330050065869955e-10,8.313019717043346e-10,5.892952792407868e-12,9.932748373797651e-11,1.8344165075845353e-09,3.2997540810875137e-10,2.3952778649416473e-10,2.700491386065096e-09,6.07949662834173e-11,7.693310398459996e-12,2.1741593247970314e-10,2.447230196267469e-10,4.412940290965395e-10,4.1065947864460384e-10,4.922577900856595e-10,1.1201287813955574e-10,3.2094618518385687e-07,2.0971753500464985e-10,1.1072018857305466e-09,5.212703046986178e-10,4.8528528417968175e-11,1.7660727047452696e-10,8.081403879423021e-10,0.9999996423721313,1.1413725520270646e-09
window-0e02e6d2de27ead3cd6a,604_93965_187833,umbrella,umbrella,0.9999998807907104,True,1.1869780713880118e-09,3.813508619998629e-09,1.1270582245259675e-09,5.420010967815969e-11,4.000669517889577e-10,4.301847322807362e-09,7.161831128144058e-10,9.794740574164962e-10,4.5470027743022e-09,2.718703318027593e-10,3.5157932121165913e-11,5.371059152992075e-10,1.1922216547333164e-09,2.145313482415645e-09,1.7666332841059784e-09,3.5089631200690974e-09,5.802262559306826e-10,1.370473228234914e-07,3.9538114449122475e-10,2.321726366716348e-09,2.6426338894935952e-09,1.4615089694025585e-10,2.9981710447657406e-09,8.587845101715175e-09,0.9999998807907104,1.5782837259337157e-09
window-2bed0fc984ea5ae3b64f,604_93965_187833,umbrella,umbrella,0.9999984502792358,True,1.203098598523411e-08,9.522909039105798e-08,2.1451599607758e-08,1.1969386592980413e-09,5.957951465518363e-09,8.824890329606205e-08,9.33068466935083e-09,1.853481101932175e-08,9.401359335470261e-08,3.2307052588720353e-09,7.698975346137615e-10,8.426709108277919e-09,1.1454036297209313e-07,1.661637583083575e-07,1.9884305757500442e-08,5.667623526051102e-08,1.704214014353056e-08,5.683068593498319e-07,1.1225324669794645e-08,2.3502300550148902e-08,4.144813914308543e-08,2.8512288086091075e-09,5.84013228888125e-08,7.261607493092015e-08,0.9999984502792358,3.5438414869304324e-08
window-91198074cbdc57926479,604_93965_187833,umbrella,umbrella,0.9999991655349731,True,5.9209566138918035e-09,1.9364615866379609e-07,3.4920837777008273e-08,3.1399319255775993e-10,7.094675957830532e-10,1.815439532037999e-08,7.191492734648364e-09,6.007789377093786e-09,9.305577641782747e-09,7.747153141224317e-09,3.9383341032817043e-10,3.147650584622852e-09,8.461149114680211e-09,1.385757730787418e-08,7.951046931964356e-09,5.1154986913104494e-09,4.757930494037055e-09,4.5243899648994557e-07,1.9951971186316086e-09,2.621318095918923e-08,1.783718062142725e-08,1.176179931228205e-09,2.2664293553020798e-08,3.3003725974367626e-08,0.9999991655349731,6.012145004063996e-09
window-4d17f156b1efe662dea4,604_93965_187833,umbrella,umbrella,0.9999998807907104,True,1.1345748784918896e-09,3.990193508940365e-09,2.2528880982974897e-09,9.539195822139135e-11,5.907646594138782e-10,5.662312396736979e-09,9.204080830826911e-10,1.0674029438106913e-09,2.8461524248513115e-09,1.4562971661913338e-10,4.1450114174335084e-11,3.058026609714659e-10,2.2110586694878975e-09,8.393292283415121e-09,1.7913384109391473e-09,3.849764951269208e-09,8.020977770861748e-10,1.1179067627153927e-07,4.975354017666689e-10,3.5385017138622743e-09,2.521445718883797e-09,1.518932063460099e-10,4.272776799041367e-09,4.196620384533389e-09,0.9999998807907104,3.2475018230115893e-09
window-a2731dbf86d05dfd07a1,76_7548_15451,umbrella,umbrella,0.9999995231628418,True,8.796628314655663e-09,5.20877172505152e-08,1.0091927293842673e-08,1.39084091466124e-10,2.5875523945728673e-10,1.3620094385657922e-08,1.1176563674553108e-08,4.621655058656415e-09,3.492849121045083e-09,1.047002817777809e-09,2.697720102862178e-10,7.639651689039795e-10,3.3588867243139475e-09,1.203432131724469e-09,2.4823629818371273e-09,5.345865972117281e-09,6.571662658494404e-10,3.336385816510301e-07,8.170474297131136e-10,3.6240652701025056e-09,8.05079114485352e-09,6.005554387122913e-10,4.416849108679344e-09,4.070903969477513e-08,0.9999995231628418,7.540965185626192e-09
window-4a07cc57c5dbe5545fdc,76_7548_15451,umbrella,umbrella,0.6897626519203186,True,0.00015878425620030612,0.006813838146626949,0.005757274106144905,0.25389498472213745,0.00010500905045773834,0.00019365745538379997,0.00010000721522374079,3.428126001381315e-05,0.0010392680997028947,7.180697707553918e-07,6.734533963026479e-05,0.0006458447896875441,4.191880361759104e-05,6.063416549295653e-06,0.02566635049879551,0.0035195574164390564,9.667684935266152e-06,0.0024002715945243835,0.0006781721604056656,5.719475211662939e-06,6.525373464683071e-05,7.139321041904623e-06,2.7674286684487015e-05,0.002914917655289173,0.6897626519203186,0.0060836258344352245
window-bc761c4c152ea0260edb,76_7548_15451,umbrella,umbrella,0.9999997615814209,True,2.7978559469232778e-09,8.071010526577993e-09,2.1644210868032587e-09,8.374542032063559e-11,7.810879720793196e-10,6.440812327923595e-09,2.733757886730359e-09,1.9605861378835243e-09,1.2074450772558976e-08,2.907416807307328e-10,7.146094826993021e-11,1.003434335622444e-09,1.2088223755313265e-09,6.438622413007522e-10,5.839847272426368e-09,4.202178605083873e-09,4.3516568126733546e-10,1.989071307662016e-07,4.840939316075321e-10,2.0649424392615856e-09,3.883771526602686e-09,2.8513999494883535e-10,2.388932607289007e-09,1.3328335768392208e-08,0.9999997615814209,1.1844071501343478e-08
window-03f661f3c87b888b01a9,76_7548_15451,umbrella,umbrella,0.9999990463256836,True,1.0736731503868668e-08,3.6948883064269467e-08,7.495494003251224e-08,1.9119623939634067e-10,1.8779389154843784e-09,1.3043139901469658e-08,6.89428514277779e-09,9.967672021105045e-09,2.1269093153364338e-08,7.52713713580988e-09,4.655207330728217e-10,7.944541913218472e-09,7.928677270285789e-09,1.3164356715833492e-08,6.773574146023975e-09,9.293303016022492e-09,3.2162894569864875e-09,6.286418852141651e-07,3.4766498568927773e-09,1.4485599386659942e-08,2.064197879292351e-08,2.213356165015057e-09,6.775822569693446e-09,6.369464955469084e-08,0.9999990463256836,6.546557784758988e-08
window-2c387d204f9aaaa2af2a,307_32362_61186,wineglass,wineglass,0.9999996423721313,True,8.195150669187967e-10,8.439668519599763e-09,2.7030953475559727e-08,9.726971450518818e-10,1.6457409879322427e-09,7.871877727438914e-08,1.0182144016823713e-08,1.0004967965215883e-09,7.603213170170875e-09,6.10682846513555e-08,1.118052939119707e-08,4.6839980782920065e-09,1.2357297407561418e-08,1.5692751542673022e-09,8.483890923116633e-09,2.654398478796338e-09,2.255019948549375e-09,4.533448727528366e-09,8.009571339506749e-10,8.351372926540535e-09,9.873537543114708e-10,3.9690148945226156e-09,1.055532661276004e-09,5.669075875402996e-09,9.243315446383349e-09,0.9999996423721313
window-d16dfcf2880496a28882,307_32362_61186,wineglass,wineglass,1.0,True,5.3348318818091656e-11,1.4519850877192653e-09,1.9684289753740813e-09,6.149085407525234e-11,1.1410502404052281e-10,1.2698114559839269e-08,2.0894632690726667e-09,7.745068475450978e-11,2.104187796225787e-10,5.759679400085815e-10,7.012270764050754e-09,1.6283366321978576e-10,3.540762127940411e-10,2.034603735490137e-10,6.644059746818698e-10,2.490087580575562e-10,7.28216376089108e-11,3.7326497448475493e-10,1.0301198782869392e-10,4.911353546077635e-10,5.966631355658336e-11,3.7470371250236667e-10,4.127962208166913e-11,2.6510837969340173e-10,4.486199189912554e-10,1.0
window-f3e2a0bef21feec89916,307_32362_61186,wineglass,wineglass,1.0,True,7.060296097760599e-11,1.7181687184120165e-09,3.593341180163634e-09,7.680077407368202e-11,1.459703885542396e-10,2.8352946657150824e-09,1.6097873034581767e-09,9.018723268194861e-11,3.5671987586027853e-10,2.1847283981912824e-09,6.237390159924416e-09,1.0644606029952541e-10,4.570416545224276e-10,9.660685446055695e-11,5.876136244253871e-10,2.0216872620437698e-10,7.537883511821164e-11,4.557254851267345e-10,8.247665050920006e-11,1.3010694743798012e-09,1.2210457644989958e-10,4.90160190214084e-10,2.7879242317507824e-11,4.3034212304782216e-10,7.312090932742876e-10,1.0
window-2f56666f28526d76e291,307_32362_61186,wineglass,wineglass,0.9999995231628418,True,7.91672394306886e-10,1.3553260735932326e-08,2.3910395441362198e-08,6.371247973646632e-10,1.936018900750014e-09,1.5290244448351586e-07,9.393962052683946e-09,9.65573065947467e-10,2.4931733122457445e-08,2.2208149630387197e-07,2.3732876996973573e-08,5.719699380790644e-09,9.063771955197808e-09,5.4243374236762065e-09,9.638494447017365e-09,2.087801043160198e-09,3.484830868316635e-09,4.685927645908805e-09,1.1545138178803427e-09,1.3263210085767696e-08,1.1203086236477588e-09,1.1487308881896752e-08,1.8025074766114813e-09,1.1399544419532504e-08,1.3750502070308812e-08,0.9999995231628418
window-53bb354756c5d3351068,379_44792_89523,wineglass,wineglass,0.9999991655349731,True,4.6401910092086496e-10,1.1446100067757925e-08,2.4256134878442026e-08,5.356898036268376e-09,1.746939592983665e-09,1.4013929217071563e-07,6.184281886589815e-08,2.8197333357127263e-09,4.195467084855409e-08,4.0485534213985375e-07,3.353394717464653e-08,1.2913522473567696e-09,1.3941565235597864e-08,1.494472462448826e-10,5.684361870095245e-09,3.2233831159800275e-09,1.4608648735148222e-09,1.5093586824832528e-08,7.994305217806641e-10,3.129088099740329e-09,3.481680277417354e-09,1.745045707934878e-08,3.1240238174135015e-10,7.956735714742535e-09,1.355715983919481e-08,0.9999991655349731
window-8149de12d4f0fbfa1fea,379_44792_89523,wineglass,wineglass,0.9999963045120239,True,2.8288654752017806e-10,1.081352518639278e-08,2.2617893336018824e-08,4.523888819107924e-09,9.177070214860805e-10,1.3531617071294022e-07,3.5633949124758146e-08,1.897896950708855e-09,2.1809700712083213e-08,3.4459469588909997e-06,4.021192623326897e-08,8.188748013004954e-10,1.1539229127777162e-08,9.205061712869167e-11,7.571220095314857e-09,1.8128971657205284e-09,8.277140639556535e-10,1.2121898151917776e-08,2.0402504685712586e-10,3.5277674115263835e-09,1.7931334195253612e-09,1.2328064791233828e-08,2.4010604615654074e-10,1.4471724263387387e-08,1.5527493957279148e-08,0.9999963045120239
window-649ebdfb828d0e25c04b,379_44792_89523,wineglass,wineglass,0.9999998807907104,True,1.1029544638718747e-10,5.076536080395044e-09,1.081343992126449e-08,1.0288184748574736e-09,3.3347818950701935e-10,3.784692736985562e-08,1.338744759493693e-08,7.41151640060167e-10,9.87098314197965e-09,3.169704854144584e-08,2.1620499168761853e-08,3.21620480248086e-10,3.913426471768844e-09,5.729511309837676e-11,1.7860946055492377e-09,9.15065745399346e-10,2.457924419552171e-10,3.9172127763720255e-09,1.390549619895154e-10,1.3535614851178934e-09,1.0792459148589728e-09,4.414677956532387e-09,7.308447597109691e-11,3.5307285983776637e-09,5.3034265867779595e-09,0.9999998807907104
window-944fc02470e63a28f1e2,379_44792_89523,wineglass,wineglass,1.0,True,2.1708152636579214e-11,8.65620353174279e-10,3.073770349359961e-09,3.7320657675365965e-10,1.3200361637100144e-10,8.36776603563294e-09,5.3850843784175595e-09,1.877760585911048e-10,2.1665484961630455e-09,2.990280378867283e-08,4.477866077934323e-09,1.1502979818667214e-10,7.830855408563764e-10,1.0098424700621944e-11,5.231131083860419e-10,2.0155385693776395e-10,7.532695300849213e-11,1.3081663530201126e-09,2.5006240134128888e-11,3.4097449863601526e-10,1.8315633731891268e-10,1.1470056016094077e-09,1.1504729460765084e-11,1.0974948727593414e-09,1.124863424628586e-09,1.0
window-72845f32f7d01c5b5dcf,400_51387_100909,wineglass,wineglass,1.0,True,1.053425575936462e-12,3.553813354706392e-10,2.2665977428282247e-10,9.941863304829823e-12,6.678191420000923e-12,1.3753563565810367e-10,5.734180491545615e-11,6.264110324200045e-12,2.5404390396888132e-11,5.122599011642137e-10,2.618054661951419e-10,5.686028037299451e-12,1.0653334117649571e-11,2.203179045451309e-12,4.365122846516911e-11,4.2359956688164946e-12,3.2087570447925096e-12,6.692616599801582e-11,3.5301108824298266e-12,3.997906866670675e-11,7.155230401234558e-12,3.192660025241878e-11,8.437626140313237e-13,2.1085216905802895e-11,3.088547473328873e-11,1.0
window-1c6a20ab563108168bdc,400_51387_100909,wineglass,wineglass,0.999998927116394,True,1.1582886039196438e-10,1.952223094292549e-08,5.838219152565216e-08,1.840036012445978e-09,4.412871845715927e-09,1.4223559219317394e-08,6.6635497120159926e-09,2.2089234885669384e-09,4.440294798513378e-09,8.779074960330036e-07,1.19811396359637e-08,1.3736725090751634e-09,1.9164538844762546e-09,2.570442192428857e-10,4.234172124029101e-09,3.5297131883993416e-10,6.20844264886955e-10,1.2735357657334134e-08,8.83123352224402e-10,4.018724464316392e-09,5.085725174325262e-10,3.828518391202351e-09,1.8089632569662228e-10,3.36010863577485e-09,7.016758729605499e-09,0.999998927116394
window-612f2d14c5f16f31ae74,400_51387_100909,wineglass,wineglass,0.9999998807907104,True,3.731636527559701e-11,1.0933354666065043e-08,6.426946086435237e-09,1.3412890242925357e-10,1.5169603073683646e-10,5.0317199296046056e-09,2.334207716003789e-09,2.0096994901575016e-10,8.05097377654107e-10,8.507263515866725e-08,6.115685735608167e-09,1.1399885202489912e-10,2.0097147557240902e-10,7.8839490491589e-11,4.972431910665875e-10,1.350206196848447e-10,7.388478717729186e-11,1.3750500738041183e-09,6.236776373125252e-11,6.236838823170388e-10,2.46663162117855e-10,1.9184926980386763e-09,3.229683881444956e-11,4.707184642072093e-10,1.0404257455576271e-09,0.9999998807907104
window-385e6ad6dce2fb564fd9,400_51387_100909,wineglass,wineglass,1.0,True,5.8963164212277874e-12,7.895721854112026e-10,1.0676147743637898e-09,5.403959918437451e-11,3.259935724142515e-11,1.2072258748219156e-09,4.0680686597127647e-10,4.2676008560338374e-11,2.2291984924649455e-10,9.348329887970408e-10,2.8459359313615096e-09,2.7946856634430972e-11,7.737124829709785e-11,1.470080307486299e-11,2.9084490371644733e-10,2.9531221218404013e-11,2.6402685593396313e-11,2.6026553134883557e-10,1.46967368830353e-11,2.266541537787603e-10,6.797244711531647e-11,1.7256790441066983e-10,3.84283403709329e-12,1.4792503333360685e-10,1.7701708154849172e-10,1.0
window-5d1dde152afc845e070a,403_52945_103427,wineglass,wineglass,1.0,True,1.2362893694883859e-11,4.2046949255691857e-10,6.847098443785171e-10,1.7873071078700065e-10,1.699984875092042e-10,1.3292942302456368e-09,6.669341967580067e-09,5.650742027074607e-11,2.5911242595988426e-10,1.3601149539965718e-08,1.486605061273849e-09,1.468601212861742e-10,1.1995889004356997e-10,1.2732339488286115e-11,5.364650390582426e-10,5.7356570881683666e-11,3.046085605973303e-11,6.171660404952206e-10,1.3392127684586086e-11,4.48118521456653e-11,1.4505947831811028e-10,2.3875154631092244e-10,5.527098743962622e-12,1.1400887178769636e-10,5.931165003580929e-10,1.0
window-640aae98264ec32923e3,403_52945_103427,wineglass,wineglass,0.9999998807907104,True,2.0708610173891806e-11,1.2439019814181052e-09,2.72423283931289e-09,2.1508927972035963e-10,1.4714020279971152e-10,3.902179024350971e-09,5.6333777642691985e-09,4.941785869405635e-11,2.78859019209321e-10,1.1191270488097871e-07,1.6369068323029978e-09,2.2538067245836402e-10,2.887714511956574e-10,3.5093612044123645e-11,6.100328020508528e-10,5.2127611255281536e-11,1.1132876565067562e-10,1.0516062465271148e-09,3.452331823194932e-11,1.9877903489895488e-10,1.205711086527117e-10,3.200221476706844e-10,2.982301211540417e-11,2.580869407076136e-10,9.485677798792835e-10,0.9999998807907104
window-fd756cc58ea7bfeb6ade,403_52945_103427,wineglass,wineglass,1.0,True,8.211323981877072e-12,9.715752508077102e-11,9.892216212836757e-11,1.398075960556966e-10,3.272332751991236e-11,2.408697685751804e-10,9.560604530278738e-10,5.822822692763685e-12,1.2407422311788707e-11,1.2364020918198548e-08,3.027430806046283e-10,9.636425338244159e-12,4.928568404088951e-12,1.7212559502710612e-12,1.6874118768939184e-10,1.0688913296141855e-11,2.054419134811525e-12,4.837919648226219e-11,1.541044418809645e-12,1.7279408806580854e-11,1.8449701835732135e-11,1.1920864469161518e-11,1.6058563983775698e-12,3.9118930317272316e-11,4.0267428280671425e-11,1.0
window-6f38b89f3ba8664748ac,403_52945_103427,wineglass,wineglass,1.0,True,4.608773779279929e-11,2.2562113288771002e-10,7.201295670888896e-10,1.0606747424812824e-10,3.1535288269601836e-10,7.868510287778463e-10,1.0917851511749177e-08,5.116327500553908e-11,1.305829749886911e-10,7.824902503728026e-09,8.755717817443553e-10,6.376438960176145e-11,3.870250647741713e-11,7.024843814290582e-12,3.714581420233287e-10,1.0959149560063608e-10,1.4146173815676732e-11,4.1025249863935187e-10,6.378503628057253e-12,6.517276301964969e-11,1.4534362602347528e-10,1.7410126118555524e-10,3.329192607356979e-12,1.9405402285066486e-10,3.35720201638523e-10,1.0
window-ab6586e3e29452bd5e12,482_69023_134346,wineglass,wineglass,1.0,True,2.4275198517997865e-10,2.259950893090945e-09,3.3130636012401737e-09,5.348365084145712e-10,2.395694476131638e-10,4.045415114006801e-09,1.9835006970225777e-09,1.8719174821324458e-10,1.0103136105499289e-09,3.1080342743905476e-09,1.1671619226660823e-08,1.6601074681599215e-10,6.151188447489631e-10,1.3037070034638276e-10,4.705086986689366e-09,3.791242320083654e-10,2.2750262784754227e-10,9.679946844087794e-10,3.4993041797548585e-10,2.9888476138495434e-09,4.5372805512755576e-10,6.76703026947223e-10,1.9939374804045507e-11,9.829158598151366e-10,1.3746175309137243e-09,1.0
window-0d64c2a0438ba3b5df9f,482_69023_134346,wineglass,wineglass,1.0,True,1.9024987141236238e-10,5.414014125904032e-09,5.435680794363407e-09,3.4635994072829135e-10,3.979770957229789e-10,5.0476964830181714e-09,4.339359982452606e-09,2.3119769987367533e-10,1.894804313451459e-09,3.084418054299931e-09,1.1133696631304701e-08,3.04065994605196e-10,9.170367243349631e-10,2.1033892683153255e-10,4.01636102154157e-09,5.202424602224198e-10,4.503826200874528e-10,1.808624583432561e-09,3.3362773654843636e-10,4.075518589274907e-09,6.970661825533853e-10,1.3085131866930055e-09,5.804595692993075e-11,1.2190427556291183e-09,2.0065293870885625e-09,1.0
window-d583549861494936cafd,482_69023_134346,wineglass,wineglass,1.0,True,1.1770374952480012e-10,5.211405085248089e-09,7.734034745965346e-09,3.5441810597447443e-10,6.726584844685135e-10,3.751923660644252e-09,3.284028604610967e-09,2.2159002410759854e-10,2.0489163699011215e-09,8.279195995442024e-09,6.247343975473996e-09,4.996733027340383e-10,1.3683549848764187e-09,4.550506083056405e-10,2.9574203086468742e-09,3.8027136994855937e-10,5.919038592594461e-10,2.1596830990233684e-09,3.0285396412921273e-10,4.580341439464064e-09,8.168686282949977e-10,1.4775535239763826e-09,7.928011719338102e-11,1.3520675690159578e-09,2.415544653189272e-09,1.0
window-77a727e639a2ebd986fd,482_69023_134346,wineglass,wineglass,1.0,True,1.2634274182410365e-10,5.8552069859274525e-09,9.462175043495336e-09,4.75328831850419e-10,6.236934857462018e-10,4.782090279320528e-09,3.3559872658628365e-09,2.2799914733973026e-10,2.796736175980641e-09,1.650145975418127e-08,7.1827530589985145e-09,6.570726185373132e-10,1.6453398643534456e-09,6.230217453051523e-10,3.9643026639168966e-09,3.548686067222917e-10,6.28460505858186e-10,2.276724586636192e-09,3.3097649621005587e-10,4.874538994670274e-09,8.88729256853793e-10,1.9529504680093623e-09,9.648237764281475e-11,2.216577588143309e-09,2.8798672335739184e-09,1.0
window-942989f8301f68b53528,514_73689_143350,wineglass,wineglass,0.9999849796295166,True,1.8978356663978957e-09,6.636307716689771e-07,1.5674513065278006e-07,5.670055998052703e-06,5.393597461988975e-07,8.257911332520962e-08,6.197809199193216e-08,1.411111227866968e-08,7.562720227838327e-09,6.124960094666676e-08,3.432679918091708e-08,8.655335115292928e-09,8.435713461096839e-09,3.5761102412656953e-10,7.534849544299504e-08,1.5020082955174985e-08,5.787199608420224e-10,7.550985174020752e-06,7.337933283224629e-08,1.7312132172264683e-08,4.497786143531357e-09,3.605984133514539e-08,1.0426073338010156e-09,4.970483136190751e-09,1.6659777557492816e-08,0.9999849796295166
window-8e5e0e3a932a260b16d5,514_73689_143350,wineglass,wineglass,1.0,True,7.517336938751926e-15,6.568692811903531e-11,6.185807942260535e-12,4.264246507984515e-12,2.9764695482631387e-12,2.5479802295835796e-11,1.0610511080866303e-10,1.6896057578215384e-13,5.711652938805711e-14,1.0048384346816874e-09,9.867406371155685e-13,3.034768616960726e-13,8.41941154381548e-13,5.979755299050874e-15,1.9202181077843106e-12,4.815633026893085e-14,7.438608783843018e-14,5.034681699322974e-11,1.1352696533501946e-13,1.0247180708133907e-12,1.3717527547890684e-12,1.612793557558001e-12,1.167505660562302e-14,2.829233158516131e-13,1.944005720289077e-12,1.0
window-f933788d882d1e273513,514_73689_143350,wineglass,wineglass,1.0,True,9.661602247412748e-12,3.268437520631551e-09,5.719240636636869e-10,6.491016613097145e-10,1.1475073335986963e-08,2.4792932151740388e-09,1.6904223798519524e-08,2.88212426147183e-10,7.625592379767454e-10,2.5272670622911164e-09,2.528858233930009e-09,2.788595743208333e-10,3.06485115064703e-11,1.1441224703756525e-11,5.417275517061171e-10,4.467603176294688e-09,2.333901735068755e-12,1.60150399608483e-08,7.258450784863868e-11,1.0050794224669701e-10,6.186359868820546e-09,6.687643772096408e-10,2.532271701355393e-12,7.071360857979769e-11,7.862659412438688e-10,1.0
window-238d6e38f36587fd2ad4,514_73689_143350,wineglass,wineglass,1.0,True,3.8560662468818934e-15,1.1914976817684053e-11,2.8731747883647962e-12,2.1519237943228714e-13,3.670011614487906e-13,2.177295236466259e-12,5.934881926183966e-12,4.515876876002439e-14,4.6368941672425557e-14,5.3177951625515973e-11,7.242902458348688e-12,6.77972895922821e-14,7.384607384136946e-14,4.4500197255402385e-15,6.81452886740902e-13,2.4061854668033095e-14,1.6369247130736467e-14,4.007226408336839e-12,5.0410159580698347e-14,6.699966102752253e-13,2.814679099603229e-13,7.156141456320098e-13,2.5286478809547364e-15,9.008343116595485e-14,3.477985857213567e-13,1.0
window-982a667110374f4cf755,606_95085_191490,wineglass,wineglass,0.9654591679573059,True,1.4409667983272811e-06,1.1625030538198189e-06,3.3063488444895484e-06,1.9090518321718264e-07,1.5769563788126106e-06,0.034341465681791306,5.560417775996029e-06,3.712232228281209e-07,8.742607064959884e-07,1.2985546163690742e-05,0.00013647862942889333,7.339212260148997e-08,3.0702683488925686e-06,7.130960000267805e-08,7.256628123286646e-06,3.944149284507148e-06,1.197664687424549e-07,5.352207608666504e-06,1.6580483475081564e-07,1.9297829112474574e-06,6.462854003075336e-07,1.1596600415941793e-05,9.563852643168502e-08,3.0028360242795316e-07,9.284648854190891e-07,0.9654591679573059
window-ebb9b7b3222b0730ef02,606_95085_191490,wineglass,wineglass,0.8824505805969238,True,8.113984790725226e-07,1.7806305550038815e-05,2.1432863377413014e-06,8.601303989053122e-07,1.918179350468563e-06,0.11723126471042633,3.124242721241899e-05,5.445757551569841e-07,2.6888474167208187e-06,1.2433318261173554e-05,0.0001603408163646236,9.448211812923546e-08,1.2416531944836606e-06,1.5534504882452893e-07,1.0710822607506998e-05,6.3436104937864e-06,2.3773334589805017e-07,3.0699651688337326e-05,8.435809490947577e-07,1.513133156549884e-06,1.944473297044169e-06,3.008233215950895e-05,4.997524527539099e-08,7.819113534424105e-07,2.718167024795548e-06,0.8824505805969238
window-1b9e94a6efc89b4c0696,606_95085_191490,wineglass,wineglass,0.9997896552085876,True,1.9597864664433473e-08,1.0949403161930604e-07,4.306069172343996e-07,3.458992736682376e-08,1.2427561557615263e-07,0.0002012831246247515,1.2478350299716112e-06,1.8151562031221147e-08,6.074299818692452e-08,1.5433027300559843e-08,5.207550202612765e-06,7.490533526777199e-09,1.8941275925499212e-07,5.386324275491461e-09,1.7384806483278226e-07,1.7352623160604708e-07,1.0169138420224044e-08,8.46048237690411e-07,1.338777355641696e-08,2.2435179403146321e-07,2.4262941877850608e-08,3.594567843379082e-08,4.632730643550076e-09,2.6594467072982297e-08,1.1150994794206781e-07,0.9997896552085876
window-c8918d66a0d4fea83df1,606_95085_191490,wineglass,wineglass,0.9992221593856812,True,2.8770566018465615e-07,9.540564178678324e-07,1.0241667951049749e-05,8.064381518124719e-07,3.990949608123628e-06,0.0006774599896743894,8.691609764355235e-06,3.7557688870037964e-07,7.903749974502716e-07,1.2052194051648257e-06,8.23000846139621e-06,4.2209447315144644e-07,2.8387732982082525e-06,4.364091239494883e-07,6.782337095501134e-06,2.3653738026041538e-06,5.034817149862647e-07,3.6281897337175906e-05,1.0267715424561175e-06,1.1261151485086884e-05,5.760336421190004e-07,3.6070858300263353e-07,2.1894214796702727e-07,2.7340274755260907e-07,1.4760009889869252e-06,0.9992221593856812
